,60/40,60/40,100% stock,100% stock,Unconditional MV,Unconditional MV,Vol-managed,Vol-managed,Trend 10m (cash),Trend 10m (cash),Trend 10m (bonds),Trend 10m (bonds),TSMOM 12m,TSMOM 12m,Risk parity,Risk parity,JM (equity/cash),JM (equity/cash),JM (60/40 or cash),JM (60/40 or cash),"HMM[rv,K=2,myopic]","HMM[rv,K=2,myopic]","HMM[rv,K=2,switch]","HMM[rv,K=2,switch]","HMM[rv,K=3,myopic]","HMM[rv,K=3,myopic]","HMM[rv,K=3,switch]","HMM[rv,K=3,switch]","HMM[rv,K=bic,myopic]","HMM[rv,K=bic,myopic]","HMM[rv,K=bic,switch]","HMM[rv,K=bic,switch]","HMM[rv,K=2,band,flat10]","HMM[rv,K=2,band,flat10]","HMM[rv,K=2,band,jones]","HMM[rv,K=2,band,jones]","HMM[rv_term,K=2,myopic]","HMM[rv_term,K=2,myopic]","HMM[rv_term,K=2,switch]","HMM[rv_term,K=2,switch]","HMM[rv_term,K=3,myopic]","HMM[rv_term,K=3,myopic]","HMM[rv_term,K=3,switch]","HMM[rv_term,K=3,switch]","HMM[rv_term,K=bic,myopic]","HMM[rv_term,K=bic,myopic]","HMM[rv_term,K=bic,switch]","HMM[rv_term,K=bic,switch]","HMM[rv_term,K=2,band,flat10]","HMM[rv_term,K=2,band,flat10]","HMM[rv_term,K=2,band,jones]","HMM[rv_term,K=2,band,jones]","HMM[rv_term_def,K=2,myopic]","HMM[rv_term_def,K=2,myopic]","HMM[rv_term_def,K=2,switch]","HMM[rv_term_def,K=2,switch]","HMM[rv_term_def,K=3,myopic]","HMM[rv_term_def,K=3,myopic]","HMM[rv_term_def,K=3,switch]","HMM[rv_term_def,K=3,switch]","HMM[rv_term_def,K=bic,myopic]","HMM[rv_term_def,K=bic,myopic]","HMM[rv_term_def,K=bic,switch]","HMM[rv_term_def,K=bic,switch]","HMM[rv_term_def,K=2,band,flat10]","HMM[rv_term_def,K=2,band,flat10]","HMM[rv_term_def,K=2,band,jones]","HMM[rv_term_def,K=2,band,jones]","HMM[macro4,K=2,myopic]","HMM[macro4,K=2,myopic]","HMM[macro4,K=2,switch]","HMM[macro4,K=2,switch]","HMM[macro4,K=3,myopic]","HMM[macro4,K=3,myopic]","HMM[macro4,K=3,switch]","HMM[macro4,K=3,switch]","HMM[macro4,K=bic,myopic]","HMM[macro4,K=bic,myopic]","HMM[macro4,K=bic,switch]","HMM[macro4,K=bic,switch]","HMM[macro4,K=2,band,flat10]","HMM[macro4,K=2,band,flat10]","HMM[macro4,K=2,band,jones]","HMM[macro4,K=2,band,jones]","HMM[returns,K=2,myopic]","HMM[returns,K=2,myopic]","HMM[returns,K=2,switch]","HMM[returns,K=2,switch]","HMM[returns,K=3,myopic]","HMM[returns,K=3,myopic]","HMM[returns,K=3,switch]","HMM[returns,K=3,switch]","HMM[returns,K=bic,myopic]","HMM[returns,K=bic,myopic]","HMM[returns,K=bic,switch]","HMM[returns,K=bic,switch]","HMM[returns,K=2,band,flat10]","HMM[returns,K=2,band,flat10]","HMM[returns,K=2,band,jones]","HMM[returns,K=2,band,jones]","HMM[rv_term_def,K=2,myopic] full_smoothed","HMM[rv_term_def,K=2,myopic] full_smoothed","HMM[rv_term_def,K=2,myopic] full_filtered","HMM[rv_term_def,K=2,myopic] full_filtered","HMM[returns,K=2,myopic] full_smoothed","HMM[returns,K=2,myopic] full_smoothed","HMM[returns,K=2,myopic] full_filtered","HMM[returns,K=2,myopic] full_filtered"
,stock,bond,stock,bond,stock,bond,stock,bond,stock,bond,stock,bond,stock,bond,stock,bond,stock,bond,stock,bond,stock,bond,stock,bond,stock,bond,stock,bond,stock,bond,stock,bond,stock,bond,stock,bond,stock,bond,stock,bond,stock,bond,stock,bond,stock,bond,stock,bond,stock,bond,stock,bond,stock,bond,stock,bond,stock,bond,stock,bond,stock,bond,stock,bond,stock,bond,stock,bond,stock,bond,stock,bond,stock,bond,stock,bond,stock,bond,stock,bond,stock,bond,stock,bond,stock,bond,stock,bond,stock,bond,stock,bond,stock,bond,stock,bond,stock,bond,stock,bond,stock,bond,stock,bond,stock,bond,stock,bond
1946-12-31,0.6,0.4,1.0,0.0,0.1,0.9,0.12748556035369774,0.0,0.0,0.0,0.0,1.0,0.0,0.0,0.14920341131216222,0.8507965886878377,0.0,0.0,0.0,0.0,0.0,1.0,0.0,0.0,0.1,0.9,0.0,0.0,0.1,0.9,0.0,0.0,0.0,1.0,0.0,1.0,0.1,0.9,0.0,0.0,0.0,1.0,0.0,0.0,0.0,1.0,0.0,0.0,0.1,0.9,0.1,0.9,0.1,0.9,0.0,0.0,0.7,0.3,1.0,0.0,1.0,0.0,1.0,0.0,0.1,0.9,0.1,0.9,0.3,0.7,1.0,0.0,0.7,0.3,1.0,0.0,0.3,0.7,1.0,0.0,0.3,0.7,0.3,0.7,0.5,0.5,1.0,0.0,0.1,0.9,0.0,0.0,0.1,0.9,0.0,0.0,0.6,0.4,0.5,0.5,0.7,0.0,0.7,0.0,1.0,0.0,1.0,0.0
1947-01-31,0.6,0.4,1.0,0.0,0.1,0.9,0.1745116003714955,0.0,0.0,0.0,0.0,1.0,0.0,0.0,0.1497464585336024,0.8502535414663976,1.0,0.0,0.6,0.4,0.1,0.9,1.0,0.0,0.7,0.3,0.0,0.0,0.7,0.3,0.0,0.0,0.1,0.9,0.0,1.0,0.1,0.9,0.0,0.0,0.0,1.0,0.0,0.0,0.5,0.5,1.0,0.0,0.1,0.9,0.1,0.9,0.1,0.9,0.0,0.0,0.7,0.3,1.0,0.0,1.0,0.0,1.0,0.0,0.1,0.9,0.1,0.9,0.3,0.7,1.0,0.0,0.7,0.3,1.0,0.0,0.3,0.7,1.0,0.0,0.3,0.7,0.3,0.7,0.7,0.3,1.0,0.0,0.1,0.9,0.0,0.0,0.1,0.9,0.0,0.0,0.7,0.3,0.5,0.5,0.7,0.0,0.7,0.0,1.0,0.0,1.0,0.0
1947-02-28,0.6,0.4,1.0,0.0,0.1,0.9,0.27607618113010873,0.0,0.0,0.0,0.0,1.0,0.0,0.0,0.14930156850067605,0.8506984314993239,0.0,0.0,0.0,0.0,1.0,0.0,1.0,0.0,0.8,0.2,0.0,0.0,0.8,0.2,0.0,0.0,1.0,0.0,0.9,0.1,0.1,0.9,0.0,0.0,0.0,1.0,0.0,0.0,0.9,0.1,1.0,0.0,0.1,0.9,0.1,0.9,0.1,0.9,0.0,0.0,0.7,0.3,1.0,0.0,1.0,0.0,1.0,0.0,0.1,0.9,0.1,0.9,0.2,0.8,1.0,0.0,0.7,0.3,1.0,0.0,0.3,0.7,0.0,0.0,0.3,0.7,0.3,0.7,0.8,0.2,1.0,0.0,0.3,0.7,0.0,0.0,0.3,0.7,0.0,0.0,0.7,0.3,0.5,0.5,0.7,0.0,0.7,0.0,1.0,0.0,1.0,0.0
1947-03-31,0.6,0.4,1.0,0.0,0.1,0.9,0.14290167760892694,0.0,0.0,0.0,0.0,1.0,0.0,0.0,0.14859611332105188,0.8514038866789481,0.0,0.0,0.0,0.0,1.0,0.0,1.0,0.0,0.8,0.2,0.0,0.0,0.8,0.2,0.0,0.0,1.0,0.0,1.0,0.0,0.1,0.9,0.0,0.0,0.0,1.0,0.0,0.0,0.9,0.1,1.0,0.0,0.1,0.9,0.1,0.9,0.1,0.9,0.0,0.0,0.7,0.3,1.0,0.0,1.0,0.0,1.0,0.0,0.1,0.9,0.1,0.9,0.1,0.9,0.0,0.0,0.7,0.3,1.0,0.0,0.3,0.7,0.0,0.0,0.2,0.8,0.3,0.7,0.8,0.2,1.0,0.0,0.7,0.3,0.0,0.0,0.7,0.3,0.0,0.0,0.7,0.3,0.5,0.5,0.7,0.0,0.7,0.0,1.0,0.0,1.0,0.0
1947-04-30,0.6,0.4,1.0,0.0,0.1,0.9,0.14468224301877725,0.0,0.0,0.0,0.0,1.0,0.0,0.0,0.1474072743446894,0.8525927256553105,0.0,0.0,0.0,0.0,1.0,0.0,1.0,0.0,0.8,0.2,0.0,0.0,0.8,0.2,0.0,0.0,1.0,0.0,1.0,0.0,0.1,0.9,0.0,0.0,0.0,1.0,0.0,0.0,0.9,0.1,1.0,0.0,0.1,0.9,0.1,0.9,0.1,0.9,0.0,0.0,0.7,0.3,1.0,0.0,1.0,0.0,1.0,0.0,0.1,0.9,0.1,0.9,0.2,0.8,1.0,0.0,0.7,0.3,1.0,0.0,0.3,0.7,1.0,0.0,0.2,0.8,0.3,0.7,0.6,0.4,1.0,0.0,0.2,0.8,0.0,0.0,0.2,0.8,0.0,0.0,0.7,0.3,0.5,0.5,0.7,0.0,0.7,0.0,1.0,0.0,1.0,0.0
1947-05-31,0.6,0.4,1.0,0.0,0.1,0.9,0.1422988747940334,0.0,0.0,0.0,0.0,1.0,0.0,0.0,0.14869493598930952,0.8513050640106906,0.0,0.0,0.0,0.0,1.0,0.0,1.0,0.0,0.8,0.2,0.0,0.0,0.8,0.2,0.0,0.0,1.0,0.0,1.0,0.0,0.1,0.9,0.0,0.0,0.0,1.0,0.0,0.0,0.9,0.1,1.0,0.0,0.1,0.9,0.1,0.9,0.1,0.9,0.0,0.0,0.7,0.3,1.0,0.0,1.0,0.0,1.0,0.0,0.1,0.9,0.1,0.9,0.2,0.8,0.0,0.0,0.7,0.3,1.0,0.0,0.3,0.7,0.0,0.0,0.2,0.8,0.3,0.7,0.7,0.3,1.0,0.0,0.4,0.6,0.0,0.0,0.4,0.6,0.0,0.0,0.7,0.3,0.5,0.5,0.7,0.0,0.7,0.0,1.0,0.0,1.0,0.0
1947-06-30,0.6,0.4,1.0,0.0,0.1,0.9,0.19385858916145277,0.0,1.0,0.0,1.0,0.0,0.0,0.0,0.1488542969105738,0.8511457030894263,1.0,0.0,0.6,0.4,1.0,0.0,1.0,0.0,0.8,0.2,0.0,0.0,0.8,0.2,0.0,0.0,1.0,0.0,1.0,0.0,0.1,0.9,0.0,0.0,0.0,1.0,0.0,0.0,0.9,0.1,1.0,0.0,0.1,0.9,0.1,0.9,0.1,0.9,0.0,0.0,0.7,0.3,1.0,0.0,1.0,0.0,1.0,0.0,0.1,0.9,0.1,0.9,0.1,0.9,0.0,0.0,0.7,0.3,1.0,0.0,0.3,0.7,0.0,0.0,0.2,0.8,0.2,0.8,0.8,0.2,1.0,0.0,1.0,0.0,1.0,0.0,1.0,0.0,1.0,0.0,0.7,0.3,0.5,0.5,0.7,0.0,0.7,0.0,1.0,0.0,1.0,0.0
1947-07-31,0.6,0.4,1.0,0.0,0.1,0.9,0.18500105638242018,0.0,1.0,0.0,1.0,0.0,0.0,0.0,0.14873403854019315,0.8512659614598068,1.0,0.0,0.6,0.4,1.0,0.0,1.0,0.0,0.8,0.2,0.0,0.0,0.8,0.2,0.0,0.0,1.0,0.0,1.0,0.0,0.1,0.9,0.0,0.0,0.0,1.0,0.0,0.0,0.8,0.2,1.0,0.0,0.1,0.9,0.1,0.9,0.1,0.9,0.0,0.0,0.7,0.3,1.0,0.0,1.0,0.0,1.0,0.0,0.1,0.9,0.1,0.9,0.1,0.9,0.0,0.0,0.7,0.3,1.0,0.0,0.3,0.7,1.0,0.0,0.2,0.8,0.2,0.8,0.8,0.2,1.0,0.0,1.0,0.0,1.0,0.0,1.0,0.0,1.0,0.0,0.7,0.3,0.5,0.5,0.7,0.0,0.7,0.0,1.0,0.0,1.0,0.0
1947-08-31,0.6,0.4,1.0,0.0,0.1,0.9,0.3861321775268986,0.0,1.0,0.0,1.0,0.0,0.0,0.0,0.1486707932542576,0.8513292067457425,0.0,0.0,0.0,0.0,1.0,0.0,1.0,0.0,1.0,0.0,0.0,0.0,1.0,0.0,0.0,0.0,1.0,0.0,1.0,0.0,0.1,0.9,0.0,0.0,0.0,1.0,0.0,0.0,0.6,0.4,1.0,0.0,0.1,0.9,0.1,0.9,0.1,0.9,0.0,0.0,0.7,0.3,1.0,0.0,1.0,0.0,1.0,0.0,0.1,0.9,0.1,0.9,0.2,0.8,0.0,0.0,0.7,0.3,1.0,0.0,0.3,0.7,1.0,0.0,0.2,0.8,0.2,0.8,0.8,0.2,1.0,0.0,0.1,0.9,0.0,0.0,0.1,0.9,0.0,0.0,0.7,0.3,0.5,0.5,0.7,0.0,0.7,0.0,1.0,0.0,1.0,0.0
1947-09-30,0.6,0.4,1.0,0.0,0.1,0.9,0.2666026532133377,0.0,1.0,0.0,1.0,0.0,1.0,0.0,0.15043777000766384,0.8495622299923361,0.0,0.0,0.0,0.0,1.0,0.0,1.0,0.0,1.0,0.0,0.0,0.0,1.0,0.0,0.0,0.0,1.0,0.0,1.0,0.0,0.1,0.9,0.0,0.0,0.0,1.0,0.0,0.0,0.2,0.8,1.0,0.0,0.1,0.9,0.1,0.9,0.1,0.9,0.0,0.0,0.7,0.3,1.0,0.0,1.0,0.0,1.0,0.0,0.1,0.9,0.1,0.9,0.3,0.7,1.0,0.0,0.7,0.3,1.0,0.0,0.3,0.7,1.0,0.0,0.3,0.7,0.2,0.8,0.7,0.3,1.0,0.0,0.1,0.9,0.0,0.0,0.1,0.9,0.0,0.0,0.7,0.3,0.5,0.5,0.7,0.0,0.7,0.0,1.0,0.0,1.0,0.0
1947-10-31,0.6,0.4,1.0,0.0,0.1,0.9,0.3589045385574182,0.0,1.0,0.0,1.0,0.0,1.0,0.0,0.15171790341760238,0.8482820965823976,0.0,0.0,0.0,0.0,1.0,0.0,1.0,0.0,1.0,0.0,1.0,0.0,1.0,0.0,1.0,0.0,1.0,0.0,1.0,0.0,0.1,0.9,0.0,0.0,0.0,1.0,0.0,0.0,0.1,0.9,1.0,0.0,0.1,0.9,0.1,0.9,0.1,0.9,0.0,0.0,0.7,0.3,1.0,0.0,1.0,0.0,1.0,0.0,0.1,0.9,0.1,0.9,0.3,0.7,1.0,0.0,0.7,0.3,1.0,0.0,0.3,0.7,1.0,0.0,0.3,0.7,0.3,0.7,0.7,0.3,1.0,0.0,0.1,0.9,0.0,0.0,0.1,0.9,0.0,0.0,0.7,0.3,0.5,0.5,0.7,0.0,0.7,0.0,1.0,0.0,1.0,0.0
1947-11-30,0.6,0.4,1.0,0.0,0.1,0.9,0.9294279746072671,0.0,1.0,0.0,1.0,0.0,1.0,0.0,0.1632644044811973,0.8367355955188026,0.0,0.0,0.0,0.0,1.0,0.0,1.0,0.0,1.0,0.0,1.0,0.0,1.0,0.0,1.0,0.0,1.0,0.0,1.0,0.0,0.1,0.9,0.0,0.0,0.0,1.0,0.0,0.0,0.5,0.5,1.0,0.0,0.1,0.9,0.1,0.9,0.1,0.9,0.0,0.0,0.7,0.3,1.0,0.0,1.0,0.0,1.0,0.0,0.1,0.9,0.1,0.9,0.3,0.7,1.0,0.0,0.7,0.3,1.0,0.0,0.3,0.7,0.0,0.0,0.3,0.7,0.3,0.7,0.0,1.0,0.0,0.0,0.0,1.0,0.0,0.0,0.0,1.0,0.0,0.0,0.0,1.0,0.1,0.7,0.7,0.0,0.7,0.0,1.0,0.0,1.0,0.0
1947-12-31,0.6,0.4,1.0,0.0,0.1,0.9,0.3527940297473357,0.0,1.0,0.0,1.0,0.0,1.0,0.0,0.17605742389223542,0.8239425761077647,1.0,0.0,0.6,0.4,1.0,0.0,1.0,0.0,1.0,0.0,1.0,0.0,1.0,0.0,1.0,0.0,1.0,0.0,1.0,0.0,0.1,0.9,0.0,0.0,0.0,1.0,1.0,0.0,0.9,0.1,1.0,0.0,0.1,0.9,0.1,0.9,0.6,0.4,1.0,0.0,0.7,0.3,1.0,0.0,1.0,0.0,1.0,0.0,0.6,0.4,0.5,0.5,0.6,0.4,1.0,0.0,1.0,0.0,1.0,0.0,0.4,0.6,1.0,0.0,0.6,0.4,0.5,0.5,0.0,1.0,0.0,0.0,0.0,1.0,0.0,0.0,0.0,1.0,0.0,0.0,0.0,1.0,0.0,0.7,0.7,0.0,0.7,0.0,1.0,0.0,1.0,0.0
1948-01-31,0.6,0.4,1.0,0.0,0.1,0.9,0.303114011817363,0.0,1.0,0.0,1.0,0.0,0.0,0.0,0.17089792856342753,0.8291020714365724,0.0,0.0,0.0,0.0,1.0,0.0,1.0,0.0,1.0,0.0,1.0,0.0,1.0,0.0,1.0,0.0,1.0,0.0,1.0,0.0,0.1,0.9,0.0,0.0,0.0,1.0,1.0,0.0,0.9,0.1,1.0,0.0,0.1,0.9,0.1,0.9,0.6,0.4,1.0,0.0,0.7,0.3,1.0,0.0,1.0,0.0,1.0,0.0,0.6,0.4,0.5,0.5,0.6,0.4,1.0,0.0,1.0,0.0,1.0,0.0,0.4,0.6,1.0,0.0,0.6,0.4,0.5,0.5,0.0,1.0,0.0,0.0,0.1,0.9,0.0,0.0,0.1,0.9,0.0,0.0,0.0,1.0,0.0,0.7,0.7,0.0,0.7,0.0,1.0,0.0,1.0,0.0
1948-02-29,0.6,0.4,1.0,0.0,0.1,0.9,0.1789289663443557,0.0,0.0,0.0,0.0,1.0,0.0,0.0,0.17104883278601146,0.8289511672139884,0.0,0.0,0.0,0.0,1.0,0.0,1.0,0.0,1.0,0.0,1.0,0.0,1.0,0.0,1.0,0.0,1.0,0.0,1.0,0.0,0.1,0.9,0.0,0.0,0.0,1.0,1.0,0.0,0.9,0.1,1.0,0.0,0.1,0.9,0.1,0.9,0.6,0.4,1.0,0.0,0.7,0.3,1.0,0.0,1.0,0.0,1.0,0.0,0.6,0.4,0.5,0.5,0.6,0.4,1.0,0.0,1.0,0.0,1.0,0.0,0.4,0.6,1.0,0.0,0.6,0.4,0.5,0.5,0.1,0.9,1.0,0.0,0.0,1.0,0.0,0.0,0.0,1.0,0.0,0.0,0.1,0.9,0.1,0.7,0.7,0.0,0.7,0.0,1.0,0.0,1.0,0.0
1948-03-31,0.6,0.4,1.0,0.0,0.1,0.9,0.16906219515510937,0.0,1.0,0.0,1.0,0.0,1.0,0.0,0.1672294181251182,0.8327705818748817,1.0,0.0,0.6,0.4,1.0,0.0,1.0,0.0,1.0,0.0,0.0,0.0,1.0,0.0,0.0,0.0,1.0,0.0,1.0,0.0,0.1,0.9,0.0,0.0,0.0,1.0,1.0,0.0,0.9,0.1,1.0,0.0,0.1,0.9,0.1,0.9,0.6,0.4,1.0,0.0,0.7,0.3,1.0,0.0,1.0,0.0,1.0,0.0,0.6,0.4,0.5,0.5,0.6,0.4,1.0,0.0,1.0,0.0,1.0,0.0,0.4,0.6,1.0,0.0,0.6,0.4,0.5,0.5,0.4,0.6,1.0,0.0,0.2,0.8,0.0,0.0,0.2,0.8,0.0,0.0,0.3,0.7,0.3,0.7,0.7,0.0,0.7,0.0,1.0,0.0,0.9,0.1
1948-04-30,0.6,0.4,1.0,0.0,0.1,0.9,0.6841093290553463,0.0,1.0,0.0,1.0,0.0,1.0,0.0,0.16637224656348037,0.8336277534365197,1.0,0.0,0.6,0.4,1.0,0.0,1.0,0.0,1.0,0.0,1.0,0.0,1.0,0.0,1.0,0.0,1.0,0.0,1.0,0.0,0.1,0.9,0.0,0.0,0.0,1.0,1.0,0.0,0.9,0.1,1.0,0.0,0.1,0.9,0.1,0.9,0.6,0.4,1.0,0.0,0.7,0.3,1.0,0.0,1.0,0.0,1.0,0.0,0.6,0.4,0.5,0.5,0.6,0.4,1.0,0.0,1.0,0.0,1.0,0.0,0.4,0.6,1.0,0.0,0.6,0.4,0.5,0.5,0.7,0.3,1.0,0.0,0.8,0.2,1.0,0.0,0.8,0.2,1.0,0.0,0.7,0.3,0.5,0.5,0.7,0.0,0.7,0.0,1.0,0.0,1.0,0.0
1948-05-31,0.6,0.4,1.0,0.0,0.1,0.9,0.28681381655046634,0.0,1.0,0.0,1.0,0.0,1.0,0.0,0.165590560955784,0.834409439044216,1.0,0.0,0.6,0.4,1.0,0.0,1.0,0.0,1.0,0.0,1.0,0.0,1.0,0.0,1.0,0.0,1.0,0.0,1.0,0.0,0.1,0.9,0.0,0.0,0.0,1.0,1.0,0.0,0.9,0.1,1.0,0.0,0.1,0.9,0.1,0.9,0.6,0.4,1.0,0.0,0.7,0.3,1.0,0.0,1.0,0.0,1.0,0.0,0.6,0.4,0.5,0.5,0.6,0.4,1.0,0.0,1.0,0.0,1.0,0.0,0.4,0.6,1.0,0.0,0.6,0.4,0.5,0.5,0.6,0.4,1.0,0.0,0.0,1.0,0.0,0.0,0.0,1.0,0.0,0.0,0.7,0.3,0.5,0.5,0.7,0.0,0.7,0.0,1.0,0.0,1.0,0.0
1948-06-30,0.6,0.4,1.0,0.0,0.1,0.9,0.4045718747690637,0.0,1.0,0.0,1.0,0.0,1.0,0.0,0.1617118268182995,0.8382881731817005,1.0,0.0,0.6,0.4,1.0,0.0,1.0,0.0,1.0,0.0,1.0,0.0,1.0,0.0,1.0,0.0,1.0,0.0,1.0,0.0,0.1,0.9,0.0,0.0,0.0,1.0,1.0,0.0,0.9,0.1,1.0,0.0,0.1,0.9,0.1,0.9,0.6,0.4,1.0,0.0,0.7,0.3,1.0,0.0,1.0,0.0,1.0,0.0,0.6,0.4,0.5,0.5,0.6,0.4,1.0,0.0,1.0,0.0,1.0,0.0,0.4,0.6,1.0,0.0,0.6,0.4,0.5,0.5,0.5,0.5,1.0,0.0,0.0,1.0,0.0,0.0,0.0,1.0,0.0,0.0,0.7,0.3,0.5,0.5,0.7,0.0,0.7,0.0,1.0,0.0,1.0,0.0
1948-07-31,0.6,0.4,1.0,0.0,0.1,0.9,0.12692720916094996,0.0,1.0,0.0,1.0,0.0,1.0,0.0,0.157130159291559,0.8428698407084411,0.0,0.0,0.0,0.0,1.0,0.0,1.0,0.0,1.0,0.0,1.0,0.0,1.0,0.0,1.0,0.0,1.0,0.0,1.0,0.0,0.1,0.9,0.0,0.0,0.0,1.0,1.0,0.0,0.9,0.1,1.0,0.0,0.1,0.9,0.1,0.9,0.6,0.4,1.0,0.0,0.7,0.3,1.0,0.0,1.0,0.0,1.0,0.0,0.6,0.4,0.5,0.5,0.6,0.4,1.0,0.0,1.0,0.0,1.0,0.0,0.4,0.6,1.0,0.0,0.6,0.4,0.5,0.5,0.5,0.5,1.0,0.0,0.0,1.0,0.0,0.0,0.0,1.0,0.0,0.0,0.6,0.4,0.5,0.5,0.7,0.0,0.7,0.0,1.0,0.0,1.0,0.0
1948-08-31,0.6,0.4,1.0,0.0,0.1,0.9,0.4035033080224589,0.0,1.0,0.0,1.0,0.0,1.0,0.0,0.16006773747980318,0.8399322625201969,0.0,0.0,0.0,0.0,1.0,0.0,1.0,0.0,1.0,0.0,1.0,0.0,1.0,0.0,1.0,0.0,1.0,0.0,1.0,0.0,0.1,0.9,0.0,0.0,0.0,1.0,1.0,0.0,0.9,0.1,1.0,0.0,0.1,0.9,0.1,0.9,0.6,0.4,1.0,0.0,0.7,0.3,1.0,0.0,1.0,0.0,1.0,0.0,0.6,0.4,0.5,0.5,0.6,0.4,1.0,0.0,1.0,0.0,1.0,0.0,0.4,0.6,1.0,0.0,0.6,0.4,0.5,0.5,0.7,0.3,1.0,0.0,0.2,0.8,0.0,0.0,0.2,0.8,0.0,0.0,0.7,0.3,0.5,0.5,0.7,0.0,0.7,0.0,1.0,0.0,1.0,0.0
1948-09-30,0.6,0.4,1.0,0.0,0.1,0.9,0.14711874093590716,0.0,0.0,0.0,0.0,1.0,1.0,0.0,0.16025025830721842,0.8397497416927815,0.0,0.0,0.0,0.0,1.0,0.0,1.0,0.0,1.0,0.0,0.0,0.0,1.0,0.0,0.0,0.0,1.0,0.0,1.0,0.0,0.1,0.9,0.0,0.0,0.0,1.0,1.0,0.0,0.9,0.1,1.0,0.0,0.1,0.9,0.1,0.9,0.6,0.4,1.0,0.0,0.7,0.3,1.0,0.0,1.0,0.0,1.0,0.0,0.6,0.4,0.5,0.5,0.6,0.4,1.0,0.0,1.0,0.0,1.0,0.0,0.4,0.6,1.0,0.0,0.6,0.4,0.5,0.5,0.8,0.2,1.0,0.0,0.4,0.6,0.0,0.0,0.4,0.6,0.0,0.0,0.7,0.3,0.5,0.5,0.7,0.0,0.7,0.0,1.0,0.0,1.0,0.0
1948-10-31,0.6,0.4,1.0,0.0,0.1,0.9,0.4417725987376463,0.0,1.0,0.0,1.0,0.0,1.0,0.0,0.15590035787089002,0.8440996421291099,0.0,0.0,0.0,0.0,1.0,0.0,1.0,0.0,1.0,0.0,1.0,0.0,1.0,0.0,1.0,0.0,1.0,0.0,1.0,0.0,0.1,0.9,0.0,0.0,0.0,1.0,1.0,0.0,0.9,0.1,1.0,0.0,0.1,0.9,0.1,0.9,0.6,0.4,1.0,0.0,0.7,0.3,1.0,0.0,1.0,0.0,1.0,0.0,0.6,0.4,0.5,0.5,0.6,0.4,1.0,0.0,1.0,0.0,1.0,0.0,0.4,0.6,0.0,0.0,0.6,0.4,0.5,0.5,0.8,0.2,1.0,0.0,0.9,0.1,1.0,0.0,0.9,0.1,1.0,0.0,0.7,0.3,0.5,0.5,0.7,0.0,0.7,0.0,0.8,0.2,1.0,0.0
1948-11-30,0.6,0.4,1.0,0.0,0.1,0.9,0.054788098031033974,0.0,0.0,0.0,0.0,1.0,1.0,0.0,0.14774012746781318,0.8522598725321868,0.0,0.0,0.0,0.0,0.3,0.7,1.0,0.0,0.0,1.0,0.0,0.0,0.0,1.0,0.0,0.0,0.4,0.6,0.8,0.0,0.1,0.9,0.0,0.0,0.0,1.0,1.0,0.0,0.1,0.9,1.0,0.0,0.1,0.9,0.1,0.9,0.6,0.4,1.0,0.0,0.5,0.5,1.0,0.0,1.0,0.0,1.0,0.0,0.6,0.4,0.5,0.5,0.6,0.4,1.0,0.0,1.0,0.0,1.0,0.0,0.0,1.0,0.0,0.0,0.6,0.4,0.5,0.5,0.1,0.9,1.0,0.0,0.0,1.0,0.0,0.0,0.0,1.0,0.0,0.0,0.2,0.8,0.4,0.5,0.7,0.0,0.7,0.0,1.0,0.0,0.2,0.6
1948-12-31,0.6,0.4,1.0,0.0,0.1,0.9,0.3832801578673885,0.0,0.0,0.0,0.0,1.0,1.0,0.0,0.1373292520254953,0.8626707479745047,0.0,0.0,0.0,0.0,1.0,0.0,1.0,0.0,0.9,0.1,0.0,0.0,0.9,0.1,0.0,0.0,1.0,0.0,1.0,0.0,0.0,1.0,1.0,0.0,0.0,1.0,1.0,0.0,0.8,0.2,1.0,0.0,0.0,1.0,0.0,1.0,0.6,0.4,1.0,0.0,0.9,0.1,1.0,0.0,0.8,0.2,1.0,0.0,0.6,0.4,0.5,0.5,0.6,0.4,1.0,0.0,0.5,0.5,1.0,0.0,0.4,0.6,1.0,0.0,0.6,0.4,0.6,0.4,0.5,0.5,1.0,0.0,0.1,0.9,0.0,0.0,0.1,0.9,0.0,0.0,0.5,0.5,0.5,0.5,0.7,0.0,0.7,0.0,1.0,0.0,0.7,0.3
1949-01-31,0.6,0.4,1.0,0.0,0.1,0.9,0.26512609708324825,0.0,0.0,0.0,0.0,1.0,1.0,0.0,0.1422476218699369,0.8577523781300631,0.0,0.0,0.0,0.0,1.0,0.0,1.0,0.0,1.0,0.0,0.0,0.0,1.0,0.0,0.0,0.0,1.0,0.0,1.0,0.0,0.0,1.0,1.0,0.0,0.0,1.0,1.0,0.0,0.8,0.2,1.0,0.0,0.0,1.0,0.0,1.0,0.6,0.4,1.0,0.0,0.9,0.1,1.0,0.0,0.8,0.2,1.0,0.0,0.6,0.4,0.5,0.5,0.6,0.4,1.0,0.0,0.5,0.5,1.0,0.0,0.4,0.6,1.0,0.0,0.6,0.4,0.6,0.4,0.6,0.4,1.0,0.0,0.0,1.0,0.0,0.0,0.0,1.0,0.0,0.0,0.6,0.4,0.5,0.5,0.7,0.0,0.7,0.0,1.0,0.0,1.0,0.0
1949-02-28,0.6,0.4,1.0,0.0,0.1,0.9,0.277571170432716,0.0,0.0,0.0,0.0,1.0,1.0,0.0,0.14480317871940304,0.8551968212805969,0.0,0.0,0.0,0.0,1.0,0.0,1.0,0.0,1.0,0.0,1.0,0.0,1.0,0.0,1.0,0.0,1.0,0.0,1.0,0.0,0.0,1.0,1.0,0.0,0.0,1.0,1.0,0.0,0.8,0.2,1.0,0.0,0.0,1.0,0.0,1.0,0.6,0.4,1.0,0.0,0.9,0.1,1.0,0.0,0.8,0.2,1.0,0.0,0.6,0.4,0.5,0.5,0.6,0.4,1.0,0.0,0.5,0.5,1.0,0.0,0.4,0.6,1.0,0.0,0.6,0.4,0.6,0.4,0.6,0.4,1.0,0.0,0.0,1.0,0.0,0.0,0.0,1.0,0.0,0.0,0.6,0.4,0.5,0.5,0.7,0.0,0.7,0.0,1.0,0.0,1.0,0.0
1949-03-31,0.6,0.4,1.0,0.0,0.1,0.9,0.3157950765323298,0.0,0.0,0.0,0.0,1.0,1.0,0.0,0.14785888077785833,0.8521411192221416,0.0,0.0,0.0,0.0,1.0,0.0,1.0,0.0,1.0,0.0,1.0,0.0,1.0,0.0,1.0,0.0,1.0,0.0,1.0,0.0,0.0,1.0,1.0,0.0,0.0,1.0,1.0,0.0,0.8,0.2,1.0,0.0,0.0,1.0,0.0,1.0,0.6,0.4,1.0,0.0,0.9,0.1,1.0,0.0,0.8,0.2,1.0,0.0,0.6,0.4,0.5,0.5,0.6,0.4,1.0,0.0,0.5,0.5,1.0,0.0,0.4,0.6,1.0,0.0,0.6,0.4,0.6,0.4,0.7,0.3,1.0,0.0,0.1,0.9,0.0,0.0,0.1,0.9,0.0,0.0,0.6,0.4,0.5,0.5,0.7,0.0,0.7,0.0,1.0,0.0,1.0,0.0
1949-04-30,0.6,0.4,1.0,0.0,0.1,0.9,0.7298997729673228,0.0,0.0,0.0,0.0,1.0,0.0,0.0,0.14295000735343708,0.8570499926465628,0.0,0.0,0.0,0.0,1.0,0.0,1.0,0.0,1.0,0.0,1.0,0.0,1.0,0.0,1.0,0.0,1.0,0.0,1.0,0.0,0.0,1.0,1.0,0.0,0.0,1.0,1.0,0.0,0.8,0.2,1.0,0.0,0.0,1.0,0.0,1.0,0.6,0.4,1.0,0.0,0.9,0.1,1.0,0.0,0.8,0.2,1.0,0.0,0.6,0.4,0.5,0.5,0.6,0.4,1.0,0.0,0.5,0.5,1.0,0.0,0.4,0.6,1.0,0.0,0.6,0.4,0.6,0.4,0.6,0.4,1.0,0.0,0.4,0.6,0.0,0.0,0.4,0.6,0.0,0.0,0.6,0.4,0.5,0.5,0.7,0.0,0.7,0.0,1.0,0.0,1.0,0.0
1949-05-31,0.6,0.4,1.0,0.0,0.1,0.9,0.3834211849083047,0.0,0.0,0.0,0.0,1.0,0.0,0.0,0.14391599710051234,0.8560840028994876,0.0,0.0,0.0,0.0,1.0,0.0,1.0,0.0,1.0,0.0,1.0,0.0,1.0,0.0,1.0,0.0,1.0,0.0,1.0,0.0,0.0,1.0,1.0,0.0,0.0,1.0,1.0,0.0,0.8,0.2,1.0,0.0,0.0,1.0,0.0,1.0,0.6,0.4,1.0,0.0,0.9,0.1,1.0,0.0,0.8,0.2,1.0,0.0,0.6,0.4,0.5,0.5,0.6,0.4,1.0,0.0,0.5,0.5,1.0,0.0,0.4,0.6,1.0,0.0,0.6,0.4,0.6,0.4,0.6,0.4,1.0,0.0,0.6,0.4,0.0,0.0,0.6,0.4,0.0,0.0,0.6,0.4,0.5,0.5,0.7,0.0,0.7,0.0,1.0,0.0,1.0,0.0
1949-06-30,0.6,0.4,1.0,0.0,0.1,0.9,0.21309889077157762,0.0,0.0,0.0,0.0,1.0,0.0,0.0,0.1516997942551547,0.8483002057448453,0.0,0.0,0.0,0.0,1.0,0.0,1.0,0.0,1.0,0.0,1.0,0.0,1.0,0.0,1.0,0.0,1.0,0.0,1.0,0.0,0.0,1.0,1.0,0.0,0.0,1.0,1.0,0.0,0.7,0.3,1.0,0.0,0.0,1.0,0.0,1.0,0.6,0.4,1.0,0.0,0.9,0.1,1.0,0.0,0.8,0.2,1.0,0.0,0.6,0.4,0.5,0.5,0.6,0.4,1.0,0.0,0.5,0.5,1.0,0.0,0.4,0.6,1.0,0.0,0.6,0.4,0.6,0.4,0.5,0.5,1.0,0.0,0.0,1.0,0.0,0.0,0.0,1.0,0.0,0.0,0.6,0.4,0.5,0.5,0.7,0.0,0.7,0.0,1.0,0.0,1.0,0.0
1949-07-31,0.6,0.4,1.0,0.0,0.1,0.9,0.6661169219321794,0.0,1.0,0.0,1.0,0.0,0.0,0.0,0.14820495397281017,0.8517950460271899,0.0,0.0,0.0,0.0,1.0,0.0,1.0,0.0,1.0,0.0,1.0,0.0,1.0,0.0,1.0,0.0,1.0,0.0,1.0,0.0,0.0,1.0,1.0,0.0,0.0,1.0,1.0,0.0,0.9,0.1,1.0,0.0,0.0,1.0,0.0,1.0,0.6,0.4,1.0,0.0,0.9,0.1,1.0,0.0,0.8,0.2,1.0,0.0,0.6,0.4,0.5,0.5,0.6,0.4,1.0,0.0,0.5,0.5,1.0,0.0,0.4,0.6,1.0,0.0,0.6,0.4,0.6,0.4,0.6,0.4,1.0,0.0,0.2,0.8,0.0,0.0,0.2,0.8,0.0,0.0,0.6,0.4,0.5,0.5,0.7,0.0,0.7,0.0,1.0,0.0,1.0,0.0
1949-08-31,0.6,0.4,1.0,0.0,0.1,0.9,0.3770749386661046,0.0,1.0,0.0,1.0,0.0,1.0,0.0,0.14899252780877514,0.8510074721912249,1.0,0.0,0.6,0.4,1.0,0.0,1.0,0.0,1.0,0.0,1.0,0.0,1.0,0.0,1.0,0.0,1.0,0.0,1.0,0.0,0.0,1.0,1.0,0.0,0.0,1.0,1.0,0.0,0.9,0.1,1.0,0.0,0.0,1.0,0.0,1.0,0.6,0.4,1.0,0.0,0.9,0.1,1.0,0.0,0.8,0.2,1.0,0.0,0.6,0.4,0.5,0.5,0.6,0.4,1.0,0.0,0.5,0.5,1.0,0.0,0.4,0.6,1.0,0.0,0.6,0.4,0.6,0.4,0.6,0.4,1.0,0.0,0.0,1.0,0.0,0.0,0.0,1.0,0.0,0.0,0.6,0.4,0.5,0.5,0.7,0.0,0.7,0.0,1.0,0.0,1.0,0.0
1949-09-30,0.6,0.4,1.0,0.0,0.1,0.9,0.20839064792702472,0.0,1.0,0.0,1.0,0.0,1.0,0.0,0.1604685842641621,0.839531415735838,1.0,0.0,0.6,0.4,1.0,0.0,1.0,0.0,1.0,0.0,1.0,0.0,1.0,0.0,1.0,0.0,1.0,0.0,1.0,0.0,0.0,1.0,1.0,0.0,0.0,1.0,1.0,0.0,0.8,0.2,1.0,0.0,0.0,1.0,0.0,1.0,0.6,0.4,1.0,0.0,0.9,0.1,1.0,0.0,0.8,0.2,1.0,0.0,0.6,0.4,0.5,0.5,0.6,0.4,1.0,0.0,0.5,0.5,1.0,0.0,0.4,0.6,1.0,0.0,0.6,0.4,0.6,0.4,0.6,0.4,1.0,0.0,0.1,0.9,0.0,0.0,0.1,0.9,0.0,0.0,0.6,0.4,0.5,0.5,0.7,0.0,0.7,0.0,1.0,0.0,1.0,0.0
1949-10-31,0.6,0.4,1.0,0.0,0.1,0.9,0.5142651535107182,0.0,1.0,0.0,1.0,0.0,1.0,0.0,0.15914233003268946,0.8408576699673105,1.0,0.0,0.6,0.4,1.0,0.0,1.0,0.0,1.0,0.0,1.0,0.0,1.0,0.0,1.0,0.0,1.0,0.0,1.0,0.0,0.0,1.0,1.0,0.0,0.0,1.0,1.0,0.0,1.0,0.0,1.0,0.0,0.0,1.0,0.0,1.0,0.6,0.4,1.0,0.0,0.9,0.1,1.0,0.0,0.8,0.2,1.0,0.0,0.6,0.4,0.5,0.5,0.6,0.4,1.0,0.0,0.5,0.5,1.0,0.0,0.4,0.6,1.0,0.0,0.6,0.4,0.6,0.4,0.7,0.3,1.0,0.0,0.5,0.5,0.0,0.0,0.5,0.5,0.0,0.0,0.6,0.4,0.5,0.5,0.7,0.0,0.7,0.0,1.0,0.0,1.0,0.0
1949-11-30,0.6,0.4,1.0,0.0,0.1,0.9,0.5258961971695587,0.0,1.0,0.0,1.0,0.0,1.0,0.0,0.15706036402312676,0.8429396359768732,1.0,0.0,0.6,0.4,1.0,0.0,1.0,0.0,1.0,0.0,1.0,0.0,1.0,0.0,1.0,0.0,1.0,0.0,1.0,0.0,0.0,1.0,1.0,0.0,0.0,1.0,1.0,0.0,1.0,0.0,0.0,0.0,0.0,1.0,0.0,1.0,0.6,0.4,1.0,0.0,0.9,0.1,1.0,0.0,0.8,0.2,1.0,0.0,0.6,0.4,0.5,0.5,0.6,0.4,1.0,0.0,0.5,0.5,1.0,0.0,0.4,0.6,1.0,0.0,0.6,0.4,0.6,0.4,0.7,0.3,1.0,0.0,1.0,0.0,1.0,0.0,1.0,0.0,1.0,0.0,0.6,0.4,0.5,0.5,0.7,0.0,0.7,0.0,1.0,0.0,1.0,0.0
1949-12-31,0.6,0.4,1.0,0.0,0.2,0.8,0.6668502472666711,0.0,1.0,0.0,1.0,0.0,1.0,0.0,0.15157930458495966,0.8484206954150403,1.0,0.0,0.6,0.4,1.0,0.0,1.0,0.0,1.0,0.0,1.0,0.0,1.0,0.0,1.0,0.0,1.0,0.0,1.0,0.0,0.6,0.4,1.0,0.0,0.7,0.3,0.0,0.0,0.9,0.1,1.0,0.0,0.6,0.4,0.6,0.4,0.7,0.3,1.0,0.0,0.6,0.4,1.0,0.0,1.0,0.0,1.0,0.0,0.7,0.3,0.7,0.3,0.7,0.3,1.0,0.0,0.5,0.5,0.0,0.0,0.6,0.4,1.0,0.0,0.7,0.3,0.7,0.3,0.8,0.2,1.0,0.0,1.0,0.0,1.0,0.0,1.0,0.0,1.0,0.0,0.7,0.3,0.5,0.5,0.7,0.0,0.7,0.0,1.0,0.0,1.0,0.0
1950-01-31,0.6,0.4,1.0,0.0,0.2,0.8,0.37059606275171736,0.0,1.0,0.0,1.0,0.0,1.0,0.0,0.15359242846476262,0.8464075715352374,1.0,0.0,0.6,0.4,1.0,0.0,1.0,0.0,1.0,0.0,1.0,0.0,1.0,0.0,1.0,0.0,1.0,0.0,1.0,0.0,0.6,0.4,1.0,0.0,0.7,0.3,0.0,0.0,0.9,0.1,1.0,0.0,0.6,0.4,0.6,0.4,0.7,0.3,1.0,0.0,0.6,0.4,1.0,0.0,1.0,0.0,1.0,0.0,0.7,0.3,0.7,0.3,0.7,0.3,1.0,0.0,0.5,0.5,0.0,0.0,0.6,0.4,1.0,0.0,0.7,0.3,0.7,0.3,0.7,0.3,1.0,0.0,0.1,0.9,0.0,0.0,0.1,0.9,0.0,0.0,0.7,0.3,0.5,0.5,0.7,0.0,0.7,0.0,1.0,0.0,1.0,0.0
1950-02-28,0.6,0.4,1.0,0.0,0.2,0.8,1.0,0.0,1.0,0.0,1.0,0.0,1.0,0.0,0.15392673522093592,0.8460732647790641,1.0,0.0,0.6,0.4,1.0,0.0,1.0,0.0,1.0,0.0,1.0,0.0,1.0,0.0,1.0,0.0,1.0,0.0,1.0,0.0,0.6,0.4,1.0,0.0,0.7,0.3,0.0,0.0,0.9,0.1,1.0,0.0,0.6,0.4,0.6,0.4,0.7,0.3,1.0,0.0,0.6,0.4,1.0,0.0,1.0,0.0,1.0,0.0,0.7,0.3,0.7,0.3,0.7,0.3,1.0,0.0,0.5,0.5,0.0,0.0,0.6,0.4,1.0,0.0,0.7,0.3,0.7,0.3,0.8,0.2,1.0,0.0,0.4,0.6,0.0,0.0,0.4,0.6,0.0,0.0,0.7,0.3,0.5,0.5,0.7,0.0,0.7,0.0,1.0,0.0,1.0,0.0
1950-03-31,0.6,0.4,1.0,0.0,0.2,0.8,0.5254942800411181,0.0,1.0,0.0,1.0,0.0,1.0,0.0,0.15469629097530552,0.8453037090246944,1.0,0.0,0.6,0.4,1.0,0.0,1.0,0.0,1.0,0.0,1.0,0.0,1.0,0.0,1.0,0.0,1.0,0.0,1.0,0.0,0.6,0.4,1.0,0.0,0.7,0.3,0.0,0.0,0.9,0.1,1.0,0.0,0.6,0.4,0.6,0.4,0.7,0.3,1.0,0.0,0.6,0.4,1.0,0.0,1.0,0.0,1.0,0.0,0.7,0.3,0.7,0.3,0.7,0.3,1.0,0.0,0.5,0.5,0.0,0.0,0.6,0.4,1.0,0.0,0.7,0.3,0.7,0.3,0.8,0.2,1.0,0.0,1.0,0.0,1.0,0.0,1.0,0.0,1.0,0.0,0.7,0.3,0.5,0.5,0.7,0.0,0.7,0.0,1.0,0.0,1.0,0.0
1950-04-30,0.6,0.4,1.0,0.0,0.2,0.8,0.5087242456359323,0.0,1.0,0.0,1.0,0.0,1.0,0.0,0.15669964997667343,0.8433003500233267,1.0,0.0,0.6,0.4,1.0,0.0,1.0,0.0,1.0,0.0,1.0,0.0,1.0,0.0,1.0,0.0,1.0,0.0,1.0,0.0,0.6,0.4,1.0,0.0,0.7,0.3,0.0,0.0,0.9,0.1,1.0,0.0,0.6,0.4,0.6,0.4,0.7,0.3,1.0,0.0,0.6,0.4,1.0,0.0,1.0,0.0,1.0,0.0,0.7,0.3,0.7,0.3,0.7,0.3,1.0,0.0,0.5,0.5,0.0,0.0,0.6,0.4,1.0,0.0,0.7,0.3,0.7,0.3,0.8,0.2,1.0,0.0,1.0,0.0,1.0,0.0,1.0,0.0,1.0,0.0,0.7,0.3,0.5,0.5,0.7,0.0,0.7,0.0,1.0,0.0,1.0,0.0
1950-05-31,0.6,0.4,1.0,0.0,0.2,0.8,0.7468641793870338,0.0,1.0,0.0,1.0,0.0,1.0,0.0,0.1559805078291031,0.844019492170897,1.0,0.0,0.6,0.4,1.0,0.0,1.0,0.0,1.0,0.0,1.0,0.0,1.0,0.0,1.0,0.0,1.0,0.0,1.0,0.0,0.6,0.4,1.0,0.0,0.7,0.3,0.0,0.0,0.9,0.1,1.0,0.0,0.6,0.4,0.6,0.4,0.7,0.3,1.0,0.0,0.6,0.4,1.0,0.0,1.0,0.0,1.0,0.0,0.7,0.3,0.7,0.3,0.7,0.3,1.0,0.0,0.5,0.5,0.0,0.0,0.6,0.4,1.0,0.0,0.7,0.3,0.7,0.3,0.8,0.2,1.0,0.0,1.0,0.0,1.0,0.0,1.0,0.0,1.0,0.0,0.7,0.3,0.5,0.5,0.7,0.0,0.7,0.0,1.0,0.0,1.0,0.0
1950-06-30,0.6,0.4,1.0,0.0,0.2,0.8,0.058645858125000117,0.0,1.0,0.0,1.0,0.0,1.0,0.0,0.1527915108057416,0.8472084891942584,1.0,0.0,0.6,0.4,0.3,0.7,1.0,0.0,0.0,1.0,0.0,0.0,0.0,1.0,0.0,0.0,0.4,0.6,0.9,0.0,0.6,0.4,1.0,0.0,0.7,0.3,0.0,0.0,0.2,0.8,1.0,0.0,0.6,0.4,0.6,0.4,0.7,0.3,1.0,0.0,0.6,0.4,1.0,0.0,1.0,0.0,1.0,0.0,0.7,0.3,0.7,0.3,0.7,0.3,1.0,0.0,0.5,0.5,0.0,0.0,0.6,0.4,1.0,0.0,0.7,0.3,0.7,0.3,0.6,0.4,1.0,0.0,0.8,0.2,0.0,0.0,0.8,0.2,0.0,0.0,0.7,0.3,0.5,0.5,0.7,0.0,0.7,0.0,1.0,0.0,0.9,0.1
1950-07-31,0.6,0.4,1.0,0.0,0.2,0.8,0.10188600389625335,0.0,1.0,0.0,1.0,0.0,1.0,0.0,0.1537566593575029,0.8462433406424971,0.0,0.0,0.0,0.0,0.3,0.7,1.0,0.0,0.2,0.8,0.0,0.0,0.2,0.8,0.0,0.0,0.4,0.6,0.8,0.0,0.6,0.4,1.0,0.0,0.7,0.3,0.0,0.0,0.4,0.6,1.0,0.0,0.6,0.4,0.6,0.4,0.7,0.3,1.0,0.0,0.6,0.4,1.0,0.0,1.0,0.0,1.0,0.0,0.7,0.3,0.7,0.3,0.7,0.3,1.0,0.0,0.5,0.5,0.0,0.0,0.6,0.4,1.0,0.0,0.7,0.3,0.7,0.3,0.8,0.2,1.0,0.0,1.0,0.0,1.0,0.0,1.0,0.0,1.0,0.0,0.7,0.3,0.5,0.5,0.7,0.0,0.7,0.0,1.0,0.0,1.0,0.0
1950-08-31,0.6,0.4,1.0,0.0,0.2,0.8,0.4437449331437986,0.0,1.0,0.0,1.0,0.0,1.0,0.0,0.15127423991906663,0.8487257600809335,0.0,0.0,0.0,0.0,1.0,0.0,1.0,0.0,0.9,0.1,0.0,0.0,0.9,0.1,0.0,0.0,1.0,0.0,1.0,0.0,0.6,0.4,1.0,0.0,0.7,0.3,0.0,0.0,0.9,0.1,1.0,0.0,0.6,0.4,0.6,0.4,0.7,0.3,1.0,0.0,0.6,0.4,1.0,0.0,1.0,0.0,1.0,0.0,0.7,0.3,0.7,0.3,0.7,0.3,1.0,0.0,0.5,0.5,0.0,0.0,0.6,0.4,1.0,0.0,0.7,0.3,0.7,0.3,0.8,0.2,1.0,0.0,1.0,0.0,1.0,0.0,1.0,0.0,1.0,0.0,0.7,0.3,0.5,0.5,0.7,0.0,0.7,0.0,1.0,0.0,1.0,0.0
1950-09-30,0.6,0.4,1.0,0.0,0.2,0.8,0.3164286618112546,0.0,1.0,0.0,1.0,0.0,1.0,0.0,0.15147320587855145,0.8485267941214486,0.0,0.0,0.0,0.0,1.0,0.0,1.0,0.0,1.0,0.0,1.0,0.0,1.0,0.0,1.0,0.0,1.0,0.0,1.0,0.0,0.6,0.4,1.0,0.0,0.7,0.3,0.0,0.0,0.9,0.1,1.0,0.0,0.6,0.4,0.6,0.4,0.7,0.3,1.0,0.0,0.6,0.4,1.0,0.0,1.0,0.0,1.0,0.0,0.7,0.3,0.7,0.3,0.7,0.3,1.0,0.0,0.5,0.5,0.0,0.0,0.6,0.4,1.0,0.0,0.7,0.3,0.7,0.3,0.6,0.4,1.0,0.0,0.0,1.0,0.0,0.0,0.0,1.0,0.0,0.0,0.7,0.3,0.5,0.5,0.7,0.0,0.7,0.0,1.0,0.0,1.0,0.0
1950-10-31,0.6,0.4,1.0,0.0,0.2,0.8,0.24526093182848366,0.0,1.0,0.0,1.0,0.0,1.0,0.0,0.15194604494920158,0.8480539550507985,1.0,0.0,0.6,0.4,1.0,0.0,1.0,0.0,1.0,0.0,1.0,0.0,1.0,0.0,1.0,0.0,1.0,0.0,1.0,0.0,0.6,0.4,1.0,0.0,0.7,0.3,0.0,0.0,0.9,0.1,1.0,0.0,0.6,0.4,0.6,0.4,0.7,0.3,1.0,0.0,0.6,0.4,1.0,0.0,1.0,0.0,1.0,0.0,0.7,0.3,0.7,0.3,0.7,0.3,1.0,0.0,0.5,0.5,0.0,0.0,0.6,0.4,1.0,0.0,0.7,0.3,0.7,0.3,0.7,0.3,1.0,0.0,0.0,1.0,0.0,0.0,0.0,1.0,0.0,0.0,0.7,0.3,0.5,0.5,0.7,0.0,0.7,0.0,1.0,0.0,1.0,0.0
1950-11-30,0.6,0.4,1.0,0.0,0.2,0.8,0.13037742346567122,0.0,1.0,0.0,1.0,0.0,1.0,0.0,0.1385230112304546,0.8614769887695454,0.0,0.0,0.0,0.0,1.0,0.0,1.0,0.0,0.7,0.3,0.0,0.0,0.7,0.3,0.0,0.0,1.0,0.0,1.0,0.0,0.6,0.4,1.0,0.0,0.7,0.3,0.0,0.0,0.9,0.1,1.0,0.0,0.6,0.4,0.6,0.4,0.7,0.3,1.0,0.0,0.6,0.4,1.0,0.0,1.0,0.0,1.0,0.0,0.7,0.3,0.7,0.3,0.7,0.3,1.0,0.0,0.5,0.5,0.0,0.0,0.6,0.4,1.0,0.0,0.7,0.3,0.7,0.3,0.8,0.2,1.0,0.0,0.4,0.6,0.0,0.0,0.4,0.6,0.0,0.0,0.7,0.3,0.5,0.5,0.7,0.0,0.7,0.0,1.0,0.0,1.0,0.0
1950-12-31,0.6,0.4,1.0,0.0,0.2,0.8,0.14051297109052155,0.0,1.0,0.0,1.0,0.0,1.0,0.0,0.11497661566847148,0.8850233843315285,1.0,0.0,0.6,0.4,1.0,0.0,1.0,0.0,0.7,0.3,0.0,0.0,0.7,0.3,0.0,0.0,1.0,0.0,1.0,0.0,0.8,0.2,1.0,0.0,1.0,0.0,1.0,0.0,1.0,0.0,1.0,0.0,0.8,0.2,0.8,0.2,0.9,0.1,1.0,0.0,0.8,0.2,1.0,0.0,1.0,0.0,1.0,0.0,0.9,0.1,0.8,0.2,0.9,0.1,1.0,0.0,0.8,0.2,1.0,0.0,1.0,0.0,1.0,0.0,0.9,0.1,0.8,0.2,1.0,0.0,1.0,0.0,1.0,0.0,1.0,0.0,1.0,0.0,1.0,0.0,0.9,0.1,0.7,0.3,0.7,0.0,0.7,0.0,1.0,0.0,1.0,0.0
1951-01-31,0.6,0.4,1.0,0.0,0.2,0.8,0.23914403964829475,0.0,1.0,0.0,1.0,0.0,1.0,0.0,0.11638502619943093,0.8836149738005691,1.0,0.0,0.6,0.4,1.0,0.0,1.0,0.0,0.8,0.2,0.0,0.0,0.8,0.2,0.0,0.0,1.0,0.0,1.0,0.0,0.8,0.2,1.0,0.0,1.0,0.0,1.0,0.0,1.0,0.0,1.0,0.0,0.8,0.2,0.8,0.2,0.9,0.1,1.0,0.0,0.8,0.2,1.0,0.0,1.0,0.0,1.0,0.0,0.9,0.1,0.8,0.2,0.9,0.1,1.0,0.0,0.8,0.2,1.0,0.0,1.0,0.0,1.0,0.0,0.9,0.1,0.8,0.2,1.0,0.0,1.0,0.0,1.0,0.0,1.0,0.0,1.0,0.0,1.0,0.0,0.9,0.1,0.8,0.2,0.7,0.0,0.7,0.0,1.0,0.0,1.0,0.0
1951-02-28,0.6,0.4,1.0,0.0,0.2,0.8,0.6990081427400334,0.0,1.0,0.0,1.0,0.0,1.0,0.0,0.12507667844795192,0.8749233215520481,1.0,0.0,0.6,0.4,1.0,0.0,1.0,0.0,1.0,0.0,1.0,0.0,1.0,0.0,1.0,0.0,1.0,0.0,1.0,0.0,0.8,0.2,1.0,0.0,1.0,0.0,1.0,0.0,1.0,0.0,1.0,0.0,0.8,0.2,0.8,0.2,0.9,0.1,1.0,0.0,0.8,0.2,1.0,0.0,1.0,0.0,1.0,0.0,0.9,0.1,0.8,0.2,0.9,0.1,1.0,0.0,0.8,0.2,1.0,0.0,1.0,0.0,1.0,0.0,0.9,0.1,0.8,0.2,0.9,0.1,1.0,0.0,0.1,0.9,0.0,0.0,0.1,0.9,0.0,0.0,0.9,0.1,0.8,0.2,0.7,0.0,0.7,0.0,1.0,0.0,1.0,0.0
1951-03-31,0.6,0.4,1.0,0.0,0.2,0.8,0.2821040342569775,0.0,1.0,0.0,1.0,0.0,1.0,0.0,0.14370773114433058,0.8562922688556694,0.0,0.0,0.0,0.0,1.0,0.0,1.0,0.0,1.0,0.0,1.0,0.0,1.0,0.0,1.0,0.0,1.0,0.0,1.0,0.0,0.8,0.2,1.0,0.0,1.0,0.0,1.0,0.0,1.0,0.0,1.0,0.0,0.8,0.2,0.8,0.2,0.9,0.1,1.0,0.0,0.8,0.2,1.0,0.0,1.0,0.0,1.0,0.0,0.9,0.1,0.8,0.2,0.9,0.1,1.0,0.0,0.8,0.2,1.0,0.0,1.0,0.0,1.0,0.0,0.9,0.1,0.8,0.2,0.1,0.9,1.0,0.0,0.1,0.9,0.0,0.0,0.1,0.9,0.0,0.0,0.2,0.8,0.4,0.3,0.7,0.0,0.7,0.0,1.0,0.0,1.0,0.0
1951-04-30,0.6,0.4,1.0,0.0,0.2,0.8,0.4050577562318121,0.0,1.0,0.0,1.0,0.0,1.0,0.0,0.145363103638672,0.854636896361328,1.0,0.0,0.6,0.4,1.0,0.0,1.0,0.0,1.0,0.0,1.0,0.0,1.0,0.0,1.0,0.0,1.0,0.0,1.0,0.0,0.8,0.2,1.0,0.0,1.0,0.0,1.0,0.0,1.0,0.0,1.0,0.0,0.8,0.2,0.8,0.2,0.9,0.1,1.0,0.0,0.8,0.2,1.0,0.0,1.0,0.0,1.0,0.0,0.9,0.1,0.8,0.2,0.9,0.1,1.0,0.0,0.8,0.2,1.0,0.0,1.0,0.0,1.0,0.0,0.9,0.1,0.8,0.2,0.2,0.8,1.0,0.0,0.1,0.9,0.0,0.0,0.1,0.9,0.0,0.0,0.2,0.8,0.4,0.3,0.7,0.0,0.7,0.0,1.0,0.0,1.0,0.0
1951-05-31,0.6,0.4,1.0,0.0,0.2,0.8,0.33080187170720743,0.0,1.0,0.0,1.0,0.0,1.0,0.0,0.14396483169461227,0.8560351683053877,0.0,0.0,0.0,0.0,1.0,0.0,1.0,0.0,1.0,0.0,1.0,0.0,1.0,0.0,1.0,0.0,1.0,0.0,1.0,0.0,0.8,0.2,1.0,0.0,1.0,0.0,1.0,0.0,1.0,0.0,1.0,0.0,0.8,0.2,0.8,0.2,0.9,0.1,1.0,0.0,0.8,0.2,1.0,0.0,1.0,0.0,1.0,0.0,0.9,0.1,0.8,0.2,0.9,0.1,1.0,0.0,0.8,0.2,1.0,0.0,1.0,0.0,1.0,0.0,0.9,0.1,0.8,0.2,0.3,0.7,1.0,0.0,0.1,0.9,0.0,0.0,0.1,0.9,0.0,0.0,0.3,0.7,0.4,0.3,0.7,0.0,0.7,0.0,1.0,0.0,1.0,0.0
1951-06-30,0.6,0.4,1.0,0.0,0.2,0.8,0.349473802760116,0.0,1.0,0.0,1.0,0.0,1.0,0.0,0.14066429228034727,0.8593357077196527,0.0,0.0,0.0,0.0,1.0,0.0,1.0,0.0,1.0,0.0,1.0,0.0,1.0,0.0,1.0,0.0,1.0,0.0,1.0,0.0,0.8,0.2,1.0,0.0,1.0,0.0,1.0,0.0,1.0,0.0,1.0,0.0,0.8,0.2,0.8,0.2,0.9,0.1,1.0,0.0,0.8,0.2,1.0,0.0,1.0,0.0,1.0,0.0,0.9,0.1,0.8,0.2,0.9,0.1,1.0,0.0,0.8,0.2,1.0,0.0,1.0,0.0,1.0,0.0,0.9,0.1,0.8,0.2,0.5,0.5,1.0,0.0,0.1,0.9,0.0,0.0,0.1,0.9,0.0,0.0,0.4,0.6,0.4,0.3,0.7,0.0,0.7,0.0,1.0,0.0,1.0,0.0
1951-07-31,0.6,0.4,1.0,0.0,0.2,0.8,0.37708553972857095,0.0,1.0,0.0,1.0,0.0,1.0,0.0,0.14821810492419643,0.8517818950758035,1.0,0.0,0.6,0.4,1.0,0.0,1.0,0.0,1.0,0.0,1.0,0.0,1.0,0.0,1.0,0.0,1.0,0.0,1.0,0.0,0.8,0.2,1.0,0.0,1.0,0.0,1.0,0.0,1.0,0.0,1.0,0.0,0.8,0.2,0.8,0.2,0.9,0.1,1.0,0.0,0.8,0.2,1.0,0.0,1.0,0.0,1.0,0.0,0.9,0.1,0.8,0.2,0.9,0.1,1.0,0.0,0.8,0.2,1.0,0.0,1.0,0.0,1.0,0.0,0.9,0.1,0.8,0.2,0.6,0.4,1.0,0.0,0.1,0.9,0.0,0.0,0.1,0.9,0.0,0.0,0.5,0.5,0.6,0.3,0.7,0.0,0.7,0.0,1.0,0.0,1.0,0.0
1951-08-31,0.6,0.4,1.0,0.0,0.2,0.8,0.7023997618834412,0.0,1.0,0.0,1.0,0.0,1.0,0.0,0.1501859944035048,0.8498140055964952,1.0,0.0,0.6,0.4,1.0,0.0,1.0,0.0,1.0,0.0,1.0,0.0,1.0,0.0,1.0,0.0,1.0,0.0,1.0,0.0,0.8,0.2,1.0,0.0,1.0,0.0,1.0,0.0,1.0,0.0,1.0,0.0,0.8,0.2,0.8,0.2,0.9,0.1,1.0,0.0,0.8,0.2,1.0,0.0,1.0,0.0,1.0,0.0,0.9,0.1,0.8,0.2,0.9,0.1,1.0,0.0,0.8,0.2,1.0,0.0,1.0,0.0,1.0,0.0,0.9,0.1,0.8,0.2,0.9,0.1,1.0,0.0,0.1,0.9,0.0,0.0,0.1,0.9,0.0,0.0,0.8,0.2,0.7,0.3,0.7,0.0,0.7,0.0,1.0,0.0,1.0,0.0
1951-09-30,0.6,0.4,1.0,0.0,0.2,0.8,1.0,0.0,1.0,0.0,1.0,0.0,1.0,0.0,0.1569888116393324,0.8430111883606676,1.0,0.0,0.6,0.4,1.0,0.0,1.0,0.0,1.0,0.0,1.0,0.0,1.0,0.0,1.0,0.0,1.0,0.0,1.0,0.0,0.8,0.2,1.0,0.0,1.0,0.0,1.0,0.0,1.0,0.0,1.0,0.0,0.8,0.2,0.8,0.2,0.9,0.1,1.0,0.0,0.8,0.2,1.0,0.0,1.0,0.0,1.0,0.0,0.9,0.1,0.8,0.2,0.9,0.1,1.0,0.0,0.8,0.2,1.0,0.0,1.0,0.0,1.0,0.0,0.9,0.1,0.8,0.2,0.8,0.2,1.0,0.0,0.1,0.9,0.0,0.0,0.1,0.9,0.0,0.0,0.8,0.2,0.7,0.3,0.7,0.0,0.7,0.0,1.0,0.0,1.0,0.0
1951-10-31,0.6,0.4,1.0,0.0,0.2,0.8,0.22819501976533885,0.0,1.0,0.0,1.0,0.0,1.0,0.0,0.15734104803108218,0.8426589519689179,1.0,0.0,0.6,0.4,1.0,0.0,1.0,0.0,1.0,0.0,1.0,0.0,1.0,0.0,1.0,0.0,1.0,0.0,1.0,0.0,0.8,0.2,1.0,0.0,1.0,0.0,1.0,0.0,1.0,0.0,1.0,0.0,0.8,0.2,0.8,0.2,0.9,0.1,1.0,0.0,0.8,0.2,1.0,0.0,1.0,0.0,1.0,0.0,0.9,0.1,0.8,0.2,0.9,0.1,1.0,0.0,0.8,0.2,1.0,0.0,1.0,0.0,1.0,0.0,0.9,0.1,0.8,0.2,0.9,0.1,1.0,0.0,0.2,0.8,0.0,0.0,0.2,0.8,0.0,0.0,0.9,0.1,0.7,0.3,0.7,0.0,0.7,0.0,1.0,0.0,1.0,0.0
1951-11-30,0.6,0.4,1.0,0.0,0.2,0.8,0.43118946754505205,0.0,1.0,0.0,1.0,0.0,1.0,0.0,0.1863133552196859,0.813686644780314,0.0,0.0,0.0,0.0,1.0,0.0,1.0,0.0,1.0,0.0,1.0,0.0,1.0,0.0,1.0,0.0,1.0,0.0,1.0,0.0,0.8,0.2,1.0,0.0,1.0,0.0,1.0,0.0,1.0,0.0,1.0,0.0,0.8,0.2,0.8,0.2,0.9,0.1,1.0,0.0,0.8,0.2,1.0,0.0,1.0,0.0,1.0,0.0,0.9,0.1,0.8,0.2,0.9,0.1,1.0,0.0,0.8,0.2,1.0,0.0,1.0,0.0,1.0,0.0,0.9,0.1,0.8,0.2,0.4,0.6,1.0,0.0,0.1,0.9,0.0,0.0,0.1,0.9,0.0,0.0,0.5,0.5,0.7,0.3,0.7,0.0,0.7,0.0,1.0,0.0,1.0,0.0
1951-12-31,0.6,0.4,1.0,0.0,0.2,0.8,1.0,0.0,1.0,0.0,1.0,0.0,1.0,0.0,0.18726504690066648,0.8127349530993335,1.0,0.0,0.6,0.4,1.0,0.0,1.0,0.0,1.0,0.0,1.0,0.0,1.0,0.0,1.0,0.0,1.0,0.0,1.0,0.0,1.0,0.0,1.0,0.0,1.0,0.0,0.0,0.0,1.0,0.0,1.0,0.0,1.0,0.0,1.0,0.0,1.0,0.0,1.0,0.0,0.9,0.1,1.0,0.0,1.0,0.0,1.0,0.0,1.0,0.0,0.9,0.1,1.0,0.0,1.0,0.0,1.0,0.0,1.0,0.0,1.0,0.0,0.0,0.0,1.0,0.0,1.0,0.0,1.0,0.0,1.0,0.0,0.2,0.8,0.0,0.0,1.0,0.0,1.0,0.0,1.0,0.0,1.0,0.0,0.7,0.0,0.7,0.0,1.0,0.0,1.0,0.0
1952-01-31,0.6,0.4,1.0,0.0,0.2,0.8,0.9443976332834616,0.0,1.0,0.0,1.0,0.0,1.0,0.0,0.18550541671993373,0.8144945832800663,1.0,0.0,0.6,0.4,1.0,0.0,1.0,0.0,1.0,0.0,1.0,0.0,1.0,0.0,1.0,0.0,1.0,0.0,1.0,0.0,1.0,0.0,1.0,0.0,1.0,0.0,0.0,0.0,1.0,0.0,1.0,0.0,1.0,0.0,1.0,0.0,1.0,0.0,1.0,0.0,0.9,0.1,1.0,0.0,1.0,0.0,1.0,0.0,1.0,0.0,0.9,0.1,1.0,0.0,1.0,0.0,1.0,0.0,1.0,0.0,1.0,0.0,0.0,0.0,1.0,0.0,1.0,0.0,1.0,0.0,1.0,0.0,0.6,0.4,0.0,0.0,1.0,0.0,1.0,0.0,1.0,0.0,1.0,0.0,0.7,0.0,0.7,0.0,1.0,0.0,1.0,0.0
1952-02-29,0.6,0.4,1.0,0.0,0.2,0.8,0.43358303805002335,0.0,1.0,0.0,1.0,0.0,1.0,0.0,0.18534236361631265,0.8146576363836874,1.0,0.0,0.6,0.4,1.0,0.0,1.0,0.0,1.0,0.0,1.0,0.0,1.0,0.0,1.0,0.0,1.0,0.0,1.0,0.0,1.0,0.0,1.0,0.0,1.0,0.0,0.0,0.0,1.0,0.0,1.0,0.0,1.0,0.0,1.0,0.0,1.0,0.0,1.0,0.0,0.9,0.1,1.0,0.0,1.0,0.0,1.0,0.0,1.0,0.0,0.9,0.1,1.0,0.0,1.0,0.0,1.0,0.0,1.0,0.0,1.0,0.0,0.0,0.0,1.0,0.0,1.0,0.0,1.0,0.0,1.0,0.0,0.9,0.1,0.0,0.0,1.0,0.0,1.0,0.0,1.0,0.0,1.0,0.0,0.7,0.0,0.7,0.0,1.0,0.0,1.0,0.0
1952-03-31,0.6,0.4,1.0,0.0,0.2,0.8,0.8191497058082672,0.0,1.0,0.0,1.0,0.0,1.0,0.0,0.18768240953044732,0.8123175904695528,1.0,0.0,0.6,0.4,1.0,0.0,1.0,0.0,1.0,0.0,1.0,0.0,1.0,0.0,1.0,0.0,1.0,0.0,1.0,0.0,1.0,0.0,1.0,0.0,1.0,0.0,0.0,0.0,1.0,0.0,1.0,0.0,1.0,0.0,1.0,0.0,1.0,0.0,1.0,0.0,0.9,0.1,1.0,0.0,1.0,0.0,1.0,0.0,1.0,0.0,0.9,0.1,1.0,0.0,1.0,0.0,1.0,0.0,1.0,0.0,1.0,0.0,0.0,0.0,1.0,0.0,1.0,0.0,1.0,0.0,1.0,0.0,0.2,0.8,0.0,0.0,1.0,0.0,1.0,0.0,1.0,0.0,1.0,0.0,0.7,0.0,0.7,0.0,1.0,0.0,1.0,0.0
1952-04-30,0.6,0.4,1.0,0.0,0.2,0.8,0.49696780562496173,0.0,1.0,0.0,1.0,0.0,1.0,0.0,0.19143535610619059,0.8085646438938094,1.0,0.0,0.6,0.4,1.0,0.0,1.0,0.0,1.0,0.0,1.0,0.0,1.0,0.0,1.0,0.0,1.0,0.0,1.0,0.0,1.0,0.0,1.0,0.0,1.0,0.0,0.0,0.0,1.0,0.0,1.0,0.0,1.0,0.0,1.0,0.0,1.0,0.0,1.0,0.0,0.9,0.1,1.0,0.0,1.0,0.0,1.0,0.0,1.0,0.0,0.9,0.1,1.0,0.0,1.0,0.0,1.0,0.0,1.0,0.0,1.0,0.0,0.0,0.0,1.0,0.0,1.0,0.0,0.6,0.4,1.0,0.0,0.1,0.9,0.0,0.0,0.6,0.4,1.0,0.0,0.8,0.2,1.0,0.0,0.7,0.0,0.7,0.0,1.0,0.0,0.9,0.1
1952-05-31,0.6,0.4,1.0,0.0,0.2,0.8,0.755530925634076,0.0,1.0,0.0,1.0,0.0,1.0,0.0,0.196534285923015,0.803465714076985,1.0,0.0,0.6,0.4,1.0,0.0,1.0,0.0,1.0,0.0,1.0,0.0,1.0,0.0,1.0,0.0,1.0,0.0,1.0,0.0,1.0,0.0,1.0,0.0,1.0,0.0,0.0,0.0,1.0,0.0,1.0,0.0,1.0,0.0,1.0,0.0,1.0,0.0,1.0,0.0,0.9,0.1,1.0,0.0,1.0,0.0,1.0,0.0,1.0,0.0,0.9,0.1,1.0,0.0,1.0,0.0,1.0,0.0,1.0,0.0,1.0,0.0,0.0,0.0,1.0,0.0,1.0,0.0,1.0,0.0,1.0,0.0,0.2,0.8,0.0,0.0,1.0,0.0,1.0,0.0,1.0,0.0,1.0,0.0,0.7,0.0,0.7,0.0,1.0,0.0,1.0,0.0
1952-06-30,0.6,0.4,1.0,0.0,0.2,0.8,1.0,0.0,1.0,0.0,1.0,0.0,1.0,0.0,0.18614127264098781,0.8138587273590121,1.0,0.0,0.6,0.4,1.0,0.0,1.0,0.0,1.0,0.0,1.0,0.0,1.0,0.0,1.0,0.0,1.0,0.0,1.0,0.0,1.0,0.0,1.0,0.0,1.0,0.0,0.0,0.0,1.0,0.0,1.0,0.0,1.0,0.0,1.0,0.0,1.0,0.0,1.0,0.0,0.9,0.1,1.0,0.0,1.0,0.0,1.0,0.0,1.0,0.0,0.9,0.1,1.0,0.0,1.0,0.0,1.0,0.0,1.0,0.0,1.0,0.0,0.0,0.0,1.0,0.0,1.0,0.0,1.0,0.0,1.0,0.0,0.3,0.7,0.0,0.0,1.0,0.0,1.0,0.0,1.0,0.0,1.0,0.0,0.7,0.0,0.7,0.0,1.0,0.0,1.0,0.0
1952-07-31,0.6,0.4,1.0,0.0,0.2,0.8,1.0,0.0,1.0,0.0,1.0,0.0,1.0,0.0,0.18868230282413367,0.8113176971758663,1.0,0.0,0.6,0.4,1.0,0.0,1.0,0.0,1.0,0.0,1.0,0.0,1.0,0.0,1.0,0.0,1.0,0.0,1.0,0.0,1.0,0.0,1.0,0.0,1.0,0.0,0.0,0.0,1.0,0.0,1.0,0.0,1.0,0.0,1.0,0.0,1.0,0.0,1.0,0.0,0.9,0.1,1.0,0.0,1.0,0.0,1.0,0.0,1.0,0.0,0.9,0.1,1.0,0.0,1.0,0.0,1.0,0.0,1.0,0.0,1.0,0.0,0.0,0.0,1.0,0.0,1.0,0.0,1.0,0.0,1.0,0.0,0.3,0.7,0.0,0.0,1.0,0.0,1.0,0.0,1.0,0.0,1.0,0.0,0.7,0.0,0.7,0.0,1.0,0.0,1.0,0.0
1952-08-31,0.6,0.4,1.0,0.0,0.2,0.8,1.0,0.0,1.0,0.0,1.0,0.0,1.0,0.0,0.18418465685059263,0.8158153431494074,1.0,0.0,0.6,0.4,1.0,0.0,1.0,0.0,1.0,0.0,1.0,0.0,1.0,0.0,1.0,0.0,1.0,0.0,1.0,0.0,1.0,0.0,1.0,0.0,1.0,0.0,0.0,0.0,1.0,0.0,1.0,0.0,1.0,0.0,1.0,0.0,1.0,0.0,1.0,0.0,0.9,0.1,1.0,0.0,1.0,0.0,1.0,0.0,1.0,0.0,0.9,0.1,1.0,0.0,1.0,0.0,1.0,0.0,1.0,0.0,1.0,0.0,0.0,0.0,1.0,0.0,1.0,0.0,1.0,0.0,1.0,0.0,0.2,0.8,0.0,0.0,1.0,0.0,1.0,0.0,1.0,0.0,1.0,0.0,0.7,0.0,0.7,0.0,1.0,0.0,1.0,0.0
1952-09-30,0.6,0.4,1.0,0.0,0.2,0.8,0.9457080338053762,0.0,1.0,0.0,1.0,0.0,1.0,0.0,0.18819583405034015,0.8118041659496599,0.0,0.0,0.0,0.0,1.0,0.0,1.0,0.0,1.0,0.0,1.0,0.0,1.0,0.0,1.0,0.0,1.0,0.0,1.0,0.0,1.0,0.0,1.0,0.0,1.0,0.0,0.0,0.0,1.0,0.0,1.0,0.0,1.0,0.0,1.0,0.0,1.0,0.0,1.0,0.0,0.9,0.1,1.0,0.0,1.0,0.0,1.0,0.0,1.0,0.0,0.9,0.1,1.0,0.0,1.0,0.0,1.0,0.0,1.0,0.0,1.0,0.0,0.0,0.0,1.0,0.0,1.0,0.0,1.0,0.0,1.0,0.0,0.1,0.9,0.0,0.0,1.0,0.0,1.0,0.0,1.0,0.0,1.0,0.0,0.7,0.0,0.7,0.0,1.0,0.0,1.0,0.0
1952-10-31,0.6,0.4,1.0,0.0,0.2,0.8,0.44679099783008314,0.0,1.0,0.0,1.0,0.0,1.0,0.0,0.19642743289997713,0.8035725671000228,0.0,0.0,0.0,0.0,1.0,0.0,1.0,0.0,1.0,0.0,1.0,0.0,1.0,0.0,1.0,0.0,1.0,0.0,1.0,0.0,1.0,0.0,1.0,0.0,1.0,0.0,0.0,0.0,1.0,0.0,1.0,0.0,1.0,0.0,1.0,0.0,1.0,0.0,1.0,0.0,0.9,0.1,1.0,0.0,1.0,0.0,1.0,0.0,1.0,0.0,0.9,0.1,1.0,0.0,1.0,0.0,1.0,0.0,1.0,0.0,1.0,0.0,0.0,0.0,1.0,0.0,1.0,0.0,1.0,0.0,1.0,0.0,0.2,0.8,0.0,0.0,1.0,0.0,1.0,0.0,1.0,0.0,1.0,0.0,0.7,0.0,0.7,0.0,1.0,0.0,1.0,0.0
1952-11-30,0.6,0.4,1.0,0.0,0.2,0.8,0.7193076203623394,0.0,1.0,0.0,1.0,0.0,1.0,0.0,0.19215659895031187,0.807843401049688,1.0,0.0,0.6,0.4,1.0,0.0,1.0,0.0,1.0,0.0,1.0,0.0,1.0,0.0,1.0,0.0,1.0,0.0,1.0,0.0,1.0,0.0,1.0,0.0,1.0,0.0,0.0,0.0,1.0,0.0,1.0,0.0,1.0,0.0,1.0,0.0,1.0,0.0,1.0,0.0,0.9,0.1,1.0,0.0,1.0,0.0,1.0,0.0,1.0,0.0,0.9,0.1,1.0,0.0,1.0,0.0,1.0,0.0,1.0,0.0,1.0,0.0,0.0,0.0,1.0,0.0,1.0,0.0,1.0,0.0,1.0,0.0,0.2,0.8,0.0,0.0,1.0,0.0,1.0,0.0,1.0,0.0,1.0,0.0,0.7,0.0,0.7,0.0,1.0,0.0,1.0,0.0
1952-12-31,0.6,0.4,1.0,0.0,0.2,0.8,1.0,0.0,1.0,0.0,1.0,0.0,1.0,0.0,0.19552554403034492,0.8044744559696551,1.0,0.0,0.6,0.4,1.0,0.0,1.0,0.0,1.0,0.0,1.0,0.0,1.0,0.0,1.0,0.0,1.0,0.0,1.0,0.0,1.0,0.0,1.0,0.0,1.0,0.0,1.0,0.0,1.0,0.0,1.0,0.0,1.0,0.0,1.0,0.0,1.0,0.0,1.0,0.0,1.0,0.0,1.0,0.0,1.0,0.0,1.0,0.0,1.0,0.0,1.0,0.0,1.0,0.0,1.0,0.0,1.0,0.0,1.0,0.0,1.0,0.0,1.0,0.0,1.0,0.0,1.0,0.0,1.0,0.0,1.0,0.0,0.7,0.3,0.0,0.0,1.0,0.0,1.0,0.0,1.0,0.0,1.0,0.0,0.7,0.0,0.7,0.0,1.0,0.0,1.0,0.0
1953-01-31,0.6,0.4,1.0,0.0,0.2,0.8,1.0,0.0,1.0,0.0,1.0,0.0,1.0,0.0,0.1938630580637756,0.8061369419362244,1.0,0.0,0.6,0.4,1.0,0.0,1.0,0.0,1.0,0.0,1.0,0.0,1.0,0.0,1.0,0.0,1.0,0.0,1.0,0.0,1.0,0.0,1.0,0.0,1.0,0.0,1.0,0.0,1.0,0.0,1.0,0.0,1.0,0.0,1.0,0.0,1.0,0.0,1.0,0.0,1.0,0.0,1.0,0.0,1.0,0.0,1.0,0.0,1.0,0.0,1.0,0.0,1.0,0.0,1.0,0.0,1.0,0.0,1.0,0.0,1.0,0.0,1.0,0.0,1.0,0.0,1.0,0.0,1.0,0.0,1.0,0.0,1.0,0.0,0.0,0.0,1.0,0.0,1.0,0.0,1.0,0.0,1.0,0.0,0.7,0.0,0.7,0.0,1.0,0.0,1.0,0.0
1953-02-28,0.6,0.4,1.0,0.0,0.2,0.8,1.0,0.0,1.0,0.0,1.0,0.0,1.0,0.0,0.19527601180688545,0.8047239881931146,1.0,0.0,0.6,0.4,1.0,0.0,1.0,0.0,1.0,0.0,1.0,0.0,1.0,0.0,1.0,0.0,1.0,0.0,1.0,0.0,1.0,0.0,1.0,0.0,1.0,0.0,1.0,0.0,1.0,0.0,1.0,0.0,1.0,0.0,1.0,0.0,1.0,0.0,1.0,0.0,1.0,0.0,1.0,0.0,1.0,0.0,1.0,0.0,1.0,0.0,1.0,0.0,1.0,0.0,1.0,0.0,1.0,0.0,1.0,0.0,1.0,0.0,1.0,0.0,1.0,0.0,1.0,0.0,1.0,0.0,1.0,0.0,0.7,0.3,0.0,0.0,1.0,0.0,1.0,0.0,1.0,0.0,1.0,0.0,0.7,0.0,0.7,0.0,1.0,0.0,1.0,0.0
1953-03-31,0.6,0.4,1.0,0.0,0.2,0.8,0.5127631579405006,0.0,1.0,0.0,1.0,0.0,1.0,0.0,0.19570894063139885,0.8042910593686012,1.0,0.0,0.6,0.4,1.0,0.0,1.0,0.0,1.0,0.0,1.0,0.0,1.0,0.0,1.0,0.0,1.0,0.0,1.0,0.0,1.0,0.0,1.0,0.0,1.0,0.0,1.0,0.0,1.0,0.0,1.0,0.0,1.0,0.0,1.0,0.0,1.0,0.0,1.0,0.0,1.0,0.0,1.0,0.0,1.0,0.0,1.0,0.0,1.0,0.0,1.0,0.0,1.0,0.0,1.0,0.0,1.0,0.0,1.0,0.0,1.0,0.0,1.0,0.0,1.0,0.0,1.0,0.0,1.0,0.0,1.0,0.0,0.7,0.3,0.0,0.0,1.0,0.0,1.0,0.0,1.0,0.0,1.0,0.0,0.7,0.0,0.7,0.0,1.0,0.0,1.0,0.0
1953-04-30,0.6,0.4,1.0,0.0,0.2,0.8,0.3374490064052667,0.0,0.0,0.0,0.0,1.0,1.0,0.0,0.1960168849631748,0.8039831150368252,1.0,0.0,0.6,0.4,1.0,0.0,1.0,0.0,1.0,0.0,1.0,0.0,1.0,0.0,1.0,0.0,1.0,0.0,1.0,0.0,1.0,0.0,1.0,0.0,1.0,0.0,1.0,0.0,1.0,0.0,1.0,0.0,1.0,0.0,1.0,0.0,1.0,0.0,1.0,0.0,1.0,0.0,1.0,0.0,1.0,0.0,1.0,0.0,1.0,0.0,1.0,0.0,1.0,0.0,1.0,0.0,1.0,0.0,1.0,0.0,1.0,0.0,1.0,0.0,1.0,0.0,1.0,0.0,1.0,0.0,1.0,0.0,0.6,0.4,0.0,0.0,1.0,0.0,1.0,0.0,1.0,0.0,1.0,0.0,0.7,0.0,0.7,0.0,1.0,0.0,1.0,0.0
1953-05-31,0.6,0.4,1.0,0.0,0.2,0.8,0.7880164014355608,0.0,1.0,0.0,1.0,0.0,1.0,0.0,0.20288609753628192,0.797113902463718,0.0,0.0,0.0,0.0,1.0,0.0,1.0,0.0,1.0,0.0,1.0,0.0,1.0,0.0,1.0,0.0,1.0,0.0,1.0,0.0,1.0,0.0,1.0,0.0,1.0,0.0,1.0,0.0,1.0,0.0,1.0,0.0,1.0,0.0,1.0,0.0,1.0,0.0,1.0,0.0,1.0,0.0,1.0,0.0,1.0,0.0,1.0,0.0,1.0,0.0,1.0,0.0,1.0,0.0,1.0,0.0,1.0,0.0,1.0,0.0,1.0,0.0,1.0,0.0,1.0,0.0,1.0,0.0,0.8,0.2,1.0,0.0,0.6,0.4,0.0,0.0,0.8,0.2,1.0,0.0,1.0,0.0,1.0,0.0,0.7,0.0,0.7,0.0,1.0,0.0,1.0,0.0
1953-06-30,0.6,0.4,1.0,0.0,0.2,0.8,0.3062387179599973,0.0,0.0,0.0,0.0,1.0,1.0,0.0,0.2305476754433363,0.7694523245566638,0.0,0.0,0.0,0.0,1.0,0.0,1.0,0.0,1.0,0.0,1.0,0.0,1.0,0.0,1.0,0.0,1.0,0.0,1.0,0.0,1.0,0.0,1.0,0.0,1.0,0.0,1.0,0.0,1.0,0.0,1.0,0.0,1.0,0.0,1.0,0.0,1.0,0.0,1.0,0.0,1.0,0.0,1.0,0.0,1.0,0.0,1.0,0.0,1.0,0.0,1.0,0.0,1.0,0.0,1.0,0.0,1.0,0.0,1.0,0.0,1.0,0.0,1.0,0.0,1.0,0.0,1.0,0.0,0.3,0.7,1.0,0.0,0.4,0.6,0.0,0.0,0.3,0.7,1.0,0.0,0.4,0.6,0.8,0.0,0.7,0.0,0.7,0.0,1.0,0.0,1.0,0.0
1953-07-31,0.6,0.4,1.0,0.0,0.2,0.8,0.7041542984098872,0.0,1.0,0.0,1.0,0.0,1.0,0.0,0.22959983883503995,0.7704001611649601,0.0,0.0,0.0,0.0,1.0,0.0,1.0,0.0,1.0,0.0,1.0,0.0,1.0,0.0,1.0,0.0,1.0,0.0,1.0,0.0,1.0,0.0,1.0,0.0,1.0,0.0,1.0,0.0,1.0,0.0,1.0,0.0,1.0,0.0,1.0,0.0,1.0,0.0,1.0,0.0,1.0,0.0,1.0,0.0,1.0,0.0,1.0,0.0,1.0,0.0,1.0,0.0,1.0,0.0,1.0,0.0,1.0,0.0,1.0,0.0,1.0,0.0,1.0,0.0,1.0,0.0,1.0,0.0,1.0,0.0,1.0,0.0,1.0,0.0,0.0,0.0,1.0,0.0,1.0,0.0,0.9,0.1,1.0,0.0,0.7,0.0,0.7,0.0,1.0,0.0,1.0,0.0
1953-08-31,0.6,0.4,1.0,0.0,0.2,0.8,0.5159713740034777,0.0,0.0,0.0,0.0,1.0,0.0,0.0,0.22498010182378153,0.7750198981762185,0.0,0.0,0.0,0.0,1.0,0.0,1.0,0.0,1.0,0.0,1.0,0.0,1.0,0.0,1.0,0.0,1.0,0.0,1.0,0.0,1.0,0.0,1.0,0.0,1.0,0.0,1.0,0.0,1.0,0.0,1.0,0.0,1.0,0.0,1.0,0.0,1.0,0.0,1.0,0.0,1.0,0.0,1.0,0.0,1.0,0.0,1.0,0.0,1.0,0.0,1.0,0.0,1.0,0.0,1.0,0.0,1.0,0.0,1.0,0.0,1.0,0.0,1.0,0.0,1.0,0.0,1.0,0.0,1.0,0.0,1.0,0.0,1.0,0.0,0.0,0.0,1.0,0.0,1.0,0.0,1.0,0.0,1.0,0.0,0.7,0.0,0.7,0.0,1.0,0.0,1.0,0.0
1953-09-30,0.6,0.4,1.0,0.0,0.2,0.8,0.29503444489247993,0.0,0.0,0.0,0.0,1.0,1.0,0.0,0.25280552996963856,0.7471944700303614,0.0,0.0,0.0,0.0,1.0,0.0,1.0,0.0,1.0,0.0,1.0,0.0,1.0,0.0,1.0,0.0,1.0,0.0,1.0,0.0,1.0,0.0,1.0,0.0,1.0,0.0,1.0,0.0,1.0,0.0,1.0,0.0,1.0,0.0,1.0,0.0,1.0,0.0,1.0,0.0,1.0,0.0,1.0,0.0,1.0,0.0,1.0,0.0,1.0,0.0,1.0,0.0,1.0,0.0,1.0,0.0,1.0,0.0,1.0,0.0,1.0,0.0,1.0,0.0,1.0,0.0,1.0,0.0,0.0,1.0,0.0,0.0,0.3,0.7,0.0,0.0,0.0,1.0,0.0,0.0,0.0,1.0,0.2,0.4,0.7,0.0,0.7,0.0,1.0,0.0,1.0,0.0
1953-10-31,0.6,0.4,1.0,0.0,0.2,0.8,0.6454269343732563,0.0,1.0,0.0,1.0,0.0,1.0,0.0,0.2503072407680825,0.7496927592319176,1.0,0.0,0.6,0.4,1.0,0.0,1.0,0.0,1.0,0.0,1.0,0.0,1.0,0.0,1.0,0.0,1.0,0.0,1.0,0.0,1.0,0.0,1.0,0.0,1.0,0.0,1.0,0.0,1.0,0.0,1.0,0.0,1.0,0.0,1.0,0.0,1.0,0.0,1.0,0.0,1.0,0.0,1.0,0.0,1.0,0.0,1.0,0.0,1.0,0.0,1.0,0.0,1.0,0.0,1.0,0.0,1.0,0.0,1.0,0.0,1.0,0.0,1.0,0.0,1.0,0.0,1.0,0.0,0.4,0.6,1.0,0.0,0.7,0.3,0.0,0.0,0.4,0.6,1.0,0.0,0.3,0.7,0.3,0.4,0.7,0.0,0.7,0.0,1.0,0.0,1.0,0.0
1953-11-30,0.6,0.4,1.0,0.0,0.2,0.8,1.0,0.0,1.0,0.0,1.0,0.0,1.0,0.0,0.2504579718055112,0.7495420281944888,1.0,0.0,0.6,0.4,1.0,0.0,1.0,0.0,1.0,0.0,1.0,0.0,1.0,0.0,1.0,0.0,1.0,0.0,1.0,0.0,1.0,0.0,1.0,0.0,1.0,0.0,1.0,0.0,1.0,0.0,1.0,0.0,1.0,0.0,1.0,0.0,1.0,0.0,1.0,0.0,1.0,0.0,1.0,0.0,1.0,0.0,1.0,0.0,1.0,0.0,1.0,0.0,1.0,0.0,1.0,0.0,1.0,0.0,1.0,0.0,1.0,0.0,1.0,0.0,1.0,0.0,1.0,0.0,0.9,0.1,1.0,0.0,0.7,0.3,0.0,0.0,0.9,0.1,1.0,0.0,0.9,0.1,0.7,0.3,0.7,0.0,0.7,0.0,1.0,0.0,1.0,0.0
1953-12-31,0.6,0.4,1.0,0.0,0.2,0.8,0.8610722398957286,0.0,1.0,0.0,1.0,0.0,0.0,0.0,0.2659898366548531,0.7340101633451469,1.0,0.0,0.6,0.4,1.0,0.0,1.0,0.0,1.0,0.0,1.0,0.0,1.0,0.0,1.0,0.0,1.0,0.0,1.0,0.0,1.0,0.0,1.0,0.0,1.0,0.0,1.0,0.0,1.0,0.0,1.0,0.0,1.0,0.0,1.0,0.0,0.9,0.1,1.0,0.0,1.0,0.0,1.0,0.0,1.0,0.0,1.0,0.0,0.9,0.1,1.0,0.0,1.0,0.0,1.0,0.0,0.9,0.1,1.0,0.0,1.0,0.0,1.0,0.0,1.0,0.0,1.0,0.0,0.9,0.1,1.0,0.0,0.6,0.4,0.0,0.0,0.6,0.4,0.0,0.0,0.9,0.1,0.7,0.3,0.7,0.0,0.7,0.0,1.0,0.0,1.0,0.0
1954-01-31,0.6,0.4,1.0,0.0,0.2,0.8,0.6557551042828859,0.0,1.0,0.0,1.0,0.0,1.0,0.0,0.2685679709680311,0.7314320290319689,0.0,0.0,0.0,0.0,1.0,0.0,1.0,0.0,1.0,0.0,1.0,0.0,1.0,0.0,1.0,0.0,1.0,0.0,1.0,0.0,1.0,0.0,1.0,0.0,1.0,0.0,1.0,0.0,1.0,0.0,1.0,0.0,1.0,0.0,1.0,0.0,0.9,0.1,1.0,0.0,1.0,0.0,1.0,0.0,1.0,0.0,1.0,0.0,0.9,0.1,1.0,0.0,1.0,0.0,1.0,0.0,0.9,0.1,1.0,0.0,1.0,0.0,1.0,0.0,1.0,0.0,1.0,0.0,1.0,0.0,1.0,0.0,0.7,0.3,0.0,0.0,0.7,0.3,0.0,0.0,1.0,0.0,0.9,0.1,0.7,0.0,0.7,0.0,1.0,0.0,1.0,0.0
1954-02-28,0.6,0.4,1.0,0.0,0.2,0.8,0.9484467063808529,0.0,1.0,0.0,1.0,0.0,1.0,0.0,0.27854464998942885,0.7214553500105712,1.0,0.0,0.6,0.4,1.0,0.0,1.0,0.0,1.0,0.0,1.0,0.0,1.0,0.0,1.0,0.0,1.0,0.0,1.0,0.0,1.0,0.0,1.0,0.0,1.0,0.0,1.0,0.0,1.0,0.0,1.0,0.0,1.0,0.0,1.0,0.0,0.9,0.1,1.0,0.0,1.0,0.0,1.0,0.0,1.0,0.0,1.0,0.0,0.9,0.1,0.9,0.1,0.9,0.1,1.0,0.0,0.9,0.1,1.0,0.0,1.0,0.0,1.0,0.0,1.0,0.0,1.0,0.0,0.7,0.3,1.0,0.0,0.5,0.5,0.0,0.0,0.5,0.5,0.0,0.0,0.9,0.1,0.9,0.1,0.7,0.0,0.7,0.0,1.0,0.0,1.0,0.0
1954-03-31,0.6,0.4,1.0,0.0,0.2,0.8,0.8715426464345964,0.0,1.0,0.0,1.0,0.0,1.0,0.0,0.2733067183927693,0.7266932816072308,1.0,0.0,0.6,0.4,1.0,0.0,1.0,0.0,1.0,0.0,1.0,0.0,1.0,0.0,1.0,0.0,1.0,0.0,1.0,0.0,1.0,0.0,1.0,0.0,1.0,0.0,1.0,0.0,1.0,0.0,1.0,0.0,1.0,0.0,1.0,0.0,0.9,0.1,1.0,0.0,1.0,0.0,1.0,0.0,1.0,0.0,1.0,0.0,0.9,0.1,0.9,0.1,1.0,0.0,1.0,0.0,0.9,0.1,1.0,0.0,1.0,0.0,1.0,0.0,1.0,0.0,1.0,0.0,1.0,0.0,1.0,0.0,0.9,0.1,0.0,0.0,0.9,0.1,0.0,0.0,1.0,0.0,0.9,0.1,0.7,0.0,0.7,0.0,1.0,0.0,1.0,0.0
1954-04-30,0.6,0.4,1.0,0.0,0.2,0.8,0.5643237407377967,0.0,1.0,0.0,1.0,0.0,1.0,0.0,0.27469855896717277,0.7253014410328272,1.0,0.0,0.6,0.4,1.0,0.0,1.0,0.0,1.0,0.0,1.0,0.0,1.0,0.0,1.0,0.0,1.0,0.0,1.0,0.0,0.9,0.1,1.0,0.0,1.0,0.0,1.0,0.0,1.0,0.0,1.0,0.0,1.0,0.0,1.0,0.0,0.9,0.1,1.0,0.0,1.0,0.0,1.0,0.0,1.0,0.0,1.0,0.0,0.9,0.1,0.9,0.1,1.0,0.0,1.0,0.0,0.9,0.1,1.0,0.0,1.0,0.0,1.0,0.0,1.0,0.0,1.0,0.0,1.0,0.0,1.0,0.0,0.7,0.3,0.0,0.0,0.7,0.3,0.0,0.0,1.0,0.0,1.0,0.0,0.7,0.0,0.7,0.0,1.0,0.0,1.0,0.0
1954-05-31,0.6,0.4,1.0,0.0,0.2,0.8,1.0,0.0,1.0,0.0,1.0,0.0,1.0,0.0,0.27783743599466293,0.7221625640053371,1.0,0.0,0.6,0.4,1.0,0.0,1.0,0.0,1.0,0.0,1.0,0.0,1.0,0.0,1.0,0.0,1.0,0.0,1.0,0.0,0.8,0.2,1.0,0.0,1.0,0.0,1.0,0.0,1.0,0.0,1.0,0.0,1.0,0.0,1.0,0.0,0.9,0.1,1.0,0.0,1.0,0.0,1.0,0.0,1.0,0.0,1.0,0.0,0.9,0.1,0.9,0.1,1.0,0.0,1.0,0.0,0.9,0.1,1.0,0.0,1.0,0.0,1.0,0.0,1.0,0.0,1.0,0.0,1.0,0.0,1.0,0.0,0.7,0.3,0.0,0.0,0.7,0.3,0.0,0.0,1.0,0.0,1.0,0.0,0.7,0.0,0.7,0.0,1.0,0.0,1.0,0.0
1954-06-30,0.6,0.4,1.0,0.0,0.2,0.8,0.4033959261064021,0.0,1.0,0.0,1.0,0.0,1.0,0.0,0.2849752324506358,0.7150247675493642,1.0,0.0,0.6,0.4,1.0,0.0,1.0,0.0,1.0,0.0,1.0,0.0,1.0,0.0,1.0,0.0,1.0,0.0,1.0,0.0,0.4,0.6,1.0,0.0,0.3,0.7,0.0,0.0,0.9,0.1,0.0,0.0,0.5,0.5,0.9,0.0,0.9,0.1,1.0,0.0,1.0,0.0,1.0,0.0,1.0,0.0,1.0,0.0,0.9,0.1,0.9,0.1,0.9,0.1,1.0,0.0,0.9,0.1,1.0,0.0,1.0,0.0,1.0,0.0,1.0,0.0,1.0,0.0,1.0,0.0,1.0,0.0,0.7,0.3,0.0,0.0,0.7,0.3,0.0,0.0,1.0,0.0,1.0,0.0,0.7,0.0,0.7,0.0,1.0,0.0,1.0,0.0
1954-07-31,0.6,0.4,1.0,0.0,0.2,0.8,0.6977930319913408,0.0,1.0,0.0,1.0,0.0,1.0,0.0,0.29162263788016224,0.7083773621198377,1.0,0.0,0.6,0.4,1.0,0.0,1.0,0.0,1.0,0.0,1.0,0.0,1.0,0.0,1.0,0.0,1.0,0.0,1.0,0.0,0.2,0.8,0.0,0.0,0.1,0.9,0.0,0.0,0.9,0.1,0.0,0.0,0.3,0.7,0.6,0.0,0.9,0.1,1.0,0.0,1.0,0.0,1.0,0.0,1.0,0.0,1.0,0.0,0.9,0.1,0.9,0.1,0.9,0.1,1.0,0.0,0.9,0.1,1.0,0.0,1.0,0.0,1.0,0.0,1.0,0.0,1.0,0.0,1.0,0.0,1.0,0.0,0.6,0.4,0.0,0.0,0.6,0.4,0.0,0.0,1.0,0.0,1.0,0.0,0.7,0.0,0.7,0.0,1.0,0.0,1.0,0.0
1954-08-31,0.6,0.4,1.0,0.0,0.2,0.8,0.3679984377860421,0.0,1.0,0.0,1.0,0.0,1.0,0.0,0.29074778080754965,0.7092522191924503,0.0,0.0,0.0,0.0,1.0,0.0,1.0,0.0,1.0,0.0,1.0,0.0,1.0,0.0,1.0,0.0,1.0,0.0,1.0,0.0,0.1,0.9,0.0,0.0,0.1,0.9,0.0,0.0,0.9,0.1,0.0,0.0,0.2,0.8,0.3,0.7,0.9,0.1,1.0,0.0,1.0,0.0,1.0,0.0,1.0,0.0,1.0,0.0,0.9,0.1,0.9,0.1,1.0,0.0,1.0,0.0,0.9,0.1,1.0,0.0,1.0,0.0,1.0,0.0,1.0,0.0,1.0,0.0,1.0,0.0,1.0,0.0,0.7,0.3,0.0,0.0,0.7,0.3,0.0,0.0,1.0,0.0,1.0,0.0,0.7,0.0,0.7,0.0,1.0,0.0,1.0,0.0
1954-09-30,0.6,0.4,1.0,0.0,0.2,0.8,0.6601806223531177,0.0,1.0,0.0,1.0,0.0,1.0,0.0,0.27889826792398303,0.721101732076017,1.0,0.0,0.6,0.4,1.0,0.0,1.0,0.0,1.0,0.0,1.0,0.0,1.0,0.0,1.0,0.0,1.0,0.0,1.0,0.0,0.1,0.9,0.0,0.0,0.1,0.9,0.0,0.0,0.9,0.1,0.0,0.0,0.2,0.8,0.3,0.7,0.9,0.1,1.0,0.0,1.0,0.0,1.0,0.0,1.0,0.0,1.0,0.0,0.9,0.1,0.9,0.1,1.0,0.0,1.0,0.0,0.9,0.1,1.0,0.0,1.0,0.0,1.0,0.0,1.0,0.0,1.0,0.0,1.0,0.0,1.0,0.0,0.7,0.3,0.0,0.0,0.7,0.3,0.0,0.0,1.0,0.0,1.0,0.0,0.7,0.0,0.7,0.0,1.0,0.0,1.0,0.0
1954-10-31,0.6,0.4,1.0,0.0,0.2,0.8,0.7650197806919535,0.0,1.0,0.0,1.0,0.0,1.0,0.0,0.28056014369440896,0.7194398563055909,1.0,0.0,0.6,0.4,1.0,0.0,1.0,0.0,1.0,0.0,1.0,0.0,1.0,0.0,1.0,0.0,1.0,0.0,1.0,0.0,0.1,0.9,0.0,0.0,0.1,0.9,0.0,0.0,0.9,0.1,0.0,0.0,0.2,0.8,0.3,0.7,0.9,0.1,1.0,0.0,1.0,0.0,1.0,0.0,1.0,0.0,1.0,0.0,0.9,0.1,0.9,0.1,1.0,0.0,1.0,0.0,0.9,0.1,1.0,0.0,1.0,0.0,1.0,0.0,1.0,0.0,1.0,0.0,1.0,0.0,1.0,0.0,1.0,0.0,0.0,0.0,1.0,0.0,0.0,0.0,1.0,0.0,1.0,0.0,0.7,0.0,0.7,0.0,1.0,0.0,1.0,0.0
1954-11-30,0.6,0.4,1.0,0.0,0.2,0.8,0.2931400955689064,0.0,1.0,0.0,1.0,0.0,1.0,0.0,0.2564535096693416,0.7435464903306584,1.0,0.0,0.6,0.4,1.0,0.0,1.0,0.0,1.0,0.0,1.0,0.0,1.0,0.0,1.0,0.0,1.0,0.0,1.0,0.0,0.1,0.9,0.0,0.0,0.1,0.9,0.0,0.0,0.9,0.1,0.0,0.0,0.1,0.9,0.1,0.9,0.9,0.1,1.0,0.0,1.0,0.0,1.0,0.0,1.0,0.0,1.0,0.0,0.9,0.1,0.9,0.1,1.0,0.0,1.0,0.0,0.9,0.1,1.0,0.0,1.0,0.0,1.0,0.0,1.0,0.0,1.0,0.0,1.0,0.0,1.0,0.0,0.5,0.5,0.0,0.0,0.5,0.5,0.0,0.0,1.0,0.0,1.0,0.0,0.7,0.0,0.7,0.0,1.0,0.0,0.8,0.2
1954-12-31,0.6,0.4,1.0,0.0,0.3,0.7,0.4679755647729447,0.0,1.0,0.0,1.0,0.0,1.0,0.0,0.2516703299923641,0.7483296700076358,1.0,0.0,0.6,0.4,1.0,0.0,1.0,0.0,1.0,0.0,1.0,0.0,1.0,0.0,1.0,0.0,1.0,0.0,1.0,0.0,0.1,0.9,0.0,0.0,0.2,0.8,0.0,0.0,0.2,0.8,0.0,0.0,0.1,0.9,0.1,0.9,1.0,0.0,1.0,0.0,1.0,0.0,1.0,0.0,1.0,0.0,1.0,0.0,1.0,0.0,1.0,0.0,1.0,0.0,1.0,0.0,1.0,0.0,1.0,0.0,1.0,0.0,1.0,0.0,1.0,0.0,1.0,0.0,1.0,0.0,1.0,0.0,1.0,0.0,0.0,0.0,1.0,0.0,0.0,0.0,1.0,0.0,1.0,0.0,0.7,0.0,0.7,0.0,1.0,0.0,1.0,0.0
1955-01-31,0.6,0.4,1.0,0.0,0.3,0.7,0.1874732504875293,0.0,1.0,0.0,1.0,0.0,1.0,0.0,0.26642489955582266,0.7335751004441773,1.0,0.0,0.6,0.4,1.0,0.0,1.0,0.0,1.0,0.0,1.0,0.0,1.0,0.0,1.0,0.0,1.0,0.0,1.0,0.0,0.1,0.9,0.0,0.0,0.2,0.8,0.0,0.0,0.2,0.8,0.0,0.0,0.1,0.9,0.1,0.9,1.0,0.0,1.0,0.0,1.0,0.0,1.0,0.0,1.0,0.0,1.0,0.0,1.0,0.0,1.0,0.0,1.0,0.0,1.0,0.0,1.0,0.0,1.0,0.0,1.0,0.0,1.0,0.0,1.0,0.0,1.0,0.0,0.3,0.7,1.0,0.0,0.4,0.6,0.0,0.0,0.4,0.6,0.0,0.0,0.4,0.6,0.9,0.0,0.7,0.0,0.7,0.0,1.0,0.0,1.0,0.0
1955-02-28,0.6,0.4,1.0,0.0,0.3,0.7,0.7191812872262041,0.0,1.0,0.0,1.0,0.0,1.0,0.0,0.27231369726632115,0.7276863027336788,1.0,0.0,0.6,0.4,1.0,0.0,1.0,0.0,1.0,0.0,1.0,0.0,1.0,0.0,1.0,0.0,1.0,0.0,1.0,0.0,0.1,0.9,0.0,0.0,0.2,0.8,0.0,0.0,0.2,0.8,0.0,0.0,0.1,0.9,0.1,0.9,1.0,0.0,1.0,0.0,1.0,0.0,1.0,0.0,1.0,0.0,1.0,0.0,1.0,0.0,1.0,0.0,1.0,0.0,1.0,0.0,1.0,0.0,1.0,0.0,1.0,0.0,1.0,0.0,1.0,0.0,1.0,0.0,0.8,0.2,1.0,0.0,0.7,0.3,0.0,0.0,0.7,0.3,0.0,0.0,0.7,0.3,0.9,0.0,0.7,0.0,0.7,0.0,1.0,0.0,1.0,0.0
1955-03-31,0.6,0.4,1.0,0.0,0.3,0.7,0.1424025313908433,0.0,1.0,0.0,1.0,0.0,1.0,0.0,0.27314373119435764,0.7268562688056425,0.0,0.0,0.0,0.0,1.0,0.0,1.0,0.0,1.0,0.0,0.0,0.0,1.0,0.0,0.0,0.0,1.0,0.0,1.0,0.0,0.1,0.9,0.0,0.0,0.2,0.8,1.0,0.0,0.2,0.8,0.0,0.0,0.1,0.9,0.1,0.9,1.0,0.0,1.0,0.0,1.0,0.0,1.0,0.0,1.0,0.0,1.0,0.0,1.0,0.0,1.0,0.0,1.0,0.0,1.0,0.0,1.0,0.0,1.0,0.0,1.0,0.0,1.0,0.0,1.0,0.0,1.0,0.0,1.0,0.0,1.0,0.0,0.8,0.2,0.0,0.0,0.8,0.2,0.0,0.0,1.0,0.0,1.0,0.0,0.7,0.0,0.7,0.0,1.0,0.0,1.0,0.0
1955-04-30,0.6,0.4,1.0,0.0,0.3,0.7,0.7957477870293888,0.0,1.0,0.0,1.0,0.0,1.0,0.0,0.28043893814073534,0.7195610618592646,1.0,0.0,0.6,0.4,1.0,0.0,1.0,0.0,1.0,0.0,1.0,0.0,1.0,0.0,1.0,0.0,1.0,0.0,1.0,0.0,0.1,0.9,0.0,0.0,0.1,0.8,1.0,0.0,1.0,0.0,1.0,0.0,0.1,0.9,0.1,0.9,1.0,0.0,1.0,0.0,1.0,0.0,1.0,0.0,1.0,0.0,1.0,0.0,1.0,0.0,1.0,0.0,1.0,0.0,1.0,0.0,1.0,0.0,1.0,0.0,1.0,0.0,1.0,0.0,1.0,0.0,1.0,0.0,1.0,0.0,1.0,0.0,1.0,0.0,0.0,0.0,1.0,0.0,0.0,0.0,1.0,0.0,1.0,0.0,0.7,0.0,0.7,0.0,1.0,0.0,1.0,0.0
1955-05-31,0.6,0.4,1.0,0.0,0.3,0.7,0.5204880149350638,0.0,1.0,0.0,1.0,0.0,1.0,0.0,0.281103324109944,0.718896675890056,1.0,0.0,0.6,0.4,1.0,0.0,1.0,0.0,1.0,0.0,1.0,0.0,1.0,0.0,1.0,0.0,1.0,0.0,1.0,0.0,0.1,0.9,0.0,0.0,0.1,0.7,1.0,0.0,1.0,0.0,1.0,0.0,0.1,0.9,0.1,0.9,1.0,0.0,1.0,0.0,1.0,0.0,1.0,0.0,1.0,0.0,1.0,0.0,1.0,0.0,1.0,0.0,1.0,0.0,1.0,0.0,1.0,0.0,1.0,0.0,1.0,0.0,1.0,0.0,1.0,0.0,1.0,0.0,1.0,0.0,1.0,0.0,1.0,0.0,0.0,0.0,1.0,0.0,0.0,0.0,1.0,0.0,1.0,0.0,0.7,0.0,0.7,0.0,1.0,0.0,1.0,0.0
1955-06-30,0.6,0.4,1.0,0.0,0.3,0.7,0.7825748396490798,0.0,1.0,0.0,1.0,0.0,1.0,0.0,0.27714609100729803,0.7228539089927021,1.0,0.0,0.6,0.4,1.0,0.0,1.0,0.0,1.0,0.0,1.0,0.0,1.0,0.0,1.0,0.0,1.0,0.0,1.0,0.0,0.2,0.8,0.0,0.0,0.1,0.8,1.0,0.0,1.0,0.0,1.0,0.0,0.1,0.9,0.1,0.9,1.0,0.0,1.0,0.0,1.0,0.0,1.0,0.0,1.0,0.0,1.0,0.0,1.0,0.0,1.0,0.0,1.0,0.0,1.0,0.0,1.0,0.0,1.0,0.0,1.0,0.0,1.0,0.0,1.0,0.0,1.0,0.0,1.0,0.0,1.0,0.0,0.8,0.2,0.0,0.0,0.8,0.2,0.0,0.0,1.0,0.0,1.0,0.0,0.7,0.0,0.7,0.0,1.0,0.0,1.0,0.0
1955-07-31,0.6,0.4,1.0,0.0,0.3,0.7,0.42732545267150845,0.0,1.0,0.0,1.0,0.0,1.0,0.0,0.2798534593612821,0.720146540638718,1.0,0.0,0.6,0.4,1.0,0.0,1.0,0.0,1.0,0.0,1.0,0.0,1.0,0.0,1.0,0.0,1.0,0.0,1.0,0.0,0.2,0.8,0.0,0.0,0.1,0.7,1.0,0.0,1.0,0.0,1.0,0.0,0.2,0.8,0.1,0.9,1.0,0.0,1.0,0.0,1.0,0.0,1.0,0.0,1.0,0.0,1.0,0.0,1.0,0.0,1.0,0.0,1.0,0.0,1.0,0.0,1.0,0.0,1.0,0.0,1.0,0.0,1.0,0.0,1.0,0.0,1.0,0.0,1.0,0.0,1.0,0.0,0.8,0.2,0.0,0.0,0.8,0.2,0.0,0.0,1.0,0.0,1.0,0.0,0.7,0.0,0.7,0.0,1.0,0.0,1.0,0.0
1955-08-31,0.6,0.4,1.0,0.0,0.3,0.7,0.45369226740509105,0.0,1.0,0.0,1.0,0.0,1.0,0.0,0.27955830765806117,0.7204416923419389,1.0,0.0,0.6,0.4,1.0,0.0,1.0,0.0,1.0,0.0,1.0,0.0,1.0,0.0,1.0,0.0,1.0,0.0,1.0,0.0,0.8,0.2,1.0,0.0,0.1,0.7,1.0,0.0,1.0,0.0,1.0,0.0,0.7,0.3,0.5,0.5,1.0,0.0,1.0,0.0,1.0,0.0,1.0,0.0,1.0,0.0,1.0,0.0,1.0,0.0,1.0,0.0,1.0,0.0,1.0,0.0,1.0,0.0,1.0,0.0,1.0,0.0,1.0,0.0,1.0,0.0,1.0,0.0,1.0,0.0,1.0,0.0,1.0,0.0,0.0,0.0,1.0,0.0,0.0,0.0,1.0,0.0,1.0,0.0,0.7,0.0,0.7,0.0,1.0,0.0,1.0,0.0
1955-09-30,0.6,0.4,1.0,0.0,0.3,0.7,0.06482526018833491,0.0,1.0,0.0,1.0,0.0,1.0,0.0,0.27845295193187025,0.7215470480681297,0.0,0.0,0.0,0.0,0.4,0.6,1.0,0.0,0.1,0.9,0.0,0.0,0.1,0.9,0.0,0.0,0.5,0.5,1.0,0.0,1.0,0.0,1.0,0.0,0.1,0.7,1.0,0.0,1.0,0.0,1.0,0.0,1.0,0.0,1.0,0.0,1.0,0.0,1.0,0.0,1.0,0.0,1.0,0.0,1.0,0.0,1.0,0.0,1.0,0.0,1.0,0.0,1.0,0.0,1.0,0.0,1.0,0.0,1.0,0.0,1.0,0.0,1.0,0.0,1.0,0.0,1.0,0.0,1.0,0.0,1.0,0.0,1.0,0.0,0.0,0.0,1.0,0.0,0.0,0.0,1.0,0.0,1.0,0.0,0.7,0.0,0.7,0.0,1.0,0.0,1.0,0.0
1955-10-31,0.6,0.4,1.0,0.0,0.3,0.7,0.183063385930642,0.0,1.0,0.0,1.0,0.0,1.0,0.0,0.2742416531204613,0.7257583468795387,0.0,0.0,0.0,0.0,0.9,0.1,1.0,0.0,0.6,0.4,0.0,0.0,0.6,0.4,0.0,0.0,0.8,0.2,1.0,0.0,1.0,0.0,1.0,0.0,0.1,0.7,1.0,0.0,1.0,0.0,1.0,0.0,1.0,0.0,1.0,0.0,1.0,0.0,1.0,0.0,1.0,0.0,1.0,0.0,1.0,0.0,1.0,0.0,1.0,0.0,1.0,0.0,1.0,0.0,1.0,0.0,1.0,0.0,1.0,0.0,1.0,0.0,1.0,0.0,1.0,0.0,1.0,0.0,1.0,0.0,1.0,0.0,0.8,0.2,0.0,0.0,0.8,0.2,0.0,0.0,1.0,0.0,1.0,0.0,0.7,0.0,0.7,0.0,1.0,0.0,1.0,0.0
1955-11-30,0.6,0.4,1.0,0.0,0.3,0.7,0.34615416352418693,0.0,1.0,0.0,1.0,0.0,1.0,0.0,0.27173526932169495,0.7282647306783051,0.0,0.0,0.0,0.0,1.0,0.0,1.0,0.0,1.0,0.0,0.0,0.0,1.0,0.0,0.0,0.0,1.0,0.0,1.0,0.0,1.0,0.0,1.0,0.0,0.1,0.7,1.0,0.0,1.0,0.0,1.0,0.0,1.0,0.0,1.0,0.0,1.0,0.0,1.0,0.0,1.0,0.0,1.0,0.0,1.0,0.0,1.0,0.0,1.0,0.0,1.0,0.0,1.0,0.0,1.0,0.0,1.0,0.0,1.0,0.0,1.0,0.0,1.0,0.0,1.0,0.0,1.0,0.0,1.0,0.0,1.0,0.0,0.8,0.2,0.0,0.0,0.8,0.2,0.0,0.0,1.0,0.0,1.0,0.0,0.7,0.0,0.7,0.0,1.0,0.0,1.0,0.0
1955-12-31,0.6,0.4,1.0,0.0,0.3,0.7,1.0,0.0,1.0,0.0,1.0,0.0,1.0,0.0,0.26967620043104784,0.7303237995689521,1.0,0.0,0.6,0.4,1.0,0.0,1.0,0.0,1.0,0.0,1.0,0.0,1.0,0.0,1.0,0.0,1.0,0.0,1.0,0.0,1.0,0.0,1.0,0.0,0.3,0.4,1.0,0.0,1.0,0.0,1.0,0.0,1.0,0.0,1.0,0.0,1.0,0.0,1.0,0.0,1.0,0.0,1.0,0.0,1.0,0.0,1.0,0.0,1.0,0.0,1.0,0.0,1.0,0.0,1.0,0.0,1.0,0.0,1.0,0.0,1.0,0.0,1.0,0.0,1.0,0.0,1.0,0.0,1.0,0.0,1.0,0.0,1.0,0.0,0.0,0.0,1.0,0.0,0.0,0.0,1.0,0.0,1.0,0.0,0.7,0.0,0.7,0.0,1.0,0.0,1.0,0.0
1956-01-31,0.6,0.4,1.0,0.0,0.3,0.7,0.34029679993913464,0.0,1.0,0.0,1.0,0.0,1.0,0.0,0.2655037943277858,0.7344962056722142,1.0,0.0,0.6,0.4,1.0,0.0,1.0,0.0,1.0,0.0,1.0,0.0,1.0,0.0,1.0,0.0,1.0,0.0,1.0,0.0,1.0,0.0,1.0,0.0,0.3,0.4,1.0,0.0,1.0,0.0,1.0,0.0,1.0,0.0,1.0,0.0,1.0,0.0,1.0,0.0,1.0,0.0,1.0,0.0,1.0,0.0,1.0,0.0,1.0,0.0,1.0,0.0,1.0,0.0,1.0,0.0,1.0,0.0,1.0,0.0,1.0,0.0,1.0,0.0,1.0,0.0,1.0,0.0,1.0,0.0,1.0,0.0,1.0,0.0,0.0,0.0,1.0,0.0,0.0,0.0,1.0,0.0,1.0,0.0,0.7,0.0,0.7,0.0,1.0,0.0,1.0,0.0
1956-02-29,0.6,0.4,1.0,0.0,0.3,0.7,0.39093383836465717,0.0,1.0,0.0,1.0,0.0,1.0,0.0,0.2627132943859573,0.7372867056140426,1.0,0.0,0.6,0.4,1.0,0.0,1.0,0.0,1.0,0.0,1.0,0.0,1.0,0.0,1.0,0.0,1.0,0.0,1.0,0.0,1.0,0.0,1.0,0.0,0.3,0.4,1.0,0.0,1.0,0.0,1.0,0.0,1.0,0.0,1.0,0.0,1.0,0.0,1.0,0.0,1.0,0.0,1.0,0.0,1.0,0.0,1.0,0.0,1.0,0.0,1.0,0.0,1.0,0.0,1.0,0.0,1.0,0.0,1.0,0.0,1.0,0.0,1.0,0.0,1.0,0.0,1.0,0.0,1.0,0.0,1.0,0.0,1.0,0.0,0.0,0.0,1.0,0.0,0.0,0.0,1.0,0.0,1.0,0.0,0.7,0.0,0.7,0.0,1.0,0.0,1.0,0.0
1956-03-31,0.6,0.4,1.0,0.0,0.3,0.7,0.5511258318010901,0.0,1.0,0.0,1.0,0.0,1.0,0.0,0.26318590801378083,0.7368140919862192,1.0,0.0,0.6,0.4,1.0,0.0,1.0,0.0,1.0,0.0,1.0,0.0,1.0,0.0,1.0,0.0,1.0,0.0,1.0,0.0,1.0,0.0,1.0,0.0,0.3,0.4,1.0,0.0,1.0,0.0,1.0,0.0,1.0,0.0,1.0,0.0,1.0,0.0,1.0,0.0,1.0,0.0,1.0,0.0,1.0,0.0,1.0,0.0,1.0,0.0,1.0,0.0,1.0,0.0,1.0,0.0,1.0,0.0,1.0,0.0,1.0,0.0,1.0,0.0,1.0,0.0,1.0,0.0,1.0,0.0,1.0,0.0,0.8,0.2,0.0,0.0,0.8,0.2,0.0,0.0,1.0,0.0,1.0,0.0,0.7,0.0,0.7,0.0,1.0,0.0,1.0,0.0
1956-04-30,0.6,0.4,1.0,0.0,0.3,0.7,0.489252594069998,0.0,1.0,0.0,1.0,0.0,1.0,0.0,0.26903531187729524,0.7309646881227048,1.0,0.0,0.6,0.4,1.0,0.0,1.0,0.0,1.0,0.0,1.0,0.0,1.0,0.0,1.0,0.0,1.0,0.0,1.0,0.0,1.0,0.0,1.0,0.0,0.3,0.4,1.0,0.0,1.0,0.0,1.0,0.0,1.0,0.0,1.0,0.0,1.0,0.0,1.0,0.0,1.0,0.0,1.0,0.0,1.0,0.0,1.0,0.0,1.0,0.0,1.0,0.0,1.0,0.0,1.0,0.0,1.0,0.0,1.0,0.0,1.0,0.0,1.0,0.0,1.0,0.0,1.0,0.0,1.0,0.0,1.0,0.0,0.9,0.1,0.0,0.0,0.9,0.1,0.0,0.0,1.0,0.0,1.0,0.0,0.7,0.0,0.7,0.0,1.0,0.0,1.0,0.0
1956-05-31,0.6,0.4,1.0,0.0,0.3,0.7,0.22313868246419286,0.0,1.0,0.0,1.0,0.0,1.0,0.0,0.25744513494100213,0.7425548650589978,1.0,0.0,0.6,0.4,1.0,0.0,1.0,0.0,1.0,0.0,1.0,0.0,1.0,0.0,1.0,0.0,1.0,0.0,1.0,0.0,1.0,0.0,1.0,0.0,0.3,0.4,1.0,0.0,1.0,0.0,1.0,0.0,1.0,0.0,1.0,0.0,1.0,0.0,1.0,0.0,1.0,0.0,1.0,0.0,1.0,0.0,1.0,0.0,1.0,0.0,1.0,0.0,1.0,0.0,1.0,0.0,1.0,0.0,1.0,0.0,1.0,0.0,1.0,0.0,1.0,0.0,1.0,0.0,0.3,0.7,1.0,0.0,0.4,0.6,0.0,0.0,0.4,0.6,0.0,0.0,0.4,0.6,0.8,0.0,0.7,0.0,0.7,0.0,1.0,0.0,0.7,0.3
1956-06-30,0.6,0.4,1.0,0.0,0.3,0.7,0.39058723080676566,0.0,1.0,0.0,1.0,0.0,1.0,0.0,0.25332499565044886,0.7466750043495511,1.0,0.0,0.6,0.4,1.0,0.0,1.0,0.0,1.0,0.0,1.0,0.0,1.0,0.0,1.0,0.0,1.0,0.0,1.0,0.0,1.0,0.0,1.0,0.0,0.3,0.4,1.0,0.0,1.0,0.0,1.0,0.0,1.0,0.0,1.0,0.0,1.0,0.0,1.0,0.0,1.0,0.0,1.0,0.0,1.0,0.0,1.0,0.0,1.0,0.0,1.0,0.0,1.0,0.0,1.0,0.0,1.0,0.0,1.0,0.0,1.0,0.0,1.0,0.0,1.0,0.0,1.0,0.0,1.0,0.0,1.0,0.0,1.0,0.0,0.0,0.0,1.0,0.0,0.0,0.0,0.9,0.1,1.0,0.0,0.7,0.0,0.7,0.0,1.0,0.0,1.0,0.0
1956-07-31,0.6,0.4,1.0,0.0,0.3,0.7,0.9686193717388044,0.0,1.0,0.0,1.0,0.0,1.0,0.0,0.262744753943781,0.7372552460562191,1.0,0.0,0.6,0.4,1.0,0.0,1.0,0.0,1.0,0.0,1.0,0.0,1.0,0.0,1.0,0.0,1.0,0.0,1.0,0.0,1.0,0.0,1.0,0.0,0.3,0.4,1.0,0.0,1.0,0.0,1.0,0.0,1.0,0.0,1.0,0.0,1.0,0.0,1.0,0.0,1.0,0.0,1.0,0.0,1.0,0.0,1.0,0.0,1.0,0.0,1.0,0.0,1.0,0.0,1.0,0.0,1.0,0.0,1.0,0.0,1.0,0.0,1.0,0.0,1.0,0.0,1.0,0.0,0.2,0.8,1.0,0.0,0.5,0.5,0.0,0.0,0.5,0.5,0.0,0.0,0.3,0.7,0.6,0.0,0.7,0.0,0.7,0.0,1.0,0.0,0.9,0.1
1956-08-31,0.6,0.4,1.0,0.0,0.3,0.7,0.3655225024584378,0.0,1.0,0.0,1.0,0.0,1.0,0.0,0.27485455434182415,0.7251454456581758,1.0,0.0,0.6,0.4,1.0,0.0,1.0,0.0,1.0,0.0,1.0,0.0,1.0,0.0,1.0,0.0,1.0,0.0,1.0,0.0,1.0,0.0,1.0,0.0,0.3,0.4,1.0,0.0,1.0,0.0,1.0,0.0,1.0,0.0,1.0,0.0,1.0,0.0,1.0,0.0,1.0,0.0,1.0,0.0,1.0,0.0,1.0,0.0,1.0,0.0,1.0,0.0,1.0,0.0,1.0,0.0,1.0,0.0,1.0,0.0,1.0,0.0,1.0,0.0,1.0,0.0,1.0,0.0,0.0,1.0,0.0,0.0,0.3,0.7,0.0,0.0,0.3,0.7,0.0,0.0,0.0,1.0,0.2,0.3,0.7,0.0,0.7,0.0,1.0,0.0,0.9,0.1
1956-09-30,0.6,0.4,1.0,0.0,0.3,0.7,0.5079914468920631,0.0,0.0,0.0,0.0,1.0,1.0,0.0,0.24893542855118653,0.7510645714488134,1.0,0.0,0.6,0.4,1.0,0.0,1.0,0.0,1.0,0.0,1.0,0.0,1.0,0.0,1.0,0.0,1.0,0.0,1.0,0.0,1.0,0.0,1.0,0.0,0.3,0.4,1.0,0.0,1.0,0.0,1.0,0.0,1.0,0.0,1.0,0.0,1.0,0.0,1.0,0.0,1.0,0.0,1.0,0.0,1.0,0.0,1.0,0.0,1.0,0.0,1.0,0.0,1.0,0.0,1.0,0.0,1.0,0.0,1.0,0.0,1.0,0.0,1.0,0.0,1.0,0.0,1.0,0.0,0.0,1.0,0.0,0.0,0.4,0.6,0.0,0.0,0.4,0.6,0.0,0.0,0.0,1.0,0.2,0.3,0.7,0.0,0.7,0.0,1.0,0.0,0.9,0.1
1956-10-31,0.6,0.4,1.0,0.0,0.3,0.7,0.2733702568284665,0.0,0.0,0.0,0.0,1.0,1.0,0.0,0.250218487345787,0.749781512654213,1.0,0.0,0.6,0.4,1.0,0.0,1.0,0.0,1.0,0.0,1.0,0.0,1.0,0.0,1.0,0.0,1.0,0.0,1.0,0.0,1.0,0.0,1.0,0.0,0.3,0.4,1.0,0.0,1.0,0.0,1.0,0.0,1.0,0.0,1.0,0.0,1.0,0.0,1.0,0.0,1.0,0.0,1.0,0.0,1.0,0.0,1.0,0.0,1.0,0.0,1.0,0.0,1.0,0.0,1.0,0.0,1.0,0.0,1.0,0.0,1.0,0.0,1.0,0.0,1.0,0.0,1.0,0.0,0.4,0.6,1.0,0.0,0.8,0.2,0.0,0.0,0.8,0.2,0.0,0.0,0.4,0.6,0.3,0.3,0.7,0.0,0.7,0.0,1.0,0.0,1.0,0.0
1956-11-30,0.6,0.4,1.0,0.0,0.3,0.7,0.2581078934311446,0.0,0.0,0.0,0.0,1.0,1.0,0.0,0.25014227713790194,0.7498577228620981,1.0,0.0,0.6,0.4,1.0,0.0,1.0,0.0,1.0,0.0,1.0,0.0,1.0,0.0,1.0,0.0,1.0,0.0,1.0,0.0,1.0,0.0,1.0,0.0,0.3,0.4,1.0,0.0,1.0,0.0,1.0,0.0,1.0,0.0,1.0,0.0,1.0,0.0,1.0,0.0,1.0,0.0,1.0,0.0,1.0,0.0,1.0,0.0,1.0,0.0,1.0,0.0,1.0,0.0,1.0,0.0,1.0,0.0,1.0,0.0,1.0,0.0,1.0,0.0,1.0,0.0,1.0,0.0,1.0,0.0,1.0,0.0,1.0,0.0,0.0,0.0,1.0,0.0,0.0,0.0,0.9,0.1,0.8,0.2,0.7,0.0,0.7,0.0,1.0,0.0,1.0,0.0
1956-12-31,0.6,0.4,1.0,0.0,0.3,0.7,0.5810387468844357,0.0,1.0,0.0,1.0,0.0,1.0,0.0,0.24929844215718805,0.7507015578428119,0.0,0.0,0.0,0.0,1.0,0.0,1.0,0.0,1.0,0.0,1.0,0.0,1.0,0.0,1.0,0.0,1.0,0.0,1.0,0.0,1.0,0.0,1.0,0.0,1.0,0.0,1.0,0.0,1.0,0.0,1.0,0.0,1.0,0.0,1.0,0.0,1.0,0.0,1.0,0.0,1.0,0.0,1.0,0.0,1.0,0.0,1.0,0.0,1.0,0.0,1.0,0.0,1.0,0.0,1.0,0.0,1.0,0.0,1.0,0.0,1.0,0.0,1.0,0.0,1.0,0.0,1.0,0.0,1.0,0.0,1.0,0.0,0.9,0.1,0.0,0.0,0.9,0.1,0.0,0.0,0.9,0.1,0.8,0.2,0.7,0.0,0.7,0.0,1.0,0.0,1.0,0.0
1957-01-31,0.6,0.4,1.0,0.0,0.3,0.7,0.5315961709720535,0.0,0.0,0.0,0.0,1.0,1.0,0.0,0.2656086935801946,0.7343913064198053,0.0,0.0,0.0,0.0,1.0,0.0,1.0,0.0,1.0,0.0,1.0,0.0,1.0,0.0,1.0,0.0,1.0,0.0,1.0,0.0,1.0,0.0,1.0,0.0,1.0,0.0,1.0,0.0,1.0,0.0,1.0,0.0,1.0,0.0,1.0,0.0,1.0,0.0,1.0,0.0,1.0,0.0,1.0,0.0,1.0,0.0,1.0,0.0,1.0,0.0,1.0,0.0,1.0,0.0,1.0,0.0,1.0,0.0,1.0,0.0,1.0,0.0,1.0,0.0,1.0,0.0,1.0,0.0,0.0,1.0,0.0,0.0,0.1,0.9,0.0,0.0,0.1,0.9,0.0,0.0,0.0,1.0,0.1,0.6,0.7,0.0,0.7,0.0,1.0,0.0,0.6,0.4
1957-02-28,0.6,0.4,1.0,0.0,0.3,0.7,0.3560257100911117,0.0,0.0,0.0,0.0,1.0,1.0,0.0,0.2533236542841665,0.7466763457158335,0.0,0.0,0.0,0.0,1.0,0.0,1.0,0.0,1.0,0.0,1.0,0.0,1.0,0.0,1.0,0.0,1.0,0.0,1.0,0.0,1.0,0.0,1.0,0.0,1.0,0.0,1.0,0.0,1.0,0.0,1.0,0.0,1.0,0.0,1.0,0.0,1.0,0.0,1.0,0.0,1.0,0.0,1.0,0.0,1.0,0.0,1.0,0.0,1.0,0.0,1.0,0.0,1.0,0.0,1.0,0.0,1.0,0.0,1.0,0.0,1.0,0.0,1.0,0.0,1.0,0.0,1.0,0.0,0.1,0.9,1.0,0.0,0.7,0.3,0.0,0.0,0.7,0.3,0.0,0.0,0.1,0.9,0.1,0.6,0.7,0.0,0.7,0.0,1.0,0.0,0.9,0.1
1957-03-31,0.6,0.4,1.0,0.0,0.3,0.7,1.0,0.0,0.0,0.0,0.0,1.0,0.0,0.0,0.2536021877930685,0.7463978122069316,0.0,0.0,0.0,0.0,1.0,0.0,1.0,0.0,1.0,0.0,1.0,0.0,1.0,0.0,1.0,0.0,1.0,0.0,1.0,0.0,1.0,0.0,1.0,0.0,1.0,0.0,1.0,0.0,1.0,0.0,1.0,0.0,1.0,0.0,1.0,0.0,1.0,0.0,1.0,0.0,1.0,0.0,1.0,0.0,1.0,0.0,1.0,0.0,1.0,0.0,1.0,0.0,1.0,0.0,1.0,0.0,1.0,0.0,1.0,0.0,1.0,0.0,1.0,0.0,1.0,0.0,1.0,0.0,0.7,0.3,1.0,0.0,0.9,0.1,0.0,0.0,0.9,0.1,0.0,0.0,0.7,0.3,0.5,0.5,0.7,0.0,0.7,0.0,1.0,0.0,1.0,0.0
1957-04-30,0.6,0.4,1.0,0.0,0.3,0.7,1.0,0.0,1.0,0.0,1.0,0.0,0.0,0.0,0.2595834896001768,0.7404165103998231,0.0,0.0,0.0,0.0,1.0,0.0,1.0,0.0,1.0,0.0,1.0,0.0,1.0,0.0,1.0,0.0,1.0,0.0,1.0,0.0,1.0,0.0,1.0,0.0,1.0,0.0,1.0,0.0,1.0,0.0,1.0,0.0,1.0,0.0,1.0,0.0,1.0,0.0,1.0,0.0,1.0,0.0,1.0,0.0,1.0,0.0,1.0,0.0,1.0,0.0,1.0,0.0,1.0,0.0,1.0,0.0,1.0,0.0,1.0,0.0,1.0,0.0,1.0,0.0,1.0,0.0,1.0,0.0,0.1,0.9,1.0,0.0,0.6,0.4,0.0,0.0,0.6,0.4,0.0,0.0,0.2,0.7,0.5,0.5,0.7,0.0,0.7,0.0,1.0,0.0,1.0,0.0
1957-05-31,0.6,0.4,1.0,0.0,0.3,0.7,0.8319682781592893,0.0,1.0,0.0,1.0,0.0,1.0,0.0,0.2581529275021658,0.7418470724978342,0.0,0.0,0.0,0.0,1.0,0.0,1.0,0.0,1.0,0.0,1.0,0.0,1.0,0.0,1.0,0.0,1.0,0.0,1.0,0.0,1.0,0.0,1.0,0.0,1.0,0.0,1.0,0.0,1.0,0.0,1.0,0.0,1.0,0.0,1.0,0.0,1.0,0.0,1.0,0.0,1.0,0.0,1.0,0.0,1.0,0.0,1.0,0.0,1.0,0.0,1.0,0.0,1.0,0.0,1.0,0.0,1.0,0.0,1.0,0.0,1.0,0.0,1.0,0.0,1.0,0.0,1.0,0.0,0.7,0.3,1.0,0.0,0.9,0.1,0.0,0.0,0.9,0.1,0.0,0.0,0.7,0.3,0.5,0.5,0.7,0.0,0.7,0.0,1.0,0.0,1.0,0.0
1957-06-30,0.6,0.4,1.0,0.0,0.3,0.7,0.6442629685625871,0.0,1.0,0.0,1.0,0.0,1.0,0.0,0.25670282231125485,0.7432971776887451,0.0,0.0,0.0,0.0,1.0,0.0,1.0,0.0,1.0,0.0,1.0,0.0,1.0,0.0,1.0,0.0,1.0,0.0,1.0,0.0,1.0,0.0,1.0,0.0,1.0,0.0,1.0,0.0,1.0,0.0,1.0,0.0,1.0,0.0,1.0,0.0,1.0,0.0,1.0,0.0,1.0,0.0,1.0,0.0,1.0,0.0,1.0,0.0,1.0,0.0,1.0,0.0,1.0,0.0,1.0,0.0,1.0,0.0,1.0,0.0,1.0,0.0,1.0,0.0,1.0,0.0,1.0,0.0,0.5,0.5,1.0,0.0,0.8,0.2,0.0,0.0,0.8,0.2,0.0,0.0,0.6,0.3,0.5,0.5,0.7,0.0,0.7,0.0,1.0,0.0,1.0,0.0
1957-07-31,0.6,0.4,1.0,0.0,0.3,0.7,0.6983833263626571,0.0,1.0,0.0,1.0,0.0,0.0,0.0,0.2549873778451664,0.7450126221548335,0.0,0.0,0.0,0.0,1.0,0.0,1.0,0.0,1.0,0.0,1.0,0.0,1.0,0.0,1.0,0.0,1.0,0.0,1.0,0.0,1.0,0.0,1.0,0.0,1.0,0.0,1.0,0.0,1.0,0.0,1.0,0.0,1.0,0.0,1.0,0.0,1.0,0.0,1.0,0.0,1.0,0.0,1.0,0.0,1.0,0.0,1.0,0.0,1.0,0.0,1.0,0.0,1.0,0.0,1.0,0.0,1.0,0.0,1.0,0.0,1.0,0.0,1.0,0.0,1.0,0.0,1.0,0.0,1.0,0.0,1.0,0.0,1.0,0.0,0.0,0.0,1.0,0.0,0.0,0.0,1.0,0.0,0.9,0.1,0.7,0.0,0.7,0.0,1.0,0.0,1.0,0.0
1957-08-31,0.6,0.4,1.0,0.0,0.3,0.7,0.17603354807128085,0.0,1.0,0.0,1.0,0.0,0.0,0.0,0.24972700063499076,0.7502729993650094,0.0,0.0,0.0,0.0,1.0,0.0,1.0,0.0,1.0,0.0,1.0,0.0,1.0,0.0,1.0,0.0,1.0,0.0,1.0,0.0,1.0,0.0,1.0,0.0,1.0,0.0,1.0,0.0,1.0,0.0,1.0,0.0,1.0,0.0,1.0,0.0,1.0,0.0,1.0,0.0,1.0,0.0,1.0,0.0,1.0,0.0,1.0,0.0,1.0,0.0,1.0,0.0,1.0,0.0,1.0,0.0,1.0,0.0,1.0,0.0,1.0,0.0,1.0,0.0,1.0,0.0,1.0,0.0,1.0,0.0,1.0,0.0,1.0,0.0,0.0,0.0,1.0,0.0,0.0,0.0,1.0,0.0,0.9,0.1,0.7,0.0,0.7,0.0,0.7,0.3,1.0,0.0
1957-09-30,0.6,0.4,1.0,0.0,0.3,0.7,0.24280400728608237,0.0,0.0,0.0,0.0,1.0,0.0,0.0,0.24700599772914686,0.7529940022708531,0.0,0.0,0.0,0.0,1.0,0.0,1.0,0.0,1.0,0.0,0.0,0.0,1.0,0.0,0.0,0.0,1.0,0.0,1.0,0.0,1.0,0.0,1.0,0.0,1.0,0.0,1.0,0.0,1.0,0.0,1.0,0.0,1.0,0.0,1.0,0.0,1.0,0.0,1.0,0.0,1.0,0.0,1.0,0.0,1.0,0.0,1.0,0.0,1.0,0.0,1.0,0.0,1.0,0.0,1.0,0.0,1.0,0.0,1.0,0.0,1.0,0.0,1.0,0.0,1.0,0.0,1.0,0.0,0.9,0.1,1.0,0.0,0.8,0.2,0.0,0.0,0.8,0.2,0.0,0.0,1.0,0.0,0.9,0.1,0.7,0.0,0.7,0.0,0.5,0.5,0.8,0.2
1957-10-31,0.6,0.4,1.0,0.0,0.3,0.7,0.07160048435583824,0.0,0.0,0.0,0.0,1.0,0.0,0.0,0.24358790022323212,0.7564120997767678,0.0,0.0,0.0,0.0,0.4,0.6,1.0,0.0,0.3,0.7,0.0,0.0,0.3,0.7,0.0,0.0,0.5,0.2,1.0,0.0,1.0,0.0,1.0,0.0,1.0,0.0,1.0,0.0,1.0,0.0,1.0,0.0,1.0,0.0,1.0,0.0,1.0,0.0,1.0,0.0,1.0,0.0,1.0,0.0,1.0,0.0,1.0,0.0,1.0,0.0,1.0,0.0,1.0,0.0,1.0,0.0,1.0,0.0,1.0,0.0,1.0,0.0,1.0,0.0,1.0,0.0,1.0,0.0,1.0,0.0,1.0,0.0,0.8,0.2,0.0,0.0,0.8,0.2,0.0,0.0,1.0,0.0,0.9,0.1,0.7,0.0,0.7,0.0,0.3,0.6,0.9,0.1
1957-11-30,0.6,0.4,1.0,0.0,0.3,0.7,0.10518202730250165,0.0,0.0,0.0,0.0,1.0,0.0,0.0,0.30136598320665686,0.6986340167933431,0.0,0.0,0.0,0.0,0.1,0.9,1.0,0.0,0.3,0.7,0.0,0.0,0.3,0.7,0.0,0.0,0.2,0.8,0.5,0.0,1.0,0.0,1.0,0.0,1.0,0.0,1.0,0.0,1.0,0.0,1.0,0.0,1.0,0.0,1.0,0.0,1.0,0.0,1.0,0.0,1.0,0.0,1.0,0.0,1.0,0.0,1.0,0.0,1.0,0.0,1.0,0.0,1.0,0.0,1.0,0.0,1.0,0.0,1.0,0.0,1.0,0.0,1.0,0.0,1.0,0.0,1.0,0.0,0.0,1.0,0.0,0.0,0.0,1.0,0.0,0.0,0.0,1.0,0.0,0.0,0.0,1.0,0.0,1.0,0.6,0.0,0.7,0.0,0.4,0.6,0.2,0.6
1957-12-31,0.6,0.4,1.0,0.0,0.3,0.7,0.2755208296574695,0.0,0.0,0.0,0.0,1.0,0.0,0.0,0.31326957888900114,0.6867304211109989,0.0,0.0,0.0,0.0,1.0,0.0,1.0,0.0,0.7,0.3,0.0,0.0,0.7,0.3,0.0,0.0,1.0,0.0,1.0,0.0,1.0,0.0,1.0,0.0,1.0,0.0,0.0,0.0,0.6,0.4,0.0,0.0,1.0,0.0,1.0,0.0,1.0,0.0,1.0,0.0,0.3,0.7,0.0,0.0,0.5,0.5,0.0,0.0,1.0,0.0,1.0,0.0,1.0,0.0,1.0,0.0,1.0,0.0,0.0,0.0,0.9,0.1,1.0,0.0,1.0,0.0,1.0,0.0,0.0,1.0,0.0,0.0,0.0,1.0,0.0,0.0,0.0,1.0,0.0,0.0,0.0,1.0,0.0,1.0,0.4,0.6,0.7,0.0,1.0,0.0,0.1,0.6
1958-01-31,0.6,0.4,1.0,0.0,0.3,0.7,0.4235424625052592,0.0,0.0,0.0,0.0,1.0,0.0,0.0,0.30284675731486005,0.69715324268514,0.0,0.0,0.0,0.0,1.0,0.0,1.0,0.0,1.0,0.0,0.0,0.0,1.0,0.0,0.0,0.0,1.0,0.0,1.0,0.0,1.0,0.0,1.0,0.0,1.0,0.0,0.0,0.0,0.6,0.4,0.0,0.0,1.0,0.0,1.0,0.0,1.0,0.0,1.0,0.0,0.3,0.7,0.0,0.0,0.5,0.5,0.0,0.0,1.0,0.0,1.0,0.0,1.0,0.0,1.0,0.0,1.0,0.0,0.0,0.0,0.9,0.1,1.0,0.0,1.0,0.0,1.0,0.0,0.0,1.0,0.0,0.0,0.0,1.0,0.0,0.0,0.0,1.0,0.0,0.0,0.0,1.0,0.0,1.0,0.3,0.7,0.7,0.0,1.0,0.0,0.4,0.6
1958-02-28,0.6,0.4,1.0,0.0,0.3,0.7,0.5097116053586643,0.0,0.0,0.0,0.0,1.0,0.0,0.0,0.3033124866443471,0.6966875133556528,0.0,0.0,0.0,0.0,1.0,0.0,1.0,0.0,1.0,0.0,1.0,0.0,1.0,0.0,1.0,0.0,1.0,0.0,1.0,0.0,0.9,0.1,1.0,0.0,1.0,0.0,0.0,0.0,0.4,0.6,0.0,0.0,1.0,0.0,1.0,0.0,0.3,0.7,1.0,0.0,0.3,0.7,0.0,0.0,0.5,0.5,0.0,0.0,0.4,0.6,0.9,0.0,0.2,0.8,0.0,0.0,0.8,0.2,0.0,0.0,0.9,0.1,1.0,0.0,0.3,0.7,0.7,0.0,0.0,1.0,0.0,0.0,0.0,1.0,0.0,0.0,0.0,1.0,0.0,0.0,0.0,1.0,0.0,1.0,0.3,0.7,0.6,0.1,1.0,0.0,0.8,0.2
1958-03-31,0.6,0.4,1.0,0.0,0.3,0.7,0.6842261766844591,0.0,0.0,0.0,0.0,1.0,0.0,0.0,0.30207440951950093,0.6979255904804992,0.0,0.0,0.0,0.0,1.0,0.0,1.0,0.0,1.0,0.0,1.0,0.0,1.0,0.0,1.0,0.0,1.0,0.0,1.0,0.0,0.8,0.2,1.0,0.0,1.0,0.0,0.0,0.0,0.2,0.8,0.0,0.0,0.9,0.0,1.0,0.0,0.1,0.9,0.0,0.0,0.1,0.9,0.0,0.0,0.5,0.5,0.0,0.0,0.1,0.9,0.1,0.9,0.1,0.9,0.0,0.0,0.2,0.8,1.0,0.0,0.5,0.5,0.0,0.0,0.1,0.9,0.1,0.9,0.4,0.6,1.0,0.0,0.2,0.8,0.0,0.0,0.2,0.8,0.0,0.0,0.3,0.7,0.2,0.8,0.3,0.7,0.4,0.6,1.0,0.0,1.0,0.0
1958-04-30,0.6,0.4,1.0,0.0,0.3,0.7,0.47429641047761484,0.0,1.0,0.0,1.0,0.0,0.0,0.0,0.30560594134070473,0.6943940586592954,0.0,0.0,0.0,0.0,1.0,0.0,1.0,0.0,1.0,0.0,1.0,0.0,1.0,0.0,1.0,0.0,1.0,0.0,1.0,0.0,0.4,0.6,1.0,0.0,1.0,0.0,1.0,0.0,0.2,0.8,0.0,0.0,0.5,0.3,0.9,0.1,0.1,0.9,0.0,0.0,0.1,0.9,0.0,0.0,0.5,0.5,0.0,0.0,0.1,0.9,0.1,0.9,0.1,0.9,0.0,0.0,0.7,0.3,1.0,0.0,0.3,0.7,0.0,0.0,0.1,0.9,0.1,0.9,0.5,0.5,1.0,0.0,0.3,0.7,0.0,0.0,0.3,0.7,0.0,0.0,0.5,0.5,0.3,0.7,0.3,0.7,0.3,0.7,1.0,0.0,1.0,0.0
1958-05-31,0.6,0.4,1.0,0.0,0.3,0.7,0.83674063371565,0.0,1.0,0.0,1.0,0.0,0.0,0.0,0.3046171323465921,0.695382867653408,0.0,0.0,0.0,0.0,1.0,0.0,1.0,0.0,1.0,0.0,1.0,0.0,1.0,0.0,1.0,0.0,1.0,0.0,1.0,0.0,0.2,0.8,0.0,0.0,1.0,0.0,1.0,0.0,0.2,0.8,0.0,0.0,0.2,0.8,0.4,0.1,0.1,0.9,0.0,0.0,0.1,0.9,0.0,0.0,0.5,0.5,0.0,0.0,0.1,0.9,0.1,0.9,0.1,0.9,0.0,0.0,0.8,0.2,1.0,0.0,0.3,0.7,0.0,0.0,0.1,0.9,0.1,0.9,1.0,0.0,1.0,0.0,0.9,0.1,0.0,0.0,0.9,0.1,0.0,0.0,1.0,0.0,0.9,0.1,0.3,0.7,0.3,0.7,1.0,0.0,1.0,0.0
1958-06-30,0.6,0.4,1.0,0.0,0.3,0.7,0.799876392056358,0.0,1.0,0.0,1.0,0.0,0.0,0.0,0.314307856064394,0.685692143935606,0.0,0.0,0.0,0.0,1.0,0.0,1.0,0.0,1.0,0.0,1.0,0.0,1.0,0.0,1.0,0.0,1.0,0.0,1.0,0.0,0.1,0.9,0.0,0.0,1.0,0.0,1.0,0.0,0.2,0.8,0.0,0.0,0.2,0.8,0.2,0.8,0.1,0.9,0.0,0.0,0.1,0.9,0.0,0.0,0.5,0.5,0.0,0.0,0.1,0.9,0.1,0.9,0.1,0.9,0.0,0.0,0.7,0.3,1.0,0.0,0.5,0.5,0.0,0.0,0.1,0.9,0.1,0.9,1.0,0.0,1.0,0.0,0.8,0.2,0.0,0.0,0.8,0.2,0.0,0.0,1.0,0.0,0.9,0.1,0.3,0.7,0.3,0.7,1.0,0.0,1.0,0.0
1958-07-31,0.6,0.4,1.0,0.0,0.3,0.7,0.5443152733087099,0.0,1.0,0.0,1.0,0.0,1.0,0.0,0.3191790147635592,0.6808209852364407,0.0,0.0,0.0,0.0,1.0,0.0,1.0,0.0,1.0,0.0,1.0,0.0,1.0,0.0,1.0,0.0,1.0,0.0,1.0,0.0,0.1,0.9,0.0,0.0,1.0,0.0,1.0,0.0,0.2,0.8,0.0,0.0,0.1,0.9,0.1,0.9,0.1,0.9,0.0,0.0,0.1,0.9,0.0,0.0,0.5,0.5,0.0,0.0,0.1,0.9,0.1,0.9,0.1,0.9,0.0,0.0,0.1,0.9,0.0,0.0,0.5,0.5,0.0,0.0,0.1,0.9,0.1,0.9,0.2,0.8,1.0,0.0,0.4,0.6,0.0,0.0,0.4,0.6,0.0,0.0,0.3,0.7,0.7,0.1,0.5,0.4,0.3,0.7,1.0,0.0,0.9,0.1
1958-08-31,0.6,0.4,1.0,0.0,0.3,0.7,0.5990733579443168,0.0,1.0,0.0,1.0,0.0,1.0,0.0,0.33813071261269523,0.6618692873873047,0.0,0.0,0.0,0.0,1.0,0.0,1.0,0.0,1.0,0.0,1.0,0.0,1.0,0.0,1.0,0.0,1.0,0.0,1.0,0.0,0.1,0.9,0.0,0.0,1.0,0.0,1.0,0.0,0.2,0.8,0.0,0.0,0.1,0.9,0.1,0.9,0.1,0.9,0.0,0.0,0.1,0.9,0.0,0.0,0.5,0.5,0.0,0.0,0.1,0.9,0.1,0.9,0.1,0.9,0.0,0.0,0.6,0.4,1.0,0.0,0.3,0.7,0.0,0.0,0.1,0.9,0.1,0.9,0.0,1.0,0.0,0.0,0.0,1.0,0.0,0.0,0.0,1.0,0.0,0.0,0.0,1.0,0.0,1.0,0.7,0.0,0.3,0.7,1.0,0.0,0.4,0.6
1958-09-30,0.6,0.4,1.0,0.0,0.3,0.7,0.7129105965245678,0.0,1.0,0.0,1.0,0.0,1.0,0.0,0.3349910576578077,0.6650089423421923,1.0,0.0,0.6,0.4,1.0,0.0,1.0,0.0,1.0,0.0,1.0,0.0,1.0,0.0,1.0,0.0,1.0,0.0,1.0,0.0,0.1,0.9,0.0,0.0,1.0,0.0,0.0,0.0,1.0,0.0,1.0,0.0,0.1,0.9,0.1,0.9,0.1,0.9,0.0,0.0,0.1,0.9,0.0,0.0,0.8,0.2,0.0,0.0,0.1,0.9,0.1,0.9,0.1,0.9,0.0,0.0,1.0,0.0,0.0,0.0,0.4,0.6,0.0,0.0,0.1,0.9,0.1,0.9,0.0,1.0,0.0,0.0,0.0,1.0,0.0,0.0,0.0,1.0,0.0,0.0,0.0,1.0,0.0,1.0,0.7,0.0,0.4,0.6,1.0,0.0,0.7,0.3
1958-10-31,0.6,0.4,1.0,0.0,0.3,0.7,0.46211694709744894,0.0,1.0,0.0,1.0,0.0,1.0,0.0,0.3369558865721563,0.6630441134278438,1.0,0.0,0.6,0.4,1.0,0.0,1.0,0.0,1.0,0.0,1.0,0.0,1.0,0.0,1.0,0.0,1.0,0.0,1.0,0.0,0.3,0.7,0.0,0.0,1.0,0.0,0.0,0.0,1.0,0.0,1.0,0.0,0.2,0.8,0.1,0.9,0.8,0.2,1.0,0.0,1.0,0.0,1.0,0.0,1.0,0.0,1.0,0.0,0.8,0.2,0.6,0.4,0.8,0.2,1.0,0.0,1.0,0.0,0.0,0.0,0.7,0.3,1.0,0.0,0.8,0.2,0.6,0.4,0.0,1.0,0.0,0.0,0.1,0.9,0.0,0.0,0.1,0.9,0.0,0.0,0.0,1.0,0.0,1.0,0.7,0.0,0.6,0.0,1.0,0.0,1.0,0.0
1958-11-30,0.6,0.4,1.0,0.0,0.3,0.7,0.21726682029301675,0.0,1.0,0.0,1.0,0.0,1.0,0.0,0.34704499891650065,0.6529550010834992,1.0,0.0,0.6,0.4,1.0,0.0,1.0,0.0,1.0,0.0,1.0,0.0,1.0,0.0,1.0,0.0,1.0,0.0,1.0,0.0,0.9,0.1,1.0,0.0,1.0,0.0,0.0,0.0,1.0,0.0,1.0,0.0,0.9,0.1,0.8,0.2,1.0,0.0,1.0,0.0,1.0,0.0,1.0,0.0,1.0,0.0,1.0,0.0,1.0,0.0,1.0,0.0,1.0,0.0,1.0,0.0,1.0,0.0,0.0,0.0,0.9,0.1,1.0,0.0,1.0,0.0,1.0,0.0,0.3,0.7,1.0,0.0,0.3,0.7,0.0,0.0,0.3,0.7,0.0,0.0,0.3,0.7,0.1,0.9,0.7,0.0,0.7,0.0,1.0,0.0,1.0,0.0
1958-12-31,0.6,0.4,1.0,0.0,0.3,0.7,0.5391353655108576,0.0,1.0,0.0,1.0,0.0,1.0,0.0,0.344698825015602,0.6553011749843981,1.0,0.0,0.6,0.4,1.0,0.0,1.0,0.0,1.0,0.0,1.0,0.0,1.0,0.0,1.0,0.0,1.0,0.0,1.0,0.0,1.0,0.0,1.0,0.0,1.0,0.0,1.0,0.0,1.0,0.0,1.0,0.0,1.0,0.0,1.0,0.0,1.0,0.0,1.0,0.0,1.0,0.0,1.0,0.0,1.0,0.0,1.0,0.0,1.0,0.0,1.0,0.0,1.0,0.0,1.0,0.0,1.0,0.0,1.0,0.0,1.0,0.0,1.0,0.0,1.0,0.0,1.0,0.0,0.3,0.7,1.0,0.0,0.8,0.2,0.0,0.0,0.8,0.2,0.0,0.0,0.3,0.7,0.1,0.9,0.7,0.0,0.7,0.0,1.0,0.0,1.0,0.0
1959-01-31,0.6,0.4,1.0,0.0,0.3,0.7,0.6374583634165459,0.0,1.0,0.0,1.0,0.0,1.0,0.0,0.3481364350594383,0.6518635649405617,1.0,0.0,0.6,0.4,1.0,0.0,1.0,0.0,1.0,0.0,1.0,0.0,1.0,0.0,1.0,0.0,1.0,0.0,1.0,0.0,1.0,0.0,1.0,0.0,1.0,0.0,1.0,0.0,1.0,0.0,1.0,0.0,1.0,0.0,1.0,0.0,1.0,0.0,1.0,0.0,1.0,0.0,1.0,0.0,1.0,0.0,1.0,0.0,1.0,0.0,1.0,0.0,1.0,0.0,1.0,0.0,1.0,0.0,1.0,0.0,1.0,0.0,1.0,0.0,1.0,0.0,1.0,0.0,0.8,0.2,1.0,0.0,1.0,0.0,0.0,0.0,1.0,0.0,0.0,0.0,0.7,0.3,0.6,0.4,0.7,0.0,0.7,0.0,1.0,0.0,1.0,0.0
1959-02-28,0.6,0.4,1.0,0.0,0.3,0.7,0.46432653876858093,0.0,1.0,0.0,1.0,0.0,1.0,0.0,0.3519247364048669,0.6480752635951331,1.0,0.0,0.6,0.4,1.0,0.0,1.0,0.0,1.0,0.0,1.0,0.0,1.0,0.0,1.0,0.0,1.0,0.0,1.0,0.0,1.0,0.0,1.0,0.0,1.0,0.0,1.0,0.0,1.0,0.0,1.0,0.0,1.0,0.0,1.0,0.0,1.0,0.0,1.0,0.0,1.0,0.0,1.0,0.0,1.0,0.0,1.0,0.0,1.0,0.0,1.0,0.0,1.0,0.0,1.0,0.0,1.0,0.0,1.0,0.0,1.0,0.0,1.0,0.0,1.0,0.0,1.0,0.0,1.0,0.0,1.0,0.0,1.0,0.0,0.0,0.0,1.0,0.0,0.0,0.0,1.0,0.0,0.9,0.1,0.7,0.0,0.7,0.0,1.0,0.0,1.0,0.0
1959-03-31,0.6,0.4,1.0,0.0,0.3,0.7,0.7527050731867688,0.0,1.0,0.0,1.0,0.0,1.0,0.0,0.3597559656521017,0.6402440343478983,1.0,0.0,0.6,0.4,1.0,0.0,1.0,0.0,1.0,0.0,1.0,0.0,1.0,0.0,1.0,0.0,1.0,0.0,1.0,0.0,1.0,0.0,1.0,0.0,1.0,0.0,1.0,0.0,1.0,0.0,1.0,0.0,1.0,0.0,1.0,0.0,1.0,0.0,1.0,0.0,1.0,0.0,1.0,0.0,1.0,0.0,1.0,0.0,1.0,0.0,1.0,0.0,1.0,0.0,1.0,0.0,1.0,0.0,1.0,0.0,1.0,0.0,1.0,0.0,1.0,0.0,1.0,0.0,1.0,0.0,1.0,0.0,1.0,0.0,0.0,0.0,1.0,0.0,0.0,0.0,1.0,0.0,1.0,0.0,0.7,0.0,0.7,0.0,1.0,0.0,1.0,0.0
1959-04-30,0.6,0.4,1.0,0.0,0.3,0.7,0.8262251035910579,0.0,1.0,0.0,1.0,0.0,1.0,0.0,0.3573749848173103,0.6426250151826897,1.0,0.0,0.6,0.4,1.0,0.0,1.0,0.0,1.0,0.0,1.0,0.0,1.0,0.0,1.0,0.0,1.0,0.0,1.0,0.0,1.0,0.0,1.0,0.0,1.0,0.0,1.0,0.0,1.0,0.0,1.0,0.0,1.0,0.0,1.0,0.0,1.0,0.0,1.0,0.0,1.0,0.0,1.0,0.0,1.0,0.0,1.0,0.0,1.0,0.0,1.0,0.0,1.0,0.0,1.0,0.0,1.0,0.0,1.0,0.0,1.0,0.0,1.0,0.0,1.0,0.0,1.0,0.0,1.0,0.0,1.0,0.0,1.0,0.0,0.0,0.0,1.0,0.0,0.0,0.0,1.0,0.0,1.0,0.0,0.7,0.0,0.7,0.0,1.0,0.0,1.0,0.0
1959-05-31,0.6,0.4,1.0,0.0,0.3,0.7,0.8559757833693947,0.0,1.0,0.0,1.0,0.0,1.0,0.0,0.3629302156684158,0.6370697843315841,1.0,0.0,0.6,0.4,1.0,0.0,1.0,0.0,1.0,0.0,1.0,0.0,1.0,0.0,1.0,0.0,1.0,0.0,1.0,0.0,1.0,0.0,1.0,0.0,1.0,0.0,1.0,0.0,1.0,0.0,1.0,0.0,1.0,0.0,1.0,0.0,1.0,0.0,1.0,0.0,1.0,0.0,1.0,0.0,1.0,0.0,1.0,0.0,1.0,0.0,1.0,0.0,1.0,0.0,1.0,0.0,1.0,0.0,1.0,0.0,1.0,0.0,1.0,0.0,1.0,0.0,1.0,0.0,1.0,0.0,1.0,0.0,1.0,0.0,0.0,0.0,1.0,0.0,0.0,0.0,1.0,0.0,1.0,0.0,0.7,0.0,0.7,0.0,1.0,0.0,1.0,0.0
1959-06-30,0.6,0.4,1.0,0.0,0.3,0.7,0.3979771710120442,0.0,1.0,0.0,1.0,0.0,1.0,0.0,0.364525296320815,0.635474703679185,0.0,0.0,0.0,0.0,1.0,0.0,1.0,0.0,1.0,0.0,1.0,0.0,1.0,0.0,1.0,0.0,1.0,0.0,1.0,0.0,1.0,0.0,1.0,0.0,1.0,0.0,1.0,0.0,1.0,0.0,1.0,0.0,1.0,0.0,1.0,0.0,1.0,0.0,1.0,0.0,1.0,0.0,1.0,0.0,1.0,0.0,1.0,0.0,1.0,0.0,1.0,0.0,1.0,0.0,1.0,0.0,1.0,0.0,1.0,0.0,1.0,0.0,1.0,0.0,1.0,0.0,1.0,0.0,1.0,0.0,1.0,0.0,1.0,0.0,0.0,0.0,1.0,0.0,0.0,0.0,1.0,0.0,1.0,0.0,0.7,0.0,0.7,0.0,1.0,0.0,1.0,0.0
1959-07-31,0.6,0.4,1.0,0.0,0.3,0.7,0.797705939492573,0.0,1.0,0.0,1.0,0.0,1.0,0.0,0.3645809131945726,0.6354190868054275,1.0,0.0,0.6,0.4,1.0,0.0,1.0,0.0,1.0,0.0,1.0,0.0,1.0,0.0,1.0,0.0,1.0,0.0,1.0,0.0,1.0,0.0,1.0,0.0,1.0,0.0,1.0,0.0,1.0,0.0,1.0,0.0,1.0,0.0,1.0,0.0,1.0,0.0,1.0,0.0,1.0,0.0,1.0,0.0,1.0,0.0,1.0,0.0,1.0,0.0,1.0,0.0,1.0,0.0,1.0,0.0,1.0,0.0,1.0,0.0,1.0,0.0,1.0,0.0,1.0,0.0,1.0,0.0,1.0,0.0,1.0,0.0,1.0,0.0,1.0,0.0,1.0,0.0,1.0,0.0,1.0,0.0,1.0,0.0,0.7,0.0,0.7,0.0,1.0,0.0,1.0,0.0
1959-08-31,0.6,0.4,1.0,0.0,0.3,0.7,0.34891985665817365,0.0,1.0,0.0,1.0,0.0,1.0,0.0,0.36524960971920734,0.6347503902807927,0.0,0.0,0.0,0.0,1.0,0.0,1.0,0.0,1.0,0.0,1.0,0.0,1.0,0.0,1.0,0.0,1.0,0.0,1.0,0.0,1.0,0.0,1.0,0.0,1.0,0.0,1.0,0.0,1.0,0.0,1.0,0.0,1.0,0.0,1.0,0.0,1.0,0.0,1.0,0.0,1.0,0.0,1.0,0.0,1.0,0.0,1.0,0.0,1.0,0.0,1.0,0.0,1.0,0.0,1.0,0.0,1.0,0.0,1.0,0.0,1.0,0.0,1.0,0.0,1.0,0.0,1.0,0.0,1.0,0.0,1.0,0.0,1.0,0.0,0.0,0.0,1.0,0.0,0.0,0.0,1.0,0.0,1.0,0.0,0.7,0.0,0.7,0.0,1.0,0.0,1.0,0.0
1959-09-30,0.6,0.4,1.0,0.0,0.3,0.7,0.21218054559530997,0.0,1.0,0.0,1.0,0.0,1.0,0.0,0.3670806413856166,0.6329193586143833,0.0,0.0,0.0,0.0,1.0,0.0,1.0,0.0,1.0,0.0,1.0,0.0,1.0,0.0,1.0,0.0,1.0,0.0,1.0,0.0,1.0,0.0,1.0,0.0,1.0,0.0,1.0,0.0,0.7,0.3,0.0,0.0,1.0,0.0,1.0,0.0,1.0,0.0,1.0,0.0,1.0,0.0,1.0,0.0,1.0,0.0,1.0,0.0,1.0,0.0,1.0,0.0,1.0,0.0,1.0,0.0,1.0,0.0,1.0,0.0,1.0,0.0,1.0,0.0,1.0,0.0,1.0,0.0,1.0,0.0,1.0,0.0,0.9,0.1,0.0,0.0,0.9,0.1,0.0,0.0,1.0,0.0,1.0,0.0,0.7,0.0,0.7,0.0,1.0,0.0,1.0,0.0
1959-10-31,0.6,0.4,1.0,0.0,0.3,0.7,0.6056573516477121,0.0,1.0,0.0,1.0,0.0,1.0,0.0,0.36924485417306846,0.6307551458269316,0.0,0.0,0.0,0.0,1.0,0.0,1.0,0.0,1.0,0.0,1.0,0.0,1.0,0.0,1.0,0.0,1.0,0.0,1.0,0.0,1.0,0.0,1.0,0.0,1.0,0.0,1.0,0.0,0.7,0.3,0.0,0.0,1.0,0.0,1.0,0.0,1.0,0.0,1.0,0.0,1.0,0.0,1.0,0.0,1.0,0.0,1.0,0.0,1.0,0.0,1.0,0.0,1.0,0.0,1.0,0.0,1.0,0.0,1.0,0.0,1.0,0.0,1.0,0.0,1.0,0.0,1.0,0.0,1.0,0.0,1.0,0.0,0.9,0.1,0.0,0.0,0.9,0.1,0.0,0.0,1.0,0.0,1.0,0.0,0.7,0.0,0.7,0.0,1.0,0.0,1.0,0.0
1959-11-30,0.6,0.4,1.0,0.0,0.3,0.7,0.8044999741266182,0.0,1.0,0.0,1.0,0.0,1.0,0.0,0.37026645554004356,0.6297335444599564,0.0,0.0,0.0,0.0,1.0,0.0,1.0,0.0,1.0,0.0,1.0,0.0,1.0,0.0,1.0,0.0,1.0,0.0,1.0,0.0,1.0,0.0,1.0,0.0,1.0,0.0,1.0,0.0,0.7,0.3,0.0,0.0,1.0,0.0,1.0,0.0,1.0,0.0,1.0,0.0,0.9,0.1,1.0,0.0,0.8,0.2,0.0,0.0,1.0,0.0,1.0,0.0,1.0,0.0,1.0,0.0,0.5,0.5,0.0,0.0,0.7,0.3,0.0,0.0,1.0,0.0,1.0,0.0,1.0,0.0,1.0,0.0,1.0,0.0,0.0,0.0,1.0,0.0,0.0,0.0,1.0,0.0,1.0,0.0,0.7,0.0,0.7,0.0,1.0,0.0,1.0,0.0
1959-12-31,0.6,0.4,1.0,0.0,0.4,0.6,1.0,0.0,1.0,0.0,1.0,0.0,1.0,0.0,0.3704220335629971,0.6295779664370029,1.0,0.0,0.6,0.4,1.0,0.0,1.0,0.0,1.0,0.0,1.0,0.0,1.0,0.0,1.0,0.0,1.0,0.0,1.0,0.0,1.0,0.0,1.0,0.0,1.0,0.0,1.0,0.0,0.7,0.3,0.0,0.0,1.0,0.0,1.0,0.0,1.0,0.0,1.0,0.0,0.4,0.6,0.0,0.0,0.4,0.6,0.0,0.0,1.0,0.0,1.0,0.0,1.0,0.0,1.0,0.0,0.2,0.8,0.0,0.0,0.6,0.4,0.0,0.0,1.0,0.0,1.0,0.0,1.0,0.0,1.0,0.0,1.0,0.0,1.0,0.0,1.0,0.0,1.0,0.0,1.0,0.0,1.0,0.0,0.7,0.0,0.7,0.0,1.0,0.0,1.0,0.0
1960-01-31,0.6,0.4,1.0,0.0,0.4,0.6,0.42803838818728296,0.0,0.0,0.0,0.0,1.0,1.0,0.0,0.3452343368409435,0.6547656631590565,0.0,0.0,0.0,0.0,1.0,0.0,1.0,0.0,1.0,0.0,1.0,0.0,1.0,0.0,1.0,0.0,1.0,0.0,1.0,0.0,1.0,0.0,1.0,0.0,1.0,0.0,1.0,0.0,0.7,0.3,0.0,0.0,1.0,0.0,1.0,0.0,1.0,0.0,1.0,0.0,0.4,0.6,0.0,0.0,0.4,0.6,0.0,0.0,1.0,0.0,1.0,0.0,1.0,0.0,1.0,0.0,0.2,0.8,0.0,0.0,0.6,0.4,0.0,0.0,1.0,0.0,1.0,0.0,0.6,0.4,1.0,0.0,1.0,0.0,1.0,0.0,1.0,0.0,1.0,0.0,0.8,0.0,1.0,0.0,0.7,0.0,0.7,0.0,1.0,0.0,0.7,0.3
1960-02-29,0.6,0.4,1.0,0.0,0.4,0.6,0.3346769948307939,0.0,0.0,0.0,0.0,1.0,1.0,0.0,0.35255138097141164,0.6474486190285883,0.0,0.0,0.0,0.0,1.0,0.0,1.0,0.0,1.0,0.0,1.0,0.0,1.0,0.0,1.0,0.0,1.0,0.0,1.0,0.0,1.0,0.0,1.0,0.0,1.0,0.0,1.0,0.0,0.7,0.3,0.0,0.0,1.0,0.0,1.0,0.0,1.0,0.0,1.0,0.0,0.4,0.6,0.0,0.0,0.4,0.6,0.0,0.0,1.0,0.0,1.0,0.0,1.0,0.0,1.0,0.0,0.2,0.8,0.0,0.0,0.6,0.4,0.0,0.0,1.0,0.0,1.0,0.0,0.8,0.2,1.0,0.0,1.0,0.0,1.0,0.0,1.0,0.0,1.0,0.0,0.9,0.0,1.0,0.0,0.7,0.0,0.7,0.0,1.0,0.0,1.0,0.0
1960-03-31,0.6,0.4,1.0,0.0,0.4,0.6,0.3868217260496375,0.0,0.0,0.0,0.0,1.0,1.0,0.0,0.35950505019413803,0.640494949805862,0.0,0.0,0.0,0.0,1.0,0.0,1.0,0.0,1.0,0.0,1.0,0.0,1.0,0.0,1.0,0.0,1.0,0.0,1.0,0.0,1.0,0.0,1.0,0.0,1.0,0.0,1.0,0.0,0.7,0.3,0.0,0.0,1.0,0.0,1.0,0.0,1.0,0.0,1.0,0.0,0.4,0.6,0.0,0.0,0.4,0.6,0.0,0.0,1.0,0.0,1.0,0.0,1.0,0.0,1.0,0.0,0.2,0.8,0.0,0.0,0.6,0.4,0.0,0.0,1.0,0.0,1.0,0.0,0.4,0.6,1.0,0.0,1.0,0.0,1.0,0.0,1.0,0.0,1.0,0.0,0.5,0.2,0.9,0.0,0.7,0.0,0.7,0.0,1.0,0.0,0.9,0.1
1960-04-30,0.6,0.4,1.0,0.0,0.4,0.6,0.614933564498937,0.0,0.0,0.0,0.0,1.0,0.0,0.0,0.35953109177638226,0.6404689082236178,0.0,0.0,0.0,0.0,1.0,0.0,1.0,0.0,1.0,0.0,1.0,0.0,1.0,0.0,1.0,0.0,1.0,0.0,1.0,0.0,1.0,0.0,1.0,0.0,1.0,0.0,1.0,0.0,0.7,0.3,0.0,0.0,1.0,0.0,1.0,0.0,1.0,0.0,1.0,0.0,0.4,0.6,0.0,0.0,0.4,0.6,0.0,0.0,1.0,0.0,1.0,0.0,1.0,0.0,1.0,0.0,0.2,0.8,0.0,0.0,0.6,0.4,0.0,0.0,1.0,0.0,1.0,0.0,0.3,0.7,1.0,0.0,1.0,0.0,1.0,0.0,1.0,0.0,1.0,0.0,0.4,0.3,0.9,0.0,0.7,0.0,0.7,0.0,1.0,0.0,1.0,0.0
1960-05-31,0.6,0.4,1.0,0.0,0.4,0.6,0.8183236418712547,0.0,0.0,0.0,0.0,1.0,0.0,0.0,0.36210839305167825,0.6378916069483217,0.0,0.0,0.0,0.0,1.0,0.0,1.0,0.0,1.0,0.0,1.0,0.0,1.0,0.0,1.0,0.0,1.0,0.0,1.0,0.0,1.0,0.0,1.0,0.0,1.0,0.0,1.0,0.0,0.7,0.3,0.0,0.0,1.0,0.0,1.0,0.0,1.0,0.0,1.0,0.0,0.4,0.6,0.0,0.0,0.4,0.6,0.0,0.0,1.0,0.0,1.0,0.0,1.0,0.0,1.0,0.0,0.2,0.8,0.0,0.0,0.6,0.4,0.0,0.0,1.0,0.0,1.0,0.0,0.8,0.2,1.0,0.0,1.0,0.0,1.0,0.0,1.0,0.0,1.0,0.0,0.7,0.3,0.9,0.0,0.7,0.0,0.7,0.0,1.0,0.0,1.0,0.0
1960-06-30,0.6,0.4,1.0,0.0,0.4,0.6,0.7913101741759158,0.0,1.0,0.0,1.0,0.0,0.0,0.0,0.3606766631407858,0.6393233368592143,1.0,0.0,0.6,0.4,1.0,0.0,1.0,0.0,1.0,0.0,1.0,0.0,1.0,0.0,1.0,0.0,1.0,0.0,1.0,0.0,1.0,0.0,1.0,0.0,1.0,0.0,1.0,0.0,0.6,0.4,0.0,0.0,1.0,0.0,1.0,0.0,1.0,0.0,1.0,0.0,0.4,0.6,0.0,0.0,0.4,0.6,0.0,0.0,1.0,0.0,1.0,0.0,1.0,0.0,1.0,0.0,0.2,0.8,0.0,0.0,0.6,0.4,0.0,0.0,1.0,0.0,1.0,0.0,1.0,0.0,1.0,0.0,1.0,0.0,1.0,0.0,1.0,0.0,1.0,0.0,1.0,0.0,1.0,0.0,0.7,0.0,0.7,0.0,1.0,0.0,1.0,0.0
1960-07-31,0.6,0.4,1.0,0.0,0.4,0.6,0.3628445087978196,0.0,0.0,0.0,0.0,1.0,0.0,0.0,0.36852394508457087,0.6314760549154291,0.0,0.0,0.0,0.0,1.0,0.0,1.0,0.0,1.0,0.0,1.0,0.0,1.0,0.0,1.0,0.0,1.0,0.0,1.0,0.0,1.0,0.0,1.0,0.0,1.0,0.0,1.0,0.0,0.5,0.5,0.0,0.0,1.0,0.0,1.0,0.0,1.0,0.0,1.0,0.0,0.4,0.6,0.0,0.0,0.5,0.5,0.0,0.0,1.0,0.0,1.0,0.0,1.0,0.0,1.0,0.0,0.2,0.8,0.0,0.0,0.6,0.4,0.0,0.0,1.0,0.0,1.0,0.0,0.0,1.0,0.0,0.0,0.9,0.1,1.0,0.0,0.9,0.1,1.0,0.0,0.0,1.0,0.1,0.3,0.7,0.0,0.7,0.0,1.0,0.0,0.7,0.3
1960-08-31,0.6,0.4,1.0,0.0,0.4,0.6,0.5809102329741053,0.0,1.0,0.0,1.0,0.0,0.0,0.0,0.37902658966958036,0.6209734103304196,1.0,0.0,0.6,0.4,1.0,0.0,1.0,0.0,1.0,0.0,1.0,0.0,1.0,0.0,1.0,0.0,1.0,0.0,1.0,0.0,1.0,0.0,1.0,0.0,1.0,0.0,1.0,0.0,0.4,0.6,0.0,0.0,1.0,0.0,1.0,0.0,1.0,0.0,1.0,0.0,0.3,0.7,0.0,0.0,0.6,0.4,0.0,0.0,1.0,0.0,1.0,0.0,1.0,0.0,1.0,0.0,0.3,0.7,0.0,0.0,0.8,0.2,0.0,0.0,1.0,0.0,1.0,0.0,0.2,0.8,1.0,0.0,1.0,0.0,1.0,0.0,1.0,0.0,1.0,0.0,0.1,0.9,0.1,0.3,0.7,0.0,0.7,0.0,1.0,0.0,1.0,0.0
1960-09-30,0.6,0.4,1.0,0.0,0.4,0.6,0.20495204769887426,0.0,0.0,0.0,0.0,1.0,0.0,0.0,0.37849066760558575,0.6215093323944143,0.0,0.0,0.0,0.0,1.0,0.0,1.0,0.0,1.0,0.0,1.0,0.0,1.0,0.0,1.0,0.0,1.0,0.0,1.0,0.0,1.0,0.0,1.0,0.0,1.0,0.0,1.0,0.0,0.5,0.5,0.0,0.0,1.0,0.0,1.0,0.0,1.0,0.0,1.0,0.0,1.0,0.0,1.0,0.0,1.0,0.0,1.0,0.0,1.0,0.0,1.0,0.0,1.0,0.0,1.0,0.0,0.7,0.3,1.0,0.0,1.0,0.0,1.0,0.0,1.0,0.0,1.0,0.0,0.2,0.8,1.0,0.0,1.0,0.0,1.0,0.0,1.0,0.0,1.0,0.0,0.1,0.9,0.1,0.3,0.7,0.0,0.7,0.0,1.0,0.0,0.8,0.2
1960-10-31,0.6,0.4,1.0,0.0,0.4,0.6,0.3386326884288053,0.0,0.0,0.0,0.0,1.0,0.0,0.0,0.38687015995410146,0.6131298400458987,0.0,0.0,0.0,0.0,1.0,0.0,1.0,0.0,1.0,0.0,1.0,0.0,1.0,0.0,1.0,0.0,1.0,0.0,1.0,0.0,1.0,0.0,1.0,0.0,1.0,0.0,1.0,0.0,0.4,0.6,0.0,0.0,1.0,0.0,1.0,0.0,1.0,0.0,1.0,0.0,1.0,0.0,1.0,0.0,1.0,0.0,1.0,0.0,1.0,0.0,1.0,0.0,1.0,0.0,1.0,0.0,1.0,0.0,1.0,0.0,1.0,0.0,1.0,0.0,1.0,0.0,1.0,0.0,0.7,0.3,1.0,0.0,1.0,0.0,1.0,0.0,1.0,0.0,1.0,0.0,0.7,0.3,0.6,0.3,0.7,0.0,0.7,0.0,1.0,0.0,1.0,0.0
1960-11-30,0.6,0.4,1.0,0.0,0.4,0.6,0.5413434286059253,0.0,1.0,0.0,1.0,0.0,0.0,0.0,0.35625578516296674,0.6437442148370333,0.0,0.0,0.0,0.0,1.0,0.0,1.0,0.0,1.0,0.0,1.0,0.0,1.0,0.0,1.0,0.0,1.0,0.0,1.0,0.0,1.0,0.0,1.0,0.0,0.9,0.1,1.0,0.0,0.4,0.6,0.0,0.0,1.0,0.0,1.0,0.0,1.0,0.0,1.0,0.0,1.0,0.0,1.0,0.0,1.0,0.0,1.0,0.0,1.0,0.0,1.0,0.0,1.0,0.0,1.0,0.0,1.0,0.0,1.0,0.0,1.0,0.0,1.0,0.0,1.0,0.0,1.0,0.0,1.0,0.0,1.0,0.0,1.0,0.0,1.0,0.0,1.0,0.0,1.0,0.0,1.0,0.0,0.9,0.1,0.7,0.0,0.7,0.0,1.0,0.0,1.0,0.0
1960-12-31,0.6,0.4,1.0,0.0,0.3,0.7,0.8171921682262203,0.0,1.0,0.0,1.0,0.0,0.0,0.0,0.3588704136862857,0.6411295863137143,1.0,0.0,0.6,0.4,1.0,0.0,1.0,0.0,1.0,0.0,1.0,0.0,1.0,0.0,1.0,0.0,1.0,0.0,1.0,0.0,1.0,0.0,1.0,0.0,1.0,0.0,1.0,0.0,1.0,0.0,1.0,0.0,1.0,0.0,1.0,0.0,1.0,0.0,1.0,0.0,1.0,0.0,1.0,0.0,1.0,0.0,1.0,0.0,1.0,0.0,1.0,0.0,1.0,0.0,1.0,0.0,1.0,0.0,1.0,0.0,1.0,0.0,1.0,0.0,1.0,0.0,1.0,0.0,0.6,0.4,1.0,0.0,1.0,0.0,1.0,0.0,1.0,0.0,1.0,0.0,0.8,0.1,0.9,0.1,0.7,0.0,0.7,0.0,1.0,0.0,1.0,0.0
1961-01-31,0.6,0.4,1.0,0.0,0.3,0.7,0.5103560056166659,0.0,1.0,0.0,1.0,0.0,1.0,0.0,0.3550386474488372,0.6449613525511627,1.0,0.0,0.6,0.4,1.0,0.0,1.0,0.0,1.0,0.0,1.0,0.0,1.0,0.0,1.0,0.0,1.0,0.0,1.0,0.0,1.0,0.0,1.0,0.0,0.8,0.2,1.0,0.0,0.7,0.3,0.0,0.0,1.0,0.0,1.0,0.0,1.0,0.0,1.0,0.0,1.0,0.0,1.0,0.0,1.0,0.0,1.0,0.0,1.0,0.0,1.0,0.0,1.0,0.0,1.0,0.0,1.0,0.0,1.0,0.0,1.0,0.0,1.0,0.0,1.0,0.0,1.0,0.0,0.7,0.3,1.0,0.0,1.0,0.0,1.0,0.0,1.0,0.0,1.0,0.0,0.8,0.1,0.9,0.1,0.7,0.0,0.7,0.0,1.0,0.0,1.0,0.0
1961-02-28,0.6,0.4,1.0,0.0,0.3,0.7,0.666590204863666,0.0,1.0,0.0,1.0,0.0,1.0,0.0,0.3596862013626176,0.6403137986373824,1.0,0.0,0.6,0.4,1.0,0.0,1.0,0.0,1.0,0.0,1.0,0.0,1.0,0.0,1.0,0.0,1.0,0.0,1.0,0.0,1.0,0.0,1.0,0.0,1.0,0.0,1.0,0.0,1.0,0.0,1.0,0.0,1.0,0.0,1.0,0.0,1.0,0.0,1.0,0.0,1.0,0.0,1.0,0.0,1.0,0.0,1.0,0.0,1.0,0.0,1.0,0.0,1.0,0.0,1.0,0.0,1.0,0.0,1.0,0.0,1.0,0.0,1.0,0.0,1.0,0.0,1.0,0.0,0.8,0.2,1.0,0.0,1.0,0.0,1.0,0.0,1.0,0.0,1.0,0.0,0.9,0.1,0.9,0.1,0.7,0.0,0.7,0.0,1.0,0.0,1.0,0.0
1961-03-31,0.6,0.4,1.0,0.0,0.3,0.7,0.9505620725805063,0.0,1.0,0.0,1.0,0.0,1.0,0.0,0.35939522560457515,0.6406047743954247,1.0,0.0,0.6,0.4,1.0,0.0,1.0,0.0,1.0,0.0,1.0,0.0,1.0,0.0,1.0,0.0,1.0,0.0,1.0,0.0,1.0,0.0,1.0,0.0,1.0,0.0,1.0,0.0,1.0,0.0,1.0,0.0,1.0,0.0,1.0,0.0,1.0,0.0,1.0,0.0,1.0,0.0,1.0,0.0,1.0,0.0,1.0,0.0,1.0,0.0,1.0,0.0,1.0,0.0,1.0,0.0,1.0,0.0,1.0,0.0,1.0,0.0,1.0,0.0,1.0,0.0,1.0,0.0,1.0,0.0,1.0,0.0,1.0,0.0,1.0,0.0,1.0,0.0,1.0,0.0,1.0,0.0,0.9,0.1,0.7,0.0,0.7,0.0,1.0,0.0,1.0,0.0
1961-04-30,0.6,0.4,1.0,0.0,0.3,0.7,0.3420174868304056,0.0,1.0,0.0,1.0,0.0,1.0,0.0,0.3575385787096139,0.642461421290386,1.0,0.0,0.6,0.4,1.0,0.0,1.0,0.0,1.0,0.0,1.0,0.0,1.0,0.0,1.0,0.0,1.0,0.0,1.0,0.0,1.0,0.0,1.0,0.0,1.0,0.0,1.0,0.0,1.0,0.0,1.0,0.0,1.0,0.0,1.0,0.0,1.0,0.0,1.0,0.0,1.0,0.0,1.0,0.0,1.0,0.0,1.0,0.0,1.0,0.0,1.0,0.0,1.0,0.0,1.0,0.0,1.0,0.0,1.0,0.0,1.0,0.0,1.0,0.0,1.0,0.0,1.0,0.0,1.0,0.0,1.0,0.0,1.0,0.0,1.0,0.0,1.0,0.0,1.0,0.0,1.0,0.0,1.0,0.0,0.7,0.0,0.7,0.0,1.0,0.0,1.0,0.0
1961-05-31,0.6,0.4,1.0,0.0,0.3,0.7,0.8772756229900913,0.0,1.0,0.0,1.0,0.0,1.0,0.0,0.35778120771064603,0.642218792289354,1.0,0.0,0.6,0.4,1.0,0.0,1.0,0.0,1.0,0.0,1.0,0.0,1.0,0.0,1.0,0.0,1.0,0.0,1.0,0.0,1.0,0.0,1.0,0.0,0.9,0.1,1.0,0.0,0.9,0.1,0.0,0.0,1.0,0.0,1.0,0.0,1.0,0.0,1.0,0.0,1.0,0.0,1.0,0.0,1.0,0.0,1.0,0.0,1.0,0.0,1.0,0.0,1.0,0.0,1.0,0.0,1.0,0.0,1.0,0.0,1.0,0.0,1.0,0.0,1.0,0.0,1.0,0.0,1.0,0.0,1.0,0.0,1.0,0.0,1.0,0.0,1.0,0.0,1.0,0.0,1.0,0.0,1.0,0.0,0.7,0.0,0.7,0.0,1.0,0.0,1.0,0.0
1961-06-30,0.6,0.4,1.0,0.0,0.3,0.7,0.6729928446764861,0.0,1.0,0.0,1.0,0.0,1.0,0.0,0.3493780237465719,0.6506219762534281,0.0,0.0,0.0,0.0,1.0,0.0,1.0,0.0,1.0,0.0,1.0,0.0,1.0,0.0,1.0,0.0,1.0,0.0,1.0,0.0,1.0,0.0,1.0,0.0,0.8,0.2,1.0,0.0,0.5,0.5,0.0,0.0,1.0,0.0,1.0,0.0,1.0,0.0,1.0,0.0,1.0,0.0,1.0,0.0,1.0,0.0,1.0,0.0,1.0,0.0,1.0,0.0,1.0,0.0,1.0,0.0,1.0,0.0,1.0,0.0,1.0,0.0,1.0,0.0,1.0,0.0,1.0,0.0,1.0,0.0,1.0,0.0,1.0,0.0,1.0,0.0,1.0,0.0,1.0,0.0,1.0,0.0,1.0,0.0,0.7,0.0,0.7,0.0,1.0,0.0,1.0,0.0
1961-07-31,0.6,0.4,1.0,0.0,0.3,0.7,0.5871787427584015,0.0,1.0,0.0,1.0,0.0,1.0,0.0,0.3412256803270719,0.6587743196729281,0.0,0.0,0.0,0.0,1.0,0.0,1.0,0.0,1.0,0.0,1.0,0.0,1.0,0.0,1.0,0.0,1.0,0.0,1.0,0.0,1.0,0.0,1.0,0.0,0.5,0.5,0.0,0.0,0.4,0.6,0.0,0.0,1.0,0.0,1.0,0.0,1.0,0.0,1.0,0.0,1.0,0.0,1.0,0.0,1.0,0.0,1.0,0.0,1.0,0.0,1.0,0.0,1.0,0.0,1.0,0.0,1.0,0.0,1.0,0.0,1.0,0.0,1.0,0.0,1.0,0.0,1.0,0.0,1.0,0.0,1.0,0.0,1.0,0.0,1.0,0.0,1.0,0.0,1.0,0.0,1.0,0.0,1.0,0.0,0.7,0.0,0.7,0.0,1.0,0.0,1.0,0.0
1961-08-31,0.6,0.4,1.0,0.0,0.3,0.7,0.9284132974960464,0.0,1.0,0.0,1.0,0.0,1.0,0.0,0.31115147425660505,0.6888485257433951,1.0,0.0,0.6,0.4,1.0,0.0,1.0,0.0,1.0,0.0,1.0,0.0,1.0,0.0,1.0,0.0,1.0,0.0,1.0,0.0,1.0,0.0,1.0,0.0,0.5,0.5,0.0,0.0,0.4,0.6,0.0,0.0,1.0,0.0,1.0,0.0,1.0,0.0,1.0,0.0,1.0,0.0,1.0,0.0,1.0,0.0,1.0,0.0,1.0,0.0,1.0,0.0,1.0,0.0,1.0,0.0,1.0,0.0,1.0,0.0,1.0,0.0,1.0,0.0,1.0,0.0,1.0,0.0,1.0,0.0,1.0,0.0,1.0,0.0,1.0,0.0,1.0,0.0,1.0,0.0,1.0,0.0,1.0,0.0,0.7,0.0,0.7,0.0,1.0,0.0,1.0,0.0
1961-09-30,0.6,0.4,1.0,0.0,0.3,0.7,0.44585818699290647,0.0,1.0,0.0,1.0,0.0,1.0,0.0,0.30963252635963645,0.6903674736403634,0.0,0.0,0.0,0.0,1.0,0.0,1.0,0.0,1.0,0.0,1.0,0.0,1.0,0.0,1.0,0.0,1.0,0.0,1.0,0.0,1.0,0.0,1.0,0.0,0.4,0.6,0.0,0.0,0.4,0.6,0.0,0.0,1.0,0.0,1.0,0.0,1.0,0.0,1.0,0.0,1.0,0.0,1.0,0.0,1.0,0.0,1.0,0.0,1.0,0.0,1.0,0.0,1.0,0.0,1.0,0.0,1.0,0.0,1.0,0.0,1.0,0.0,1.0,0.0,1.0,0.0,1.0,0.0,1.0,0.0,1.0,0.0,1.0,0.0,1.0,0.0,1.0,0.0,1.0,0.0,1.0,0.0,1.0,0.0,0.7,0.0,0.7,0.0,1.0,0.0,1.0,0.0
1961-10-31,0.6,0.4,1.0,0.0,0.3,0.7,1.0,0.0,1.0,0.0,1.0,0.0,1.0,0.0,0.3080805855190375,0.6919194144809625,1.0,0.0,0.6,0.4,1.0,0.0,1.0,0.0,1.0,0.0,1.0,0.0,1.0,0.0,1.0,0.0,1.0,0.0,1.0,0.0,1.0,0.0,1.0,0.0,0.4,0.6,0.0,0.0,0.4,0.6,0.0,0.0,1.0,0.0,1.0,0.0,1.0,0.0,1.0,0.0,1.0,0.0,1.0,0.0,1.0,0.0,1.0,0.0,1.0,0.0,1.0,0.0,1.0,0.0,1.0,0.0,1.0,0.0,1.0,0.0,1.0,0.0,1.0,0.0,1.0,0.0,1.0,0.0,1.0,0.0,1.0,0.0,1.0,0.0,1.0,0.0,1.0,0.0,1.0,0.0,1.0,0.0,1.0,0.0,0.7,0.0,0.7,0.0,1.0,0.0,1.0,0.0
1961-11-30,0.6,0.4,1.0,0.0,0.3,0.7,0.9594213069401312,0.0,1.0,0.0,1.0,0.0,1.0,0.0,0.304802138957401,0.6951978610425991,1.0,0.0,0.6,0.4,1.0,0.0,1.0,0.0,1.0,0.0,1.0,0.0,1.0,0.0,1.0,0.0,1.0,0.0,1.0,0.0,1.0,0.0,1.0,0.0,0.6,0.4,0.0,0.0,0.4,0.6,0.0,0.0,1.0,0.0,1.0,0.0,1.0,0.0,1.0,0.0,1.0,0.0,1.0,0.0,1.0,0.0,1.0,0.0,1.0,0.0,1.0,0.0,1.0,0.0,1.0,0.0,1.0,0.0,1.0,0.0,1.0,0.0,1.0,0.0,1.0,0.0,1.0,0.0,1.0,0.0,1.0,0.0,1.0,0.0,1.0,0.0,1.0,0.0,1.0,0.0,1.0,0.0,1.0,0.0,0.7,0.0,0.7,0.0,1.0,0.0,1.0,0.0
1961-12-31,0.6,0.4,1.0,0.0,0.4,0.6,1.0,0.0,1.0,0.0,1.0,0.0,1.0,0.0,0.3067102353496011,0.6932897646503989,1.0,0.0,0.6,0.4,1.0,0.0,1.0,0.0,1.0,0.0,1.0,0.0,1.0,0.0,1.0,0.0,1.0,0.0,1.0,0.0,1.0,0.0,1.0,0.0,1.0,0.0,1.0,0.0,1.0,0.0,0.0,0.0,1.0,0.0,1.0,0.0,1.0,0.0,1.0,0.0,1.0,0.0,1.0,0.0,1.0,0.0,1.0,0.0,1.0,0.0,1.0,0.0,1.0,0.0,1.0,0.0,1.0,0.0,1.0,0.0,1.0,0.0,1.0,0.0,1.0,0.0,1.0,0.0,1.0,0.0,1.0,0.0,1.0,0.0,1.0,0.0,1.0,0.0,1.0,0.0,1.0,0.0,1.0,0.0,0.7,0.0,0.7,0.0,1.0,0.0,1.0,0.0
1962-01-31,0.6,0.4,1.0,0.0,0.4,0.6,0.47472808888776613,0.0,1.0,0.0,1.0,0.0,1.0,0.0,0.2979743618965518,0.7020256381034482,0.0,0.0,0.0,0.0,1.0,0.0,1.0,0.0,1.0,0.0,1.0,0.0,1.0,0.0,1.0,0.0,1.0,0.0,1.0,0.0,1.0,0.0,1.0,0.0,1.0,0.0,1.0,0.0,1.0,0.0,0.0,0.0,1.0,0.0,1.0,0.0,1.0,0.0,1.0,0.0,1.0,0.0,1.0,0.0,1.0,0.0,1.0,0.0,1.0,0.0,1.0,0.0,1.0,0.0,1.0,0.0,1.0,0.0,1.0,0.0,1.0,0.0,1.0,0.0,1.0,0.0,1.0,0.0,1.0,0.0,1.0,0.0,1.0,0.0,1.0,0.0,1.0,0.0,1.0,0.0,1.0,0.0,1.0,0.0,0.7,0.0,0.7,0.0,1.0,0.0,1.0,0.0
1962-02-28,0.6,0.4,1.0,0.0,0.4,0.6,1.0,0.0,1.0,0.0,1.0,0.0,1.0,0.0,0.2972886307102453,0.7027113692897548,0.0,0.0,0.0,0.0,1.0,0.0,1.0,0.0,1.0,0.0,1.0,0.0,1.0,0.0,1.0,0.0,1.0,0.0,1.0,0.0,1.0,0.0,1.0,0.0,1.0,0.0,1.0,0.0,1.0,0.0,0.0,0.0,1.0,0.0,1.0,0.0,1.0,0.0,1.0,0.0,1.0,0.0,1.0,0.0,1.0,0.0,1.0,0.0,1.0,0.0,1.0,0.0,1.0,0.0,1.0,0.0,1.0,0.0,1.0,0.0,1.0,0.0,1.0,0.0,1.0,0.0,1.0,0.0,1.0,0.0,1.0,0.0,1.0,0.0,1.0,0.0,1.0,0.0,1.0,0.0,1.0,0.0,1.0,0.0,0.7,0.0,0.7,0.0,0.7,0.3,1.0,0.0
1962-03-31,0.6,0.4,1.0,0.0,0.4,0.6,1.0,0.0,1.0,0.0,1.0,0.0,1.0,0.0,0.30432918543972526,0.6956708145602747,0.0,0.0,0.0,0.0,1.0,0.0,1.0,0.0,1.0,0.0,1.0,0.0,1.0,0.0,1.0,0.0,1.0,0.0,1.0,0.0,1.0,0.0,1.0,0.0,1.0,0.0,1.0,0.0,1.0,0.0,1.0,0.0,1.0,0.0,1.0,0.0,1.0,0.0,1.0,0.0,1.0,0.0,1.0,0.0,1.0,0.0,1.0,0.0,1.0,0.0,1.0,0.0,1.0,0.0,1.0,0.0,1.0,0.0,1.0,0.0,1.0,0.0,1.0,0.0,1.0,0.0,1.0,0.0,1.0,0.0,1.0,0.0,1.0,0.0,1.0,0.0,1.0,0.0,1.0,0.0,1.0,0.0,1.0,0.0,0.7,0.0,0.7,0.0,0.2,0.6,1.0,0.0
1962-04-30,0.6,0.4,1.0,0.0,0.4,0.6,0.3448270068873874,0.0,0.0,0.0,0.0,1.0,1.0,0.0,0.28828450466897254,0.7117154953310275,0.0,0.0,0.0,0.0,1.0,0.0,1.0,0.0,1.0,0.0,1.0,0.0,1.0,0.0,1.0,0.0,1.0,0.0,1.0,0.0,1.0,0.0,1.0,0.0,1.0,0.0,1.0,0.0,1.0,0.0,1.0,0.0,1.0,0.0,1.0,0.0,1.0,0.0,1.0,0.0,1.0,0.0,1.0,0.0,1.0,0.0,1.0,0.0,1.0,0.0,1.0,0.0,1.0,0.0,1.0,0.0,1.0,0.0,1.0,0.0,1.0,0.0,1.0,0.0,1.0,0.0,1.0,0.0,0.7,0.3,1.0,0.0,1.0,0.0,1.0,0.0,1.0,0.0,1.0,0.0,0.9,0.0,1.0,0.0,0.7,0.0,0.7,0.0,0.1,0.6,0.7,0.3
1962-05-31,0.6,0.4,1.0,0.0,0.4,0.6,0.03416774470195601,0.0,0.0,0.0,0.0,1.0,0.0,0.0,0.2693376262325006,0.7306623737674994,0.0,0.0,0.0,0.0,0.0,1.0,0.0,0.0,0.0,1.0,0.0,0.0,0.0,1.0,0.0,0.0,0.0,1.0,0.0,1.0,1.0,0.0,1.0,0.0,1.0,0.0,1.0,0.0,1.0,0.0,1.0,0.0,1.0,0.0,1.0,0.0,1.0,0.0,1.0,0.0,1.0,0.0,1.0,0.0,1.0,0.0,1.0,0.0,1.0,0.0,1.0,0.0,1.0,0.0,1.0,0.0,1.0,0.0,1.0,0.0,1.0,0.0,1.0,0.0,1.0,0.0,1.0,0.0,0.1,0.9,1.0,0.0,0.3,0.7,1.0,0.0,0.3,0.7,1.0,0.0,0.2,0.6,0.5,0.0,0.7,0.0,0.7,0.0,0.1,0.6,0.2,0.6
1962-06-30,0.6,0.4,1.0,0.0,0.4,0.6,0.05867466587032806,0.0,0.0,0.0,0.0,1.0,0.0,0.0,0.25719608469308575,0.7428039153069143,0.0,0.0,0.0,0.0,0.0,1.0,0.0,0.0,0.0,1.0,0.0,0.0,0.0,1.0,0.0,0.0,0.0,1.0,0.0,1.0,1.0,0.0,1.0,0.0,1.0,0.0,1.0,0.0,1.0,0.0,1.0,0.0,1.0,0.0,1.0,0.0,1.0,0.0,1.0,0.0,1.0,0.0,1.0,0.0,1.0,0.0,1.0,0.0,1.0,0.0,1.0,0.0,1.0,0.0,1.0,0.0,1.0,0.0,1.0,0.0,1.0,0.0,1.0,0.0,1.0,0.0,1.0,0.0,0.0,1.0,0.0,0.0,0.0,1.0,0.0,0.0,0.0,1.0,0.0,0.0,0.0,1.0,0.1,0.5,0.7,0.0,0.7,0.0,0.5,0.5,0.0,0.6
1962-07-31,0.6,0.4,1.0,0.0,0.4,0.6,0.19593303254834754,0.0,0.0,0.0,0.0,1.0,0.0,0.0,0.25537735093399905,0.744622649066001,0.0,0.0,0.0,0.0,0.0,1.0,0.0,0.0,0.0,1.0,0.0,0.0,0.0,1.0,0.0,0.0,0.0,1.0,0.0,1.0,1.0,0.0,1.0,0.0,1.0,0.0,1.0,0.0,1.0,0.0,1.0,0.0,1.0,0.0,1.0,0.0,1.0,0.0,1.0,0.0,1.0,0.0,1.0,0.0,1.0,0.0,1.0,0.0,1.0,0.0,1.0,0.0,1.0,0.0,1.0,0.0,1.0,0.0,1.0,0.0,1.0,0.0,1.0,0.0,1.0,0.0,1.0,0.0,0.0,1.0,0.0,0.0,0.0,1.0,0.0,0.0,0.0,1.0,0.0,0.0,0.0,1.0,0.1,0.5,0.7,0.0,0.7,0.0,0.9,0.1,0.1,0.6
1962-08-31,0.6,0.4,1.0,0.0,0.4,0.6,0.48683457755354065,0.0,0.0,0.0,0.0,1.0,0.0,0.0,0.25688086690804623,0.7431191330919537,0.0,0.0,0.0,0.0,0.2,0.8,0.0,0.0,0.9,0.1,0.0,0.0,0.9,0.1,0.0,0.0,0.1,0.9,0.0,1.0,1.0,0.0,1.0,0.0,1.0,0.0,1.0,0.0,1.0,0.0,1.0,0.0,1.0,0.0,1.0,0.0,1.0,0.0,1.0,0.0,1.0,0.0,1.0,0.0,1.0,0.0,1.0,0.0,1.0,0.0,1.0,0.0,1.0,0.0,1.0,0.0,1.0,0.0,1.0,0.0,1.0,0.0,1.0,0.0,1.0,0.0,1.0,0.0,0.2,0.8,1.0,0.0,0.1,0.9,1.0,0.0,0.1,0.9,1.0,0.0,0.1,0.9,0.1,0.5,0.7,0.0,0.7,0.0,1.0,0.0,0.5,0.5
1962-09-30,0.6,0.4,1.0,0.0,0.4,0.6,0.3247082707409194,0.0,0.0,0.0,0.0,1.0,0.0,0.0,0.25445258081386873,0.7455474191861313,0.0,0.0,0.0,0.0,0.6,0.4,1.0,0.0,0.9,0.1,0.0,0.0,0.9,0.1,0.0,0.0,0.6,0.4,0.3,0.7,1.0,0.0,1.0,0.0,1.0,0.0,1.0,0.0,1.0,0.0,1.0,0.0,1.0,0.0,1.0,0.0,1.0,0.0,1.0,0.0,1.0,0.0,1.0,0.0,1.0,0.0,1.0,0.0,1.0,0.0,1.0,0.0,1.0,0.0,1.0,0.0,1.0,0.0,1.0,0.0,1.0,0.0,1.0,0.0,1.0,0.0,1.0,0.0,0.2,0.8,1.0,0.0,0.2,0.8,1.0,0.0,0.2,0.8,1.0,0.0,0.2,0.8,0.1,0.5,0.7,0.0,0.7,0.0,1.0,0.0,0.6,0.4
1962-10-31,0.6,0.4,1.0,0.0,0.4,0.6,0.11468731174056969,0.0,0.0,0.0,0.0,1.0,0.0,0.0,0.25345414169377245,0.7465458583062275,0.0,0.0,0.0,0.0,0.1,0.9,0.0,0.0,0.6,0.4,0.0,0.0,0.6,0.4,0.0,0.0,0.1,0.9,0.3,0.7,1.0,0.0,1.0,0.0,1.0,0.0,1.0,0.0,1.0,0.0,1.0,0.0,1.0,0.0,1.0,0.0,1.0,0.0,1.0,0.0,1.0,0.0,1.0,0.0,1.0,0.0,1.0,0.0,1.0,0.0,1.0,0.0,1.0,0.0,1.0,0.0,1.0,0.0,1.0,0.0,1.0,0.0,1.0,0.0,1.0,0.0,1.0,0.0,0.8,0.2,1.0,0.0,0.7,0.3,1.0,0.0,0.7,0.3,1.0,0.0,0.8,0.2,0.6,0.4,0.7,0.0,0.7,0.0,1.0,0.0,1.0,0.0
1962-11-30,0.6,0.4,1.0,0.0,0.4,0.6,0.2743956514689178,0.0,1.0,0.0,1.0,0.0,0.0,0.0,0.23302243523684613,0.7669775647631538,0.0,0.0,0.0,0.0,0.3,0.7,1.0,0.0,0.8,0.2,0.0,0.0,0.8,0.2,0.0,0.0,0.2,0.8,0.3,0.7,1.0,0.0,1.0,0.0,1.0,0.0,1.0,0.0,1.0,0.0,1.0,0.0,1.0,0.0,1.0,0.0,1.0,0.0,1.0,0.0,1.0,0.0,1.0,0.0,1.0,0.0,1.0,0.0,1.0,0.0,1.0,0.0,1.0,0.0,1.0,0.0,1.0,0.0,1.0,0.0,1.0,0.0,1.0,0.0,1.0,0.0,1.0,0.0,0.4,0.6,1.0,0.0,0.4,0.6,0.0,0.0,0.4,0.6,0.0,0.0,0.5,0.3,0.6,0.4,0.7,0.0,0.7,0.0,1.0,0.0,0.4,0.6
1962-12-31,0.6,0.4,1.0,0.0,0.3,0.7,0.6529011896331796,0.0,1.0,0.0,1.0,0.0,0.0,0.0,0.22700536105297853,0.7729946389470215,0.0,0.0,0.0,0.0,1.0,0.0,1.0,0.0,1.0,0.0,1.0,0.0,1.0,0.0,1.0,0.0,1.0,0.0,1.0,0.0,1.0,0.0,1.0,0.0,0.5,0.5,1.0,0.0,0.4,0.6,0.0,0.0,1.0,0.0,1.0,0.0,1.0,0.0,1.0,0.0,1.0,0.0,1.0,0.0,1.0,0.0,1.0,0.0,1.0,0.0,1.0,0.0,1.0,0.0,1.0,0.0,1.0,0.0,1.0,0.0,0.9,0.1,1.0,0.0,1.0,0.0,1.0,0.0,1.0,0.0,1.0,0.0,1.0,0.0,0.0,0.0,1.0,0.0,0.0,0.0,0.9,0.1,0.8,0.2,0.7,0.0,0.7,0.0,1.0,0.0,0.9,0.1
1963-01-31,0.6,0.4,1.0,0.0,0.3,0.7,0.5090310177861266,0.0,1.0,0.0,1.0,0.0,0.0,0.0,0.23141674594868636,0.7685832540513136,1.0,0.0,0.6,0.4,1.0,0.0,1.0,0.0,1.0,0.0,1.0,0.0,1.0,0.0,1.0,0.0,1.0,0.0,1.0,0.0,1.0,0.0,1.0,0.0,0.5,0.5,1.0,0.0,0.4,0.6,0.0,0.0,1.0,0.0,1.0,0.0,1.0,0.0,1.0,0.0,1.0,0.0,1.0,0.0,1.0,0.0,1.0,0.0,1.0,0.0,1.0,0.0,1.0,0.0,1.0,0.0,1.0,0.0,1.0,0.0,0.9,0.1,1.0,0.0,1.0,0.0,1.0,0.0,1.0,0.0,1.0,0.0,1.0,0.0,0.0,0.0,1.0,0.0,0.0,0.0,1.0,0.0,0.9,0.1,0.7,0.0,0.7,0.0,1.0,0.0,1.0,0.0
1963-02-28,0.6,0.4,1.0,0.0,0.3,0.7,0.9753402320686771,0.0,1.0,0.0,1.0,0.0,0.0,0.0,0.22706434755292668,0.7729356524470733,1.0,0.0,0.6,0.4,1.0,0.0,1.0,0.0,1.0,0.0,1.0,0.0,1.0,0.0,1.0,0.0,1.0,0.0,1.0,0.0,1.0,0.0,1.0,0.0,0.5,0.5,1.0,0.0,0.4,0.6,0.0,0.0,1.0,0.0,1.0,0.0,1.0,0.0,1.0,0.0,1.0,0.0,1.0,0.0,1.0,0.0,1.0,0.0,1.0,0.0,1.0,0.0,1.0,0.0,1.0,0.0,1.0,0.0,1.0,0.0,0.9,0.1,1.0,0.0,1.0,0.0,1.0,0.0,1.0,0.0,1.0,0.0,1.0,0.0,0.0,0.0,1.0,0.0,0.0,0.0,1.0,0.0,0.9,0.1,0.7,0.0,0.7,0.0,1.0,0.0,1.0,0.0
1963-03-31,0.6,0.4,1.0,0.0,0.3,0.7,1.0,0.0,1.0,0.0,1.0,0.0,0.0,0.0,0.21800752877614904,0.7819924712238511,1.0,0.0,0.6,0.4,1.0,0.0,1.0,0.0,1.0,0.0,1.0,0.0,1.0,0.0,1.0,0.0,1.0,0.0,1.0,0.0,1.0,0.0,1.0,0.0,0.5,0.5,1.0,0.0,0.4,0.6,0.0,0.0,1.0,0.0,1.0,0.0,1.0,0.0,1.0,0.0,1.0,0.0,1.0,0.0,1.0,0.0,1.0,0.0,1.0,0.0,1.0,0.0,1.0,0.0,1.0,0.0,1.0,0.0,1.0,0.0,0.9,0.1,1.0,0.0,1.0,0.0,1.0,0.0,1.0,0.0,1.0,0.0,1.0,0.0,0.0,0.0,1.0,0.0,0.0,0.0,1.0,0.0,0.9,0.1,0.7,0.0,0.7,0.0,1.0,0.0,1.0,0.0
1963-04-30,0.6,0.4,1.0,0.0,0.3,0.7,1.0,0.0,1.0,0.0,1.0,0.0,1.0,0.0,0.209577192167598,0.790422807832402,1.0,0.0,0.6,0.4,1.0,0.0,1.0,0.0,1.0,0.0,1.0,0.0,1.0,0.0,1.0,0.0,1.0,0.0,1.0,0.0,1.0,0.0,1.0,0.0,0.5,0.5,1.0,0.0,0.4,0.6,0.0,0.0,1.0,0.0,1.0,0.0,1.0,0.0,1.0,0.0,1.0,0.0,1.0,0.0,1.0,0.0,1.0,0.0,1.0,0.0,1.0,0.0,1.0,0.0,1.0,0.0,1.0,0.0,1.0,0.0,0.9,0.1,1.0,0.0,1.0,0.0,1.0,0.0,1.0,0.0,1.0,0.0,1.0,0.0,0.0,0.0,1.0,0.0,0.0,0.0,1.0,0.0,0.9,0.1,0.7,0.0,0.7,0.0,1.0,0.0,1.0,0.0
1963-05-31,0.6,0.4,1.0,0.0,0.3,0.7,1.0,0.0,1.0,0.0,1.0,0.0,1.0,0.0,0.2081778261052371,0.7918221738947628,1.0,0.0,0.6,0.4,1.0,0.0,1.0,0.0,1.0,0.0,1.0,0.0,1.0,0.0,1.0,0.0,1.0,0.0,1.0,0.0,1.0,0.0,1.0,0.0,0.5,0.5,1.0,0.0,0.4,0.6,0.0,0.0,1.0,0.0,1.0,0.0,1.0,0.0,1.0,0.0,1.0,0.0,1.0,0.0,1.0,0.0,1.0,0.0,1.0,0.0,1.0,0.0,1.0,0.0,1.0,0.0,1.0,0.0,1.0,0.0,0.9,0.1,1.0,0.0,1.0,0.0,1.0,0.0,1.0,0.0,1.0,0.0,1.0,0.0,0.0,0.0,1.0,0.0,0.0,0.0,1.0,0.0,0.9,0.1,0.7,0.0,0.7,0.0,1.0,0.0,1.0,0.0
1963-06-30,0.6,0.4,1.0,0.0,0.3,0.7,1.0,0.0,1.0,0.0,1.0,0.0,1.0,0.0,0.2043969340479818,0.7956030659520182,1.0,0.0,0.6,0.4,1.0,0.0,1.0,0.0,1.0,0.0,1.0,0.0,1.0,0.0,1.0,0.0,1.0,0.0,1.0,0.0,1.0,0.0,1.0,0.0,0.5,0.5,1.0,0.0,0.4,0.6,0.0,0.0,1.0,0.0,1.0,0.0,1.0,0.0,1.0,0.0,1.0,0.0,1.0,0.0,1.0,0.0,1.0,0.0,1.0,0.0,1.0,0.0,1.0,0.0,1.0,0.0,1.0,0.0,1.0,0.0,0.9,0.1,1.0,0.0,1.0,0.0,1.0,0.0,1.0,0.0,1.0,0.0,1.0,0.0,0.0,0.0,1.0,0.0,0.0,0.0,1.0,0.0,0.9,0.1,0.7,0.0,0.7,0.0,1.0,0.0,1.0,0.0
1963-07-31,0.6,0.4,1.0,0.0,0.3,0.7,0.7245627706036853,0.0,1.0,0.0,1.0,0.0,1.0,0.0,0.1825684249011294,0.8174315750988705,0.0,0.0,0.0,0.0,1.0,0.0,1.0,0.0,1.0,0.0,1.0,0.0,1.0,0.0,1.0,0.0,1.0,0.0,1.0,0.0,1.0,0.0,1.0,0.0,0.5,0.5,1.0,0.0,0.4,0.6,0.0,0.0,1.0,0.0,1.0,0.0,1.0,0.0,1.0,0.0,1.0,0.0,1.0,0.0,1.0,0.0,1.0,0.0,1.0,0.0,1.0,0.0,1.0,0.0,1.0,0.0,1.0,0.0,1.0,0.0,0.9,0.1,1.0,0.0,1.0,0.0,1.0,0.0,1.0,0.0,1.0,0.0,1.0,0.0,0.0,0.0,1.0,0.0,0.0,0.0,1.0,0.0,0.9,0.1,0.7,0.0,0.7,0.0,1.0,0.0,1.0,0.0
1963-08-31,0.6,0.4,1.0,0.0,0.3,0.7,1.0,0.0,1.0,0.0,1.0,0.0,1.0,0.0,0.17883703055991318,0.8211629694400868,1.0,0.0,0.6,0.4,1.0,0.0,1.0,0.0,1.0,0.0,1.0,0.0,1.0,0.0,1.0,0.0,1.0,0.0,1.0,0.0,1.0,0.0,1.0,0.0,0.5,0.5,1.0,0.0,0.4,0.6,0.0,0.0,1.0,0.0,1.0,0.0,1.0,0.0,1.0,0.0,1.0,0.0,1.0,0.0,1.0,0.0,1.0,0.0,1.0,0.0,1.0,0.0,1.0,0.0,1.0,0.0,1.0,0.0,1.0,0.0,0.9,0.1,1.0,0.0,1.0,0.0,1.0,0.0,1.0,0.0,1.0,0.0,1.0,0.0,0.0,0.0,1.0,0.0,0.0,0.0,1.0,0.0,0.9,0.1,0.7,0.0,0.7,0.0,1.0,0.0,1.0,0.0
1963-09-30,0.6,0.4,1.0,0.0,0.3,0.7,1.0,0.0,1.0,0.0,1.0,0.0,1.0,0.0,0.183325405146468,0.8166745948535319,1.0,0.0,0.6,0.4,1.0,0.0,1.0,0.0,1.0,0.0,1.0,0.0,1.0,0.0,1.0,0.0,1.0,0.0,1.0,0.0,1.0,0.0,1.0,0.0,0.5,0.5,1.0,0.0,0.4,0.6,0.0,0.0,1.0,0.0,1.0,0.0,1.0,0.0,1.0,0.0,1.0,0.0,1.0,0.0,1.0,0.0,1.0,0.0,1.0,0.0,1.0,0.0,1.0,0.0,1.0,0.0,1.0,0.0,1.0,0.0,0.9,0.1,1.0,0.0,1.0,0.0,1.0,0.0,1.0,0.0,1.0,0.0,1.0,0.0,0.0,0.0,1.0,0.0,0.0,0.0,1.0,0.0,0.9,0.1,0.7,0.0,0.7,0.0,1.0,0.0,1.0,0.0
1963-10-31,0.6,0.4,1.0,0.0,0.3,0.7,0.8075442391023262,0.0,1.0,0.0,1.0,0.0,1.0,0.0,0.18326565860944147,0.8167343413905586,1.0,0.0,0.6,0.4,1.0,0.0,1.0,0.0,1.0,0.0,1.0,0.0,1.0,0.0,1.0,0.0,1.0,0.0,1.0,0.0,1.0,0.0,1.0,0.0,0.5,0.5,1.0,0.0,0.4,0.6,0.0,0.0,1.0,0.0,1.0,0.0,1.0,0.0,1.0,0.0,1.0,0.0,1.0,0.0,1.0,0.0,1.0,0.0,1.0,0.0,1.0,0.0,1.0,0.0,1.0,0.0,1.0,0.0,1.0,0.0,0.9,0.1,1.0,0.0,1.0,0.0,1.0,0.0,1.0,0.0,1.0,0.0,1.0,0.0,0.0,0.0,1.0,0.0,0.0,0.0,1.0,0.0,0.9,0.1,0.7,0.0,0.7,0.0,1.0,0.0,1.0,0.0
1963-11-30,0.6,0.4,1.0,0.0,0.3,0.7,0.11194873336144234,0.0,1.0,0.0,1.0,0.0,1.0,0.0,0.18237300913701038,0.8176269908629895,0.0,0.0,0.0,0.0,0.7,0.3,1.0,0.0,0.5,0.5,0.0,0.0,0.5,0.5,0.0,0.0,0.8,0.0,1.0,0.0,1.0,0.0,1.0,0.0,0.5,0.5,1.0,0.0,0.5,0.5,0.0,0.0,1.0,0.0,1.0,0.0,1.0,0.0,1.0,0.0,1.0,0.0,1.0,0.0,1.0,0.0,1.0,0.0,1.0,0.0,1.0,0.0,1.0,0.0,1.0,0.0,1.0,0.0,1.0,0.0,0.9,0.1,1.0,0.0,1.0,0.0,1.0,0.0,1.0,0.0,1.0,0.0,1.0,0.0,0.0,0.0,1.0,0.0,0.0,0.0,1.0,0.0,0.9,0.1,0.7,0.0,0.7,0.0,1.0,0.0,1.0,0.0
1963-12-31,0.6,0.4,1.0,0.0,0.4,0.6,1.0,0.0,1.0,0.0,1.0,0.0,1.0,0.0,0.16794714056827623,0.8320528594317237,0.0,0.0,0.0,0.0,1.0,0.0,1.0,0.0,1.0,0.0,1.0,0.0,1.0,0.0,1.0,0.0,1.0,0.0,1.0,0.0,1.0,0.0,1.0,0.0,0.6,0.4,1.0,0.0,0.7,0.3,0.0,0.0,1.0,0.0,1.0,0.0,1.0,0.0,1.0,0.0,1.0,0.0,1.0,0.0,1.0,0.0,1.0,0.0,1.0,0.0,1.0,0.0,1.0,0.0,1.0,0.0,1.0,0.0,1.0,0.0,1.0,0.0,0.0,0.0,1.0,0.0,1.0,0.0,1.0,0.0,1.0,0.0,1.0,0.0,1.0,0.0,1.0,0.0,1.0,0.0,1.0,0.0,1.0,0.0,0.7,0.0,0.7,0.0,1.0,0.0,1.0,0.0
1964-01-31,0.6,0.4,1.0,0.0,0.4,0.6,1.0,0.0,1.0,0.0,1.0,0.0,1.0,0.0,0.16644500655025593,0.833554993449744,1.0,0.0,0.6,0.4,1.0,0.0,1.0,0.0,1.0,0.0,1.0,0.0,1.0,0.0,1.0,0.0,1.0,0.0,1.0,0.0,1.0,0.0,1.0,0.0,0.6,0.4,1.0,0.0,0.7,0.3,0.0,0.0,1.0,0.0,1.0,0.0,1.0,0.0,1.0,0.0,1.0,0.0,1.0,0.0,1.0,0.0,1.0,0.0,1.0,0.0,1.0,0.0,1.0,0.0,1.0,0.0,1.0,0.0,1.0,0.0,1.0,0.0,1.0,0.0,1.0,0.0,1.0,0.0,1.0,0.0,1.0,0.0,1.0,0.0,1.0,0.0,1.0,0.0,1.0,0.0,1.0,0.0,1.0,0.0,0.7,0.0,0.7,0.0,1.0,0.0,1.0,0.0
1964-02-29,0.6,0.4,1.0,0.0,0.4,0.6,1.0,0.0,1.0,0.0,1.0,0.0,1.0,0.0,0.15798796666084267,0.8420120333391573,1.0,0.0,0.6,0.4,1.0,0.0,1.0,0.0,1.0,0.0,1.0,0.0,1.0,0.0,1.0,0.0,1.0,0.0,1.0,0.0,1.0,0.0,1.0,0.0,0.6,0.4,1.0,0.0,0.7,0.3,0.0,0.0,1.0,0.0,1.0,0.0,1.0,0.0,1.0,0.0,1.0,0.0,1.0,0.0,1.0,0.0,1.0,0.0,1.0,0.0,1.0,0.0,1.0,0.0,1.0,0.0,1.0,0.0,1.0,0.0,1.0,0.0,0.0,0.0,1.0,0.0,1.0,0.0,1.0,0.0,1.0,0.0,1.0,0.0,1.0,0.0,1.0,0.0,1.0,0.0,1.0,0.0,1.0,0.0,0.7,0.0,0.7,0.0,1.0,0.0,1.0,0.0
1964-03-31,0.6,0.4,1.0,0.0,0.4,0.6,1.0,0.0,1.0,0.0,1.0,0.0,1.0,0.0,0.15738399920914412,0.8426160007908557,1.0,0.0,0.6,0.4,1.0,0.0,1.0,0.0,1.0,0.0,1.0,0.0,1.0,0.0,1.0,0.0,1.0,0.0,1.0,0.0,1.0,0.0,1.0,0.0,0.6,0.4,1.0,0.0,0.7,0.3,0.0,0.0,1.0,0.0,1.0,0.0,1.0,0.0,1.0,0.0,1.0,0.0,1.0,0.0,1.0,0.0,1.0,0.0,1.0,0.0,1.0,0.0,1.0,0.0,1.0,0.0,1.0,0.0,1.0,0.0,1.0,0.0,0.0,0.0,1.0,0.0,1.0,0.0,1.0,0.0,1.0,0.0,1.0,0.0,1.0,0.0,1.0,0.0,1.0,0.0,1.0,0.0,1.0,0.0,0.7,0.0,0.7,0.0,1.0,0.0,1.0,0.0
1964-04-30,0.6,0.4,1.0,0.0,0.4,0.6,1.0,0.0,1.0,0.0,1.0,0.0,1.0,0.0,0.15468140918227138,0.8453185908177286,1.0,0.0,0.6,0.4,1.0,0.0,1.0,0.0,1.0,0.0,1.0,0.0,1.0,0.0,1.0,0.0,1.0,0.0,1.0,0.0,1.0,0.0,1.0,0.0,0.6,0.4,1.0,0.0,0.7,0.3,0.0,0.0,1.0,0.0,1.0,0.0,1.0,0.0,1.0,0.0,1.0,0.0,1.0,0.0,1.0,0.0,1.0,0.0,1.0,0.0,1.0,0.0,1.0,0.0,1.0,0.0,1.0,0.0,1.0,0.0,1.0,0.0,0.0,0.0,1.0,0.0,1.0,0.0,1.0,0.0,1.0,0.0,1.0,0.0,1.0,0.0,1.0,0.0,1.0,0.0,1.0,0.0,1.0,0.0,0.7,0.0,0.7,0.0,1.0,0.0,1.0,0.0
1964-05-31,0.6,0.4,1.0,0.0,0.4,0.6,1.0,0.0,1.0,0.0,1.0,0.0,1.0,0.0,0.1535574518736778,0.8464425481263222,1.0,0.0,0.6,0.4,1.0,0.0,1.0,0.0,1.0,0.0,1.0,0.0,1.0,0.0,1.0,0.0,1.0,0.0,1.0,0.0,1.0,0.0,1.0,0.0,0.6,0.4,1.0,0.0,0.7,0.3,0.0,0.0,1.0,0.0,1.0,0.0,1.0,0.0,1.0,0.0,1.0,0.0,1.0,0.0,1.0,0.0,1.0,0.0,1.0,0.0,1.0,0.0,1.0,0.0,1.0,0.0,1.0,0.0,1.0,0.0,1.0,0.0,0.0,0.0,1.0,0.0,1.0,0.0,1.0,0.0,1.0,0.0,1.0,0.0,1.0,0.0,1.0,0.0,1.0,0.0,1.0,0.0,1.0,0.0,0.7,0.0,0.7,0.0,1.0,0.0,1.0,0.0
1964-06-30,0.6,0.4,1.0,0.0,0.4,0.6,0.9067667880444746,0.0,1.0,0.0,1.0,0.0,1.0,0.0,0.15205179705367328,0.8479482029463267,1.0,0.0,0.6,0.4,1.0,0.0,1.0,0.0,1.0,0.0,1.0,0.0,1.0,0.0,1.0,0.0,1.0,0.0,1.0,0.0,1.0,0.0,1.0,0.0,0.6,0.4,1.0,0.0,0.8,0.2,0.0,0.0,1.0,0.0,1.0,0.0,1.0,0.0,1.0,0.0,1.0,0.0,1.0,0.0,1.0,0.0,1.0,0.0,1.0,0.0,1.0,0.0,1.0,0.0,1.0,0.0,1.0,0.0,1.0,0.0,1.0,0.0,0.0,0.0,1.0,0.0,1.0,0.0,1.0,0.0,1.0,0.0,1.0,0.0,1.0,0.0,1.0,0.0,1.0,0.0,1.0,0.0,1.0,0.0,0.7,0.0,0.7,0.0,1.0,0.0,1.0,0.0
1964-07-31,0.6,0.4,1.0,0.0,0.4,0.6,1.0,0.0,1.0,0.0,1.0,0.0,1.0,0.0,0.15255948877381362,0.8474405112261864,1.0,0.0,0.6,0.4,1.0,0.0,1.0,0.0,1.0,0.0,1.0,0.0,1.0,0.0,1.0,0.0,1.0,0.0,1.0,0.0,1.0,0.0,1.0,0.0,0.6,0.4,1.0,0.0,0.8,0.2,0.0,0.0,1.0,0.0,1.0,0.0,1.0,0.0,1.0,0.0,1.0,0.0,1.0,0.0,1.0,0.0,1.0,0.0,1.0,0.0,1.0,0.0,1.0,0.0,1.0,0.0,1.0,0.0,1.0,0.0,1.0,0.0,1.0,0.0,1.0,0.0,1.0,0.0,1.0,0.0,1.0,0.0,1.0,0.0,1.0,0.0,1.0,0.0,1.0,0.0,1.0,0.0,1.0,0.0,0.7,0.0,0.7,0.0,1.0,0.0,1.0,0.0
1964-08-31,0.6,0.4,1.0,0.0,0.4,0.6,0.9270313897613739,0.0,1.0,0.0,1.0,0.0,1.0,0.0,0.15093997756769878,0.8490600224323013,1.0,0.0,0.6,0.4,1.0,0.0,1.0,0.0,1.0,0.0,1.0,0.0,1.0,0.0,1.0,0.0,1.0,0.0,1.0,0.0,1.0,0.0,1.0,0.0,0.6,0.4,1.0,0.0,0.9,0.1,0.0,0.0,1.0,0.0,1.0,0.0,1.0,0.0,1.0,0.0,1.0,0.0,1.0,0.0,1.0,0.0,1.0,0.0,1.0,0.0,1.0,0.0,1.0,0.0,1.0,0.0,1.0,0.0,1.0,0.0,1.0,0.0,1.0,0.0,1.0,0.0,1.0,0.0,1.0,0.0,1.0,0.0,1.0,0.0,1.0,0.0,1.0,0.0,1.0,0.0,1.0,0.0,1.0,0.0,0.7,0.0,0.7,0.0,1.0,0.0,1.0,0.0
1964-09-30,0.6,0.4,1.0,0.0,0.4,0.6,1.0,0.0,1.0,0.0,1.0,0.0,1.0,0.0,0.14764998009377306,0.8523500199062269,1.0,0.0,0.6,0.4,1.0,0.0,1.0,0.0,1.0,0.0,1.0,0.0,1.0,0.0,1.0,0.0,1.0,0.0,1.0,0.0,1.0,0.0,1.0,0.0,0.6,0.4,1.0,0.0,0.8,0.2,0.0,0.0,1.0,0.0,1.0,0.0,1.0,0.0,1.0,0.0,1.0,0.0,1.0,0.0,1.0,0.0,1.0,0.0,1.0,0.0,1.0,0.0,1.0,0.0,1.0,0.0,1.0,0.0,1.0,0.0,1.0,0.0,1.0,0.0,1.0,0.0,1.0,0.0,1.0,0.0,1.0,0.0,1.0,0.0,1.0,0.0,1.0,0.0,1.0,0.0,1.0,0.0,1.0,0.0,0.7,0.0,0.7,0.0,1.0,0.0,1.0,0.0
1964-10-31,0.6,0.4,1.0,0.0,0.4,0.6,1.0,0.0,1.0,0.0,1.0,0.0,1.0,0.0,0.14741816997926208,0.8525818300207378,1.0,0.0,0.6,0.4,1.0,0.0,1.0,0.0,1.0,0.0,1.0,0.0,1.0,0.0,1.0,0.0,1.0,0.0,1.0,0.0,1.0,0.0,1.0,0.0,0.6,0.4,1.0,0.0,0.7,0.3,0.0,0.0,1.0,0.0,1.0,0.0,1.0,0.0,1.0,0.0,1.0,0.0,1.0,0.0,1.0,0.0,1.0,0.0,1.0,0.0,1.0,0.0,1.0,0.0,1.0,0.0,1.0,0.0,1.0,0.0,1.0,0.0,1.0,0.0,1.0,0.0,1.0,0.0,1.0,0.0,1.0,0.0,1.0,0.0,1.0,0.0,1.0,0.0,1.0,0.0,1.0,0.0,1.0,0.0,0.7,0.0,0.7,0.0,1.0,0.0,1.0,0.0
1964-11-30,0.6,0.4,1.0,0.0,0.4,0.6,1.0,0.0,1.0,0.0,1.0,0.0,1.0,0.0,0.14829895167076082,0.8517010483292392,1.0,0.0,0.6,0.4,1.0,0.0,1.0,0.0,1.0,0.0,1.0,0.0,1.0,0.0,1.0,0.0,1.0,0.0,1.0,0.0,1.0,0.0,1.0,0.0,0.6,0.4,1.0,0.0,0.6,0.4,0.0,0.0,1.0,0.0,1.0,0.0,1.0,0.0,1.0,0.0,1.0,0.0,1.0,0.0,1.0,0.0,1.0,0.0,1.0,0.0,1.0,0.0,1.0,0.0,1.0,0.0,1.0,0.0,1.0,0.0,1.0,0.0,0.0,0.0,1.0,0.0,1.0,0.0,1.0,0.0,1.0,0.0,1.0,0.0,1.0,0.0,1.0,0.0,1.0,0.0,1.0,0.0,1.0,0.0,0.7,0.0,0.7,0.0,1.0,0.0,1.0,0.0
1964-12-31,0.6,0.4,1.0,0.0,0.4,0.6,0.9538483181024562,0.0,1.0,0.0,1.0,0.0,1.0,0.0,0.13839213618054377,0.8616078638194562,0.0,0.0,0.0,0.0,1.0,0.0,1.0,0.0,1.0,0.0,1.0,0.0,1.0,0.0,1.0,0.0,1.0,0.0,1.0,0.0,1.0,0.0,1.0,0.0,1.0,0.0,1.0,0.0,1.0,0.0,1.0,0.0,1.0,0.0,1.0,0.0,1.0,0.0,1.0,0.0,0.6,0.4,0.0,0.0,1.0,0.0,1.0,0.0,1.0,0.0,1.0,0.0,1.0,0.0,1.0,0.0,1.0,0.0,1.0,0.0,0.9,0.1,1.0,0.0,1.0,0.0,1.0,0.0,1.0,0.0,1.0,0.0,1.0,0.0,1.0,0.0,1.0,0.0,1.0,0.0,1.0,0.0,1.0,0.0,0.7,0.0,0.7,0.0,1.0,0.0,1.0,0.0
1965-01-31,0.6,0.4,1.0,0.0,0.4,0.6,1.0,0.0,1.0,0.0,1.0,0.0,1.0,0.0,0.1387061645894467,0.8612938354105534,1.0,0.0,0.6,0.4,1.0,0.0,1.0,0.0,1.0,0.0,1.0,0.0,1.0,0.0,1.0,0.0,1.0,0.0,1.0,0.0,1.0,0.0,1.0,0.0,1.0,0.0,1.0,0.0,0.8,0.2,0.0,0.0,1.0,0.0,1.0,0.0,1.0,0.0,1.0,0.0,0.6,0.4,0.0,0.0,1.0,0.0,1.0,0.0,1.0,0.0,1.0,0.0,1.0,0.0,1.0,0.0,1.0,0.0,1.0,0.0,0.9,0.1,1.0,0.0,1.0,0.0,1.0,0.0,1.0,0.0,1.0,0.0,1.0,0.0,1.0,0.0,1.0,0.0,1.0,0.0,1.0,0.0,1.0,0.0,0.7,0.0,0.7,0.0,1.0,0.0,1.0,0.0
1965-02-28,0.6,0.4,1.0,0.0,0.4,0.6,0.9332433355036653,0.0,1.0,0.0,1.0,0.0,1.0,0.0,0.13670296857182218,0.8632970314281779,1.0,0.0,0.6,0.4,1.0,0.0,1.0,0.0,1.0,0.0,1.0,0.0,1.0,0.0,1.0,0.0,1.0,0.0,1.0,0.0,1.0,0.0,1.0,0.0,1.0,0.0,1.0,0.0,0.6,0.4,0.0,0.0,1.0,0.0,1.0,0.0,1.0,0.0,1.0,0.0,0.6,0.4,0.0,0.0,1.0,0.0,1.0,0.0,1.0,0.0,1.0,0.0,1.0,0.0,1.0,0.0,1.0,0.0,1.0,0.0,0.9,0.1,1.0,0.0,1.0,0.0,1.0,0.0,1.0,0.0,1.0,0.0,1.0,0.0,1.0,0.0,1.0,0.0,1.0,0.0,1.0,0.0,1.0,0.0,0.7,0.0,0.7,0.0,1.0,0.0,1.0,0.0
1965-03-31,0.6,0.4,1.0,0.0,0.4,0.6,1.0,0.0,1.0,0.0,1.0,0.0,1.0,0.0,0.11008427388735018,0.8899157261126498,1.0,0.0,0.6,0.4,1.0,0.0,1.0,0.0,1.0,0.0,1.0,0.0,1.0,0.0,1.0,0.0,1.0,0.0,1.0,0.0,1.0,0.0,1.0,0.0,1.0,0.0,1.0,0.0,0.6,0.4,0.0,0.0,1.0,0.0,1.0,0.0,1.0,0.0,1.0,0.0,0.6,0.4,0.0,0.0,1.0,0.0,1.0,0.0,1.0,0.0,1.0,0.0,1.0,0.0,1.0,0.0,1.0,0.0,1.0,0.0,0.9,0.1,1.0,0.0,1.0,0.0,1.0,0.0,1.0,0.0,1.0,0.0,1.0,0.0,1.0,0.0,1.0,0.0,1.0,0.0,1.0,0.0,1.0,0.0,0.7,0.0,0.7,0.0,1.0,0.0,1.0,0.0
1965-04-30,0.6,0.4,1.0,0.0,0.4,0.6,1.0,0.0,1.0,0.0,1.0,0.0,1.0,0.0,0.11296942326783592,0.887030576732164,1.0,0.0,0.6,0.4,1.0,0.0,1.0,0.0,1.0,0.0,1.0,0.0,1.0,0.0,1.0,0.0,1.0,0.0,1.0,0.0,1.0,0.0,1.0,0.0,1.0,0.0,1.0,0.0,0.6,0.4,0.0,0.0,1.0,0.0,1.0,0.0,1.0,0.0,1.0,0.0,0.6,0.4,0.0,0.0,1.0,0.0,1.0,0.0,1.0,0.0,1.0,0.0,1.0,0.0,1.0,0.0,1.0,0.0,1.0,0.0,0.9,0.1,1.0,0.0,1.0,0.0,1.0,0.0,1.0,0.0,1.0,0.0,1.0,0.0,1.0,0.0,1.0,0.0,1.0,0.0,1.0,0.0,1.0,0.0,0.7,0.0,0.7,0.0,1.0,0.0,1.0,0.0
1965-05-31,0.6,0.4,1.0,0.0,0.4,0.6,1.0,0.0,1.0,0.0,1.0,0.0,1.0,0.0,0.12391203738061944,0.8760879626193806,1.0,0.0,0.6,0.4,1.0,0.0,1.0,0.0,1.0,0.0,1.0,0.0,1.0,0.0,1.0,0.0,1.0,0.0,1.0,0.0,1.0,0.0,1.0,0.0,1.0,0.0,1.0,0.0,0.6,0.4,0.0,0.0,1.0,0.0,1.0,0.0,1.0,0.0,1.0,0.0,0.6,0.4,0.0,0.0,1.0,0.0,1.0,0.0,1.0,0.0,1.0,0.0,1.0,0.0,1.0,0.0,1.0,0.0,1.0,0.0,0.9,0.1,1.0,0.0,1.0,0.0,1.0,0.0,1.0,0.0,1.0,0.0,1.0,0.0,1.0,0.0,1.0,0.0,1.0,0.0,1.0,0.0,1.0,0.0,0.7,0.0,0.7,0.0,1.0,0.0,1.0,0.0
1965-06-30,0.6,0.4,1.0,0.0,0.4,0.6,0.16809332672840652,0.0,0.0,0.0,0.0,1.0,1.0,0.0,0.12437683515555065,0.8756231648444492,0.0,0.0,0.0,0.0,1.0,0.0,1.0,0.0,1.0,0.0,1.0,0.0,1.0,0.0,1.0,0.0,1.0,0.0,1.0,0.0,1.0,0.0,1.0,0.0,1.0,0.0,1.0,0.0,0.6,0.4,0.0,0.0,1.0,0.0,1.0,0.0,1.0,0.0,1.0,0.0,0.7,0.3,0.0,0.0,1.0,0.0,1.0,0.0,1.0,0.0,1.0,0.0,1.0,0.0,1.0,0.0,1.0,0.0,1.0,0.0,0.9,0.1,1.0,0.0,1.0,0.0,1.0,0.0,1.0,0.0,1.0,0.0,1.0,0.0,1.0,0.0,1.0,0.0,1.0,0.0,1.0,0.0,1.0,0.0,0.7,0.0,0.7,0.0,1.0,0.0,1.0,0.0
1965-07-31,0.6,0.4,1.0,0.0,0.4,0.6,0.6404264674806214,0.0,1.0,0.0,1.0,0.0,1.0,0.0,0.1112063707170363,0.8887936292829637,0.0,0.0,0.0,0.0,1.0,0.0,1.0,0.0,1.0,0.0,1.0,0.0,1.0,0.0,1.0,0.0,1.0,0.0,1.0,0.0,1.0,0.0,1.0,0.0,1.0,0.0,1.0,0.0,0.6,0.4,0.0,0.0,1.0,0.0,1.0,0.0,1.0,0.0,1.0,0.0,0.7,0.3,0.0,0.0,1.0,0.0,1.0,0.0,1.0,0.0,1.0,0.0,1.0,0.0,1.0,0.0,1.0,0.0,1.0,0.0,0.9,0.1,1.0,0.0,1.0,0.0,1.0,0.0,1.0,0.0,1.0,0.0,1.0,0.0,1.0,0.0,1.0,0.0,1.0,0.0,1.0,0.0,1.0,0.0,0.7,0.0,0.7,0.0,1.0,0.0,1.0,0.0
1965-08-31,0.6,0.4,1.0,0.0,0.4,0.6,1.0,0.0,1.0,0.0,1.0,0.0,1.0,0.0,0.08028609757954779,0.9197139024204521,0.0,0.0,0.0,0.0,1.0,0.0,1.0,0.0,1.0,0.0,1.0,0.0,1.0,0.0,1.0,0.0,1.0,0.0,1.0,0.0,1.0,0.0,1.0,0.0,1.0,0.0,1.0,0.0,0.6,0.4,0.0,0.0,1.0,0.0,1.0,0.0,1.0,0.0,1.0,0.0,0.6,0.4,0.0,0.0,1.0,0.0,1.0,0.0,1.0,0.0,1.0,0.0,1.0,0.0,1.0,0.0,1.0,0.0,1.0,0.0,0.9,0.1,1.0,0.0,1.0,0.0,1.0,0.0,1.0,0.0,1.0,0.0,1.0,0.0,1.0,0.0,1.0,0.0,1.0,0.0,1.0,0.0,1.0,0.0,0.7,0.0,0.7,0.0,1.0,0.0,1.0,0.0
1965-09-30,0.6,0.4,1.0,0.0,0.4,0.6,1.0,0.0,1.0,0.0,1.0,0.0,1.0,0.0,0.08865913955183406,0.9113408604481659,1.0,0.0,0.6,0.4,1.0,0.0,1.0,0.0,1.0,0.0,1.0,0.0,1.0,0.0,1.0,0.0,1.0,0.0,1.0,0.0,1.0,0.0,1.0,0.0,1.0,0.0,1.0,0.0,0.6,0.4,0.0,0.0,1.0,0.0,1.0,0.0,1.0,0.0,1.0,0.0,0.6,0.4,0.0,0.0,1.0,0.0,1.0,0.0,1.0,0.0,1.0,0.0,1.0,0.0,1.0,0.0,1.0,0.0,1.0,0.0,0.9,0.1,1.0,0.0,1.0,0.0,1.0,0.0,1.0,0.0,1.0,0.0,1.0,0.0,0.0,0.0,1.0,0.0,0.0,0.0,1.0,0.0,1.0,0.0,0.7,0.0,0.7,0.0,1.0,0.0,1.0,0.0
1965-10-31,0.6,0.4,1.0,0.0,0.4,0.6,1.0,0.0,1.0,0.0,1.0,0.0,1.0,0.0,0.08199001203246031,0.9180099879675396,1.0,0.0,0.6,0.4,1.0,0.0,1.0,0.0,1.0,0.0,1.0,0.0,1.0,0.0,1.0,0.0,1.0,0.0,1.0,0.0,1.0,0.0,1.0,0.0,1.0,0.0,1.0,0.0,0.6,0.4,0.0,0.0,1.0,0.0,1.0,0.0,1.0,0.0,1.0,0.0,0.6,0.4,0.0,0.0,1.0,0.0,1.0,0.0,1.0,0.0,1.0,0.0,1.0,0.0,1.0,0.0,1.0,0.0,1.0,0.0,0.9,0.1,1.0,0.0,1.0,0.0,1.0,0.0,1.0,0.0,1.0,0.0,1.0,0.0,1.0,0.0,1.0,0.0,1.0,0.0,1.0,0.0,1.0,0.0,0.7,0.0,0.7,0.0,1.0,0.0,1.0,0.0
1965-11-30,0.6,0.4,1.0,0.0,0.4,0.6,1.0,0.0,1.0,0.0,1.0,0.0,1.0,0.0,0.11252684596832238,0.8874731540316776,1.0,0.0,0.6,0.4,1.0,0.0,1.0,0.0,1.0,0.0,1.0,0.0,1.0,0.0,1.0,0.0,1.0,0.0,1.0,0.0,1.0,0.0,1.0,0.0,1.0,0.0,1.0,0.0,0.6,0.4,0.0,0.0,1.0,0.0,1.0,0.0,1.0,0.0,1.0,0.0,0.6,0.4,0.0,0.0,1.0,0.0,1.0,0.0,1.0,0.0,1.0,0.0,1.0,0.0,1.0,0.0,1.0,0.0,1.0,0.0,0.9,0.1,1.0,0.0,1.0,0.0,1.0,0.0,1.0,0.0,1.0,0.0,1.0,0.0,0.0,0.0,1.0,0.0,0.0,0.0,1.0,0.0,1.0,0.0,0.7,0.0,0.7,0.0,1.0,0.0,1.0,0.0
1965-12-31,0.6,0.4,1.0,0.0,0.4,0.6,0.9899189546875099,0.0,1.0,0.0,1.0,0.0,1.0,0.0,0.1268632772079398,0.8731367227920601,1.0,0.0,0.6,0.4,1.0,0.0,1.0,0.0,1.0,0.0,1.0,0.0,1.0,0.0,1.0,0.0,1.0,0.0,1.0,0.0,1.0,0.0,1.0,0.0,0.8,0.2,1.0,0.0,0.8,0.2,0.0,0.0,1.0,0.0,1.0,0.0,1.0,0.0,1.0,0.0,1.0,0.0,1.0,0.0,1.0,0.0,1.0,0.0,1.0,0.0,1.0,0.0,1.0,0.0,1.0,0.0,0.8,0.0,0.0,0.0,1.0,0.0,1.0,0.0,1.0,0.0,1.0,0.0,1.0,0.0,1.0,0.0,1.0,0.0,0.0,0.0,1.0,0.0,0.0,0.0,1.0,0.0,1.0,0.0,0.7,0.0,0.7,0.0,1.0,0.0,1.0,0.0
1966-01-31,0.6,0.4,1.0,0.0,0.4,0.6,1.0,0.0,1.0,0.0,1.0,0.0,1.0,0.0,0.15156022719680934,0.8484397728031906,1.0,0.0,0.6,0.4,1.0,0.0,1.0,0.0,1.0,0.0,1.0,0.0,1.0,0.0,1.0,0.0,1.0,0.0,1.0,0.0,1.0,0.0,1.0,0.0,0.8,0.2,1.0,0.0,0.8,0.2,0.0,0.0,1.0,0.0,1.0,0.0,1.0,0.0,1.0,0.0,1.0,0.0,1.0,0.0,1.0,0.0,1.0,0.0,1.0,0.0,1.0,0.0,1.0,0.0,1.0,0.0,0.8,0.0,0.0,0.0,1.0,0.0,1.0,0.0,1.0,0.0,1.0,0.0,1.0,0.0,1.0,0.0,1.0,0.0,0.0,0.0,1.0,0.0,0.0,0.0,1.0,0.0,1.0,0.0,0.7,0.0,0.7,0.0,1.0,0.0,1.0,0.0
1966-02-28,0.6,0.4,1.0,0.0,0.4,0.6,1.0,0.0,1.0,0.0,1.0,0.0,1.0,0.0,0.2188946320993199,0.7811053679006802,1.0,0.0,0.6,0.4,1.0,0.0,1.0,0.0,1.0,0.0,1.0,0.0,1.0,0.0,1.0,0.0,1.0,0.0,1.0,0.0,1.0,0.0,1.0,0.0,0.8,0.2,1.0,0.0,0.8,0.2,0.0,0.0,1.0,0.0,1.0,0.0,1.0,0.0,1.0,0.0,1.0,0.0,1.0,0.0,1.0,0.0,1.0,0.0,1.0,0.0,1.0,0.0,1.0,0.0,1.0,0.0,0.8,0.0,0.0,0.0,1.0,0.0,1.0,0.0,1.0,0.0,1.0,0.0,0.3,0.7,1.0,0.0,0.8,0.2,0.0,0.0,0.8,0.2,0.0,0.0,0.4,0.3,0.9,0.0,0.7,0.0,0.7,0.0,1.0,0.0,1.0,0.0
1966-03-31,0.6,0.4,1.0,0.0,0.4,0.6,0.3049760361143934,0.0,1.0,0.0,1.0,0.0,1.0,0.0,0.26380222075505655,0.7361977792449435,0.0,0.0,0.0,0.0,1.0,0.0,1.0,0.0,1.0,0.0,1.0,0.0,1.0,0.0,1.0,0.0,1.0,0.0,1.0,0.0,1.0,0.0,1.0,0.0,0.8,0.2,1.0,0.0,0.8,0.2,0.0,0.0,1.0,0.0,1.0,0.0,1.0,0.0,1.0,0.0,1.0,0.0,1.0,0.0,1.0,0.0,1.0,0.0,1.0,0.0,1.0,0.0,1.0,0.0,1.0,0.0,0.8,0.0,0.0,0.0,1.0,0.0,1.0,0.0,1.0,0.0,1.0,0.0,0.0,1.0,0.0,0.0,0.6,0.4,0.0,0.0,0.6,0.4,0.0,0.0,0.0,0.8,0.3,0.0,0.7,0.0,0.7,0.0,1.0,0.0,0.8,0.2
1966-04-30,0.6,0.4,1.0,0.0,0.4,0.6,0.9097274201018312,0.0,1.0,0.0,1.0,0.0,1.0,0.0,0.2739029767328702,0.7260970232671299,0.0,0.0,0.0,0.0,1.0,0.0,1.0,0.0,1.0,0.0,1.0,0.0,1.0,0.0,1.0,0.0,1.0,0.0,1.0,0.0,1.0,0.0,1.0,0.0,0.8,0.2,1.0,0.0,0.8,0.2,0.0,0.0,1.0,0.0,1.0,0.0,1.0,0.0,1.0,0.0,1.0,0.0,1.0,0.0,1.0,0.0,1.0,0.0,1.0,0.0,1.0,0.0,1.0,0.0,1.0,0.0,0.8,0.0,0.0,0.0,1.0,0.0,1.0,0.0,1.0,0.0,1.0,0.0,0.4,0.6,1.0,0.0,0.9,0.1,0.0,0.0,0.9,0.1,0.0,0.0,0.3,0.7,0.3,0.0,0.7,0.0,0.7,0.0,1.0,0.0,1.0,0.0
1966-05-31,0.6,0.4,1.0,0.0,0.4,0.6,0.14820775452016133,0.0,0.0,0.0,0.0,1.0,0.0,0.0,0.2535030218333977,0.7464969781666023,0.0,0.0,0.0,0.0,1.0,0.0,1.0,0.0,1.0,0.0,1.0,0.0,1.0,0.0,1.0,0.0,1.0,0.0,1.0,0.0,1.0,0.0,1.0,0.0,0.8,0.2,1.0,0.0,0.8,0.2,0.0,0.0,1.0,0.0,1.0,0.0,1.0,0.0,1.0,0.0,1.0,0.0,1.0,0.0,1.0,0.0,1.0,0.0,1.0,0.0,1.0,0.0,1.0,0.0,1.0,0.0,0.8,0.0,0.0,0.0,1.0,0.0,1.0,0.0,1.0,0.0,1.0,0.0,0.2,0.8,1.0,0.0,0.7,0.3,0.0,0.0,0.7,0.3,0.0,0.0,0.3,0.7,0.3,0.0,0.7,0.0,0.7,0.0,1.0,0.0,0.9,0.1
1966-06-30,0.6,0.4,1.0,0.0,0.4,0.6,0.5797229775317089,0.0,0.0,0.0,0.0,1.0,1.0,0.0,0.2554459734069869,0.7445540265930131,0.0,0.0,0.0,0.0,1.0,0.0,1.0,0.0,1.0,0.0,1.0,0.0,1.0,0.0,1.0,0.0,1.0,0.0,1.0,0.0,1.0,0.0,1.0,0.0,0.8,0.2,1.0,0.0,0.8,0.2,0.0,0.0,1.0,0.0,1.0,0.0,1.0,0.0,1.0,0.0,1.0,0.0,1.0,0.0,1.0,0.0,1.0,0.0,1.0,0.0,1.0,0.0,1.0,0.0,1.0,0.0,0.8,0.0,0.0,0.0,1.0,0.0,1.0,0.0,1.0,0.0,1.0,0.0,0.8,0.2,1.0,0.0,0.9,0.1,0.0,0.0,0.9,0.1,0.0,0.0,0.7,0.3,0.7,0.0,0.7,0.0,0.7,0.0,1.0,0.0,1.0,0.0
1966-07-31,0.6,0.4,1.0,0.0,0.4,0.6,0.3162559107597029,0.0,0.0,0.0,0.0,1.0,0.0,0.0,0.2541643783563894,0.7458356216436106,0.0,0.0,0.0,0.0,1.0,0.0,1.0,0.0,1.0,0.0,1.0,0.0,1.0,0.0,1.0,0.0,1.0,0.0,1.0,0.0,1.0,0.0,1.0,0.0,0.8,0.2,1.0,0.0,0.8,0.2,0.0,0.0,1.0,0.0,1.0,0.0,1.0,0.0,1.0,0.0,1.0,0.0,1.0,0.0,1.0,0.0,1.0,0.0,1.0,0.0,1.0,0.0,1.0,0.0,1.0,0.0,0.8,0.0,0.0,0.0,1.0,0.0,1.0,0.0,1.0,0.0,1.0,0.0,1.0,0.0,1.0,0.0,1.0,0.0,0.0,0.0,1.0,0.0,0.0,0.0,1.0,0.0,1.0,0.0,0.7,0.0,0.7,0.0,0.8,0.2,1.0,0.0
1966-08-31,0.6,0.4,1.0,0.0,0.4,0.6,0.09644336753013664,0.0,0.0,0.0,0.0,1.0,0.0,0.0,0.2507807394841066,0.7492192605158933,0.0,0.0,0.0,0.0,0.8,0.2,1.0,0.0,0.7,0.3,0.0,0.0,0.7,0.3,0.0,0.0,1.0,0.0,1.0,0.0,1.0,0.0,1.0,0.0,0.8,0.2,1.0,0.0,0.8,0.2,0.0,0.0,1.0,0.0,1.0,0.0,1.0,0.0,1.0,0.0,1.0,0.0,1.0,0.0,1.0,0.0,1.0,0.0,1.0,0.0,1.0,0.0,1.0,0.0,1.0,0.0,0.8,0.0,0.0,0.0,1.0,0.0,1.0,0.0,1.0,0.0,1.0,0.0,0.0,1.0,0.0,0.0,0.2,0.8,0.0,0.0,0.2,0.8,0.0,0.0,0.0,1.0,0.1,0.3,0.7,0.0,0.7,0.0,1.0,0.0,0.4,0.6
1966-09-30,0.6,0.4,1.0,0.0,0.4,0.6,0.20274022579388473,0.0,0.0,0.0,0.0,1.0,0.0,0.0,0.2861446791174362,0.7138553208825636,0.0,0.0,0.0,0.0,0.9,0.1,1.0,0.0,0.8,0.2,0.0,0.0,0.8,0.2,0.0,0.0,1.0,0.0,1.0,0.0,1.0,0.0,1.0,0.0,0.8,0.2,1.0,0.0,0.8,0.2,0.0,0.0,1.0,0.0,1.0,0.0,1.0,0.0,1.0,0.0,0.4,0.6,0.0,0.0,0.5,0.5,0.0,0.0,1.0,0.0,1.0,0.0,1.0,0.0,1.0,0.0,0.8,0.0,0.0,0.0,0.5,0.5,0.0,0.0,1.0,0.0,1.0,0.0,0.0,1.0,0.0,0.0,0.0,1.0,0.0,0.0,0.0,1.0,0.0,0.0,0.0,1.0,0.0,0.8,0.7,0.0,0.7,0.0,1.0,0.0,0.5,0.5
1966-10-31,0.6,0.4,1.0,0.0,0.4,0.6,0.12558178188494587,0.0,0.0,0.0,0.0,1.0,0.0,0.0,0.2941558307059567,0.7058441692940433,0.0,0.0,0.0,0.0,0.5,0.5,1.0,0.0,0.7,0.3,0.0,0.0,0.7,0.3,0.0,0.0,0.6,0.0,1.0,0.0,1.0,0.0,1.0,0.0,0.8,0.2,1.0,0.0,0.8,0.2,0.0,0.0,1.0,0.0,1.0,0.0,1.0,0.0,1.0,0.0,0.4,0.6,0.0,0.0,0.5,0.5,0.0,0.0,1.0,0.0,1.0,0.0,1.0,0.0,1.0,0.0,0.8,0.0,0.0,0.0,0.5,0.5,0.0,0.0,1.0,0.0,1.0,0.0,0.0,1.0,0.0,0.0,0.2,0.8,0.0,0.0,0.2,0.8,0.0,0.0,0.0,1.0,0.0,0.8,0.7,0.0,0.7,0.0,1.0,0.0,0.8,0.2
1966-11-30,0.6,0.4,1.0,0.0,0.4,0.6,0.403338801027622,0.0,0.0,0.0,0.0,1.0,0.0,0.0,0.30027484004439325,0.6997251599556067,0.0,0.0,0.0,0.0,1.0,0.0,1.0,0.0,0.9,0.1,0.0,0.0,0.9,0.1,0.0,0.0,1.0,0.0,1.0,0.0,1.0,0.0,1.0,0.0,0.8,0.2,1.0,0.0,0.8,0.2,0.0,0.0,1.0,0.0,1.0,0.0,1.0,0.0,1.0,0.0,0.4,0.6,0.0,0.0,0.5,0.5,0.0,0.0,1.0,0.0,1.0,0.0,1.0,0.0,1.0,0.0,0.8,0.0,0.0,0.0,0.5,0.5,0.0,0.0,1.0,0.0,1.0,0.0,0.0,1.0,0.0,0.0,0.4,0.6,0.0,0.0,0.4,0.6,0.0,0.0,0.0,1.0,0.0,0.8,0.7,0.0,0.7,0.0,1.0,0.0,1.0,0.0
1966-12-31,0.6,0.4,1.0,0.0,0.4,0.6,0.5409964768658302,0.0,0.0,0.0,0.0,1.0,0.0,0.0,0.334971614763636,0.665028385236364,0.0,0.0,0.0,0.0,1.0,0.0,1.0,0.0,1.0,0.0,1.0,0.0,1.0,0.0,1.0,0.0,1.0,0.0,1.0,0.0,1.0,0.0,1.0,0.0,1.0,0.0,1.0,0.0,0.6,0.0,0.0,0.0,1.0,0.0,1.0,0.0,1.0,0.0,1.0,0.0,0.5,0.4,0.0,0.0,0.4,0.6,0.0,0.0,1.0,0.0,1.0,0.0,1.0,0.0,1.0,0.0,0.6,0.4,0.0,0.0,0.5,0.4,0.0,0.0,1.0,0.0,1.0,0.0,0.0,1.0,0.0,0.0,0.3,0.7,0.0,0.0,0.3,0.7,0.0,0.0,0.0,1.0,0.0,0.9,0.7,0.0,0.7,0.0,1.0,0.0,0.7,0.3
1967-01-31,0.6,0.4,1.0,0.0,0.4,0.6,0.37860676972366464,0.0,1.0,0.0,1.0,0.0,0.0,0.0,0.31281178658844866,0.6871882134115513,1.0,0.0,0.6,0.4,1.0,0.0,1.0,0.0,1.0,0.0,1.0,0.0,1.0,0.0,1.0,0.0,1.0,0.0,1.0,0.0,1.0,0.0,1.0,0.0,1.0,0.0,1.0,0.0,0.6,0.0,0.0,0.0,1.0,0.0,1.0,0.0,1.0,0.0,1.0,0.0,0.5,0.4,0.0,0.0,0.4,0.6,0.0,0.0,1.0,0.0,1.0,0.0,1.0,0.0,1.0,0.0,0.6,0.4,0.0,0.0,0.5,0.4,0.0,0.0,1.0,0.0,1.0,0.0,0.0,1.0,0.0,0.0,0.3,0.7,0.0,0.0,0.3,0.7,0.0,0.0,0.0,1.0,0.0,0.9,0.7,0.0,0.7,0.0,1.0,0.0,0.7,0.3
1967-02-28,0.6,0.4,1.0,0.0,0.4,0.6,0.7037501495747903,0.0,1.0,0.0,1.0,0.0,0.0,0.0,0.32329007897929224,0.6767099210207078,1.0,0.0,0.6,0.4,1.0,0.0,1.0,0.0,1.0,0.0,1.0,0.0,1.0,0.0,1.0,0.0,1.0,0.0,1.0,0.0,1.0,0.0,1.0,0.0,1.0,0.0,1.0,0.0,0.6,0.0,0.0,0.0,1.0,0.0,1.0,0.0,1.0,0.0,1.0,0.0,0.5,0.4,0.0,0.0,0.4,0.6,0.0,0.0,1.0,0.0,1.0,0.0,1.0,0.0,1.0,0.0,0.6,0.4,0.0,0.0,0.5,0.4,0.0,0.0,1.0,0.0,1.0,0.0,0.0,1.0,0.0,0.0,0.4,0.6,0.0,0.0,0.4,0.6,0.0,0.0,0.0,1.0,0.0,0.9,0.7,0.0,0.7,0.0,1.0,0.0,0.8,0.2
1967-03-31,0.6,0.4,1.0,0.0,0.4,0.6,0.6434712606214583,0.0,1.0,0.0,1.0,0.0,1.0,0.0,0.32367226376248964,0.6763277362375103,1.0,0.0,0.6,0.4,1.0,0.0,1.0,0.0,1.0,0.0,1.0,0.0,1.0,0.0,1.0,0.0,1.0,0.0,1.0,0.0,1.0,0.0,1.0,0.0,1.0,0.0,1.0,0.0,0.6,0.0,0.0,0.0,1.0,0.0,1.0,0.0,1.0,0.0,1.0,0.0,0.5,0.4,0.0,0.0,0.4,0.6,0.0,0.0,1.0,0.0,1.0,0.0,1.0,0.0,1.0,0.0,0.6,0.4,0.0,0.0,0.5,0.4,0.0,0.0,1.0,0.0,1.0,0.0,0.0,1.0,0.0,0.0,0.6,0.4,0.0,0.0,0.6,0.4,0.0,0.0,0.0,1.0,0.0,0.9,0.7,0.0,0.7,0.0,1.0,0.0,1.0,0.0
1967-04-30,0.6,0.4,1.0,0.0,0.4,0.6,0.3578959581867855,0.0,1.0,0.0,1.0,0.0,1.0,0.0,0.3341037116605633,0.6658962883394367,1.0,0.0,0.6,0.4,1.0,0.0,1.0,0.0,1.0,0.0,1.0,0.0,1.0,0.0,1.0,0.0,1.0,0.0,1.0,0.0,1.0,0.0,1.0,0.0,1.0,0.0,1.0,0.0,0.7,0.1,0.0,0.0,1.0,0.0,1.0,0.0,1.0,0.0,1.0,0.0,0.6,0.4,0.0,0.0,0.4,0.6,0.0,0.0,1.0,0.0,1.0,0.0,1.0,0.0,1.0,0.0,0.6,0.4,0.0,0.0,0.6,0.4,0.0,0.0,1.0,0.0,1.0,0.0,0.0,1.0,0.0,0.0,0.5,0.5,0.0,0.0,0.5,0.5,0.0,0.0,0.0,1.0,0.0,0.9,0.7,0.0,0.7,0.0,1.0,0.0,0.8,0.2
1967-05-31,0.6,0.4,1.0,0.0,0.4,0.6,0.35122046726526596,0.0,1.0,0.0,1.0,0.0,1.0,0.0,0.32670544365143966,0.6732945563485603,0.0,0.0,0.0,0.0,1.0,0.0,1.0,0.0,1.0,0.0,1.0,0.0,1.0,0.0,1.0,0.0,1.0,0.0,1.0,0.0,1.0,0.0,1.0,0.0,1.0,0.0,1.0,0.0,1.0,0.0,1.0,0.0,1.0,0.0,1.0,0.0,1.0,0.0,1.0,0.0,1.0,0.0,1.0,0.0,0.9,0.1,1.0,0.0,1.0,0.0,1.0,0.0,1.0,0.0,1.0,0.0,0.8,0.2,0.0,0.0,1.0,0.0,1.0,0.0,1.0,0.0,1.0,0.0,0.0,1.0,0.0,0.0,0.6,0.4,0.0,0.0,0.6,0.4,0.0,0.0,0.0,1.0,0.0,0.9,0.7,0.0,0.7,0.0,1.0,0.0,0.9,0.1
1967-06-30,0.6,0.4,1.0,0.0,0.4,0.6,0.2633224993554667,0.0,1.0,0.0,1.0,0.0,1.0,0.0,0.3387988036981298,0.6612011963018701,0.0,0.0,0.0,0.0,1.0,0.0,1.0,0.0,1.0,0.0,1.0,0.0,1.0,0.0,1.0,0.0,1.0,0.0,1.0,0.0,1.0,0.0,1.0,0.0,1.0,0.0,1.0,0.0,1.0,0.0,1.0,0.0,1.0,0.0,1.0,0.0,1.0,0.0,1.0,0.0,1.0,0.0,1.0,0.0,1.0,0.0,1.0,0.0,1.0,0.0,1.0,0.0,1.0,0.0,1.0,0.0,1.0,0.0,1.0,0.0,1.0,0.0,1.0,0.0,1.0,0.0,1.0,0.0,0.0,1.0,0.0,0.0,0.5,0.5,0.0,0.0,0.5,0.5,0.0,0.0,0.0,1.0,0.0,0.9,0.7,0.0,0.7,0.0,1.0,0.0,0.7,0.3
1967-07-31,0.6,0.4,1.0,0.0,0.4,0.6,1.0,0.0,1.0,0.0,1.0,0.0,1.0,0.0,0.3344013312869793,0.6655986687130206,1.0,0.0,0.6,0.4,1.0,0.0,1.0,0.0,1.0,0.0,1.0,0.0,1.0,0.0,1.0,0.0,1.0,0.0,1.0,0.0,1.0,0.0,1.0,0.0,1.0,0.0,1.0,0.0,1.0,0.0,1.0,0.0,1.0,0.0,1.0,0.0,1.0,0.0,1.0,0.0,1.0,0.0,1.0,0.0,1.0,0.0,1.0,0.0,1.0,0.0,1.0,0.0,1.0,0.0,1.0,0.0,1.0,0.0,1.0,0.0,1.0,0.0,1.0,0.0,1.0,0.0,1.0,0.0,0.0,1.0,0.0,0.0,0.8,0.2,0.0,0.0,0.8,0.2,0.0,0.0,0.0,1.0,0.0,0.9,0.7,0.0,0.7,0.0,1.0,0.0,1.0,0.0
1967-08-31,0.6,0.4,1.0,0.0,0.4,0.6,1.0,0.0,1.0,0.0,1.0,0.0,1.0,0.0,0.33593915856392104,0.6640608414360789,1.0,0.0,0.6,0.4,1.0,0.0,1.0,0.0,1.0,0.0,1.0,0.0,1.0,0.0,1.0,0.0,1.0,0.0,1.0,0.0,1.0,0.0,1.0,0.0,1.0,0.0,1.0,0.0,1.0,0.0,1.0,0.0,1.0,0.0,1.0,0.0,1.0,0.0,1.0,0.0,1.0,0.0,1.0,0.0,1.0,0.0,1.0,0.0,1.0,0.0,1.0,0.0,1.0,0.0,1.0,0.0,1.0,0.0,1.0,0.0,1.0,0.0,1.0,0.0,1.0,0.0,1.0,0.0,0.2,0.8,1.0,0.0,0.9,0.1,0.0,0.0,0.9,0.1,0.0,0.0,0.1,0.9,0.0,0.9,0.7,0.0,0.7,0.0,1.0,0.0,1.0,0.0
1967-09-30,0.6,0.4,1.0,0.0,0.4,0.6,0.863153291178762,0.0,1.0,0.0,1.0,0.0,1.0,0.0,0.33498667656171366,0.6650133234382863,1.0,0.0,0.6,0.4,1.0,0.0,1.0,0.0,1.0,0.0,1.0,0.0,1.0,0.0,1.0,0.0,1.0,0.0,1.0,0.0,1.0,0.0,1.0,0.0,1.0,0.0,1.0,0.0,1.0,0.0,1.0,0.0,1.0,0.0,1.0,0.0,1.0,0.0,1.0,0.0,1.0,0.0,1.0,0.0,1.0,0.0,1.0,0.0,1.0,0.0,1.0,0.0,1.0,0.0,1.0,0.0,1.0,0.0,1.0,0.0,1.0,0.0,1.0,0.0,1.0,0.0,1.0,0.0,0.8,0.2,1.0,0.0,1.0,0.0,0.0,0.0,1.0,0.0,0.0,0.0,0.8,0.2,0.6,0.4,0.7,0.0,0.7,0.0,1.0,0.0,1.0,0.0
1967-10-31,0.6,0.4,1.0,0.0,0.4,0.6,0.7075078964728555,0.0,1.0,0.0,1.0,0.0,1.0,0.0,0.3488279372267727,0.6511720627732273,1.0,0.0,0.6,0.4,1.0,0.0,1.0,0.0,1.0,0.0,1.0,0.0,1.0,0.0,1.0,0.0,1.0,0.0,1.0,0.0,1.0,0.0,1.0,0.0,1.0,0.0,1.0,0.0,1.0,0.0,1.0,0.0,1.0,0.0,1.0,0.0,1.0,0.0,1.0,0.0,1.0,0.0,1.0,0.0,1.0,0.0,1.0,0.0,1.0,0.0,1.0,0.0,1.0,0.0,1.0,0.0,1.0,0.0,1.0,0.0,1.0,0.0,1.0,0.0,1.0,0.0,1.0,0.0,0.0,1.0,0.0,0.0,0.3,0.7,0.0,0.0,0.3,0.7,0.0,0.0,0.0,1.0,0.0,0.9,0.7,0.0,0.7,0.0,1.0,0.0,0.5,0.5
1967-11-30,0.6,0.4,1.0,0.0,0.4,0.6,0.2760035247792508,0.0,1.0,0.0,1.0,0.0,1.0,0.0,0.35229981587055875,0.6477001841294413,0.0,0.0,0.0,0.0,1.0,0.0,1.0,0.0,1.0,0.0,1.0,0.0,1.0,0.0,1.0,0.0,1.0,0.0,1.0,0.0,1.0,0.0,1.0,0.0,1.0,0.0,1.0,0.0,1.0,0.0,1.0,0.0,1.0,0.0,1.0,0.0,1.0,0.0,1.0,0.0,1.0,0.0,1.0,0.0,1.0,0.0,1.0,0.0,1.0,0.0,1.0,0.0,1.0,0.0,1.0,0.0,1.0,0.0,1.0,0.0,1.0,0.0,1.0,0.0,1.0,0.0,1.0,0.0,0.0,1.0,0.0,0.0,0.5,0.5,0.0,0.0,0.5,0.5,0.0,0.0,0.0,1.0,0.0,0.9,0.7,0.0,0.7,0.0,1.0,0.0,0.7,0.3
1967-12-31,0.6,0.4,1.0,0.0,0.4,0.6,1.0,0.0,1.0,0.0,1.0,0.0,1.0,0.0,0.3546081889165829,0.6453918110834171,1.0,0.0,0.6,0.4,1.0,0.0,1.0,0.0,1.0,0.0,1.0,0.0,1.0,0.0,0.0,0.0,1.0,0.0,1.0,0.0,1.0,0.0,1.0,0.0,1.0,0.0,0.0,0.0,1.0,0.0,1.0,0.0,1.0,0.0,1.0,0.0,1.0,0.0,1.0,0.0,1.0,0.0,1.0,0.0,1.0,0.0,0.0,0.0,1.0,0.0,1.0,0.0,1.0,0.0,1.0,0.0,1.0,0.0,1.0,0.0,1.0,0.0,1.0,0.0,1.0,0.0,1.0,0.0,0.0,0.6,0.0,0.0,1.0,0.0,0.0,0.0,1.0,0.0,0.0,0.0,0.0,0.7,0.0,0.7,0.7,0.0,0.7,0.0,1.0,0.0,1.0,0.0
1968-01-31,0.6,0.4,1.0,0.0,0.4,0.6,0.5698788393741908,0.0,1.0,0.0,1.0,0.0,1.0,0.0,0.36239806920811596,0.637601930791884,0.0,0.0,0.0,0.0,1.0,0.0,1.0,0.0,1.0,0.0,1.0,0.0,1.0,0.0,0.0,0.0,1.0,0.0,1.0,0.0,1.0,0.0,1.0,0.0,1.0,0.0,0.0,0.0,0.8,0.0,0.0,0.0,1.0,0.0,1.0,0.0,1.0,0.0,1.0,0.0,1.0,0.0,1.0,0.0,1.0,0.0,0.0,0.0,1.0,0.0,1.0,0.0,1.0,0.0,1.0,0.0,1.0,0.0,1.0,0.0,1.0,0.0,1.0,0.0,1.0,0.0,1.0,0.0,0.0,0.5,0.0,0.0,0.9,0.1,0.0,0.0,1.0,0.0,0.0,0.0,0.0,0.6,0.0,0.6,0.7,0.0,0.7,0.0,1.0,0.0,0.6,0.4
1968-02-29,0.6,0.4,1.0,0.0,0.4,0.6,0.3205847547998832,0.0,0.0,0.0,0.0,1.0,1.0,0.0,0.3578023810670387,0.6421976189329612,0.0,0.0,0.0,0.0,1.0,0.0,1.0,0.0,1.0,0.0,1.0,0.0,1.0,0.0,0.0,0.0,1.0,0.0,1.0,0.0,1.0,0.0,1.0,0.0,1.0,0.0,0.0,0.0,0.7,0.0,0.0,0.0,1.0,0.0,1.0,0.0,1.0,0.0,1.0,0.0,0.9,0.1,0.0,0.0,0.5,0.5,0.0,0.0,1.0,0.0,1.0,0.0,1.0,0.0,1.0,0.0,1.0,0.0,1.0,0.0,1.0,0.0,1.0,0.0,1.0,0.0,1.0,0.0,0.0,0.6,0.0,0.0,1.0,0.0,0.0,0.0,1.0,0.0,0.0,0.0,0.0,0.6,0.0,0.6,0.7,0.0,0.7,0.0,1.0,0.0,0.8,0.2
1968-03-31,0.6,0.4,1.0,0.0,0.4,0.6,0.18506443845073306,0.0,0.0,0.0,0.0,1.0,1.0,0.0,0.3618628191978597,0.6381371808021402,0.0,0.0,0.0,0.0,1.0,0.0,1.0,0.0,1.0,0.0,1.0,0.0,1.0,0.0,0.0,0.0,1.0,0.0,1.0,0.0,1.0,0.0,1.0,0.0,1.0,0.0,0.0,0.0,0.7,0.0,0.0,0.0,1.0,0.0,1.0,0.0,1.0,0.0,1.0,0.0,0.7,0.3,0.0,0.0,0.4,0.6,0.0,0.0,1.0,0.0,1.0,0.0,1.0,0.0,1.0,0.0,1.0,0.0,1.0,0.0,0.7,0.3,0.0,0.0,1.0,0.0,1.0,0.0,0.0,0.5,0.0,0.0,1.0,0.0,0.0,0.0,1.0,0.0,0.0,0.0,0.0,0.6,0.0,0.6,0.7,0.0,0.7,0.0,1.0,0.0,0.9,0.1
1968-04-30,0.6,0.4,1.0,0.0,0.4,0.6,0.18920152189202483,0.0,1.0,0.0,1.0,0.0,1.0,0.0,0.34817091558820357,0.6518290844117964,1.0,0.0,0.6,0.4,1.0,0.0,1.0,0.0,1.0,0.0,0.0,0.0,0.9,0.1,0.0,0.0,1.0,0.0,1.0,0.0,1.0,0.0,1.0,0.0,1.0,0.0,0.0,0.0,0.7,0.0,0.0,0.0,1.0,0.0,1.0,0.0,1.0,0.0,1.0,0.0,0.7,0.3,0.0,0.0,0.4,0.6,0.0,0.0,1.0,0.0,1.0,0.0,1.0,0.0,1.0,0.0,0.6,0.4,0.0,0.0,0.7,0.3,0.0,0.0,1.0,0.0,1.0,0.0,0.0,0.5,0.0,0.0,0.7,0.3,0.0,0.0,1.0,0.0,0.0,0.0,0.0,0.6,0.0,0.6,0.7,0.0,0.7,0.0,1.0,0.0,0.6,0.4
1968-05-31,0.6,0.4,1.0,0.0,0.4,0.6,0.7939794739337741,0.0,1.0,0.0,1.0,0.0,1.0,0.0,0.34783738174802653,0.6521626182519734,1.0,0.0,0.6,0.4,1.0,0.0,1.0,0.0,1.0,0.0,1.0,0.0,1.0,0.0,0.0,0.0,1.0,0.0,1.0,0.0,1.0,0.0,1.0,0.0,1.0,0.0,0.0,0.0,0.7,0.0,0.0,0.0,1.0,0.0,1.0,0.0,1.0,0.0,1.0,0.0,0.7,0.3,0.0,0.0,0.4,0.6,0.0,0.0,1.0,0.0,1.0,0.0,1.0,0.0,1.0,0.0,0.5,0.5,0.0,0.0,0.7,0.3,0.0,0.0,1.0,0.0,1.0,0.0,0.1,0.8,0.0,0.0,1.0,0.0,0.0,0.0,1.0,0.0,0.0,0.0,0.1,0.6,0.0,0.6,0.7,0.0,0.7,0.0,1.0,0.0,1.0,0.0
1968-06-30,0.6,0.4,1.0,0.0,0.4,0.6,0.5261030058909446,0.0,1.0,0.0,1.0,0.0,1.0,0.0,0.36178227519188144,0.6382177248081186,1.0,0.0,0.6,0.4,1.0,0.0,1.0,0.0,1.0,0.0,1.0,0.0,1.0,0.0,0.0,0.0,1.0,0.0,1.0,0.0,1.0,0.0,1.0,0.0,1.0,0.0,0.0,0.0,0.7,0.0,0.0,0.0,1.0,0.0,1.0,0.0,1.0,0.0,1.0,0.0,0.7,0.3,0.0,0.0,0.4,0.6,0.0,0.0,1.0,0.0,1.0,0.0,1.0,0.0,1.0,0.0,0.5,0.5,0.0,0.0,0.7,0.3,0.0,0.0,1.0,0.0,1.0,0.0,0.1,0.8,0.0,0.0,1.0,0.0,0.0,0.0,1.0,0.0,0.0,0.0,0.1,0.6,0.0,0.6,0.7,0.0,0.7,0.0,1.0,0.0,1.0,0.0
1968-07-31,0.6,0.4,1.0,0.0,0.4,0.6,0.3409307458358432,0.0,1.0,0.0,1.0,0.0,1.0,0.0,0.3659649974217227,0.6340350025782772,0.0,0.0,0.0,0.0,1.0,0.0,1.0,0.0,1.0,0.0,1.0,0.0,1.0,0.0,0.0,0.0,1.0,0.0,1.0,0.0,1.0,0.0,1.0,0.0,1.0,0.0,0.0,0.0,0.7,0.0,0.0,0.0,1.0,0.0,1.0,0.0,1.0,0.0,1.0,0.0,0.7,0.3,0.0,0.0,0.4,0.6,0.0,0.0,1.0,0.0,1.0,0.0,1.0,0.0,1.0,0.0,0.5,0.5,0.0,0.0,0.7,0.3,0.0,0.0,1.0,0.0,1.0,0.0,0.0,0.6,0.0,0.0,1.0,0.0,0.0,0.0,1.0,0.0,0.0,0.0,0.0,0.6,0.0,0.6,0.7,0.0,0.7,0.0,1.0,0.0,0.9,0.1
1968-08-31,0.6,0.4,1.0,0.0,0.4,0.6,0.9545821167324207,0.0,1.0,0.0,1.0,0.0,1.0,0.0,0.36698157698242007,0.6330184230175799,0.0,0.0,0.0,0.0,1.0,0.0,1.0,0.0,1.0,0.0,1.0,0.0,1.0,0.0,0.0,0.0,1.0,0.0,1.0,0.0,1.0,0.0,1.0,0.0,1.0,0.0,0.0,0.0,0.7,0.0,0.0,0.0,1.0,0.0,1.0,0.0,1.0,0.0,1.0,0.0,0.7,0.3,0.0,0.0,0.4,0.6,0.0,0.0,1.0,0.0,1.0,0.0,1.0,0.0,1.0,0.0,0.5,0.5,0.0,0.0,0.7,0.3,0.0,0.0,1.0,0.0,1.0,0.0,0.2,0.8,1.0,0.0,1.0,0.0,0.0,0.0,1.0,0.0,0.0,0.0,0.2,0.6,0.0,0.6,0.7,0.0,0.7,0.0,1.0,0.0,1.0,0.0
1968-09-30,0.6,0.4,1.0,0.0,0.4,0.6,1.0,0.0,1.0,0.0,1.0,0.0,1.0,0.0,0.3657300821926551,0.6342699178073449,1.0,0.0,0.6,0.4,1.0,0.0,1.0,0.0,1.0,0.0,1.0,0.0,1.0,0.0,0.0,0.0,1.0,0.0,1.0,0.0,1.0,0.0,1.0,0.0,1.0,0.0,0.0,0.0,0.7,0.0,0.0,0.0,1.0,0.0,1.0,0.0,1.0,0.0,1.0,0.0,0.7,0.3,0.0,0.0,0.4,0.6,0.0,0.0,1.0,0.0,1.0,0.0,1.0,0.0,1.0,0.0,0.5,0.5,0.0,0.0,0.7,0.3,0.0,0.0,1.0,0.0,1.0,0.0,0.3,0.7,1.0,0.0,1.0,0.0,0.0,0.0,1.0,0.0,0.0,0.0,0.3,0.6,0.1,0.6,0.7,0.0,0.7,0.0,1.0,0.0,1.0,0.0
1968-10-31,0.6,0.4,1.0,0.0,0.4,0.6,1.0,0.0,1.0,0.0,1.0,0.0,1.0,0.0,0.36812936994025636,0.6318706300597438,1.0,0.0,0.6,0.4,1.0,0.0,1.0,0.0,1.0,0.0,1.0,0.0,1.0,0.0,1.0,0.0,1.0,0.0,1.0,0.0,1.0,0.0,1.0,0.0,1.0,0.0,0.0,0.0,0.7,0.0,0.0,0.0,1.0,0.0,1.0,0.0,1.0,0.0,1.0,0.0,0.7,0.3,0.0,0.0,0.4,0.6,0.0,0.0,1.0,0.0,1.0,0.0,1.0,0.0,1.0,0.0,0.5,0.5,0.0,0.0,0.7,0.3,0.0,0.0,1.0,0.0,1.0,0.0,0.3,0.7,1.0,0.0,1.0,0.0,0.0,0.0,1.0,0.0,0.0,0.0,0.3,0.6,0.1,0.6,0.7,0.0,0.7,0.0,0.4,0.6,1.0,0.0
1968-11-30,0.6,0.4,1.0,0.0,0.4,0.6,0.9354480206220274,0.0,1.0,0.0,1.0,0.0,1.0,0.0,0.36710051411983746,0.6328994858801626,1.0,0.0,0.6,0.4,1.0,0.0,1.0,0.0,1.0,0.0,1.0,0.0,1.0,0.0,1.0,0.0,1.0,0.0,1.0,0.0,1.0,0.0,1.0,0.0,1.0,0.0,0.0,0.0,0.7,0.0,0.0,0.0,1.0,0.0,1.0,0.0,1.0,0.0,1.0,0.0,0.7,0.3,0.0,0.0,0.4,0.6,0.0,0.0,1.0,0.0,1.0,0.0,1.0,0.0,1.0,0.0,0.5,0.5,0.0,0.0,0.7,0.3,0.0,0.0,1.0,0.0,1.0,0.0,0.0,0.5,0.0,0.0,1.0,0.0,0.0,0.0,1.0,0.0,0.0,0.0,0.0,0.6,0.0,0.6,0.7,0.0,0.7,0.0,0.2,0.6,0.8,0.2
1968-12-31,0.6,0.4,1.0,0.0,0.4,0.6,0.9311713830810571,0.0,1.0,0.0,1.0,0.0,1.0,0.0,0.3708561344807229,0.6291438655192771,0.0,0.0,0.0,0.0,1.0,0.0,1.0,0.0,1.0,0.0,1.0,0.0,1.0,0.0,1.0,0.0,1.0,0.0,1.0,0.0,1.0,0.0,1.0,0.0,0.8,0.0,0.0,0.0,0.7,0.0,0.0,0.0,1.0,0.0,1.0,0.0,1.0,0.0,1.0,0.0,0.7,0.0,0.0,0.0,0.6,0.4,0.0,0.0,1.0,0.0,1.0,0.0,1.0,0.0,1.0,0.0,1.0,0.0,1.0,0.0,0.7,0.3,0.0,0.0,1.0,0.0,1.0,0.0,0.0,0.2,0.0,0.0,1.0,0.0,0.0,0.0,1.0,0.0,0.0,0.0,0.0,0.3,0.0,0.4,0.7,0.0,0.7,0.0,0.3,0.6,0.3,0.6
1969-01-31,0.6,0.4,1.0,0.0,0.4,0.6,0.4265112351752302,0.0,1.0,0.0,1.0,0.0,1.0,0.0,0.3722206667648054,0.6277793332351945,0.0,0.0,0.0,0.0,1.0,0.0,1.0,0.0,1.0,0.0,1.0,0.0,1.0,0.0,1.0,0.0,1.0,0.0,1.0,0.0,1.0,0.0,1.0,0.0,0.8,0.0,0.0,0.0,0.7,0.0,0.0,0.0,1.0,0.0,1.0,0.0,1.0,0.0,1.0,0.0,0.7,0.0,0.0,0.0,0.6,0.4,0.0,0.0,1.0,0.0,1.0,0.0,1.0,0.0,1.0,0.0,1.0,0.0,1.0,0.0,0.7,0.3,0.0,0.0,1.0,0.0,1.0,0.0,0.0,0.2,0.0,0.0,1.0,0.0,0.0,0.0,1.0,0.0,0.0,0.0,0.0,0.3,0.0,0.4,0.7,0.0,0.7,0.0,0.3,0.6,0.4,0.6
1969-02-28,0.6,0.4,1.0,0.0,0.4,0.6,0.423328180029841,0.0,0.0,0.0,0.0,1.0,1.0,0.0,0.3604078259983896,0.6395921740016103,0.0,0.0,0.0,0.0,1.0,0.0,1.0,0.0,1.0,0.0,1.0,0.0,1.0,0.0,0.0,0.0,1.0,0.0,1.0,0.0,1.0,0.0,1.0,0.0,0.8,0.0,0.0,0.0,0.7,0.0,0.0,0.0,1.0,0.0,1.0,0.0,1.0,0.0,1.0,0.0,0.7,0.0,0.0,0.0,0.6,0.4,0.0,0.0,1.0,0.0,1.0,0.0,1.0,0.0,1.0,0.0,1.0,0.0,1.0,0.0,0.7,0.3,0.0,0.0,1.0,0.0,1.0,0.0,0.0,0.3,0.0,0.0,1.0,0.0,0.0,0.0,1.0,0.0,0.0,0.0,0.0,0.3,0.0,0.4,0.7,0.0,0.7,0.0,0.2,0.6,0.4,0.6
1969-03-31,0.6,0.4,1.0,0.0,0.4,0.6,0.5023587536693419,0.0,1.0,0.0,1.0,0.0,1.0,0.0,0.3542328513384046,0.6457671486615955,0.0,0.0,0.0,0.0,1.0,0.0,1.0,0.0,1.0,0.0,1.0,0.0,1.0,0.0,0.0,0.0,1.0,0.0,1.0,0.0,1.0,0.0,1.0,0.0,0.8,0.0,0.0,0.0,0.7,0.0,0.0,0.0,1.0,0.0,1.0,0.0,1.0,0.0,1.0,0.0,0.7,0.0,0.0,0.0,0.6,0.4,0.0,0.0,1.0,0.0,1.0,0.0,1.0,0.0,1.0,0.0,1.0,0.0,1.0,0.0,0.7,0.3,0.0,0.0,1.0,0.0,1.0,0.0,0.1,0.5,0.0,0.0,1.0,0.0,0.0,0.0,1.0,0.0,0.0,0.0,0.1,0.3,0.0,0.4,0.7,0.0,0.7,0.0,0.0,0.6,0.9,0.1
1969-04-30,0.6,0.4,1.0,0.0,0.4,0.6,0.5121282776636324,0.0,1.0,0.0,1.0,0.0,1.0,0.0,0.367755986587405,0.6322440134125951,1.0,0.0,0.6,0.4,1.0,0.0,1.0,0.0,1.0,0.0,1.0,0.0,1.0,0.0,0.0,0.0,1.0,0.0,1.0,0.0,1.0,0.0,1.0,0.0,0.8,0.0,0.0,0.0,0.7,0.0,0.0,0.0,1.0,0.0,1.0,0.0,1.0,0.0,1.0,0.0,0.7,0.0,0.0,0.0,0.6,0.4,0.0,0.0,1.0,0.0,1.0,0.0,1.0,0.0,1.0,0.0,1.0,0.0,1.0,0.0,0.7,0.3,0.0,0.0,1.0,0.0,1.0,0.0,0.0,0.2,0.0,0.0,0.9,0.0,0.0,0.0,1.0,0.0,0.0,0.0,0.0,0.3,0.0,0.4,0.7,0.0,0.7,0.0,0.0,0.6,0.6,0.4
1969-05-31,0.6,0.4,1.0,0.0,0.4,0.6,0.73748902431429,0.0,1.0,0.0,1.0,0.0,1.0,0.0,0.3911636298411602,0.6088363701588398,0.0,0.0,0.0,0.0,1.0,0.0,1.0,0.0,1.0,0.0,1.0,0.0,1.0,0.0,0.0,0.0,1.0,0.0,1.0,0.0,1.0,0.0,1.0,0.0,0.8,0.0,0.0,0.0,0.7,0.0,0.0,0.0,1.0,0.0,1.0,0.0,1.0,0.0,1.0,0.0,0.7,0.0,0.0,0.0,0.6,0.4,0.0,0.0,1.0,0.0,1.0,0.0,1.0,0.0,1.0,0.0,1.0,0.0,1.0,0.0,0.7,0.3,0.0,0.0,1.0,0.0,1.0,0.0,0.0,0.2,0.0,0.0,1.0,0.0,0.0,0.0,1.0,0.0,0.0,0.0,0.0,0.3,0.0,0.4,0.7,0.0,0.7,0.0,0.0,0.6,0.0,0.6
1969-06-30,0.6,0.4,1.0,0.0,0.4,0.6,0.3279719637330112,0.0,0.0,0.0,0.0,1.0,0.0,0.0,0.3815791513247931,0.6184208486752071,0.0,0.0,0.0,0.0,1.0,0.0,1.0,0.0,1.0,0.0,1.0,0.0,1.0,0.0,0.0,0.0,1.0,0.0,1.0,0.0,1.0,0.0,1.0,0.0,0.8,0.0,0.0,0.0,0.7,0.0,0.0,0.0,1.0,0.0,1.0,0.0,1.0,0.0,1.0,0.0,0.7,0.0,0.0,0.0,0.6,0.4,0.0,0.0,1.0,0.0,1.0,0.0,1.0,0.0,1.0,0.0,1.0,0.0,1.0,0.0,0.7,0.3,0.0,0.0,1.0,0.0,1.0,0.0,0.0,0.2,0.0,0.0,0.6,0.0,0.0,0.0,1.0,0.0,0.0,0.0,0.0,0.3,0.0,0.4,0.7,0.0,0.7,0.0,0.0,0.6,0.0,0.6
1969-07-31,0.6,0.4,1.0,0.0,0.4,0.6,0.11516451978432451,0.0,0.0,0.0,0.0,1.0,0.0,0.0,0.37179366884698645,0.6282063311530135,0.0,0.0,0.0,0.0,1.0,0.0,1.0,0.0,0.9,0.1,0.0,0.0,0.7,0.3,0.0,0.0,1.0,0.0,1.0,0.0,1.0,0.0,1.0,0.0,0.8,0.0,0.0,0.0,0.7,0.0,0.0,0.0,1.0,0.0,1.0,0.0,1.0,0.0,1.0,0.0,0.7,0.0,0.0,0.0,0.6,0.4,0.0,0.0,1.0,0.0,1.0,0.0,1.0,0.0,1.0,0.0,1.0,0.0,1.0,0.0,0.7,0.3,0.0,0.0,1.0,0.0,1.0,0.0,0.0,0.2,0.0,0.0,0.4,0.3,0.0,0.0,0.4,0.6,0.0,0.0,0.0,0.3,0.0,0.4,0.7,0.0,0.7,0.0,0.0,0.6,0.0,0.6
1969-08-31,0.6,0.4,1.0,0.0,0.4,0.6,0.2796464042653123,0.0,0.0,0.0,0.0,1.0,0.0,0.0,0.3806742665479623,0.6193257334520377,0.0,0.0,0.0,0.0,1.0,0.0,1.0,0.0,1.0,0.0,0.0,0.0,0.9,0.1,0.0,0.0,1.0,0.0,1.0,0.0,1.0,0.0,1.0,0.0,0.8,0.0,0.0,0.0,0.7,0.0,0.0,0.0,1.0,0.0,1.0,0.0,1.0,0.0,1.0,0.0,0.7,0.0,0.0,0.0,0.6,0.4,0.0,0.0,1.0,0.0,1.0,0.0,1.0,0.0,1.0,0.0,0.9,0.1,0.0,0.0,0.7,0.3,0.0,0.0,1.0,0.0,1.0,0.0,0.0,0.3,0.0,0.0,0.6,0.0,0.0,0.0,0.9,0.0,0.0,0.0,0.0,0.3,0.0,0.4,0.7,0.0,0.7,0.0,0.0,0.6,0.2,0.6
1969-09-30,0.6,0.4,1.0,0.0,0.4,0.6,0.3326969308625375,0.0,0.0,0.0,0.0,1.0,0.0,0.0,0.3871399287348583,0.6128600712651417,0.0,0.0,0.0,0.0,1.0,0.0,1.0,0.0,1.0,0.0,0.0,0.0,1.0,0.0,0.0,0.0,1.0,0.0,1.0,0.0,1.0,0.0,1.0,0.0,0.8,0.0,0.0,0.0,0.7,0.0,0.0,0.0,1.0,0.0,1.0,0.0,1.0,0.0,1.0,0.0,0.7,0.0,0.0,0.0,0.6,0.4,0.0,0.0,1.0,0.0,1.0,0.0,1.0,0.0,1.0,0.0,0.7,0.3,0.0,0.0,0.7,0.3,0.0,0.0,1.0,0.0,1.0,0.0,0.0,0.2,0.0,0.0,0.5,0.0,0.0,0.0,0.3,0.0,0.0,0.0,0.0,0.3,0.0,0.4,0.7,0.0,0.7,0.0,0.0,0.6,0.0,0.6
1969-10-31,0.6,0.4,1.0,0.0,0.4,0.6,0.3419392536608321,0.0,0.0,0.0,0.0,1.0,0.0,0.0,0.38957875668365044,0.6104212433163496,1.0,0.0,0.6,0.4,1.0,0.0,1.0,0.0,1.0,0.0,0.0,0.0,1.0,0.0,0.0,0.0,1.0,0.0,1.0,0.0,1.0,0.0,1.0,0.0,0.8,0.0,0.0,0.0,0.7,0.0,0.0,0.0,1.0,0.0,1.0,0.0,1.0,0.0,1.0,0.0,0.7,0.0,0.0,0.0,0.6,0.4,0.0,0.0,1.0,0.0,1.0,0.0,1.0,0.0,1.0,0.0,0.7,0.3,0.0,0.0,0.7,0.3,0.0,0.0,1.0,0.0,1.0,0.0,0.0,0.2,0.0,0.0,0.4,0.1,0.0,0.0,0.3,0.0,0.0,0.0,0.0,0.3,0.0,0.4,0.7,0.0,0.7,0.0,0.0,0.6,0.0,0.6
1969-11-30,0.6,0.4,1.0,0.0,0.4,0.6,0.5350127932987236,0.0,0.0,0.0,0.0,1.0,0.0,0.0,0.3875860013615481,0.6124139986384519,0.0,0.0,0.0,0.0,1.0,0.0,1.0,0.0,1.0,0.0,1.0,0.0,1.0,0.0,0.0,0.0,1.0,0.0,1.0,0.0,1.0,0.0,1.0,0.0,0.8,0.0,0.0,0.0,0.7,0.0,0.0,0.0,1.0,0.0,1.0,0.0,1.0,0.0,1.0,0.0,0.7,0.0,0.0,0.0,0.6,0.4,0.0,0.0,1.0,0.0,1.0,0.0,1.0,0.0,1.0,0.0,0.7,0.3,0.0,0.0,0.7,0.3,0.0,0.0,1.0,0.0,1.0,0.0,0.0,0.2,0.0,0.0,0.6,0.0,0.0,0.0,0.4,0.0,0.0,0.0,0.0,0.3,0.0,0.4,0.7,0.0,0.7,0.0,0.0,0.6,0.0,0.6
1969-12-31,0.6,0.4,1.0,0.0,0.4,0.6,0.21203660034053515,0.0,0.0,0.0,0.0,1.0,0.0,0.0,0.3751766981586523,0.6248233018413477,0.0,0.0,0.0,0.0,1.0,0.0,1.0,0.0,1.0,0.0,1.0,0.0,1.0,0.0,1.0,0.0,1.0,0.0,1.0,0.0,0.9,0.0,1.0,0.0,0.6,0.0,1.0,0.0,0.6,0.0,0.0,0.0,0.9,0.0,0.9,0.0,1.0,0.0,1.0,0.0,0.5,0.0,0.0,0.0,0.4,0.0,0.0,0.0,1.0,0.0,1.0,0.0,1.0,0.0,1.0,0.0,0.6,0.0,0.0,0.0,0.5,0.0,0.0,0.0,1.0,0.0,1.0,0.0,0.0,0.0,0.0,0.0,0.9,0.0,0.0,0.0,1.0,0.0,0.0,0.0,0.0,0.0,0.0,0.1,0.7,0.0,0.7,0.0,0.0,0.6,0.2,0.6
1970-01-31,0.6,0.4,1.0,0.0,0.4,0.6,0.24866443603774674,0.0,0.0,0.0,0.0,1.0,0.0,0.0,0.37259641671606586,0.6274035832839341,0.0,0.0,0.0,0.0,1.0,0.0,1.0,0.0,1.0,0.0,0.0,0.0,1.0,0.0,0.0,0.0,1.0,0.0,1.0,0.0,0.9,0.0,1.0,0.0,0.6,0.0,1.0,0.0,0.6,0.0,0.0,0.0,0.9,0.0,0.9,0.0,1.0,0.0,1.0,0.0,0.5,0.0,0.0,0.0,0.4,0.0,0.0,0.0,1.0,0.0,1.0,0.0,1.0,0.0,1.0,0.0,0.6,0.0,0.0,0.0,0.5,0.0,0.0,0.0,1.0,0.0,1.0,0.0,0.0,0.0,0.0,0.0,0.6,0.0,0.0,0.0,1.0,0.0,0.0,0.0,0.0,0.0,0.0,0.0,0.7,0.0,0.7,0.0,0.0,0.6,0.1,0.6
1970-02-28,0.6,0.4,1.0,0.0,0.4,0.6,0.26449954996932995,0.0,0.0,0.0,0.0,1.0,0.0,0.0,0.38570294554570694,0.6142970544542931,0.0,0.0,0.0,0.0,1.0,0.0,1.0,0.0,1.0,0.0,0.0,0.0,1.0,0.0,0.0,0.0,1.0,0.0,1.0,0.0,0.9,0.0,1.0,0.0,0.6,0.0,1.0,0.0,0.6,0.0,0.0,0.0,0.9,0.0,0.9,0.0,1.0,0.0,1.0,0.0,0.5,0.0,0.0,0.0,0.4,0.0,0.0,0.0,1.0,0.0,1.0,0.0,1.0,0.0,1.0,0.0,0.6,0.0,0.0,0.0,0.5,0.0,0.0,0.0,1.0,0.0,1.0,0.0,0.0,0.0,0.0,0.0,0.3,0.0,0.0,0.0,0.6,0.0,0.0,0.0,0.0,0.0,0.0,0.0,0.7,0.0,0.7,0.0,0.0,0.6,0.0,0.6
1970-03-31,0.6,0.4,1.0,0.0,0.4,0.6,0.27471175911355916,0.0,0.0,0.0,0.0,1.0,0.0,0.0,0.3862033005826736,0.6137966994173264,0.0,0.0,0.0,0.0,1.0,0.0,1.0,0.0,0.9,0.1,0.0,0.0,0.9,0.1,0.0,0.0,1.0,0.0,1.0,0.0,0.9,0.0,1.0,0.0,0.6,0.0,1.0,0.0,0.6,0.0,0.0,0.0,0.9,0.0,0.9,0.0,1.0,0.0,1.0,0.0,0.5,0.0,0.0,0.0,0.4,0.0,0.0,0.0,1.0,0.0,1.0,0.0,1.0,0.0,1.0,0.0,0.6,0.0,0.0,0.0,0.5,0.0,0.0,0.0,1.0,0.0,1.0,0.0,0.0,0.0,0.0,0.0,0.6,0.0,0.0,0.0,1.0,0.0,0.0,0.0,0.0,0.0,0.0,0.0,0.7,0.0,0.7,0.0,0.0,0.6,0.2,0.6
1970-04-30,0.6,0.4,1.0,0.0,0.4,0.6,0.14264486078518304,0.0,0.0,0.0,0.0,1.0,0.0,0.0,0.37208237668300675,0.6279176233169933,0.0,0.0,0.0,0.0,1.0,0.0,1.0,0.0,0.7,0.3,0.0,0.0,0.7,0.3,0.0,0.0,1.0,0.0,1.0,0.0,0.9,0.0,1.0,0.0,0.6,0.0,1.0,0.0,0.6,0.0,0.0,0.0,0.9,0.0,0.9,0.0,1.0,0.0,1.0,0.0,0.5,0.0,0.0,0.0,0.4,0.0,0.0,0.0,1.0,0.0,1.0,0.0,1.0,0.0,1.0,0.0,0.6,0.0,0.0,0.0,0.5,0.0,0.0,0.0,1.0,0.0,1.0,0.0,0.0,0.0,0.0,0.0,0.0,0.8,0.0,0.0,0.1,0.2,0.0,0.0,0.0,0.0,0.0,0.0,0.7,0.0,0.7,0.0,0.0,0.6,0.0,0.6
1970-05-31,0.6,0.4,1.0,0.0,0.4,0.6,0.03142963903229063,0.0,0.0,0.0,0.0,1.0,0.0,0.0,0.37666084484196855,0.6233391551580315,0.0,0.0,0.0,0.0,0.0,1.0,0.0,0.0,0.0,1.0,0.0,0.0,0.0,1.0,0.0,0.0,0.0,1.0,0.0,1.0,0.9,0.0,1.0,0.0,0.6,0.0,1.0,0.0,0.6,0.0,0.0,0.0,0.9,0.0,0.9,0.0,1.0,0.0,1.0,0.0,0.5,0.0,0.0,0.0,0.4,0.0,0.0,0.0,1.0,0.0,1.0,0.0,1.0,0.0,1.0,0.0,0.6,0.0,0.0,0.0,0.5,0.0,0.0,0.0,1.0,0.0,1.0,0.0,0.0,0.0,0.0,0.0,0.0,1.0,0.0,0.0,0.0,0.8,0.0,0.0,0.0,0.0,0.0,0.0,0.7,0.0,0.7,0.0,0.0,0.6,0.0,0.6
1970-06-30,0.6,0.4,1.0,0.0,0.4,0.6,0.0994125645698035,0.0,0.0,0.0,0.0,1.0,0.0,0.0,0.38231743535375284,0.617682564646247,0.0,0.0,0.0,0.0,0.0,1.0,0.0,0.0,0.0,1.0,0.0,0.0,0.0,1.0,0.0,0.0,0.0,1.0,0.0,1.0,0.9,0.0,1.0,0.0,0.6,0.0,1.0,0.0,0.6,0.0,0.0,0.0,0.9,0.0,0.9,0.0,1.0,0.0,1.0,0.0,0.5,0.0,0.0,0.0,0.4,0.0,0.0,0.0,1.0,0.0,1.0,0.0,1.0,0.0,1.0,0.0,0.6,0.0,0.0,0.0,0.5,0.0,0.0,0.0,1.0,0.0,1.0,0.0,0.0,0.0,0.0,0.0,0.0,1.0,0.0,0.0,0.0,0.9,0.0,0.0,0.0,0.0,0.0,0.0,0.7,0.0,0.7,0.0,0.0,0.6,0.0,0.6
1970-07-31,0.6,0.4,1.0,0.0,0.4,0.6,0.13516323243738407,0.0,0.0,0.0,0.0,1.0,0.0,0.0,0.38153388162740043,0.6184661183725996,0.0,0.0,0.0,0.0,0.0,1.0,0.0,0.0,0.2,0.8,0.0,0.0,0.2,0.8,0.0,0.0,0.0,1.0,0.0,1.0,0.9,0.0,1.0,0.0,0.6,0.0,1.0,0.0,0.6,0.0,0.0,0.0,0.9,0.0,0.9,0.0,1.0,0.0,1.0,0.0,0.5,0.0,0.0,0.0,0.4,0.0,0.0,0.0,1.0,0.0,1.0,0.0,1.0,0.0,1.0,0.0,0.6,0.0,0.0,0.0,0.5,0.0,0.0,0.0,1.0,0.0,1.0,0.0,0.0,0.0,0.0,0.0,0.0,1.0,0.0,0.0,0.0,1.0,0.0,0.0,0.0,0.0,0.0,0.0,0.5,0.5,0.7,0.0,0.1,0.6,0.0,0.6
1970-08-31,0.6,0.4,1.0,0.0,0.4,0.6,0.14737610004427534,0.0,0.0,0.0,0.0,1.0,0.0,0.0,0.3772392317857077,0.6227607682142924,0.0,0.0,0.0,0.0,0.0,1.0,0.0,0.0,0.5,0.5,0.0,0.0,0.5,0.5,0.0,0.0,0.0,1.0,0.0,1.0,0.9,0.0,1.0,0.0,0.6,0.0,1.0,0.0,0.6,0.0,0.0,0.0,0.9,0.0,0.9,0.0,1.0,0.0,1.0,0.0,0.5,0.0,0.0,0.0,0.4,0.0,0.0,0.0,1.0,0.0,1.0,0.0,1.0,0.0,1.0,0.0,0.6,0.0,0.0,0.0,0.5,0.0,0.0,0.0,1.0,0.0,1.0,0.0,0.0,0.0,0.0,0.0,0.0,1.0,0.0,0.0,0.0,1.0,0.0,0.0,0.0,0.0,0.0,0.0,0.3,0.7,0.7,0.0,0.1,0.6,0.2,0.6
1970-09-30,0.6,0.4,1.0,0.0,0.4,0.6,0.2338477389008308,0.0,1.0,0.0,1.0,0.0,0.0,0.0,0.3779207992854805,0.6220792007145195,1.0,0.0,0.6,0.4,0.0,1.0,0.0,0.0,0.8,0.2,0.0,0.0,0.8,0.2,0.0,0.0,0.0,1.0,0.0,1.0,0.9,0.0,1.0,0.0,0.6,0.0,1.0,0.0,0.6,0.0,0.0,0.0,0.9,0.0,0.9,0.0,1.0,0.0,1.0,0.0,0.5,0.0,0.0,0.0,0.4,0.0,0.0,0.0,1.0,0.0,1.0,0.0,1.0,0.0,1.0,0.0,0.6,0.0,0.0,0.0,0.5,0.0,0.0,0.0,1.0,0.0,1.0,0.0,0.0,0.1,0.0,0.0,0.0,1.0,0.0,0.0,0.0,1.0,0.0,0.0,0.0,0.0,0.0,0.0,0.3,0.7,0.7,0.0,0.1,0.6,0.6,0.4
1970-10-31,0.6,0.4,1.0,0.0,0.4,0.6,0.2762434547750137,0.0,1.0,0.0,1.0,0.0,0.0,0.0,0.37250002809465943,0.6274999719053406,0.0,0.0,0.0,0.0,0.2,0.8,1.0,0.0,0.8,0.2,0.0,0.0,0.8,0.2,0.0,0.0,0.1,0.9,0.0,1.0,0.9,0.0,1.0,0.0,0.6,0.0,1.0,0.0,0.9,0.0,0.0,0.0,0.9,0.0,0.9,0.0,1.0,0.0,1.0,0.0,0.5,0.0,0.0,0.0,0.4,0.0,0.0,0.0,1.0,0.0,1.0,0.0,1.0,0.0,1.0,0.0,0.4,0.0,0.0,0.0,0.5,0.0,0.0,0.0,1.0,0.0,1.0,0.0,0.0,0.0,0.0,0.0,0.1,0.2,0.0,0.0,0.1,0.9,0.0,0.0,0.0,0.0,0.0,0.0,0.3,0.7,0.4,0.6,0.0,0.6,0.8,0.2
1970-11-30,0.6,0.4,1.0,0.0,0.4,0.6,0.2887076179901577,0.0,1.0,0.0,1.0,0.0,0.0,0.0,0.3902872329522187,0.6097127670477813,1.0,0.0,0.6,0.4,0.6,0.3,1.0,0.0,0.8,0.2,0.0,0.0,0.8,0.2,0.0,0.0,0.6,0.4,0.3,0.7,0.9,0.0,1.0,0.0,0.6,0.0,0.0,0.0,1.0,0.0,1.0,0.0,0.9,0.0,0.9,0.0,0.7,0.0,1.0,0.0,0.2,0.3,0.0,0.0,0.4,0.0,0.0,0.0,0.8,0.0,1.0,0.0,0.5,0.3,1.0,0.0,0.1,0.9,0.0,0.0,0.5,0.0,0.0,0.0,0.6,0.0,1.0,0.0,0.0,0.0,0.0,0.0,0.0,1.0,0.0,0.0,0.0,0.9,0.0,0.0,0.0,0.0,0.0,0.0,0.3,0.7,0.3,0.7,0.0,0.6,0.0,0.6
1970-12-31,0.6,0.4,1.0,0.0,0.4,0.6,0.4724818156171845,0.0,1.0,0.0,1.0,0.0,0.0,0.0,0.38602902181753096,0.613970978182469,1.0,0.0,0.6,0.4,1.0,0.0,1.0,0.0,1.0,0.0,0.0,0.0,1.0,0.0,0.0,0.0,1.0,0.0,1.0,0.0,0.7,0.0,1.0,0.0,0.9,0.0,1.0,0.0,1.0,0.0,1.0,0.0,0.8,0.0,0.8,0.0,0.1,0.9,0.0,0.0,0.1,0.9,0.0,0.0,0.1,0.9,0.0,0.0,0.1,0.9,0.1,0.9,0.1,0.9,0.0,0.0,0.1,0.9,0.0,0.0,0.4,0.6,0.0,0.0,0.1,0.9,0.1,0.9,0.0,0.1,0.0,0.0,0.0,0.8,0.0,0.0,0.0,0.4,0.0,0.0,0.0,0.1,0.0,0.0,0.3,0.7,0.3,0.7,0.0,0.6,0.0,0.6
1971-01-31,0.6,0.4,1.0,0.0,0.4,0.6,0.47333692791986043,0.0,1.0,0.0,1.0,0.0,1.0,0.0,0.38966879223152745,0.6103312077684725,1.0,0.0,0.6,0.4,1.0,0.0,1.0,0.0,1.0,0.0,1.0,0.0,1.0,0.0,0.0,0.0,1.0,0.0,1.0,0.0,0.6,0.0,1.0,0.0,0.4,0.6,0.0,0.0,0.7,0.3,0.0,0.0,0.8,0.0,0.8,0.0,0.1,0.9,0.0,0.0,0.1,0.9,0.0,0.0,0.1,0.9,0.0,0.0,0.1,0.9,0.1,0.9,0.1,0.9,0.0,0.0,0.1,0.9,0.0,0.0,0.4,0.6,0.0,0.0,0.1,0.9,0.1,0.9,0.0,0.0,0.0,0.0,0.0,0.8,0.0,0.0,0.0,0.3,0.0,0.0,0.0,0.1,0.0,0.0,0.3,0.7,0.3,0.7,0.0,0.6,0.0,0.6
1971-02-28,0.6,0.4,1.0,0.0,0.4,0.6,0.5096584342556909,0.0,1.0,0.0,1.0,0.0,1.0,0.0,0.39259628056573226,0.6074037194342677,1.0,0.0,0.6,0.4,1.0,0.0,1.0,0.0,1.0,0.0,1.0,0.0,1.0,0.0,0.0,0.0,1.0,0.0,1.0,0.0,0.3,0.7,0.0,0.0,0.2,0.8,0.0,0.0,0.3,0.7,0.0,0.0,0.3,0.7,0.5,0.0,0.1,0.9,0.0,0.0,0.1,0.9,0.0,0.0,0.1,0.9,0.0,0.0,0.1,0.9,0.1,0.9,0.1,0.9,0.0,0.0,0.1,0.9,0.0,0.0,0.3,0.7,0.0,0.0,0.1,0.9,0.1,0.9,0.0,0.1,0.0,0.0,0.0,0.8,0.0,0.0,0.0,0.3,0.0,0.0,0.0,0.1,0.0,0.0,0.3,0.7,0.3,0.7,0.0,0.6,0.2,0.6
1971-03-31,0.6,0.4,1.0,0.0,0.4,0.6,0.5497624393943384,0.0,1.0,0.0,1.0,0.0,1.0,0.0,0.39663129970066513,0.6033687002993348,1.0,0.0,0.6,0.4,1.0,0.0,1.0,0.0,1.0,0.0,1.0,0.0,1.0,0.0,0.0,0.0,1.0,0.0,1.0,0.0,0.2,0.8,0.0,0.0,0.2,0.8,0.0,0.0,0.2,0.8,0.0,0.0,0.2,0.8,0.2,0.8,0.1,0.9,0.0,0.0,0.1,0.9,0.0,0.0,0.1,0.9,0.0,0.0,0.1,0.9,0.1,0.9,0.1,0.9,0.0,0.0,0.1,0.9,0.0,0.0,0.3,0.7,0.0,0.0,0.1,0.9,0.1,0.9,0.0,0.0,0.0,0.0,0.0,0.8,0.0,0.0,0.0,0.3,0.0,0.0,0.0,0.1,0.0,0.0,0.3,0.7,0.3,0.7,0.2,0.6,0.0,0.6
1971-04-30,0.6,0.4,1.0,0.0,0.4,0.6,0.9561588787796889,0.0,1.0,0.0,1.0,0.0,1.0,0.0,0.40911578122931724,0.5908842187706828,1.0,0.0,0.6,0.4,1.0,0.0,1.0,0.0,1.0,0.0,1.0,0.0,1.0,0.0,0.0,0.0,1.0,0.0,1.0,0.0,0.2,0.8,0.0,0.0,0.2,0.8,0.0,0.0,0.3,0.7,0.0,0.0,0.2,0.8,0.2,0.8,0.1,0.9,0.0,0.0,0.1,0.9,0.0,0.0,0.1,0.9,0.0,0.0,0.1,0.9,0.1,0.9,0.1,0.9,0.0,0.0,0.1,0.9,0.0,0.0,0.4,0.6,0.0,0.0,0.1,0.9,0.1,0.9,0.0,0.0,0.0,0.0,0.0,0.8,0.0,0.0,0.0,0.3,0.0,0.0,0.0,0.1,0.0,0.0,0.3,0.7,0.3,0.7,0.5,0.5,0.0,0.6
1971-05-31,0.6,0.4,1.0,0.0,0.4,0.6,0.5178650651250314,0.0,1.0,0.0,1.0,0.0,1.0,0.0,0.4074002262050053,0.5925997737949947,1.0,0.0,0.6,0.4,1.0,0.0,1.0,0.0,1.0,0.0,1.0,0.0,1.0,0.0,0.0,0.0,1.0,0.0,1.0,0.0,0.2,0.8,0.0,0.0,0.2,0.8,0.0,0.0,0.4,0.6,0.0,0.0,0.2,0.8,0.2,0.8,0.1,0.9,0.0,0.0,0.1,0.9,0.0,0.0,0.1,0.9,0.0,0.0,0.1,0.9,0.1,0.9,0.1,0.9,0.0,0.0,0.1,0.9,0.0,0.0,0.4,0.6,0.0,0.0,0.1,0.9,0.1,0.9,0.0,0.1,0.0,0.0,0.0,0.8,0.0,0.0,0.0,1.0,0.0,0.0,0.0,0.1,0.0,0.0,0.3,0.7,0.3,0.7,0.8,0.2,0.2,0.6
1971-06-30,0.6,0.4,1.0,0.0,0.4,0.6,0.2848337668893281,0.0,1.0,0.0,1.0,0.0,1.0,0.0,0.4071684094516257,0.5928315905483743,0.0,0.0,0.0,0.0,1.0,0.0,1.0,0.0,1.0,0.0,1.0,0.0,1.0,0.0,0.0,0.0,1.0,0.0,1.0,0.0,0.2,0.8,0.0,0.0,0.2,0.8,0.0,0.0,0.5,0.5,0.0,0.0,0.2,0.8,0.2,0.8,0.1,0.9,0.0,0.0,0.1,0.9,0.0,0.0,0.1,0.9,0.0,0.0,0.1,0.9,0.1,0.9,0.1,0.9,0.0,0.0,0.1,0.9,0.0,0.0,0.4,0.6,0.0,0.0,0.1,0.9,0.1,0.9,0.0,0.1,0.0,0.0,0.0,0.6,0.0,0.0,0.0,0.4,0.0,0.0,0.0,0.1,0.0,0.0,0.3,0.7,0.3,0.7,0.9,0.1,0.5,0.5
1971-07-31,0.6,0.4,1.0,0.0,0.4,0.6,0.47631342939948634,0.0,1.0,0.0,1.0,0.0,1.0,0.0,0.4027730962764564,0.5972269037235436,0.0,0.0,0.0,0.0,1.0,0.0,1.0,0.0,1.0,0.0,1.0,0.0,1.0,0.0,0.0,0.0,1.0,0.0,1.0,0.0,0.3,0.7,0.0,0.0,0.5,0.5,1.0,0.0,1.0,0.0,1.0,0.0,0.2,0.8,0.2,0.8,0.1,0.9,0.0,0.0,0.1,0.9,0.0,0.0,0.1,0.9,0.0,0.0,0.1,0.9,0.1,0.9,0.1,0.9,0.0,0.0,0.1,0.9,0.0,0.0,0.1,0.9,0.0,0.0,0.1,0.9,0.1,0.9,0.0,0.2,0.0,0.0,0.0,0.6,0.0,0.0,0.0,1.0,0.0,0.0,0.0,0.1,0.0,0.0,0.3,0.7,0.3,0.7,0.8,0.2,0.7,0.3
1971-08-31,0.6,0.4,1.0,0.0,0.4,0.6,0.10759811890200079,0.0,1.0,0.0,1.0,0.0,1.0,0.0,0.4073483104980906,0.5926516895019093,0.0,0.0,0.0,0.0,1.0,0.0,1.0,0.0,0.8,0.2,0.0,0.0,0.6,0.4,0.0,0.0,1.0,0.0,1.0,0.0,0.5,0.1,1.0,0.0,1.0,0.0,1.0,0.0,1.0,0.0,1.0,0.0,0.4,0.6,0.2,0.8,0.2,0.8,0.0,0.0,0.1,0.9,0.0,0.0,0.1,0.9,0.0,0.0,0.1,0.9,0.1,0.9,0.1,0.9,0.0,0.0,0.1,0.9,0.0,0.0,0.3,0.6,0.0,0.0,0.1,0.9,0.1,0.9,0.0,0.0,0.0,0.0,0.0,0.7,0.0,0.0,0.0,0.3,0.0,0.0,0.0,0.1,0.0,0.0,0.3,0.7,0.3,0.7,1.0,0.0,0.3,0.6
1971-09-30,0.6,0.4,1.0,0.0,0.4,0.6,0.537400324332454,0.0,1.0,0.0,1.0,0.0,1.0,0.0,0.41040793065961334,0.5895920693403867,0.0,0.0,0.0,0.0,1.0,0.0,1.0,0.0,1.0,0.0,1.0,0.0,1.0,0.0,0.0,0.0,1.0,0.0,1.0,0.0,0.6,0.0,1.0,0.0,1.0,0.0,1.0,0.0,1.0,0.0,1.0,0.0,0.5,0.0,0.3,0.7,0.1,0.9,0.0,0.0,0.1,0.9,0.0,0.0,0.1,0.9,0.0,0.0,0.1,0.9,0.1,0.9,0.1,0.9,0.0,0.0,0.1,0.9,0.0,0.0,0.3,0.1,0.0,0.0,0.1,0.9,0.1,0.9,0.0,0.1,0.0,0.0,0.0,0.6,0.0,0.0,0.0,0.8,0.0,0.0,0.0,0.1,0.0,0.0,0.3,0.7,0.3,0.7,1.0,0.0,0.6,0.4
1971-10-31,0.6,0.4,1.0,0.0,0.4,0.6,0.4033532253471986,0.0,0.0,0.0,0.0,1.0,1.0,0.0,0.4076010242908155,0.5923989757091844,0.0,0.0,0.0,0.0,1.0,0.0,1.0,0.0,1.0,0.0,1.0,0.0,1.0,0.0,0.0,0.0,1.0,0.0,1.0,0.0,0.6,0.0,1.0,0.0,1.0,0.0,1.0,0.0,1.0,0.0,1.0,0.0,0.6,0.0,0.3,0.7,0.1,0.9,0.0,0.0,0.1,0.9,0.0,0.0,0.1,0.9,0.0,0.0,0.1,0.9,0.1,0.9,0.1,0.9,0.0,0.0,0.1,0.9,0.0,0.0,0.3,0.1,0.0,0.0,0.1,0.9,0.1,0.9,0.0,0.1,0.0,0.0,0.0,0.5,0.0,0.0,0.0,1.0,0.0,0.0,0.0,0.1,0.0,0.0,0.3,0.7,0.3,0.7,1.0,0.0,0.7,0.3
1971-11-30,0.6,0.4,1.0,0.0,0.4,0.6,0.14518468560368633,0.0,0.0,0.0,0.0,1.0,1.0,0.0,0.4100412504353122,0.5899587495646879,0.0,0.0,0.0,0.0,1.0,0.0,1.0,0.0,1.0,0.0,0.0,0.0,0.9,0.1,0.0,0.0,1.0,0.0,1.0,0.0,0.3,0.7,0.0,0.0,0.6,0.4,1.0,0.0,0.7,0.3,0.0,0.0,0.4,0.6,0.3,0.7,0.1,0.9,0.0,0.0,0.1,0.9,0.0,0.0,0.1,0.9,0.0,0.0,0.1,0.9,0.1,0.9,0.1,0.9,0.0,0.0,0.1,0.9,0.0,0.0,0.4,0.6,0.0,0.0,0.1,0.9,0.1,0.9,0.1,0.2,0.0,0.0,0.3,0.2,0.0,0.0,0.0,1.0,0.0,0.0,0.0,0.1,0.0,0.0,0.3,0.7,0.3,0.7,1.0,0.0,1.0,0.0
1971-12-31,0.6,0.4,1.0,0.0,0.4,0.6,0.242989117129454,0.0,1.0,0.0,1.0,0.0,1.0,0.0,0.3943282180555557,0.6056717819444443,1.0,0.0,0.6,0.4,1.0,0.0,1.0,0.0,0.8,0.2,0.0,0.0,0.9,0.1,0.0,0.0,1.0,0.0,1.0,0.0,0.7,0.0,1.0,0.0,1.0,0.0,1.0,0.0,1.0,0.0,0.0,0.0,0.7,0.1,0.4,0.6,0.1,0.9,0.0,0.0,0.1,0.9,0.0,0.0,0.6,0.4,0.0,0.0,0.1,0.9,0.1,0.9,0.1,0.9,0.0,0.0,0.4,0.6,0.0,0.0,0.7,0.3,0.0,0.0,0.1,0.9,0.1,0.9,0.1,0.4,0.0,0.0,0.6,0.0,0.0,0.0,0.7,0.0,0.0,0.0,0.1,0.2,0.0,0.0,0.3,0.7,0.3,0.7,1.0,0.0,0.8,0.2
1972-01-31,0.6,0.4,1.0,0.0,0.4,0.6,0.5178436854352158,0.0,1.0,0.0,1.0,0.0,1.0,0.0,0.3917597833108753,0.6082402166891248,1.0,0.0,0.6,0.4,1.0,0.0,1.0,0.0,1.0,0.0,1.0,0.0,1.0,0.0,0.0,0.0,1.0,0.0,1.0,0.0,0.4,0.6,1.0,0.0,1.0,0.0,1.0,0.0,1.0,0.0,0.0,0.0,0.4,0.1,0.4,0.6,0.1,0.9,0.0,0.0,0.1,0.9,0.0,0.0,0.6,0.4,0.0,0.0,0.1,0.9,0.1,0.9,0.1,0.9,0.0,0.0,0.4,0.6,0.0,0.0,0.7,0.3,0.0,0.0,0.1,0.9,0.1,0.9,0.5,0.5,1.0,0.0,0.9,0.0,0.0,0.0,0.7,0.0,0.0,0.0,0.5,0.2,0.3,0.0,0.3,0.7,0.3,0.7,1.0,0.0,1.0,0.0
1972-02-29,0.6,0.4,1.0,0.0,0.4,0.6,1.0,0.0,1.0,0.0,1.0,0.0,1.0,0.0,0.3955462085215691,0.6044537914784309,1.0,0.0,0.6,0.4,1.0,0.0,1.0,0.0,1.0,0.0,1.0,0.0,1.0,0.0,0.0,0.0,1.0,0.0,1.0,0.0,0.4,0.6,1.0,0.0,1.0,0.0,1.0,0.0,0.4,0.6,0.0,0.0,0.4,0.1,0.4,0.6,0.1,0.9,0.0,0.0,0.1,0.9,0.0,0.0,0.6,0.4,0.0,0.0,0.1,0.9,0.1,0.9,0.1,0.9,0.0,0.0,0.4,0.6,0.0,0.0,0.7,0.3,0.0,0.0,0.1,0.9,0.1,0.9,1.0,0.0,1.0,0.0,1.0,0.0,1.0,0.0,0.9,0.0,0.0,0.0,1.0,0.0,1.0,0.0,0.3,0.7,0.3,0.7,1.0,0.0,1.0,0.0
1972-03-31,0.6,0.4,1.0,0.0,0.4,0.6,0.484846634541729,0.0,1.0,0.0,1.0,0.0,1.0,0.0,0.39709915387869754,0.6029008461213025,1.0,0.0,0.6,0.4,1.0,0.0,1.0,0.0,1.0,0.0,1.0,0.0,1.0,0.0,0.0,0.0,1.0,0.0,1.0,0.0,0.2,0.8,0.0,0.0,1.0,0.0,1.0,0.0,1.0,0.0,0.0,0.0,0.2,0.8,0.4,0.6,0.1,0.9,0.0,0.0,0.1,0.9,0.0,0.0,0.6,0.4,0.0,0.0,0.1,0.9,0.1,0.9,0.1,0.9,0.0,0.0,0.4,0.6,0.0,0.0,0.7,0.3,0.0,0.0,0.1,0.9,0.1,0.9,1.0,0.0,1.0,0.0,1.0,0.0,1.0,0.0,0.9,0.0,0.0,0.0,1.0,0.0,1.0,0.0,0.3,0.7,0.3,0.7,1.0,0.0,1.0,0.0
1972-04-30,0.6,0.4,1.0,0.0,0.4,0.6,0.708650106928525,0.0,1.0,0.0,1.0,0.0,1.0,0.0,0.39272908246326843,0.6072709175367316,1.0,0.0,0.6,0.4,1.0,0.0,1.0,0.0,1.0,0.0,1.0,0.0,1.0,0.0,0.0,0.0,1.0,0.0,1.0,0.0,0.1,0.9,0.0,0.0,1.0,0.0,1.0,0.0,1.0,0.0,0.0,0.0,0.1,0.9,0.2,0.8,0.1,0.9,0.0,0.0,0.1,0.9,0.0,0.0,0.6,0.4,0.0,0.0,0.1,0.9,0.1,0.9,0.1,0.9,0.0,0.0,0.4,0.6,0.0,0.0,0.7,0.3,0.0,0.0,0.1,0.9,0.1,0.9,1.0,0.0,1.0,0.0,1.0,0.0,1.0,0.0,1.0,0.0,0.0,0.0,1.0,0.0,1.0,0.0,0.3,0.7,0.3,0.7,1.0,0.0,1.0,0.0
1972-05-31,0.6,0.4,1.0,0.0,0.4,0.6,0.3469399229892195,0.0,1.0,0.0,1.0,0.0,1.0,0.0,0.38334517821407266,0.6166548217859275,1.0,0.0,0.6,0.4,1.0,0.0,1.0,0.0,1.0,0.0,1.0,0.0,1.0,0.0,0.0,0.0,1.0,0.0,1.0,0.0,0.1,0.9,0.0,0.0,1.0,0.0,1.0,0.0,1.0,0.0,0.0,0.0,0.1,0.9,0.1,0.9,0.1,0.9,0.0,0.0,0.1,0.9,0.0,0.0,0.6,0.4,0.0,0.0,0.1,0.9,0.1,0.9,0.1,0.9,0.0,0.0,0.4,0.6,0.0,0.0,0.7,0.3,0.0,0.0,0.1,0.9,0.1,0.9,0.9,0.1,1.0,0.0,0.6,0.0,0.0,0.0,0.7,0.0,0.0,0.0,1.0,0.0,1.0,0.0,0.3,0.7,0.3,0.7,1.0,0.0,1.0,0.0
1972-06-30,0.6,0.4,1.0,0.0,0.4,0.6,0.8075503851752331,0.0,1.0,0.0,1.0,0.0,1.0,0.0,0.38981081670951206,0.610189183290488,0.0,0.0,0.0,0.0,1.0,0.0,1.0,0.0,1.0,0.0,1.0,0.0,1.0,0.0,0.0,0.0,1.0,0.0,1.0,0.0,0.1,0.9,0.0,0.0,1.0,0.0,1.0,0.0,1.0,0.0,0.0,0.0,0.1,0.9,0.1,0.9,0.1,0.9,0.0,0.0,0.1,0.9,0.0,0.0,0.6,0.4,0.0,0.0,0.1,0.9,0.1,0.9,0.1,0.9,0.0,0.0,0.4,0.6,0.0,0.0,0.7,0.3,0.0,0.0,0.1,0.9,0.1,0.9,1.0,0.0,1.0,0.0,0.7,0.0,0.0,0.0,0.8,0.0,0.0,0.0,1.0,0.0,1.0,0.0,0.3,0.7,0.3,0.7,1.0,0.0,1.0,0.0
1972-07-31,0.6,0.4,1.0,0.0,0.4,0.6,0.48672857586648083,0.0,1.0,0.0,1.0,0.0,1.0,0.0,0.39855770402130625,0.6014422959786937,0.0,0.0,0.0,0.0,1.0,0.0,1.0,0.0,1.0,0.0,1.0,0.0,1.0,0.0,0.0,0.0,1.0,0.0,1.0,0.0,0.1,0.9,0.0,0.0,1.0,0.0,1.0,0.0,1.0,0.0,0.0,0.0,0.1,0.9,0.1,0.9,0.1,0.9,0.0,0.0,0.1,0.9,0.0,0.0,0.6,0.4,0.0,0.0,0.1,0.9,0.1,0.9,0.1,0.9,0.0,0.0,0.4,0.6,0.0,0.0,0.7,0.3,0.0,0.0,0.1,0.9,0.1,0.9,0.9,0.1,1.0,0.0,0.5,0.0,0.0,0.0,0.7,0.0,0.0,0.0,1.0,0.0,1.0,0.0,0.3,0.7,0.3,0.7,1.0,0.0,1.0,0.0
1972-08-31,0.6,0.4,1.0,0.0,0.4,0.6,0.49742939628441984,0.0,1.0,0.0,1.0,0.0,1.0,0.0,0.3998742053359061,0.6001257946640939,1.0,0.0,0.6,0.4,1.0,0.0,1.0,0.0,1.0,0.0,1.0,0.0,1.0,0.0,0.0,0.0,1.0,0.0,1.0,0.0,0.1,0.9,0.0,0.0,1.0,0.0,1.0,0.0,1.0,0.0,0.0,0.0,0.1,0.9,0.1,0.9,0.1,0.9,0.0,0.0,0.1,0.9,0.0,0.0,0.6,0.4,0.0,0.0,0.1,0.9,0.1,0.9,0.1,0.9,0.0,0.0,0.4,0.6,0.0,0.0,0.7,0.3,0.0,0.0,0.1,0.9,0.1,0.9,1.0,0.0,1.0,0.0,0.8,0.0,0.0,0.0,1.0,0.0,0.0,0.0,1.0,0.0,1.0,0.0,0.6,0.0,0.3,0.7,1.0,0.0,1.0,0.0
1972-09-30,0.6,0.4,1.0,0.0,0.4,0.6,0.5935831725417045,0.0,1.0,0.0,1.0,0.0,1.0,0.0,0.38754445372750884,0.6124555462724912,1.0,0.0,0.6,0.4,1.0,0.0,1.0,0.0,1.0,0.0,1.0,0.0,1.0,0.0,0.0,0.0,1.0,0.0,1.0,0.0,0.1,0.9,0.0,0.0,1.0,0.0,1.0,0.0,1.0,0.0,0.0,0.0,0.1,0.9,0.1,0.9,0.1,0.9,0.0,0.0,0.1,0.9,0.0,0.0,0.6,0.4,0.0,0.0,0.1,0.9,0.1,0.9,0.1,0.9,0.0,0.0,0.4,0.6,0.0,0.0,0.7,0.3,0.0,0.0,0.1,0.9,0.1,0.9,1.0,0.0,1.0,0.0,0.8,0.0,0.0,0.0,0.9,0.1,0.0,0.0,1.0,0.0,1.0,0.0,0.7,0.0,0.3,0.7,1.0,0.0,1.0,0.0
1972-10-31,0.6,0.4,1.0,0.0,0.4,0.6,0.3444031561394045,0.0,1.0,0.0,1.0,0.0,1.0,0.0,0.3892741179370143,0.6107258820629856,1.0,0.0,0.6,0.4,1.0,0.0,1.0,0.0,1.0,0.0,1.0,0.0,1.0,0.0,0.0,0.0,1.0,0.0,1.0,0.0,0.3,0.7,0.0,0.0,1.0,0.0,1.0,0.0,1.0,0.0,1.0,0.0,0.2,0.8,0.1,0.9,0.3,0.7,1.0,0.0,0.3,0.7,0.0,0.0,1.0,0.0,0.0,0.0,0.2,0.8,0.1,0.9,0.6,0.0,1.0,0.0,0.6,0.4,0.0,0.0,0.7,0.3,0.0,0.0,0.6,0.4,0.3,0.7,1.0,0.0,1.0,0.0,0.6,0.0,0.0,0.0,0.8,0.0,0.0,0.0,1.0,0.0,1.0,0.0,0.7,0.0,0.5,0.4,1.0,0.0,1.0,0.0
1972-11-30,0.6,0.4,1.0,0.0,0.4,0.6,0.6181223651495737,0.0,1.0,0.0,1.0,0.0,1.0,0.0,0.38527927601619827,0.6147207239838017,1.0,0.0,0.6,0.4,1.0,0.0,1.0,0.0,1.0,0.0,1.0,0.0,1.0,0.0,0.0,0.0,1.0,0.0,1.0,0.0,1.0,0.0,1.0,0.0,1.0,0.0,1.0,0.0,1.0,0.0,1.0,0.0,0.9,0.0,0.8,0.0,0.8,0.0,1.0,0.0,1.0,0.0,1.0,0.0,1.0,0.0,1.0,0.0,0.8,0.0,0.8,0.0,1.0,0.0,1.0,0.0,0.7,0.3,0.0,0.0,0.8,0.2,1.0,0.0,1.0,0.0,1.0,0.0,1.0,0.0,1.0,0.0,0.5,0.0,0.0,0.0,0.7,0.0,0.0,0.0,1.0,0.0,1.0,0.0,0.7,0.0,0.7,0.0,1.0,0.0,1.0,0.0
1972-12-31,0.6,0.4,1.0,0.0,0.4,0.6,0.5797507836233009,0.0,1.0,0.0,1.0,0.0,1.0,0.0,0.39003489345351755,0.6099651065464824,1.0,0.0,0.6,0.4,1.0,0.0,1.0,0.0,1.0,0.0,1.0,0.0,1.0,0.0,0.0,0.0,1.0,0.0,1.0,0.0,0.8,0.0,1.0,0.0,0.9,0.0,1.0,0.0,1.0,0.0,1.0,0.0,0.8,0.0,0.8,0.0,0.9,0.0,1.0,0.0,1.0,0.0,1.0,0.0,0.5,0.3,0.0,0.0,0.9,0.0,0.9,0.0,1.0,0.0,1.0,0.0,1.0,0.0,1.0,0.0,1.0,0.0,1.0,0.0,1.0,0.0,1.0,0.0,0.4,0.6,1.0,0.0,0.6,0.0,0.0,0.0,0.6,0.0,0.0,0.0,0.5,0.0,1.0,0.0,0.7,0.0,0.7,0.0,1.0,0.0,1.0,0.0
1973-01-31,0.6,0.4,1.0,0.0,0.4,0.6,0.5025724435473611,0.0,1.0,0.0,1.0,0.0,1.0,0.0,0.4070337985082047,0.5929662014917954,1.0,0.0,0.6,0.4,1.0,0.0,1.0,0.0,1.0,0.0,1.0,0.0,1.0,0.0,0.0,0.0,1.0,0.0,1.0,0.0,0.7,0.0,1.0,0.0,0.9,0.0,1.0,0.0,1.0,0.0,1.0,0.0,0.8,0.0,0.8,0.0,0.9,0.0,1.0,0.0,1.0,0.0,1.0,0.0,0.9,0.1,0.0,0.0,0.9,0.0,0.9,0.0,1.0,0.0,1.0,0.0,1.0,0.0,1.0,0.0,1.0,0.0,1.0,0.0,1.0,0.0,1.0,0.0,0.0,0.3,0.0,0.0,0.7,0.0,0.0,0.0,0.6,0.0,0.0,0.0,0.0,0.3,0.0,0.1,0.7,0.0,0.7,0.0,1.0,0.0,0.6,0.4
1973-02-28,0.6,0.4,1.0,0.0,0.4,0.6,0.233764615639504,0.0,0.0,0.0,0.0,1.0,0.0,0.0,0.3945889073429006,0.6054110926570995,0.0,0.0,0.0,0.0,1.0,0.0,1.0,0.0,1.0,0.0,1.0,0.0,1.0,0.0,0.0,0.0,1.0,0.0,1.0,0.0,0.7,0.0,1.0,0.0,0.8,0.0,1.0,0.0,1.0,0.0,1.0,0.0,0.8,0.0,0.8,0.0,0.9,0.0,1.0,0.0,1.0,0.0,1.0,0.0,1.0,0.0,0.0,0.0,0.9,0.0,0.9,0.0,1.0,0.0,1.0,0.0,1.0,0.0,1.0,0.0,1.0,0.0,1.0,0.0,1.0,0.0,1.0,0.0,0.0,0.3,0.0,0.0,0.7,0.0,0.0,0.0,0.6,0.0,0.0,0.0,0.0,0.3,0.0,0.1,0.7,0.0,0.7,0.0,1.0,0.0,0.7,0.3
1973-03-31,0.6,0.4,1.0,0.0,0.4,0.6,0.19544959032146803,0.0,0.0,0.0,0.0,1.0,0.0,0.0,0.39363229036847613,0.6063677096315238,0.0,0.0,0.0,0.0,1.0,0.0,1.0,0.0,1.0,0.0,1.0,0.0,1.0,0.0,0.0,0.0,1.0,0.0,1.0,0.0,0.8,0.0,1.0,0.0,0.9,0.0,1.0,0.0,1.0,0.0,1.0,0.0,0.8,0.0,0.8,0.0,0.9,0.0,1.0,0.0,1.0,0.0,1.0,0.0,1.0,0.0,0.0,0.0,0.9,0.0,0.9,0.0,1.0,0.0,1.0,0.0,1.0,0.0,1.0,0.0,1.0,0.0,1.0,0.0,1.0,0.0,1.0,0.0,0.1,0.5,0.0,0.0,0.8,0.0,0.0,0.0,0.6,0.0,0.0,0.0,0.1,0.3,0.0,0.1,0.7,0.0,0.7,0.0,1.0,0.0,1.0,0.0
1973-04-30,0.6,0.4,1.0,0.0,0.4,0.6,0.1907761175842677,0.0,0.0,0.0,0.0,1.0,0.0,0.0,0.4016136947504859,0.5983863052495141,0.0,0.0,0.0,0.0,1.0,0.0,1.0,0.0,0.8,0.2,0.0,0.0,0.8,0.2,0.0,0.0,1.0,0.0,1.0,0.0,0.8,0.0,1.0,0.0,0.9,0.0,1.0,0.0,1.0,0.0,1.0,0.0,0.8,0.0,0.8,0.0,0.9,0.0,1.0,0.0,1.0,0.0,1.0,0.0,1.0,0.0,0.0,0.0,0.9,0.0,0.9,0.0,1.0,0.0,1.0,0.0,0.5,0.0,0.0,0.0,0.4,0.0,0.0,0.0,1.0,0.0,1.0,0.0,0.2,0.5,1.0,0.0,0.8,0.0,0.0,0.0,0.7,0.0,0.0,0.0,0.2,0.3,0.0,0.1,0.7,0.0,0.7,0.0,0.8,0.2,0.9,0.1
1973-05-31,0.6,0.4,1.0,0.0,0.4,0.6,0.09333912988752445,0.0,0.0,0.0,0.0,1.0,0.0,0.0,0.3973229562355398,0.6026770437644601,0.0,0.0,0.0,0.0,0.4,0.6,1.0,0.0,0.5,0.5,0.0,0.0,0.5,0.5,0.0,0.0,0.5,0.0,1.0,0.0,0.8,0.0,1.0,0.0,0.9,0.0,1.0,0.0,0.7,0.0,0.0,0.0,0.8,0.0,0.8,0.0,0.9,0.0,1.0,0.0,0.6,0.0,0.0,0.0,0.9,0.1,0.0,0.0,0.9,0.0,0.9,0.0,1.0,0.0,1.0,0.0,0.5,0.0,0.0,0.0,0.4,0.0,0.0,0.0,1.0,0.0,1.0,0.0,0.2,0.5,1.0,0.0,0.7,0.0,0.0,0.0,0.6,0.0,0.0,0.0,0.2,0.3,0.0,0.1,0.7,0.0,0.7,0.0,0.5,0.5,1.0,0.0
1973-06-30,0.6,0.4,1.0,0.0,0.4,0.6,0.1449662331420532,0.0,0.0,0.0,0.0,1.0,0.0,0.0,0.39733961100631165,0.6026603889936885,0.0,0.0,0.0,0.0,0.3,0.7,1.0,0.0,0.6,0.4,0.0,0.0,0.5,0.5,0.0,0.0,0.3,0.0,0.7,0.0,0.8,0.0,1.0,0.0,0.9,0.0,1.0,0.0,0.3,0.0,0.0,0.0,0.8,0.0,0.8,0.0,0.9,0.0,1.0,0.0,0.3,0.0,0.0,0.0,0.5,0.3,0.0,0.0,0.9,0.0,0.9,0.0,1.0,0.0,1.0,0.0,0.5,0.0,0.0,0.0,0.3,0.0,0.0,0.0,1.0,0.0,1.0,0.0,0.6,0.4,1.0,0.0,0.7,0.0,0.0,0.0,0.6,0.0,0.0,0.0,0.6,0.3,0.4,0.1,0.7,0.0,0.7,0.0,0.0,0.6,1.0,0.0
1973-07-31,0.6,0.4,1.0,0.0,0.4,0.6,0.16009052297048723,0.0,0.0,0.0,0.0,1.0,0.0,0.0,0.4129910053822601,0.58700899461774,0.0,0.0,0.0,0.0,0.2,0.8,1.0,0.0,0.6,0.4,0.0,0.0,0.6,0.4,0.0,0.0,0.3,0.1,0.6,0.0,0.8,0.0,1.0,0.0,0.9,0.0,1.0,0.0,0.3,0.0,0.0,0.0,0.8,0.0,0.8,0.0,0.9,0.0,1.0,0.0,0.3,0.0,0.0,0.0,0.5,0.3,0.0,0.0,0.9,0.0,0.9,0.0,1.0,0.0,1.0,0.0,0.5,0.0,0.0,0.0,0.3,0.0,0.0,0.0,1.0,0.0,1.0,0.0,0.0,0.3,0.0,0.0,0.7,0.0,0.0,0.0,0.6,0.0,0.0,0.0,0.0,0.3,0.0,0.1,0.7,0.0,0.7,0.0,0.0,0.6,0.1,0.6
1973-08-31,0.6,0.4,1.0,0.0,0.4,0.6,0.2774372367083592,0.0,0.0,0.0,0.0,1.0,0.0,0.0,0.418464711912552,0.5815352880874479,0.0,0.0,0.0,0.0,0.6,0.4,1.0,0.0,0.7,0.3,0.0,0.0,0.7,0.3,0.0,0.0,0.6,0.1,0.6,0.0,0.8,0.0,1.0,0.0,0.9,0.0,1.0,0.0,0.3,0.0,0.0,0.0,0.8,0.0,0.8,0.0,0.9,0.0,1.0,0.0,0.3,0.0,0.0,0.0,0.5,0.3,0.0,0.0,0.9,0.0,0.9,0.0,1.0,0.0,1.0,0.0,0.5,0.0,0.0,0.0,0.3,0.0,0.0,0.0,1.0,0.0,1.0,0.0,0.0,0.3,0.0,0.0,0.6,0.0,0.0,0.0,0.6,0.0,0.0,0.0,0.0,0.3,0.0,0.1,0.7,0.0,0.7,0.0,0.0,0.6,0.0,0.6
1973-09-30,0.6,0.4,1.0,0.0,0.4,0.6,0.3239704913754299,0.0,1.0,0.0,1.0,0.0,0.0,0.0,0.4188312910664242,0.5811687089335759,1.0,0.0,0.6,0.4,1.0,0.0,1.0,0.0,0.8,0.2,0.0,0.0,0.8,0.2,0.0,0.0,1.0,0.0,1.0,0.0,0.8,0.0,1.0,0.0,0.9,0.0,1.0,0.0,0.3,0.0,0.0,0.0,0.8,0.0,0.8,0.0,0.9,0.0,1.0,0.0,0.3,0.0,0.0,0.0,0.5,0.3,0.0,0.0,0.9,0.0,0.9,0.0,1.0,0.0,1.0,0.0,0.5,0.0,0.0,0.0,0.3,0.0,0.0,0.0,1.0,0.0,1.0,0.0,0.0,0.3,0.0,0.0,0.6,0.0,0.0,0.0,0.6,0.0,0.0,0.0,0.0,0.3,0.0,0.1,0.7,0.0,0.7,0.0,0.0,0.6,0.1,0.6
1973-10-31,0.6,0.4,1.0,0.0,0.4,0.6,0.23234596886417017,0.0,1.0,0.0,1.0,0.0,0.0,0.0,0.4199085669320933,0.5800914330679068,0.0,0.0,0.0,0.0,1.0,0.0,1.0,0.0,0.7,0.3,0.0,0.0,0.7,0.3,0.0,0.0,1.0,0.0,1.0,0.0,0.8,0.0,1.0,0.0,0.9,0.0,1.0,0.0,0.3,0.0,0.0,0.0,0.8,0.0,0.8,0.0,0.9,0.0,1.0,0.0,0.3,0.0,0.0,0.0,0.5,0.3,0.0,0.0,0.9,0.0,0.9,0.0,1.0,0.0,1.0,0.0,0.5,0.0,0.0,0.0,0.3,0.0,0.0,0.0,1.0,0.0,1.0,0.0,0.0,0.3,0.0,0.0,0.6,0.0,0.0,0.0,0.6,0.0,0.0,0.0,0.0,0.3,0.0,0.1,0.7,0.0,0.7,0.0,0.0,0.6,0.5,0.5
1973-11-30,0.6,0.4,1.0,0.0,0.4,0.6,0.06573977554907044,0.0,0.0,0.0,0.0,1.0,0.0,0.0,0.35840536921464516,0.6415946307853547,0.0,0.0,0.0,0.0,0.1,0.9,0.0,0.0,0.3,0.7,0.0,0.0,0.3,0.7,0.0,0.0,0.2,0.5,0.4,0.0,0.8,0.0,1.0,0.0,0.9,0.0,1.0,0.0,0.3,0.0,0.0,0.0,0.8,0.0,0.8,0.0,0.9,0.0,1.0,0.0,0.3,0.0,0.0,0.0,0.5,0.3,0.0,0.0,0.9,0.0,0.9,0.0,1.0,0.0,1.0,0.0,0.5,0.0,0.0,0.0,0.3,0.0,0.0,0.0,1.0,0.0,1.0,0.0,0.0,0.3,0.0,0.0,0.0,0.3,0.0,0.0,0.5,0.0,0.0,0.0,0.0,0.3,0.0,0.1,0.7,0.0,0.7,0.0,0.3,0.6,0.0,0.6
1973-12-31,0.6,0.4,1.0,0.0,0.4,0.5,0.053886933284432816,0.0,0.0,0.0,0.0,1.0,0.0,0.0,0.36493303411231864,0.6350669658876814,0.0,0.0,0.0,0.0,0.0,1.0,0.0,0.0,0.0,1.0,0.0,0.0,0.0,1.0,0.0,0.0,0.0,1.0,0.0,1.0,0.7,0.0,1.0,0.0,0.3,0.0,0.0,0.0,0.3,0.0,0.0,0.0,0.7,0.0,0.7,0.0,0.8,0.0,1.0,0.0,0.2,0.0,0.0,0.0,0.1,0.0,0.0,0.0,0.8,0.0,0.8,0.0,0.9,0.0,1.0,0.0,0.4,0.0,0.0,0.0,0.5,0.0,0.0,0.0,0.9,0.0,0.9,0.0,0.0,0.1,0.0,0.0,0.1,0.0,0.0,0.0,0.0,0.0,0.0,0.0,0.0,0.2,0.0,0.1,0.7,0.0,0.7,0.0,0.5,0.5,0.1,0.6
1974-01-31,0.6,0.4,1.0,0.0,0.4,0.5,0.08981209810927598,0.0,0.0,0.0,0.0,1.0,0.0,0.0,0.3567546093411609,0.6432453906588391,0.0,0.0,0.0,0.0,0.0,1.0,0.0,0.0,0.0,1.0,0.0,0.0,0.0,1.0,0.0,0.0,0.0,1.0,0.0,1.0,0.7,0.0,1.0,0.0,0.3,0.0,0.0,0.0,0.3,0.0,0.0,0.0,0.7,0.0,0.7,0.0,0.8,0.0,1.0,0.0,0.2,0.0,0.0,0.0,0.1,0.0,0.0,0.0,0.8,0.0,0.8,0.0,0.9,0.0,1.0,0.0,0.4,0.0,0.0,0.0,0.5,0.0,0.0,0.0,0.9,0.0,0.9,0.0,0.0,0.1,0.0,0.0,0.3,0.0,0.0,0.0,0.1,0.0,0.0,0.0,0.0,0.2,0.0,0.1,0.7,0.0,0.7,0.0,0.5,0.5,0.5,0.5
1974-02-28,0.6,0.4,1.0,0.0,0.4,0.5,0.1637773954197738,0.0,0.0,0.0,0.0,1.0,0.0,0.0,0.35474693707843724,0.6452530629215627,0.0,0.0,0.0,0.0,0.0,1.0,0.0,0.0,0.4,0.6,0.0,0.0,0.4,0.6,0.0,0.0,0.0,1.0,0.0,1.0,0.7,0.0,1.0,0.0,0.3,0.0,0.0,0.0,0.3,0.0,0.0,0.0,0.7,0.0,0.7,0.0,0.8,0.0,1.0,0.0,0.2,0.0,0.0,0.0,0.1,0.0,0.0,0.0,0.8,0.0,0.8,0.0,0.9,0.0,1.0,0.0,0.4,0.0,0.0,0.0,0.5,0.0,0.0,0.0,0.9,0.0,0.9,0.0,0.2,0.3,0.0,0.0,0.4,0.0,0.0,0.0,0.2,0.0,0.0,0.0,0.1,0.2,0.0,0.1,0.7,0.0,0.7,0.0,0.2,0.6,0.9,0.1
1974-03-31,0.6,0.4,1.0,0.0,0.4,0.5,0.17832173015468009,0.0,0.0,0.0,0.0,1.0,0.0,0.0,0.34651602027050016,0.6534839797294998,0.0,0.0,0.0,0.0,0.0,1.0,0.0,0.0,0.5,0.5,0.0,0.0,0.5,0.5,0.0,0.0,0.0,1.0,0.0,1.0,0.7,0.0,1.0,0.0,0.3,0.0,0.0,0.0,0.3,0.0,0.0,0.0,0.7,0.0,0.7,0.0,0.8,0.0,1.0,0.0,0.2,0.0,0.0,0.0,0.1,0.0,0.0,0.0,0.8,0.0,0.8,0.0,0.9,0.0,1.0,0.0,0.4,0.0,0.0,0.0,0.5,0.0,0.0,0.0,0.9,0.0,0.9,0.0,0.0,0.1,0.0,0.0,0.3,0.0,0.0,0.0,0.1,0.0,0.0,0.0,0.0,0.1,0.0,0.1,0.7,0.0,0.7,0.0,0.1,0.6,0.7,0.3
1974-04-30,0.6,0.4,1.0,0.0,0.4,0.5,0.16483477886522807,0.0,0.0,0.0,0.0,1.0,0.0,0.0,0.3437609210406268,0.6562390789593733,0.0,0.0,0.0,0.0,0.0,1.0,0.0,0.0,0.5,0.5,0.0,0.0,0.5,0.5,0.0,0.0,0.0,1.0,0.0,1.0,0.7,0.0,1.0,0.0,0.3,0.0,0.0,0.0,0.3,0.0,0.0,0.0,0.7,0.0,0.7,0.0,0.8,0.0,1.0,0.0,0.2,0.0,0.0,0.0,0.1,0.0,0.0,0.0,0.8,0.0,0.8,0.0,0.9,0.0,1.0,0.0,0.4,0.0,0.0,0.0,0.5,0.0,0.0,0.0,0.9,0.0,0.9,0.0,0.0,0.1,0.0,0.0,0.4,0.0,0.0,0.0,0.1,0.0,0.0,0.0,0.0,0.1,0.0,0.1,0.7,0.0,0.7,0.0,0.1,0.6,0.3,0.6
1974-05-31,0.6,0.4,1.0,0.0,0.4,0.5,0.13880157413546412,0.0,0.0,0.0,0.0,1.0,0.0,0.0,0.34422007802786186,0.6557799219721381,0.0,0.0,0.0,0.0,0.0,1.0,0.0,0.0,0.5,0.5,0.0,0.0,0.5,0.5,0.0,0.0,0.0,1.0,0.0,1.0,0.7,0.0,1.0,0.0,0.3,0.0,0.0,0.0,0.3,0.0,0.0,0.0,0.7,0.0,0.7,0.0,0.8,0.0,1.0,0.0,0.2,0.0,0.0,0.0,0.1,0.0,0.0,0.0,0.8,0.0,0.8,0.0,0.9,0.0,1.0,0.0,0.4,0.0,0.0,0.0,0.5,0.0,0.0,0.0,0.9,0.0,0.9,0.0,0.0,0.1,0.0,0.0,0.4,0.0,0.0,0.0,0.1,0.0,0.0,0.0,0.0,0.1,0.0,0.1,0.7,0.0,0.7,0.0,0.1,0.6,0.4,0.6
1974-06-30,0.6,0.4,1.0,0.0,0.4,0.5,0.12316116826553529,0.0,0.0,0.0,0.0,1.0,0.0,0.0,0.34094830909700163,0.6590516909029983,0.0,0.0,0.0,0.0,0.0,1.0,0.0,0.0,0.5,0.5,0.0,0.0,0.4,0.6,0.0,0.0,0.0,1.0,0.0,1.0,0.7,0.0,1.0,0.0,0.3,0.0,0.0,0.0,0.3,0.0,0.0,0.0,0.7,0.0,0.7,0.0,0.8,0.0,1.0,0.0,0.2,0.0,0.0,0.0,0.1,0.0,0.0,0.0,0.8,0.0,0.8,0.0,0.9,0.0,1.0,0.0,0.4,0.0,0.0,0.0,0.5,0.0,0.0,0.0,0.9,0.0,0.9,0.0,0.0,0.2,0.0,0.0,0.5,0.0,0.0,0.0,0.2,0.0,0.0,0.0,0.0,0.1,0.0,0.1,0.7,0.0,0.7,0.0,0.0,0.6,0.8,0.2
1974-07-31,0.6,0.4,1.0,0.0,0.4,0.5,0.05531523022897775,0.0,0.0,0.0,0.0,1.0,0.0,0.0,0.33396977289916724,0.6660302271008327,0.0,0.0,0.0,0.0,0.0,1.0,0.0,0.0,0.1,0.9,0.0,0.0,0.1,0.9,0.0,0.0,0.0,1.0,0.0,1.0,0.7,0.0,1.0,0.0,0.3,0.0,0.0,0.0,0.3,0.0,0.0,0.0,0.7,0.0,0.7,0.0,0.8,0.0,1.0,0.0,0.2,0.0,0.0,0.0,0.1,0.0,0.0,0.0,0.8,0.0,0.8,0.0,0.9,0.0,1.0,0.0,0.4,0.0,0.0,0.0,0.5,0.0,0.0,0.0,0.9,0.0,0.9,0.0,0.0,0.1,0.0,0.0,0.3,0.0,0.0,0.0,0.1,0.0,0.0,0.0,0.0,0.1,0.0,0.1,0.7,0.0,0.7,0.0,0.0,0.6,0.3,0.6
1974-08-31,0.6,0.4,1.0,0.0,0.4,0.5,0.06238753362149442,0.0,0.0,0.0,0.0,1.0,0.0,0.0,0.31352975016147533,0.6864702498385247,0.0,0.0,0.0,0.0,0.0,1.0,0.0,0.0,0.0,1.0,0.0,0.0,0.0,1.0,0.0,0.0,0.0,1.0,0.0,1.0,0.7,0.0,1.0,0.0,0.3,0.0,0.0,0.0,0.3,0.0,0.0,0.0,0.7,0.0,0.7,0.0,0.8,0.0,1.0,0.0,0.2,0.0,0.0,0.0,0.1,0.0,0.0,0.0,0.8,0.0,0.8,0.0,0.9,0.0,1.0,0.0,0.4,0.0,0.0,0.0,0.5,0.0,0.0,0.0,0.9,0.0,0.9,0.0,0.0,0.1,0.0,0.0,0.1,0.0,0.0,0.0,0.0,0.0,0.0,0.0,0.0,0.1,0.0,0.1,0.7,0.0,0.7,0.0,0.0,0.6,0.0,0.6
1974-09-30,0.6,0.4,1.0,0.0,0.4,0.5,0.037601415211259474,0.0,0.0,0.0,0.0,1.0,0.0,0.0,0.2987483969497528,0.7012516030502473,0.0,0.0,0.0,0.0,0.0,1.0,0.0,0.0,0.0,1.0,0.0,0.0,0.0,1.0,0.0,0.0,0.0,1.0,0.0,1.0,0.7,0.0,1.0,0.0,0.3,0.0,0.0,0.0,0.3,0.0,0.0,0.0,0.7,0.0,0.7,0.0,0.8,0.0,1.0,0.0,0.2,0.0,0.0,0.0,0.1,0.0,0.0,0.0,0.8,0.0,0.8,0.0,0.9,0.0,1.0,0.0,0.4,0.0,0.0,0.0,0.5,0.0,0.0,0.0,0.9,0.0,0.9,0.0,0.0,0.1,0.0,0.0,0.0,1.0,0.0,0.0,0.0,1.0,0.0,0.0,0.0,0.1,0.0,0.1,0.7,0.0,0.7,0.0,0.0,0.6,0.0,0.6
1974-10-31,0.6,0.4,1.0,0.0,0.4,0.5,0.03051143939995676,0.0,0.0,0.0,0.0,1.0,0.0,0.0,0.27846784984663925,0.7215321501533607,0.0,0.0,0.0,0.0,0.0,1.0,0.0,0.0,0.0,1.0,0.0,0.0,0.0,1.0,0.0,0.0,0.0,1.0,0.0,1.0,0.7,0.0,1.0,0.0,0.3,0.0,0.0,0.0,0.3,0.0,0.0,0.0,0.7,0.0,0.7,0.0,0.8,0.0,1.0,0.0,0.2,0.0,0.0,0.0,0.1,0.0,0.0,0.0,0.8,0.0,0.8,0.0,0.9,0.0,1.0,0.0,0.4,0.0,0.0,0.0,0.2,0.8,0.0,0.0,0.9,0.0,0.9,0.0,0.0,0.1,0.0,0.0,0.0,1.0,0.0,0.0,0.0,1.0,0.0,0.0,0.0,0.1,0.0,0.1,0.3,0.7,0.7,0.0,0.0,0.6,0.0,0.6
1974-11-30,0.6,0.4,1.0,0.0,0.4,0.5,0.08252491524256084,0.0,0.0,0.0,0.0,1.0,0.0,0.0,0.28210407427888745,0.7178959257211124,0.0,0.0,0.0,0.0,0.0,1.0,0.0,0.0,0.0,1.0,0.0,0.0,0.0,1.0,0.0,0.0,0.0,1.0,0.0,1.0,0.7,0.0,1.0,0.0,0.3,0.0,0.0,0.0,0.3,0.0,0.0,0.0,0.7,0.0,0.7,0.0,0.8,0.0,1.0,0.0,0.2,0.0,0.0,0.0,0.1,0.0,0.0,0.0,0.8,0.0,0.8,0.0,0.8,0.0,1.0,0.0,0.2,0.8,0.0,0.0,0.2,0.8,0.0,0.0,0.9,0.0,0.9,0.0,0.0,0.1,0.0,0.0,0.0,1.0,0.0,0.0,0.0,1.0,0.0,0.0,0.0,0.1,0.0,0.1,0.3,0.7,0.3,0.7,0.0,0.6,0.0,0.6
1974-12-31,0.6,0.4,1.0,0.0,0.3,0.4,0.06746710220070944,0.0,0.0,0.0,0.0,1.0,0.0,0.0,0.2933961615581542,0.7066038384418458,0.0,0.0,0.0,0.0,0.0,1.0,0.0,0.0,0.0,1.0,0.0,0.0,0.0,1.0,0.0,0.0,0.0,1.0,0.0,1.0,0.4,0.0,1.0,0.0,0.0,0.0,0.0,0.0,0.1,0.0,0.0,0.0,0.4,0.0,0.4,0.0,0.6,0.0,1.0,0.0,0.3,0.0,0.0,0.0,0.0,0.0,0.0,0.0,0.6,0.0,0.6,0.0,0.1,0.9,0.0,0.0,0.1,0.0,0.0,0.0,0.0,0.0,0.0,0.0,0.1,0.9,0.1,0.9,0.0,0.0,0.0,0.0,0.0,1.0,0.0,0.0,0.0,1.0,0.0,0.0,0.0,0.1,0.0,0.1,0.3,0.7,0.3,0.7,0.0,0.6,0.1,0.6
1975-01-31,0.6,0.4,1.0,0.0,0.3,0.4,0.06233331188174905,0.0,1.0,0.0,1.0,0.0,0.0,0.0,0.274011839950136,0.725988160049864,1.0,0.0,0.6,0.4,0.0,1.0,0.0,0.0,0.0,1.0,0.0,0.0,0.0,1.0,0.0,0.0,0.0,1.0,0.0,1.0,0.4,0.0,1.0,0.0,0.3,0.7,0.0,0.0,0.6,0.4,0.0,0.0,0.4,0.0,0.4,0.0,0.1,0.9,0.0,0.0,0.1,0.9,0.0,0.0,0.1,0.9,0.0,0.0,0.1,0.9,0.1,0.9,0.1,0.9,0.0,0.0,0.0,1.0,0.0,0.0,0.0,1.0,0.0,0.0,0.1,0.9,0.1,0.9,0.0,0.0,0.0,0.0,0.0,1.0,0.0,0.0,0.0,1.0,0.0,0.0,0.0,0.1,0.0,0.1,0.3,0.7,0.3,0.7,0.2,0.6,0.0,0.6
1975-02-28,0.6,0.4,1.0,0.0,0.3,0.4,0.12349776919811825,0.0,1.0,0.0,1.0,0.0,0.0,0.0,0.27185384947592584,0.7281461505240742,1.0,0.0,0.6,0.4,0.0,1.0,0.0,0.0,0.0,1.0,0.0,0.0,0.0,1.0,0.0,0.0,0.0,1.0,0.0,1.0,0.2,0.8,0.0,0.0,0.2,0.8,0.0,0.0,0.4,0.6,0.0,0.0,0.2,0.8,0.3,0.7,0.1,0.9,0.0,0.0,0.1,0.9,0.0,0.0,0.1,0.9,0.0,0.0,0.1,0.9,0.1,0.9,0.1,0.9,0.0,0.0,0.0,1.0,0.0,0.0,0.0,1.0,0.0,0.0,0.1,0.9,0.1,0.9,0.0,0.1,0.0,0.0,0.0,1.0,0.0,0.0,0.0,1.0,0.0,0.0,0.0,0.1,0.0,0.1,0.3,0.7,0.3,0.7,0.4,0.6,0.1,0.6
1975-03-31,0.6,0.4,1.0,0.0,0.3,0.4,0.10788390545408472,0.0,1.0,0.0,1.0,0.0,0.0,0.0,0.27553994597322296,0.724460054026777,1.0,0.0,0.6,0.4,0.0,1.0,0.0,0.0,0.2,0.8,0.0,0.0,0.2,0.8,0.0,0.0,0.0,1.0,0.0,1.0,0.2,0.8,0.0,0.0,0.2,0.8,0.0,0.0,0.1,0.9,0.0,0.0,0.2,0.8,0.3,0.7,0.1,0.9,0.0,0.0,0.1,0.9,0.0,0.0,0.1,0.9,0.0,0.0,0.1,0.9,0.1,0.9,0.1,0.9,0.0,0.0,0.0,1.0,0.0,0.0,0.0,1.0,0.0,0.0,0.1,0.9,0.1,0.9,0.0,0.0,0.0,0.0,0.0,1.0,0.0,0.0,0.0,1.0,0.0,0.0,0.0,0.1,0.0,0.1,0.3,0.7,0.3,0.7,0.6,0.4,0.2,0.6
1975-04-30,0.6,0.4,1.0,0.0,0.3,0.4,0.12494928265808333,0.0,1.0,0.0,1.0,0.0,0.0,0.0,0.2760005975876158,0.7239994024123843,1.0,0.0,0.6,0.4,0.0,1.0,0.0,0.0,0.4,0.6,0.0,0.0,0.3,0.7,0.0,0.0,0.0,1.0,0.0,1.0,0.2,0.8,0.0,0.0,0.2,0.8,0.0,0.0,0.1,0.9,0.0,0.0,0.2,0.8,0.3,0.7,0.1,0.9,0.0,0.0,0.1,0.9,0.0,0.0,0.1,0.9,0.0,0.0,0.1,0.9,0.1,0.9,0.1,0.9,0.0,0.0,0.0,1.0,0.0,0.0,0.0,1.0,0.0,0.0,0.1,0.9,0.1,0.9,0.0,0.0,0.0,0.0,0.0,1.0,0.0,0.0,0.0,1.0,0.0,0.0,0.0,0.1,0.0,0.1,0.3,0.7,0.3,0.7,0.8,0.2,0.3,0.6
1975-05-31,0.6,0.4,1.0,0.0,0.3,0.4,0.14758616599891036,0.0,1.0,0.0,1.0,0.0,1.0,0.0,0.2719383665823979,0.7280616334176021,1.0,0.0,0.6,0.4,0.0,1.0,0.0,0.0,0.4,0.6,0.0,0.0,0.4,0.6,0.0,0.0,0.0,1.0,0.0,1.0,0.2,0.8,0.0,0.0,0.2,0.8,0.0,0.0,0.1,0.9,0.0,0.0,0.2,0.8,0.3,0.7,0.1,0.9,0.0,0.0,0.1,0.9,0.0,0.0,0.1,0.9,0.0,0.0,0.1,0.9,0.1,0.9,0.1,0.9,0.0,0.0,0.0,1.0,0.0,0.0,0.0,1.0,0.0,0.0,0.1,0.9,0.1,0.9,0.0,0.0,0.0,0.0,0.0,1.0,0.0,0.0,0.0,1.0,0.0,0.0,0.0,0.1,0.0,0.1,0.3,0.7,0.3,0.7,0.8,0.2,0.6,0.4
1975-06-30,0.6,0.4,1.0,0.0,0.3,0.4,0.19117365521684407,0.0,1.0,0.0,1.0,0.0,1.0,0.0,0.2733808648629919,0.7266191351370082,1.0,0.0,0.6,0.4,0.0,1.0,0.0,0.0,0.5,0.5,0.0,0.0,0.4,0.6,0.0,0.0,0.0,1.0,0.0,1.0,0.2,0.8,0.0,0.0,0.2,0.8,0.0,0.0,0.1,0.9,0.0,0.0,0.2,0.8,0.3,0.7,0.1,0.9,0.0,0.0,0.1,0.9,0.0,0.0,0.1,0.9,0.0,0.0,0.1,0.9,0.1,0.9,0.1,0.9,0.0,0.0,0.0,1.0,0.0,0.0,0.0,1.0,0.0,0.0,0.1,0.9,0.1,0.9,0.0,0.0,0.0,0.0,0.0,1.0,0.0,0.0,0.0,1.0,0.0,0.0,0.0,0.1,0.0,0.1,0.3,0.7,0.3,0.7,0.7,0.3,0.7,0.3
1975-07-31,0.6,0.4,1.0,0.0,0.3,0.4,0.19395680113405947,0.0,1.0,0.0,1.0,0.0,1.0,0.0,0.2693707544184614,0.7306292455815386,1.0,0.0,0.6,0.4,0.0,0.9,0.0,0.0,0.5,0.5,0.0,0.0,0.4,0.6,0.0,0.0,0.0,1.0,0.0,1.0,0.2,0.8,0.0,0.0,0.2,0.8,0.0,0.0,0.1,0.9,0.0,0.0,0.2,0.8,0.3,0.7,0.1,0.9,0.0,0.0,0.1,0.9,0.0,0.0,0.1,0.9,0.0,0.0,0.1,0.9,0.1,0.9,0.1,0.9,0.0,0.0,0.0,1.0,0.0,0.0,0.0,1.0,0.0,0.0,0.1,0.9,0.1,0.9,0.0,0.0,0.0,0.0,0.0,1.0,0.0,0.0,0.0,1.0,0.0,0.0,0.0,0.1,0.0,0.1,0.3,0.7,0.3,0.7,0.8,0.2,0.5,0.5
1975-08-31,0.6,0.4,1.0,0.0,0.3,0.4,0.10377025793544242,0.0,1.0,0.0,1.0,0.0,1.0,0.0,0.2706366297933148,0.7293633702066853,0.0,0.0,0.0,0.0,0.0,1.0,0.0,0.0,0.4,0.6,0.0,0.0,0.4,0.6,0.0,0.0,0.0,1.0,0.0,1.0,0.2,0.8,0.0,0.0,0.2,0.8,0.0,0.0,0.2,0.8,0.0,0.0,0.2,0.8,0.3,0.7,0.1,0.9,0.0,0.0,0.1,0.9,0.0,0.0,0.1,0.9,0.0,0.0,0.1,0.9,0.1,0.9,0.1,0.9,0.0,0.0,0.0,1.0,0.0,0.0,0.0,1.0,0.0,0.0,0.1,0.9,0.1,0.9,0.0,0.0,0.0,0.0,0.0,1.0,0.0,0.0,0.0,1.0,0.0,0.0,0.0,0.1,0.0,0.1,0.3,0.7,0.3,0.7,0.7,0.3,0.8,0.2
1975-09-30,0.6,0.4,1.0,0.0,0.3,0.4,0.1118878588322334,0.0,1.0,0.0,1.0,0.0,1.0,0.0,0.26998704006444363,0.7300129599355565,0.0,0.0,0.0,0.0,0.0,1.0,0.0,0.0,0.4,0.6,0.0,0.0,0.4,0.6,0.0,0.0,0.0,1.0,0.0,1.0,0.2,0.8,0.0,0.0,0.2,0.8,0.0,0.0,0.2,0.8,0.0,0.0,0.2,0.8,0.3,0.7,0.1,0.9,0.0,0.0,0.1,0.9,0.0,0.0,0.1,0.9,0.0,0.0,0.1,0.9,0.1,0.9,0.1,0.9,0.0,0.0,0.0,1.0,0.0,0.0,0.0,1.0,0.0,0.0,0.1,0.9,0.1,0.9,0.0,0.0,0.0,0.0,0.0,0.8,0.0,0.0,0.0,0.5,0.0,0.0,0.0,0.1,0.0,0.1,0.3,0.7,0.3,0.7,0.5,0.5,0.8,0.2
1975-10-31,0.6,0.4,1.0,0.0,0.3,0.4,0.12553102366966887,0.0,1.0,0.0,1.0,0.0,1.0,0.0,0.2757111594139637,0.7242888405860363,0.0,0.0,0.0,0.0,0.0,1.0,0.0,0.0,0.4,0.6,0.0,0.0,0.4,0.6,0.0,0.0,0.0,1.0,0.0,1.0,0.2,0.8,0.0,0.0,0.2,0.8,0.0,0.0,0.1,0.9,0.0,0.0,0.2,0.8,0.3,0.7,0.1,0.9,0.0,0.0,0.1,0.9,0.0,0.0,0.1,0.9,0.0,0.0,0.1,0.9,0.1,0.9,0.1,0.9,0.0,0.0,0.0,1.0,0.0,0.0,0.0,1.0,0.0,0.0,0.1,0.9,0.1,0.9,0.0,0.0,0.0,0.0,0.0,0.1,0.0,0.0,0.0,0.0,0.0,0.0,0.0,0.1,0.0,0.1,0.3,0.7,0.3,0.7,0.5,0.5,0.4,0.6
1975-11-30,0.6,0.4,1.0,0.0,0.3,0.4,0.3144652012581475,0.0,1.0,0.0,1.0,0.0,1.0,0.0,0.2757386644107563,0.7242613355892438,1.0,0.0,0.6,0.4,0.1,0.8,0.0,0.0,0.6,0.4,0.0,0.0,0.6,0.4,0.0,0.0,0.0,1.0,0.0,1.0,0.2,0.8,0.0,0.0,0.2,0.8,0.0,0.0,0.1,0.9,0.0,0.0,0.2,0.8,0.3,0.7,0.1,0.9,0.0,0.0,0.1,0.9,0.0,0.0,0.1,0.9,0.0,0.0,0.1,0.9,0.1,0.9,0.1,0.9,0.0,0.0,0.0,1.0,0.0,0.0,0.0,1.0,0.0,0.0,0.1,0.9,0.1,0.9,0.0,0.0,0.0,0.0,0.0,0.0,0.0,0.0,0.0,0.0,0.0,0.0,0.0,0.1,0.0,0.1,0.3,0.7,0.3,0.7,0.4,0.6,0.8,0.2
1975-12-31,0.6,0.4,1.0,0.0,0.3,0.5,0.18924245417108596,0.0,1.0,0.0,1.0,0.0,1.0,0.0,0.2792638909694894,0.7207361090305106,1.0,0.0,0.6,0.4,0.1,0.8,0.0,0.0,0.5,0.5,0.0,0.0,0.5,0.5,0.0,0.0,0.1,0.9,0.0,1.0,0.3,0.7,0.0,0.0,0.3,0.7,0.0,0.0,0.0,1.0,0.0,0.0,0.3,0.7,0.3,0.7,0.1,0.9,0.0,0.0,0.1,0.9,0.0,0.0,0.6,0.4,0.0,0.0,0.1,0.9,0.1,0.9,0.1,0.9,0.0,0.0,0.0,1.0,0.0,0.0,0.1,0.9,0.0,0.0,0.1,0.9,0.1,0.9,0.0,0.1,0.0,0.0,0.2,0.0,0.0,0.0,0.1,0.0,0.0,0.0,0.0,0.1,0.0,0.1,0.3,0.7,0.3,0.7,0.4,0.6,0.5,0.5
1976-01-31,0.6,0.4,1.0,0.0,0.3,0.5,0.13464780460863499,0.0,1.0,0.0,1.0,0.0,1.0,0.0,0.2613432843773638,0.7386567156226361,1.0,0.0,0.6,0.4,0.1,0.9,0.0,0.0,0.5,0.5,0.0,0.0,0.4,0.6,0.0,0.0,0.1,0.9,0.0,1.0,0.3,0.7,0.0,0.0,0.3,0.7,0.0,0.0,0.0,1.0,0.0,0.0,0.3,0.7,0.3,0.7,0.1,0.9,0.0,0.0,0.1,0.9,0.0,0.0,0.5,0.5,0.0,0.0,0.1,0.9,0.1,0.9,0.1,0.9,0.0,0.0,0.0,1.0,0.0,0.0,0.1,0.9,0.0,0.0,0.1,0.9,0.1,0.9,0.0,0.1,0.0,0.0,0.0,0.4,0.0,0.0,0.0,0.1,0.0,0.0,0.0,0.1,0.0,0.1,0.3,0.7,0.3,0.7,1.0,0.0,0.0,0.6
1976-02-29,0.6,0.4,1.0,0.0,0.3,0.5,0.22287771392867578,0.0,1.0,0.0,1.0,0.0,1.0,0.0,0.26262229210952787,0.7373777078904721,1.0,0.0,0.6,0.4,0.2,0.6,1.0,0.0,0.5,0.5,0.0,0.0,0.5,0.5,0.0,0.0,0.1,0.9,0.0,1.0,0.3,0.7,0.0,0.0,0.3,0.7,0.0,0.0,0.0,1.0,0.0,0.0,0.3,0.7,0.3,0.7,0.1,0.9,0.0,0.0,0.1,0.9,0.0,0.0,0.5,0.5,0.0,0.0,0.1,0.9,0.1,0.9,0.1,0.9,0.0,0.0,0.0,1.0,0.0,0.0,0.1,0.9,0.0,0.0,0.1,0.9,0.1,0.9,0.0,0.2,0.0,0.0,0.2,0.0,0.0,0.0,0.1,0.0,0.0,0.0,0.0,0.1,0.0,0.1,0.3,0.7,0.3,0.7,1.0,0.0,0.5,0.5
1976-03-31,0.6,0.4,1.0,0.0,0.3,0.5,0.24029520539452806,0.0,1.0,0.0,1.0,0.0,1.0,0.0,0.26292621259191407,0.737073787408086,1.0,0.0,0.6,0.4,0.5,0.3,1.0,0.0,0.5,0.5,0.0,0.0,0.6,0.4,0.0,0.0,0.4,0.6,0.1,0.9,0.3,0.7,0.0,0.0,0.3,0.7,0.0,0.0,0.0,1.0,0.0,0.0,0.3,0.7,0.3,0.7,0.1,0.9,0.0,0.0,0.1,0.9,0.0,0.0,0.6,0.4,0.0,0.0,0.1,0.9,0.1,0.9,0.1,0.9,0.0,0.0,0.0,1.0,0.0,0.0,0.1,0.9,0.0,0.0,0.1,0.9,0.1,0.9,0.2,0.4,1.0,0.0,0.4,0.0,0.0,0.0,0.3,0.0,0.0,0.0,0.2,0.1,0.0,0.1,0.3,0.7,0.3,0.7,1.0,0.0,0.9,0.1
1976-04-30,0.6,0.4,1.0,0.0,0.3,0.5,0.2694289547748377,0.0,1.0,0.0,1.0,0.0,1.0,0.0,0.264872841479097,0.735127158520903,1.0,0.0,0.6,0.4,0.9,0.0,1.0,0.0,0.6,0.4,0.0,0.0,0.7,0.3,0.0,0.0,0.8,0.2,0.6,0.4,0.3,0.7,0.0,0.0,0.3,0.7,0.0,0.0,0.0,1.0,0.0,0.0,0.3,0.7,0.3,0.7,0.1,0.9,0.0,0.0,0.1,0.9,0.0,0.0,0.5,0.5,0.0,0.0,0.1,0.9,0.1,0.9,0.1,0.9,0.0,0.0,0.0,1.0,0.0,0.0,0.1,0.9,0.0,0.0,0.1,0.9,0.1,0.9,0.8,0.2,1.0,0.0,0.9,0.0,1.0,0.0,0.6,0.0,0.0,0.0,0.8,0.1,0.5,0.1,0.3,0.7,0.3,0.7,1.0,0.0,1.0,0.0
1976-05-31,0.6,0.4,1.0,0.0,0.3,0.5,0.30652096952390023,0.0,1.0,0.0,1.0,0.0,1.0,0.0,0.2663099620791099,0.73369003792089,1.0,0.0,0.6,0.4,1.0,0.0,1.0,0.0,0.7,0.3,0.0,0.0,1.0,0.0,0.0,0.0,1.0,0.0,1.0,0.0,0.3,0.7,0.0,0.0,0.3,0.7,0.0,0.0,0.0,1.0,0.0,0.0,0.3,0.7,0.3,0.7,0.1,0.9,0.0,0.0,0.1,0.9,0.0,0.0,0.5,0.5,0.0,0.0,0.1,0.9,0.1,0.9,0.1,0.9,0.0,0.0,0.0,1.0,0.0,0.0,0.1,0.9,0.0,0.0,0.1,0.9,0.1,0.9,0.3,0.4,1.0,0.0,0.3,0.0,0.0,0.0,0.3,0.0,0.0,0.0,0.4,0.1,0.5,0.1,0.3,0.7,0.3,0.7,1.0,0.0,1.0,0.0
1976-06-30,0.6,0.4,1.0,0.0,0.3,0.5,0.30648423490949456,0.0,1.0,0.0,1.0,0.0,1.0,0.0,0.26636267496037963,0.7336373250396203,1.0,0.0,0.6,0.4,1.0,0.0,1.0,0.0,0.9,0.1,0.0,0.0,1.0,0.0,0.0,0.0,1.0,0.0,1.0,0.0,0.3,0.7,0.0,0.0,0.3,0.7,0.0,0.0,0.0,1.0,0.0,0.0,0.3,0.7,0.3,0.7,0.1,0.9,0.0,0.0,0.1,0.9,0.0,0.0,0.6,0.4,0.0,0.0,0.1,0.9,0.1,0.9,0.1,0.9,0.0,0.0,0.0,1.0,0.0,0.0,0.1,0.9,0.0,0.0,0.1,0.9,0.1,0.9,0.5,0.5,1.0,0.0,0.3,0.0,0.0,0.0,0.3,0.0,0.0,0.0,0.4,0.1,0.5,0.1,0.3,0.7,0.3,0.7,1.0,0.0,1.0,0.0
1976-07-31,0.6,0.4,1.0,0.0,0.3,0.5,0.6277284616916554,0.0,1.0,0.0,1.0,0.0,1.0,0.0,0.25472558164330256,0.7452744183566974,1.0,0.0,0.6,0.4,1.0,0.0,1.0,0.0,1.0,0.0,1.0,0.0,1.0,0.0,0.0,0.0,1.0,0.0,1.0,0.0,0.3,0.7,0.0,0.0,0.3,0.7,0.0,0.0,0.0,1.0,0.0,0.0,0.3,0.7,0.3,0.7,0.1,0.9,0.0,0.0,0.1,0.9,0.0,0.0,0.6,0.4,0.0,0.0,0.1,0.9,0.1,0.9,0.1,0.9,0.0,0.0,0.0,1.0,0.0,0.0,0.1,0.9,0.0,0.0,0.1,0.9,0.1,0.9,1.0,0.0,1.0,0.0,0.5,0.0,0.0,0.0,0.5,0.0,0.0,0.0,1.0,0.0,0.9,0.1,0.3,0.7,0.3,0.7,1.0,0.0,1.0,0.0
1976-08-31,0.6,0.4,1.0,0.0,0.3,0.5,0.39996336454986,0.0,1.0,0.0,1.0,0.0,1.0,0.0,0.25057078720495785,0.7494292127950422,1.0,0.0,0.6,0.4,1.0,0.0,1.0,0.0,1.0,0.0,1.0,0.0,1.0,0.0,0.0,0.0,1.0,0.0,1.0,0.0,0.3,0.7,0.0,0.0,0.3,0.7,0.0,0.0,0.0,1.0,0.0,0.0,0.3,0.7,0.3,0.7,0.1,0.9,0.0,0.0,0.1,0.9,0.0,0.0,0.6,0.4,0.0,0.0,0.1,0.9,0.1,0.9,0.1,0.9,0.0,0.0,0.0,1.0,0.0,0.0,0.1,0.9,0.0,0.0,0.1,0.9,0.1,0.9,1.0,0.0,1.0,0.0,0.4,0.0,0.0,0.0,0.5,0.0,0.0,0.0,1.0,0.0,0.9,0.1,0.3,0.7,0.3,0.7,1.0,0.0,1.0,0.0
1976-09-30,0.6,0.4,1.0,0.0,0.3,0.5,0.35663107182247755,0.0,1.0,0.0,1.0,0.0,1.0,0.0,0.24836995363260084,0.7516300463673993,1.0,0.0,0.6,0.4,1.0,0.0,1.0,0.0,1.0,0.0,1.0,0.0,1.0,0.0,0.0,0.0,1.0,0.0,1.0,0.0,0.3,0.7,0.0,0.0,0.3,0.7,0.0,0.0,0.0,1.0,0.0,0.0,0.3,0.7,0.3,0.7,0.1,0.9,0.0,0.0,0.1,0.9,0.0,0.0,0.6,0.4,0.0,0.0,0.1,0.9,0.1,0.9,0.1,0.9,0.0,0.0,0.0,1.0,0.0,0.0,0.1,0.9,0.0,0.0,0.1,0.9,0.1,0.9,1.0,0.0,1.0,0.0,0.5,0.0,0.0,0.0,0.7,0.0,0.0,0.0,1.0,0.0,1.0,0.0,0.3,0.7,0.3,0.7,1.0,0.0,1.0,0.0
1976-10-31,0.6,0.4,1.0,0.0,0.3,0.5,0.24051441779117688,0.0,1.0,0.0,1.0,0.0,1.0,0.0,0.2465007220989266,0.7534992779010734,0.0,0.0,0.0,0.0,1.0,0.0,1.0,0.0,1.0,0.0,1.0,0.0,1.0,0.0,0.0,0.0,1.0,0.0,1.0,0.0,0.3,0.7,0.0,0.0,0.3,0.7,0.0,0.0,0.0,1.0,0.0,0.0,0.3,0.7,0.3,0.7,0.1,0.9,0.0,0.0,0.1,0.9,0.0,0.0,0.5,0.5,0.0,0.0,0.1,0.9,0.1,0.9,0.1,0.9,0.0,0.0,0.0,1.0,0.0,0.0,0.2,0.8,0.0,0.0,0.1,0.9,0.1,0.9,1.0,0.0,1.0,0.0,0.8,0.0,0.0,0.0,0.9,0.0,0.0,0.0,1.0,0.0,1.0,0.0,0.3,0.7,0.3,0.7,1.0,0.0,1.0,0.0
1976-11-30,0.6,0.4,1.0,0.0,0.3,0.5,0.2624500475084465,0.0,1.0,0.0,1.0,0.0,1.0,0.0,0.25932868983995006,0.7406713101600498,1.0,0.0,0.6,0.4,1.0,0.0,1.0,0.0,1.0,0.0,1.0,0.0,1.0,0.0,0.0,0.0,1.0,0.0,1.0,0.0,0.3,0.7,0.0,0.0,0.3,0.7,0.0,0.0,0.0,1.0,0.0,0.0,0.3,0.7,0.3,0.7,0.1,0.9,0.0,0.0,0.1,0.9,0.0,0.0,0.5,0.5,0.0,0.0,0.1,0.9,0.1,0.9,0.1,0.9,0.0,0.0,0.0,1.0,0.0,0.0,0.3,0.7,0.0,0.0,0.1,0.9,0.1,0.9,0.2,0.3,0.0,0.0,0.2,0.0,0.0,0.0,0.2,0.0,0.0,0.0,0.2,0.1,0.6,0.0,0.3,0.7,0.3,0.7,1.0,0.0,1.0,0.0
1976-12-31,0.6,0.4,1.0,0.0,0.4,0.5,0.4893603166740941,0.0,1.0,0.0,1.0,0.0,1.0,0.0,0.25958217063831923,0.7404178293616808,1.0,0.0,0.6,0.4,1.0,0.0,1.0,0.0,1.0,0.0,1.0,0.0,1.0,0.0,0.0,0.0,1.0,0.0,1.0,0.0,0.3,0.7,0.0,0.0,0.2,0.8,0.0,0.0,0.0,1.0,0.0,0.0,0.3,0.7,0.3,0.7,0.2,0.8,0.0,0.0,0.2,0.8,0.0,0.0,0.2,0.8,0.0,0.0,0.2,0.8,0.2,0.8,0.1,0.9,0.0,0.0,0.1,0.9,0.0,0.0,0.8,0.2,1.0,0.0,0.1,0.9,0.1,0.9,0.0,0.2,0.0,0.0,0.3,0.0,0.0,0.0,0.2,0.0,0.0,0.0,0.0,0.2,0.0,0.0,0.3,0.7,0.3,0.7,0.8,0.2,0.8,0.2
1977-01-31,0.6,0.4,1.0,0.0,0.4,0.5,0.4999258737612471,0.0,1.0,0.0,1.0,0.0,1.0,0.0,0.26951447273067425,0.7304855272693258,1.0,0.0,0.6,0.4,1.0,0.0,1.0,0.0,1.0,0.0,1.0,0.0,1.0,0.0,0.0,0.0,1.0,0.0,1.0,0.0,0.3,0.7,0.0,0.0,0.2,0.8,0.0,0.0,0.0,1.0,0.0,0.0,0.3,0.7,0.3,0.7,0.2,0.8,0.0,0.0,0.2,0.8,0.0,0.0,0.2,0.8,0.0,0.0,0.2,0.8,0.2,0.8,0.1,0.9,0.0,0.0,0.1,0.9,0.0,0.0,0.8,0.2,1.0,0.0,0.1,0.9,0.1,0.9,0.0,0.2,0.0,0.0,0.3,0.0,0.0,0.0,0.2,0.0,0.0,0.0,0.0,0.2,0.0,0.1,0.3,0.7,0.3,0.7,1.0,0.0,0.3,0.6
1977-02-28,0.6,0.4,1.0,0.0,0.4,0.5,0.9726234630213078,0.0,1.0,0.0,1.0,0.0,1.0,0.0,0.2694476813661207,0.7305523186338793,1.0,0.0,0.6,0.4,1.0,0.0,1.0,0.0,1.0,0.0,1.0,0.0,1.0,0.0,0.0,0.0,1.0,0.0,1.0,0.0,0.3,0.7,0.0,0.0,0.2,0.8,0.0,0.0,0.0,1.0,0.0,0.0,0.3,0.7,0.3,0.7,0.2,0.8,0.0,0.0,0.2,0.8,0.0,0.0,0.2,0.8,0.0,0.0,0.2,0.8,0.2,0.8,0.1,0.9,0.0,0.0,0.1,0.9,0.0,0.0,0.8,0.2,1.0,0.0,0.1,0.9,0.1,0.9,0.0,0.2,0.0,0.0,0.3,0.0,0.0,0.0,0.2,0.0,0.0,0.0,0.0,0.2,0.0,0.1,0.3,0.7,0.3,0.7,1.0,0.0,0.7,0.3
1977-03-31,0.6,0.4,1.0,0.0,0.4,0.5,0.4817311699110768,0.0,0.0,0.0,0.0,1.0,0.0,0.0,0.2618506610418146,0.7381493389581854,1.0,0.0,0.6,0.4,1.0,0.0,1.0,0.0,1.0,0.0,1.0,0.0,1.0,0.0,0.0,0.0,1.0,0.0,1.0,0.0,0.3,0.7,0.0,0.0,0.2,0.8,0.0,0.0,0.0,1.0,0.0,0.0,0.3,0.7,0.3,0.7,0.2,0.8,0.0,0.0,0.2,0.8,0.0,0.0,0.2,0.8,0.0,0.0,0.2,0.8,0.2,0.8,0.1,0.9,0.0,0.0,0.1,0.9,0.0,0.0,0.8,0.2,1.0,0.0,0.1,0.9,0.1,0.9,0.2,0.4,0.0,0.0,0.4,0.0,0.0,0.0,0.3,0.0,0.0,0.0,0.1,0.2,0.0,0.1,0.3,0.7,0.3,0.7,1.0,0.0,1.0,0.0
1977-04-30,0.6,0.4,1.0,0.0,0.4,0.5,0.31133796033249617,0.0,0.0,0.0,0.0,1.0,0.0,0.0,0.2567371848023714,0.7432628151976287,1.0,0.0,0.6,0.4,1.0,0.0,1.0,0.0,1.0,0.0,1.0,0.0,1.0,0.0,0.0,0.0,1.0,0.0,1.0,0.0,0.3,0.7,0.0,0.0,0.2,0.8,0.0,0.0,0.0,1.0,0.0,0.0,0.3,0.7,0.3,0.7,0.2,0.8,0.0,0.0,0.2,0.8,0.0,0.0,0.2,0.8,0.0,0.0,0.2,0.8,0.2,0.8,0.1,0.9,0.0,0.0,0.1,0.9,0.0,0.0,0.8,0.2,1.0,0.0,0.1,0.9,0.1,0.9,0.8,0.2,1.0,0.0,0.6,0.0,0.0,0.0,0.3,0.0,0.0,0.0,0.8,0.2,0.5,0.1,0.3,0.7,0.3,0.7,1.0,0.0,1.0,0.0
1977-05-31,0.6,0.4,1.0,0.0,0.4,0.5,0.5401845585349307,0.0,0.0,0.0,0.0,1.0,0.0,0.0,0.2582637102510655,0.7417362897489346,1.0,0.0,0.6,0.4,1.0,0.0,1.0,0.0,1.0,0.0,1.0,0.0,1.0,0.0,0.0,0.0,1.0,0.0,1.0,0.0,0.3,0.7,0.0,0.0,0.2,0.8,0.0,0.0,0.0,1.0,0.0,0.0,0.3,0.7,0.3,0.7,0.2,0.8,0.0,0.0,0.2,0.8,0.0,0.0,0.2,0.8,0.0,0.0,0.2,0.8,0.2,0.8,0.1,0.9,0.0,0.0,0.1,0.9,0.0,0.0,0.8,0.2,1.0,0.0,0.1,0.9,0.1,0.9,1.0,0.0,1.0,0.0,0.8,0.0,0.0,0.0,0.4,0.0,0.0,0.0,1.0,0.0,0.9,0.1,0.3,0.7,0.3,0.7,1.0,0.0,1.0,0.0
1977-06-30,0.6,0.4,1.0,0.0,0.4,0.5,0.558572713960831,0.0,1.0,0.0,1.0,0.0,1.0,0.0,0.2579473735190871,0.7420526264809129,1.0,0.0,0.6,0.4,1.0,0.0,1.0,0.0,1.0,0.0,1.0,0.0,1.0,0.0,0.0,0.0,1.0,0.0,1.0,0.0,0.3,0.7,0.0,0.0,0.2,0.8,0.0,0.0,0.0,1.0,0.0,0.0,0.3,0.7,0.3,0.7,0.2,0.8,0.0,0.0,0.2,0.8,0.0,0.0,0.2,0.8,0.0,0.0,0.2,0.8,0.2,0.8,0.1,0.9,0.0,0.0,0.1,0.9,0.0,0.0,0.8,0.2,1.0,0.0,0.1,0.9,0.1,0.9,1.0,0.0,1.0,0.0,0.9,0.0,0.0,0.0,0.5,0.0,0.0,0.0,1.0,0.0,1.0,0.0,0.3,0.7,0.3,0.7,1.0,0.0,1.0,0.0
1977-07-31,0.6,0.4,1.0,0.0,0.4,0.5,0.5506350713926343,0.0,1.0,0.0,1.0,0.0,0.0,0.0,0.2641958046621519,0.7358041953378482,1.0,0.0,0.6,0.4,1.0,0.0,1.0,0.0,1.0,0.0,1.0,0.0,1.0,0.0,0.0,0.0,1.0,0.0,1.0,0.0,0.3,0.7,0.0,0.0,0.2,0.8,0.0,0.0,0.0,1.0,0.0,0.0,0.3,0.7,0.3,0.7,0.2,0.8,0.0,0.0,0.2,0.8,0.0,0.0,0.2,0.8,0.0,0.0,0.2,0.8,0.2,0.8,0.1,0.9,0.0,0.0,0.1,0.9,0.0,0.0,0.8,0.2,1.0,0.0,0.1,0.9,0.1,0.9,1.0,0.0,1.0,0.0,0.8,0.0,0.0,0.0,0.5,0.0,0.0,0.0,1.0,0.0,1.0,0.0,0.4,0.6,0.3,0.7,1.0,0.0,1.0,0.0
1977-08-31,0.6,0.4,1.0,0.0,0.4,0.5,0.6392477118205123,0.0,0.0,0.0,0.0,1.0,0.0,0.0,0.2658559020166275,0.7341440979833725,1.0,0.0,0.6,0.4,1.0,0.0,1.0,0.0,1.0,0.0,1.0,0.0,1.0,0.0,0.0,0.0,1.0,0.0,1.0,0.0,0.3,0.7,0.0,0.0,0.2,0.8,0.0,0.0,0.1,0.9,0.0,0.0,0.3,0.7,0.3,0.7,0.2,0.8,0.0,0.0,0.2,0.8,0.0,0.0,0.2,0.8,0.0,0.0,0.2,0.8,0.2,0.8,0.1,0.9,0.0,0.0,0.2,0.8,0.0,0.0,0.8,0.2,1.0,0.0,0.1,0.9,0.1,0.9,1.0,0.0,1.0,0.0,0.6,0.0,0.0,0.0,0.5,0.0,0.0,0.0,1.0,0.0,1.0,0.0,0.5,0.4,0.3,0.7,1.0,0.0,1.0,0.0
1977-09-30,0.6,0.4,1.0,0.0,0.4,0.5,0.7047925405615596,0.0,0.0,0.0,0.0,1.0,0.0,0.0,0.2816514139071473,0.7183485860928526,1.0,0.0,0.6,0.4,1.0,0.0,1.0,0.0,1.0,0.0,1.0,0.0,1.0,0.0,0.0,0.0,1.0,0.0,1.0,0.0,0.3,0.7,0.0,0.0,0.2,0.8,0.0,0.0,1.0,0.0,0.0,0.0,0.3,0.7,0.3,0.7,0.2,0.8,0.0,0.0,0.2,0.8,0.0,0.0,0.2,0.8,0.0,0.0,0.2,0.8,0.2,0.8,0.1,0.9,0.0,0.0,0.6,0.4,0.0,0.0,0.8,0.2,1.0,0.0,0.1,0.9,0.1,0.9,1.0,0.0,1.0,0.0,0.8,0.0,0.0,0.0,0.6,0.0,0.0,0.0,1.0,0.0,1.0,0.0,0.7,0.0,0.3,0.7,1.0,0.0,1.0,0.0
1977-10-31,0.6,0.4,1.0,0.0,0.4,0.5,0.40086398553261077,0.0,0.0,0.0,0.0,1.0,0.0,0.0,0.2975400236462798,0.7024599763537203,1.0,0.0,0.6,0.4,1.0,0.0,1.0,0.0,1.0,0.0,1.0,0.0,1.0,0.0,0.0,0.0,1.0,0.0,1.0,0.0,0.3,0.7,0.0,0.0,0.2,0.8,0.0,0.0,1.0,0.0,0.0,0.0,0.3,0.7,0.3,0.7,0.2,0.8,0.0,0.0,0.2,0.8,0.0,0.0,0.2,0.8,0.0,0.0,0.2,0.8,0.2,0.8,0.1,0.9,0.0,0.0,0.6,0.4,0.0,0.0,0.8,0.2,1.0,0.0,0.1,0.9,0.1,0.9,1.0,0.0,1.0,0.0,0.5,0.0,0.0,0.0,0.4,0.0,0.0,0.0,1.0,0.0,1.0,0.0,0.7,0.0,0.3,0.7,1.0,0.0,1.0,0.0
1977-11-30,0.6,0.4,1.0,0.0,0.4,0.5,0.2043486757175586,0.0,1.0,0.0,1.0,0.0,0.0,0.0,0.2964687553444887,0.7035312446555113,1.0,0.0,0.6,0.4,1.0,0.0,1.0,0.0,1.0,0.0,1.0,0.0,1.0,0.0,0.0,0.0,1.0,0.0,1.0,0.0,0.3,0.7,0.0,0.0,0.2,0.8,0.0,0.0,1.0,0.0,0.0,0.0,0.3,0.7,0.3,0.7,0.2,0.8,0.0,0.0,0.3,0.7,0.0,0.0,0.2,0.8,0.0,0.0,0.2,0.8,0.2,0.8,0.2,0.8,0.0,0.0,0.6,0.4,0.0,0.0,0.8,0.2,1.0,0.0,0.1,0.9,0.1,0.9,1.0,0.0,1.0,0.0,0.8,0.0,0.0,0.0,0.7,0.0,0.0,0.0,1.0,0.0,1.0,0.0,0.7,0.0,0.5,0.5,1.0,0.0,1.0,0.0
1977-12-31,0.6,0.4,1.0,0.0,0.4,0.5,0.4630610949630769,0.0,1.0,0.0,1.0,0.0,0.0,0.0,0.3032977573536787,0.6967022426463213,1.0,0.0,0.6,0.4,1.0,0.0,1.0,0.0,1.0,0.0,1.0,0.0,1.0,0.0,1.0,0.0,1.0,0.0,1.0,0.0,0.2,0.8,0.0,0.0,0.3,0.7,0.0,0.0,1.0,0.0,0.0,0.0,0.3,0.7,0.3,0.7,0.2,0.8,0.0,0.0,1.0,0.0,1.0,0.0,1.0,0.0,0.0,0.0,0.2,0.8,0.2,0.8,0.1,0.9,0.0,0.0,0.3,0.7,0.0,0.0,1.0,0.0,1.0,0.0,0.1,0.9,0.1,0.9,0.8,0.2,1.0,0.0,0.3,0.0,0.0,0.0,0.3,0.0,0.0,0.0,1.0,0.0,1.0,0.0,0.7,0.0,0.5,0.3,1.0,0.0,1.0,0.0
1978-01-31,0.6,0.4,1.0,0.0,0.4,0.5,0.30772162127458075,0.0,0.0,0.0,0.0,1.0,0.0,0.0,0.32453159788572994,0.6754684021142701,1.0,0.0,0.6,0.4,1.0,0.0,1.0,0.0,1.0,0.0,1.0,0.0,1.0,0.0,1.0,0.0,1.0,0.0,1.0,0.0,0.2,0.8,0.0,0.0,0.3,0.7,0.0,0.0,1.0,0.0,0.0,0.0,0.3,0.7,0.3,0.7,0.2,0.8,0.0,0.0,1.0,0.0,1.0,0.0,1.0,0.0,0.0,0.0,0.2,0.8,0.2,0.8,0.2,0.8,0.0,0.0,0.9,0.1,1.0,0.0,1.0,0.0,1.0,0.0,0.1,0.9,0.1,0.9,0.3,0.5,1.0,0.0,0.3,0.0,0.0,0.0,0.2,0.0,0.0,0.0,0.4,0.0,0.8,0.0,0.7,0.0,0.7,0.0,1.0,0.0,0.9,0.1
1978-02-28,0.6,0.4,1.0,0.0,0.4,0.5,0.50635951394845,0.0,0.0,0.0,0.0,1.0,0.0,0.0,0.3288825031861205,0.6711174968138794,0.0,0.0,0.0,0.0,1.0,0.0,1.0,0.0,1.0,0.0,1.0,0.0,1.0,0.0,1.0,0.0,1.0,0.0,1.0,0.0,0.3,0.7,0.0,0.0,0.3,0.7,0.0,0.0,1.0,0.0,0.0,0.0,0.3,0.7,0.3,0.7,0.2,0.8,0.0,0.0,1.0,0.0,1.0,0.0,1.0,0.0,0.0,0.0,0.2,0.8,0.2,0.8,0.2,0.8,0.0,0.0,1.0,0.0,1.0,0.0,1.0,0.0,1.0,0.0,0.1,0.9,0.1,0.9,0.8,0.2,1.0,0.0,0.3,0.0,0.0,0.0,0.3,0.0,0.0,0.0,0.9,0.0,0.8,0.0,0.7,0.0,0.7,0.0,1.0,0.0,1.0,0.0
1978-03-31,0.6,0.4,1.0,0.0,0.4,0.5,0.5180176740926115,0.0,0.0,0.0,0.0,1.0,0.0,0.0,0.3194515851762643,0.6805484148237357,1.0,0.0,0.6,0.4,1.0,0.0,1.0,0.0,1.0,0.0,1.0,0.0,1.0,0.0,1.0,0.0,1.0,0.0,1.0,0.0,0.2,0.8,0.0,0.0,0.3,0.7,0.0,0.0,1.0,0.0,0.0,0.0,0.3,0.7,0.3,0.7,0.2,0.8,0.0,0.0,1.0,0.0,1.0,0.0,1.0,0.0,0.0,0.0,0.2,0.8,0.2,0.8,0.2,0.8,0.0,0.0,1.0,0.0,1.0,0.0,1.0,0.0,1.0,0.0,0.1,0.9,0.1,0.9,1.0,0.0,1.0,0.0,0.4,0.0,0.0,0.0,0.4,0.0,0.0,0.0,1.0,0.0,1.0,0.0,0.7,0.0,0.7,0.0,1.0,0.0,1.0,0.0
1978-04-30,0.6,0.4,1.0,0.0,0.4,0.5,0.18550131056789199,0.0,1.0,0.0,1.0,0.0,1.0,0.0,0.30571246804489227,0.6942875319551077,1.0,0.0,0.6,0.4,1.0,0.0,1.0,0.0,1.0,0.0,1.0,0.0,1.0,0.0,1.0,0.0,1.0,0.0,1.0,0.0,0.2,0.8,0.0,0.0,0.3,0.7,0.0,0.0,1.0,0.0,0.0,0.0,0.3,0.7,0.3,0.7,0.2,0.8,0.0,0.0,1.0,0.0,1.0,0.0,1.0,0.0,0.0,0.0,0.2,0.8,0.2,0.8,0.1,0.9,0.0,0.0,1.0,0.0,1.0,0.0,1.0,0.0,1.0,0.0,0.1,0.9,0.1,0.9,1.0,0.0,1.0,0.0,0.5,0.0,0.0,0.0,0.5,0.0,0.0,0.0,1.0,0.0,1.0,0.0,0.7,0.0,0.7,0.0,1.0,0.0,1.0,0.0
1978-05-31,0.6,0.4,1.0,0.0,0.4,0.5,0.31546146478647963,0.0,1.0,0.0,1.0,0.0,1.0,0.0,0.3089555971039941,0.691044402896006,1.0,0.0,0.6,0.4,1.0,0.0,1.0,0.0,1.0,0.0,1.0,0.0,1.0,0.0,1.0,0.0,1.0,0.0,1.0,0.0,0.2,0.8,0.0,0.0,0.3,0.7,0.0,0.0,1.0,0.0,0.0,0.0,0.3,0.7,0.3,0.7,0.2,0.8,0.0,0.0,1.0,0.0,1.0,0.0,1.0,0.0,0.0,0.0,0.2,0.8,0.2,0.8,0.1,0.9,0.0,0.0,1.0,0.0,1.0,0.0,1.0,0.0,1.0,0.0,0.1,0.9,0.1,0.9,1.0,0.0,1.0,0.0,0.6,0.0,0.0,0.0,0.6,0.0,0.0,0.0,1.0,0.0,1.0,0.0,0.7,0.0,0.7,0.0,1.0,0.0,1.0,0.0
1978-06-30,0.6,0.4,1.0,0.0,0.4,0.5,0.30951057206215277,0.0,1.0,0.0,1.0,0.0,0.0,0.0,0.30801909848218795,0.6919809015178121,1.0,0.0,0.6,0.4,1.0,0.0,1.0,0.0,1.0,0.0,1.0,0.0,1.0,0.0,1.0,0.0,1.0,0.0,1.0,0.0,0.2,0.8,0.0,0.0,0.3,0.7,0.0,0.0,1.0,0.0,0.0,0.0,0.3,0.7,0.3,0.7,0.2,0.8,0.0,0.0,1.0,0.0,1.0,0.0,1.0,0.0,0.0,0.0,0.2,0.8,0.2,0.8,0.1,0.9,0.0,0.0,1.0,0.0,1.0,0.0,1.0,0.0,1.0,0.0,0.1,0.9,0.1,0.9,1.0,0.0,1.0,0.0,0.5,0.0,0.0,0.0,0.5,0.0,0.0,0.0,1.0,0.0,1.0,0.0,0.7,0.0,0.7,0.0,1.0,0.0,1.0,0.0
1978-07-31,0.6,0.4,1.0,0.0,0.4,0.5,0.3490370398787531,0.0,1.0,0.0,1.0,0.0,1.0,0.0,0.3120324662583046,0.6879675337416953,1.0,0.0,0.6,0.4,1.0,0.0,1.0,0.0,1.0,0.0,1.0,0.0,1.0,0.0,1.0,0.0,1.0,0.0,1.0,0.0,0.3,0.7,0.0,0.0,0.3,0.7,0.0,0.0,1.0,0.0,0.0,0.0,0.3,0.7,0.3,0.7,0.2,0.8,0.0,0.0,1.0,0.0,1.0,0.0,1.0,0.0,0.0,0.0,0.2,0.8,0.2,0.8,0.1,0.9,0.0,0.0,1.0,0.0,1.0,0.0,0.6,0.2,0.0,0.0,0.1,0.9,0.1,0.9,1.0,0.0,1.0,0.0,0.8,0.0,0.0,0.0,0.8,0.0,0.0,0.0,1.0,0.0,1.0,0.0,0.7,0.0,0.7,0.0,1.0,0.0,1.0,0.0
1978-08-31,0.6,0.4,1.0,0.0,0.4,0.5,0.2854577878163749,0.0,1.0,0.0,1.0,0.0,1.0,0.0,0.31321363812700465,0.6867863618729954,1.0,0.0,0.6,0.4,1.0,0.0,1.0,0.0,1.0,0.0,1.0,0.0,1.0,0.0,1.0,0.0,1.0,0.0,1.0,0.0,0.3,0.7,0.0,0.0,0.4,0.6,0.0,0.0,1.0,0.0,0.0,0.0,0.3,0.7,0.3,0.7,0.4,0.1,1.0,0.0,1.0,0.0,1.0,0.0,1.0,0.0,0.0,0.0,0.3,0.7,0.2,0.8,0.2,0.8,0.0,0.0,1.0,0.0,1.0,0.0,0.5,0.0,0.0,0.0,0.1,0.9,0.1,0.9,1.0,0.0,1.0,0.0,0.7,0.0,0.0,0.0,0.8,0.0,0.0,0.0,1.0,0.0,1.0,0.0,0.7,0.0,0.7,0.0,0.7,0.3,1.0,0.0
1978-09-30,0.6,0.4,1.0,0.0,0.4,0.5,0.28340359481759764,0.0,1.0,0.0,1.0,0.0,1.0,0.0,0.3179846938020488,0.6820153061979513,1.0,0.0,0.6,0.4,1.0,0.0,1.0,0.0,1.0,0.0,1.0,0.0,1.0,0.0,1.0,0.0,1.0,0.0,1.0,0.0,0.4,0.0,1.0,0.0,1.0,0.0,1.0,0.0,1.0,0.0,1.0,0.0,0.4,0.0,0.3,0.5,0.6,0.0,1.0,0.0,1.0,0.0,1.0,0.0,1.0,0.0,1.0,0.0,0.6,0.0,0.6,0.0,0.7,0.0,1.0,0.0,1.0,0.0,1.0,0.0,0.3,0.0,0.0,0.0,0.7,0.0,0.7,0.0,1.0,0.0,1.0,0.0,0.4,0.0,0.0,0.0,0.5,0.0,0.0,0.0,1.0,0.0,1.0,0.0,0.7,0.0,0.7,0.0,0.1,0.6,1.0,0.0
1978-10-31,0.6,0.4,1.0,0.0,0.4,0.5,0.10621265466627745,0.0,0.0,0.0,0.0,1.0,1.0,0.0,0.28153512668385905,0.718464873316141,0.0,0.0,0.0,0.0,0.8,0.2,1.0,0.0,0.6,0.4,0.0,0.0,0.6,0.4,0.0,0.0,0.9,0.0,1.0,0.0,0.4,0.0,1.0,0.0,1.0,0.0,1.0,0.0,1.0,0.0,1.0,0.0,0.4,0.0,0.4,0.0,0.6,0.0,1.0,0.0,1.0,0.0,1.0,0.0,1.0,0.0,1.0,0.0,0.6,0.0,0.6,0.0,0.7,0.0,1.0,0.0,1.0,0.0,1.0,0.0,0.2,0.0,0.0,0.0,0.7,0.0,0.7,0.0,0.0,0.1,0.0,0.0,0.0,0.0,0.0,0.0,0.0,0.0,0.0,0.0,0.0,0.1,0.0,0.0,0.7,0.0,0.7,0.0,0.8,0.2,0.0,0.6
1978-11-30,0.6,0.4,1.0,0.0,0.4,0.5,0.07939168541909504,0.0,1.0,0.0,1.0,0.0,1.0,0.0,0.28064279401579345,0.7193572059842065,0.0,0.0,0.0,0.0,0.1,0.9,0.0,0.0,0.4,0.6,0.0,0.0,0.4,0.6,0.0,0.0,0.1,0.4,0.3,0.0,0.5,0.0,1.0,0.0,0.0,0.0,0.0,0.0,0.0,0.0,0.0,0.0,0.4,0.0,0.4,0.0,0.6,0.0,1.0,0.0,0.0,0.0,0.0,0.0,0.0,0.0,0.0,0.0,0.6,0.0,0.6,0.0,0.7,0.0,1.0,0.0,0.1,0.0,0.0,0.0,0.1,0.0,0.0,0.0,0.7,0.0,0.7,0.0,0.0,0.2,0.0,0.0,0.1,0.0,0.0,0.0,0.1,0.0,0.0,0.0,0.0,0.1,0.0,0.0,0.7,0.0,0.7,0.0,1.0,0.0,0.3,0.6
1978-12-31,0.6,0.4,1.0,0.0,0.4,0.3,0.15955372035777163,0.0,1.0,0.0,1.0,0.0,1.0,0.0,0.2713072585135754,0.7286927414864247,0.0,0.0,0.0,0.0,0.0,0.9,0.0,0.0,0.5,0.5,0.0,0.0,0.4,0.6,0.0,0.0,0.1,0.4,0.2,0.0,0.4,0.0,1.0,0.0,0.4,0.0,0.0,0.0,0.0,0.0,0.0,0.0,0.4,0.0,0.4,0.0,0.6,0.0,1.0,0.0,0.0,0.0,0.0,0.0,0.0,0.0,0.0,0.0,0.6,0.0,0.6,0.0,0.7,0.0,1.0,0.0,0.1,0.2,0.0,0.0,0.1,0.0,0.0,0.0,0.7,0.0,0.7,0.0,0.0,0.1,0.0,0.0,0.3,0.0,0.0,0.0,0.2,0.0,0.0,0.0,0.0,0.1,0.0,0.0,0.7,0.0,0.7,0.0,1.0,0.0,0.6,0.4
1979-01-31,0.6,0.4,1.0,0.0,0.4,0.3,0.26581378475723705,0.0,1.0,0.0,1.0,0.0,1.0,0.0,0.29671862363178797,0.7032813763682121,1.0,0.0,0.6,0.4,0.3,0.4,1.0,0.0,0.5,0.4,0.0,0.0,0.5,0.5,0.0,0.0,0.2,0.4,0.2,0.0,0.4,0.0,1.0,0.0,0.4,0.0,0.0,0.0,0.0,0.0,0.0,0.0,0.4,0.0,0.4,0.0,0.6,0.0,1.0,0.0,0.0,0.0,0.0,0.0,0.0,0.0,0.0,0.0,0.6,0.0,0.6,0.0,0.7,0.0,1.0,0.0,0.1,0.2,0.0,0.0,0.1,0.0,0.0,0.0,0.7,0.0,0.7,0.0,0.1,0.2,0.0,0.0,0.3,0.0,0.0,0.0,0.2,0.0,0.0,0.0,0.1,0.1,0.0,0.0,0.7,0.0,0.7,0.0,1.0,0.0,0.9,0.1
1979-02-28,0.6,0.4,1.0,0.0,0.4,0.3,0.3484931284770279,0.0,1.0,0.0,1.0,0.0,1.0,0.0,0.29773386248136685,0.7022661375186331,0.0,0.0,0.0,0.0,0.9,0.0,1.0,0.0,0.7,0.1,0.0,0.0,0.9,0.1,0.0,0.0,0.8,0.2,0.6,0.0,0.4,0.0,1.0,0.0,0.4,0.0,0.0,0.0,0.0,0.0,0.0,0.0,0.4,0.0,0.4,0.0,0.6,0.0,1.0,0.0,0.0,0.0,0.0,0.0,0.0,0.0,0.0,0.0,0.6,0.0,0.6,0.0,0.7,0.0,1.0,0.0,0.1,0.2,0.0,0.0,0.1,0.0,0.0,0.0,0.7,0.0,0.7,0.0,0.0,0.1,0.0,0.0,0.3,0.0,0.0,0.0,0.2,0.0,0.0,0.0,0.0,0.1,0.0,0.0,0.7,0.0,0.7,0.0,1.0,0.0,0.9,0.1
1979-03-31,0.6,0.4,1.0,0.0,0.4,0.3,0.3456858266123946,0.0,1.0,0.0,1.0,0.0,1.0,0.0,0.2906721780726463,0.7093278219273537,1.0,0.0,0.6,0.4,1.0,0.0,1.0,0.0,1.0,0.0,1.0,0.0,1.0,0.0,0.0,0.0,1.0,0.0,1.0,0.0,0.4,0.0,1.0,0.0,0.4,0.0,0.0,0.0,0.0,0.0,0.0,0.0,0.4,0.0,0.4,0.0,0.6,0.0,1.0,0.0,0.0,0.0,0.0,0.0,0.0,0.0,0.0,0.0,0.6,0.0,0.6,0.0,0.7,0.0,1.0,0.0,0.1,0.2,0.0,0.0,0.1,0.0,0.0,0.0,0.7,0.0,0.7,0.0,0.2,0.2,0.0,0.0,0.3,0.0,0.0,0.0,0.2,0.0,0.0,0.0,0.1,0.1,0.0,0.0,0.7,0.0,0.7,0.0,1.0,0.0,1.0,0.0
1979-04-30,0.6,0.4,1.0,0.0,0.4,0.3,0.450986805848723,0.0,1.0,0.0,1.0,0.0,1.0,0.0,0.2937256153572238,0.7062743846427761,1.0,0.0,0.6,0.4,1.0,0.0,1.0,0.0,1.0,0.0,1.0,0.0,1.0,0.0,0.0,0.0,1.0,0.0,1.0,0.0,0.4,0.0,1.0,0.0,0.4,0.0,0.0,0.0,0.0,0.0,0.0,0.0,0.4,0.0,0.4,0.0,0.6,0.0,1.0,0.0,0.0,0.0,0.0,0.0,0.0,0.0,0.0,0.0,0.6,0.0,0.6,0.0,0.7,0.0,1.0,0.0,0.1,0.2,0.0,0.0,0.1,0.0,0.0,0.0,0.7,0.0,0.7,0.0,0.1,0.2,0.0,0.0,0.3,0.0,0.0,0.0,0.2,0.0,0.0,0.0,0.1,0.1,0.0,0.0,0.7,0.0,0.7,0.0,1.0,0.0,1.0,0.0
1979-05-31,0.6,0.4,1.0,0.0,0.4,0.3,0.289583346987693,0.0,1.0,0.0,1.0,0.0,1.0,0.0,0.2947494355784384,0.7052505644215615,1.0,0.0,0.6,0.4,1.0,0.0,1.0,0.0,1.0,0.0,1.0,0.0,1.0,0.0,0.0,0.0,1.0,0.0,1.0,0.0,0.4,0.0,1.0,0.0,0.4,0.0,0.0,0.0,0.0,0.0,0.0,0.0,0.4,0.0,0.4,0.0,0.6,0.0,1.0,0.0,0.0,0.0,0.0,0.0,0.0,0.0,0.0,0.0,0.6,0.0,0.6,0.0,0.7,0.0,1.0,0.0,0.1,0.2,0.0,0.0,0.1,0.0,0.0,0.0,0.7,0.0,0.7,0.0,0.1,0.2,0.0,0.0,0.3,0.0,0.0,0.0,0.2,0.0,0.0,0.0,0.1,0.1,0.0,0.0,0.7,0.0,0.7,0.0,1.0,0.0,1.0,0.0
1979-06-30,0.6,0.4,1.0,0.0,0.4,0.3,0.4781789647922671,0.0,1.0,0.0,1.0,0.0,1.0,0.0,0.29944122061875805,0.700558779381242,1.0,0.0,0.6,0.4,1.0,0.0,1.0,0.0,1.0,0.0,1.0,0.0,1.0,0.0,0.0,0.0,1.0,0.0,1.0,0.0,0.4,0.0,1.0,0.0,0.4,0.0,0.0,0.0,0.0,0.0,0.0,0.0,0.4,0.0,0.4,0.0,0.6,0.0,1.0,0.0,0.0,0.0,0.0,0.0,0.0,0.0,0.0,0.0,0.6,0.0,0.6,0.0,0.7,0.0,1.0,0.0,0.1,0.2,0.0,0.0,0.1,0.0,0.0,0.0,0.7,0.0,0.7,0.0,0.0,0.2,0.0,0.0,0.3,0.0,0.0,0.0,0.2,0.0,0.0,0.0,0.0,0.1,0.0,0.0,0.7,0.0,0.7,0.0,1.0,0.0,1.0,0.0
1979-07-31,0.6,0.4,1.0,0.0,0.4,0.3,0.3796920495557001,0.0,1.0,0.0,1.0,0.0,1.0,0.0,0.30134449771607646,0.6986555022839236,1.0,0.0,0.6,0.4,1.0,0.0,1.0,0.0,1.0,0.0,1.0,0.0,1.0,0.0,0.0,0.0,1.0,0.0,1.0,0.0,0.4,0.0,1.0,0.0,0.4,0.0,0.0,0.0,0.0,0.0,0.0,0.0,0.4,0.0,0.4,0.0,0.6,0.0,1.0,0.0,0.0,0.0,0.0,0.0,0.0,0.0,0.0,0.0,0.6,0.0,0.6,0.0,0.7,0.0,1.0,0.0,0.1,0.2,0.0,0.0,0.1,0.0,0.0,0.0,0.7,0.0,0.7,0.0,0.0,0.2,0.0,0.0,0.3,0.0,0.0,0.0,0.2,0.0,0.0,0.0,0.0,0.1,0.0,0.0,0.7,0.0,0.7,0.0,0.9,0.1,1.0,0.0
1979-08-31,0.6,0.4,1.0,0.0,0.4,0.3,0.5364990527972816,0.0,1.0,0.0,1.0,0.0,1.0,0.0,0.293139257066279,0.7068607429337209,1.0,0.0,0.6,0.4,1.0,0.0,1.0,0.0,1.0,0.0,1.0,0.0,1.0,0.0,0.0,0.0,1.0,0.0,1.0,0.0,0.4,0.0,1.0,0.0,0.4,0.0,0.0,0.0,0.0,0.0,0.0,0.0,0.4,0.0,0.4,0.0,0.6,0.0,1.0,0.0,0.0,0.0,0.0,0.0,0.0,0.0,0.0,0.0,0.6,0.0,0.6,0.0,0.7,0.0,1.0,0.0,0.1,0.2,0.0,0.0,0.1,0.0,0.0,0.0,0.7,0.0,0.7,0.0,0.2,0.2,0.0,0.0,0.3,0.0,0.0,0.0,0.2,0.0,0.0,0.0,0.1,0.1,0.0,0.0,0.7,0.0,0.7,0.0,0.4,0.6,1.0,0.0
1979-09-30,0.6,0.4,1.0,0.0,0.4,0.3,0.23220115662258867,0.0,1.0,0.0,1.0,0.0,1.0,0.0,0.2945888726908408,0.7054111273091592,1.0,0.0,0.6,0.4,1.0,0.0,1.0,0.0,1.0,0.0,1.0,0.0,1.0,0.0,0.0,0.0,1.0,0.0,1.0,0.0,0.4,0.0,1.0,0.0,0.4,0.0,0.0,0.0,0.0,0.0,0.0,0.0,0.4,0.0,0.4,0.0,0.6,0.0,1.0,0.0,0.0,0.0,0.0,0.0,0.0,0.0,0.0,0.0,0.6,0.0,0.6,0.0,0.7,0.0,1.0,0.0,0.1,0.2,0.0,0.0,0.1,0.0,0.0,0.0,0.7,0.0,0.7,0.0,0.0,0.2,0.0,0.0,0.3,0.0,0.0,0.0,0.2,0.0,0.0,0.0,0.1,0.1,0.0,0.0,0.7,0.0,0.7,0.0,0.0,0.6,1.0,0.0
1979-10-31,0.6,0.4,1.0,0.0,0.4,0.3,0.0833907230031329,0.0,1.0,0.0,1.0,0.0,1.0,0.0,0.34522016119480553,0.6547798388051946,0.0,0.0,0.0,0.0,0.4,0.3,1.0,0.0,0.5,0.4,0.0,0.0,0.4,0.6,0.0,0.0,0.5,0.0,1.0,0.0,0.4,0.0,1.0,0.0,0.4,0.0,0.0,0.0,0.0,0.0,0.0,0.0,0.4,0.0,0.4,0.0,0.6,0.0,1.0,0.0,0.0,0.0,0.0,0.0,0.0,0.0,0.0,0.0,0.6,0.0,0.6,0.0,0.7,0.0,1.0,0.0,0.1,0.2,0.0,0.0,0.1,0.0,0.0,0.0,0.7,0.0,0.7,0.0,0.0,0.1,0.0,0.0,0.3,0.0,0.0,0.0,0.2,0.0,0.0,0.0,0.0,0.1,0.0,0.0,0.7,0.0,0.7,0.0,0.0,0.6,0.0,0.6
1979-11-30,0.6,0.4,1.0,0.0,0.4,0.3,0.17142066882507995,0.0,1.0,0.0,1.0,0.0,1.0,0.0,0.3387469448203657,0.6612530551796344,1.0,0.0,0.6,0.4,0.4,0.3,1.0,0.0,0.5,0.4,0.0,0.0,0.5,0.5,0.0,0.0,0.5,0.0,1.0,0.0,0.4,0.0,1.0,0.0,0.4,0.0,0.0,0.0,0.0,0.0,0.0,0.0,0.4,0.0,0.4,0.0,0.6,0.0,1.0,0.0,0.0,0.0,0.0,0.0,0.0,0.0,0.0,0.0,0.6,0.0,0.6,0.0,0.7,0.0,1.0,0.0,0.1,0.2,0.0,0.0,0.1,0.0,0.0,0.0,0.7,0.0,0.7,0.0,0.0,0.1,0.0,0.0,0.3,0.0,0.0,0.0,0.2,0.0,0.0,0.0,0.0,0.1,0.0,0.0,0.7,0.0,0.7,0.0,0.0,0.6,0.0,0.6
1979-12-31,0.6,0.4,1.0,0.0,0.4,0.1,0.5857980410950295,0.0,1.0,0.0,1.0,0.0,1.0,0.0,0.3356791055995937,0.6643208944004063,1.0,0.0,0.6,0.4,1.0,0.0,1.0,0.0,1.0,0.0,1.0,0.0,1.0,0.0,0.0,0.0,1.0,0.0,1.0,0.0,0.4,0.0,1.0,0.0,0.1,0.0,0.0,0.0,0.0,0.0,0.0,0.0,0.4,0.0,0.4,0.0,0.6,0.0,1.0,0.0,0.0,0.0,0.0,0.0,0.0,0.0,0.0,0.0,0.6,0.0,0.6,0.0,0.7,0.0,1.0,0.0,0.1,0.0,0.0,0.0,0.0,0.0,0.0,0.0,0.7,0.0,0.7,0.0,0.1,0.0,0.0,0.0,0.4,0.0,0.0,0.0,0.3,0.0,0.0,0.0,0.1,0.1,0.0,0.0,0.7,0.0,0.7,0.0,0.0,0.6,0.5,0.5
1980-01-31,0.6,0.4,1.0,0.0,0.4,0.1,0.14380672104017972,0.0,1.0,0.0,1.0,0.0,1.0,0.0,0.359601064861702,0.640398935138298,1.0,0.0,0.6,0.4,1.0,0.0,1.0,0.0,0.7,0.0,0.0,0.0,0.6,0.1,0.0,0.0,1.0,0.0,1.0,0.0,0.4,0.0,1.0,0.0,0.1,0.0,0.0,0.0,0.0,0.0,0.0,0.0,0.4,0.0,0.4,0.0,0.6,0.0,1.0,0.0,0.0,0.0,0.0,0.0,0.0,0.0,0.0,0.0,0.6,0.0,0.6,0.0,0.7,0.0,1.0,0.0,0.1,0.0,0.0,0.0,0.0,0.0,0.0,0.0,0.7,0.0,0.7,0.0,0.0,0.0,0.0,0.0,0.4,0.0,0.0,0.0,0.3,0.0,0.0,0.0,0.0,0.0,0.0,0.0,0.7,0.0,0.7,0.0,0.0,0.6,0.0,0.6
1980-02-29,0.6,0.4,1.0,0.0,0.4,0.1,0.17286794745609643,0.0,1.0,0.0,1.0,0.0,1.0,0.0,0.3717259258134991,0.6282740741865009,1.0,0.0,0.6,0.4,1.0,0.0,1.0,0.0,0.5,0.1,0.0,0.0,0.5,0.1,0.0,0.0,1.0,0.0,1.0,0.0,0.4,0.0,1.0,0.0,0.1,0.0,0.0,0.0,0.0,0.0,0.0,0.0,0.4,0.0,0.4,0.0,0.6,0.0,1.0,0.0,0.0,0.0,0.0,0.0,0.0,0.0,0.0,0.0,0.6,0.0,0.6,0.0,0.7,0.0,1.0,0.0,0.1,0.0,0.0,0.0,0.0,0.0,0.0,0.0,0.7,0.0,0.7,0.0,0.0,0.0,0.0,0.0,0.4,0.0,0.0,0.0,0.3,0.0,0.0,0.0,0.0,0.0,0.0,0.0,0.7,0.0,0.7,0.0,0.0,0.6,0.0,0.6
1980-03-31,0.6,0.4,1.0,0.0,0.4,0.1,0.05010272308284806,0.0,0.0,0.0,0.0,1.0,0.0,0.0,0.3489464379902778,0.6510535620097223,1.0,0.0,0.6,0.4,0.0,1.0,0.0,0.0,0.1,0.7,0.0,0.0,0.1,0.7,0.0,0.0,0.0,0.7,0.1,0.0,0.4,0.0,1.0,0.0,0.1,0.0,0.0,0.0,0.0,0.0,0.0,0.0,0.4,0.0,0.4,0.0,0.6,0.0,1.0,0.0,0.0,0.0,0.0,0.0,0.0,0.0,0.0,0.0,0.6,0.0,0.6,0.0,0.7,0.0,1.0,0.0,0.1,0.0,0.0,0.0,0.0,0.0,0.0,0.0,0.7,0.0,0.7,0.0,0.0,0.0,0.0,0.0,0.2,0.0,0.0,0.0,0.2,0.0,0.0,0.0,0.0,0.0,0.0,0.0,0.3,0.7,0.7,0.0,0.0,0.6,0.0,0.6
1980-04-30,0.6,0.4,1.0,0.0,0.4,0.1,0.09772493863740556,0.0,1.0,0.0,1.0,0.0,1.0,0.0,0.4324692409187873,0.5675307590812128,0.0,0.0,0.0,0.0,0.0,1.0,0.0,0.0,0.2,0.5,0.0,0.0,0.2,0.5,0.0,0.0,0.0,0.9,0.0,0.6,0.4,0.0,1.0,0.0,0.1,0.0,0.0,0.0,0.0,0.0,0.0,0.0,0.4,0.0,0.4,0.0,0.6,0.0,1.0,0.0,0.0,0.0,0.0,0.0,0.0,0.0,0.0,0.0,0.6,0.0,0.6,0.0,0.7,0.0,1.0,0.0,0.1,0.0,0.0,0.0,0.2,0.8,0.0,0.0,0.7,0.0,0.7,0.0,0.0,0.0,0.0,0.0,0.4,0.0,0.0,0.0,0.3,0.0,0.0,0.0,0.0,0.0,0.0,0.0,0.3,0.7,0.3,0.7,0.0,0.6,0.0,0.6
1980-05-31,0.6,0.4,1.0,0.0,0.4,0.1,0.19824252231468406,0.0,1.0,0.0,1.0,0.0,1.0,0.0,0.4334394556948161,0.5665605443051839,0.0,0.0,0.0,0.0,0.0,1.0,0.0,0.0,0.5,0.1,0.0,0.0,0.5,0.2,0.0,0.0,0.0,0.9,0.0,0.6,0.4,0.0,1.0,0.0,0.9,0.0,1.0,0.0,0.3,0.1,0.0,0.0,0.4,0.0,0.4,0.0,0.2,0.8,0.0,0.0,0.1,0.9,0.0,0.0,0.0,1.0,0.0,0.0,0.2,0.8,0.2,0.8,0.1,0.9,0.0,0.0,0.1,0.9,0.0,0.0,0.1,0.9,0.0,0.0,0.1,0.9,0.2,0.8,0.0,0.0,0.0,0.0,0.3,0.0,0.0,0.0,0.2,0.0,0.0,0.0,0.0,0.0,0.0,0.0,0.3,0.7,0.3,0.7,0.0,0.6,0.0,0.6
1980-06-30,0.6,0.4,1.0,0.0,0.4,0.1,0.22950582131007144,0.0,1.0,0.0,1.0,0.0,1.0,0.0,0.4374439029382371,0.5625560970617628,1.0,0.0,0.6,0.4,0.0,0.8,0.0,0.0,0.5,0.1,0.0,0.0,0.5,0.1,0.0,0.0,0.0,0.9,0.0,0.6,0.3,0.7,0.0,0.0,0.1,0.9,0.0,0.0,0.0,1.0,0.0,0.0,0.3,0.7,0.3,0.7,0.2,0.8,0.0,0.0,0.1,0.9,0.0,0.0,0.0,1.0,0.0,0.0,0.2,0.8,0.2,0.8,0.1,0.9,0.0,0.0,0.1,0.9,0.0,0.0,0.1,0.9,0.0,0.0,0.1,0.9,0.2,0.8,0.0,0.0,0.0,0.0,0.3,0.0,0.0,0.0,0.2,0.0,0.0,0.0,0.0,0.0,0.0,0.0,0.3,0.7,0.3,0.7,0.0,0.6,0.1,0.6
1980-07-31,0.6,0.4,1.0,0.0,0.4,0.1,0.22460358056486315,0.0,1.0,0.0,1.0,0.0,1.0,0.0,0.4389582426100666,0.5610417573899333,1.0,0.0,0.6,0.4,0.2,0.4,1.0,0.0,0.6,0.0,0.0,0.0,0.6,0.1,0.0,0.0,0.1,0.9,0.0,0.6,0.3,0.7,0.0,0.0,0.0,1.0,0.0,0.0,0.0,1.0,0.0,0.0,0.3,0.7,0.3,0.7,0.2,0.8,0.0,0.0,0.1,0.9,0.0,0.0,0.0,1.0,0.0,0.0,0.2,0.8,0.2,0.8,0.1,0.9,0.0,0.0,0.1,0.9,0.0,0.0,0.1,0.9,0.0,0.0,0.1,0.9,0.2,0.8,0.0,0.0,0.0,0.0,0.4,0.0,0.0,0.0,0.2,0.0,0.0,0.0,0.0,0.0,0.0,0.0,0.3,0.7,0.3,0.7,0.0,0.6,0.0,0.6
1980-08-31,0.6,0.4,1.0,0.0,0.4,0.1,0.16084185584432556,0.0,1.0,0.0,1.0,0.0,1.0,0.0,0.44328311593815173,0.5567168840618484,1.0,0.0,0.6,0.4,0.2,0.4,1.0,0.0,0.5,0.1,0.0,0.0,0.5,0.1,0.0,0.0,0.1,0.9,0.0,0.6,0.3,0.7,0.0,0.0,0.0,1.0,0.0,0.0,0.0,1.0,0.0,0.0,0.3,0.7,0.3,0.7,0.2,0.8,0.0,0.0,0.1,0.9,0.0,0.0,0.4,0.6,0.0,0.0,0.2,0.8,0.2,0.8,0.1,0.9,0.0,0.0,0.1,0.9,0.0,0.0,0.1,0.9,0.0,0.0,0.1,0.9,0.2,0.8,0.0,0.0,0.0,0.0,0.4,0.0,0.0,0.0,0.3,0.0,0.0,0.0,0.0,0.0,0.0,0.0,0.3,0.7,0.3,0.7,0.0,0.6,0.0,0.6
1980-09-30,0.6,0.4,1.0,0.0,0.4,0.1,0.1002140171803196,0.0,1.0,0.0,1.0,0.0,1.0,0.0,0.44463213254275535,0.5553678674572446,0.0,0.0,0.0,0.0,0.0,0.9,0.0,0.0,0.4,0.2,0.0,0.0,0.4,0.2,0.0,0.0,0.0,0.9,0.0,0.6,0.3,0.7,0.0,0.0,0.0,1.0,0.0,0.0,0.1,0.9,0.0,0.0,0.3,0.7,0.3,0.7,0.2,0.8,0.0,0.0,0.1,0.9,0.0,0.0,0.9,0.1,0.0,0.0,0.2,0.8,0.2,0.8,0.1,0.9,0.0,0.0,0.1,0.9,0.0,0.0,0.1,0.9,0.0,0.0,0.1,0.9,0.2,0.8,0.0,0.0,0.0,0.0,0.4,0.0,0.0,0.0,0.3,0.0,0.0,0.0,0.0,0.0,0.0,0.0,0.3,0.7,0.3,0.7,0.0,0.6,0.0,0.6
1980-10-31,0.6,0.4,1.0,0.0,0.4,0.1,0.12871385083184378,0.0,1.0,0.0,1.0,0.0,1.0,0.0,0.4504753853043,0.5495246146957,0.0,0.0,0.0,0.0,0.0,1.0,0.0,0.0,0.5,0.1,0.0,0.0,0.4,0.2,0.0,0.0,0.0,0.9,0.0,0.6,0.4,0.0,1.0,0.0,1.0,0.0,1.0,0.0,0.8,0.0,0.0,0.0,0.4,0.0,0.3,0.7,0.2,0.8,0.0,0.0,0.1,0.9,0.0,0.0,1.0,0.0,0.0,0.0,0.2,0.8,0.2,0.8,0.1,0.9,0.0,0.0,0.1,0.9,0.0,0.0,0.2,0.8,0.0,0.0,0.1,0.9,0.2,0.8,0.0,0.0,0.0,0.0,0.4,0.0,0.0,0.0,0.3,0.0,0.0,0.0,0.0,0.0,0.0,0.0,0.3,0.7,0.3,0.7,0.0,0.6,0.0,0.6
1980-11-30,0.6,0.4,1.0,0.0,0.4,0.1,0.11607267624483701,0.0,1.0,0.0,1.0,0.0,1.0,0.0,0.44007165486661176,0.5599283451333883,1.0,0.0,0.6,0.4,0.0,1.0,0.0,0.0,0.5,0.1,0.0,0.0,0.4,0.2,0.0,0.0,0.0,0.9,0.0,0.6,0.4,0.0,1.0,0.0,0.1,0.0,0.0,0.0,0.0,0.0,0.0,0.0,0.4,0.0,0.4,0.0,0.6,0.0,1.0,0.0,0.1,0.9,0.0,0.0,1.0,0.0,0.0,0.0,0.6,0.0,0.6,0.0,0.7,0.0,1.0,0.0,0.1,0.9,0.0,0.0,0.2,0.8,0.0,0.0,0.7,0.0,0.7,0.0,0.0,0.0,0.0,0.0,0.3,0.0,0.0,0.0,0.2,0.0,0.0,0.0,0.0,0.0,0.0,0.0,0.3,0.7,0.3,0.7,0.0,0.6,0.0,0.6
1980-12-31,0.6,0.4,1.0,0.0,0.4,0.0,0.09795332659251306,0.0,1.0,0.0,1.0,0.0,1.0,0.0,0.43938805823047644,0.5606119417695236,0.0,0.0,0.0,0.0,0.0,0.5,0.0,0.0,0.5,0.0,0.0,0.0,0.4,0.0,0.0,0.0,0.0,0.5,0.0,0.5,0.4,0.0,1.0,0.0,0.1,0.0,0.0,0.0,0.0,0.0,0.0,0.0,0.4,0.0,0.4,0.0,0.6,0.0,1.0,0.0,0.0,0.0,0.0,0.0,0.0,0.0,0.0,0.0,0.6,0.0,0.6,0.0,0.7,0.0,1.0,0.0,0.1,0.0,0.0,0.0,0.0,0.0,0.0,0.0,0.7,0.0,0.7,0.0,0.0,0.0,0.0,0.0,0.2,0.0,0.0,0.0,0.1,0.0,0.0,0.0,0.0,0.0,0.0,0.0,0.3,0.7,0.3,0.7,0.0,0.6,0.0,0.6
1981-01-31,0.6,0.4,1.0,0.0,0.4,0.0,0.16624209976773585,0.0,1.0,0.0,1.0,0.0,1.0,0.0,0.4422640018652586,0.5577359981347415,1.0,0.0,0.6,0.4,0.0,0.4,0.0,0.0,0.5,0.0,0.0,0.0,0.5,0.0,0.0,0.0,0.0,0.5,0.0,0.5,0.4,0.0,1.0,0.0,0.1,0.0,0.0,0.0,0.0,0.0,0.0,0.0,0.4,0.0,0.4,0.0,0.6,0.0,1.0,0.0,0.0,0.0,0.0,0.0,0.0,0.0,0.0,0.0,0.6,0.0,0.6,0.0,0.7,0.0,1.0,0.0,0.1,0.0,0.0,0.0,0.0,0.0,0.0,0.0,0.7,0.0,0.7,0.0,0.0,0.0,0.0,0.0,0.2,0.0,0.0,0.0,0.1,0.0,0.0,0.0,0.0,0.0,0.0,0.0,0.3,0.7,0.3,0.7,0.0,0.6,0.1,0.6
1981-02-28,0.6,0.4,1.0,0.0,0.4,0.0,0.176366939699647,0.0,1.0,0.0,1.0,0.0,1.0,0.0,0.44722306760091407,0.552776932399086,0.0,0.0,0.0,0.0,0.0,0.4,0.0,0.0,0.5,0.0,0.0,0.0,0.5,0.0,0.0,0.0,0.0,0.5,0.0,0.5,0.4,0.0,1.0,0.0,0.1,0.0,0.0,0.0,0.0,0.0,0.0,0.0,0.4,0.0,0.4,0.0,0.6,0.0,1.0,0.0,0.0,0.0,0.0,0.0,0.0,0.0,0.0,0.0,0.6,0.0,0.6,0.0,0.7,0.0,1.0,0.0,0.1,0.0,0.0,0.0,0.0,0.0,0.0,0.0,0.7,0.0,0.7,0.0,0.0,0.0,0.0,0.0,0.3,0.0,0.0,0.0,0.2,0.0,0.0,0.0,0.0,0.0,0.0,0.0,0.3,0.7,0.3,0.7,0.0,0.6,0.0,0.6
1981-03-31,0.6,0.4,1.0,0.0,0.4,0.0,0.17472982936670314,0.0,1.0,0.0,1.0,0.0,1.0,0.0,0.44976251293316755,0.5502374870668325,1.0,0.0,0.6,0.4,0.0,0.4,0.0,0.0,0.5,0.0,0.0,0.0,0.5,0.0,0.0,0.0,0.0,0.5,0.0,0.5,0.4,0.0,1.0,0.0,0.1,0.0,0.0,0.0,0.0,0.0,0.0,0.0,0.4,0.0,0.4,0.0,0.6,0.0,1.0,0.0,0.0,0.0,0.0,0.0,0.0,0.0,0.0,0.0,0.6,0.0,0.6,0.0,0.7,0.0,1.0,0.0,0.1,0.0,0.0,0.0,0.0,0.0,0.0,0.0,0.7,0.0,0.7,0.0,0.0,0.0,0.0,0.0,0.3,0.0,0.0,0.0,0.2,0.0,0.0,0.0,0.0,0.0,0.0,0.0,0.3,0.7,0.3,0.7,0.0,0.6,0.0,0.6
1981-04-30,0.6,0.4,1.0,0.0,0.4,0.0,0.3466608584523508,0.0,1.0,0.0,1.0,0.0,1.0,0.0,0.46025789517722265,0.5397421048227774,1.0,0.0,0.6,0.4,0.2,0.2,0.0,0.0,0.7,0.0,0.0,0.0,0.7,0.0,0.0,0.0,0.1,0.4,0.0,0.4,0.4,0.0,1.0,0.0,0.1,0.0,0.0,0.0,0.0,0.0,0.0,0.0,0.4,0.0,0.4,0.0,0.6,0.0,1.0,0.0,0.0,0.0,0.0,0.0,0.0,0.0,0.0,0.0,0.6,0.0,0.6,0.0,0.7,0.0,1.0,0.0,0.1,0.0,0.0,0.0,0.0,0.0,0.0,0.0,0.7,0.0,0.7,0.0,0.0,0.0,0.0,0.0,0.3,0.0,0.0,0.0,0.2,0.0,0.0,0.0,0.0,0.0,0.0,0.0,0.3,0.7,0.3,0.7,0.0,0.6,0.0,0.6
1981-05-31,0.6,0.4,1.0,0.0,0.4,0.0,0.34250193113547295,0.0,1.0,0.0,1.0,0.0,1.0,0.0,0.46843306251630945,0.5315669374836904,1.0,0.0,0.6,0.4,0.6,0.0,1.0,0.0,0.8,0.0,0.0,0.0,1.0,0.0,0.0,0.0,0.6,0.1,0.3,0.4,0.4,0.0,1.0,0.0,0.1,0.0,0.0,0.0,0.0,0.0,0.0,0.0,0.4,0.0,0.4,0.0,0.6,0.0,1.0,0.0,0.0,0.0,0.0,0.0,0.0,0.0,0.0,0.0,0.6,0.0,0.6,0.0,0.7,0.0,1.0,0.0,0.1,0.0,0.0,0.0,0.0,0.0,0.0,0.0,0.7,0.0,0.7,0.0,0.0,0.0,0.0,0.0,0.3,0.0,0.0,0.0,0.2,0.0,0.0,0.0,0.0,0.0,0.0,0.0,0.3,0.7,0.3,0.7,0.0,0.6,0.0,0.6
1981-06-30,0.6,0.4,1.0,0.0,0.4,0.0,0.29381911000116656,0.0,1.0,0.0,1.0,0.0,1.0,0.0,0.4690636894290895,0.5309363105709104,1.0,0.0,0.6,0.4,1.0,0.0,1.0,0.0,0.9,0.0,0.0,0.0,1.0,0.0,0.0,0.0,0.9,0.0,0.8,0.1,0.4,0.0,1.0,0.0,0.1,0.0,0.0,0.0,0.0,0.0,0.0,0.0,0.4,0.0,0.4,0.0,0.6,0.0,1.0,0.0,0.0,0.0,0.0,0.0,0.0,0.0,0.0,0.0,0.6,0.0,0.6,0.0,0.7,0.0,1.0,0.0,0.1,0.0,0.0,0.0,0.0,0.0,0.0,0.0,0.7,0.0,0.7,0.0,0.0,0.0,0.0,0.0,0.3,0.0,0.0,0.0,0.2,0.0,0.0,0.0,0.0,0.0,0.0,0.0,0.3,0.7,0.3,0.7,0.0,0.6,0.0,0.6
1981-07-31,0.6,0.4,1.0,0.0,0.4,0.0,0.2764549072408628,0.0,1.0,0.0,1.0,0.0,1.0,0.0,0.4728236422931132,0.5271763577068868,1.0,0.0,0.6,0.4,1.0,0.0,1.0,0.0,0.9,0.0,0.0,0.0,1.0,0.0,0.0,0.0,1.0,0.0,1.0,0.0,0.4,0.0,1.0,0.0,0.1,0.0,0.0,0.0,0.0,0.0,0.0,0.0,0.4,0.0,0.4,0.0,0.6,0.0,1.0,0.0,0.0,0.0,0.0,0.0,0.0,0.0,0.0,0.0,0.6,0.0,0.6,0.0,0.7,0.0,1.0,0.0,0.1,0.0,0.0,0.0,0.0,0.0,0.0,0.0,0.7,0.0,0.7,0.0,0.0,0.0,0.0,0.0,0.3,0.0,0.0,0.0,0.2,0.0,0.0,0.0,0.0,0.0,0.0,0.0,0.3,0.7,0.3,0.7,0.0,0.6,0.0,0.6
1981-08-31,0.6,0.4,1.0,0.0,0.4,0.0,0.1593844877317252,0.0,0.0,0.0,0.0,1.0,0.0,0.0,0.46794936093760997,0.53205063906239,1.0,0.0,0.6,0.4,0.9,0.0,1.0,0.0,0.6,0.0,0.0,0.0,0.7,0.0,0.0,0.0,1.0,0.0,1.0,0.0,0.4,0.0,1.0,0.0,0.1,0.0,0.0,0.0,0.0,0.0,0.0,0.0,0.4,0.0,0.4,0.0,0.6,0.0,1.0,0.0,0.0,0.0,0.0,0.0,0.0,0.0,0.0,0.0,0.6,0.0,0.6,0.0,0.7,0.0,1.0,0.0,0.1,0.0,0.0,0.0,0.0,0.0,0.0,0.0,0.7,0.0,0.7,0.0,0.0,0.0,0.0,0.0,0.3,0.0,0.0,0.0,0.2,0.0,0.0,0.0,0.0,0.0,0.0,0.0,0.3,0.7,0.3,0.7,0.0,0.6,0.0,0.6
1981-09-30,0.6,0.4,1.0,0.0,0.4,0.0,0.09532653200427985,0.0,0.0,0.0,0.0,1.0,0.0,0.0,0.4615554773055567,0.5384445226944432,1.0,0.0,0.6,0.4,0.2,0.2,1.0,0.0,0.5,0.0,0.0,0.0,0.5,0.0,0.0,0.0,0.3,0.0,0.5,0.0,0.4,0.0,1.0,0.0,0.1,0.0,0.0,0.0,0.0,0.0,0.0,0.0,0.4,0.0,0.4,0.0,0.6,0.0,1.0,0.0,0.0,0.0,0.0,0.0,0.0,0.0,0.0,0.0,0.6,0.0,0.6,0.0,0.7,0.0,1.0,0.0,0.1,0.0,0.0,0.0,0.0,0.0,0.0,0.0,0.7,0.0,0.7,0.0,0.0,0.0,0.0,0.0,0.3,0.0,0.0,0.0,0.2,0.0,0.0,0.0,0.0,0.0,0.0,0.0,0.3,0.7,0.3,0.7,0.0,0.6,0.0,0.6
1981-10-31,0.6,0.4,1.0,0.0,0.4,0.0,0.14454891314088664,0.0,0.0,0.0,0.0,1.0,0.0,0.0,0.4939982456583848,0.5060017543416151,0.0,0.0,0.0,0.0,0.1,0.3,0.0,0.0,0.5,0.0,0.0,0.0,0.5,0.0,0.0,0.0,0.1,0.0,0.3,0.0,0.4,0.0,1.0,0.0,0.1,0.0,0.0,0.0,0.0,0.0,0.0,0.0,0.4,0.0,0.4,0.0,0.5,0.0,1.0,0.0,0.0,0.0,0.0,0.0,0.3,0.0,0.0,0.0,0.6,0.0,0.6,0.0,0.6,0.0,1.0,0.0,0.1,0.0,0.0,0.0,0.0,0.4,0.0,0.0,0.7,0.0,0.7,0.0,0.0,0.0,0.0,0.0,0.3,0.0,0.0,0.0,0.2,0.0,0.0,0.0,0.0,0.0,0.0,0.0,0.3,0.7,0.3,0.7,0.0,0.6,0.0,0.6
1981-11-30,0.6,0.4,1.0,0.0,0.4,0.0,0.22170623491446242,0.0,1.0,0.0,1.0,0.0,0.0,0.0,0.5226146753899179,0.4773853246100822,0.0,0.0,0.0,0.0,0.2,0.2,0.0,0.0,0.6,0.0,0.0,0.0,0.5,0.0,0.0,0.0,0.2,0.0,0.3,0.0,0.4,0.0,1.0,0.0,0.4,0.0,0.0,0.0,0.3,0.0,0.0,0.0,0.4,0.0,0.4,0.0,0.2,0.8,0.0,0.0,0.2,0.8,0.0,0.0,0.6,0.4,0.0,0.0,0.2,0.8,0.2,0.8,0.2,0.8,0.0,0.0,0.1,0.9,0.0,0.0,0.0,1.0,0.0,0.0,0.2,0.8,0.2,0.8,0.0,0.0,0.0,0.0,0.3,0.0,0.0,0.0,0.2,0.0,0.0,0.0,0.0,0.0,0.0,0.0,0.3,0.7,0.3,0.7,0.0,0.6,0.0,0.6
1981-12-31,0.6,0.4,1.0,0.0,0.4,0.0,0.3732424572263322,0.0,0.0,0.0,0.0,1.0,0.0,0.0,0.5263837487110505,0.47361625128894935,0.0,0.0,0.0,0.0,0.8,0.0,1.0,0.0,0.7,0.0,0.0,0.0,0.8,0.0,0.0,0.0,0.8,0.0,0.6,0.0,0.4,0.0,1.0,0.0,1.0,0.0,1.0,0.0,0.4,0.6,0.0,0.0,0.4,0.0,0.4,0.0,0.2,0.8,0.0,0.0,0.2,0.8,0.0,0.0,0.2,0.8,0.0,0.0,0.2,0.8,0.2,0.8,0.2,0.8,0.0,0.0,0.2,0.8,0.0,0.0,0.1,0.9,0.0,0.0,0.2,0.8,0.2,0.8,0.0,0.0,0.0,0.0,0.1,0.0,0.0,0.0,0.0,0.0,0.0,0.0,0.0,0.0,0.0,0.0,0.3,0.7,0.3,0.7,0.0,0.6,0.0,0.6
1982-01-31,0.6,0.4,1.0,0.0,0.4,0.0,0.11802404945393329,0.0,0.0,0.0,0.0,1.0,0.0,0.0,0.5258872036602018,0.4741127963397982,0.0,0.0,0.0,0.0,0.4,0.0,1.0,0.0,0.5,0.0,0.0,0.0,0.5,0.0,0.0,0.0,0.5,0.0,0.6,0.0,0.3,0.7,0.0,0.0,1.0,0.0,1.0,0.0,0.7,0.3,0.0,0.0,0.3,0.7,0.4,0.6,0.2,0.8,0.0,0.0,0.2,0.8,0.0,0.0,0.2,0.8,0.0,0.0,0.2,0.8,0.2,0.8,0.2,0.8,0.0,0.0,0.2,0.8,0.0,0.0,0.1,0.9,0.0,0.0,0.2,0.8,0.2,0.8,0.0,0.0,0.0,0.0,0.2,0.0,0.0,0.0,0.0,0.1,0.0,0.0,0.0,0.0,0.0,0.0,0.3,0.7,0.3,0.7,0.1,0.6,0.1,0.6
1982-02-28,0.6,0.4,1.0,0.0,0.4,0.0,0.18586916899102485,0.0,0.0,0.0,0.0,1.0,0.0,0.0,0.5227257982011883,0.47727420179881186,0.0,0.0,0.0,0.0,0.5,0.0,1.0,0.0,0.5,0.0,0.0,0.0,0.5,0.0,0.0,0.0,0.5,0.0,0.6,0.0,0.4,0.0,1.0,0.0,1.0,0.0,1.0,0.0,0.5,0.0,1.0,0.0,0.4,0.0,0.4,0.0,0.2,0.8,0.0,0.0,0.2,0.8,0.0,0.0,0.2,0.8,0.0,0.0,0.2,0.8,0.2,0.8,0.2,0.8,0.0,0.0,0.2,0.8,0.0,0.0,0.1,0.9,0.0,0.0,0.2,0.8,0.2,0.8,0.0,0.0,0.0,0.0,0.2,0.0,0.0,0.0,0.0,1.0,0.0,0.0,0.0,0.0,0.0,0.0,0.3,0.7,0.3,0.7,0.2,0.6,0.1,0.6
1982-03-31,0.6,0.4,1.0,0.0,0.4,0.0,0.180130476482542,0.0,0.0,0.0,0.0,1.0,0.0,0.0,0.5272246647876208,0.4727753352123792,0.0,0.0,0.0,0.0,0.5,0.0,1.0,0.0,0.5,0.0,0.0,0.0,0.5,0.0,0.0,0.0,0.5,0.0,0.6,0.0,0.4,0.0,1.0,0.0,1.0,0.0,1.0,0.0,1.0,0.0,1.0,0.0,0.4,0.0,0.4,0.0,0.2,0.8,0.0,0.0,0.2,0.8,0.0,0.0,0.2,0.8,0.0,0.0,0.2,0.8,0.2,0.8,0.2,0.8,0.0,0.0,0.2,0.8,0.0,0.0,0.1,0.9,0.0,0.0,0.2,0.8,0.2,0.8,0.2,0.0,1.0,0.0,0.2,0.0,0.0,0.0,0.0,1.0,0.0,0.0,0.2,0.0,0.0,0.0,0.3,0.7,0.3,0.7,0.2,0.6,0.3,0.6
1982-04-30,0.6,0.4,1.0,0.0,0.4,0.0,0.26901193876463037,0.0,0.0,0.0,0.0,1.0,0.0,0.0,0.5268247969202555,0.4731752030797444,0.0,0.0,0.0,0.0,0.8,0.0,1.0,0.0,0.5,0.0,0.0,0.0,0.6,0.0,0.0,0.0,0.8,0.0,0.6,0.0,0.4,0.0,1.0,0.0,1.0,0.0,1.0,0.0,1.0,0.0,1.0,0.0,0.4,0.0,0.4,0.0,0.2,0.8,0.0,0.0,0.2,0.8,0.0,0.0,0.2,0.8,0.0,0.0,0.2,0.8,0.2,0.8,0.2,0.8,0.0,0.0,0.2,0.8,0.0,0.0,0.1,0.9,0.0,0.0,0.2,0.8,0.2,0.8,0.1,0.0,0.0,0.0,0.1,0.0,0.0,0.0,0.1,0.5,0.0,0.0,0.1,0.0,0.0,0.0,0.3,0.7,0.3,0.7,0.1,0.6,0.6,0.4
1982-05-31,0.6,0.4,1.0,0.0,0.4,0.0,0.34789041796777304,0.0,0.0,0.0,0.0,1.0,0.0,0.0,0.5246449525288492,0.47535504747115087,0.0,0.0,0.0,0.0,1.0,0.0,1.0,0.0,0.7,0.0,0.0,0.0,0.8,0.0,0.0,0.0,1.0,0.0,1.0,0.0,0.4,0.0,1.0,0.0,1.0,0.0,1.0,0.0,1.0,0.0,1.0,0.0,0.4,0.0,0.4,0.0,0.2,0.8,0.0,0.0,0.2,0.8,0.0,0.0,0.2,0.8,0.0,0.0,0.2,0.8,0.2,0.8,0.2,0.8,0.0,0.0,0.2,0.8,0.0,0.0,0.1,0.9,0.0,0.0,0.2,0.8,0.2,0.8,0.2,0.0,1.0,0.0,0.1,0.0,0.0,0.0,0.2,0.8,0.0,0.0,0.2,0.0,0.0,0.0,0.3,0.7,0.3,0.7,0.0,0.6,0.8,0.2
1982-06-30,0.6,0.4,1.0,0.0,0.4,0.0,0.20874691295247869,0.0,0.0,0.0,0.0,1.0,0.0,0.0,0.524945716649591,0.475054283350409,0.0,0.0,0.0,0.0,1.0,0.0,1.0,0.0,0.6,0.0,0.0,0.0,0.7,0.0,0.0,0.0,1.0,0.0,1.0,0.0,0.4,0.0,1.0,0.0,1.0,0.0,1.0,0.0,1.0,0.0,0.0,0.0,0.4,0.0,0.4,0.0,0.2,0.8,0.0,0.0,0.2,0.8,0.0,0.0,0.2,0.8,0.0,0.0,0.2,0.8,0.2,0.8,0.2,0.8,0.0,0.0,0.2,0.8,0.0,0.0,0.1,0.9,0.0,0.0,0.2,0.8,0.2,0.8,0.0,0.0,0.0,0.0,0.1,0.0,0.0,0.0,0.4,0.0,0.0,0.0,0.0,0.0,0.0,0.0,0.3,0.7,0.3,0.7,0.0,0.6,0.6,0.4
1982-07-31,0.6,0.4,1.0,0.0,0.4,0.0,0.34944329447913935,0.0,0.0,0.0,0.0,1.0,0.0,0.0,0.5266377792159729,0.47336222078402723,0.0,0.0,0.0,0.0,1.0,0.0,1.0,0.0,0.8,0.0,0.0,0.0,1.0,0.0,0.0,0.0,1.0,0.0,1.0,0.0,0.3,0.4,0.0,0.0,1.0,0.0,1.0,0.0,1.0,0.0,0.0,0.0,0.4,0.0,0.4,0.0,0.2,0.8,0.0,0.0,0.2,0.8,0.0,0.0,0.2,0.8,0.0,0.0,0.2,0.8,0.2,0.8,0.2,0.8,0.0,0.0,0.2,0.8,0.0,0.0,0.1,0.9,0.0,0.0,0.2,0.8,0.2,0.8,0.0,0.0,0.0,0.0,0.1,0.0,0.0,0.0,0.1,0.0,0.0,0.0,0.0,0.0,0.0,0.0,0.3,0.7,0.3,0.7,0.0,0.6,0.1,0.6
1982-08-31,0.6,0.4,1.0,0.0,0.4,0.0,0.0511796095447891,0.0,1.0,0.0,1.0,0.0,0.0,0.0,0.5195643672441937,0.4804356327558062,1.0,0.0,0.6,0.4,0.1,0.2,0.0,0.0,0.1,0.1,0.0,0.0,0.1,0.1,0.0,0.0,0.1,0.0,0.3,0.0,0.3,0.7,0.0,0.0,0.1,0.9,0.0,0.0,0.1,0.9,0.0,0.0,0.3,0.7,0.3,0.7,0.2,0.8,0.0,0.0,0.2,0.8,0.0,0.0,0.2,0.8,0.0,0.0,0.2,0.8,0.2,0.8,0.2,0.8,0.0,0.0,0.2,0.8,0.0,0.0,0.1,0.9,0.0,0.0,0.2,0.8,0.2,0.8,0.0,0.0,0.0,0.0,0.1,0.0,0.0,0.0,0.0,0.0,0.0,0.0,0.0,0.0,0.0,0.0,0.3,0.7,0.3,0.7,0.0,0.6,0.0,0.6
1982-09-30,0.6,0.4,1.0,0.0,0.4,0.0,0.15735296306630603,0.0,1.0,0.0,1.0,0.0,0.0,0.0,0.5229158905978435,0.4770841094021567,1.0,0.0,0.6,0.4,0.1,0.2,0.0,0.0,0.4,0.0,0.0,0.0,0.4,0.0,0.0,0.0,0.1,0.0,0.2,0.0,0.3,0.7,0.0,0.0,0.1,0.9,0.0,0.0,0.1,0.9,0.0,0.0,0.3,0.7,0.3,0.7,0.2,0.8,0.0,0.0,0.2,0.8,0.0,0.0,0.2,0.8,0.0,0.0,0.2,0.8,0.2,0.8,0.2,0.8,0.0,0.0,0.2,0.8,0.0,0.0,0.1,0.9,0.0,0.0,0.2,0.8,0.2,0.8,0.0,0.0,0.0,0.0,0.1,0.0,0.0,0.0,0.0,0.0,0.0,0.0,0.0,0.0,0.0,0.0,0.3,0.7,0.3,0.7,0.0,0.6,0.0,0.6
1982-10-31,0.6,0.4,1.0,0.0,0.4,0.0,0.051779588363324955,0.0,1.0,0.0,1.0,0.0,1.0,0.0,0.510512647806617,0.48948735219338285,1.0,0.0,0.6,0.4,0.0,0.4,0.0,0.0,0.0,0.2,0.0,0.0,0.0,0.2,0.0,0.0,0.0,0.3,0.0,0.1,0.3,0.7,0.0,0.0,0.1,0.9,0.0,0.0,0.1,0.9,0.0,0.0,0.3,0.7,0.3,0.7,0.2,0.8,0.0,0.0,0.2,0.8,0.0,0.0,0.2,0.8,0.0,0.0,0.2,0.8,0.2,0.8,0.2,0.8,0.0,0.0,0.2,0.8,0.0,0.0,0.1,0.9,0.0,0.0,0.2,0.8,0.2,0.8,0.0,0.0,0.0,0.0,0.1,0.0,0.0,0.0,0.0,0.0,0.0,0.0,0.0,0.0,0.0,0.0,0.3,0.7,0.3,0.7,0.0,0.6,0.0,0.6
1982-11-30,0.6,0.4,1.0,0.0,0.4,0.0,0.05849986661622703,0.0,1.0,0.0,1.0,0.0,1.0,0.0,0.5111248800450213,0.4888751199549787,1.0,0.0,0.6,0.4,0.0,0.4,0.0,0.0,0.0,0.7,0.0,0.0,0.0,0.6,0.0,0.0,0.0,0.3,0.0,0.2,0.3,0.7,0.0,0.0,0.1,0.9,0.0,0.0,0.1,0.9,0.0,0.0,0.3,0.7,0.3,0.7,0.2,0.8,0.0,0.0,0.2,0.8,0.0,0.0,0.2,0.8,0.0,0.0,0.2,0.8,0.2,0.8,0.2,0.8,0.0,0.0,0.2,0.8,0.0,0.0,0.1,0.9,0.0,0.0,0.2,0.8,0.2,0.8,0.0,0.0,0.0,0.0,0.2,0.0,0.0,0.0,0.0,0.0,0.0,0.0,0.0,0.0,0.0,0.0,0.3,0.7,0.3,0.7,0.0,0.6,0.1,0.6
1982-12-31,0.6,0.4,1.0,0.0,0.4,0.0,0.13904681622525522,0.0,1.0,0.0,1.0,0.0,1.0,0.0,0.5118841653096494,0.4881158346903506,1.0,0.0,0.6,0.4,0.0,0.7,0.0,0.0,0.2,0.2,0.0,0.0,0.2,0.2,0.0,0.0,0.0,0.6,0.0,0.4,0.3,0.7,0.0,0.0,0.1,0.9,0.0,0.0,0.1,0.9,0.0,0.0,0.3,0.7,0.3,0.7,0.2,0.8,0.0,0.0,0.2,0.8,0.0,0.0,0.1,0.9,0.0,0.0,0.2,0.8,0.2,0.8,0.2,0.8,0.0,0.0,0.1,0.9,0.0,0.0,0.1,0.9,0.0,0.0,0.2,0.8,0.2,0.8,0.0,0.0,0.0,0.0,0.1,0.0,0.0,0.0,0.1,0.0,0.0,0.0,0.0,0.0,0.0,0.0,0.3,0.7,0.3,0.7,0.0,0.6,0.3,0.6
1983-01-31,0.6,0.4,1.0,0.0,0.4,0.0,0.09412345243525358,0.0,1.0,0.0,1.0,0.0,1.0,0.0,0.5072184928894578,0.49278150711054225,1.0,0.0,0.6,0.4,0.0,0.7,0.0,0.0,0.3,0.1,0.0,0.0,0.3,0.1,0.0,0.0,0.0,0.6,0.0,0.5,0.3,0.7,0.0,0.0,0.1,0.9,0.0,0.0,0.1,0.9,0.0,0.0,0.3,0.7,0.3,0.7,0.2,0.8,0.0,0.0,0.2,0.8,0.0,0.0,0.1,0.9,0.0,0.0,0.2,0.8,0.2,0.8,0.2,0.8,0.0,0.0,0.1,0.9,0.0,0.0,0.1,0.9,0.0,0.0,0.2,0.8,0.2,0.8,0.0,0.0,0.0,0.0,0.1,0.0,0.0,0.0,0.1,0.0,0.0,0.0,0.0,0.0,0.0,0.0,0.3,0.7,0.3,0.7,0.0,0.6,0.1,0.6
1983-02-28,0.6,0.4,1.0,0.0,0.4,0.0,0.1911949297561776,0.0,1.0,0.0,1.0,0.0,1.0,0.0,0.504307820245099,0.495692179754901,1.0,0.0,0.6,0.4,0.0,0.6,0.0,0.0,0.5,0.0,0.0,0.0,0.5,0.0,0.0,0.0,0.0,0.6,0.0,0.5,0.3,0.7,0.0,0.0,0.1,0.9,0.0,0.0,0.1,0.9,0.0,0.0,0.3,0.7,0.3,0.7,0.2,0.8,0.0,0.0,0.2,0.8,0.0,0.0,0.1,0.9,0.0,0.0,0.2,0.8,0.2,0.8,0.2,0.8,0.0,0.0,0.1,0.9,0.0,0.0,0.1,0.9,0.0,0.0,0.2,0.8,0.2,0.8,0.0,0.0,0.0,0.0,0.1,0.0,0.0,0.0,0.1,0.0,0.0,0.0,0.0,0.0,0.0,0.0,0.3,0.7,0.3,0.7,0.0,0.6,0.0,0.6
1983-03-31,0.6,0.4,1.0,0.0,0.4,0.0,0.2368554550736331,0.0,1.0,0.0,1.0,0.0,1.0,0.0,0.5283698018249829,0.47163019817501706,1.0,0.0,0.6,0.4,0.1,0.5,0.0,0.0,0.5,0.0,0.0,0.0,0.5,0.0,0.0,0.0,0.0,0.6,0.0,0.5,0.3,0.7,0.0,0.0,0.1,0.9,0.0,0.0,0.1,0.9,0.0,0.0,0.3,0.7,0.3,0.7,0.2,0.8,0.0,0.0,0.2,0.8,0.0,0.0,0.1,0.9,0.0,0.0,0.2,0.8,0.2,0.8,0.2,0.8,0.0,0.0,0.1,0.9,0.0,0.0,0.1,0.9,0.0,0.0,0.2,0.8,0.2,0.8,0.0,0.0,0.0,0.0,0.2,0.0,0.0,0.0,0.2,0.0,0.0,0.0,0.0,0.0,0.0,0.0,0.3,0.7,0.3,0.7,0.0,0.6,0.3,0.6
1983-04-30,0.6,0.4,1.0,0.0,0.4,0.0,0.2327457429081338,0.0,1.0,0.0,1.0,0.0,1.0,0.0,0.49724134993509855,0.5027586500649014,1.0,0.0,0.6,0.4,0.2,0.3,0.0,0.0,0.5,0.0,0.0,0.0,0.5,0.0,0.0,0.0,0.1,0.6,0.0,0.5,0.3,0.7,0.0,0.0,0.1,0.9,0.0,0.0,0.1,0.9,0.0,0.0,0.3,0.7,0.3,0.7,0.2,0.8,0.0,0.0,0.2,0.8,0.0,0.0,0.1,0.9,0.0,0.0,0.2,0.8,0.2,0.8,0.2,0.8,0.0,0.0,0.1,0.9,0.0,0.0,0.1,0.9,0.0,0.0,0.2,0.8,0.2,0.8,0.0,0.0,0.0,0.0,0.1,0.0,0.0,0.0,0.1,0.0,0.0,0.0,0.0,0.0,0.0,0.0,0.3,0.7,0.3,0.7,0.0,0.6,0.3,0.6
1983-05-31,0.6,0.4,1.0,0.0,0.4,0.0,0.25820387887399043,0.0,1.0,0.0,1.0,0.0,1.0,0.0,0.5024232307498272,0.4975767692501727,1.0,0.0,0.6,0.4,0.4,0.0,1.0,0.0,0.5,0.0,0.0,0.0,0.6,0.0,0.0,0.0,0.3,0.3,0.1,0.5,0.3,0.7,0.0,0.0,0.1,0.9,0.0,0.0,0.1,0.9,0.0,0.0,0.3,0.7,0.3,0.7,0.2,0.8,0.0,0.0,0.2,0.8,0.0,0.0,0.1,0.9,0.0,0.0,0.2,0.8,0.2,0.8,0.2,0.8,0.0,0.0,0.1,0.9,0.0,0.0,0.1,0.9,0.0,0.0,0.2,0.8,0.2,0.8,0.0,0.0,0.0,0.0,0.1,0.0,0.0,0.0,0.1,0.0,0.0,0.0,0.0,0.0,0.0,0.0,0.3,0.7,0.3,0.7,0.0,0.6,0.0,0.6
1983-06-30,0.6,0.4,1.0,0.0,0.4,0.0,0.21269455485368996,0.0,1.0,0.0,1.0,0.0,1.0,0.0,0.5011618008541618,0.49883819914583816,1.0,0.0,0.6,0.4,0.5,0.0,1.0,0.0,0.5,0.0,0.0,0.0,0.5,0.0,0.0,0.0,0.5,0.1,0.3,0.5,0.3,0.7,0.0,0.0,0.1,0.9,0.0,0.0,0.1,0.9,0.0,0.0,0.3,0.7,0.3,0.7,0.2,0.8,0.0,0.0,0.2,0.8,0.0,0.0,0.1,0.9,0.0,0.0,0.2,0.8,0.2,0.8,0.2,0.8,0.0,0.0,0.1,0.9,0.0,0.0,0.1,0.9,0.0,0.0,0.2,0.8,0.2,0.8,0.1,0.0,0.0,0.0,0.2,0.0,0.0,0.0,0.3,0.0,0.0,0.0,0.0,0.0,0.0,0.0,0.3,0.7,0.3,0.7,0.0,0.6,0.5,0.5
1983-07-31,0.6,0.4,1.0,0.0,0.4,0.0,0.13767306640621726,0.0,1.0,0.0,1.0,0.0,1.0,0.0,0.5021420743401256,0.4978579256598744,1.0,0.0,0.6,0.4,0.3,0.1,1.0,0.0,0.5,0.0,0.0,0.0,0.5,0.0,0.0,0.0,0.4,0.1,0.3,0.5,0.3,0.7,0.0,0.0,0.1,0.9,0.0,0.0,0.1,0.9,0.0,0.0,0.3,0.7,0.3,0.7,0.2,0.8,0.0,0.0,0.2,0.8,0.0,0.0,0.1,0.9,0.0,0.0,0.2,0.8,0.2,0.8,0.2,0.8,0.0,0.0,0.1,0.9,0.0,0.0,0.1,0.9,0.0,0.0,0.2,0.8,0.2,0.8,0.0,0.0,0.0,0.0,0.1,0.0,0.0,0.0,0.1,0.0,0.0,0.0,0.0,0.0,0.0,0.0,0.3,0.7,0.3,0.7,0.2,0.6,0.0,0.6
1983-08-31,0.6,0.4,1.0,0.0,0.4,0.0,0.24247520414060328,0.0,1.0,0.0,1.0,0.0,1.0,0.0,0.49757995814336364,0.5024200418566362,0.0,0.0,0.0,0.0,0.6,0.0,1.0,0.0,0.5,0.0,0.0,0.0,0.5,0.0,0.0,0.0,0.5,0.1,0.3,0.5,0.3,0.7,0.0,0.0,0.1,0.9,0.0,0.0,0.1,0.9,0.0,0.0,0.3,0.7,0.3,0.7,0.2,0.8,0.0,0.0,0.2,0.8,0.0,0.0,0.1,0.9,0.0,0.0,0.2,0.8,0.2,0.8,0.2,0.8,0.0,0.0,0.1,0.9,0.0,0.0,0.2,0.8,0.0,0.0,0.2,0.8,0.2,0.8,0.0,0.0,0.0,0.0,0.2,0.0,0.0,0.0,0.2,0.0,0.0,0.0,0.0,0.0,0.0,0.0,0.3,0.7,0.3,0.7,0.3,0.6,0.2,0.6
1983-09-30,0.6,0.4,1.0,0.0,0.4,0.0,0.3188477679056684,0.0,1.0,0.0,1.0,0.0,1.0,0.0,0.49835822627039317,0.5016417737296068,1.0,0.0,0.6,0.4,1.0,0.0,1.0,0.0,0.6,0.0,0.0,0.0,0.7,0.0,0.0,0.0,0.9,0.0,0.8,0.0,0.3,0.7,0.0,0.0,0.1,0.9,0.0,0.0,0.1,0.9,0.0,0.0,0.3,0.7,0.3,0.7,0.2,0.8,0.0,0.0,0.2,0.8,0.0,0.0,0.1,0.9,0.0,0.0,0.2,0.8,0.2,0.8,0.2,0.8,0.0,0.0,0.1,0.9,0.0,0.0,0.1,0.9,0.0,0.0,0.2,0.8,0.2,0.8,0.0,0.0,0.0,0.0,0.1,0.0,0.0,0.0,0.1,0.0,0.0,0.0,0.0,0.0,0.0,0.0,0.3,0.7,0.3,0.7,0.6,0.4,0.1,0.6
1983-10-31,0.6,0.4,1.0,0.0,0.4,0.0,0.29237239312748725,0.0,1.0,0.0,1.0,0.0,1.0,0.0,0.49436482691355466,0.5056351730864452,1.0,0.0,0.6,0.4,1.0,0.0,1.0,0.0,0.6,0.0,0.0,0.0,0.8,0.0,0.0,0.0,1.0,0.0,1.0,0.0,0.3,0.7,0.0,0.0,0.1,0.9,0.0,0.0,0.1,0.9,0.0,0.0,0.3,0.7,0.3,0.7,0.2,0.8,0.0,0.0,0.2,0.8,0.0,0.0,0.1,0.9,0.0,0.0,0.2,0.8,0.2,0.8,0.2,0.8,0.0,0.0,0.1,0.9,0.0,0.0,0.3,0.7,0.0,0.0,0.2,0.8,0.2,0.8,0.0,0.0,0.0,0.0,0.1,0.0,0.0,0.0,0.3,0.0,0.0,0.0,0.0,0.0,0.0,0.0,0.3,0.7,0.3,0.7,1.0,0.0,0.2,0.6
1983-11-30,0.6,0.4,1.0,0.0,0.4,0.0,0.40599605940364175,0.0,1.0,0.0,1.0,0.0,1.0,0.0,0.50931545554621,0.4906845444537899,1.0,0.0,0.6,0.4,1.0,0.0,1.0,0.0,1.0,0.0,1.0,0.0,1.0,0.0,0.0,0.0,1.0,0.0,1.0,0.0,0.3,0.7,0.0,0.0,0.1,0.9,0.0,0.0,0.1,0.9,0.0,0.0,0.3,0.7,0.3,0.7,0.2,0.8,0.0,0.0,0.2,0.8,0.0,0.0,0.1,0.9,0.0,0.0,0.2,0.8,0.2,0.8,0.2,0.8,0.0,0.0,0.1,0.9,0.0,0.0,0.7,0.3,1.0,0.0,0.2,0.8,0.2,0.8,0.1,0.0,0.0,0.0,0.2,0.0,0.0,0.0,0.6,0.0,0.0,0.0,0.0,0.0,0.0,0.0,0.3,0.7,0.3,0.7,1.0,0.0,0.6,0.4
1983-12-31,0.6,0.4,1.0,0.0,0.4,0.0,0.739908247761172,0.0,1.0,0.0,1.0,0.0,1.0,0.0,0.5114016181796426,0.48859838182035753,1.0,0.0,0.6,0.4,1.0,0.0,1.0,0.0,1.0,0.0,1.0,0.0,1.0,0.0,0.0,0.0,1.0,0.0,1.0,0.0,0.3,0.7,0.0,0.0,0.1,0.9,0.0,0.0,0.1,0.9,0.0,0.0,0.3,0.7,0.3,0.7,0.2,0.8,0.0,0.0,0.2,0.8,0.0,0.0,0.8,0.2,0.0,0.0,0.2,0.8,0.2,0.8,0.2,0.8,0.0,0.0,0.2,0.8,0.0,0.0,0.8,0.2,0.0,0.0,0.2,0.8,0.2,0.8,0.2,0.0,0.0,0.0,0.3,0.0,0.0,0.0,0.3,0.0,0.0,0.0,0.2,0.0,0.0,0.0,0.3,0.7,0.3,0.7,1.0,0.0,0.9,0.1
1984-01-31,0.6,0.4,1.0,0.0,0.4,0.0,0.37936549554541193,0.0,0.0,0.0,0.0,1.0,1.0,0.0,0.5148570797945135,0.48514292020548644,0.0,0.0,0.0,0.0,1.0,0.0,1.0,0.0,1.0,0.0,1.0,0.0,1.0,0.0,0.0,0.0,1.0,0.0,1.0,0.0,0.3,0.7,0.0,0.0,0.1,0.9,0.0,0.0,0.1,0.9,0.0,0.0,0.3,0.7,0.3,0.7,0.2,0.8,0.0,0.0,0.2,0.8,0.0,0.0,0.8,0.2,0.0,0.0,0.2,0.8,0.2,0.8,0.2,0.8,0.0,0.0,0.2,0.8,0.0,0.0,0.8,0.2,0.0,0.0,0.2,0.8,0.2,0.8,0.3,0.0,1.0,0.0,0.3,0.0,0.0,0.0,0.4,0.0,0.0,0.0,0.3,0.0,0.1,0.0,0.3,0.7,0.3,0.7,0.7,0.3,1.0,0.0
1984-02-29,0.6,0.4,1.0,0.0,0.4,0.0,0.15069937071360523,0.0,0.0,0.0,0.0,1.0,0.0,0.0,0.5059191821868517,0.4940808178131482,1.0,0.0,0.6,0.4,1.0,0.0,1.0,0.0,1.0,0.0,1.0,0.0,0.9,0.0,0.0,0.0,1.0,0.0,1.0,0.0,0.3,0.7,0.0,0.0,0.1,0.9,0.0,0.0,0.1,0.9,0.0,0.0,0.3,0.7,0.3,0.7,0.2,0.8,0.0,0.0,0.2,0.8,0.0,0.0,0.8,0.2,0.0,0.0,0.2,0.8,0.2,0.8,0.2,0.8,0.0,0.0,0.2,0.8,0.0,0.0,0.8,0.2,0.0,0.0,0.2,0.8,0.2,0.8,0.0,0.0,0.0,0.0,0.2,0.0,0.0,0.0,0.3,0.0,0.0,0.0,0.0,0.0,0.1,0.0,0.3,0.7,0.3,0.7,0.6,0.4,0.8,0.2
1984-03-31,0.6,0.4,1.0,0.0,0.4,0.0,0.2586391169671176,0.0,0.0,0.0,0.0,1.0,0.0,0.0,0.5089073639387421,0.49109263606125775,0.0,0.0,0.0,0.0,1.0,0.0,1.0,0.0,0.9,0.0,1.0,0.0,0.9,0.0,0.0,0.0,1.0,0.0,1.0,0.0,0.3,0.7,0.0,0.0,0.1,0.9,0.0,0.0,0.1,0.9,0.0,0.0,0.3,0.7,0.3,0.7,0.2,0.8,0.0,0.0,0.2,0.8,0.0,0.0,0.8,0.2,0.0,0.0,0.2,0.8,0.2,0.8,0.2,0.8,0.0,0.0,0.2,0.8,0.0,0.0,0.8,0.2,0.0,0.0,0.2,0.8,0.2,0.8,0.0,0.0,0.0,0.0,0.2,0.0,0.0,0.0,0.4,0.0,0.0,0.0,0.0,0.0,0.1,0.0,0.3,0.7,0.3,0.7,0.3,0.6,0.9,0.1
1984-04-30,0.6,0.4,1.0,0.0,0.4,0.0,0.3579867790726529,0.0,0.0,0.0,0.0,1.0,0.0,0.0,0.5031011470881991,0.49689885291180086,0.0,0.0,0.0,0.0,1.0,0.0,1.0,0.0,1.0,0.0,1.0,0.0,1.0,0.0,0.0,0.0,1.0,0.0,1.0,0.0,0.3,0.7,0.0,0.0,0.1,0.9,0.0,0.0,0.1,0.9,0.0,0.0,0.3,0.7,0.3,0.7,0.2,0.8,0.0,0.0,0.2,0.8,0.0,0.0,0.8,0.2,0.0,0.0,0.2,0.8,0.2,0.8,0.2,0.8,0.0,0.0,0.2,0.8,0.0,0.0,0.8,0.2,0.0,0.0,0.2,0.8,0.2,0.8,0.0,0.0,0.0,0.0,0.2,0.0,0.0,0.0,0.4,0.0,0.0,0.0,0.0,0.0,0.1,0.0,0.3,0.7,0.3,0.7,0.0,0.6,1.0,0.0
1984-05-31,0.6,0.4,1.0,0.0,0.4,0.0,0.31551301054457964,0.0,0.0,0.0,0.0,1.0,0.0,0.0,0.4985857742999172,0.5014142257000828,0.0,0.0,0.0,0.0,1.0,0.0,1.0,0.0,1.0,0.0,1.0,0.0,1.0,0.0,0.0,0.0,1.0,0.0,1.0,0.0,0.3,0.7,0.0,0.0,0.1,0.9,0.0,0.0,0.1,0.9,0.0,0.0,0.3,0.7,0.3,0.7,0.2,0.8,0.0,0.0,0.2,0.8,0.0,0.0,0.7,0.3,0.0,0.0,0.2,0.8,0.2,0.8,0.2,0.8,0.0,0.0,0.2,0.8,0.0,0.0,0.8,0.2,0.0,0.0,0.2,0.8,0.2,0.8,0.0,0.0,0.0,0.0,0.2,0.0,0.0,0.0,0.2,0.0,0.0,0.0,0.0,0.0,0.0,0.0,0.3,0.7,0.3,0.7,0.0,0.6,0.0,0.6
1984-06-30,0.6,0.4,1.0,0.0,0.4,0.0,0.23015881105984914,0.0,0.0,0.0,0.0,1.0,0.0,0.0,0.4972816650585623,0.5027183349414378,0.0,0.0,0.0,0.0,1.0,0.0,1.0,0.0,0.9,0.0,1.0,0.0,1.0,0.0,0.0,0.0,1.0,0.0,1.0,0.0,0.3,0.7,0.0,0.0,0.1,0.9,0.0,0.0,0.1,0.9,0.0,0.0,0.3,0.7,0.3,0.7,0.2,0.8,0.0,0.0,0.2,0.8,0.0,0.0,0.6,0.4,0.0,0.0,0.2,0.8,0.2,0.8,0.2,0.8,0.0,0.0,0.2,0.8,0.0,0.0,0.8,0.2,0.0,0.0,0.2,0.8,0.2,0.8,0.1,0.0,0.0,0.0,0.3,0.0,0.0,0.0,0.2,0.0,0.0,0.0,0.0,0.0,0.0,0.0,0.3,0.7,0.3,0.7,0.0,0.6,0.3,0.6
1984-07-31,0.6,0.4,1.0,0.0,0.4,0.0,0.40682229214807536,0.0,0.0,0.0,0.0,1.0,0.0,0.0,0.4981924629429105,0.5018075370570895,0.0,0.0,0.0,0.0,1.0,0.0,1.0,0.0,1.0,0.0,1.0,0.0,1.0,0.0,0.0,0.0,1.0,0.0,1.0,0.0,0.3,0.7,0.0,0.0,0.1,0.9,0.0,0.0,0.1,0.9,0.0,0.0,0.3,0.7,0.3,0.7,0.2,0.8,0.0,0.0,0.2,0.8,0.0,0.0,0.8,0.2,0.0,0.0,0.2,0.8,0.2,0.8,0.2,0.8,0.0,0.0,0.2,0.8,0.0,0.0,0.8,0.2,0.0,0.0,0.2,0.8,0.2,0.8,0.0,0.0,0.0,0.0,0.2,0.0,0.0,0.0,0.2,0.0,0.0,0.0,0.0,0.0,0.0,0.0,0.3,0.7,0.3,0.7,0.0,0.6,0.0,0.6
1984-08-31,0.6,0.4,1.0,0.0,0.4,0.0,0.10031658774067123,0.0,1.0,0.0,1.0,0.0,0.0,0.0,0.4839004726247238,0.5160995273752761,1.0,0.0,0.6,0.4,0.6,0.0,1.0,0.0,0.5,0.0,0.0,0.0,0.5,0.0,0.0,0.0,0.8,0.0,1.0,0.0,0.3,0.7,0.0,0.0,0.1,0.9,0.0,0.0,0.1,0.9,0.0,0.0,0.3,0.7,0.3,0.7,0.2,0.8,0.0,0.0,0.2,0.8,0.0,0.0,0.8,0.2,0.0,0.0,0.2,0.8,0.2,0.8,0.2,0.8,0.0,0.0,0.2,0.8,0.0,0.0,0.8,0.2,0.0,0.0,0.2,0.8,0.2,0.8,0.0,0.0,0.0,0.0,0.1,0.0,0.0,0.0,0.2,0.0,0.0,0.0,0.0,0.0,0.0,0.0,0.3,0.7,0.3,0.7,0.0,0.6,0.0,0.6
1984-09-30,0.6,0.4,1.0,0.0,0.4,0.0,0.43058771642374893,0.0,1.0,0.0,1.0,0.0,0.0,0.0,0.49188487789336455,0.5081151221066353,1.0,0.0,0.6,0.4,1.0,0.0,1.0,0.0,0.8,0.0,0.0,0.0,0.9,0.0,0.0,0.0,1.0,0.0,1.0,0.0,0.3,0.7,0.0,0.0,0.1,0.9,0.0,0.0,0.3,0.7,0.0,0.0,0.3,0.7,0.3,0.7,0.2,0.8,0.0,0.0,0.2,0.8,0.0,0.0,0.8,0.2,0.0,0.0,0.2,0.8,0.2,0.8,0.2,0.8,0.0,0.0,0.2,0.8,0.0,0.0,0.8,0.2,0.0,0.0,0.2,0.8,0.2,0.8,0.0,0.0,0.0,0.0,0.2,0.0,0.0,0.0,0.2,0.0,0.0,0.0,0.0,0.0,0.0,0.0,0.3,0.7,0.3,0.7,0.0,0.6,0.0,0.6
1984-10-31,0.6,0.4,1.0,0.0,0.4,0.0,0.29216276969200244,0.0,1.0,0.0,1.0,0.0,0.0,0.0,0.490062275528804,0.509937724471196,1.0,0.0,0.6,0.4,1.0,0.0,1.0,0.0,0.9,0.0,0.0,0.0,1.0,0.0,0.0,0.0,1.0,0.0,1.0,0.0,0.3,0.7,0.0,0.0,0.2,0.8,0.0,0.0,1.0,0.0,0.0,0.0,0.3,0.7,0.3,0.7,0.2,0.8,0.0,0.0,0.2,0.8,0.0,0.0,0.8,0.2,0.0,0.0,0.2,0.8,0.2,0.8,0.2,0.8,0.0,0.0,0.2,0.8,0.0,0.0,0.8,0.2,0.0,0.0,0.2,0.8,0.2,0.8,0.0,0.0,0.0,0.0,0.2,0.0,0.0,0.0,0.2,0.0,0.0,0.0,0.0,0.0,0.0,0.0,0.3,0.7,0.3,0.7,0.1,0.6,0.0,0.6
1984-11-30,0.6,0.4,1.0,0.0,0.4,0.0,0.3553805478031145,0.0,1.0,0.0,1.0,0.0,0.0,0.0,0.4534316187673536,0.5465683812326464,0.0,0.0,0.0,0.0,1.0,0.0,1.0,0.0,1.0,0.0,1.0,0.0,1.0,0.0,0.0,0.0,1.0,0.0,1.0,0.0,0.3,0.7,0.0,0.0,0.1,0.9,0.0,0.0,0.1,0.9,0.0,0.0,0.3,0.7,0.3,0.7,0.2,0.8,0.0,0.0,0.2,0.8,0.0,0.0,0.8,0.2,0.0,0.0,0.2,0.8,0.2,0.8,0.2,0.8,0.0,0.0,0.2,0.8,0.0,0.0,0.8,0.2,0.0,0.0,0.2,0.8,0.2,0.8,0.0,0.0,0.0,0.0,0.3,0.0,0.0,0.0,0.2,0.0,0.0,0.0,0.0,0.0,0.0,0.0,0.3,0.7,0.3,0.7,0.1,0.6,0.2,0.6
1984-12-31,0.6,0.4,1.0,0.0,0.4,0.0,0.30919697090433,0.0,1.0,0.0,1.0,0.0,0.0,0.0,0.43534781109647813,0.5646521889035218,1.0,0.0,0.6,0.4,1.0,0.0,1.0,0.0,1.0,0.0,1.0,0.0,1.0,0.0,0.0,0.0,1.0,0.0,1.0,0.0,0.3,0.7,0.0,0.0,0.1,0.9,0.0,0.0,0.1,0.9,0.0,0.0,0.3,0.7,0.3,0.7,0.2,0.8,0.0,0.0,0.2,0.8,0.0,0.0,1.0,0.0,0.0,0.0,0.2,0.8,0.2,0.8,0.2,0.8,0.0,0.0,1.0,0.0,1.0,0.0,0.9,0.1,0.0,0.0,0.2,0.8,0.2,0.8,0.5,0.1,1.0,0.0,0.5,0.0,0.0,0.0,0.4,0.0,0.0,0.0,0.5,0.0,0.3,0.0,0.3,0.7,0.3,0.7,0.0,0.6,0.7,0.3
1985-01-31,0.6,0.4,1.0,0.0,0.4,0.0,0.2080579733304166,0.0,1.0,0.0,1.0,0.0,1.0,0.0,0.4298929935867292,0.5701070064132707,1.0,0.0,0.6,0.4,1.0,0.0,1.0,0.0,0.8,0.0,0.0,0.0,1.0,0.0,0.0,0.0,1.0,0.0,1.0,0.0,0.3,0.7,0.0,0.0,0.1,0.9,0.0,0.0,0.1,0.9,0.0,0.0,0.3,0.7,0.3,0.7,0.2,0.8,0.0,0.0,0.2,0.8,0.0,0.0,1.0,0.0,0.0,0.0,0.2,0.8,0.2,0.8,0.2,0.8,0.0,0.0,1.0,0.0,1.0,0.0,0.9,0.1,0.0,0.0,0.2,0.8,0.2,0.8,0.0,0.0,0.0,0.0,0.2,0.0,0.0,0.0,0.2,0.0,0.0,0.0,0.0,0.0,0.1,0.0,0.3,0.7,0.3,0.7,0.0,0.6,0.4,0.6
1985-02-28,0.6,0.4,1.0,0.0,0.4,0.0,0.4529966091650664,0.0,1.0,0.0,1.0,0.0,1.0,0.0,0.4500710210921577,0.5499289789078423,1.0,0.0,0.6,0.4,1.0,0.0,1.0,0.0,1.0,0.0,1.0,0.0,1.0,0.0,0.0,0.0,1.0,0.0,1.0,0.0,0.3,0.7,0.0,0.0,0.1,0.9,0.0,0.0,0.1,0.9,0.0,0.0,0.3,0.7,0.3,0.7,0.2,0.8,0.0,0.0,0.2,0.8,0.0,0.0,1.0,0.0,0.0,0.0,0.2,0.8,0.2,0.8,0.2,0.8,0.0,0.0,1.0,0.0,1.0,0.0,0.9,0.1,0.0,0.0,0.2,0.8,0.2,0.8,0.0,0.0,0.0,0.0,0.2,0.0,0.0,0.0,0.2,0.0,0.0,0.0,0.0,0.0,0.0,0.0,0.3,0.7,0.3,0.7,0.0,0.6,0.0,0.6
1985-03-31,0.6,0.4,1.0,0.0,0.4,0.0,0.44958202431337363,0.0,1.0,0.0,1.0,0.0,1.0,0.0,0.4512265800046387,0.5487734199953613,1.0,0.0,0.6,0.4,1.0,0.0,1.0,0.0,1.0,0.0,1.0,0.0,1.0,0.0,0.0,0.0,1.0,0.0,1.0,0.0,0.3,0.7,0.0,0.0,0.1,0.9,0.0,0.0,0.1,0.9,0.0,0.0,0.3,0.7,0.3,0.7,0.2,0.8,0.0,0.0,0.2,0.8,0.0,0.0,1.0,0.0,0.0,0.0,0.2,0.8,0.2,0.8,0.2,0.8,0.0,0.0,1.0,0.0,1.0,0.0,0.9,0.1,0.0,0.0,0.2,0.8,0.2,0.8,0.0,0.0,0.0,0.0,0.2,0.0,0.0,0.0,0.2,0.0,0.0,0.0,0.0,0.0,0.0,0.0,0.3,0.7,0.3,0.7,0.0,0.6,0.1,0.6
1985-04-30,0.6,0.4,1.0,0.0,0.4,0.0,0.74258320084104,0.0,1.0,0.0,1.0,0.0,1.0,0.0,0.45046968908837787,0.5495303109116222,1.0,0.0,0.6,0.4,1.0,0.0,1.0,0.0,1.0,0.0,1.0,0.0,1.0,0.0,0.0,0.0,1.0,0.0,1.0,0.0,0.3,0.7,0.0,0.0,0.1,0.9,0.0,0.0,0.1,0.9,0.0,0.0,0.3,0.7,0.3,0.7,0.2,0.8,0.0,0.0,0.2,0.8,0.0,0.0,1.0,0.0,0.0,0.0,0.2,0.8,0.2,0.8,0.2,0.8,0.0,0.0,1.0,0.0,1.0,0.0,0.9,0.1,0.0,0.0,0.2,0.8,0.2,0.8,0.0,0.0,0.0,0.0,0.2,0.0,0.0,0.0,0.2,0.0,0.0,0.0,0.0,0.0,0.0,0.0,0.3,0.7,0.3,0.7,0.0,0.6,0.3,0.6
1985-05-31,0.6,0.4,1.0,0.0,0.4,0.0,0.3663216182409313,0.0,1.0,0.0,1.0,0.0,1.0,0.0,0.4668501947885809,0.5331498052114191,1.0,0.0,0.6,0.4,1.0,0.0,1.0,0.0,1.0,0.0,1.0,0.0,1.0,0.0,0.0,0.0,1.0,0.0,1.0,0.0,0.3,0.7,0.0,0.0,0.1,0.9,0.0,0.0,0.1,0.9,0.0,0.0,0.3,0.7,0.3,0.7,0.2,0.8,0.0,0.0,0.2,0.8,0.0,0.0,1.0,0.0,0.0,0.0,0.2,0.8,0.2,0.8,0.2,0.8,0.0,0.0,1.0,0.0,1.0,0.0,0.9,0.1,0.0,0.0,0.2,0.8,0.2,0.8,0.0,0.0,0.0,0.0,0.2,0.0,0.0,0.0,0.2,0.0,0.0,0.0,0.0,0.0,0.0,0.0,0.3,0.7,0.3,0.7,0.3,0.6,0.0,0.6
1985-06-30,0.6,0.4,1.0,0.0,0.4,0.0,0.5528855774862316,0.0,1.0,0.0,1.0,0.0,1.0,0.0,0.46638996416428347,0.5336100358357165,1.0,0.0,0.6,0.4,1.0,0.0,1.0,0.0,1.0,0.0,1.0,0.0,1.0,0.0,0.0,0.0,1.0,0.0,1.0,0.0,0.3,0.7,0.0,0.0,0.1,0.9,0.0,0.0,0.1,0.9,0.0,0.0,0.3,0.7,0.3,0.7,0.2,0.8,0.0,0.0,0.2,0.8,0.0,0.0,1.0,0.0,0.0,0.0,0.2,0.8,0.2,0.8,0.2,0.8,0.0,0.0,1.0,0.0,1.0,0.0,0.9,0.1,0.0,0.0,0.2,0.8,0.2,0.8,0.1,0.0,0.0,0.0,0.2,0.0,0.0,0.0,0.2,0.0,0.0,0.0,0.0,0.0,0.0,0.0,0.3,0.7,0.3,0.7,0.4,0.6,0.2,0.6
1985-07-31,0.6,0.4,1.0,0.0,0.4,0.0,0.44340934035123664,0.0,1.0,0.0,1.0,0.0,1.0,0.0,0.46888012911660093,0.5311198708833992,1.0,0.0,0.6,0.4,1.0,0.0,1.0,0.0,1.0,0.0,1.0,0.0,1.0,0.0,0.0,0.0,1.0,0.0,1.0,0.0,0.3,0.7,0.0,0.0,0.1,0.9,0.0,0.0,0.1,0.9,0.0,0.0,0.3,0.7,0.3,0.7,0.2,0.8,0.0,0.0,0.2,0.8,0.0,0.0,1.0,0.0,0.0,0.0,0.2,0.8,0.2,0.8,0.2,0.8,0.0,0.0,1.0,0.0,1.0,0.0,0.9,0.1,0.0,0.0,0.2,0.8,0.2,0.8,0.0,0.0,0.0,0.0,0.2,0.0,0.0,0.0,0.2,0.0,0.0,0.0,0.0,0.0,0.0,0.0,0.3,0.7,0.3,0.7,0.5,0.5,0.4,0.6
1985-08-31,0.6,0.4,1.0,0.0,0.4,0.0,0.5614612431266858,0.0,1.0,0.0,1.0,0.0,1.0,0.0,0.4794116832989705,0.5205883167010296,1.0,0.0,0.6,0.4,1.0,0.0,1.0,0.0,1.0,0.0,1.0,0.0,1.0,0.0,0.0,0.0,1.0,0.0,1.0,0.0,0.3,0.7,0.0,0.0,0.1,0.9,0.0,0.0,0.1,0.9,0.0,0.0,0.3,0.7,0.3,0.7,0.2,0.8,0.0,0.0,0.2,0.8,0.0,0.0,1.0,0.0,0.0,0.0,0.2,0.8,0.2,0.8,0.2,0.8,0.0,0.0,1.0,0.0,1.0,0.0,0.9,0.1,0.0,0.0,0.2,0.8,0.2,0.8,0.0,0.0,0.0,0.0,0.2,0.0,0.0,0.0,0.2,0.0,0.0,0.0,0.0,0.0,0.0,0.0,0.3,0.7,0.3,0.7,0.4,0.6,0.6,0.4
1985-09-30,0.6,0.4,1.0,0.0,0.4,0.0,0.382472132153779,0.0,1.0,0.0,1.0,0.0,1.0,0.0,0.46528988330515997,0.5347101166948401,0.0,0.0,0.0,0.0,1.0,0.0,1.0,0.0,1.0,0.0,1.0,0.0,1.0,0.0,0.0,0.0,1.0,0.0,1.0,0.0,0.3,0.7,0.0,0.0,0.1,0.9,0.0,0.0,0.1,0.9,0.0,0.0,0.3,0.7,0.3,0.7,0.2,0.8,0.0,0.0,0.2,0.8,0.0,0.0,1.0,0.0,0.0,0.0,0.2,0.8,0.2,0.8,0.2,0.8,0.0,0.0,1.0,0.0,1.0,0.0,0.9,0.1,0.0,0.0,0.2,0.8,0.2,0.8,0.1,0.0,0.0,0.0,0.2,0.0,0.0,0.0,0.2,0.0,0.0,0.0,0.0,0.0,0.0,0.0,0.3,0.7,0.3,0.7,0.2,0.6,0.7,0.3
1985-10-31,0.6,0.4,1.0,0.0,0.4,0.0,0.38448449028918535,0.0,1.0,0.0,1.0,0.0,1.0,0.0,0.4834170487330708,0.5165829512669292,1.0,0.0,0.6,0.4,1.0,0.0,1.0,0.0,1.0,0.0,1.0,0.0,1.0,0.0,0.0,0.0,1.0,0.0,1.0,0.0,0.3,0.7,0.0,0.0,0.1,0.9,0.0,0.0,0.1,0.9,0.0,0.0,0.3,0.7,0.3,0.7,0.2,0.8,0.0,0.0,0.2,0.8,0.0,0.0,1.0,0.0,0.0,0.0,0.2,0.8,0.2,0.8,0.2,0.8,0.0,0.0,1.0,0.0,1.0,0.0,0.9,0.1,0.0,0.0,0.2,0.8,0.2,0.8,0.0,0.0,0.0,0.0,0.2,0.0,0.0,0.0,0.2,0.0,0.0,0.0,0.0,0.0,0.0,0.0,0.3,0.7,0.3,0.7,0.0,0.6,0.8,0.2
1985-11-30,0.6,0.4,1.0,0.0,0.4,0.0,0.35819097954020807,0.0,1.0,0.0,1.0,0.0,1.0,0.0,0.4810188157650399,0.51898118423496,1.0,0.0,0.6,0.4,1.0,0.0,1.0,0.0,1.0,0.0,1.0,0.0,1.0,0.0,0.0,0.0,1.0,0.0,1.0,0.0,0.3,0.7,0.0,0.0,0.1,0.9,0.0,0.0,0.1,0.9,0.0,0.0,0.3,0.7,0.3,0.7,0.2,0.8,0.0,0.0,0.2,0.8,0.0,0.0,1.0,0.0,0.0,0.0,0.2,0.8,0.2,0.8,0.2,0.8,0.0,0.0,1.0,0.0,1.0,0.0,0.8,0.2,0.0,0.0,0.2,0.8,0.2,0.8,0.0,0.0,0.0,0.0,0.2,0.0,0.0,0.0,0.2,0.0,0.0,0.0,0.0,0.0,0.0,0.0,0.3,0.7,0.3,0.7,0.0,0.6,0.5,0.5
1985-12-31,0.6,0.4,1.0,0.0,0.4,0.1,0.27925071085674635,0.0,1.0,0.0,1.0,0.0,1.0,0.0,0.48291444055963195,0.517085559440368,1.0,0.0,0.6,0.4,1.0,0.0,1.0,0.0,1.0,0.0,1.0,0.0,1.0,0.0,0.0,0.0,1.0,0.0,1.0,0.0,0.2,0.8,0.0,0.0,0.1,0.9,0.0,0.0,0.1,0.9,0.0,0.0,0.2,0.8,0.2,0.8,0.2,0.8,0.0,0.0,0.2,0.8,0.0,0.0,1.0,0.0,0.0,0.0,0.2,0.8,0.2,0.8,0.2,0.8,0.0,0.0,0.2,0.8,0.0,0.0,1.0,0.0,0.0,0.0,0.2,0.8,0.2,0.8,0.0,0.1,0.0,0.0,0.3,0.0,0.0,0.0,0.3,0.0,0.0,0.0,0.0,0.1,0.0,0.1,0.3,0.7,0.3,0.7,0.0,0.6,0.1,0.6
1986-01-31,0.6,0.4,1.0,0.0,0.4,0.1,0.1977009980898526,0.0,1.0,0.0,1.0,0.0,1.0,0.0,0.4797637512451263,0.5202362487548737,1.0,0.0,0.6,0.4,1.0,0.0,1.0,0.0,1.0,0.0,1.0,0.0,1.0,0.0,0.0,0.0,1.0,0.0,1.0,0.0,0.2,0.8,0.0,0.0,0.1,0.9,0.0,0.0,0.1,0.9,0.0,0.0,0.2,0.8,0.2,0.8,0.2,0.8,0.0,0.0,0.2,0.8,0.0,0.0,1.0,0.0,0.0,0.0,0.2,0.8,0.2,0.8,0.2,0.8,0.0,0.0,0.2,0.8,0.0,0.0,1.0,0.0,0.0,0.0,0.2,0.8,0.2,0.8,0.0,0.1,0.0,0.0,0.3,0.0,0.0,0.0,0.3,0.0,0.0,0.0,0.0,0.1,0.0,0.1,0.3,0.7,0.3,0.7,0.0,0.6,0.5,0.5
1986-02-28,0.6,0.4,1.0,0.0,0.4,0.1,0.33362610985323177,0.0,1.0,0.0,1.0,0.0,1.0,0.0,0.49615220661797077,0.5038477933820293,1.0,0.0,0.6,0.4,1.0,0.0,1.0,0.0,1.0,0.0,1.0,0.0,1.0,0.0,0.0,0.0,1.0,0.0,1.0,0.0,0.2,0.8,0.0,0.0,0.6,0.4,1.0,0.0,0.3,0.7,0.0,0.0,0.2,0.8,0.2,0.8,0.2,0.8,0.0,0.0,0.2,0.8,0.0,0.0,1.0,0.0,0.0,0.0,0.2,0.8,0.2,0.8,0.2,0.8,0.0,0.0,0.2,0.8,0.0,0.0,1.0,0.0,0.0,0.0,0.2,0.8,0.2,0.8,0.0,0.1,0.0,0.0,0.3,0.0,0.0,0.0,0.3,0.0,0.0,0.0,0.0,0.1,0.0,0.1,0.3,0.7,0.3,0.7,0.0,0.6,0.0,0.6
1986-03-31,0.6,0.4,1.0,0.0,0.4,0.1,0.3138816606385554,0.0,1.0,0.0,1.0,0.0,1.0,0.0,0.5009163235300954,0.4990836764699046,1.0,0.0,0.6,0.4,1.0,0.0,1.0,0.0,1.0,0.0,1.0,0.0,1.0,0.0,0.0,0.0,1.0,0.0,1.0,0.0,0.4,0.3,0.0,0.0,1.0,0.0,1.0,0.0,1.0,0.0,1.0,0.0,0.3,0.7,0.2,0.8,0.2,0.8,0.0,0.0,0.2,0.8,0.0,0.0,1.0,0.0,0.0,0.0,0.2,0.8,0.2,0.8,0.2,0.8,0.0,0.0,0.2,0.8,0.0,0.0,1.0,0.0,0.0,0.0,0.2,0.8,0.2,0.8,0.0,0.1,0.0,0.0,0.3,0.0,0.0,0.0,0.3,0.0,0.0,0.0,0.0,0.1,0.0,0.1,0.3,0.7,0.3,0.7,0.0,0.6,0.0,0.6
1986-04-30,0.6,0.4,1.0,0.0,0.4,0.1,0.15093587445082962,0.0,1.0,0.0,1.0,0.0,1.0,0.0,0.5090330261198895,0.4909669738801104,1.0,0.0,0.6,0.4,1.0,0.0,1.0,0.0,0.7,0.0,0.0,0.0,0.7,0.0,0.0,0.0,1.0,0.0,1.0,0.0,0.3,0.7,0.0,0.0,1.0,0.0,1.0,0.0,1.0,0.0,0.0,0.0,0.3,0.7,0.2,0.8,0.2,0.8,0.0,0.0,0.2,0.8,0.0,0.0,1.0,0.0,0.0,0.0,0.2,0.8,0.2,0.8,0.2,0.8,0.0,0.0,0.2,0.8,0.0,0.0,0.9,0.1,0.0,0.0,0.2,0.8,0.2,0.8,0.0,0.1,0.0,0.0,0.3,0.0,0.0,0.0,0.3,0.0,0.0,0.0,0.0,0.1,0.0,0.1,0.3,0.7,0.3,0.7,0.0,0.6,0.1,0.6
1986-05-31,0.6,0.4,1.0,0.0,0.4,0.1,0.28216302042282176,0.0,1.0,0.0,1.0,0.0,1.0,0.0,0.5090533469729921,0.49094665302700785,1.0,0.0,0.6,0.4,1.0,0.0,1.0,0.0,0.7,0.0,0.0,0.0,0.8,0.0,0.0,0.0,1.0,0.0,1.0,0.0,0.2,0.8,0.0,0.0,1.0,0.0,1.0,0.0,1.0,0.0,0.0,0.0,0.2,0.8,0.2,0.8,0.2,0.8,0.0,0.0,0.2,0.8,0.0,0.0,1.0,0.0,0.0,0.0,0.2,0.8,0.2,0.8,0.2,0.8,0.0,0.0,0.2,0.8,0.0,0.0,1.0,0.0,0.0,0.0,0.2,0.8,0.2,0.8,0.0,0.1,0.0,0.0,0.3,0.0,0.0,0.0,0.3,0.0,0.0,0.0,0.0,0.1,0.0,0.1,0.3,0.7,0.3,0.7,0.0,0.6,0.0,0.6
1986-06-30,0.6,0.4,1.0,0.0,0.4,0.1,0.2756394643258993,0.0,1.0,0.0,1.0,0.0,1.0,0.0,0.5146634541386419,0.48533654586135816,1.0,0.0,0.6,0.4,1.0,0.0,1.0,0.0,0.7,0.0,0.0,0.0,0.8,0.0,0.0,0.0,1.0,0.0,1.0,0.0,0.2,0.8,0.0,0.0,1.0,0.0,1.0,0.0,1.0,0.0,0.0,0.0,0.2,0.8,0.2,0.8,0.2,0.8,0.0,0.0,0.2,0.8,0.0,0.0,1.0,0.0,0.0,0.0,0.2,0.8,0.2,0.8,0.2,0.8,0.0,0.0,0.2,0.8,0.0,0.0,1.0,0.0,0.0,0.0,0.2,0.8,0.2,0.8,0.0,0.1,0.0,0.0,0.3,0.0,0.0,0.0,0.3,0.0,0.0,0.0,0.0,0.1,0.0,0.1,0.3,0.7,0.3,0.7,0.0,0.6,0.0,0.6
1986-07-31,0.6,0.4,1.0,0.0,0.4,0.1,0.1302567324037501,0.0,1.0,0.0,1.0,0.0,1.0,0.0,0.49829767700651406,0.5017023229934859,0.0,0.0,0.0,0.0,0.8,0.0,1.0,0.0,0.5,0.0,0.0,0.0,0.5,0.0,0.0,0.0,0.9,0.0,1.0,0.0,0.2,0.8,0.0,0.0,1.0,0.0,1.0,0.0,1.0,0.0,0.0,0.0,0.2,0.8,0.2,0.8,0.2,0.8,0.0,0.0,0.2,0.8,0.0,0.0,0.9,0.1,0.0,0.0,0.2,0.8,0.2,0.8,0.2,0.8,0.0,0.0,0.2,0.8,0.0,0.0,0.9,0.1,0.0,0.0,0.2,0.8,0.2,0.8,0.0,0.1,0.0,0.0,0.3,0.0,0.0,0.0,0.3,0.0,0.0,0.0,0.0,0.1,0.0,0.1,0.3,0.7,0.3,0.7,0.0,0.6,0.0,0.6
1986-08-31,0.6,0.4,1.0,0.0,0.4,0.1,0.3041780805707082,0.0,1.0,0.0,1.0,0.0,1.0,0.0,0.4941547181650401,0.5058452818349599,1.0,0.0,0.6,0.4,1.0,0.0,1.0,0.0,0.6,0.0,0.0,0.0,0.6,0.0,0.0,0.0,1.0,0.0,1.0,0.0,0.2,0.8,0.0,0.0,1.0,0.0,1.0,0.0,1.0,0.0,0.0,0.0,0.2,0.8,0.2,0.8,0.2,0.8,0.0,0.0,0.2,0.8,0.0,0.0,1.0,0.0,0.0,0.0,0.2,0.8,0.2,0.8,0.2,0.8,0.0,0.0,0.2,0.8,0.0,0.0,1.0,0.0,0.0,0.0,0.2,0.8,0.2,0.8,0.0,0.1,0.0,0.0,0.3,0.0,0.0,0.0,0.3,0.0,0.0,0.0,0.0,0.1,0.0,0.1,0.3,0.7,0.3,0.7,0.0,0.6,0.0,0.6
1986-09-30,0.6,0.4,1.0,0.0,0.4,0.1,0.0811969848634401,0.0,0.0,0.0,0.0,1.0,1.0,0.0,0.4831760515806326,0.5168239484193674,0.0,0.0,0.0,0.0,0.2,0.3,1.0,0.0,0.4,0.0,0.0,0.0,0.4,0.0,0.0,0.0,0.3,0.0,0.6,0.0,0.2,0.8,0.0,0.0,0.1,0.9,0.0,0.0,0.1,0.9,0.0,0.0,0.2,0.8,0.2,0.8,0.2,0.8,0.0,0.0,0.2,0.8,0.0,0.0,0.7,0.3,0.0,0.0,0.2,0.8,0.2,0.8,0.2,0.8,0.0,0.0,0.2,0.8,0.0,0.0,0.9,0.1,0.0,0.0,0.2,0.8,0.2,0.8,0.0,0.1,0.0,0.0,0.3,0.0,0.0,0.0,0.3,0.0,0.0,0.0,0.0,0.1,0.0,0.1,0.3,0.7,0.3,0.7,0.0,0.6,0.0,0.6
1986-10-31,0.6,0.4,1.0,0.0,0.4,0.1,0.39881725670592366,0.0,1.0,0.0,1.0,0.0,1.0,0.0,0.4818331633510799,0.5181668366489202,0.0,0.0,0.0,0.0,0.8,0.0,1.0,0.0,0.6,0.0,0.0,0.0,0.7,0.0,0.0,0.0,0.8,0.0,0.6,0.0,0.2,0.8,0.0,0.0,0.1,0.9,0.0,0.0,0.1,0.9,0.0,0.0,0.2,0.8,0.2,0.8,0.2,0.8,0.0,0.0,0.2,0.8,0.0,0.0,1.0,0.0,0.0,0.0,0.2,0.8,0.2,0.8,0.2,0.8,0.0,0.0,0.2,0.8,0.0,0.0,1.0,0.0,0.0,0.0,0.2,0.8,0.2,0.8,0.0,0.1,0.0,0.0,0.3,0.0,0.0,0.0,0.3,0.0,0.0,0.0,0.0,0.1,0.0,0.1,0.3,0.7,0.3,0.7,0.1,0.6,0.0,0.6
1986-11-30,0.6,0.4,1.0,0.0,0.4,0.1,0.22495645838574643,0.0,1.0,0.0,1.0,0.0,1.0,0.0,0.48238404995296674,0.5176159500470333,1.0,0.0,0.6,0.4,0.9,0.0,1.0,0.0,0.6,0.0,0.0,0.0,0.6,0.0,0.0,0.0,0.9,0.0,0.8,0.0,0.2,0.8,0.0,0.0,0.1,0.9,0.0,0.0,0.1,0.9,0.0,0.0,0.2,0.8,0.2,0.8,0.2,0.8,0.0,0.0,0.2,0.8,0.0,0.0,1.0,0.0,0.0,0.0,0.2,0.8,0.2,0.8,0.2,0.8,0.0,0.0,0.2,0.8,0.0,0.0,1.0,0.0,0.0,0.0,0.2,0.8,0.2,0.8,0.0,0.1,0.0,0.0,0.3,0.0,0.0,0.0,0.3,0.0,0.0,0.0,0.0,0.1,0.0,0.1,0.3,0.7,0.3,0.7,0.1,0.6,0.2,0.6
1986-12-31,0.6,0.4,1.0,0.0,0.4,0.2,0.30424401879034224,0.0,0.0,0.0,0.0,1.0,1.0,0.0,0.4796824838403308,0.5203175161596691,1.0,0.0,0.6,0.4,1.0,0.0,1.0,0.0,0.6,0.0,0.0,0.0,0.7,0.0,0.0,0.0,1.0,0.0,1.0,0.0,0.2,0.8,0.0,0.0,0.1,0.9,0.0,0.0,0.1,0.9,0.0,0.0,0.2,0.8,0.2,0.8,0.2,0.8,0.0,0.0,0.2,0.8,0.0,0.0,1.0,0.0,0.0,0.0,0.2,0.8,0.2,0.8,0.2,0.8,0.0,0.0,0.2,0.8,0.0,0.0,0.9,0.1,0.0,0.0,0.2,0.8,0.2,0.8,0.1,0.2,0.0,0.0,0.3,0.0,0.0,0.0,0.3,0.0,0.0,0.0,0.0,0.2,0.0,0.1,0.3,0.7,0.3,0.7,0.0,0.6,0.6,0.4
1987-01-31,0.6,0.4,1.0,0.0,0.4,0.2,0.12787069412866137,0.0,1.0,0.0,1.0,0.0,1.0,0.0,0.4582453829083577,0.5417546170916422,1.0,0.0,0.6,0.4,0.8,0.0,1.0,0.0,0.5,0.0,0.0,0.0,0.5,0.0,0.0,0.0,0.9,0.0,1.0,0.0,0.2,0.8,0.0,0.0,0.1,0.9,0.0,0.0,0.1,0.9,0.0,0.0,0.2,0.8,0.2,0.8,0.2,0.8,0.0,0.0,0.2,0.8,0.0,0.0,1.0,0.0,0.0,0.0,0.2,0.8,0.2,0.8,0.2,0.8,0.0,0.0,0.2,0.8,0.0,0.0,0.9,0.1,0.0,0.0,0.2,0.8,0.2,0.8,0.0,0.2,0.0,0.0,0.0,0.2,0.0,0.0,0.1,0.1,0.0,0.0,0.0,0.2,0.0,0.1,0.3,0.7,0.3,0.7,0.2,0.6,0.0,0.6
1987-02-28,0.6,0.4,1.0,0.0,0.4,0.2,0.262746867743648,0.0,1.0,0.0,1.0,0.0,1.0,0.0,0.4597251051865379,0.5402748948134621,1.0,0.0,0.6,0.4,1.0,0.0,1.0,0.0,0.6,0.0,0.0,0.0,0.6,0.0,0.0,0.0,0.9,0.0,1.0,0.0,0.2,0.8,0.0,0.0,0.1,0.9,0.0,0.0,0.3,0.7,0.0,0.0,0.2,0.8,0.2,0.8,0.2,0.8,0.0,0.0,0.2,0.8,0.0,0.0,1.0,0.0,0.0,0.0,0.2,0.8,0.2,0.8,0.2,0.8,0.0,0.0,0.2,0.8,0.0,0.0,0.9,0.1,0.0,0.0,0.2,0.8,0.2,0.8,0.0,0.2,0.0,0.0,0.1,0.1,0.0,0.0,0.1,0.1,0.0,0.0,0.0,0.2,0.0,0.1,0.3,0.7,0.3,0.7,0.2,0.6,0.3,0.6
1987-03-31,0.6,0.4,1.0,0.0,0.4,0.2,0.2009665407800474,0.0,1.0,0.0,1.0,0.0,1.0,0.0,0.46099917501779214,0.5390008249822079,1.0,0.0,0.6,0.4,1.0,0.0,1.0,0.0,0.6,0.0,0.0,0.0,0.5,0.0,0.0,0.0,0.9,0.0,1.0,0.0,0.2,0.8,0.0,0.0,0.1,0.9,0.0,0.0,0.2,0.8,0.0,0.0,0.2,0.8,0.2,0.8,0.2,0.8,0.0,0.0,0.2,0.8,0.0,0.0,1.0,0.0,0.0,0.0,0.2,0.8,0.2,0.8,0.2,0.8,0.0,0.0,0.2,0.8,0.0,0.0,0.9,0.1,0.0,0.0,0.2,0.8,0.2,0.8,0.0,0.2,0.0,0.0,0.2,0.0,0.0,0.0,0.2,0.0,0.0,0.0,0.0,0.2,0.0,0.1,0.3,0.7,0.3,0.7,0.1,0.6,0.5,0.5
1987-04-30,0.6,0.4,1.0,0.0,0.4,0.2,0.09163220048094547,0.0,1.0,0.0,1.0,0.0,1.0,0.0,0.46710691032215107,0.532893089677849,1.0,0.0,0.6,0.4,0.3,0.3,1.0,0.0,0.5,0.0,0.0,0.0,0.4,0.0,0.0,0.0,0.4,0.0,0.7,0.0,0.2,0.8,0.0,0.0,0.1,0.9,0.0,0.0,0.1,0.9,0.0,0.0,0.2,0.8,0.2,0.8,0.2,0.8,0.0,0.0,0.2,0.8,0.0,0.0,0.9,0.1,0.0,0.0,0.2,0.8,0.2,0.8,0.2,0.8,0.0,0.0,0.2,0.8,0.0,0.0,0.8,0.2,0.0,0.0,0.2,0.8,0.2,0.8,0.0,0.2,0.0,0.0,0.3,0.0,0.0,0.0,0.3,0.0,0.0,0.0,0.0,0.2,0.0,0.2,0.3,0.7,0.3,0.7,0.5,0.5,0.0,0.6
1987-05-31,0.6,0.4,1.0,0.0,0.4,0.2,0.15849113708805868,0.0,1.0,0.0,1.0,0.0,1.0,0.0,0.4666320000341417,0.5333679999658583,1.0,0.0,0.6,0.4,0.3,0.3,1.0,0.0,0.5,0.0,0.0,0.0,0.5,0.0,0.0,0.0,0.3,0.0,0.6,0.0,0.2,0.8,0.0,0.0,0.1,0.9,0.0,0.0,0.1,0.9,0.0,0.0,0.2,0.8,0.2,0.8,0.2,0.8,0.0,0.0,0.2,0.8,0.0,0.0,1.0,0.0,0.0,0.0,0.2,0.8,0.2,0.8,0.2,0.8,0.0,0.0,0.2,0.8,0.0,0.0,0.9,0.1,0.0,0.0,0.2,0.8,0.2,0.8,0.0,0.2,0.0,0.0,0.3,0.0,0.0,0.0,0.3,0.0,0.0,0.0,0.0,0.2,0.0,0.2,0.3,0.7,0.3,0.7,0.6,0.4,0.3,0.6
1987-06-30,0.6,0.4,1.0,0.0,0.4,0.2,0.40982084681255393,0.0,1.0,0.0,1.0,0.0,1.0,0.0,0.4659532319128582,0.5340467680871418,1.0,0.0,0.6,0.4,0.8,0.0,1.0,0.0,0.7,0.0,0.0,0.0,0.7,0.0,0.0,0.0,0.8,0.0,0.7,0.0,0.2,0.8,0.0,0.0,0.1,0.9,0.0,0.0,0.1,0.9,0.0,0.0,0.2,0.8,0.2,0.8,0.2,0.8,0.0,0.0,0.2,0.8,0.0,0.0,1.0,0.0,0.0,0.0,0.2,0.8,0.2,0.8,0.2,0.8,0.0,0.0,0.2,0.8,0.0,0.0,0.9,0.1,0.0,0.0,0.2,0.8,0.2,0.8,0.2,0.2,0.0,0.0,0.4,0.0,0.0,0.0,0.4,0.0,0.0,0.0,0.2,0.2,0.0,0.2,0.3,0.7,0.3,0.7,0.4,0.6,0.8,0.2
1987-07-31,0.6,0.4,1.0,0.0,0.4,0.2,0.49781658227429254,0.0,1.0,0.0,1.0,0.0,1.0,0.0,0.46516325944830994,0.5348367405516902,1.0,0.0,0.6,0.4,1.0,0.0,1.0,0.0,1.0,0.0,1.0,0.0,1.0,0.0,0.0,0.0,1.0,0.0,1.0,0.0,0.2,0.8,0.0,0.0,0.1,0.9,0.0,0.0,0.1,0.9,0.0,0.0,0.2,0.8,0.2,0.8,0.2,0.8,0.0,0.0,0.2,0.8,0.0,0.0,1.0,0.0,0.0,0.0,0.2,0.8,0.2,0.8,0.2,0.8,0.0,0.0,0.2,0.8,0.0,0.0,0.9,0.1,0.0,0.0,0.2,0.8,0.2,0.8,0.1,0.2,0.0,0.0,0.3,0.0,0.0,0.0,0.4,0.0,0.0,0.0,0.2,0.2,0.0,0.2,0.3,0.7,0.3,0.7,0.2,0.6,0.9,0.1
1987-08-31,0.6,0.4,1.0,0.0,0.4,0.2,0.20790242070077622,0.0,1.0,0.0,1.0,0.0,1.0,0.0,0.48195305026856944,0.5180469497314306,1.0,0.0,0.6,0.4,1.0,0.0,1.0,0.0,0.7,0.0,0.0,0.0,0.9,0.0,0.0,0.0,1.0,0.0,1.0,0.0,0.2,0.8,0.0,0.0,0.1,0.9,0.0,0.0,0.1,0.9,0.0,0.0,0.2,0.8,0.2,0.8,0.2,0.8,0.0,0.0,0.2,0.8,0.0,0.0,1.0,0.0,0.0,0.0,0.2,0.8,0.2,0.8,0.2,0.8,0.0,0.0,0.2,0.8,0.0,0.0,0.9,0.1,0.0,0.0,0.2,0.8,0.2,0.8,0.1,0.2,0.0,0.0,0.3,0.0,0.0,0.0,0.4,0.0,0.0,0.0,0.1,0.2,0.0,0.2,0.3,0.7,0.3,0.7,0.0,0.6,0.9,0.1
1987-09-30,0.6,0.4,1.0,0.0,0.4,0.2,0.15978200478958315,0.0,1.0,0.0,1.0,0.0,1.0,0.0,0.48435358689560354,0.5156464131043964,1.0,0.0,0.6,0.4,0.9,0.0,1.0,0.0,0.6,0.0,0.0,0.0,0.6,0.0,0.0,0.0,1.0,0.0,1.0,0.0,0.2,0.8,0.0,0.0,0.1,0.9,0.0,0.0,0.1,0.9,0.0,0.0,0.2,0.8,0.2,0.8,0.2,0.8,0.0,0.0,0.2,0.8,0.0,0.0,1.0,0.0,0.0,0.0,0.2,0.8,0.2,0.8,0.2,0.8,0.0,0.0,0.2,0.8,0.0,0.0,0.9,0.1,0.0,0.0,0.2,0.8,0.2,0.8,0.0,0.2,0.0,0.0,0.3,0.0,0.0,0.0,0.3,0.0,0.0,0.0,0.0,0.2,0.0,0.2,0.3,0.7,0.3,0.7,0.0,0.6,0.5,0.5
1987-10-31,0.6,0.4,1.0,0.0,0.4,0.2,0.005273201877705698,0.0,0.0,0.0,0.0,1.0,0.0,0.0,0.4029185467401756,0.5970814532598243,1.0,0.0,0.6,0.4,0.0,0.7,0.0,0.0,0.0,1.0,0.0,0.0,0.0,1.0,0.0,0.0,0.0,0.7,0.0,0.6,0.2,0.8,0.0,0.0,0.1,0.9,0.0,0.0,0.1,0.9,0.0,0.0,0.2,0.8,0.2,0.8,0.2,0.8,0.0,0.0,0.2,0.8,0.0,0.0,0.0,1.0,0.0,0.0,0.2,0.8,0.2,0.8,0.2,0.8,0.0,0.0,0.2,0.8,0.0,0.0,0.0,1.0,0.0,0.0,0.2,0.8,0.2,0.8,0.0,0.2,0.0,0.0,0.0,1.0,0.0,0.0,0.0,1.0,0.0,0.0,0.0,0.2,0.0,0.2,0.3,0.7,0.3,0.7,0.0,0.6,0.0,0.6
1987-11-30,0.6,0.4,1.0,0.0,0.4,0.2,0.0531621227286641,0.0,0.0,0.0,0.0,1.0,0.0,0.0,0.3962186069075868,0.6037813930924132,0.0,0.0,0.0,0.0,0.0,0.7,0.0,0.0,0.0,1.0,0.0,0.0,0.0,1.0,0.0,0.0,0.0,0.7,0.0,0.6,0.2,0.8,0.0,0.0,0.1,0.9,0.0,0.0,0.1,0.9,0.0,0.0,0.2,0.8,0.2,0.8,0.2,0.8,0.0,0.0,0.2,0.8,0.0,0.0,0.0,1.0,0.0,0.0,0.2,0.8,0.2,0.8,0.2,0.8,0.0,0.0,0.2,0.8,0.0,0.0,0.0,1.0,0.0,0.0,0.2,0.8,0.2,0.8,0.0,0.2,0.0,0.0,0.0,1.0,0.0,0.0,0.0,1.0,0.0,0.0,0.0,0.2,0.0,0.2,0.3,0.7,0.3,0.7,0.0,0.6,0.0,0.6
1987-12-31,0.6,0.4,1.0,0.0,0.4,0.2,0.05403511052103415,0.0,0.0,0.0,0.0,1.0,1.0,0.0,0.3931907683372807,0.6068092316627193,0.0,0.0,0.0,0.0,0.0,0.9,0.0,0.0,0.0,1.0,0.0,0.0,0.0,1.0,0.0,0.0,0.0,0.8,0.0,0.7,0.2,0.8,0.0,0.0,0.1,0.9,0.0,0.0,0.1,0.9,0.0,0.0,0.2,0.8,0.2,0.8,0.2,0.8,0.0,0.0,0.0,0.8,0.0,0.0,0.0,1.0,0.0,0.0,0.2,0.8,0.2,0.8,0.2,0.8,0.0,0.0,0.2,0.8,0.0,0.0,0.0,1.0,0.0,0.0,0.2,0.8,0.2,0.8,0.0,0.2,0.0,0.0,0.0,1.0,0.0,0.0,0.0,1.0,0.0,0.0,0.0,0.2,0.0,0.2,0.3,0.7,0.3,0.7,0.0,0.6,0.1,0.6
1988-01-31,0.6,0.4,1.0,0.0,0.4,0.2,0.04151774057595291,0.0,0.0,0.0,0.0,1.0,0.0,0.0,0.40192309418788114,0.5980769058121188,0.0,0.0,0.0,0.0,0.0,0.9,0.0,0.0,0.0,1.0,0.0,0.0,0.0,1.0,0.0,0.0,0.0,0.8,0.0,0.7,0.2,0.8,0.0,0.0,0.1,0.9,0.0,0.0,0.1,0.9,0.0,0.0,0.2,0.8,0.2,0.8,0.2,0.8,0.0,0.0,0.0,0.8,0.0,0.0,0.0,1.0,0.0,0.0,0.2,0.8,0.2,0.8,0.2,0.8,0.0,0.0,0.2,0.8,0.0,0.0,0.0,1.0,0.0,0.0,0.2,0.8,0.2,0.8,0.0,0.1,0.0,0.0,0.0,0.4,0.0,0.0,0.0,0.4,0.0,0.0,0.0,0.2,0.0,0.2,0.3,0.7,0.3,0.7,0.3,0.6,0.0,0.6
1988-02-29,0.6,0.4,1.0,0.0,0.4,0.2,0.2086660931785586,0.0,0.0,0.0,0.0,1.0,0.0,0.0,0.39178996052060405,0.6082100394793959,0.0,0.0,0.0,0.0,0.0,0.8,0.0,0.0,0.0,0.5,0.0,0.0,0.0,0.5,0.0,0.0,0.0,0.8,0.0,0.7,0.2,0.8,0.0,0.0,0.1,0.9,0.0,0.0,0.1,0.9,0.0,0.0,0.2,0.8,0.2,0.8,0.2,0.8,0.0,0.0,0.0,0.8,0.0,0.0,0.0,1.0,0.0,0.0,0.2,0.8,0.2,0.8,0.2,0.8,0.0,0.0,0.2,0.8,0.0,0.0,0.0,1.0,0.0,0.0,0.2,0.8,0.2,0.8,0.1,0.1,0.0,0.0,0.0,0.4,0.0,0.0,0.0,0.4,0.0,0.0,0.0,0.2,0.0,0.2,0.3,0.7,0.3,0.7,0.4,0.6,0.1,0.6
1988-03-31,0.6,0.4,1.0,0.0,0.4,0.2,0.22877752608718807,0.0,0.0,0.0,0.0,1.0,0.0,0.0,0.395150575528546,0.6048494244714542,0.0,0.0,0.0,0.0,0.0,0.7,0.0,0.0,0.5,0.0,0.0,0.0,0.5,0.0,0.0,0.0,0.0,0.8,0.0,0.7,0.2,0.8,0.0,0.0,0.1,0.9,0.0,0.0,0.1,0.9,0.0,0.0,0.2,0.8,0.2,0.8,0.2,0.8,0.0,0.0,0.2,0.4,0.0,0.0,0.8,0.2,0.0,0.0,0.2,0.8,0.2,0.8,0.2,0.8,0.0,0.0,0.2,0.8,0.0,0.0,1.0,0.0,0.0,0.0,0.2,0.8,0.2,0.8,0.0,0.1,0.0,0.0,0.2,0.0,0.0,0.0,0.2,0.0,0.0,0.0,0.0,0.2,0.0,0.2,0.3,0.7,0.3,0.7,0.9,0.1,0.1,0.6
1988-04-30,0.6,0.4,1.0,0.0,0.4,0.2,0.11350933978718804,0.0,0.0,0.0,0.0,1.0,0.0,0.0,0.3970526826548684,0.6029473173451316,0.0,0.0,0.0,0.0,0.0,0.8,0.0,0.0,0.5,0.0,0.0,0.0,0.5,0.0,0.0,0.0,0.0,0.8,0.0,0.7,0.2,0.8,0.0,0.0,0.1,0.9,0.0,0.0,0.1,0.9,0.0,0.0,0.2,0.8,0.2,0.8,0.2,0.8,0.0,0.0,0.2,0.4,0.0,0.0,1.0,0.0,0.0,0.0,0.2,0.8,0.2,0.8,0.2,0.8,0.0,0.0,0.2,0.8,0.0,0.0,1.0,0.0,0.0,0.0,0.2,0.8,0.2,0.8,0.0,0.2,0.0,0.0,0.3,0.0,0.0,0.0,0.3,0.0,0.0,0.0,0.0,0.2,0.0,0.2,0.3,0.7,0.3,0.7,1.0,0.0,0.4,0.6
1988-05-31,0.6,0.4,1.0,0.0,0.4,0.2,0.16318561345478477,0.0,0.0,0.0,0.0,1.0,0.0,0.0,0.386265388527456,0.613734611472544,0.0,0.0,0.0,0.0,0.0,0.7,0.0,0.0,0.6,0.0,0.0,0.0,0.5,0.0,0.0,0.0,0.0,0.8,0.0,0.7,0.2,0.8,0.0,0.0,0.1,0.9,0.0,0.0,0.1,0.9,0.0,0.0,0.2,0.8,0.2,0.8,0.2,0.8,0.0,0.0,0.4,0.2,0.0,0.0,1.0,0.0,0.0,0.0,0.2,0.8,0.2,0.8,0.2,0.8,0.0,0.0,0.2,0.8,0.0,0.0,1.0,0.0,0.0,0.0,0.2,0.8,0.2,0.8,0.0,0.2,0.0,0.0,0.3,0.0,0.0,0.0,0.3,0.0,0.0,0.0,0.0,0.2,0.0,0.2,0.3,0.7,0.3,0.7,1.0,0.0,0.8,0.2
1988-06-30,0.6,0.4,1.0,0.0,0.4,0.2,0.17379058497737573,0.0,1.0,0.0,1.0,0.0,0.0,0.0,0.38640436580751963,0.6135956341924804,0.0,0.0,0.0,0.0,0.0,0.7,0.0,0.0,0.6,0.0,0.0,0.0,0.5,0.0,0.0,0.0,0.0,0.8,0.0,0.7,0.2,0.8,0.0,0.0,0.1,0.9,0.0,0.0,0.1,0.9,0.0,0.0,0.2,0.8,0.2,0.8,0.2,0.8,0.0,0.0,0.6,0.0,0.0,0.0,1.0,0.0,0.0,0.0,0.2,0.8,0.2,0.8,0.2,0.8,0.0,0.0,0.2,0.8,0.0,0.0,1.0,0.0,0.0,0.0,0.2,0.8,0.2,0.8,0.0,0.1,0.0,0.0,0.3,0.0,0.0,0.0,0.3,0.0,0.0,0.0,0.0,0.2,0.0,0.2,0.3,0.7,0.3,0.7,1.0,0.0,0.7,0.3
1988-07-31,0.6,0.4,1.0,0.0,0.4,0.2,0.2400353166403283,0.0,1.0,0.0,1.0,0.0,0.0,0.0,0.386063081772994,0.613936918227006,0.0,0.0,0.0,0.0,0.2,0.4,1.0,0.0,0.6,0.0,0.0,0.0,0.6,0.0,0.0,0.0,0.1,0.7,0.0,0.7,0.2,0.8,0.0,0.0,0.1,0.9,0.0,0.0,0.1,0.9,0.0,0.0,0.2,0.8,0.2,0.8,0.2,0.8,0.0,0.0,0.6,0.0,0.0,0.0,1.0,0.0,0.0,0.0,0.2,0.8,0.2,0.8,0.2,0.8,0.0,0.0,0.2,0.8,0.0,0.0,1.0,0.0,0.0,0.0,0.2,0.8,0.2,0.8,0.0,0.1,0.0,0.0,0.3,0.0,0.0,0.0,0.4,0.0,0.0,0.0,0.0,0.2,0.0,0.2,0.3,0.7,0.3,0.7,1.0,0.0,0.9,0.1
1988-08-31,0.6,0.4,1.0,0.0,0.4,0.2,0.2704406675807422,0.0,1.0,0.0,1.0,0.0,0.0,0.0,0.3843931867319304,0.6156068132680695,0.0,0.0,0.0,0.0,0.5,0.1,1.0,0.0,0.6,0.0,0.0,0.0,0.6,0.0,0.0,0.0,0.5,0.2,0.3,0.5,0.2,0.8,0.0,0.0,0.1,0.9,0.0,0.0,0.1,0.9,0.0,0.0,0.2,0.8,0.2,0.8,0.2,0.8,0.0,0.0,0.7,0.0,0.0,0.0,1.0,0.0,0.0,0.0,0.2,0.8,0.2,0.8,0.2,0.8,0.0,0.0,0.2,0.8,0.0,0.0,1.0,0.0,0.0,0.0,0.2,0.8,0.2,0.8,0.1,0.1,0.0,0.0,0.4,0.0,0.0,0.0,0.4,0.0,0.0,0.0,0.0,0.2,0.0,0.2,0.3,0.7,0.3,0.7,1.0,0.0,1.0,0.0
1988-09-30,0.6,0.4,1.0,0.0,0.4,0.2,0.3455835770239771,0.0,1.0,0.0,1.0,0.0,0.0,0.0,0.3872614705143151,0.6127385294856849,0.0,0.0,0.0,0.0,1.0,0.0,1.0,0.0,0.7,0.0,0.0,0.0,0.8,0.0,0.0,0.0,1.0,0.0,0.9,0.0,0.2,0.8,0.0,0.0,0.2,0.8,0.0,0.0,0.4,0.6,0.0,0.0,0.2,0.8,0.2,0.8,0.2,0.8,0.0,0.0,0.7,0.0,0.0,0.0,1.0,0.0,0.0,0.0,0.2,0.8,0.2,0.8,0.2,0.8,0.0,0.0,0.2,0.8,0.0,0.0,1.0,0.0,0.0,0.0,0.2,0.8,0.2,0.8,0.0,0.2,0.0,0.0,0.3,0.0,0.0,0.0,0.3,0.0,0.0,0.0,0.0,0.2,0.0,0.2,0.5,0.4,0.3,0.7,1.0,0.0,0.9,0.1
1988-10-31,0.6,0.4,1.0,0.0,0.4,0.2,0.26488792636126307,0.0,1.0,0.0,1.0,0.0,1.0,0.0,0.3879034634539358,0.6120965365460642,1.0,0.0,0.6,0.4,1.0,0.0,1.0,0.0,0.7,0.0,0.0,0.0,0.8,0.0,0.0,0.0,1.0,0.0,1.0,0.0,0.2,0.8,0.0,0.0,1.0,0.0,1.0,0.0,1.0,0.0,0.0,0.0,0.2,0.8,0.2,0.8,0.2,0.8,0.0,0.0,0.7,0.0,0.0,0.0,1.0,0.0,0.0,0.0,0.2,0.8,0.2,0.8,0.2,0.8,0.0,0.0,0.2,0.8,0.0,0.0,1.0,0.0,0.0,0.0,0.2,0.8,0.2,0.8,0.0,0.2,0.0,0.0,0.3,0.0,0.0,0.0,0.4,0.0,0.0,0.0,0.0,0.2,0.0,0.2,0.6,0.1,0.3,0.7,1.0,0.0,1.0,0.0
1988-11-30,0.6,0.4,1.0,0.0,0.4,0.2,0.27185030242355923,0.0,1.0,0.0,1.0,0.0,1.0,0.0,0.3902830354748464,0.6097169645251536,0.0,0.0,0.0,0.0,1.0,0.0,1.0,0.0,0.7,0.0,0.0,0.0,0.8,0.0,0.0,0.0,1.0,0.0,1.0,0.0,0.2,0.8,0.0,0.0,1.0,0.0,1.0,0.0,1.0,0.0,0.0,0.0,0.2,0.8,0.2,0.8,0.2,0.8,0.0,0.0,0.7,0.0,0.0,0.0,1.0,0.0,0.0,0.0,0.2,0.8,0.2,0.8,0.2,0.8,0.0,0.0,0.2,0.8,0.0,0.0,1.0,0.0,0.0,0.0,0.2,0.8,0.2,0.8,0.0,0.1,0.0,0.0,0.3,0.0,0.0,0.0,0.4,0.0,0.0,0.0,0.0,0.2,0.0,0.2,0.6,0.0,0.3,0.7,1.0,0.0,0.9,0.1
1988-12-31,0.6,0.4,1.0,0.0,0.4,0.2,0.7490688718375466,0.0,1.0,0.0,1.0,0.0,1.0,0.0,0.3865232070974445,0.6134767929025555,0.0,0.0,0.0,0.0,1.0,0.0,1.0,0.0,1.0,0.0,1.0,0.0,1.0,0.0,0.0,0.0,1.0,0.0,1.0,0.0,0.4,0.1,1.0,0.0,1.0,0.0,1.0,0.0,1.0,0.0,1.0,0.0,0.3,0.5,0.2,0.8,0.2,0.8,0.0,0.0,1.0,0.0,1.0,0.0,1.0,0.0,0.0,0.0,0.2,0.8,0.2,0.8,0.2,0.8,0.0,0.0,1.0,0.0,1.0,0.0,1.0,0.0,0.0,0.0,0.2,0.8,0.2,0.8,0.1,0.2,0.0,0.0,0.4,0.0,0.0,0.0,0.4,0.0,0.0,0.0,0.1,0.2,0.0,0.2,0.7,0.0,0.3,0.7,1.0,0.0,1.0,0.0
1989-01-31,0.6,0.4,1.0,0.0,0.4,0.2,0.3903987311902829,0.0,1.0,0.0,1.0,0.0,1.0,0.0,0.38374162045969284,0.6162583795403072,1.0,0.0,0.6,0.4,1.0,0.0,1.0,0.0,1.0,0.0,1.0,0.0,1.0,0.0,0.0,0.0,1.0,0.0,1.0,0.0,0.5,0.0,1.0,0.0,1.0,0.0,1.0,0.0,1.0,0.0,1.0,0.0,0.5,0.0,0.5,0.0,0.4,0.0,1.0,0.0,1.0,0.0,1.0,0.0,1.0,0.0,0.0,0.0,0.4,0.0,0.2,0.3,0.4,0.0,1.0,0.0,1.0,0.0,1.0,0.0,1.0,0.0,0.0,0.0,0.4,0.0,0.2,0.5,0.2,0.2,0.0,0.0,0.4,0.0,0.0,0.0,0.4,0.0,0.0,0.0,0.1,0.2,0.0,0.2,0.7,0.0,0.5,0.5,1.0,0.0,1.0,0.0
1989-02-28,0.6,0.4,1.0,0.0,0.4,0.2,0.3459420979488518,0.0,1.0,0.0,1.0,0.0,1.0,0.0,0.35801989136537843,0.6419801086346216,0.0,0.0,0.0,0.0,1.0,0.0,1.0,0.0,1.0,0.0,1.0,0.0,1.0,0.0,0.0,0.0,1.0,0.0,1.0,0.0,0.5,0.0,1.0,0.0,1.0,0.0,1.0,0.0,1.0,0.0,1.0,0.0,0.5,0.0,0.5,0.0,0.5,0.0,1.0,0.0,0.8,0.0,0.0,0.0,1.0,0.0,0.0,0.0,0.5,0.0,0.5,0.0,0.5,0.0,1.0,0.0,1.0,0.0,1.0,0.0,0.8,0.2,0.0,0.0,0.5,0.0,0.5,0.0,0.0,0.2,0.0,0.0,0.4,0.0,0.0,0.0,0.4,0.0,0.0,0.0,0.1,0.2,0.0,0.2,0.7,0.0,0.7,0.0,1.0,0.0,1.0,0.0
1989-03-31,0.6,0.4,1.0,0.0,0.4,0.2,0.28992055232244385,0.0,1.0,0.0,1.0,0.0,1.0,0.0,0.34329891736979595,0.656701082630204,0.0,0.0,0.0,0.0,1.0,0.0,1.0,0.0,1.0,0.0,1.0,0.0,1.0,0.0,0.0,0.0,1.0,0.0,1.0,0.0,0.5,0.0,1.0,0.0,1.0,0.0,1.0,0.0,0.6,0.0,1.0,0.0,0.5,0.0,0.5,0.0,0.5,0.0,1.0,0.0,0.5,0.0,0.0,0.0,0.6,0.0,0.0,0.0,0.5,0.0,0.5,0.0,0.5,0.0,1.0,0.0,0.6,0.0,0.0,0.0,0.0,0.0,0.0,0.0,0.5,0.0,0.5,0.0,0.3,0.2,1.0,0.0,0.4,0.0,0.0,0.0,0.5,0.0,0.0,0.0,0.3,0.2,0.1,0.2,0.7,0.0,0.7,0.0,1.0,0.0,1.0,0.0
1989-04-30,0.6,0.4,1.0,0.0,0.4,0.2,0.4642934986866366,0.0,1.0,0.0,1.0,0.0,1.0,0.0,0.34207191396298053,0.6579280860370194,1.0,0.0,0.6,0.4,1.0,0.0,1.0,0.0,1.0,0.0,1.0,0.0,1.0,0.0,0.0,0.0,1.0,0.0,1.0,0.0,0.5,0.0,1.0,0.0,0.6,0.0,1.0,0.0,0.3,0.0,0.0,0.0,0.5,0.0,0.5,0.0,0.5,0.0,1.0,0.0,0.5,0.0,0.0,0.0,0.0,0.0,0.0,0.0,0.5,0.0,0.5,0.0,0.5,0.0,1.0,0.0,0.4,0.0,0.0,0.0,0.0,0.0,0.0,0.0,0.5,0.0,0.5,0.0,0.8,0.2,1.0,0.0,0.6,0.0,0.0,0.0,0.6,0.0,0.0,0.0,0.8,0.2,0.6,0.2,0.7,0.0,0.7,0.0,0.7,0.3,1.0,0.0
1989-05-31,0.6,0.4,1.0,0.0,0.4,0.2,0.3847713902830167,0.0,1.0,0.0,1.0,0.0,1.0,0.0,0.33589569671347147,0.6641043032865286,1.0,0.0,0.6,0.4,1.0,0.0,1.0,0.0,1.0,0.0,1.0,0.0,1.0,0.0,0.0,0.0,1.0,0.0,1.0,0.0,0.5,0.0,1.0,0.0,0.2,0.0,0.0,0.0,0.0,0.0,0.0,0.0,0.5,0.0,0.5,0.0,0.5,0.0,1.0,0.0,0.5,0.0,0.0,0.0,0.0,0.0,0.0,0.0,0.5,0.0,0.5,0.0,0.5,0.0,1.0,0.0,0.4,0.0,0.0,0.0,0.0,0.0,0.0,0.0,0.5,0.0,0.5,0.0,0.1,0.2,0.0,0.0,0.4,0.0,0.0,0.0,0.4,0.0,0.0,0.0,0.1,0.2,0.2,0.2,0.7,0.0,0.7,0.0,0.4,0.6,1.0,0.0
1989-06-30,0.6,0.4,1.0,0.0,0.4,0.2,0.2616430074673247,0.0,1.0,0.0,1.0,0.0,1.0,0.0,0.3333521258557554,0.6666478741442446,0.0,0.0,0.0,0.0,1.0,0.0,1.0,0.0,1.0,0.0,1.0,0.0,1.0,0.0,0.0,0.0,1.0,0.0,1.0,0.0,0.5,0.0,1.0,0.0,0.1,0.0,0.0,0.0,0.0,0.0,0.0,0.0,0.5,0.0,0.5,0.0,0.5,0.0,1.0,0.0,0.5,0.0,0.0,0.0,0.0,0.0,0.0,0.0,0.5,0.0,0.5,0.0,0.5,0.0,1.0,0.0,0.4,0.0,0.0,0.0,0.0,0.0,0.0,0.0,0.5,0.0,0.5,0.0,0.0,0.2,0.0,0.0,0.4,0.0,0.0,0.0,0.4,0.0,0.0,0.0,0.0,0.2,0.0,0.2,0.7,0.0,0.7,0.0,0.6,0.4,0.2,0.6
1989-07-31,0.6,0.4,1.0,0.0,0.4,0.2,0.38732228650034967,0.0,1.0,0.0,1.0,0.0,1.0,0.0,0.3336561344421179,0.666343865557882,1.0,0.0,0.6,0.4,1.0,0.0,1.0,0.0,1.0,0.0,1.0,0.0,1.0,0.0,0.0,0.0,1.0,0.0,1.0,0.0,0.5,0.0,1.0,0.0,0.1,0.0,0.0,0.0,0.0,0.0,0.0,0.0,0.5,0.0,0.5,0.0,0.5,0.0,1.0,0.0,0.5,0.0,0.0,0.0,0.0,0.0,0.0,0.0,0.5,0.0,0.5,0.0,0.5,0.0,1.0,0.0,0.4,0.0,0.0,0.0,0.0,0.0,0.0,0.0,0.5,0.0,0.5,0.0,0.0,0.2,0.0,0.0,0.4,0.0,0.0,0.0,0.4,0.0,0.0,0.0,0.0,0.2,0.0,0.2,0.7,0.0,0.7,0.0,0.7,0.3,0.3,0.6
1989-08-31,0.6,0.4,1.0,0.0,0.4,0.2,0.30904244885702103,0.0,1.0,0.0,1.0,0.0,1.0,0.0,0.33311483609758824,0.6668851639024117,1.0,0.0,0.6,0.4,1.0,0.0,1.0,0.0,1.0,0.0,1.0,0.0,1.0,0.0,0.0,0.0,1.0,0.0,1.0,0.0,0.5,0.0,1.0,0.0,0.1,0.0,0.0,0.0,0.0,0.0,0.0,0.0,0.5,0.0,0.5,0.0,0.5,0.0,1.0,0.0,0.5,0.0,0.0,0.0,0.0,0.0,0.0,0.0,0.5,0.0,0.5,0.0,0.5,0.0,1.0,0.0,0.4,0.0,0.0,0.0,0.0,0.0,0.0,0.0,0.5,0.0,0.5,0.0,0.0,0.2,0.0,0.0,0.4,0.0,0.0,0.0,0.4,0.0,0.0,0.0,0.0,0.2,0.0,0.2,0.7,0.0,0.7,0.0,1.0,0.0,0.3,0.6
1989-09-30,0.6,0.4,1.0,0.0,0.4,0.2,0.7050955272105927,0.0,1.0,0.0,1.0,0.0,1.0,0.0,0.3292074903633262,0.6707925096366738,1.0,0.0,0.6,0.4,1.0,0.0,1.0,0.0,1.0,0.0,1.0,0.0,1.0,0.0,0.0,0.0,1.0,0.0,1.0,0.0,0.5,0.0,1.0,0.0,0.1,0.0,0.0,0.0,0.0,0.0,0.0,0.0,0.5,0.0,0.5,0.0,0.5,0.0,1.0,0.0,0.5,0.0,0.0,0.0,0.0,0.0,0.0,0.0,0.5,0.0,0.5,0.0,0.5,0.0,1.0,0.0,0.4,0.0,0.0,0.0,0.0,0.0,0.0,0.0,0.5,0.0,0.5,0.0,0.1,0.2,0.0,0.0,0.4,0.0,0.0,0.0,0.4,0.0,0.0,0.0,0.0,0.2,0.0,0.2,0.7,0.0,0.7,0.0,0.9,0.1,0.8,0.2
1989-10-31,0.6,0.4,1.0,0.0,0.4,0.2,0.06738975152380434,0.0,1.0,0.0,1.0,0.0,1.0,0.0,0.33067639496677464,0.6693236050332254,0.0,0.0,0.0,0.0,0.3,0.3,1.0,0.0,0.2,0.3,0.0,0.0,0.2,0.2,0.0,0.0,0.4,0.0,0.7,0.0,0.5,0.0,1.0,0.0,0.1,0.0,0.0,0.0,0.0,0.0,0.0,0.0,0.5,0.0,0.5,0.0,0.5,0.0,1.0,0.0,0.5,0.0,0.0,0.0,0.0,0.0,0.0,0.0,0.5,0.0,0.5,0.0,0.5,0.0,1.0,0.0,0.4,0.0,0.0,0.0,0.0,0.0,0.0,0.0,0.5,0.0,0.5,0.0,0.0,0.2,0.0,0.0,0.4,0.0,0.0,0.0,0.4,0.0,0.0,0.0,0.0,0.2,0.0,0.2,0.7,0.0,0.7,0.0,1.0,0.0,0.4,0.6
1989-11-30,0.6,0.4,1.0,0.0,0.4,0.2,0.44698615998611824,0.0,1.0,0.0,1.0,0.0,1.0,0.0,0.32907421305534895,0.6709257869446511,0.0,0.0,0.0,0.0,0.9,0.0,1.0,0.0,0.9,0.0,0.0,0.0,0.8,0.0,0.0,0.0,0.9,0.0,0.8,0.0,0.5,0.0,1.0,0.0,0.1,0.0,0.0,0.0,0.0,0.0,0.0,0.0,0.5,0.0,0.5,0.0,0.5,0.0,1.0,0.0,0.5,0.0,0.0,0.0,0.0,0.0,0.0,0.0,0.5,0.0,0.5,0.0,0.5,0.0,1.0,0.0,0.4,0.0,0.0,0.0,0.0,0.0,0.0,0.0,0.5,0.0,0.5,0.0,0.1,0.2,0.0,0.0,0.4,0.0,0.0,0.0,0.4,0.0,0.0,0.0,0.1,0.2,0.0,0.2,0.7,0.0,0.7,0.0,1.0,0.0,0.9,0.1
1989-12-31,0.6,0.4,1.0,0.0,0.4,0.2,0.38732332413085796,0.0,1.0,0.0,1.0,0.0,1.0,0.0,0.3306497678355973,0.6693502321644028,0.0,0.0,0.0,0.0,1.0,0.0,1.0,0.0,1.0,0.0,1.0,0.0,1.0,0.0,0.0,0.0,1.0,0.0,1.0,0.0,0.6,0.0,1.0,0.0,0.2,0.0,0.0,0.0,1.0,0.0,1.0,0.0,0.6,0.0,0.5,0.0,0.6,0.0,1.0,0.0,0.6,0.0,0.0,0.0,0.0,0.0,0.0,0.0,0.6,0.0,0.5,0.0,0.6,0.0,1.0,0.0,0.6,0.0,0.0,0.0,0.0,0.0,0.0,0.0,0.6,0.0,0.6,0.0,0.5,0.3,1.0,0.0,0.6,0.0,0.0,0.0,0.6,0.0,0.0,0.0,0.5,0.2,0.3,0.2,0.7,0.0,0.7,0.0,0.5,0.5,1.0,0.0
1990-01-31,0.6,0.4,1.0,0.0,0.4,0.2,0.12954298651471066,0.0,0.0,0.0,0.0,1.0,1.0,0.0,0.344206891853375,0.6557931081466251,0.0,0.0,0.0,0.0,0.9,0.0,1.0,0.0,0.6,0.0,0.0,0.0,0.6,0.0,0.0,0.0,1.0,0.0,1.0,0.0,0.6,0.0,1.0,0.0,0.2,0.0,0.0,0.0,1.0,0.0,1.0,0.0,0.6,0.0,0.5,0.0,0.6,0.0,1.0,0.0,0.6,0.0,0.0,0.0,0.0,0.0,0.0,0.0,0.6,0.0,0.5,0.0,0.6,0.0,1.0,0.0,0.6,0.0,0.0,0.0,0.0,0.0,0.0,0.0,0.6,0.0,0.6,0.0,0.0,0.2,0.0,0.0,0.4,0.0,0.0,0.0,0.5,0.0,0.0,0.0,0.0,0.2,0.1,0.2,0.7,0.0,0.7,0.0,0.8,0.2,0.1,0.6
1990-02-28,0.6,0.4,1.0,0.0,0.4,0.2,0.3754622470888935,0.0,0.0,0.0,0.0,1.0,1.0,0.0,0.34523649680131124,0.6547635031986888,0.0,0.0,0.0,0.0,1.0,0.0,1.0,0.0,0.8,0.0,0.0,0.0,0.8,0.0,0.0,0.0,1.0,0.0,1.0,0.0,0.6,0.0,1.0,0.0,0.4,0.0,0.0,0.0,1.0,0.0,1.0,0.0,0.6,0.0,0.5,0.0,0.6,0.0,1.0,0.0,0.6,0.0,0.0,0.0,0.0,0.0,0.0,0.0,0.6,0.0,0.5,0.0,0.6,0.0,1.0,0.0,0.6,0.0,0.0,0.0,0.0,0.0,0.0,0.0,0.6,0.0,0.6,0.0,0.1,0.2,0.0,0.0,0.5,0.0,0.0,0.0,0.5,0.0,0.0,0.0,0.0,0.2,0.1,0.2,0.7,0.0,0.7,0.0,0.8,0.2,0.6,0.4
1990-03-31,0.6,0.4,1.0,0.0,0.4,0.2,0.38343875674047967,0.0,1.0,0.0,1.0,0.0,1.0,0.0,0.34242814074087746,0.6575718592591225,0.0,0.0,0.0,0.0,1.0,0.0,1.0,0.0,0.9,0.0,0.0,0.0,1.0,0.0,0.0,0.0,1.0,0.0,1.0,0.0,0.6,0.0,1.0,0.0,0.6,0.0,0.0,0.0,1.0,0.0,1.0,0.0,0.6,0.0,0.5,0.0,0.6,0.0,1.0,0.0,0.6,0.0,0.0,0.0,0.0,0.0,0.0,0.0,0.6,0.0,0.5,0.0,0.6,0.0,1.0,0.0,0.6,0.0,0.0,0.0,0.0,0.0,0.0,0.0,0.6,0.0,0.6,0.0,0.3,0.2,0.0,0.0,0.5,0.0,0.0,0.0,0.5,0.0,0.0,0.0,0.2,0.2,0.1,0.2,0.7,0.0,0.7,0.0,0.5,0.5,1.0,0.0
1990-04-30,0.6,0.4,1.0,0.0,0.4,0.2,0.3621503497574572,0.0,0.0,0.0,0.0,1.0,1.0,0.0,0.3326893097713207,0.6673106902286793,0.0,0.0,0.0,0.0,1.0,0.0,1.0,0.0,1.0,0.0,1.0,0.0,1.0,0.0,0.0,0.0,1.0,0.0,1.0,0.0,0.6,0.0,1.0,0.0,1.0,0.0,1.0,0.0,1.0,0.0,1.0,0.0,0.6,0.0,0.5,0.0,0.6,0.0,1.0,0.0,0.6,0.0,0.0,0.0,0.3,0.0,0.0,0.0,0.6,0.0,0.5,0.0,0.6,0.0,1.0,0.0,0.6,0.0,0.0,0.0,0.4,0.0,0.0,0.0,0.6,0.0,0.6,0.0,0.0,0.2,0.0,0.0,0.5,0.0,0.0,0.0,0.5,0.0,0.0,0.0,0.1,0.2,0.1,0.2,0.7,0.0,0.7,0.0,0.3,0.6,0.8,0.2
1990-05-31,0.6,0.4,1.0,0.0,0.4,0.2,0.2791783099464933,0.0,1.0,0.0,1.0,0.0,1.0,0.0,0.329399320531653,0.670600679468347,1.0,0.0,0.6,0.4,1.0,0.0,1.0,0.0,0.9,0.0,0.0,0.0,1.0,0.0,0.0,0.0,1.0,0.0,1.0,0.0,0.6,0.0,1.0,0.0,1.0,0.0,1.0,0.0,1.0,0.0,1.0,0.0,0.6,0.0,0.5,0.0,0.6,0.0,1.0,0.0,0.6,0.0,0.0,0.0,0.0,0.0,0.0,0.0,0.6,0.0,0.5,0.0,0.6,0.0,1.0,0.0,0.6,0.0,0.0,0.0,0.1,0.0,0.0,0.0,0.6,0.0,0.6,0.0,0.0,0.2,0.0,0.0,0.4,0.0,0.0,0.0,0.4,0.0,0.0,0.0,0.0,0.2,0.1,0.2,0.7,0.0,0.7,0.0,0.3,0.6,0.3,0.6
1990-06-30,0.6,0.4,1.0,0.0,0.4,0.2,0.2922545067268239,0.0,1.0,0.0,1.0,0.0,1.0,0.0,0.3314439414042545,0.6685560585957454,0.0,0.0,0.0,0.0,1.0,0.0,1.0,0.0,0.9,0.0,0.0,0.0,1.0,0.0,0.0,0.0,1.0,0.0,1.0,0.0,0.6,0.0,1.0,0.0,1.0,0.0,1.0,0.0,1.0,0.0,1.0,0.0,0.6,0.0,0.5,0.0,0.6,0.0,1.0,0.0,0.6,0.0,0.0,0.0,0.0,0.0,0.0,0.0,0.6,0.0,0.5,0.0,0.6,0.0,1.0,0.0,0.6,0.0,0.0,0.0,0.0,0.0,0.0,0.0,0.6,0.0,0.6,0.0,0.0,0.2,0.0,0.0,0.4,0.0,0.0,0.0,0.5,0.0,0.0,0.0,0.0,0.2,0.1,0.2,0.7,0.0,0.7,0.0,0.2,0.6,0.7,0.3
1990-07-31,0.6,0.4,1.0,0.0,0.4,0.2,0.2827799771512296,0.0,1.0,0.0,1.0,0.0,0.0,0.0,0.3294980036079124,0.6705019963920875,0.0,0.0,0.0,0.0,1.0,0.0,1.0,0.0,0.8,0.0,0.0,0.0,1.0,0.0,0.0,0.0,1.0,0.0,1.0,0.0,0.6,0.0,1.0,0.0,1.0,0.0,1.0,0.0,1.0,0.0,1.0,0.0,0.6,0.0,0.5,0.0,0.6,0.0,1.0,0.0,0.6,0.0,0.0,0.0,0.0,0.0,0.0,0.0,0.6,0.0,0.5,0.0,0.6,0.0,1.0,0.0,0.6,0.0,0.0,0.0,0.0,0.0,0.0,0.0,0.6,0.0,0.6,0.0,0.2,0.2,0.0,0.0,0.5,0.0,0.0,0.0,0.5,0.0,0.0,0.0,0.1,0.2,0.1,0.2,0.6,0.0,0.7,0.0,0.0,0.6,1.0,0.0
1990-08-31,0.6,0.4,1.0,0.0,0.4,0.2,0.050484048630872476,0.0,0.0,0.0,0.0,1.0,0.0,0.0,0.32875715637360353,0.6712428436263964,0.0,0.0,0.0,0.0,0.0,0.7,0.0,0.0,0.0,0.6,0.0,0.0,0.0,0.5,0.0,0.0,0.1,0.4,0.2,0.0,0.4,0.0,1.0,0.0,0.8,0.2,1.0,0.0,0.8,0.0,1.0,0.0,0.5,0.0,0.5,0.0,0.6,0.0,1.0,0.0,0.5,0.0,0.0,0.0,0.0,0.0,0.0,0.0,0.6,0.0,0.5,0.0,0.6,0.0,1.0,0.0,0.5,0.0,0.0,0.0,0.0,0.0,0.0,0.0,0.6,0.0,0.6,0.0,0.0,0.2,0.0,0.0,0.4,0.0,0.0,0.0,0.5,0.0,0.0,0.0,0.0,0.2,0.1,0.2,0.4,0.6,0.7,0.0,0.0,0.6,0.0,0.6
1990-09-30,0.6,0.4,1.0,0.0,0.4,0.2,0.16607850784554484,0.0,0.0,0.0,0.0,1.0,0.0,0.0,0.31768591258068046,0.6823140874193195,0.0,0.0,0.0,0.0,0.1,0.6,0.0,0.0,0.4,0.0,0.0,0.0,0.4,0.0,0.0,0.0,0.1,0.4,0.2,0.0,0.3,0.6,0.0,0.0,1.0,0.0,1.0,0.0,1.0,0.0,1.0,0.0,0.4,0.3,0.5,0.0,0.5,0.0,1.0,0.0,0.3,0.1,0.0,0.0,0.1,0.9,0.0,0.0,0.6,0.0,0.5,0.0,0.4,0.1,1.0,0.0,0.1,0.9,0.0,0.0,0.1,0.7,0.0,0.0,0.5,0.0,0.6,0.0,0.0,0.2,0.0,0.0,0.3,0.0,0.0,0.0,0.4,0.0,0.0,0.0,0.0,0.2,0.1,0.2,0.3,0.7,0.7,0.0,0.3,0.6,0.0,0.6
1990-10-31,0.6,0.4,1.0,0.0,0.4,0.2,0.07593595863374027,0.0,0.0,0.0,0.0,1.0,0.0,0.0,0.3724840911329979,0.6275159088670021,0.0,0.0,0.0,0.0,0.0,0.9,0.0,0.0,0.2,0.2,0.0,0.0,0.2,0.2,0.0,0.0,0.0,0.8,0.0,0.6,0.2,0.8,0.0,0.0,0.7,0.3,1.0,0.0,0.3,0.7,0.0,0.0,0.2,0.8,0.3,0.7,0.3,0.7,0.0,0.0,0.0,1.0,0.0,0.0,0.0,1.0,0.0,0.0,0.4,0.4,0.5,0.0,0.2,0.8,0.0,0.0,0.0,1.0,0.0,0.0,0.0,1.0,0.0,0.0,0.2,0.8,0.3,0.7,0.1,0.2,0.0,0.0,0.4,0.0,0.0,0.0,0.4,0.0,0.0,0.0,0.0,0.2,0.1,0.2,0.3,0.7,0.6,0.2,0.5,0.5,0.2,0.6
1990-11-30,0.6,0.4,1.0,0.0,0.4,0.2,0.14142494616122683,0.0,0.0,0.0,0.0,1.0,0.0,0.0,0.38400705186423384,0.6159929481357662,0.0,0.0,0.0,0.0,0.0,0.9,0.0,0.0,0.4,0.0,0.0,0.0,0.4,0.0,0.0,0.0,0.0,0.8,0.0,0.6,0.2,0.8,0.0,0.0,1.0,0.0,1.0,0.0,0.6,0.4,0.0,0.0,0.2,0.8,0.3,0.7,0.2,0.8,0.0,0.0,0.1,0.9,0.0,0.0,0.4,0.6,0.0,0.0,0.2,0.8,0.3,0.7,0.2,0.8,0.0,0.0,0.0,1.0,0.0,0.0,0.7,0.3,0.0,0.0,0.2,0.8,0.2,0.8,0.0,0.2,0.0,0.0,0.4,0.0,0.0,0.0,0.4,0.0,0.0,0.0,0.0,0.2,0.1,0.2,0.3,0.7,0.3,0.7,1.0,0.0,0.1,0.6
1990-12-31,0.6,0.4,1.0,0.0,0.4,0.2,0.40624153789050566,0.0,0.0,0.0,0.0,1.0,0.0,0.0,0.39080782946945575,0.6091921705305443,0.0,0.0,0.0,0.0,0.1,0.5,1.0,0.0,0.6,0.0,0.0,0.0,0.7,0.0,0.0,0.0,0.1,0.7,0.0,0.6,0.2,0.8,0.0,0.0,1.0,0.0,1.0,0.0,1.0,0.0,0.0,0.0,0.2,0.8,0.3,0.7,0.2,0.8,0.0,0.0,0.9,0.1,1.0,0.0,0.8,0.2,0.0,0.0,0.2,0.8,0.2,0.8,0.2,0.8,0.0,0.0,1.0,0.0,1.0,0.0,1.0,0.0,0.0,0.0,0.2,0.8,0.2,0.8,0.0,0.2,0.0,0.0,0.4,0.0,0.0,0.0,0.4,0.0,0.0,0.0,0.0,0.2,0.1,0.2,0.3,0.7,0.3,0.7,1.0,0.0,0.5,0.5
1991-01-31,0.6,0.4,1.0,0.0,0.4,0.2,0.10118956070860187,0.0,1.0,0.0,1.0,0.0,1.0,0.0,0.3718076022738449,0.6281923977261551,1.0,0.0,0.6,0.4,0.0,0.7,0.0,0.0,0.5,0.0,0.0,0.0,0.4,0.0,0.0,0.0,0.0,0.7,0.0,0.6,0.2,0.8,0.0,0.0,1.0,0.0,1.0,0.0,1.0,0.0,0.0,0.0,0.2,0.8,0.2,0.8,0.2,0.8,0.0,0.0,1.0,0.0,1.0,0.0,1.0,0.0,0.0,0.0,0.2,0.8,0.2,0.8,0.2,0.8,0.0,0.0,1.0,0.0,1.0,0.0,0.9,0.1,0.0,0.0,0.2,0.8,0.2,0.8,0.2,0.2,0.0,0.0,0.5,0.0,0.0,0.0,0.4,0.0,0.0,0.0,0.2,0.2,0.1,0.2,0.3,0.7,0.3,0.7,1.0,0.0,0.9,0.1
1991-02-28,0.6,0.4,1.0,0.0,0.4,0.2,0.13505626189912445,0.0,1.0,0.0,1.0,0.0,1.0,0.0,0.366836012473059,0.6331639875269411,1.0,0.0,0.6,0.4,0.0,0.8,0.0,0.0,0.5,0.0,0.0,0.0,0.5,0.0,0.0,0.0,0.0,0.7,0.0,0.6,0.2,0.8,0.0,0.0,0.3,0.7,1.0,0.0,0.3,0.7,0.0,0.0,0.2,0.8,0.2,0.8,0.2,0.8,0.0,0.0,1.0,0.0,1.0,0.0,1.0,0.0,0.0,0.0,0.2,0.8,0.2,0.8,0.2,0.8,0.0,0.0,1.0,0.0,1.0,0.0,1.0,0.0,0.0,0.0,0.2,0.8,0.2,0.8,0.5,0.2,1.0,0.0,0.6,0.0,0.0,0.0,0.5,0.0,0.0,0.0,0.4,0.2,0.3,0.2,0.3,0.7,0.3,0.7,1.0,0.0,0.9,0.1
1991-03-31,0.6,0.4,1.0,0.0,0.4,0.2,0.23671234847610664,0.0,1.0,0.0,1.0,0.0,1.0,0.0,0.3592168962812463,0.6407831037187538,1.0,0.0,0.6,0.4,0.1,0.6,0.0,0.0,0.5,0.0,0.0,0.0,0.5,0.0,0.0,0.0,0.0,0.7,0.0,0.6,0.2,0.8,0.0,0.0,0.2,0.8,0.0,0.0,0.2,0.8,0.0,0.0,0.2,0.8,0.2,0.8,0.2,0.8,0.0,0.0,1.0,0.0,1.0,0.0,1.0,0.0,0.0,0.0,0.2,0.8,0.2,0.8,0.2,0.8,0.0,0.0,1.0,0.0,1.0,0.0,1.0,0.0,0.0,0.0,0.2,0.8,0.2,0.8,1.0,0.0,1.0,0.0,1.0,0.0,1.0,0.0,0.9,0.0,0.0,0.0,1.0,0.0,0.9,0.1,0.3,0.7,0.3,0.7,1.0,0.0,1.0,0.0
1991-04-30,0.6,0.4,1.0,0.0,0.4,0.2,0.17468514284306247,0.0,1.0,0.0,1.0,0.0,1.0,0.0,0.355325572632979,0.644674427367021,1.0,0.0,0.6,0.4,0.1,0.5,0.0,0.0,0.5,0.0,0.0,0.0,0.5,0.0,0.0,0.0,0.0,0.7,0.0,0.6,0.2,0.8,0.0,0.0,0.1,0.9,0.0,0.0,0.1,0.9,0.0,0.0,0.2,0.8,0.2,0.8,0.2,0.8,0.0,0.0,1.0,0.0,1.0,0.0,1.0,0.0,0.0,0.0,0.2,0.8,0.2,0.8,0.2,0.8,0.0,0.0,1.0,0.0,1.0,0.0,1.0,0.0,0.0,0.0,0.2,0.8,0.2,0.8,1.0,0.0,1.0,0.0,1.0,0.0,1.0,0.0,0.9,0.1,0.0,0.0,1.0,0.0,1.0,0.0,0.3,0.7,0.3,0.7,1.0,0.0,1.0,0.0
1991-05-31,0.6,0.4,1.0,0.0,0.4,0.2,0.21540280082347027,0.0,1.0,0.0,1.0,0.0,1.0,0.0,0.352203179851298,0.6477968201487021,1.0,0.0,0.6,0.4,0.2,0.4,1.0,0.0,0.5,0.0,0.0,0.0,0.5,0.0,0.0,0.0,0.2,0.6,0.1,0.6,0.2,0.8,0.0,0.0,0.1,0.9,0.0,0.0,0.1,0.9,0.0,0.0,0.2,0.8,0.2,0.8,0.2,0.8,0.0,0.0,1.0,0.0,1.0,0.0,1.0,0.0,0.0,0.0,0.2,0.8,0.2,0.8,0.2,0.8,0.0,0.0,1.0,0.0,1.0,0.0,1.0,0.0,0.0,0.0,0.2,0.8,0.2,0.8,1.0,0.0,1.0,0.0,1.0,0.0,1.0,0.0,1.0,0.0,0.0,0.0,1.0,0.0,1.0,0.0,0.3,0.7,0.3,0.7,1.0,0.0,1.0,0.0
1991-06-30,0.6,0.4,1.0,0.0,0.4,0.2,0.3095805894537102,0.0,1.0,0.0,1.0,0.0,1.0,0.0,0.3457088265870761,0.654291173412924,0.0,0.0,0.0,0.0,0.7,0.0,1.0,0.0,0.6,0.0,0.0,0.0,0.6,0.0,0.0,0.0,0.6,0.1,0.5,0.3,0.2,0.8,0.0,0.0,0.1,0.9,0.0,0.0,0.1,0.9,0.0,0.0,0.2,0.8,0.2,0.8,0.2,0.8,0.0,0.0,1.0,0.0,1.0,0.0,1.0,0.0,0.0,0.0,0.2,0.8,0.2,0.8,0.2,0.8,0.0,0.0,1.0,0.0,1.0,0.0,1.0,0.0,0.0,0.0,0.2,0.8,0.2,0.8,1.0,0.0,1.0,0.0,1.0,0.0,1.0,0.0,0.9,0.1,0.0,0.0,1.0,0.0,1.0,0.0,0.3,0.7,0.3,0.7,1.0,0.0,1.0,0.0
1991-07-31,0.6,0.4,1.0,0.0,0.4,0.2,0.3237399256341594,0.0,1.0,0.0,1.0,0.0,1.0,0.0,0.34002675381459246,0.6599732461854074,1.0,0.0,0.6,0.4,1.0,0.0,1.0,0.0,0.6,0.0,0.0,0.0,0.8,0.0,0.0,0.0,1.0,0.0,0.9,0.0,0.2,0.8,0.0,0.0,0.1,0.9,0.0,0.0,0.1,0.9,0.0,0.0,0.2,0.8,0.2,0.8,0.2,0.8,0.0,0.0,1.0,0.0,1.0,0.0,1.0,0.0,0.0,0.0,0.2,0.8,0.2,0.8,0.2,0.8,0.0,0.0,1.0,0.0,1.0,0.0,1.0,0.0,0.0,0.0,0.2,0.8,0.2,0.8,1.0,0.0,1.0,0.0,1.0,0.0,1.0,0.0,1.0,0.0,0.0,0.0,1.0,0.0,1.0,0.0,0.3,0.7,0.3,0.7,1.0,0.0,1.0,0.0
1991-08-31,0.6,0.4,1.0,0.0,0.4,0.2,0.15896125231548375,0.0,1.0,0.0,1.0,0.0,1.0,0.0,0.3463204083363415,0.6536795916636585,1.0,0.0,0.6,0.4,0.9,0.0,1.0,0.0,0.5,0.0,0.0,0.0,0.5,0.0,0.0,0.0,1.0,0.0,0.9,0.0,0.2,0.8,0.0,0.0,0.1,0.9,0.0,0.0,0.1,0.9,0.0,0.0,0.2,0.8,0.2,0.8,0.2,0.8,0.0,0.0,1.0,0.0,1.0,0.0,1.0,0.0,0.0,0.0,0.2,0.8,0.2,0.8,0.2,0.8,0.0,0.0,1.0,0.0,1.0,0.0,1.0,0.0,0.0,0.0,0.2,0.8,0.2,0.8,0.6,0.2,1.0,0.0,0.4,0.0,0.0,0.0,0.6,0.2,0.0,0.0,0.7,0.0,1.0,0.0,0.3,0.7,0.3,0.7,1.0,0.0,1.0,0.0
1991-09-30,0.6,0.4,1.0,0.0,0.4,0.2,0.6217615729670929,0.0,1.0,0.0,1.0,0.0,1.0,0.0,0.3452000966605582,0.6547999033394418,1.0,0.0,0.6,0.4,1.0,0.0,1.0,0.0,1.0,0.0,0.0,0.0,1.0,0.0,0.0,0.0,1.0,0.0,1.0,0.0,0.2,0.8,0.0,0.0,0.1,0.9,0.0,0.0,0.1,0.9,0.0,0.0,0.2,0.8,0.2,0.8,0.2,0.8,0.0,0.0,1.0,0.0,1.0,0.0,1.0,0.0,0.0,0.0,0.2,0.8,0.2,0.8,0.2,0.8,0.0,0.0,1.0,0.0,1.0,0.0,1.0,0.0,0.0,0.0,0.2,0.8,0.2,0.8,0.2,0.2,0.0,0.0,0.2,0.0,0.0,0.0,0.4,0.0,0.0,0.0,0.2,0.1,0.4,0.0,0.3,0.7,0.3,0.7,1.0,0.0,0.9,0.1
1991-10-31,0.6,0.4,1.0,0.0,0.4,0.2,0.28471251501141087,0.0,1.0,0.0,1.0,0.0,1.0,0.0,0.34241783899579503,0.657582161004205,1.0,0.0,0.6,0.4,1.0,0.0,1.0,0.0,0.9,0.0,0.0,0.0,1.0,0.0,0.0,0.0,1.0,0.0,1.0,0.0,0.2,0.8,0.0,0.0,0.1,0.9,0.0,0.0,0.1,0.9,0.0,0.0,0.2,0.8,0.2,0.8,0.2,0.8,0.0,0.0,1.0,0.0,1.0,0.0,1.0,0.0,0.0,0.0,0.2,0.8,0.2,0.8,0.2,0.8,0.0,0.0,1.0,0.0,1.0,0.0,1.0,0.0,0.0,0.0,0.2,0.8,0.2,0.8,0.7,0.3,1.0,0.0,0.4,0.0,0.0,0.0,0.9,0.0,0.0,0.0,0.7,0.1,0.6,0.0,0.3,0.7,0.3,0.7,0.4,0.6,1.0,0.0
1991-11-30,0.6,0.4,1.0,0.0,0.4,0.2,0.1534269359567286,0.0,1.0,0.0,1.0,0.0,1.0,0.0,0.3335695568309302,0.6664304431690697,0.0,0.0,0.0,0.0,1.0,0.0,1.0,0.0,0.6,0.0,0.0,0.0,0.6,0.0,0.0,0.0,1.0,0.0,1.0,0.0,0.2,0.8,0.0,0.0,0.1,0.9,0.0,0.0,0.1,0.9,0.0,0.0,0.2,0.8,0.2,0.8,0.2,0.8,0.0,0.0,1.0,0.0,1.0,0.0,1.0,0.0,0.0,0.0,0.2,0.8,0.2,0.8,0.2,0.8,0.0,0.0,1.0,0.0,1.0,0.0,1.0,0.0,0.0,0.0,0.2,0.8,0.2,0.8,1.0,0.0,1.0,0.0,0.6,0.0,0.0,0.0,0.9,0.1,0.0,0.0,0.9,0.1,0.9,0.0,0.3,0.7,0.3,0.7,0.0,0.6,1.0,0.0
1991-12-31,0.6,0.4,1.0,0.0,0.4,0.3,0.16353044967504374,0.0,1.0,0.0,1.0,0.0,1.0,0.0,0.3323648151686021,0.6676351848313978,1.0,0.0,0.6,0.4,0.9,0.0,1.0,0.0,0.6,0.0,0.0,0.0,0.6,0.0,0.0,0.0,1.0,0.0,1.0,0.0,0.2,0.8,0.0,0.0,0.7,0.3,1.0,0.0,0.2,0.8,0.0,0.0,0.2,0.8,0.2,0.8,0.2,0.8,0.0,0.0,0.2,0.8,0.0,0.0,0.8,0.2,0.0,0.0,0.2,0.8,0.2,0.8,0.2,0.8,0.0,0.0,0.2,0.8,0.0,0.0,1.0,0.0,0.0,0.0,0.2,0.8,0.2,0.8,0.0,0.3,0.0,0.0,0.3,0.0,0.0,0.0,0.3,0.0,0.0,0.0,0.0,0.2,0.0,0.2,0.3,0.7,0.3,0.7,0.2,0.6,0.0,0.6
1992-01-31,0.6,0.4,1.0,0.0,0.4,0.3,0.3524049398266805,0.0,1.0,0.0,1.0,0.0,1.0,0.0,0.3465843756080827,0.6534156243919172,1.0,0.0,0.6,0.4,1.0,0.0,1.0,0.0,0.6,0.0,0.0,0.0,0.7,0.0,0.0,0.0,1.0,0.0,1.0,0.0,0.2,0.8,0.0,0.0,1.0,0.0,1.0,0.0,0.2,0.8,0.0,0.0,0.2,0.8,0.2,0.8,0.2,0.8,0.0,0.0,0.2,0.8,0.0,0.0,0.9,0.1,0.0,0.0,0.2,0.8,0.2,0.8,0.2,0.8,0.0,0.0,0.2,0.8,0.0,0.0,1.0,0.0,0.0,0.0,0.2,0.8,0.2,0.8,0.0,0.3,0.0,0.0,0.4,0.0,0.0,0.0,0.4,0.0,0.0,0.0,0.0,0.2,0.0,0.2,0.3,0.7,0.3,0.7,1.0,0.0,0.0,0.6
1992-02-29,0.6,0.4,1.0,0.0,0.4,0.3,0.36315416399836836,0.0,1.0,0.0,1.0,0.0,1.0,0.0,0.34353721417001293,0.6564627858299871,1.0,0.0,0.6,0.4,1.0,0.0,1.0,0.0,0.7,0.0,0.0,0.0,0.9,0.0,0.0,0.0,1.0,0.0,1.0,0.0,0.2,0.8,0.0,0.0,1.0,0.0,1.0,0.0,0.2,0.8,0.0,0.0,0.2,0.8,0.2,0.8,0.2,0.8,0.0,0.0,0.2,0.8,0.0,0.0,0.9,0.1,0.0,0.0,0.2,0.8,0.2,0.8,0.2,0.8,0.0,0.0,0.2,0.8,0.0,0.0,1.0,0.0,0.0,0.0,0.2,0.8,0.2,0.8,0.1,0.3,0.0,0.0,0.5,0.0,0.0,0.0,0.4,0.0,0.0,0.0,0.1,0.2,0.0,0.2,0.3,0.7,0.3,0.7,1.0,0.0,0.4,0.6
1992-03-31,0.6,0.4,1.0,0.0,0.4,0.3,0.646385167942611,0.0,1.0,0.0,1.0,0.0,1.0,0.0,0.34384948308284924,0.6561505169171508,0.0,0.0,0.0,0.0,1.0,0.0,1.0,0.0,1.0,0.0,1.0,0.0,1.0,0.0,0.0,0.0,1.0,0.0,1.0,0.0,0.2,0.8,0.0,0.0,1.0,0.0,1.0,0.0,0.2,0.8,0.0,0.0,0.2,0.8,0.2,0.8,0.2,0.8,0.0,0.0,0.2,0.8,0.0,0.0,0.9,0.1,0.0,0.0,0.2,0.8,0.2,0.8,0.2,0.8,0.0,0.0,0.2,0.8,0.0,0.0,1.0,0.0,0.0,0.0,0.2,0.8,0.2,0.8,0.2,0.2,0.0,0.0,0.5,0.0,0.0,0.0,0.5,0.0,0.0,0.0,0.1,0.2,0.1,0.2,0.3,0.7,0.3,0.7,1.0,0.0,0.7,0.3
1992-04-30,0.6,0.4,1.0,0.0,0.4,0.3,0.18207439739853765,0.0,1.0,0.0,1.0,0.0,1.0,0.0,0.34636761151763396,0.6536323884823659,1.0,0.0,0.6,0.4,1.0,0.0,1.0,0.0,0.8,0.0,0.0,0.0,0.9,0.0,0.0,0.0,1.0,0.0,1.0,0.0,0.2,0.8,0.0,0.0,1.0,0.0,1.0,0.0,0.2,0.8,0.0,0.0,0.2,0.8,0.2,0.8,0.2,0.8,0.0,0.0,0.2,0.8,0.0,0.0,0.8,0.2,0.0,0.0,0.2,0.8,0.2,0.8,0.2,0.8,0.0,0.0,0.2,0.8,0.0,0.0,1.0,0.0,0.0,0.0,0.2,0.8,0.2,0.8,0.7,0.3,1.0,0.0,0.7,0.0,0.0,0.0,0.6,0.0,0.0,0.0,0.7,0.2,0.6,0.2,0.3,0.7,0.3,0.7,1.0,0.0,1.0,0.0
1992-05-31,0.6,0.4,1.0,0.0,0.4,0.3,0.5607248724863242,0.0,1.0,0.0,1.0,0.0,1.0,0.0,0.34356362329270684,0.6564363767072933,1.0,0.0,0.6,0.4,1.0,0.0,1.0,0.0,1.0,0.0,1.0,0.0,1.0,0.0,0.0,0.0,1.0,0.0,1.0,0.0,0.2,0.8,0.0,0.0,1.0,0.0,1.0,0.0,0.2,0.8,0.0,0.0,0.2,0.8,0.2,0.8,0.2,0.8,0.0,0.0,0.2,0.8,0.0,0.0,0.9,0.1,0.0,0.0,0.2,0.8,0.2,0.8,0.2,0.8,0.0,0.0,0.2,0.8,0.0,0.0,1.0,0.0,0.0,0.0,0.2,0.8,0.2,0.8,0.6,0.3,1.0,0.0,0.5,0.0,0.0,0.0,0.5,0.0,0.0,0.0,0.7,0.2,0.6,0.2,0.3,0.7,0.3,0.7,1.0,0.0,1.0,0.0
1992-06-30,0.6,0.4,1.0,0.0,0.4,0.3,0.4095395381175982,0.0,1.0,0.0,1.0,0.0,1.0,0.0,0.329995441075678,0.6700045589243221,1.0,0.0,0.6,0.4,1.0,0.0,1.0,0.0,1.0,0.0,1.0,0.0,1.0,0.0,0.0,0.0,1.0,0.0,1.0,0.0,0.2,0.8,0.0,0.0,1.0,0.0,1.0,0.0,0.2,0.8,0.0,0.0,0.2,0.8,0.2,0.8,0.2,0.8,0.0,0.0,0.2,0.8,0.0,0.0,0.9,0.1,0.0,0.0,0.2,0.8,0.2,0.8,0.2,0.8,0.0,0.0,0.2,0.8,0.0,0.0,1.0,0.0,0.0,0.0,0.2,0.8,0.2,0.8,0.6,0.3,1.0,0.0,0.4,0.0,0.0,0.0,0.5,0.0,0.0,0.0,0.7,0.2,0.6,0.2,0.3,0.7,0.3,0.7,1.0,0.0,1.0,0.0
1992-07-31,0.6,0.4,1.0,0.0,0.4,0.3,0.3793968103277988,0.0,1.0,0.0,1.0,0.0,1.0,0.0,0.34105436784766147,0.6589456321523387,1.0,0.0,0.6,0.4,1.0,0.0,1.0,0.0,1.0,0.0,1.0,0.0,1.0,0.0,0.0,0.0,1.0,0.0,1.0,0.0,0.2,0.8,0.0,0.0,1.0,0.0,1.0,0.0,0.2,0.8,0.0,0.0,0.2,0.8,0.2,0.8,0.2,0.8,0.0,0.0,0.2,0.8,0.0,0.0,0.9,0.1,0.0,0.0,0.2,0.8,0.2,0.8,0.2,0.8,0.0,0.0,0.2,0.8,0.0,0.0,1.0,0.0,0.0,0.0,0.2,0.8,0.2,0.8,0.0,0.3,0.0,0.0,0.4,0.0,0.0,0.0,0.4,0.0,0.0,0.0,0.0,0.2,0.1,0.2,0.3,0.7,0.3,0.7,1.0,0.0,0.8,0.2
1992-08-31,0.6,0.4,1.0,0.0,0.4,0.3,0.8429745066496214,0.0,1.0,0.0,1.0,0.0,1.0,0.0,0.33189372529402017,0.6681062747059797,1.0,0.0,0.6,0.4,1.0,0.0,1.0,0.0,1.0,0.0,1.0,0.0,1.0,0.0,0.0,0.0,1.0,0.0,1.0,0.0,0.2,0.8,0.0,0.0,1.0,0.0,1.0,0.0,0.2,0.8,0.0,0.0,0.2,0.8,0.2,0.8,0.2,0.8,0.0,0.0,0.2,0.8,0.0,0.0,0.9,0.1,0.0,0.0,0.2,0.8,0.2,0.8,0.2,0.8,0.0,0.0,0.2,0.8,0.0,0.0,1.0,0.0,0.0,0.0,0.2,0.8,0.2,0.8,0.1,0.3,0.0,0.0,0.4,0.0,0.0,0.0,0.4,0.0,0.0,0.0,0.1,0.2,0.1,0.2,0.3,0.7,0.3,0.7,1.0,0.0,1.0,0.0
1992-09-30,0.6,0.4,1.0,0.0,0.4,0.3,0.3884900661823756,0.0,1.0,0.0,1.0,0.0,1.0,0.0,0.3320414313229093,0.6679585686770906,1.0,0.0,0.6,0.4,1.0,0.0,1.0,0.0,1.0,0.0,1.0,0.0,1.0,0.0,0.0,0.0,1.0,0.0,1.0,0.0,0.2,0.8,0.0,0.0,1.0,0.0,1.0,0.0,0.2,0.8,0.0,0.0,0.2,0.8,0.2,0.8,0.2,0.8,0.0,0.0,0.2,0.8,0.0,0.0,0.9,0.1,0.0,0.0,0.2,0.8,0.2,0.8,0.2,0.8,0.0,0.0,0.2,0.8,0.0,0.0,1.0,0.0,0.0,0.0,0.2,0.8,0.2,0.8,0.2,0.3,0.0,0.0,0.4,0.0,0.0,0.0,0.5,0.0,0.0,0.0,0.2,0.2,0.1,0.2,0.3,0.7,0.3,0.7,1.0,0.0,1.0,0.0
1992-10-31,0.6,0.4,1.0,0.0,0.4,0.3,0.377668697119108,0.0,1.0,0.0,1.0,0.0,1.0,0.0,0.3346826002380428,0.6653173997619571,1.0,0.0,0.6,0.4,1.0,0.0,1.0,0.0,1.0,0.0,1.0,0.0,1.0,0.0,0.0,0.0,1.0,0.0,1.0,0.0,0.2,0.8,0.0,0.0,1.0,0.0,1.0,0.0,0.2,0.8,0.0,0.0,0.2,0.8,0.2,0.8,0.2,0.8,0.0,0.0,0.2,0.8,0.0,0.0,0.9,0.1,0.0,0.0,0.2,0.8,0.2,0.8,0.2,0.8,0.0,0.0,0.2,0.8,0.0,0.0,1.0,0.0,0.0,0.0,0.2,0.8,0.2,0.8,0.1,0.3,0.0,0.0,0.4,0.0,0.0,0.0,0.5,0.0,0.0,0.0,0.2,0.2,0.1,0.2,0.3,0.7,0.3,0.7,1.0,0.0,1.0,0.0
1992-11-30,0.6,0.4,1.0,0.0,0.4,0.3,0.6695881497443403,0.0,1.0,0.0,1.0,0.0,1.0,0.0,0.33319461124089117,0.6668053887591088,1.0,0.0,0.6,0.4,1.0,0.0,1.0,0.0,1.0,0.0,1.0,0.0,1.0,0.0,0.0,0.0,1.0,0.0,1.0,0.0,0.2,0.8,0.0,0.0,1.0,0.0,1.0,0.0,0.2,0.8,0.0,0.0,0.2,0.8,0.2,0.8,0.2,0.8,0.0,0.0,0.2,0.8,0.0,0.0,0.9,0.1,0.0,0.0,0.2,0.8,0.2,0.8,0.2,0.8,0.0,0.0,0.2,0.8,0.0,0.0,1.0,0.0,0.0,0.0,0.2,0.8,0.2,0.8,0.5,0.3,1.0,0.0,0.5,0.0,0.0,0.0,0.5,0.0,0.0,0.0,0.5,0.2,0.4,0.2,0.3,0.7,0.3,0.7,1.0,0.0,1.0,0.0
1992-12-31,0.6,0.4,1.0,0.0,0.4,0.3,0.8935896290620021,0.0,1.0,0.0,1.0,0.0,1.0,0.0,0.33432378457756656,0.6656762154224335,1.0,0.0,0.6,0.4,1.0,0.0,1.0,0.0,1.0,0.0,1.0,0.0,1.0,0.0,0.0,0.0,1.0,0.0,1.0,0.0,0.2,0.8,0.0,0.0,0.3,0.7,0.0,0.0,0.1,0.9,0.0,0.0,0.2,0.8,0.2,0.8,0.2,0.8,0.0,0.0,0.2,0.8,0.0,0.0,0.9,0.1,0.0,0.0,0.2,0.8,0.2,0.8,0.2,0.8,0.0,0.0,1.0,0.0,1.0,0.0,1.0,0.0,0.0,0.0,0.2,0.8,0.2,0.8,0.6,0.3,1.0,0.0,0.4,0.0,0.0,0.0,0.5,0.0,0.0,0.0,0.5,0.2,0.5,0.2,0.3,0.7,0.3,0.7,1.0,0.0,1.0,0.0
1993-01-31,0.6,0.4,1.0,0.0,0.4,0.3,0.9354138309029212,0.0,1.0,0.0,1.0,0.0,1.0,0.0,0.3353846912429602,0.6646153087570398,1.0,0.0,0.6,0.4,1.0,0.0,1.0,0.0,1.0,0.0,1.0,0.0,1.0,0.0,0.0,0.0,1.0,0.0,1.0,0.0,0.2,0.8,0.0,0.0,0.3,0.7,0.0,0.0,0.1,0.9,0.0,0.0,0.2,0.8,0.2,0.8,0.2,0.8,0.0,0.0,0.2,0.8,0.0,0.0,0.9,0.1,0.0,0.0,0.2,0.8,0.2,0.8,0.2,0.8,0.0,0.0,1.0,0.0,1.0,0.0,1.0,0.0,0.0,0.0,0.2,0.8,0.2,0.8,0.3,0.2,0.0,0.0,0.4,0.0,0.0,0.0,0.5,0.0,0.0,0.0,0.3,0.2,0.4,0.2,0.3,0.7,0.3,0.7,1.0,0.0,1.0,0.0
1993-02-28,0.6,0.4,1.0,0.0,0.4,0.3,0.23358894814772976,0.0,1.0,0.0,1.0,0.0,1.0,0.0,0.3381591026471332,0.6618408973528667,1.0,0.0,0.6,0.4,1.0,0.0,1.0,0.0,1.0,0.0,1.0,0.0,1.0,0.0,0.0,0.0,1.0,0.0,1.0,0.0,0.2,0.8,0.0,0.0,0.3,0.7,0.0,0.0,0.1,0.9,0.0,0.0,0.2,0.8,0.2,0.8,0.2,0.8,0.0,0.0,0.2,0.8,0.0,0.0,0.9,0.1,0.0,0.0,0.2,0.8,0.2,0.8,0.2,0.8,0.0,0.0,1.0,0.0,1.0,0.0,1.0,0.0,0.0,0.0,0.2,0.8,0.2,0.8,0.0,0.3,0.0,0.0,0.4,0.0,0.0,0.0,0.4,0.0,0.0,0.0,0.0,0.2,0.1,0.2,0.3,0.7,0.3,0.7,1.0,0.0,0.8,0.2
1993-03-31,0.6,0.4,1.0,0.0,0.4,0.3,0.39285056768108345,0.0,1.0,0.0,1.0,0.0,1.0,0.0,0.3368854575978657,0.6631145424021342,1.0,0.0,0.6,0.4,1.0,0.0,1.0,0.0,1.0,0.0,1.0,0.0,1.0,0.0,0.0,0.0,1.0,0.0,1.0,0.0,0.2,0.8,0.0,0.0,0.3,0.7,0.0,0.0,0.1,0.9,0.0,0.0,0.2,0.8,0.2,0.8,0.2,0.8,0.0,0.0,0.2,0.8,0.0,0.0,0.9,0.1,0.0,0.0,0.2,0.8,0.2,0.8,0.2,0.8,0.0,0.0,1.0,0.0,1.0,0.0,1.0,0.0,0.0,0.0,0.2,0.8,0.2,0.8,0.2,0.3,0.0,0.0,0.5,0.0,0.0,0.0,0.5,0.0,0.0,0.0,0.1,0.2,0.1,0.2,0.3,0.7,0.3,0.7,1.0,0.0,1.0,0.0
1993-04-30,0.6,0.4,1.0,0.0,0.4,0.3,0.31435530452018606,0.0,1.0,0.0,1.0,0.0,1.0,0.0,0.3289550675290657,0.6710449324709342,1.0,0.0,0.6,0.4,1.0,0.0,1.0,0.0,1.0,0.0,1.0,0.0,1.0,0.0,0.0,0.0,1.0,0.0,1.0,0.0,0.2,0.8,0.0,0.0,0.3,0.7,0.0,0.0,0.1,0.9,0.0,0.0,0.2,0.8,0.2,0.8,0.2,0.8,0.0,0.0,0.2,0.8,0.0,0.0,0.9,0.1,0.0,0.0,0.2,0.8,0.2,0.8,0.2,0.8,0.0,0.0,1.0,0.0,1.0,0.0,1.0,0.0,0.0,0.0,0.2,0.8,0.2,0.8,0.5,0.3,1.0,0.0,0.6,0.0,0.0,0.0,0.5,0.0,0.0,0.0,0.5,0.2,0.4,0.2,0.3,0.7,0.3,0.7,1.0,0.0,1.0,0.0
1993-05-31,0.6,0.4,1.0,0.0,0.4,0.3,0.4332389608991238,0.0,1.0,0.0,1.0,0.0,1.0,0.0,0.3342896565076861,0.6657103434923138,1.0,0.0,0.6,0.4,1.0,0.0,1.0,0.0,1.0,0.0,1.0,0.0,1.0,0.0,0.0,0.0,1.0,0.0,1.0,0.0,0.2,0.8,0.0,0.0,0.3,0.7,0.0,0.0,0.1,0.9,0.0,0.0,0.2,0.8,0.2,0.8,0.2,0.8,0.0,0.0,0.2,0.8,0.0,0.0,0.9,0.1,0.0,0.0,0.2,0.8,0.2,0.8,0.2,0.8,0.0,0.0,1.0,0.0,1.0,0.0,1.0,0.0,0.0,0.0,0.2,0.8,0.2,0.8,1.0,0.0,1.0,0.0,0.9,0.0,1.0,0.0,0.7,0.0,0.0,0.0,1.0,0.0,1.0,0.0,0.3,0.7,0.3,0.7,1.0,0.0,1.0,0.0
1993-06-30,0.6,0.4,1.0,0.0,0.4,0.3,0.571185167512529,0.0,1.0,0.0,1.0,0.0,1.0,0.0,0.34241317261008253,0.6575868273899176,1.0,0.0,0.6,0.4,1.0,0.0,1.0,0.0,1.0,0.0,1.0,0.0,1.0,0.0,0.0,0.0,1.0,0.0,1.0,0.0,0.2,0.8,0.0,0.0,0.3,0.7,0.0,0.0,0.1,0.9,0.0,0.0,0.2,0.8,0.2,0.8,0.2,0.8,0.0,0.0,0.2,0.8,0.0,0.0,0.9,0.1,0.0,0.0,0.2,0.8,0.2,0.8,0.2,0.8,0.0,0.0,1.0,0.0,1.0,0.0,1.0,0.0,0.0,0.0,0.2,0.8,0.2,0.8,0.0,0.3,0.0,0.0,0.4,0.0,0.0,0.0,0.4,0.0,0.0,0.0,0.0,0.2,0.0,0.2,0.3,0.7,0.3,0.7,1.0,0.0,0.6,0.4
1993-07-31,0.6,0.4,1.0,0.0,0.4,0.3,0.7257451701679035,0.0,1.0,0.0,1.0,0.0,1.0,0.0,0.34356608368017905,0.656433916319821,1.0,0.0,0.6,0.4,1.0,0.0,1.0,0.0,1.0,0.0,1.0,0.0,1.0,0.0,0.0,0.0,1.0,0.0,1.0,0.0,0.2,0.8,0.0,0.0,0.3,0.7,0.0,0.0,0.1,0.9,0.0,0.0,0.2,0.8,0.2,0.8,0.2,0.8,0.0,0.0,0.2,0.8,0.0,0.0,0.9,0.1,0.0,0.0,0.2,0.8,0.2,0.8,0.2,0.8,0.0,0.0,1.0,0.0,1.0,0.0,1.0,0.0,0.0,0.0,0.2,0.8,0.2,0.8,0.0,0.3,0.0,0.0,0.4,0.0,0.0,0.0,0.4,0.0,0.0,0.0,0.0,0.2,0.0,0.2,0.3,0.7,0.3,0.7,1.0,0.0,0.9,0.1
1993-08-31,0.6,0.4,1.0,0.0,0.4,0.3,1.0,0.0,1.0,0.0,1.0,0.0,1.0,0.0,0.35074132726901763,0.6492586727309823,1.0,0.0,0.6,0.4,1.0,0.0,1.0,0.0,1.0,0.0,1.0,0.0,1.0,0.0,0.0,0.0,1.0,0.0,1.0,0.0,0.2,0.8,0.0,0.0,0.3,0.7,0.0,0.0,0.1,0.9,0.0,0.0,0.2,0.8,0.2,0.8,0.2,0.8,0.0,0.0,0.2,0.8,0.0,0.0,0.9,0.1,0.0,0.0,0.2,0.8,0.2,0.8,0.2,0.8,0.0,0.0,1.0,0.0,1.0,0.0,1.0,0.0,0.0,0.0,0.2,0.8,0.2,0.8,0.0,0.3,0.0,0.0,0.4,0.0,0.0,0.0,0.5,0.0,0.0,0.0,0.0,0.2,0.0,0.2,0.3,0.7,0.3,0.7,1.0,0.0,0.5,0.5
1993-09-30,0.6,0.4,1.0,0.0,0.4,0.3,0.6363810260800647,0.0,1.0,0.0,1.0,0.0,1.0,0.0,0.3663848857642419,0.6336151142357581,1.0,0.0,0.6,0.4,1.0,0.0,1.0,0.0,1.0,0.0,1.0,0.0,1.0,0.0,0.0,0.0,1.0,0.0,1.0,0.0,0.2,0.8,0.0,0.0,0.3,0.7,0.0,0.0,0.1,0.9,0.0,0.0,0.2,0.8,0.2,0.8,0.2,0.8,0.0,0.0,0.2,0.8,0.0,0.0,0.9,0.1,0.0,0.0,0.2,0.8,0.2,0.8,0.2,0.8,0.0,0.0,1.0,0.0,1.0,0.0,1.0,0.0,0.0,0.0,0.2,0.8,0.2,0.8,0.1,0.3,0.0,0.0,0.5,0.0,0.0,0.0,0.5,0.0,0.0,0.0,0.1,0.2,0.0,0.2,0.3,0.7,0.3,0.7,1.0,0.0,1.0,0.0
1993-10-31,0.6,0.4,1.0,0.0,0.4,0.3,1.0,0.0,1.0,0.0,1.0,0.0,1.0,0.0,0.3687944335347184,0.6312055664652817,1.0,0.0,0.6,0.4,1.0,0.0,1.0,0.0,1.0,0.0,1.0,0.0,1.0,0.0,1.0,0.0,1.0,0.0,1.0,0.0,0.2,0.8,0.0,0.0,0.3,0.7,0.0,0.0,0.1,0.9,0.0,0.0,0.2,0.8,0.2,0.8,0.2,0.8,0.0,0.0,0.2,0.8,0.0,0.0,0.9,0.1,0.0,0.0,0.2,0.8,0.2,0.8,0.2,0.8,0.0,0.0,1.0,0.0,1.0,0.0,1.0,0.0,0.0,0.0,0.2,0.8,0.2,0.8,0.5,0.3,1.0,0.0,0.6,0.0,0.0,0.0,0.5,0.0,0.0,0.0,0.4,0.2,0.3,0.2,0.3,0.7,0.3,0.7,1.0,0.0,1.0,0.0
1993-11-30,0.6,0.4,1.0,0.0,0.4,0.3,0.4283788006847108,0.0,1.0,0.0,1.0,0.0,1.0,0.0,0.3821877454064643,0.6178122545935357,1.0,0.0,0.6,0.4,1.0,0.0,1.0,0.0,1.0,0.0,1.0,0.0,1.0,0.0,0.0,0.0,1.0,0.0,1.0,0.0,0.2,0.8,0.0,0.0,0.3,0.7,0.0,0.0,0.1,0.9,0.0,0.0,0.2,0.8,0.2,0.8,0.2,0.8,0.0,0.0,0.2,0.8,0.0,0.0,0.9,0.1,0.0,0.0,0.2,0.8,0.2,0.8,0.2,0.8,0.0,0.0,1.0,0.0,1.0,0.0,1.0,0.0,0.0,0.0,0.2,0.8,0.2,0.8,0.0,0.3,0.0,0.0,0.4,0.0,0.0,0.0,0.5,0.0,0.0,0.0,0.1,0.2,0.1,0.2,0.3,0.7,0.3,0.7,1.0,0.0,1.0,0.0
1993-12-31,0.6,0.4,1.0,0.0,0.4,0.3,1.0,0.0,1.0,0.0,1.0,0.0,1.0,0.0,0.3835474230613905,0.6164525769386096,1.0,0.0,0.6,0.4,1.0,0.0,1.0,0.0,1.0,0.0,1.0,0.0,1.0,0.0,1.0,0.0,1.0,0.0,1.0,0.0,0.2,0.8,0.0,0.0,0.1,0.9,0.0,0.0,1.0,0.0,0.0,0.0,0.2,0.8,0.2,0.8,0.2,0.8,0.0,0.0,1.0,0.0,1.0,0.0,1.0,0.0,0.0,0.0,0.2,0.8,0.2,0.8,0.2,0.8,0.0,0.0,1.0,0.0,1.0,0.0,1.0,0.0,0.0,0.0,0.2,0.8,0.2,0.8,0.3,0.3,0.0,0.0,0.5,0.0,0.0,0.0,0.5,0.0,0.0,0.0,0.3,0.2,0.2,0.2,0.3,0.7,0.3,0.7,0.8,0.2,1.0,0.0
1994-01-31,0.6,0.4,1.0,0.0,0.4,0.3,0.9165374344245226,0.0,1.0,0.0,1.0,0.0,1.0,0.0,0.38918994062972756,0.6108100593702726,1.0,0.0,0.6,0.4,1.0,0.0,1.0,0.0,1.0,0.0,1.0,0.0,1.0,0.0,1.0,0.0,1.0,0.0,1.0,0.0,0.2,0.8,0.0,0.0,0.1,0.9,0.0,0.0,1.0,0.0,0.0,0.0,0.2,0.8,0.2,0.8,0.2,0.8,0.0,0.0,1.0,0.0,1.0,0.0,1.0,0.0,0.0,0.0,0.2,0.8,0.2,0.8,0.2,0.8,0.0,0.0,1.0,0.0,1.0,0.0,1.0,0.0,0.0,0.0,0.2,0.8,0.2,0.8,0.2,0.3,0.0,0.0,0.5,0.0,0.0,0.0,0.5,0.0,0.0,0.0,0.2,0.2,0.2,0.2,0.3,0.7,0.3,0.7,0.2,0.6,1.0,0.0
1994-02-28,0.6,0.4,1.0,0.0,0.4,0.3,0.32663080687846235,0.0,1.0,0.0,1.0,0.0,1.0,0.0,0.42507566274839736,0.5749243372516026,1.0,0.0,0.6,0.4,1.0,0.0,1.0,0.0,1.0,0.0,1.0,0.0,1.0,0.0,1.0,0.0,1.0,0.0,1.0,0.0,0.2,0.8,0.0,0.0,0.1,0.9,0.0,0.0,1.0,0.0,0.0,0.0,0.2,0.8,0.2,0.8,0.2,0.8,0.0,0.0,1.0,0.0,1.0,0.0,1.0,0.0,0.0,0.0,0.2,0.8,0.2,0.8,0.2,0.8,0.0,0.0,1.0,0.0,1.0,0.0,1.0,0.0,0.0,0.0,0.2,0.8,0.2,0.8,0.0,0.4,0.0,0.0,0.5,0.0,0.0,0.0,0.5,0.0,0.0,0.0,0.0,0.3,0.0,0.3,0.3,0.7,0.3,0.7,0.2,0.6,0.3,0.6
1994-03-31,0.6,0.4,1.0,0.0,0.4,0.3,0.3269571324130665,0.0,0.0,0.0,0.0,1.0,1.0,0.0,0.4317997863457353,0.5682002136542648,1.0,0.0,0.6,0.4,1.0,0.0,1.0,0.0,1.0,0.0,1.0,0.0,1.0,0.0,0.0,0.0,1.0,0.0,1.0,0.0,0.2,0.8,0.0,0.0,0.1,0.9,0.0,0.0,1.0,0.0,0.0,0.0,0.2,0.8,0.2,0.8,0.2,0.8,0.0,0.0,1.0,0.0,1.0,0.0,1.0,0.0,0.0,0.0,0.2,0.8,0.2,0.8,0.2,0.8,0.0,0.0,1.0,0.0,1.0,0.0,1.0,0.0,0.0,0.0,0.2,0.8,0.2,0.8,0.0,0.4,0.0,0.0,0.5,0.0,0.0,0.0,0.5,0.0,0.0,0.0,0.0,0.3,0.0,0.3,0.3,0.7,0.3,0.7,0.9,0.1,0.0,0.6
1994-04-30,0.6,0.4,1.0,0.0,0.4,0.3,0.20933811075758912,0.0,0.0,0.0,0.0,1.0,1.0,0.0,0.43557799614904374,0.5644220038509562,1.0,0.0,0.6,0.4,1.0,0.0,1.0,0.0,1.0,0.0,1.0,0.0,1.0,0.0,0.0,0.0,1.0,0.0,1.0,0.0,0.2,0.8,0.0,0.0,0.1,0.9,0.0,0.0,1.0,0.0,0.0,0.0,0.2,0.8,0.2,0.8,0.2,0.8,0.0,0.0,1.0,0.0,1.0,0.0,1.0,0.0,0.0,0.0,0.2,0.8,0.2,0.8,0.2,0.8,0.0,0.0,1.0,0.0,1.0,0.0,1.0,0.0,0.0,0.0,0.2,0.8,0.2,0.8,0.0,0.4,0.0,0.0,0.5,0.0,0.0,0.0,0.5,0.0,0.0,0.0,0.0,0.3,0.0,0.3,0.3,0.7,0.3,0.7,1.0,0.0,0.3,0.6
1994-05-31,0.6,0.4,1.0,0.0,0.4,0.3,0.42947293641518797,0.0,0.0,0.0,0.0,1.0,1.0,0.0,0.44093091469657564,0.5590690853034245,1.0,0.0,0.6,0.4,1.0,0.0,1.0,0.0,1.0,0.0,1.0,0.0,1.0,0.0,0.0,0.0,1.0,0.0,1.0,0.0,0.2,0.8,0.0,0.0,0.1,0.9,0.0,0.0,1.0,0.0,0.0,0.0,0.2,0.8,0.2,0.8,0.2,0.8,0.0,0.0,1.0,0.0,1.0,0.0,1.0,0.0,0.0,0.0,0.2,0.8,0.2,0.8,0.2,0.8,0.0,0.0,1.0,0.0,1.0,0.0,1.0,0.0,0.0,0.0,0.2,0.8,0.2,0.8,0.1,0.4,0.0,0.0,0.5,0.0,0.0,0.0,0.5,0.0,0.0,0.0,0.1,0.3,0.0,0.3,0.3,0.7,0.3,0.7,1.0,0.0,0.8,0.2
1994-06-30,0.6,0.4,1.0,0.0,0.4,0.3,0.4073158987304291,0.0,0.0,0.0,0.0,1.0,0.0,0.0,0.4480384876937508,0.551961512306249,1.0,0.0,0.6,0.4,1.0,0.0,1.0,0.0,1.0,0.0,1.0,0.0,1.0,0.0,0.0,0.0,1.0,0.0,1.0,0.0,0.2,0.8,0.0,0.0,0.1,0.9,0.0,0.0,1.0,0.0,0.0,0.0,0.2,0.8,0.2,0.8,0.2,0.8,0.0,0.0,1.0,0.0,1.0,0.0,1.0,0.0,0.0,0.0,0.2,0.8,0.2,0.8,0.2,0.8,0.0,0.0,1.0,0.0,1.0,0.0,1.0,0.0,0.0,0.0,0.2,0.8,0.2,0.8,0.2,0.3,0.0,0.0,0.5,0.0,0.0,0.0,0.5,0.0,0.0,0.0,0.1,0.3,0.0,0.3,0.3,0.7,0.3,0.7,1.0,0.0,0.9,0.1
1994-07-31,0.6,0.4,1.0,0.0,0.4,0.3,0.9418368740502902,0.0,0.0,0.0,0.0,1.0,1.0,0.0,0.45646091039569986,0.5435390896043002,1.0,0.0,0.6,0.4,1.0,0.0,1.0,0.0,1.0,0.0,1.0,0.0,1.0,0.0,0.0,0.0,1.0,0.0,1.0,0.0,0.2,0.8,0.0,0.0,0.1,0.9,0.0,0.0,1.0,0.0,0.0,0.0,0.2,0.8,0.2,0.8,0.2,0.8,0.0,0.0,1.0,0.0,1.0,0.0,1.0,0.0,0.0,0.0,0.2,0.8,0.2,0.8,0.2,0.8,0.0,0.0,1.0,0.0,1.0,0.0,1.0,0.0,0.0,0.0,0.2,0.8,0.2,0.8,0.0,0.4,0.0,0.0,0.5,0.0,0.0,0.0,0.5,0.0,0.0,0.0,0.0,0.3,0.0,0.3,0.3,0.7,0.3,0.7,1.0,0.0,0.8,0.2
1994-08-31,0.6,0.4,1.0,0.0,0.4,0.3,0.7168199577223939,0.0,1.0,0.0,1.0,0.0,1.0,0.0,0.4506986899684638,0.5493013100315363,1.0,0.0,0.6,0.4,1.0,0.0,1.0,0.0,1.0,0.0,1.0,0.0,1.0,0.0,0.0,0.0,1.0,0.0,1.0,0.0,0.2,0.8,0.0,0.0,0.1,0.9,0.0,0.0,1.0,0.0,0.0,0.0,0.2,0.8,0.2,0.8,0.2,0.8,0.0,0.0,1.0,0.0,1.0,0.0,1.0,0.0,0.0,0.0,0.2,0.8,0.2,0.8,0.2,0.8,0.0,0.0,1.0,0.0,1.0,0.0,1.0,0.0,0.0,0.0,0.2,0.8,0.2,0.8,0.1,0.3,0.0,0.0,0.5,0.0,0.0,0.0,0.5,0.0,0.0,0.0,0.0,0.3,0.0,0.3,0.3,0.7,0.3,0.7,1.0,0.0,1.0,0.0
1994-09-30,0.6,0.4,1.0,0.0,0.4,0.3,0.47843962940445695,0.0,1.0,0.0,1.0,0.0,0.0,0.0,0.4556027569393658,0.5443972430606343,1.0,0.0,0.6,0.4,1.0,0.0,1.0,0.0,1.0,0.0,1.0,0.0,1.0,0.0,0.0,0.0,1.0,0.0,1.0,0.0,0.2,0.8,0.0,0.0,0.1,0.9,0.0,0.0,1.0,0.0,0.0,0.0,0.2,0.8,0.2,0.8,0.2,0.8,0.0,0.0,1.0,0.0,1.0,0.0,1.0,0.0,0.0,0.0,0.2,0.8,0.2,0.8,0.2,0.8,0.0,0.0,1.0,0.0,1.0,0.0,1.0,0.0,0.0,0.0,0.2,0.8,0.2,0.8,0.0,0.4,0.0,0.0,0.5,0.0,0.0,0.0,0.5,0.0,0.0,0.0,0.0,0.3,0.0,0.3,0.3,0.7,0.3,0.7,1.0,0.0,0.7,0.3
1994-10-31,0.6,0.4,1.0,0.0,0.4,0.3,0.31975729473682407,0.0,1.0,0.0,1.0,0.0,0.0,0.0,0.4560169390419016,0.5439830609580983,1.0,0.0,0.6,0.4,1.0,0.0,1.0,0.0,1.0,0.0,1.0,0.0,1.0,0.0,0.0,0.0,1.0,0.0,1.0,0.0,0.2,0.8,0.0,0.0,0.1,0.9,0.0,0.0,1.0,0.0,0.0,0.0,0.2,0.8,0.2,0.8,0.2,0.8,0.0,0.0,1.0,0.0,1.0,0.0,1.0,0.0,0.0,0.0,0.2,0.8,0.2,0.8,0.2,0.8,0.0,0.0,1.0,0.0,1.0,0.0,1.0,0.0,0.0,0.0,0.2,0.8,0.2,0.8,0.1,0.3,0.0,0.0,0.5,0.0,0.0,0.0,0.5,0.0,0.0,0.0,0.0,0.3,0.0,0.3,0.3,0.7,0.3,0.7,1.0,0.0,1.0,0.0
1994-11-30,0.6,0.4,1.0,0.0,0.4,0.3,0.41247724646530043,0.0,0.0,0.0,0.0,1.0,0.0,0.0,0.4565496210691068,0.5434503789308932,1.0,0.0,0.6,0.4,1.0,0.0,1.0,0.0,1.0,0.0,1.0,0.0,1.0,0.0,0.0,0.0,1.0,0.0,1.0,0.0,0.2,0.8,0.0,0.0,0.1,0.9,0.0,0.0,1.0,0.0,0.0,0.0,0.2,0.8,0.2,0.8,0.2,0.8,0.0,0.0,1.0,0.0,1.0,0.0,1.0,0.0,0.0,0.0,0.2,0.8,0.2,0.8,0.2,0.8,0.0,0.0,1.0,0.0,1.0,0.0,1.0,0.0,0.0,0.0,0.2,0.8,0.2,0.8,0.2,0.4,0.0,0.0,0.5,0.0,0.0,0.0,0.5,0.0,0.0,0.0,0.2,0.3,0.1,0.3,0.5,0.4,0.3,0.7,1.0,0.0,1.0,0.0
1994-12-31,0.6,0.4,1.0,0.0,0.4,0.3,0.4585042390750552,0.0,1.0,0.0,1.0,0.0,0.0,0.0,0.49597886888284515,0.5040211311171547,1.0,0.0,0.6,0.4,1.0,0.0,1.0,0.0,1.0,0.0,1.0,0.0,1.0,0.0,0.0,0.0,1.0,0.0,1.0,0.0,0.2,0.8,0.0,0.0,0.1,0.9,0.0,0.0,0.1,0.9,0.0,0.0,0.2,0.8,0.2,0.8,0.2,0.8,0.0,0.0,1.0,0.0,1.0,0.0,1.0,0.0,1.0,0.0,0.2,0.8,0.2,0.8,0.7,0.0,1.0,0.0,0.9,0.0,1.0,0.0,1.0,0.0,0.0,0.0,0.7,0.0,0.7,0.0,0.6,0.3,1.0,0.0,0.6,0.0,0.0,0.0,0.6,0.0,0.0,0.0,0.5,0.3,0.5,0.3,0.6,0.0,0.3,0.7,1.0,0.0,1.0,0.0
1995-01-31,0.6,0.4,1.0,0.0,0.4,0.3,1.0,0.0,1.0,0.0,1.0,0.0,0.0,0.0,0.4881377055474012,0.5118622944525989,1.0,0.0,0.6,0.4,1.0,0.0,1.0,0.0,1.0,0.0,1.0,0.0,1.0,0.0,0.0,0.0,1.0,0.0,1.0,0.0,0.2,0.8,0.0,0.0,0.3,0.7,0.0,0.0,0.3,0.7,0.0,0.0,0.2,0.8,0.2,0.8,0.2,0.8,0.0,0.0,1.0,0.0,1.0,0.0,1.0,0.0,1.0,0.0,0.2,0.8,0.2,0.8,0.7,0.0,1.0,0.0,0.9,0.0,1.0,0.0,1.0,0.0,0.0,0.0,0.7,0.0,0.7,0.0,0.3,0.3,0.0,0.0,0.5,0.0,0.0,0.0,0.5,0.0,0.0,0.0,0.4,0.3,0.5,0.3,0.7,0.0,0.3,0.7,1.0,0.0,1.0,0.0
1995-02-28,0.6,0.4,1.0,0.0,0.4,0.3,0.6460001629829935,0.0,1.0,0.0,1.0,0.0,1.0,0.0,0.48477611368508955,0.5152238863149105,1.0,0.0,0.6,0.4,1.0,0.0,1.0,0.0,1.0,0.0,1.0,0.0,1.0,0.0,0.0,0.0,1.0,0.0,1.0,0.0,0.2,0.8,0.0,0.0,1.0,0.0,1.0,0.0,1.0,0.0,1.0,0.0,0.2,0.8,0.2,0.8,0.3,0.7,0.0,0.0,0.9,0.0,0.0,0.0,1.0,0.0,0.0,0.0,0.2,0.8,0.2,0.8,0.7,0.0,1.0,0.0,0.8,0.0,1.0,0.0,1.0,0.0,1.0,0.0,0.7,0.0,0.7,0.0,0.1,0.3,0.0,0.0,0.4,0.0,0.0,0.0,0.5,0.0,0.0,0.0,0.2,0.3,0.2,0.3,0.7,0.0,0.5,0.5,1.0,0.0,1.0,0.0
1995-03-31,0.6,0.4,1.0,0.0,0.4,0.3,0.7313016411222929,0.0,1.0,0.0,1.0,0.0,1.0,0.0,0.4866159555861964,0.5133840444138037,1.0,0.0,0.6,0.4,1.0,0.0,1.0,0.0,1.0,0.0,1.0,0.0,1.0,0.0,0.0,0.0,1.0,0.0,1.0,0.0,0.2,0.8,0.0,0.0,1.0,0.0,1.0,0.0,1.0,0.0,1.0,0.0,0.2,0.8,0.2,0.8,0.4,0.3,1.0,0.0,0.7,0.0,0.0,0.0,1.0,0.0,0.0,0.0,0.3,0.7,0.2,0.8,0.7,0.0,1.0,0.0,0.8,0.0,0.0,0.0,1.0,0.0,1.0,0.0,0.7,0.0,0.7,0.0,0.5,0.3,1.0,0.0,0.5,0.0,0.0,0.0,0.5,0.0,0.0,0.0,0.5,0.3,0.4,0.3,0.7,0.0,0.6,0.0,0.7,0.3,1.0,0.0
1995-04-30,0.6,0.4,1.0,0.0,0.4,0.3,1.0,0.0,1.0,0.0,1.0,0.0,1.0,0.0,0.4853525931257673,0.5146474068742326,1.0,0.0,0.6,0.4,1.0,0.0,1.0,0.0,1.0,0.0,1.0,0.0,1.0,0.0,1.0,0.0,1.0,0.0,1.0,0.0,0.3,0.7,0.0,0.0,1.0,0.0,1.0,0.0,1.0,0.0,1.0,0.0,0.2,0.8,0.2,0.8,0.5,0.0,1.0,0.0,0.7,0.0,0.0,0.0,1.0,0.0,0.0,0.0,0.4,0.0,0.4,0.0,0.7,0.0,1.0,0.0,0.7,0.0,0.0,0.0,1.0,0.0,1.0,0.0,0.7,0.0,0.7,0.0,0.9,0.1,1.0,0.0,0.6,0.0,0.0,0.0,0.6,0.0,0.0,0.0,0.9,0.1,0.8,0.2,0.7,0.0,0.7,0.0,0.0,0.6,1.0,0.0
1995-05-31,0.6,0.4,1.0,0.0,0.4,0.3,0.3911620076692066,0.0,1.0,0.0,1.0,0.0,1.0,0.0,0.5103379998708583,0.4896620001291418,1.0,0.0,0.6,0.4,1.0,0.0,1.0,0.0,1.0,0.0,1.0,0.0,1.0,0.0,0.0,0.0,1.0,0.0,1.0,0.0,0.5,0.0,1.0,0.0,1.0,0.0,1.0,0.0,1.0,0.0,1.0,0.0,0.5,0.0,0.4,0.0,0.5,0.0,1.0,0.0,0.7,0.0,0.0,0.0,1.0,0.0,0.0,0.0,0.5,0.0,0.5,0.0,0.7,0.0,1.0,0.0,0.7,0.0,0.0,0.0,1.0,0.0,1.0,0.0,0.7,0.0,0.7,0.0,0.0,0.3,0.0,0.0,0.5,0.0,0.0,0.0,0.5,0.0,0.0,0.0,0.0,0.3,0.0,0.3,0.7,0.0,0.7,0.0,0.6,0.4,0.0,0.6
1995-06-30,0.6,0.4,1.0,0.0,0.4,0.3,0.4926949188432883,0.0,1.0,0.0,1.0,0.0,1.0,0.0,0.5126647000117802,0.48733529998821973,1.0,0.0,0.6,0.4,1.0,0.0,1.0,0.0,1.0,0.0,1.0,0.0,1.0,0.0,0.0,0.0,1.0,0.0,1.0,0.0,0.6,0.0,1.0,0.0,1.0,0.0,1.0,0.0,1.0,0.0,1.0,0.0,0.6,0.0,0.5,0.0,0.5,0.0,1.0,0.0,0.7,0.0,0.0,0.0,1.0,0.0,0.0,0.0,0.5,0.0,0.5,0.0,0.7,0.0,1.0,0.0,0.7,0.0,0.0,0.0,1.0,0.0,1.0,0.0,0.7,0.0,0.7,0.0,0.1,0.3,0.0,0.0,0.5,0.0,0.0,0.0,0.5,0.0,0.0,0.0,0.0,0.3,0.0,0.3,0.7,0.0,0.7,0.0,1.0,0.0,0.2,0.6
1995-07-31,0.6,0.4,1.0,0.0,0.4,0.3,0.33947147868198335,0.0,1.0,0.0,1.0,0.0,1.0,0.0,0.5106183201670969,0.48938167983290315,1.0,0.0,0.6,0.4,1.0,0.0,1.0,0.0,1.0,0.0,1.0,0.0,1.0,0.0,0.0,0.0,1.0,0.0,1.0,0.0,0.6,0.0,1.0,0.0,1.0,0.0,1.0,0.0,1.0,0.0,1.0,0.0,0.6,0.0,0.6,0.0,0.5,0.0,1.0,0.0,0.7,0.0,0.0,0.0,1.0,0.0,0.0,0.0,0.5,0.0,0.5,0.0,0.7,0.0,1.0,0.0,0.7,0.0,0.0,0.0,1.0,0.0,1.0,0.0,0.7,0.0,0.7,0.0,0.0,0.3,0.0,0.0,0.4,0.0,0.0,0.0,0.5,0.0,0.0,0.0,0.0,0.3,0.0,0.3,0.7,0.0,0.7,0.0,1.0,0.0,0.4,0.6
1995-08-31,0.6,0.4,1.0,0.0,0.4,0.3,1.0,0.0,1.0,0.0,1.0,0.0,1.0,0.0,0.5186333215946828,0.48136667840531716,1.0,0.0,0.6,0.4,1.0,0.0,1.0,0.0,1.0,0.0,1.0,0.0,1.0,0.0,0.0,0.0,1.0,0.0,1.0,0.0,0.6,0.0,1.0,0.0,1.0,0.0,1.0,0.0,1.0,0.0,1.0,0.0,0.6,0.0,0.6,0.0,0.5,0.0,1.0,0.0,0.7,0.0,0.0,0.0,1.0,0.0,0.0,0.0,0.5,0.0,0.5,0.0,0.7,0.0,1.0,0.0,0.7,0.0,0.0,0.0,1.0,0.0,1.0,0.0,0.7,0.0,0.7,0.0,0.1,0.3,0.0,0.0,0.4,0.0,0.0,0.0,0.5,0.0,0.0,0.0,0.0,0.3,0.0,0.3,0.7,0.0,0.7,0.0,1.0,0.0,0.7,0.3
1995-09-30,0.6,0.4,1.0,0.0,0.4,0.3,0.7619047728621905,0.0,1.0,0.0,1.0,0.0,1.0,0.0,0.5144442384576231,0.4855557615423768,1.0,0.0,0.6,0.4,1.0,0.0,1.0,0.0,1.0,0.0,1.0,0.0,1.0,0.0,0.0,0.0,1.0,0.0,1.0,0.0,0.6,0.0,1.0,0.0,1.0,0.0,1.0,0.0,1.0,0.0,1.0,0.0,0.6,0.0,0.6,0.0,0.5,0.0,1.0,0.0,0.7,0.0,0.0,0.0,1.0,0.0,0.0,0.0,0.5,0.0,0.5,0.0,0.7,0.0,1.0,0.0,0.7,0.0,0.0,0.0,1.0,0.0,1.0,0.0,0.7,0.0,0.7,0.0,0.2,0.3,0.0,0.0,0.5,0.0,0.0,0.0,0.5,0.0,0.0,0.0,0.1,0.3,0.1,0.3,0.7,0.0,0.7,0.0,1.0,0.0,1.0,0.0
1995-10-31,0.6,0.4,1.0,0.0,0.4,0.3,0.4752708180249266,0.0,1.0,0.0,1.0,0.0,1.0,0.0,0.5089781968519511,0.4910218031480489,1.0,0.0,0.6,0.4,1.0,0.0,1.0,0.0,1.0,0.0,1.0,0.0,1.0,0.0,0.0,0.0,1.0,0.0,1.0,0.0,0.6,0.0,1.0,0.0,1.0,0.0,1.0,0.0,1.0,0.0,1.0,0.0,0.6,0.0,0.6,0.0,0.5,0.0,1.0,0.0,0.7,0.0,0.0,0.0,1.0,0.0,0.0,0.0,0.5,0.0,0.5,0.0,0.7,0.0,1.0,0.0,0.7,0.0,0.0,0.0,1.0,0.0,1.0,0.0,0.7,0.0,0.7,0.0,0.1,0.3,0.0,0.0,0.4,0.0,0.0,0.0,0.5,0.0,0.0,0.0,0.1,0.3,0.1,0.3,0.7,0.0,0.7,0.0,1.0,0.0,0.9,0.1
1995-11-30,0.6,0.4,1.0,0.0,0.4,0.3,0.5681412757292146,0.0,1.0,0.0,1.0,0.0,1.0,0.0,0.5097312422818724,0.49026875771812756,1.0,0.0,0.6,0.4,1.0,0.0,1.0,0.0,1.0,0.0,1.0,0.0,1.0,0.0,0.0,0.0,1.0,0.0,1.0,0.0,0.6,0.0,1.0,0.0,1.0,0.0,1.0,0.0,1.0,0.0,1.0,0.0,0.6,0.0,0.6,0.0,0.5,0.0,1.0,0.0,0.7,0.0,0.0,0.0,1.0,0.0,0.0,0.0,0.5,0.0,0.5,0.0,0.7,0.0,1.0,0.0,0.7,0.0,0.0,0.0,1.0,0.0,1.0,0.0,0.7,0.0,0.7,0.0,0.0,0.3,0.0,0.0,0.4,0.0,0.0,0.0,0.5,0.0,0.0,0.0,0.1,0.3,0.1,0.3,0.7,0.0,0.7,0.0,1.0,0.0,1.0,0.0
1995-12-31,0.6,0.4,1.0,0.0,0.4,0.4,0.37980769647566986,0.0,1.0,0.0,1.0,0.0,1.0,0.0,0.5103410789300459,0.48965892106995407,1.0,0.0,0.6,0.4,1.0,0.0,1.0,0.0,1.0,0.0,1.0,0.0,1.0,0.0,0.0,0.0,1.0,0.0,1.0,0.0,0.6,0.0,1.0,0.0,1.0,0.0,1.0,0.0,1.0,0.0,0.0,0.0,0.6,0.0,0.6,0.0,0.6,0.0,1.0,0.0,0.8,0.0,0.0,0.0,1.0,0.0,1.0,0.0,0.6,0.0,0.6,0.0,0.7,0.0,1.0,0.0,0.8,0.0,0.0,0.0,1.0,0.0,0.0,0.0,0.7,0.0,0.7,0.0,0.0,0.4,0.0,0.0,0.5,0.0,0.0,0.0,0.6,0.0,0.0,0.0,0.1,0.3,0.1,0.3,0.7,0.0,0.7,0.0,1.0,0.0,1.0,0.0
1996-01-31,0.6,0.4,1.0,0.0,0.4,0.4,0.24471481374496906,0.0,1.0,0.0,1.0,0.0,1.0,0.0,0.5079140814335196,0.4920859185664805,1.0,0.0,0.6,0.4,1.0,0.0,1.0,0.0,1.0,0.0,1.0,0.0,1.0,0.0,0.0,0.0,1.0,0.0,1.0,0.0,0.6,0.0,1.0,0.0,1.0,0.0,1.0,0.0,1.0,0.0,0.0,0.0,0.6,0.0,0.6,0.0,0.6,0.0,1.0,0.0,0.8,0.0,0.0,0.0,1.0,0.0,1.0,0.0,0.6,0.0,0.6,0.0,0.7,0.0,1.0,0.0,0.8,0.0,0.0,0.0,1.0,0.0,0.0,0.0,0.7,0.0,0.7,0.0,0.2,0.4,0.0,0.0,0.6,0.0,0.0,0.0,0.6,0.0,0.0,0.0,0.2,0.3,0.1,0.3,0.7,0.0,0.7,0.0,0.7,0.3,1.0,0.0
1996-02-29,0.6,0.4,1.0,0.0,0.4,0.4,0.33695386185397985,0.0,1.0,0.0,1.0,0.0,1.0,0.0,0.5215593422025875,0.47844065779741246,1.0,0.0,0.6,0.4,1.0,0.0,1.0,0.0,1.0,0.0,1.0,0.0,1.0,0.0,0.0,0.0,1.0,0.0,1.0,0.0,0.6,0.0,1.0,0.0,1.0,0.0,1.0,0.0,1.0,0.0,0.0,0.0,0.6,0.0,0.6,0.0,0.6,0.0,1.0,0.0,0.8,0.0,0.0,0.0,1.0,0.0,1.0,0.0,0.6,0.0,0.6,0.0,0.7,0.0,1.0,0.0,0.8,0.0,0.0,0.0,1.0,0.0,0.0,0.0,0.7,0.0,0.7,0.0,0.0,0.4,0.0,0.0,0.5,0.0,0.0,0.0,0.6,0.0,0.0,0.0,0.0,0.4,0.1,0.3,0.7,0.0,0.7,0.0,1.0,0.0,0.2,0.6
1996-03-31,0.6,0.4,1.0,0.0,0.4,0.4,0.2191914892060586,0.0,1.0,0.0,1.0,0.0,1.0,0.0,0.5263519077615104,0.47364809223848964,1.0,0.0,0.6,0.4,1.0,0.0,1.0,0.0,0.9,0.0,0.0,0.0,1.0,0.0,0.0,0.0,1.0,0.0,1.0,0.0,0.6,0.0,1.0,0.0,1.0,0.0,1.0,0.0,1.0,0.0,0.0,0.0,0.6,0.0,0.6,0.0,0.6,0.0,1.0,0.0,0.8,0.0,0.0,0.0,1.0,0.0,1.0,0.0,0.6,0.0,0.6,0.0,0.7,0.0,1.0,0.0,0.8,0.0,0.0,0.0,1.0,0.0,0.0,0.0,0.7,0.0,0.7,0.0,0.0,0.4,0.0,0.0,0.5,0.0,0.0,0.0,0.6,0.0,0.0,0.0,0.0,0.4,0.1,0.3,0.7,0.0,0.7,0.0,1.0,0.0,0.5,0.5
1996-04-30,0.6,0.4,1.0,0.0,0.4,0.4,0.3532400544862434,0.0,1.0,0.0,1.0,0.0,1.0,0.0,0.5386015729380775,0.46139842706192247,1.0,0.0,0.6,0.4,1.0,0.0,1.0,0.0,1.0,0.0,0.0,0.0,1.0,0.0,0.0,0.0,1.0,0.0,1.0,0.0,0.5,0.0,1.0,0.0,1.0,0.0,1.0,0.0,1.0,0.0,0.0,0.0,0.6,0.0,0.6,0.0,0.6,0.0,1.0,0.0,0.8,0.0,0.0,0.0,1.0,0.0,1.0,0.0,0.6,0.0,0.6,0.0,0.7,0.0,1.0,0.0,0.8,0.0,0.0,0.0,1.0,0.0,0.0,0.0,0.7,0.0,0.7,0.0,0.0,0.4,0.0,0.0,0.5,0.0,0.0,0.0,0.6,0.0,0.0,0.0,0.0,0.4,0.1,0.3,0.7,0.0,0.7,0.0,1.0,0.0,0.7,0.3
1996-05-31,0.6,0.4,1.0,0.0,0.4,0.4,0.3283821723441039,0.0,1.0,0.0,1.0,0.0,1.0,0.0,0.5398707594559324,0.46012924054406756,1.0,0.0,0.6,0.4,1.0,0.0,1.0,0.0,1.0,0.0,0.0,0.0,1.0,0.0,0.0,0.0,1.0,0.0,1.0,0.0,0.4,0.6,0.0,0.0,1.0,0.0,1.0,0.0,1.0,0.0,0.0,0.0,0.4,0.3,0.5,0.1,0.6,0.0,1.0,0.0,0.8,0.0,0.0,0.0,1.0,0.0,1.0,0.0,0.6,0.0,0.6,0.0,0.7,0.0,1.0,0.0,0.8,0.0,0.0,0.0,1.0,0.0,0.0,0.0,0.7,0.0,0.7,0.0,0.1,0.4,0.0,0.0,0.6,0.0,0.0,0.0,0.6,0.0,0.0,0.0,0.1,0.4,0.1,0.3,0.7,0.0,0.7,0.0,1.0,0.0,1.0,0.0
1996-06-30,0.6,0.4,1.0,0.0,0.4,0.4,0.6519998942581392,0.0,1.0,0.0,1.0,0.0,1.0,0.0,0.530908777288877,0.46909122271112297,1.0,0.0,0.6,0.4,1.0,0.0,1.0,0.0,1.0,0.0,1.0,0.0,1.0,0.0,0.0,0.0,1.0,0.0,1.0,0.0,0.4,0.6,0.0,0.0,1.0,0.0,1.0,0.0,1.0,0.0,0.0,0.0,0.4,0.3,0.5,0.1,0.6,0.0,1.0,0.0,0.8,0.0,0.0,0.0,1.0,0.0,1.0,0.0,0.6,0.0,0.6,0.0,0.7,0.0,1.0,0.0,0.8,0.0,0.0,0.0,1.0,0.0,0.0,0.0,0.7,0.0,0.7,0.0,0.1,0.4,0.0,0.0,0.5,0.0,0.0,0.0,0.6,0.0,0.0,0.0,0.1,0.4,0.1,0.3,0.7,0.0,0.7,0.0,1.0,0.0,1.0,0.0
1996-07-31,0.6,0.4,1.0,0.0,0.4,0.4,0.11124475011140506,0.0,1.0,0.0,1.0,0.0,1.0,0.0,0.5043092622457226,0.4956907377542775,1.0,0.0,0.6,0.4,0.7,0.2,1.0,0.0,0.6,0.0,0.0,0.0,0.5,0.0,0.0,0.0,0.8,0.0,1.0,0.0,0.2,0.8,0.0,0.0,1.0,0.0,1.0,0.0,1.0,0.0,0.0,0.0,0.2,0.8,0.3,0.7,0.6,0.0,1.0,0.0,0.8,0.0,0.0,0.0,1.0,0.0,1.0,0.0,0.6,0.0,0.6,0.0,0.7,0.0,1.0,0.0,0.8,0.0,0.0,0.0,1.0,0.0,0.0,0.0,0.7,0.0,0.7,0.0,0.2,0.4,0.0,0.0,0.5,0.0,0.0,0.0,0.5,0.0,0.0,0.0,0.1,0.4,0.1,0.3,0.7,0.0,0.7,0.0,1.0,0.0,0.9,0.1
1996-08-31,0.6,0.4,1.0,0.0,0.4,0.4,0.304969548845147,0.0,1.0,0.0,1.0,0.0,1.0,0.0,0.499724107322552,0.5002758926774481,1.0,0.0,0.6,0.4,1.0,0.0,1.0,0.0,0.7,0.0,0.0,0.0,0.7,0.0,0.0,0.0,1.0,0.0,1.0,0.0,0.2,0.8,0.0,0.0,1.0,0.0,1.0,0.0,1.0,0.0,0.0,0.0,0.2,0.8,0.2,0.8,0.6,0.0,1.0,0.0,0.8,0.0,0.0,0.0,1.0,0.0,1.0,0.0,0.6,0.0,0.6,0.0,0.7,0.0,1.0,0.0,0.8,0.0,0.0,0.0,1.0,0.0,0.0,0.0,0.7,0.0,0.7,0.0,0.2,0.4,0.0,0.0,0.5,0.0,0.0,0.0,0.6,0.0,0.0,0.0,0.1,0.4,0.1,0.3,0.7,0.0,0.7,0.0,1.0,0.0,1.0,0.0
1996-09-30,0.6,0.4,1.0,0.0,0.4,0.4,0.5110709641665481,0.0,1.0,0.0,1.0,0.0,1.0,0.0,0.49464374260921484,0.5053562573907852,1.0,0.0,0.6,0.4,1.0,0.0,1.0,0.0,1.0,0.0,0.0,0.0,1.0,0.0,0.0,0.0,1.0,0.0,1.0,0.0,0.2,0.8,0.0,0.0,1.0,0.0,1.0,0.0,1.0,0.0,0.0,0.0,0.2,0.8,0.2,0.8,0.6,0.0,1.0,0.0,0.8,0.0,0.0,0.0,1.0,0.0,1.0,0.0,0.6,0.0,0.6,0.0,0.7,0.0,1.0,0.0,0.8,0.0,0.0,0.0,1.0,0.0,0.0,0.0,0.7,0.0,0.7,0.0,0.1,0.4,0.0,0.0,0.5,0.0,0.0,0.0,0.5,0.0,0.0,0.0,0.1,0.4,0.1,0.3,0.7,0.0,0.7,0.0,1.0,0.0,1.0,0.0
1996-10-31,0.6,0.4,1.0,0.0,0.4,0.4,0.6361283615964395,0.0,1.0,0.0,1.0,0.0,1.0,0.0,0.5012212012862843,0.49877879871371555,1.0,0.0,0.6,0.4,1.0,0.0,1.0,0.0,1.0,0.0,1.0,0.0,1.0,0.0,0.0,0.0,1.0,0.0,1.0,0.0,0.2,0.8,0.0,0.0,1.0,0.0,1.0,0.0,1.0,0.0,0.0,0.0,0.2,0.8,0.2,0.8,0.6,0.0,1.0,0.0,0.8,0.0,0.0,0.0,1.0,0.0,1.0,0.0,0.6,0.0,0.6,0.0,0.7,0.0,1.0,0.0,0.8,0.0,0.0,0.0,1.0,0.0,0.0,0.0,0.7,0.0,0.7,0.0,0.0,0.4,0.0,0.0,0.5,0.0,0.0,0.0,0.6,0.0,0.0,0.0,0.0,0.4,0.1,0.3,0.7,0.0,0.7,0.0,1.0,0.0,0.7,0.3
1996-11-30,0.6,0.4,1.0,0.0,0.4,0.4,0.5322482277862929,0.0,1.0,0.0,1.0,0.0,1.0,0.0,0.491942885533817,0.508057114466183,1.0,0.0,0.6,0.4,1.0,0.0,1.0,0.0,1.0,0.0,1.0,0.0,1.0,0.0,0.0,0.0,1.0,0.0,1.0,0.0,0.3,0.7,0.0,0.0,1.0,0.0,1.0,0.0,1.0,0.0,0.0,0.0,0.2,0.8,0.2,0.8,0.6,0.0,1.0,0.0,0.8,0.0,0.0,0.0,1.0,0.0,1.0,0.0,0.6,0.0,0.6,0.0,0.7,0.0,1.0,0.0,0.8,0.0,0.0,0.0,1.0,0.0,0.0,0.0,0.7,0.0,0.7,0.0,0.0,0.4,0.0,0.0,0.5,0.0,0.0,0.0,0.5,0.0,0.0,0.0,0.0,0.4,0.1,0.3,0.7,0.0,0.7,0.0,1.0,0.0,0.6,0.4
1996-12-31,0.6,0.4,1.0,0.0,0.4,0.3,0.259384009776975,0.0,1.0,0.0,1.0,0.0,1.0,0.0,0.49333910073087633,0.5066608992691237,1.0,0.0,0.6,0.4,1.0,0.0,1.0,0.0,1.0,0.0,1.0,0.0,1.0,0.0,0.0,0.0,1.0,0.0,1.0,0.0,0.3,0.7,0.0,0.0,1.0,0.0,1.0,0.0,1.0,0.0,0.0,0.0,0.2,0.8,0.2,0.8,0.6,0.0,1.0,0.0,0.7,0.0,0.0,0.0,1.0,0.0,1.0,0.0,0.6,0.0,0.6,0.0,0.8,0.0,1.0,0.0,0.8,0.0,0.0,0.0,1.0,0.0,1.0,0.0,0.7,0.0,0.7,0.0,0.0,0.4,0.0,0.0,0.6,0.0,0.0,0.0,0.6,0.0,0.0,0.0,0.0,0.4,0.1,0.3,0.7,0.0,0.7,0.0,1.0,0.0,0.6,0.4
1997-01-31,0.6,0.4,1.0,0.0,0.4,0.3,0.29175086393034194,0.0,1.0,0.0,1.0,0.0,1.0,0.0,0.4864429147441553,0.5135570852558448,1.0,0.0,0.6,0.4,1.0,0.0,1.0,0.0,1.0,0.0,1.0,0.0,1.0,0.0,0.0,0.0,1.0,0.0,1.0,0.0,0.3,0.7,0.0,0.0,1.0,0.0,1.0,0.0,1.0,0.0,0.0,0.0,0.2,0.8,0.2,0.8,0.6,0.0,1.0,0.0,0.7,0.0,0.0,0.0,1.0,0.0,1.0,0.0,0.6,0.0,0.6,0.0,0.8,0.0,1.0,0.0,0.8,0.0,0.0,0.0,1.0,0.0,1.0,0.0,0.7,0.0,0.7,0.0,0.1,0.3,0.0,0.0,0.6,0.0,0.0,0.0,0.6,0.0,0.0,0.0,0.0,0.4,0.1,0.3,0.7,0.0,0.7,0.0,1.0,0.0,0.8,0.2
1997-02-28,0.6,0.4,1.0,0.0,0.4,0.3,0.2703559326887997,0.0,1.0,0.0,1.0,0.0,1.0,0.0,0.4792578435906534,0.5207421564093466,1.0,0.0,0.6,0.4,1.0,0.0,1.0,0.0,1.0,0.0,1.0,0.0,1.0,0.0,0.0,0.0,1.0,0.0,1.0,0.0,0.2,0.8,0.0,0.0,1.0,0.0,1.0,0.0,1.0,0.0,0.0,0.0,0.2,0.8,0.2,0.8,0.6,0.0,1.0,0.0,0.7,0.0,0.0,0.0,1.0,0.0,1.0,0.0,0.6,0.0,0.6,0.0,0.8,0.0,1.0,0.0,0.8,0.0,0.0,0.0,1.0,0.0,1.0,0.0,0.7,0.0,0.7,0.0,0.2,0.3,0.0,0.0,0.6,0.0,0.0,0.0,0.6,0.0,0.0,0.0,0.2,0.3,0.1,0.3,0.7,0.0,0.7,0.0,1.0,0.0,1.0,0.0
1997-03-31,0.6,0.4,1.0,0.0,0.4,0.3,0.1953531723910345,0.0,1.0,0.0,1.0,0.0,1.0,0.0,0.47286997741301073,0.5271300225869892,1.0,0.0,0.6,0.4,1.0,0.0,1.0,0.0,0.7,0.0,0.0,0.0,0.7,0.0,0.0,0.0,1.0,0.0,1.0,0.0,0.2,0.8,0.0,0.0,1.0,0.0,1.0,0.0,1.0,0.0,0.0,0.0,0.2,0.8,0.2,0.8,0.6,0.0,1.0,0.0,0.7,0.0,0.0,0.0,1.0,0.0,1.0,0.0,0.6,0.0,0.6,0.0,0.8,0.0,1.0,0.0,0.8,0.0,0.0,0.0,1.0,0.0,1.0,0.0,0.7,0.0,0.7,0.0,0.0,0.4,0.0,0.0,0.6,0.0,0.0,0.0,0.6,0.0,0.0,0.0,0.1,0.3,0.1,0.3,0.7,0.0,0.7,0.0,0.9,0.1,0.7,0.3
1997-04-30,0.6,0.4,1.0,0.0,0.4,0.3,0.13193717231240917,0.0,1.0,0.0,1.0,0.0,1.0,0.0,0.4687682294710913,0.5312317705289087,1.0,0.0,0.6,0.4,0.6,0.2,1.0,0.0,0.5,0.0,0.0,0.0,0.5,0.0,0.0,0.0,0.7,0.0,0.9,0.0,0.2,0.8,0.0,0.0,1.0,0.0,1.0,0.0,0.9,0.1,0.0,0.0,0.2,0.8,0.2,0.8,0.6,0.0,1.0,0.0,0.7,0.0,0.0,0.0,1.0,0.0,1.0,0.0,0.6,0.0,0.6,0.0,0.8,0.0,1.0,0.0,0.8,0.0,0.0,0.0,1.0,0.0,1.0,0.0,0.7,0.0,0.7,0.0,0.0,0.4,0.0,0.0,0.6,0.0,0.0,0.0,0.6,0.0,0.0,0.0,0.1,0.3,0.1,0.3,0.7,0.0,0.7,0.0,0.7,0.3,0.9,0.1
1997-05-31,0.6,0.4,1.0,0.0,0.4,0.3,0.18450883397104745,0.0,1.0,0.0,1.0,0.0,1.0,0.0,0.4552859913663233,0.5447140086336767,1.0,0.0,0.6,0.4,0.5,0.3,1.0,0.0,0.6,0.0,0.0,0.0,0.5,0.0,0.0,0.0,0.7,0.0,0.9,0.0,0.2,0.8,0.0,0.0,1.0,0.0,1.0,0.0,1.0,0.0,0.0,0.0,0.2,0.8,0.2,0.8,0.6,0.0,1.0,0.0,0.7,0.0,0.0,0.0,1.0,0.0,1.0,0.0,0.6,0.0,0.6,0.0,0.8,0.0,1.0,0.0,0.8,0.0,0.0,0.0,1.0,0.0,1.0,0.0,0.7,0.0,0.7,0.0,0.1,0.3,0.0,0.0,0.5,0.0,0.0,0.0,0.6,0.0,0.0,0.0,0.1,0.3,0.1,0.3,0.7,0.0,0.7,0.0,0.4,0.6,1.0,0.0
1997-06-30,0.6,0.4,1.0,0.0,0.4,0.3,0.23348669150159448,0.0,1.0,0.0,1.0,0.0,1.0,0.0,0.4604020779621517,0.5395979220378484,1.0,0.0,0.6,0.4,0.7,0.2,1.0,0.0,0.6,0.0,0.0,0.0,0.6,0.0,0.0,0.0,0.7,0.0,0.9,0.0,0.2,0.8,0.0,0.0,1.0,0.0,1.0,0.0,1.0,0.0,0.0,0.0,0.2,0.8,0.2,0.8,0.6,0.0,1.0,0.0,0.7,0.0,0.0,0.0,1.0,0.0,1.0,0.0,0.6,0.0,0.6,0.0,0.8,0.0,1.0,0.0,0.8,0.0,0.0,0.0,1.0,0.0,1.0,0.0,0.7,0.0,0.7,0.0,0.2,0.3,0.0,0.0,0.6,0.0,0.0,0.0,0.6,0.0,0.0,0.0,0.1,0.3,0.1,0.3,0.7,0.0,0.7,0.0,0.0,0.6,1.0,0.0
1997-07-31,0.6,0.4,1.0,0.0,0.4,0.3,0.20626918942172723,0.0,1.0,0.0,1.0,0.0,1.0,0.0,0.4598315594533137,0.5401684405466863,1.0,0.0,0.6,0.4,0.7,0.2,1.0,0.0,0.6,0.0,0.0,0.0,0.6,0.0,0.0,0.0,0.7,0.0,0.9,0.0,0.2,0.8,0.0,0.0,1.0,0.0,1.0,0.0,1.0,0.0,0.0,0.0,0.2,0.8,0.2,0.8,0.6,0.0,1.0,0.0,0.7,0.0,0.0,0.0,1.0,0.0,1.0,0.0,0.6,0.0,0.6,0.0,0.8,0.0,1.0,0.0,0.8,0.0,0.0,0.0,1.0,0.0,1.0,0.0,0.7,0.0,0.7,0.0,0.0,0.4,0.0,0.0,0.6,0.0,0.0,0.0,0.6,0.0,0.0,0.0,0.1,0.3,0.1,0.3,0.7,0.0,0.7,0.0,0.0,0.6,0.0,0.6
1997-08-31,0.6,0.4,1.0,0.0,0.4,0.3,0.1857823555096529,0.0,1.0,0.0,1.0,0.0,1.0,0.0,0.4566365342185475,0.5433634657814524,1.0,0.0,0.6,0.4,0.6,0.2,1.0,0.0,0.6,0.0,0.0,0.0,0.5,0.0,0.0,0.0,0.7,0.0,0.9,0.0,0.2,0.8,0.0,0.0,1.0,0.0,1.0,0.0,1.0,0.0,0.0,0.0,0.2,0.8,0.2,0.8,0.6,0.0,1.0,0.0,0.7,0.0,0.0,0.0,1.0,0.0,1.0,0.0,0.6,0.0,0.6,0.0,0.8,0.0,1.0,0.0,0.8,0.0,0.0,0.0,1.0,0.0,1.0,0.0,0.7,0.0,0.7,0.0,0.0,0.4,0.0,0.0,0.6,0.0,0.0,0.0,0.6,0.0,0.0,0.0,0.1,0.3,0.1,0.3,0.7,0.0,0.7,0.0,0.1,0.6,0.0,0.6
1997-09-30,0.6,0.4,1.0,0.0,0.4,0.3,0.18332545175179749,0.0,1.0,0.0,1.0,0.0,1.0,0.0,0.45047917853630987,0.5495208214636901,1.0,0.0,0.6,0.4,0.5,0.3,1.0,0.0,0.6,0.0,0.0,0.0,0.5,0.0,0.0,0.0,0.7,0.0,0.9,0.0,0.2,0.8,0.0,0.0,1.0,0.0,1.0,0.0,1.0,0.0,0.0,0.0,0.2,0.8,0.2,0.8,0.6,0.0,1.0,0.0,0.7,0.0,0.0,0.0,1.0,0.0,1.0,0.0,0.6,0.0,0.6,0.0,0.8,0.0,1.0,0.0,0.8,0.0,0.0,0.0,1.0,0.0,1.0,0.0,0.7,0.0,0.7,0.0,0.0,0.4,0.0,0.0,0.6,0.0,0.0,0.0,0.6,0.0,0.0,0.0,0.1,0.3,0.1,0.3,0.7,0.0,0.7,0.0,0.2,0.6,0.1,0.6
1997-10-31,0.6,0.4,1.0,0.0,0.4,0.3,0.04095721374530861,0.0,1.0,0.0,1.0,0.0,1.0,0.0,0.44227668429612815,0.5577233157038718,1.0,0.0,0.6,0.4,0.0,0.7,0.0,0.0,0.0,1.0,0.0,0.0,0.0,1.0,0.0,0.0,0.0,0.7,0.0,0.6,0.2,0.8,0.0,0.0,0.9,0.1,1.0,0.0,0.1,0.9,0.0,0.0,0.2,0.8,0.2,0.8,0.6,0.0,1.0,0.0,0.7,0.0,0.0,0.0,1.0,0.0,1.0,0.0,0.6,0.0,0.6,0.0,0.8,0.0,1.0,0.0,0.8,0.0,0.0,0.0,1.0,0.0,1.0,0.0,0.7,0.0,0.7,0.0,0.0,0.4,0.0,0.0,0.5,0.0,0.0,0.0,0.6,0.0,0.0,0.0,0.1,0.3,0.1,0.3,0.7,0.0,0.7,0.0,1.0,0.0,0.0,0.6
1997-11-30,0.6,0.4,1.0,0.0,0.4,0.3,0.13778383062047092,0.0,1.0,0.0,1.0,0.0,1.0,0.0,0.4528825644189488,0.5471174355810512,0.0,0.0,0.0,0.0,0.0,0.7,0.0,0.0,0.0,0.6,0.0,0.0,0.0,0.5,0.0,0.0,0.0,0.7,0.0,0.6,0.3,0.7,0.0,0.0,1.0,0.0,1.0,0.0,0.7,0.0,1.0,0.0,0.2,0.8,0.2,0.8,0.6,0.0,1.0,0.0,0.7,0.0,0.0,0.0,1.0,0.0,1.0,0.0,0.6,0.0,0.6,0.0,0.8,0.0,1.0,0.0,0.8,0.0,0.0,0.0,1.0,0.0,1.0,0.0,0.7,0.0,0.7,0.0,0.1,0.3,0.0,0.0,0.6,0.0,0.0,0.0,0.6,0.0,0.0,0.0,0.1,0.3,0.1,0.3,0.7,0.0,0.7,0.0,1.0,0.0,0.4,0.6
1997-12-31,0.6,0.4,1.0,0.0,0.4,0.4,0.1758659778330446,0.0,1.0,0.0,1.0,0.0,1.0,0.0,0.4532509421640916,0.5467490578359083,0.0,0.0,0.0,0.0,0.0,0.8,0.0,0.0,0.4,0.1,0.0,0.0,0.4,0.1,0.0,0.0,0.0,0.7,0.0,0.7,0.4,0.3,1.0,0.0,1.0,0.0,1.0,0.0,1.0,0.0,1.0,0.0,0.3,0.7,0.3,0.7,0.6,0.0,1.0,0.0,1.0,0.0,1.0,0.0,1.0,0.0,1.0,0.0,0.6,0.0,0.6,0.0,0.8,0.0,1.0,0.0,0.8,0.0,0.0,0.0,1.0,0.0,0.0,0.0,0.8,0.0,0.8,0.0,0.2,0.4,0.0,0.0,0.6,0.0,0.0,0.0,0.7,0.0,0.0,0.0,0.2,0.3,0.1,0.3,0.7,0.0,0.7,0.0,1.0,0.0,0.8,0.2
1998-01-31,0.6,0.4,1.0,0.0,0.4,0.4,0.14762422251361076,0.0,1.0,0.0,1.0,0.0,1.0,0.0,0.45142701674833446,0.5485729832516656,1.0,0.0,0.6,0.4,0.0,0.8,0.0,0.0,0.5,0.0,0.0,0.0,0.5,0.0,0.0,0.0,0.0,0.7,0.0,0.7,0.6,0.0,1.0,0.0,1.0,0.0,1.0,0.0,1.0,0.0,1.0,0.0,0.6,0.0,0.5,0.0,0.6,0.0,1.0,0.0,1.0,0.0,1.0,0.0,1.0,0.0,1.0,0.0,0.6,0.0,0.6,0.0,0.8,0.0,1.0,0.0,0.8,0.0,0.0,0.0,1.0,0.0,0.0,0.0,0.8,0.0,0.8,0.0,0.3,0.4,0.0,0.0,0.6,0.0,0.0,0.0,0.7,0.0,0.0,0.0,0.3,0.3,0.2,0.3,0.7,0.0,0.7,0.0,1.0,0.0,1.0,0.0
1998-02-28,0.6,0.4,1.0,0.0,0.4,0.4,0.3673368386207811,0.0,1.0,0.0,1.0,0.0,1.0,0.0,0.44359328450885094,0.5564067154911491,1.0,0.0,0.6,0.4,0.1,0.7,0.0,0.0,0.7,0.0,0.0,0.0,0.7,0.0,0.0,0.0,0.0,0.7,0.0,0.7,0.6,0.0,1.0,0.0,1.0,0.0,1.0,0.0,1.0,0.0,1.0,0.0,0.6,0.0,0.6,0.0,0.6,0.0,1.0,0.0,1.0,0.0,1.0,0.0,1.0,0.0,1.0,0.0,0.6,0.0,0.6,0.0,0.8,0.0,1.0,0.0,0.8,0.0,0.0,0.0,1.0,0.0,0.0,0.0,0.8,0.0,0.8,0.0,0.4,0.3,0.0,0.0,0.6,0.0,0.0,0.0,0.6,0.0,0.0,0.0,0.3,0.3,0.2,0.3,0.7,0.0,0.7,0.0,1.0,0.0,0.9,0.1
1998-03-31,0.6,0.4,1.0,0.0,0.4,0.4,0.34116199401138275,0.0,1.0,0.0,1.0,0.0,1.0,0.0,0.44136055990590844,0.5586394400940915,1.0,0.0,0.6,0.4,0.3,0.4,1.0,0.0,0.7,0.0,0.0,0.0,0.8,0.0,0.0,0.0,0.3,0.6,0.2,0.7,0.7,0.0,1.0,0.0,1.0,0.0,1.0,0.0,1.0,0.0,1.0,0.0,0.6,0.0,0.6,0.0,0.6,0.0,1.0,0.0,1.0,0.0,1.0,0.0,1.0,0.0,1.0,0.0,0.6,0.0,0.6,0.0,0.8,0.0,1.0,0.0,0.8,0.0,0.0,0.0,1.0,0.0,0.0,0.0,0.8,0.0,0.8,0.0,0.9,0.1,1.0,0.0,0.9,0.0,0.0,0.0,0.8,0.0,0.0,0.0,0.8,0.2,0.7,0.3,0.7,0.0,0.7,0.0,1.0,0.0,1.0,0.0
1998-04-30,0.6,0.4,1.0,0.0,0.4,0.4,0.20942440214752167,0.0,1.0,0.0,1.0,0.0,1.0,0.0,0.4410243562702187,0.5589756437297814,1.0,0.0,0.6,0.4,0.3,0.4,1.0,0.0,0.6,0.0,0.0,0.0,0.6,0.0,0.0,0.0,0.3,0.6,0.2,0.7,0.6,0.0,1.0,0.0,1.0,0.0,1.0,0.0,1.0,0.0,1.0,0.0,0.6,0.0,0.6,0.0,0.6,0.0,1.0,0.0,1.0,0.0,1.0,0.0,1.0,0.0,1.0,0.0,0.6,0.0,0.6,0.0,0.8,0.0,1.0,0.0,0.8,0.0,0.0,0.0,1.0,0.0,0.0,0.0,0.8,0.0,0.8,0.0,1.0,0.0,1.0,0.0,1.0,0.0,1.0,0.0,1.0,0.0,0.0,0.0,1.0,0.0,1.0,0.0,0.7,0.0,0.7,0.0,1.0,0.0,1.0,0.0
1998-05-31,0.6,0.4,1.0,0.0,0.4,0.4,0.41118053248888214,0.0,1.0,0.0,1.0,0.0,1.0,0.0,0.4071238897588094,0.5928761102411907,1.0,0.0,0.6,0.4,0.8,0.1,1.0,0.0,0.7,0.0,0.0,0.0,0.8,0.0,0.0,0.0,0.8,0.2,0.7,0.3,0.7,0.0,1.0,0.0,1.0,0.0,1.0,0.0,1.0,0.0,1.0,0.0,0.6,0.0,0.6,0.0,0.6,0.0,1.0,0.0,1.0,0.0,1.0,0.0,1.0,0.0,1.0,0.0,0.6,0.0,0.6,0.0,0.8,0.0,1.0,0.0,0.8,0.0,0.0,0.0,1.0,0.0,0.0,0.0,0.8,0.0,0.8,0.0,1.0,0.0,1.0,0.0,1.0,0.0,1.0,0.0,0.9,0.1,0.0,0.0,1.0,0.0,1.0,0.0,0.7,0.0,0.7,0.0,1.0,0.0,1.0,0.0
1998-06-30,0.6,0.4,1.0,0.0,0.4,0.4,0.18412064617526183,0.0,1.0,0.0,1.0,0.0,1.0,0.0,0.40791056547796634,0.5920894345220336,1.0,0.0,0.6,0.4,0.7,0.2,1.0,0.0,0.6,0.0,0.0,0.0,0.6,0.0,0.0,0.0,0.8,0.2,0.7,0.3,0.7,0.0,1.0,0.0,1.0,0.0,1.0,0.0,1.0,0.0,1.0,0.0,0.6,0.0,0.6,0.0,0.6,0.0,1.0,0.0,1.0,0.0,1.0,0.0,1.0,0.0,1.0,0.0,0.6,0.0,0.6,0.0,0.8,0.0,1.0,0.0,0.8,0.0,0.0,0.0,1.0,0.0,0.0,0.0,0.8,0.0,0.8,0.0,1.0,0.0,1.0,0.0,1.0,0.0,0.0,0.0,0.9,0.1,0.0,0.0,1.0,0.0,1.0,0.0,0.7,0.0,0.7,0.0,0.5,0.5,1.0,0.0
1998-07-31,0.6,0.4,1.0,0.0,0.4,0.4,0.17171721922121574,0.0,1.0,0.0,1.0,0.0,1.0,0.0,0.4012667837427331,0.5987332162572669,1.0,0.0,0.6,0.4,0.5,0.3,1.0,0.0,0.6,0.0,0.0,0.0,0.6,0.0,0.0,0.0,0.6,0.2,0.7,0.3,0.7,0.0,1.0,0.0,1.0,0.0,1.0,0.0,1.0,0.0,1.0,0.0,0.6,0.0,0.6,0.0,0.6,0.0,1.0,0.0,1.0,0.0,1.0,0.0,1.0,0.0,1.0,0.0,0.6,0.0,0.6,0.0,0.8,0.0,1.0,0.0,0.8,0.0,0.0,0.0,1.0,0.0,0.0,0.0,0.8,0.0,0.8,0.0,1.0,0.0,1.0,0.0,1.0,0.0,1.0,0.0,0.9,0.1,0.0,0.0,1.0,0.0,1.0,0.0,0.7,0.0,0.7,0.0,0.0,0.6,1.0,0.0
1998-08-31,0.6,0.4,1.0,0.0,0.4,0.4,0.03576011664914233,0.0,0.0,0.0,0.0,1.0,1.0,0.0,0.3455001713112703,0.6544998286887297,0.0,0.0,0.0,0.0,0.0,0.8,0.0,0.0,0.0,1.0,0.0,0.0,0.0,1.0,0.0,0.0,0.0,0.7,0.0,0.7,0.6,0.0,1.0,0.0,0.4,0.0,0.0,0.0,0.2,0.0,0.0,0.0,0.6,0.0,0.6,0.0,0.6,0.0,1.0,0.0,0.9,0.0,1.0,0.0,0.9,0.0,1.0,0.0,0.6,0.0,0.6,0.0,0.8,0.0,1.0,0.0,0.8,0.0,0.0,0.0,1.0,0.0,0.0,0.0,0.8,0.0,0.8,0.0,0.1,0.3,0.0,0.0,0.0,1.0,0.0,0.0,0.0,1.0,0.0,0.0,0.1,0.3,0.1,0.3,0.7,0.0,0.7,0.0,0.0,0.6,0.0,0.6
1998-09-30,0.6,0.4,1.0,0.0,0.4,0.4,0.0373700968349453,0.0,0.0,0.0,0.0,1.0,1.0,0.0,0.3467623614968872,0.6532376385031128,0.0,0.0,0.0,0.0,0.0,0.8,0.0,0.0,0.0,1.0,0.0,0.0,0.0,1.0,0.0,0.0,0.0,0.7,0.0,0.7,0.6,0.0,1.0,0.0,0.2,0.0,0.0,0.0,0.0,0.0,0.0,0.0,0.6,0.0,0.6,0.0,0.6,0.0,1.0,0.0,0.0,0.0,0.0,0.0,0.0,0.0,0.0,0.0,0.6,0.0,0.6,0.0,0.8,0.0,1.0,0.0,0.8,0.0,0.0,0.0,0.2,0.0,0.0,0.0,0.8,0.0,0.8,0.0,0.1,0.3,0.0,0.0,0.0,1.0,0.0,0.0,0.0,1.0,0.0,0.0,0.1,0.3,0.1,0.3,0.7,0.0,0.7,0.0,0.0,0.6,0.0,0.6
1998-10-31,0.6,0.4,1.0,0.0,0.4,0.4,0.05618126539986446,0.0,1.0,0.0,1.0,0.0,1.0,0.0,0.34636065587076936,0.6536393441292306,0.0,0.0,0.0,0.0,0.0,0.8,0.0,0.0,0.0,1.0,0.0,0.0,0.0,1.0,0.0,0.0,0.0,0.7,0.0,0.7,0.5,0.0,1.0,0.0,0.3,0.0,0.0,0.0,0.2,0.0,0.0,0.0,0.6,0.0,0.6,0.0,0.6,0.0,1.0,0.0,0.0,0.0,0.0,0.0,0.1,0.0,0.0,0.0,0.6,0.0,0.6,0.0,0.8,0.0,1.0,0.0,0.8,0.0,0.0,0.0,0.4,0.0,0.0,0.0,0.8,0.0,0.8,0.0,0.1,0.3,0.0,0.0,0.0,1.0,0.0,0.0,0.0,1.0,0.0,0.0,0.1,0.3,0.1,0.3,0.7,0.0,0.7,0.0,0.3,0.6,0.0,0.6
1998-11-30,0.6,0.4,1.0,0.0,0.4,0.4,0.17727388441429484,0.0,1.0,0.0,1.0,0.0,1.0,0.0,0.3429226769942017,0.6570773230057984,0.0,0.0,0.0,0.0,0.0,0.8,0.0,0.0,0.0,1.0,0.0,0.0,0.0,0.9,0.0,0.0,0.0,0.7,0.0,0.7,0.6,0.0,1.0,0.0,0.6,0.0,0.0,0.0,0.5,0.0,1.0,0.0,0.6,0.0,0.6,0.0,0.6,0.0,1.0,0.0,0.0,0.0,0.0,0.0,0.0,0.0,0.0,0.0,0.6,0.0,0.6,0.0,0.8,0.0,1.0,0.0,0.8,0.0,0.0,0.0,0.0,0.0,0.0,0.0,0.8,0.0,0.8,0.0,0.1,0.4,0.0,0.0,0.0,1.0,0.0,0.0,0.0,1.0,0.0,0.0,0.1,0.3,0.1,0.3,0.7,0.0,0.7,0.0,0.4,0.6,0.2,0.6
1998-12-31,0.6,0.4,1.0,0.0,0.4,0.4,0.11906919682723058,0.0,1.0,0.0,1.0,0.0,1.0,0.0,0.33869465378151514,0.6613053462184848,1.0,0.0,0.6,0.4,0.0,0.9,0.0,0.0,0.0,0.8,0.0,0.0,0.0,0.7,0.0,0.0,0.0,0.8,0.0,0.7,0.7,0.0,1.0,0.0,0.0,0.1,0.0,0.0,0.7,0.0,0.0,0.0,0.6,0.0,0.6,0.0,0.7,0.0,1.0,0.0,0.3,0.0,0.0,0.0,0.0,0.0,0.0,0.0,0.7,0.0,0.7,0.0,0.8,0.0,1.0,0.0,0.8,0.0,0.0,0.0,0.0,0.0,0.0,0.0,0.8,0.0,0.8,0.0,0.2,0.4,0.0,0.0,0.0,1.0,0.0,0.0,0.0,1.0,0.0,0.0,0.2,0.3,0.1,0.3,0.7,0.0,0.7,0.0,0.4,0.6,0.4,0.6
1999-01-31,0.6,0.4,1.0,0.0,0.4,0.4,0.11708874439217205,0.0,1.0,0.0,1.0,0.0,1.0,0.0,0.33799320021174745,0.6620067997882525,1.0,0.0,0.6,0.4,0.0,0.9,0.0,0.0,0.0,0.6,0.0,0.0,0.1,0.5,0.0,0.0,0.0,0.8,0.0,0.7,0.7,0.0,1.0,0.0,0.0,0.1,0.0,0.0,1.0,0.0,0.0,0.0,0.6,0.0,0.6,0.0,0.7,0.0,1.0,0.0,0.3,0.0,0.0,0.0,0.0,0.0,0.0,0.0,0.7,0.0,0.7,0.0,0.8,0.0,1.0,0.0,0.8,0.0,0.0,0.0,0.0,0.0,0.0,0.0,0.8,0.0,0.8,0.0,0.6,0.4,1.0,0.0,0.4,0.6,1.0,0.0,0.3,0.7,0.0,0.0,0.6,0.3,0.5,0.3,0.7,0.0,0.7,0.0,0.2,0.6,0.9,0.1
1999-02-28,0.6,0.4,1.0,0.0,0.4,0.4,0.1029613211626182,0.0,1.0,0.0,1.0,0.0,1.0,0.0,0.33583122903357127,0.6641687709664288,1.0,0.0,0.6,0.4,0.0,0.9,0.0,0.0,0.0,0.7,0.0,0.0,0.1,0.5,0.0,0.0,0.0,0.8,0.0,0.7,0.6,0.0,1.0,0.0,0.0,0.1,0.0,0.0,1.0,0.0,0.0,0.0,0.6,0.0,0.6,0.0,0.7,0.0,1.0,0.0,0.3,0.0,0.0,0.0,0.0,0.0,0.0,0.0,0.7,0.0,0.7,0.0,0.8,0.0,1.0,0.0,0.8,0.0,0.0,0.0,0.0,0.0,0.0,0.0,0.8,0.0,0.8,0.0,0.1,0.4,0.0,0.0,0.4,0.1,0.0,0.0,0.4,0.1,0.0,0.0,0.1,0.4,0.1,0.4,0.7,0.0,0.7,0.0,0.9,0.1,0.0,0.6
1999-03-31,0.6,0.4,1.0,0.0,0.4,0.4,0.11891451101253474,0.0,1.0,0.0,1.0,0.0,1.0,0.0,0.33135710429809057,0.6686428957019094,1.0,0.0,0.6,0.4,0.0,0.9,0.0,0.0,0.1,0.5,0.0,0.0,0.2,0.3,0.0,0.0,0.0,0.8,0.0,0.7,0.6,0.0,1.0,0.0,0.0,0.1,0.0,0.0,1.0,0.0,0.0,0.0,0.6,0.0,0.6,0.0,0.7,0.0,1.0,0.0,0.3,0.0,0.0,0.0,0.0,0.0,0.0,0.0,0.7,0.0,0.7,0.0,0.8,0.0,1.0,0.0,0.8,0.0,0.0,0.0,0.1,0.0,0.0,0.0,0.8,0.0,0.8,0.0,0.1,0.4,0.0,0.0,0.5,0.0,0.0,0.0,0.5,0.0,0.0,0.0,0.1,0.4,0.1,0.4,0.7,0.0,0.7,0.0,1.0,0.0,0.3,0.6
1999-04-30,0.6,0.4,1.0,0.0,0.4,0.4,0.1275023534693664,0.0,1.0,0.0,1.0,0.0,1.0,0.0,0.3272489843680424,0.6727510156319576,1.0,0.0,0.6,0.4,0.0,0.9,0.0,0.0,0.2,0.3,0.0,0.0,0.3,0.2,0.0,0.0,0.0,0.8,0.0,0.7,0.5,0.2,1.0,0.0,0.0,0.1,0.0,0.0,1.0,0.0,0.0,0.0,0.6,0.0,0.6,0.0,0.7,0.0,1.0,0.0,0.3,0.0,0.0,0.0,0.0,0.0,0.0,0.0,0.7,0.0,0.7,0.0,0.8,0.0,1.0,0.0,0.8,0.0,0.0,0.0,0.5,0.0,0.0,0.0,0.8,0.0,0.8,0.0,0.4,0.4,0.0,0.0,0.7,0.0,0.0,0.0,0.6,0.0,0.0,0.0,0.4,0.4,0.3,0.4,0.7,0.0,0.7,0.0,1.0,0.0,0.8,0.2
1999-05-31,0.6,0.4,1.0,0.0,0.4,0.4,0.12305409059444593,0.0,1.0,0.0,1.0,0.0,1.0,0.0,0.3281055674892245,0.6718944325107755,1.0,0.0,0.6,0.4,0.0,0.9,0.0,0.0,0.3,0.2,0.0,0.0,0.4,0.1,0.0,0.0,0.0,0.8,0.0,0.7,0.4,0.6,0.0,0.0,0.0,0.2,0.0,0.0,1.0,0.0,0.0,0.0,0.4,0.5,0.5,0.3,0.7,0.0,1.0,0.0,0.4,0.0,0.0,0.0,0.3,0.0,0.0,0.0,0.7,0.0,0.7,0.0,0.8,0.0,1.0,0.0,0.8,0.0,0.0,0.0,0.9,0.0,1.0,0.0,0.8,0.0,0.8,0.0,0.2,0.4,0.0,0.0,0.6,0.0,0.0,0.0,0.6,0.0,0.0,0.0,0.2,0.4,0.3,0.4,0.7,0.0,0.7,0.0,1.0,0.0,0.9,0.1
1999-06-30,0.6,0.4,1.0,0.0,0.4,0.4,0.13928377312485393,0.0,1.0,0.0,1.0,0.0,1.0,0.0,0.32833013845850134,0.6716698615414987,1.0,0.0,0.6,0.4,0.0,0.8,0.0,0.0,0.5,0.0,0.0,0.0,0.5,0.0,0.0,0.0,0.0,0.8,0.0,0.7,0.3,0.7,0.0,0.0,0.0,0.2,0.0,0.0,1.0,0.0,0.0,0.0,0.3,0.7,0.3,0.7,0.7,0.0,1.0,0.0,0.5,0.0,0.0,0.0,1.0,0.0,1.0,0.0,0.7,0.0,0.7,0.0,0.8,0.0,1.0,0.0,0.8,0.0,0.0,0.0,1.0,0.0,1.0,0.0,0.8,0.0,0.8,0.0,0.3,0.4,0.0,0.0,0.6,0.0,0.0,0.0,0.7,0.0,0.0,0.0,0.2,0.4,0.3,0.4,0.7,0.0,0.7,0.0,1.0,0.0,1.0,0.0
1999-07-31,0.6,0.4,1.0,0.0,0.4,0.4,0.2142683575935201,0.0,1.0,0.0,1.0,0.0,1.0,0.0,0.3333950478597885,0.6666049521402114,1.0,0.0,0.6,0.4,0.0,0.8,0.0,0.0,0.6,0.0,0.0,0.0,0.6,0.0,0.0,0.0,0.0,0.8,0.0,0.7,0.3,0.7,0.0,0.0,0.2,0.5,0.0,0.0,1.0,0.0,0.0,0.0,0.3,0.7,0.3,0.7,0.7,0.0,1.0,0.0,1.0,0.0,1.0,0.0,1.0,0.0,1.0,0.0,0.7,0.0,0.7,0.0,0.8,0.0,1.0,0.0,0.8,0.0,0.0,0.0,1.0,0.0,1.0,0.0,0.8,0.0,0.8,0.0,0.3,0.4,0.0,0.0,0.6,0.0,0.0,0.0,0.7,0.0,0.0,0.0,0.3,0.4,0.3,0.4,0.7,0.0,0.7,0.0,1.0,0.0,1.0,0.0
1999-08-31,0.6,0.4,1.0,0.0,0.4,0.4,0.1287465649572031,0.0,1.0,0.0,1.0,0.0,1.0,0.0,0.33074031511859014,0.6692596848814099,1.0,0.0,0.6,0.4,0.0,0.8,0.0,0.0,0.6,0.0,0.0,0.0,0.5,0.0,0.0,0.0,0.0,0.8,0.0,0.7,0.3,0.7,0.0,0.0,0.2,0.6,0.0,0.0,1.0,0.0,0.0,0.0,0.3,0.7,0.3,0.7,0.7,0.0,1.0,0.0,1.0,0.0,1.0,0.0,1.0,0.0,1.0,0.0,0.7,0.0,0.7,0.0,0.8,0.0,1.0,0.0,0.8,0.0,0.0,0.0,1.0,0.0,1.0,0.0,0.8,0.0,0.8,0.0,0.6,0.4,1.0,0.0,0.7,0.0,0.0,0.0,0.8,0.0,0.0,0.0,0.6,0.4,0.5,0.4,0.7,0.0,0.7,0.0,1.0,0.0,1.0,0.0
1999-09-30,0.6,0.4,1.0,0.0,0.4,0.4,0.13630657245407635,0.0,0.0,0.0,0.0,1.0,1.0,0.0,0.3274609413123012,0.6725390586876987,1.0,0.0,0.6,0.4,0.0,0.8,0.0,0.0,0.6,0.0,0.0,0.0,0.5,0.0,0.0,0.0,0.0,0.8,0.0,0.7,0.3,0.7,0.0,0.0,0.3,0.6,0.0,0.0,1.0,0.0,0.0,0.0,0.3,0.7,0.3,0.7,0.7,0.0,1.0,0.0,1.0,0.0,1.0,0.0,1.0,0.0,1.0,0.0,0.7,0.0,0.7,0.0,0.8,0.0,1.0,0.0,0.8,0.0,0.0,0.0,1.0,0.0,1.0,0.0,0.8,0.0,0.8,0.0,1.0,0.0,1.0,0.0,0.9,0.0,0.0,0.0,0.8,0.1,0.0,0.0,1.0,0.0,0.9,0.1,0.7,0.0,0.7,0.0,1.0,0.0,1.0,0.0
1999-10-31,0.6,0.4,1.0,0.0,0.4,0.4,0.07787250096099206,0.0,1.0,0.0,1.0,0.0,1.0,0.0,0.31878937868538126,0.6812106213146187,1.0,0.0,0.6,0.4,0.0,0.9,0.0,0.0,0.2,0.3,0.0,0.0,0.2,0.3,0.0,0.0,0.0,0.8,0.0,0.7,0.3,0.7,0.0,0.0,0.0,0.3,0.0,0.0,0.9,0.1,0.0,0.0,0.3,0.7,0.3,0.7,0.7,0.0,1.0,0.0,1.0,0.0,1.0,0.0,1.0,0.0,1.0,0.0,0.7,0.0,0.7,0.0,0.8,0.0,1.0,0.0,0.8,0.0,0.0,0.0,1.0,0.0,1.0,0.0,0.8,0.0,0.8,0.0,1.0,0.0,1.0,0.0,1.0,0.0,1.0,0.0,0.9,0.1,0.0,0.0,1.0,0.0,1.0,0.0,0.7,0.0,0.7,0.0,1.0,0.0,1.0,0.0
1999-11-30,0.6,0.4,1.0,0.0,0.4,0.4,0.2385737088733154,0.0,1.0,0.0,1.0,0.0,1.0,0.0,0.31686670991883087,0.6831332900811692,1.0,0.0,0.6,0.4,0.0,0.8,0.0,0.0,0.6,0.0,0.0,0.0,0.6,0.0,0.0,0.0,0.0,0.8,0.0,0.7,0.3,0.7,0.0,0.0,0.2,0.5,0.0,0.0,1.0,0.0,0.0,0.0,0.3,0.7,0.3,0.7,0.7,0.0,1.0,0.0,1.0,0.0,1.0,0.0,1.0,0.0,1.0,0.0,0.7,0.0,0.7,0.0,0.8,0.0,1.0,0.0,0.8,0.0,0.0,0.0,1.0,0.0,1.0,0.0,0.8,0.0,0.8,0.0,1.0,0.0,1.0,0.0,1.0,0.0,1.0,0.0,0.9,0.1,0.0,0.0,1.0,0.0,1.0,0.0,0.7,0.0,0.7,0.0,1.0,0.0,1.0,0.0
1999-12-31,0.6,0.4,1.0,0.0,0.4,0.3,0.2866084143922538,0.0,1.0,0.0,1.0,0.0,1.0,0.0,0.31047732646782755,0.6895226735321724,1.0,0.0,0.6,0.4,0.1,0.5,0.0,0.0,0.7,0.0,0.0,0.0,0.7,0.0,0.0,0.0,0.1,0.6,0.1,0.6,0.3,0.7,0.0,0.0,1.0,0.0,0.0,0.0,1.0,0.0,1.0,0.0,0.3,0.7,0.3,0.7,0.7,0.0,1.0,0.0,0.8,0.0,0.0,0.0,1.0,0.0,1.0,0.0,0.7,0.0,0.7,0.0,0.8,0.0,1.0,0.0,0.8,0.0,0.0,0.0,1.0,0.0,0.0,0.0,0.8,0.0,0.8,0.0,0.9,0.1,1.0,0.0,0.7,0.3,1.0,0.0,0.7,0.3,0.0,0.0,1.0,0.0,1.0,0.0,0.7,0.0,0.7,0.0,1.0,0.0,0.8,0.2
2000-01-31,0.6,0.4,1.0,0.0,0.4,0.3,0.06263566429041549,0.0,1.0,0.0,1.0,0.0,1.0,0.0,0.30778300664632396,0.692216993353676,1.0,0.0,0.6,0.4,0.0,0.6,0.0,0.0,0.1,0.4,0.0,0.0,0.1,0.4,0.0,0.0,0.1,0.6,0.1,0.6,0.3,0.7,0.0,0.0,0.0,0.3,0.0,0.0,1.0,0.0,1.0,0.0,0.3,0.7,0.3,0.7,0.7,0.0,1.0,0.0,0.8,0.0,0.0,0.0,1.0,0.0,1.0,0.0,0.7,0.0,0.7,0.0,0.8,0.0,1.0,0.0,0.8,0.0,0.0,0.0,1.0,0.0,0.0,0.0,0.8,0.0,0.8,0.0,0.5,0.3,1.0,0.0,0.2,0.5,0.0,0.0,0.5,0.5,0.0,0.0,0.6,0.0,0.7,0.0,0.7,0.0,0.7,0.0,1.0,0.0,0.6,0.4
2000-02-29,0.6,0.4,1.0,0.0,0.4,0.3,0.12683483008593577,0.0,1.0,0.0,1.0,0.0,1.0,0.0,0.3102963939388381,0.689703606061162,0.0,0.0,0.0,0.0,0.0,0.6,0.0,0.0,0.2,0.2,0.0,0.0,0.3,0.1,0.0,0.0,0.1,0.6,0.1,0.6,0.3,0.7,0.0,0.0,0.0,0.0,0.0,0.0,1.0,0.0,1.0,0.0,0.3,0.7,0.3,0.7,0.7,0.0,1.0,0.0,0.8,0.0,0.0,0.0,1.0,0.0,1.0,0.0,0.7,0.0,0.7,0.0,0.8,0.0,1.0,0.0,0.8,0.0,0.0,0.0,1.0,0.0,0.0,0.0,0.8,0.0,0.8,0.0,0.4,0.3,0.0,0.0,0.3,0.2,0.0,0.0,0.6,0.4,0.0,0.0,0.4,0.1,0.5,0.0,0.7,0.0,0.7,0.0,0.9,0.1,0.9,0.1
2000-03-31,0.6,0.4,1.0,0.0,0.4,0.3,0.05429538285070646,0.0,1.0,0.0,1.0,0.0,1.0,0.0,0.3127764420796548,0.6872235579203452,0.0,0.0,0.0,0.0,0.0,0.6,0.0,0.0,0.0,1.0,0.0,0.0,0.0,1.0,0.0,0.0,0.1,0.6,0.1,0.6,0.5,0.2,1.0,0.0,0.0,0.0,0.0,0.0,1.0,0.0,1.0,0.0,0.4,0.6,0.3,0.7,0.7,0.0,1.0,0.0,0.8,0.0,0.0,0.0,0.6,0.0,1.0,0.0,0.7,0.0,0.7,0.0,0.8,0.0,1.0,0.0,0.8,0.0,0.0,0.0,0.5,0.0,0.0,0.0,0.8,0.0,0.8,0.0,0.1,0.3,0.0,0.0,0.4,0.0,0.0,0.0,0.3,0.2,0.0,0.0,0.1,0.3,0.1,0.3,0.7,0.0,0.7,0.0,0.9,0.1,0.7,0.3
2000-04-30,0.6,0.4,1.0,0.0,0.4,0.3,0.03120539200995906,0.0,1.0,0.0,1.0,0.0,1.0,0.0,0.30547574837965075,0.6945242516203491,0.0,0.0,0.0,0.0,0.0,0.6,0.0,0.0,0.0,1.0,0.0,0.0,0.0,1.0,0.0,0.0,0.1,0.6,0.1,0.6,0.5,0.1,1.0,0.0,0.0,0.0,0.0,0.0,0.7,0.0,0.0,0.0,0.4,0.5,0.3,0.6,0.7,0.0,1.0,0.0,0.8,0.0,0.0,0.0,0.0,0.0,0.0,0.0,0.7,0.0,0.7,0.0,0.8,0.0,1.0,0.0,0.8,0.0,0.0,0.0,0.0,0.0,0.0,0.0,0.8,0.0,0.8,0.0,0.1,0.3,0.0,0.0,0.3,0.1,0.0,0.0,0.2,0.3,0.0,0.0,0.1,0.3,0.1,0.3,0.7,0.0,0.7,0.0,1.0,0.0,0.5,0.5
2000-05-31,0.6,0.4,1.0,0.0,0.4,0.3,0.05218325997296079,0.0,0.0,0.0,0.0,1.0,1.0,0.0,0.3060891277273492,0.6939108722726509,0.0,0.0,0.0,0.0,0.0,0.6,0.0,0.0,0.0,1.0,0.0,0.0,0.0,1.0,0.0,0.0,0.1,0.6,0.1,0.6,0.6,0.0,1.0,0.0,0.0,0.0,0.0,0.0,0.4,0.0,0.0,0.0,0.6,0.0,0.5,0.0,0.7,0.0,1.0,0.0,0.8,0.0,0.0,0.0,0.0,0.0,0.0,0.0,0.7,0.0,0.7,0.0,0.8,0.0,1.0,0.0,0.8,0.0,0.0,0.0,0.0,0.0,0.0,0.0,0.8,0.0,0.8,0.0,0.1,0.3,0.0,0.0,0.4,0.1,0.0,0.0,0.3,0.2,0.0,0.0,0.1,0.3,0.1,0.3,0.7,0.0,0.7,0.0,1.0,0.0,0.7,0.3
2000-06-30,0.6,0.4,1.0,0.0,0.4,0.3,0.1091303862803926,0.0,1.0,0.0,1.0,0.0,1.0,0.0,0.3064979327041329,0.693502067295867,0.0,0.0,0.0,0.0,0.0,0.6,0.0,0.0,0.0,1.0,0.0,0.0,0.0,1.0,0.0,0.0,0.1,0.6,0.1,0.6,0.7,0.0,1.0,0.0,0.0,0.0,0.0,0.0,0.2,0.0,0.0,0.0,0.6,0.0,0.6,0.0,0.7,0.0,1.0,0.0,0.8,0.0,0.0,0.0,0.0,0.0,0.0,0.0,0.7,0.0,0.7,0.0,0.8,0.0,1.0,0.0,0.8,0.0,0.0,0.0,0.0,0.0,0.0,0.0,0.8,0.0,0.8,0.0,0.1,0.3,0.0,0.0,0.5,0.0,0.0,0.0,0.4,0.1,0.0,0.0,0.1,0.3,0.1,0.3,0.7,0.0,0.7,0.0,0.8,0.2,0.9,0.1
2000-07-31,0.6,0.4,1.0,0.0,0.4,0.3,0.12649911470543762,0.0,1.0,0.0,1.0,0.0,1.0,0.0,0.2906422815786616,0.7093577184213383,0.0,0.0,0.0,0.0,0.0,0.6,0.0,0.0,0.0,1.0,0.0,0.0,0.0,1.0,0.0,0.0,0.1,0.6,0.1,0.6,0.7,0.0,1.0,0.0,0.0,0.0,0.0,0.0,0.2,0.0,0.0,0.0,0.6,0.0,0.6,0.0,0.7,0.0,1.0,0.0,0.8,0.0,0.0,0.0,0.0,0.0,0.0,0.0,0.7,0.0,0.7,0.0,0.8,0.0,1.0,0.0,0.8,0.0,0.0,0.0,0.0,0.0,0.0,0.0,0.8,0.0,0.8,0.0,0.2,0.3,0.0,0.0,0.5,0.0,0.0,0.0,0.6,0.0,0.0,0.0,0.1,0.3,0.1,0.3,0.7,0.0,0.7,0.0,0.5,0.5,1.0,0.0
2000-08-31,0.6,0.4,1.0,0.0,0.4,0.3,0.3142710427799248,0.0,1.0,0.0,1.0,0.0,1.0,0.0,0.28147795211790505,0.718522047882095,0.0,0.0,0.0,0.0,0.1,0.5,0.0,0.0,0.5,0.0,0.0,0.0,0.5,0.0,0.0,0.0,0.1,0.6,0.1,0.6,0.7,0.0,1.0,0.0,0.0,0.0,0.0,0.0,0.2,0.0,0.0,0.0,0.6,0.0,0.6,0.0,0.7,0.0,1.0,0.0,0.8,0.0,0.0,0.0,0.0,0.0,0.0,0.0,0.7,0.0,0.7,0.0,0.8,0.0,1.0,0.0,0.8,0.0,0.0,0.0,0.0,0.0,0.0,0.0,0.8,0.0,0.8,0.0,0.1,0.4,0.0,0.0,0.5,0.0,0.0,0.0,0.5,0.1,0.0,0.0,0.1,0.3,0.1,0.3,0.7,0.0,0.7,0.0,0.2,0.6,0.9,0.1
2000-09-30,0.6,0.4,1.0,0.0,0.4,0.3,0.1821138672403299,0.0,1.0,0.0,1.0,0.0,1.0,0.0,0.27816730140294976,0.7218326985970503,0.0,0.0,0.0,0.0,0.1,0.6,0.0,0.0,0.6,0.0,0.0,0.0,0.6,0.0,0.0,0.0,0.1,0.6,0.1,0.6,0.7,0.0,1.0,0.0,0.0,0.0,0.0,0.0,0.2,0.0,0.0,0.0,0.6,0.0,0.6,0.0,0.7,0.0,1.0,0.0,0.8,0.0,0.0,0.0,0.0,0.0,0.0,0.0,0.7,0.0,0.7,0.0,0.8,0.0,1.0,0.0,0.8,0.0,0.0,0.0,0.0,0.0,0.0,0.0,0.8,0.0,0.8,0.0,0.1,0.3,0.0,0.0,0.5,0.0,0.0,0.0,0.5,0.0,0.0,0.0,0.1,0.3,0.1,0.3,0.7,0.0,0.7,0.0,0.1,0.6,0.7,0.3
2000-10-31,0.6,0.4,1.0,0.0,0.4,0.3,0.050245758244332354,0.0,0.0,0.0,0.0,1.0,1.0,0.0,0.27462244591334145,0.7253775540866585,0.0,0.0,0.0,0.0,0.0,0.6,0.0,0.0,0.0,1.0,0.0,0.0,0.0,0.9,0.0,0.0,0.1,0.6,0.1,0.6,0.7,0.0,1.0,0.0,0.0,0.0,0.0,0.0,0.2,0.0,0.0,0.0,0.6,0.0,0.6,0.0,0.7,0.0,1.0,0.0,0.8,0.0,0.0,0.0,0.0,0.0,0.0,0.0,0.7,0.0,0.7,0.0,0.8,0.0,1.0,0.0,0.8,0.0,0.0,0.0,0.0,0.0,0.0,0.0,0.8,0.0,0.8,0.0,0.1,0.4,0.0,0.0,0.5,0.0,0.0,0.0,0.6,0.0,0.0,0.0,0.1,0.3,0.1,0.3,0.7,0.0,0.7,0.0,0.0,0.6,0.9,0.1
2000-11-30,0.6,0.4,1.0,0.0,0.4,0.3,0.07437455815638025,0.0,0.0,0.0,0.0,1.0,0.0,0.0,0.26642972402604675,0.7335702759739532,0.0,0.0,0.0,0.0,0.0,0.6,0.0,0.0,0.0,1.0,0.0,0.0,0.0,1.0,0.0,0.0,0.1,0.6,0.1,0.6,0.7,0.0,1.0,0.0,0.0,0.0,0.0,0.0,0.2,0.0,0.0,0.0,0.6,0.0,0.6,0.0,0.7,0.0,1.0,0.0,0.8,0.0,0.0,0.0,0.0,0.0,0.0,0.0,0.7,0.0,0.7,0.0,0.8,0.0,1.0,0.0,0.8,0.0,0.0,0.0,0.0,0.0,0.0,0.0,0.8,0.0,0.8,0.0,0.1,0.3,0.0,0.0,0.0,1.0,0.0,0.0,0.0,1.0,0.0,0.0,0.1,0.3,0.1,0.3,0.7,0.0,0.7,0.0,0.0,0.6,0.0,0.6
2000-12-31,0.6,0.4,1.0,0.0,0.4,0.4,0.04631810270170086,0.0,0.0,0.0,0.0,1.0,0.0,0.0,0.26767765243350944,0.7323223475664905,0.0,0.0,0.0,0.0,0.0,0.8,0.0,0.0,0.0,1.0,0.0,0.0,0.0,1.0,0.0,0.0,0.0,0.7,0.0,0.7,0.6,0.0,1.0,0.0,0.0,0.1,0.0,0.0,0.3,0.0,0.0,0.0,0.6,0.0,0.6,0.0,0.7,0.0,1.0,0.0,0.0,0.0,0.0,0.0,0.0,0.0,0.0,0.0,0.7,0.0,0.7,0.0,0.7,0.0,1.0,0.0,0.8,0.0,0.0,0.0,0.0,0.0,0.0,0.0,0.7,0.0,0.7,0.0,0.1,0.4,0.0,0.0,0.0,0.9,0.0,0.0,0.0,1.0,0.0,0.0,0.1,0.4,0.1,0.4,0.7,0.0,0.7,0.0,0.0,0.6,0.1,0.6
2001-01-31,0.6,0.4,1.0,0.0,0.4,0.4,0.05332561841456289,0.0,0.0,0.0,0.0,1.0,0.0,0.0,0.26591893888078294,0.7340810611192171,0.0,0.0,0.0,0.0,0.0,0.8,0.0,0.0,0.0,1.0,0.0,0.0,0.0,1.0,0.0,0.0,0.0,0.7,0.0,0.7,0.6,0.0,1.0,0.0,0.0,0.1,0.0,0.0,0.3,0.0,0.0,0.0,0.6,0.0,0.6,0.0,0.7,0.0,1.0,0.0,0.0,0.0,0.0,0.0,0.0,0.0,0.0,0.0,0.7,0.0,0.7,0.0,0.7,0.0,1.0,0.0,0.8,0.0,0.0,0.0,0.0,0.0,0.0,0.0,0.7,0.0,0.7,0.0,0.2,0.4,0.0,0.0,0.1,0.6,0.0,0.0,0.1,0.7,0.0,0.0,0.2,0.4,0.1,0.4,0.7,0.0,0.7,0.0,0.0,0.6,0.6,0.4
2001-02-28,0.6,0.4,1.0,0.0,0.4,0.4,0.12242365696773558,0.0,0.0,0.0,0.0,1.0,0.0,0.0,0.2597826648409096,0.7402173351590903,0.0,0.0,0.0,0.0,0.0,0.8,0.0,0.0,0.0,1.0,0.0,0.0,0.0,1.0,0.0,0.0,0.0,0.7,0.0,0.7,0.6,0.0,1.0,0.0,0.0,0.1,0.0,0.0,0.3,0.0,0.0,0.0,0.6,0.0,0.6,0.0,0.7,0.0,1.0,0.0,0.0,0.0,0.0,0.0,0.0,0.0,0.0,0.0,0.7,0.0,0.7,0.0,0.7,0.0,1.0,0.0,0.8,0.0,0.0,0.0,0.0,0.0,0.0,0.0,0.7,0.0,0.7,0.0,0.1,0.4,0.0,0.0,0.0,1.0,0.0,0.0,0.0,1.0,0.0,0.0,0.1,0.4,0.1,0.4,0.7,0.0,0.7,0.0,0.0,0.6,0.0,0.6
2001-03-31,0.6,0.4,1.0,0.0,0.4,0.4,0.04675158797943176,0.0,0.0,0.0,0.0,1.0,0.0,0.0,0.2583318901964059,0.7416681098035941,0.0,0.0,0.0,0.0,0.0,0.8,0.0,0.0,0.0,1.0,0.0,0.0,0.0,1.0,0.0,0.0,0.0,0.7,0.0,0.7,0.6,0.0,1.0,0.0,0.0,0.1,0.0,0.0,0.3,0.0,0.0,0.0,0.6,0.0,0.6,0.0,0.7,0.0,1.0,0.0,0.0,0.0,0.0,0.0,0.0,0.0,0.0,0.0,0.7,0.0,0.7,0.0,0.7,0.0,1.0,0.0,0.8,0.0,0.0,0.0,0.0,0.0,0.0,0.0,0.7,0.0,0.7,0.0,0.1,0.4,0.0,0.0,0.0,1.0,0.0,0.0,0.0,1.0,0.0,0.0,0.1,0.4,0.1,0.4,0.7,0.0,0.7,0.0,0.0,0.6,0.0,0.6
2001-04-30,0.6,0.4,1.0,0.0,0.4,0.4,0.04072882838530438,0.0,0.0,0.0,0.0,1.0,0.0,0.0,0.26225435486828425,0.7377456451317157,0.0,0.0,0.0,0.0,0.0,0.8,0.0,0.0,0.0,1.0,0.0,0.0,0.0,1.0,0.0,0.0,0.0,0.7,0.0,0.7,0.3,0.7,0.0,0.0,0.0,0.1,0.0,0.0,0.3,0.7,0.0,0.0,0.3,0.7,0.4,0.6,0.7,0.0,1.0,0.0,0.0,0.0,0.0,0.0,0.0,0.0,0.0,0.0,0.7,0.0,0.7,0.0,0.7,0.0,1.0,0.0,0.7,0.0,0.0,0.0,0.1,0.0,0.0,0.0,0.7,0.0,0.7,0.0,0.0,0.4,0.0,0.0,0.0,1.0,0.0,0.0,0.0,1.0,0.0,0.0,0.1,0.4,0.1,0.4,0.7,0.0,0.7,0.0,0.0,0.6,0.0,0.6
2001-05-31,0.6,0.4,1.0,0.0,0.4,0.4,0.1214512105070666,0.0,0.0,0.0,0.0,1.0,0.0,0.0,0.2620255682385498,0.7379744317614502,0.0,0.0,0.0,0.0,0.0,0.8,0.0,0.0,0.0,1.0,0.0,0.0,0.0,1.0,0.0,0.0,0.0,0.7,0.0,0.7,0.3,0.7,0.0,0.0,0.0,0.2,0.0,0.0,0.0,1.0,0.0,0.0,0.3,0.7,0.3,0.7,0.7,0.0,1.0,0.0,1.0,0.0,1.0,0.0,1.0,0.0,1.0,0.0,0.7,0.0,0.7,0.0,0.7,0.0,1.0,0.0,0.7,0.0,0.0,0.0,1.0,0.0,1.0,0.0,0.7,0.0,0.7,0.0,0.2,0.4,0.0,0.0,0.0,1.0,0.0,0.0,0.0,1.0,0.0,0.0,0.1,0.4,0.1,0.4,0.7,0.0,0.7,0.0,0.0,0.6,0.2,0.6
2001-06-30,0.6,0.4,1.0,0.0,0.4,0.4,0.20373548900346777,0.0,0.0,0.0,0.0,1.0,0.0,0.0,0.26040580757433496,0.7395941924256652,0.0,0.0,0.0,0.0,0.0,0.8,0.0,0.0,0.1,0.4,0.0,0.0,0.2,0.3,0.0,0.0,0.0,0.7,0.0,0.7,0.3,0.7,0.0,0.0,0.3,0.6,0.0,0.0,0.0,1.0,0.0,0.0,0.3,0.7,0.3,0.7,0.6,0.0,1.0,0.0,1.0,0.0,1.0,0.0,1.0,0.0,1.0,0.0,0.7,0.0,0.7,0.0,0.7,0.0,1.0,0.0,0.7,0.0,0.0,0.0,1.0,0.0,1.0,0.0,0.7,0.0,0.7,0.0,0.4,0.4,0.0,0.0,0.2,0.8,1.0,0.0,0.1,0.9,0.0,0.0,0.4,0.4,0.3,0.4,0.6,0.0,0.7,0.0,0.0,0.6,0.6,0.4
2001-07-31,0.6,0.4,1.0,0.0,0.4,0.4,0.12085585931811016,0.0,0.0,0.0,0.0,1.0,0.0,0.0,0.2665186125112995,0.7334813874887005,0.0,0.0,0.0,0.0,0.0,0.8,0.0,0.0,0.2,0.3,0.0,0.0,0.3,0.2,0.0,0.0,0.0,0.7,0.0,0.7,0.3,0.7,0.0,0.0,0.5,0.5,0.0,0.0,0.0,1.0,0.0,0.0,0.3,0.7,0.3,0.7,0.7,0.0,1.0,0.0,1.0,0.0,1.0,0.0,1.0,0.0,1.0,0.0,0.7,0.0,0.7,0.0,0.7,0.0,1.0,0.0,0.7,0.0,0.0,0.0,1.0,0.0,1.0,0.0,0.7,0.0,0.7,0.0,0.1,0.4,0.0,0.0,0.0,0.9,0.0,0.0,0.0,0.9,0.0,0.0,0.1,0.4,0.1,0.4,0.5,0.3,0.7,0.0,0.0,0.6,0.3,0.6
2001-08-31,0.6,0.4,1.0,0.0,0.4,0.4,0.16628446429369428,0.0,0.0,0.0,0.0,1.0,0.0,0.0,0.2767168540600242,0.7232831459399758,0.0,0.0,0.0,0.0,0.0,0.8,0.0,0.0,0.5,0.0,0.0,0.0,0.5,0.0,0.0,0.0,0.0,0.7,0.0,0.7,0.3,0.7,0.0,0.0,1.0,0.0,0.0,0.0,0.0,1.0,0.0,0.0,0.3,0.7,0.3,0.7,0.7,0.0,1.0,0.0,1.0,0.0,1.0,0.0,1.0,0.0,1.0,0.0,0.7,0.0,0.7,0.0,0.7,0.0,1.0,0.0,0.7,0.0,0.0,0.0,1.0,0.0,1.0,0.0,0.7,0.0,0.7,0.0,0.1,0.4,0.0,0.0,0.0,1.0,0.0,0.0,0.0,1.0,0.0,0.0,0.1,0.4,0.1,0.4,0.4,0.6,0.7,0.0,0.0,0.6,0.1,0.6
2001-09-30,0.6,0.4,1.0,0.0,0.4,0.4,0.04743813501594344,0.0,0.0,0.0,0.0,1.0,0.0,0.0,0.2631298706429412,0.7368701293570588,0.0,0.0,0.0,0.0,0.0,0.8,0.0,0.0,0.0,1.0,0.0,0.0,0.0,1.0,0.0,0.0,0.0,0.7,0.0,0.7,0.3,0.7,0.0,0.0,0.0,0.4,0.0,0.0,0.0,1.0,0.0,0.0,0.3,0.7,0.3,0.7,0.6,0.0,1.0,0.0,1.0,0.0,1.0,0.0,1.0,0.0,1.0,0.0,0.7,0.0,0.7,0.0,0.7,0.0,1.0,0.0,0.6,0.0,0.0,0.0,1.0,0.0,1.0,0.0,0.7,0.0,0.7,0.0,0.1,0.4,0.0,0.0,0.0,1.0,0.0,0.0,0.0,1.0,0.0,0.0,0.1,0.4,0.1,0.4,0.3,0.7,0.7,0.0,0.0,0.6,0.0,0.6
2001-10-31,0.6,0.4,1.0,0.0,0.4,0.4,0.09552222307163558,0.0,0.0,0.0,0.0,1.0,0.0,0.0,0.27427402228699416,0.725725977713006,0.0,0.0,0.0,0.0,0.0,0.8,0.0,0.0,0.0,1.0,0.0,0.0,0.0,1.0,0.0,0.0,0.0,0.7,0.0,0.7,0.3,0.7,0.0,0.0,0.0,0.4,0.0,0.0,0.0,1.0,0.0,0.0,0.3,0.7,0.3,0.7,0.6,0.0,1.0,0.0,1.0,0.0,1.0,0.0,1.0,0.0,1.0,0.0,0.7,0.0,0.7,0.0,0.7,0.0,1.0,0.0,0.3,0.7,0.0,0.0,1.0,0.0,1.0,0.0,0.7,0.0,0.7,0.0,0.0,0.4,0.0,0.0,0.0,1.0,0.0,0.0,0.0,1.0,0.0,0.0,0.1,0.4,0.1,0.4,0.3,0.7,0.6,0.2,0.0,0.6,0.0,0.6
2001-11-30,0.6,0.4,1.0,0.0,0.4,0.4,0.15954612530594514,0.0,0.0,0.0,0.0,1.0,0.0,0.0,0.29005859060993766,0.7099414093900623,0.0,0.0,0.0,0.0,0.0,0.8,0.0,0.0,0.0,0.7,0.0,0.0,0.1,0.5,0.0,0.0,0.0,0.7,0.0,0.7,0.3,0.7,0.0,0.0,0.8,0.2,0.0,0.0,0.0,1.0,0.0,0.0,0.3,0.7,0.3,0.7,0.2,0.8,0.0,0.0,0.6,0.4,1.0,0.0,1.0,0.0,1.0,0.0,0.2,0.8,0.3,0.7,0.6,0.0,1.0,0.0,0.3,0.7,1.0,0.0,0.8,0.2,1.0,0.0,0.7,0.0,0.7,0.0,0.0,0.4,0.0,0.0,0.0,0.9,0.0,0.0,0.0,0.9,0.0,0.0,0.1,0.4,0.1,0.4,0.3,0.7,0.3,0.7,0.0,0.6,0.0,0.6
2001-12-31,0.6,0.4,1.0,0.0,0.4,0.4,0.17737723934279154,0.0,1.0,0.0,1.0,0.0,0.0,0.0,0.29670474333458,0.7032952566654199,0.0,0.0,0.0,0.0,0.0,0.8,0.0,0.0,0.4,0.1,0.0,0.0,0.4,0.0,0.0,0.0,0.0,0.7,0.0,0.7,0.3,0.7,0.0,0.0,0.1,0.9,0.0,0.0,0.7,0.3,1.0,0.0,0.3,0.7,0.3,0.7,0.2,0.8,0.0,0.0,1.0,0.0,1.0,0.0,1.0,0.0,0.0,0.0,0.2,0.8,0.2,0.8,0.2,0.8,0.0,0.0,1.0,0.0,1.0,0.0,0.5,0.5,0.0,0.0,0.2,0.8,0.2,0.8,0.1,0.4,0.0,0.0,0.0,0.5,0.0,0.0,0.0,0.5,0.0,0.0,0.1,0.4,0.1,0.4,0.3,0.7,0.3,0.7,0.1,0.6,0.1,0.6
2002-01-31,0.6,0.4,1.0,0.0,0.4,0.4,0.16270263753738998,0.0,0.0,0.0,0.0,1.0,0.0,0.0,0.29824935046129264,0.7017506495387074,0.0,0.0,0.0,0.0,0.0,0.8,0.0,0.0,0.5,0.0,0.0,0.0,0.5,0.0,0.0,0.0,0.0,0.7,0.0,0.7,0.3,0.7,0.0,0.0,0.4,0.6,1.0,0.0,1.0,0.0,1.0,0.0,0.3,0.7,0.3,0.7,0.2,0.8,0.0,0.0,1.0,0.0,1.0,0.0,1.0,0.0,0.0,0.0,0.2,0.8,0.2,0.8,0.2,0.8,0.0,0.0,1.0,0.0,1.0,0.0,0.5,0.5,0.0,0.0,0.2,0.8,0.2,0.8,0.1,0.4,0.0,0.0,0.2,0.3,0.0,0.0,0.1,0.4,0.0,0.0,0.1,0.4,0.1,0.4,0.3,0.7,0.3,0.7,0.0,0.6,0.4,0.6
2002-02-28,0.6,0.4,1.0,0.0,0.4,0.4,0.1324384188022666,0.0,0.0,0.0,0.0,1.0,0.0,0.0,0.2785404247659776,0.7214595752340224,0.0,0.0,0.0,0.0,0.0,0.8,0.0,0.0,0.5,0.0,0.0,0.0,0.5,0.0,0.0,0.0,0.0,0.7,0.0,0.7,0.3,0.7,0.0,0.0,0.3,0.7,1.0,0.0,1.0,0.0,1.0,0.0,0.3,0.7,0.3,0.7,0.2,0.8,0.0,0.0,1.0,0.0,1.0,0.0,1.0,0.0,0.0,0.0,0.2,0.8,0.2,0.8,0.2,0.8,0.0,0.0,1.0,0.0,1.0,0.0,0.5,0.5,0.0,0.0,0.2,0.8,0.2,0.8,0.2,0.4,0.0,0.0,0.3,0.2,0.0,0.0,0.3,0.3,0.0,0.0,0.2,0.4,0.2,0.4,0.3,0.7,0.3,0.7,0.0,0.6,0.7,0.3
2002-03-31,0.6,0.4,1.0,0.0,0.4,0.4,0.1696431189857633,0.0,1.0,0.0,1.0,0.0,1.0,0.0,0.2936294802741772,0.7063705197258229,0.0,0.0,0.0,0.0,0.0,0.8,0.0,0.0,0.6,0.0,0.0,0.0,0.5,0.0,0.0,0.0,0.0,0.7,0.0,0.7,0.3,0.7,0.0,0.0,1.0,0.0,1.0,0.0,1.0,0.0,1.0,0.0,0.3,0.7,0.3,0.7,0.2,0.8,0.0,0.0,1.0,0.0,1.0,0.0,1.0,0.0,0.0,0.0,0.2,0.8,0.2,0.8,0.2,0.8,0.0,0.0,1.0,0.0,1.0,0.0,0.5,0.5,0.0,0.0,0.2,0.8,0.2,0.8,0.0,0.4,0.0,0.0,0.5,0.0,0.0,0.0,0.5,0.0,0.0,0.0,0.1,0.4,0.1,0.4,0.3,0.7,0.3,0.7,0.0,0.6,0.1,0.6
2002-04-30,0.6,0.4,1.0,0.0,0.4,0.4,0.1497764823645803,0.0,0.0,0.0,0.0,1.0,0.0,0.0,0.3011985604922399,0.6988014395077601,0.0,0.0,0.0,0.0,0.0,0.8,0.0,0.0,0.6,0.0,0.0,0.0,0.5,0.0,0.0,0.0,0.0,0.7,0.0,0.7,0.3,0.7,0.0,0.0,1.0,0.0,1.0,0.0,1.0,0.0,1.0,0.0,0.3,0.7,0.3,0.7,0.2,0.8,0.0,0.0,1.0,0.0,1.0,0.0,1.0,0.0,0.0,0.0,0.2,0.8,0.2,0.8,0.2,0.8,0.0,0.0,1.0,0.0,1.0,0.0,0.5,0.5,0.0,0.0,0.2,0.8,0.2,0.8,0.0,0.4,0.0,0.0,0.4,0.0,0.0,0.0,0.4,0.1,0.0,0.0,0.1,0.4,0.1,0.4,0.3,0.7,0.3,0.7,0.0,0.6,0.0,0.6
2002-05-31,0.6,0.4,1.0,0.0,0.4,0.4,0.08769545785992586,0.0,0.0,0.0,0.0,1.0,0.0,0.0,0.2980254994568071,0.7019745005431929,0.0,0.0,0.0,0.0,0.0,0.8,0.0,0.0,0.3,0.1,0.0,0.0,0.3,0.1,0.0,0.0,0.0,0.7,0.0,0.7,0.3,0.7,0.0,0.0,0.5,0.5,1.0,0.0,1.0,0.0,1.0,0.0,0.3,0.7,0.3,0.7,0.2,0.8,0.0,0.0,1.0,0.0,1.0,0.0,1.0,0.0,0.0,0.0,0.2,0.8,0.2,0.8,0.2,0.8,0.0,0.0,1.0,0.0,1.0,0.0,0.5,0.5,0.0,0.0,0.2,0.8,0.2,0.8,0.1,0.4,0.0,0.0,0.5,0.0,0.0,0.0,0.5,0.0,0.0,0.0,0.1,0.4,0.1,0.4,0.3,0.7,0.3,0.7,0.0,0.6,0.2,0.6
2002-06-30,0.6,0.4,1.0,0.0,0.4,0.4,0.09457210494941648,0.0,0.0,0.0,0.0,1.0,0.0,0.0,0.2961762725105688,0.7038237274894311,0.0,0.0,0.0,0.0,0.0,0.8,0.0,0.0,0.2,0.3,0.0,0.0,0.3,0.2,0.0,0.0,0.0,0.7,0.0,0.7,0.3,0.7,0.0,0.0,0.1,0.9,0.0,0.0,0.9,0.1,1.0,0.0,0.3,0.7,0.3,0.7,0.2,0.8,0.0,0.0,1.0,0.0,1.0,0.0,1.0,0.0,0.0,0.0,0.2,0.8,0.2,0.8,0.2,0.8,0.0,0.0,1.0,0.0,1.0,0.0,0.5,0.5,0.0,0.0,0.2,0.8,0.2,0.8,0.1,0.4,0.0,0.0,0.1,0.4,0.0,0.0,0.1,0.4,0.0,0.0,0.1,0.4,0.1,0.4,0.3,0.7,0.3,0.7,0.0,0.6,0.0,0.6
2002-07-31,0.6,0.4,1.0,0.0,0.4,0.4,0.023315389045186093,0.0,0.0,0.0,0.0,1.0,0.0,0.0,0.29282924983311165,0.7071707501668884,0.0,0.0,0.0,0.0,0.0,0.8,0.0,0.0,0.0,1.0,0.0,0.0,0.0,1.0,0.0,0.0,0.0,0.7,0.0,0.7,0.3,0.7,0.0,0.0,0.0,1.0,0.0,0.0,0.1,0.9,0.0,0.0,0.3,0.7,0.3,0.7,0.2,0.8,0.0,0.0,0.0,0.8,0.0,0.0,0.0,1.0,0.0,0.0,0.2,0.8,0.2,0.8,0.2,0.8,0.0,0.0,0.1,0.9,0.0,0.0,0.5,0.5,0.0,0.0,0.2,0.8,0.2,0.8,0.0,0.4,0.0,0.0,0.0,1.0,0.0,0.0,0.0,1.0,0.0,0.0,0.1,0.4,0.1,0.4,0.3,0.7,0.3,0.7,0.0,0.6,0.0,0.6
2002-08-31,0.6,0.4,1.0,0.0,0.4,0.4,0.03770309768488149,0.0,0.0,0.0,0.0,1.0,0.0,0.0,0.2995982106231057,0.7004017893768943,0.0,0.0,0.0,0.0,0.0,0.8,0.0,0.0,0.0,1.0,0.0,0.0,0.0,1.0,0.0,0.0,0.0,0.7,0.0,0.7,0.3,0.7,0.0,0.0,0.0,1.0,0.0,0.0,0.1,0.9,0.0,0.0,0.3,0.7,0.3,0.7,0.2,0.8,0.0,0.0,0.0,0.8,0.0,0.0,0.0,1.0,0.0,0.0,0.2,0.8,0.2,0.8,0.2,0.8,0.0,0.0,0.1,0.9,0.0,0.0,0.5,0.5,0.0,0.0,0.2,0.8,0.2,0.8,0.0,0.4,0.0,0.0,0.0,0.5,0.0,0.0,0.0,0.6,0.0,0.0,0.1,0.4,0.1,0.4,0.3,0.7,0.3,0.7,0.0,0.6,0.0,0.6
2002-09-30,0.6,0.4,1.0,0.0,0.4,0.4,0.04819300167035867,0.0,0.0,0.0,0.0,1.0,0.0,0.0,0.29661420729267596,0.703385792707324,0.0,0.0,0.0,0.0,0.0,0.8,0.0,0.0,0.0,1.0,0.0,0.0,0.0,1.0,0.0,0.0,0.0,0.7,0.0,0.7,0.3,0.7,0.0,0.0,0.0,1.0,0.0,0.0,0.1,0.9,0.0,0.0,0.3,0.7,0.3,0.7,0.2,0.8,0.0,0.0,0.0,0.8,0.0,0.0,0.0,1.0,0.0,0.0,0.2,0.8,0.2,0.8,0.2,0.8,0.0,0.0,0.1,0.9,0.0,0.0,0.5,0.5,0.0,0.0,0.2,0.8,0.2,0.8,0.0,0.4,0.0,0.0,0.0,1.0,0.0,0.0,0.0,1.0,0.0,0.0,0.1,0.4,0.1,0.4,0.3,0.7,0.3,0.7,0.0,0.6,0.0,0.6
2002-10-31,0.6,0.4,1.0,0.0,0.4,0.4,0.0301318335295973,0.0,0.0,0.0,0.0,1.0,0.0,0.0,0.30165949078533427,0.6983405092146656,0.0,0.0,0.0,0.0,0.0,0.8,0.0,0.0,0.0,1.0,0.0,0.0,0.0,1.0,0.0,0.0,0.0,0.7,0.0,0.7,0.3,0.7,0.0,0.0,0.0,1.0,0.0,0.0,0.1,0.9,0.0,0.0,0.3,0.7,0.3,0.7,0.2,0.8,0.0,0.0,0.0,0.8,0.0,0.0,0.0,1.0,0.0,0.0,0.2,0.8,0.2,0.8,0.2,0.8,0.0,0.0,0.1,0.9,0.0,0.0,0.5,0.5,0.0,0.0,0.2,0.8,0.2,0.8,0.0,0.4,0.0,0.0,0.0,1.0,0.0,0.0,0.0,1.0,0.0,0.0,0.1,0.4,0.1,0.4,0.3,0.7,0.3,0.7,0.0,0.6,0.0,0.6
2002-11-30,0.6,0.4,1.0,0.0,0.4,0.4,0.07512333379648947,0.0,0.0,0.0,0.0,1.0,0.0,0.0,0.30036302591299596,0.6996369740870041,0.0,0.0,0.0,0.0,0.0,0.8,0.0,0.0,0.0,1.0,0.0,0.0,0.0,1.0,0.0,0.0,0.0,0.7,0.0,0.7,0.3,0.7,0.0,0.0,0.0,1.0,0.0,0.0,0.1,0.9,0.0,0.0,0.3,0.7,0.3,0.7,0.2,0.8,0.0,0.0,0.0,0.8,0.0,0.0,0.0,1.0,0.0,0.0,0.2,0.8,0.2,0.8,0.2,0.8,0.0,0.0,0.2,0.8,0.0,0.0,0.5,0.5,0.0,0.0,0.2,0.8,0.2,0.8,0.1,0.4,0.0,0.0,0.0,1.0,0.0,0.0,0.0,1.0,0.0,0.0,0.1,0.4,0.1,0.4,0.3,0.7,0.3,0.7,0.0,0.6,0.1,0.6
2002-12-31,0.6,0.4,1.0,0.0,0.4,0.5,0.12493285631467478,0.0,0.0,0.0,0.0,1.0,0.0,0.0,0.31060804282127985,0.6893919571787201,0.0,0.0,0.0,0.0,0.0,0.9,0.0,0.0,0.0,1.0,0.0,0.0,0.0,1.0,0.0,0.0,0.0,0.8,0.0,0.9,0.2,0.8,0.0,0.0,0.1,0.9,0.0,0.0,0.0,1.0,0.0,0.0,0.2,0.8,0.2,0.8,0.2,0.8,0.0,0.0,0.2,0.8,0.0,0.0,0.2,0.8,0.0,0.0,0.2,0.8,0.2,0.8,0.2,0.8,0.0,0.0,0.5,0.4,0.0,0.0,0.4,0.6,0.0,0.0,0.2,0.8,0.2,0.8,0.0,0.5,0.0,0.0,0.0,1.0,0.0,0.0,0.0,1.0,0.0,0.0,0.0,0.5,0.0,0.5,0.3,0.7,0.3,0.7,0.0,0.6,0.0,0.6
2003-01-31,0.6,0.4,1.0,0.0,0.4,0.5,0.06692752148148602,0.0,0.0,0.0,0.0,1.0,0.0,0.0,0.3129447232113352,0.6870552767886647,0.0,0.0,0.0,0.0,0.0,0.9,0.0,0.0,0.0,1.0,0.0,0.0,0.0,1.0,0.0,0.0,0.0,0.8,0.0,0.9,0.2,0.8,0.0,0.0,0.1,0.9,0.0,0.0,0.0,1.0,0.0,0.0,0.2,0.8,0.2,0.8,0.2,0.8,0.0,0.0,0.2,0.8,0.0,0.0,0.2,0.8,0.0,0.0,0.2,0.8,0.2,0.8,0.2,0.8,0.0,0.0,0.5,0.4,0.0,0.0,0.4,0.6,0.0,0.0,0.2,0.8,0.2,0.8,0.0,0.5,0.0,0.0,0.0,1.0,0.0,0.0,0.0,1.0,0.0,0.0,0.0,0.5,0.0,0.5,0.3,0.7,0.3,0.7,0.0,0.6,0.1,0.6
2003-02-28,0.6,0.4,1.0,0.0,0.4,0.5,0.1350636883470356,0.0,0.0,0.0,0.0,1.0,0.0,0.0,0.31572089620052757,0.6842791037994724,0.0,0.0,0.0,0.0,0.0,0.9,0.0,0.0,0.0,1.0,0.0,0.0,0.0,0.9,0.0,0.0,0.0,0.8,0.0,0.9,0.2,0.8,0.0,0.0,0.1,0.9,0.0,0.0,0.0,1.0,0.0,0.0,0.2,0.8,0.2,0.8,0.2,0.8,0.0,0.0,0.2,0.8,0.0,0.0,0.7,0.3,0.0,0.0,0.2,0.8,0.2,0.8,0.2,0.8,0.0,0.0,0.5,0.4,0.0,0.0,0.4,0.6,0.0,0.0,0.2,0.8,0.2,0.8,0.0,0.5,0.0,0.0,0.0,1.0,0.0,0.0,0.0,1.0,0.0,0.0,0.0,0.5,0.0,0.5,0.3,0.7,0.3,0.7,0.0,0.6,0.1,0.6
2003-03-31,0.6,0.4,1.0,0.0,0.4,0.5,0.056877923043882964,0.0,0.0,0.0,0.0,1.0,0.0,0.0,0.31927460103930116,0.680725398960699,0.0,0.0,0.0,0.0,0.0,0.9,0.0,0.0,0.0,1.0,0.0,0.0,0.0,1.0,0.0,0.0,0.0,0.8,0.0,0.9,0.2,0.8,0.0,0.0,0.1,0.9,0.0,0.0,0.0,1.0,0.0,0.0,0.2,0.8,0.2,0.8,0.2,0.8,0.0,0.0,0.2,0.8,0.0,0.0,0.4,0.6,0.0,0.0,0.2,0.8,0.2,0.8,0.2,0.8,0.0,0.0,0.5,0.4,0.0,0.0,0.4,0.6,0.0,0.0,0.2,0.8,0.2,0.8,0.0,0.5,0.0,0.0,0.0,1.0,0.0,0.0,0.0,1.0,0.0,0.0,0.0,0.5,0.0,0.5,0.3,0.7,0.3,0.7,0.0,0.6,0.4,0.6
2003-04-30,0.6,0.4,1.0,0.0,0.4,0.5,0.11083795960154554,0.0,1.0,0.0,1.0,0.0,0.0,0.0,0.31116651768747416,0.6888334823125258,0.0,0.0,0.0,0.0,0.0,0.9,0.0,0.0,0.0,1.0,0.0,0.0,0.0,1.0,0.0,0.0,0.0,0.8,0.0,0.9,0.2,0.8,0.0,0.0,0.1,0.9,0.0,0.0,0.0,1.0,0.0,0.0,0.2,0.8,0.2,0.8,0.2,0.8,0.0,0.0,0.2,0.8,0.0,0.0,0.9,0.1,0.0,0.0,0.2,0.8,0.2,0.8,0.2,0.8,0.0,0.0,0.5,0.4,0.0,0.0,0.4,0.6,0.0,0.0,0.2,0.8,0.2,0.8,0.1,0.5,0.0,0.0,0.0,1.0,0.0,0.0,0.0,1.0,0.0,0.0,0.0,0.5,0.0,0.5,0.3,0.7,0.3,0.7,0.0,0.6,0.5,0.5
2003-05-31,0.6,0.4,1.0,0.0,0.4,0.5,0.1484984087273446,0.0,1.0,0.0,1.0,0.0,0.0,0.0,0.3170160712399463,0.6829839287600538,0.0,0.0,0.0,0.0,0.0,0.9,0.0,0.0,0.0,0.6,0.0,0.0,0.1,0.5,0.0,0.0,0.0,0.8,0.0,0.9,0.2,0.8,0.0,0.0,0.1,0.9,0.0,0.0,0.0,1.0,0.0,0.0,0.2,0.8,0.2,0.8,0.2,0.8,0.0,0.0,0.2,0.8,0.0,0.0,1.0,0.0,0.0,0.0,0.2,0.8,0.2,0.8,0.2,0.8,0.0,0.0,0.5,0.4,0.0,0.0,0.4,0.6,0.0,0.0,0.2,0.8,0.2,0.8,0.0,0.5,0.0,0.0,0.1,0.4,0.0,0.0,0.1,0.4,0.0,0.0,0.0,0.5,0.0,0.5,0.3,0.7,0.3,0.7,0.0,0.6,0.0,0.6
2003-06-30,0.6,0.4,1.0,0.0,0.4,0.5,0.15767074437735987,0.0,1.0,0.0,1.0,0.0,1.0,0.0,0.32202880866728534,0.6779711913327147,1.0,0.0,0.6,0.4,0.0,0.9,0.0,0.0,0.4,0.1,0.0,0.0,0.4,0.1,0.0,0.0,0.0,0.8,0.0,0.9,0.2,0.8,0.0,0.0,0.1,0.9,0.0,0.0,0.0,1.0,0.0,0.0,0.2,0.8,0.2,0.8,0.2,0.8,0.0,0.0,0.2,0.8,0.0,0.0,1.0,0.0,0.0,0.0,0.2,0.8,0.2,0.8,0.2,0.8,0.0,0.0,0.5,0.4,0.0,0.0,0.4,0.6,0.0,0.0,0.2,0.8,0.2,0.8,0.0,0.5,0.0,0.0,0.3,0.2,0.0,0.0,0.3,0.2,0.0,0.0,0.0,0.5,0.0,0.5,0.3,0.7,0.3,0.7,0.0,0.6,0.2,0.6
2003-07-31,0.6,0.4,1.0,0.0,0.4,0.5,0.15914403537535207,0.0,1.0,0.0,1.0,0.0,1.0,0.0,0.3631651013342238,0.6368348986657763,1.0,0.0,0.6,0.4,0.0,0.9,0.0,0.0,0.5,0.0,0.0,0.0,0.5,0.0,0.0,0.0,0.0,0.8,0.0,0.9,0.2,0.8,0.0,0.0,0.1,0.9,0.0,0.0,0.0,1.0,0.0,0.0,0.2,0.8,0.2,0.8,0.2,0.8,0.0,0.0,0.2,0.8,0.0,0.0,1.0,0.0,0.0,0.0,0.2,0.8,0.2,0.8,0.2,0.8,0.0,0.0,0.5,0.4,0.0,0.0,0.4,0.6,0.0,0.0,0.2,0.8,0.2,0.8,0.0,0.5,0.0,0.0,0.7,0.0,0.0,0.0,0.7,0.0,0.0,0.0,0.0,0.5,0.0,0.5,0.3,0.7,0.3,0.7,0.0,0.6,0.0,0.6
2003-08-31,0.6,0.4,1.0,0.0,0.4,0.5,0.3152313054434516,0.0,1.0,0.0,1.0,0.0,1.0,0.0,0.36875630528185566,0.6312436947181442,1.0,0.0,0.6,0.4,0.1,0.8,0.0,0.0,0.6,0.0,0.0,0.0,0.6,0.0,0.0,0.0,0.0,0.8,0.0,0.9,0.2,0.8,0.0,0.0,0.1,0.9,0.0,0.0,0.0,1.0,0.0,0.0,0.2,0.8,0.2,0.8,0.2,0.8,0.0,0.0,0.2,0.8,0.0,0.0,1.0,0.0,0.0,0.0,0.2,0.8,0.2,0.8,0.2,0.8,0.0,0.0,0.5,0.4,0.0,0.0,0.4,0.6,0.0,0.0,0.2,0.8,0.2,0.8,0.0,0.5,0.0,0.0,0.6,0.0,0.0,0.0,0.7,0.0,0.0,0.0,0.0,0.5,0.0,0.5,0.3,0.7,0.3,0.7,0.0,0.6,0.1,0.6
2003-09-30,0.6,0.4,1.0,0.0,0.4,0.5,0.16340173374058242,0.0,1.0,0.0,1.0,0.0,1.0,0.0,0.3757428642480551,0.6242571357519449,1.0,0.0,0.6,0.4,0.0,0.8,0.0,0.0,0.6,0.0,0.0,0.0,0.5,0.0,0.0,0.0,0.0,0.8,0.0,0.9,0.2,0.8,0.0,0.0,0.1,0.9,0.0,0.0,0.0,1.0,0.0,0.0,0.2,0.8,0.2,0.8,0.2,0.8,0.0,0.0,0.2,0.8,0.0,0.0,1.0,0.0,0.0,0.0,0.2,0.8,0.2,0.8,0.2,0.8,0.0,0.0,0.5,0.4,0.0,0.0,0.4,0.6,0.0,0.0,0.2,0.8,0.2,0.8,0.0,0.5,0.0,0.0,0.6,0.0,0.0,0.0,0.7,0.0,0.0,0.0,0.0,0.5,0.0,0.5,0.3,0.7,0.3,0.7,0.1,0.6,0.0,0.6
2003-10-31,0.6,0.4,1.0,0.0,0.4,0.5,0.21343917260911516,0.0,1.0,0.0,1.0,0.0,1.0,0.0,0.3747780683695556,0.6252219316304444,1.0,0.0,0.6,0.4,0.1,0.8,0.0,0.0,0.6,0.0,0.0,0.0,0.5,0.0,0.0,0.0,0.0,0.8,0.0,0.9,0.2,0.8,0.0,0.0,0.1,0.9,0.0,0.0,0.0,1.0,0.0,0.0,0.2,0.8,0.2,0.8,0.2,0.8,0.0,0.0,0.2,0.8,0.0,0.0,1.0,0.0,0.0,0.0,0.2,0.8,0.2,0.8,0.2,0.8,0.0,0.0,0.5,0.4,0.0,0.0,0.4,0.6,0.0,0.0,0.2,0.8,0.2,0.8,0.0,0.5,0.0,0.0,0.6,0.0,0.0,0.0,0.6,0.0,0.0,0.0,0.0,0.5,0.0,0.5,0.3,0.7,0.3,0.7,0.8,0.2,0.0,0.6
2003-11-30,0.6,0.4,1.0,0.0,0.4,0.5,0.30821884892789614,0.0,1.0,0.0,1.0,0.0,1.0,0.0,0.3838789719838149,0.6161210280161852,1.0,0.0,0.6,0.4,0.2,0.6,1.0,0.0,0.6,0.0,0.0,0.0,0.6,0.0,0.0,0.0,0.2,0.8,0.2,0.8,0.2,0.8,0.0,0.0,0.1,0.9,0.0,0.0,0.1,0.9,0.0,0.0,0.2,0.8,0.2,0.8,0.2,0.8,0.0,0.0,0.2,0.8,0.0,0.0,1.0,0.0,0.0,0.0,0.2,0.8,0.2,0.8,0.2,0.8,0.0,0.0,0.5,0.4,0.0,0.0,0.4,0.6,0.0,0.0,0.2,0.8,0.2,0.8,0.1,0.5,0.0,0.0,0.6,0.0,0.0,0.0,0.7,0.0,0.0,0.0,0.1,0.5,0.1,0.5,0.3,0.7,0.3,0.7,1.0,0.0,0.3,0.6
2003-12-31,0.6,0.4,1.0,0.0,0.4,0.5,0.3394187655889701,0.0,1.0,0.0,1.0,0.0,1.0,0.0,0.3810880201481423,0.6189119798518576,1.0,0.0,0.6,0.4,0.6,0.3,1.0,0.0,0.7,0.0,0.0,0.0,0.8,0.0,0.0,0.0,0.5,0.5,0.5,0.5,0.3,0.7,0.0,0.0,0.1,0.9,0.0,0.0,0.2,0.8,0.0,0.0,0.3,0.7,0.3,0.7,0.2,0.8,0.0,0.0,0.4,0.6,0.0,0.0,0.6,0.4,0.0,0.0,0.2,0.8,0.2,0.8,0.2,0.8,0.0,0.0,0.6,0.4,1.0,0.0,0.6,0.4,0.0,0.0,0.2,0.8,0.2,0.8,0.3,0.4,0.0,0.0,0.7,0.0,0.0,0.0,0.7,0.0,0.0,0.0,0.2,0.5,0.2,0.5,0.3,0.7,0.3,0.7,1.0,0.0,0.7,0.3
2004-01-31,0.6,0.4,1.0,0.0,0.4,0.5,0.3680581667654439,0.0,1.0,0.0,1.0,0.0,1.0,0.0,0.38256294086524534,0.6174370591347548,1.0,0.0,0.6,0.4,1.0,0.0,1.0,0.0,0.8,0.0,0.0,0.0,1.0,0.0,0.0,0.0,0.9,0.1,0.9,0.1,0.3,0.7,0.0,0.0,0.1,0.9,0.0,0.0,0.2,0.8,0.0,0.0,0.3,0.7,0.3,0.7,0.2,0.8,0.0,0.0,0.4,0.6,0.0,0.0,0.6,0.4,0.0,0.0,0.2,0.8,0.2,0.8,0.2,0.8,0.0,0.0,0.6,0.4,1.0,0.0,0.6,0.4,0.0,0.0,0.2,0.8,0.2,0.8,0.3,0.5,0.0,0.0,0.7,0.0,0.0,0.0,0.7,0.0,0.0,0.0,0.3,0.5,0.3,0.5,0.3,0.7,0.3,0.7,1.0,0.0,1.0,0.0
2004-02-29,0.6,0.4,1.0,0.0,0.4,0.5,0.46589641362714407,0.0,1.0,0.0,1.0,0.0,1.0,0.0,0.39427552640232183,0.6057244735976781,1.0,0.0,0.6,0.4,1.0,0.0,1.0,0.0,1.0,0.0,1.0,0.0,1.0,0.0,0.0,0.0,1.0,0.0,1.0,0.0,0.3,0.7,0.0,0.0,0.1,0.9,0.0,0.0,0.2,0.8,0.0,0.0,0.3,0.7,0.3,0.7,0.2,0.8,0.0,0.0,0.4,0.6,0.0,0.0,0.6,0.4,0.0,0.0,0.2,0.8,0.2,0.8,0.2,0.8,0.0,0.0,0.6,0.4,1.0,0.0,0.6,0.4,0.0,0.0,0.2,0.8,0.2,0.8,0.2,0.5,0.0,0.0,0.7,0.0,0.0,0.0,0.7,0.0,0.0,0.0,0.2,0.5,0.2,0.5,0.3,0.7,0.3,0.7,0.8,0.2,1.0,0.0
2004-03-31,0.6,0.4,1.0,0.0,0.4,0.5,0.15821385589573458,0.0,1.0,0.0,1.0,0.0,1.0,0.0,0.4002322648415564,0.5997677351584436,1.0,0.0,0.6,0.4,0.9,0.1,1.0,0.0,0.6,0.0,0.0,0.0,0.7,0.0,0.0,0.0,1.0,0.0,1.0,0.0,0.3,0.7,0.0,0.0,0.1,0.9,0.0,0.0,0.2,0.8,0.0,0.0,0.3,0.7,0.3,0.7,0.2,0.8,0.0,0.0,0.4,0.6,0.0,0.0,0.6,0.4,0.0,0.0,0.2,0.8,0.2,0.8,0.2,0.8,0.0,0.0,0.6,0.4,1.0,0.0,0.6,0.4,0.0,0.0,0.2,0.8,0.2,0.8,0.3,0.5,0.0,0.0,0.7,0.0,0.0,0.0,0.7,0.0,0.0,0.0,0.3,0.5,0.3,0.5,0.3,0.7,0.3,0.7,0.2,0.6,1.0,0.0
2004-04-30,0.6,0.4,1.0,0.0,0.4,0.5,0.2541116703275616,0.0,1.0,0.0,1.0,0.0,1.0,0.0,0.417982755722864,0.5820172442771361,1.0,0.0,0.6,0.4,1.0,0.0,1.0,0.0,0.7,0.0,0.0,0.0,0.7,0.0,0.0,0.0,1.0,0.0,1.0,0.0,0.3,0.7,0.0,0.0,0.1,0.9,0.0,0.0,0.2,0.8,0.0,0.0,0.3,0.7,0.3,0.7,0.2,0.8,0.0,0.0,0.4,0.6,0.0,0.0,0.6,0.4,0.0,0.0,0.2,0.8,0.2,0.8,0.2,0.8,0.0,0.0,0.6,0.4,1.0,0.0,0.6,0.4,0.0,0.0,0.2,0.8,0.2,0.8,0.0,0.5,0.0,0.0,0.7,0.0,0.0,0.0,0.8,0.0,0.0,0.0,0.1,0.4,0.1,0.4,0.3,0.7,0.3,0.7,1.0,0.0,0.0,0.6
2004-05-31,0.6,0.4,1.0,0.0,0.4,0.5,0.28681347090662673,0.0,1.0,0.0,1.0,0.0,1.0,0.0,0.4182884455785996,0.5817115544214003,1.0,0.0,0.6,0.4,1.0,0.0,1.0,0.0,0.7,0.0,0.0,0.0,0.7,0.0,0.0,0.0,1.0,0.0,1.0,0.0,0.3,0.7,0.0,0.0,0.1,0.9,0.0,0.0,0.2,0.8,0.0,0.0,0.3,0.7,0.3,0.7,0.2,0.8,0.0,0.0,0.4,0.6,0.0,0.0,0.6,0.4,0.0,0.0,0.2,0.8,0.2,0.8,0.2,0.8,0.0,0.0,0.6,0.4,1.0,0.0,0.6,0.4,0.0,0.0,0.2,0.8,0.2,0.8,0.1,0.5,0.0,0.0,0.7,0.0,0.0,0.0,0.8,0.0,0.0,0.0,0.1,0.4,0.1,0.4,0.3,0.7,0.3,0.7,1.0,0.0,0.4,0.6
2004-06-30,0.6,0.4,1.0,0.0,0.4,0.5,0.4024399534556735,0.0,1.0,0.0,1.0,0.0,1.0,0.0,0.418344676229016,0.5816553237709841,1.0,0.0,0.6,0.4,1.0,0.0,1.0,0.0,0.8,0.0,0.0,0.0,1.0,0.0,0.0,0.0,1.0,0.0,1.0,0.0,0.3,0.7,0.0,0.0,0.1,0.9,0.0,0.0,0.2,0.8,0.0,0.0,0.3,0.7,0.3,0.7,0.2,0.8,0.0,0.0,0.4,0.6,0.0,0.0,0.6,0.4,0.0,0.0,0.2,0.8,0.2,0.8,0.2,0.8,0.0,0.0,0.6,0.4,1.0,0.0,0.6,0.4,0.0,0.0,0.2,0.8,0.2,0.8,0.3,0.5,0.0,0.0,0.7,0.0,0.0,0.0,0.8,0.0,0.0,0.0,0.3,0.4,0.3,0.4,0.3,0.7,0.3,0.7,1.0,0.0,0.9,0.1
2004-07-31,0.6,0.4,1.0,0.0,0.4,0.5,0.3474395591496832,0.0,0.0,0.0,0.0,1.0,1.0,0.0,0.4137887454539278,0.5862112545460723,1.0,0.0,0.6,0.4,1.0,0.0,1.0,0.0,0.8,0.0,0.0,0.0,1.0,0.0,0.0,0.0,1.0,0.0,1.0,0.0,0.3,0.7,0.0,0.0,0.1,0.9,0.0,0.0,0.2,0.8,0.0,0.0,0.3,0.7,0.3,0.7,0.2,0.8,0.0,0.0,0.4,0.6,0.0,0.0,0.6,0.4,0.0,0.0,0.2,0.8,0.2,0.8,0.2,0.8,0.0,0.0,0.6,0.4,1.0,0.0,0.6,0.4,0.0,0.0,0.2,0.8,0.2,0.8,0.3,0.4,0.0,0.0,0.6,0.0,0.0,0.0,0.7,0.0,0.0,0.0,0.3,0.4,0.3,0.4,0.3,0.7,0.3,0.7,1.0,0.0,0.8,0.2
2004-08-31,0.6,0.4,1.0,0.0,0.4,0.5,0.20905400976245292,0.0,0.0,0.0,0.0,1.0,1.0,0.0,0.42248977930026566,0.5775102206997345,1.0,0.0,0.6,0.4,1.0,0.0,1.0,0.0,0.7,0.0,0.0,0.0,0.8,0.0,0.0,0.0,1.0,0.0,1.0,0.0,0.3,0.7,0.0,0.0,0.1,0.9,0.0,0.0,0.2,0.8,0.0,0.0,0.3,0.7,0.3,0.7,0.2,0.8,0.0,0.0,0.4,0.6,0.0,0.0,0.6,0.4,0.0,0.0,0.2,0.8,0.2,0.8,0.2,0.8,0.0,0.0,0.6,0.4,1.0,0.0,0.6,0.4,0.0,0.0,0.2,0.8,0.2,0.8,0.0,0.5,0.0,0.0,0.6,0.0,0.0,0.0,0.7,0.0,0.0,0.0,0.1,0.4,0.1,0.4,0.3,0.7,0.3,0.7,1.0,0.0,0.5,0.5
2004-09-30,0.6,0.4,1.0,0.0,0.4,0.5,0.44850501657107583,0.0,1.0,0.0,1.0,0.0,1.0,0.0,0.4370071971376882,0.5629928028623117,1.0,0.0,0.6,0.4,1.0,0.0,1.0,0.0,0.8,0.0,0.0,0.0,1.0,0.0,0.0,0.0,1.0,0.0,1.0,0.0,0.3,0.7,0.0,0.0,0.1,0.9,0.0,0.0,0.2,0.8,0.0,0.0,0.3,0.7,0.3,0.7,0.2,0.8,0.0,0.0,0.4,0.6,0.0,0.0,0.6,0.4,0.0,0.0,0.2,0.8,0.2,0.8,0.2,0.8,0.0,0.0,0.6,0.4,1.0,0.0,0.6,0.4,0.0,0.0,0.2,0.8,0.2,0.8,0.1,0.5,0.0,0.0,0.7,0.0,0.0,0.0,0.7,0.0,0.0,0.0,0.1,0.4,0.1,0.4,0.3,0.7,0.3,0.7,1.0,0.0,0.9,0.1
2004-10-31,0.6,0.4,1.0,0.0,0.4,0.5,0.2675359808820342,0.0,1.0,0.0,1.0,0.0,1.0,0.0,0.4330370069751752,0.5669629930248248,1.0,0.0,0.6,0.4,1.0,0.0,1.0,0.0,0.7,0.0,0.0,0.0,1.0,0.0,0.0,0.0,1.0,0.0,1.0,0.0,0.3,0.7,0.0,0.0,0.1,0.9,0.0,0.0,0.2,0.8,0.0,0.0,0.3,0.7,0.3,0.7,0.2,0.8,0.0,0.0,0.4,0.6,0.0,0.0,0.6,0.4,0.0,0.0,0.2,0.8,0.2,0.8,0.2,0.8,0.0,0.0,0.6,0.4,1.0,0.0,0.6,0.4,0.0,0.0,0.2,0.8,0.2,0.8,0.2,0.5,0.0,0.0,0.7,0.0,0.0,0.0,0.7,0.0,0.0,0.0,0.2,0.4,0.2,0.4,0.3,0.7,0.3,0.7,1.0,0.0,1.0,0.0
2004-11-30,0.6,0.4,1.0,0.0,0.4,0.5,0.3954024423330064,0.0,1.0,0.0,1.0,0.0,1.0,0.0,0.4331791577639438,0.5668208422360562,1.0,0.0,0.6,0.4,1.0,0.0,1.0,0.0,0.9,0.0,0.0,0.0,1.0,0.0,0.0,0.0,1.0,0.0,1.0,0.0,0.3,0.7,0.0,0.0,0.1,0.9,0.0,0.0,0.2,0.8,0.0,0.0,0.3,0.7,0.3,0.7,0.2,0.8,0.0,0.0,0.4,0.6,0.0,0.0,0.6,0.4,0.0,0.0,0.2,0.8,0.2,0.8,0.2,0.8,0.0,0.0,0.6,0.4,1.0,0.0,0.6,0.4,0.0,0.0,0.2,0.8,0.2,0.8,0.1,0.4,0.0,0.0,0.6,0.0,0.0,0.0,0.7,0.0,0.0,0.0,0.1,0.4,0.1,0.4,0.4,0.6,0.3,0.7,1.0,0.0,1.0,0.0
2004-12-31,0.6,0.4,1.0,0.0,0.4,0.5,0.4544774147860349,0.0,1.0,0.0,1.0,0.0,1.0,0.0,0.43065680030524817,0.5693431996947518,1.0,0.0,0.6,0.4,1.0,0.0,1.0,0.0,1.0,0.0,1.0,0.0,1.0,0.0,0.0,0.0,1.0,0.0,1.0,0.0,0.1,0.9,0.0,0.0,0.1,0.9,0.0,0.0,0.4,0.6,0.0,0.0,0.1,0.9,0.1,0.9,0.2,0.8,0.0,0.0,0.2,0.5,0.0,0.0,0.7,0.3,0.0,0.0,0.2,0.8,0.2,0.8,0.2,0.8,0.0,0.0,0.6,0.4,1.0,0.0,0.5,0.5,0.0,0.0,0.2,0.8,0.2,0.8,0.1,0.5,0.0,0.0,0.7,0.0,0.0,0.0,0.7,0.0,0.0,0.0,0.1,0.4,0.1,0.5,0.5,0.3,0.3,0.7,1.0,0.0,1.0,0.0
2005-01-31,0.6,0.4,1.0,0.0,0.4,0.5,0.3594215097423462,0.0,1.0,0.0,1.0,0.0,1.0,0.0,0.43096281133678577,0.5690371886632142,1.0,0.0,0.6,0.4,1.0,0.0,1.0,0.0,1.0,0.0,1.0,0.0,1.0,0.0,0.0,0.0,1.0,0.0,1.0,0.0,0.1,0.9,0.0,0.0,0.2,0.8,0.0,0.0,0.5,0.5,0.0,0.0,0.1,0.9,0.1,0.9,0.2,0.8,0.0,0.0,0.2,0.5,0.0,0.0,0.7,0.3,0.0,0.0,0.2,0.8,0.2,0.8,0.2,0.8,0.0,0.0,0.6,0.2,0.0,0.0,0.8,0.2,0.0,0.0,0.2,0.8,0.2,0.8,0.1,0.5,0.0,0.0,0.6,0.0,0.0,0.0,0.7,0.0,0.0,0.0,0.1,0.4,0.1,0.5,0.6,0.0,0.3,0.7,1.0,0.0,0.8,0.2
2005-02-28,0.6,0.4,1.0,0.0,0.4,0.5,0.38022199435776877,0.0,1.0,0.0,1.0,0.0,1.0,0.0,0.4332020749599703,0.5667979250400296,1.0,0.0,0.6,0.4,1.0,0.0,1.0,0.0,1.0,0.0,1.0,0.0,1.0,0.0,0.0,0.0,1.0,0.0,1.0,0.0,0.1,0.9,0.0,0.0,0.2,0.8,0.0,0.0,0.6,0.4,0.0,0.0,0.1,0.9,0.1,0.9,0.3,0.7,0.0,0.0,0.3,0.4,0.0,0.0,1.0,0.0,0.0,0.0,0.2,0.8,0.2,0.8,0.3,0.7,0.0,0.0,0.7,0.0,0.0,0.0,1.0,0.0,1.0,0.0,0.2,0.8,0.2,0.8,0.1,0.5,0.0,0.0,0.7,0.0,0.0,0.0,0.7,0.0,0.0,0.0,0.1,0.4,0.1,0.5,0.7,0.0,0.3,0.7,1.0,0.0,1.0,0.0
2005-03-31,0.6,0.4,1.0,0.0,0.4,0.5,0.4290988294818632,0.0,1.0,0.0,1.0,0.0,1.0,0.0,0.42709353560530783,0.5729064643946922,1.0,0.0,0.6,0.4,1.0,0.0,1.0,0.0,1.0,0.0,1.0,0.0,1.0,0.0,0.0,0.0,1.0,0.0,1.0,0.0,0.2,0.8,0.0,0.0,0.3,0.7,0.0,0.0,1.0,0.0,0.0,0.0,0.1,0.9,0.1,0.9,0.3,0.7,0.0,0.0,0.6,0.2,1.0,0.0,1.0,0.0,1.0,0.0,0.2,0.8,0.2,0.8,0.4,0.5,1.0,0.0,0.7,0.0,0.0,0.0,1.0,0.0,1.0,0.0,0.3,0.7,0.3,0.7,0.2,0.5,0.0,0.0,0.7,0.0,0.0,0.0,0.8,0.0,0.0,0.0,0.1,0.4,0.1,0.5,0.7,0.0,0.4,0.6,1.0,0.0,1.0,0.0
2005-04-30,0.6,0.4,1.0,0.0,0.4,0.5,0.1853365343985603,0.0,1.0,0.0,1.0,0.0,1.0,0.0,0.4305921029461757,0.5694078970538242,1.0,0.0,0.6,0.4,1.0,0.0,1.0,0.0,0.8,0.0,0.0,0.0,1.0,0.0,0.0,0.0,1.0,0.0,1.0,0.0,0.2,0.8,0.0,0.0,0.7,0.3,1.0,0.0,1.0,0.0,0.0,0.0,0.1,0.9,0.1,0.9,0.5,0.1,1.0,0.0,1.0,0.0,1.0,0.0,1.0,0.0,1.0,0.0,0.4,0.4,0.4,0.3,0.5,0.0,1.0,0.0,0.7,0.0,0.0,0.0,1.0,0.0,1.0,0.0,0.5,0.1,0.5,0.0,0.0,0.5,0.0,0.0,0.7,0.0,0.0,0.0,0.7,0.0,0.0,0.0,0.1,0.4,0.1,0.5,0.7,0.0,0.6,0.1,1.0,0.0,0.6,0.4
2005-05-31,0.6,0.4,1.0,0.0,0.4,0.5,0.3681953563545566,0.0,1.0,0.0,1.0,0.0,1.0,0.0,0.43039138841792235,0.5696086115820778,1.0,0.0,0.6,0.4,1.0,0.0,1.0,0.0,0.9,0.0,0.0,0.0,1.0,0.0,0.0,0.0,1.0,0.0,1.0,0.0,0.5,0.3,1.0,0.0,1.0,0.0,1.0,0.0,1.0,0.0,0.0,0.0,0.4,0.6,0.4,0.5,0.5,0.0,1.0,0.0,1.0,0.0,1.0,0.0,1.0,0.0,1.0,0.0,0.5,0.0,0.5,0.0,0.6,0.0,1.0,0.0,0.7,0.0,0.0,0.0,1.0,0.0,1.0,0.0,0.6,0.0,0.6,0.0,0.1,0.5,0.0,0.0,0.7,0.0,0.0,0.0,0.7,0.0,0.0,0.0,0.1,0.4,0.1,0.5,0.7,0.0,0.7,0.0,1.0,0.0,0.7,0.3
2005-06-30,0.6,0.4,1.0,0.0,0.4,0.5,0.6014748736195359,0.0,1.0,0.0,1.0,0.0,1.0,0.0,0.44281129400783675,0.5571887059921632,1.0,0.0,0.6,0.4,1.0,0.0,1.0,0.0,1.0,0.0,1.0,0.0,1.0,0.0,0.0,0.0,1.0,0.0,1.0,0.0,0.7,0.0,1.0,0.0,1.0,0.0,1.0,0.0,1.0,0.0,0.0,0.0,0.7,0.0,0.7,0.0,0.6,0.0,1.0,0.0,1.0,0.0,1.0,0.0,1.0,0.0,1.0,0.0,0.6,0.0,0.6,0.0,0.6,0.0,1.0,0.0,0.7,0.0,0.0,0.0,1.0,0.0,1.0,0.0,0.6,0.0,0.6,0.0,0.1,0.5,0.0,0.0,0.7,0.0,0.0,0.0,0.7,0.0,0.0,0.0,0.1,0.4,0.1,0.5,0.7,0.0,0.7,0.0,1.0,0.0,1.0,0.0
2005-07-31,0.6,0.4,1.0,0.0,0.4,0.5,0.4831713091838059,0.0,1.0,0.0,1.0,0.0,1.0,0.0,0.46249752582563425,0.5375024741743657,1.0,0.0,0.6,0.4,1.0,0.0,1.0,0.0,1.0,0.0,1.0,0.0,1.0,0.0,0.0,0.0,1.0,0.0,1.0,0.0,0.7,0.0,1.0,0.0,1.0,0.0,1.0,0.0,1.0,0.0,0.0,0.0,0.7,0.0,0.7,0.0,0.6,0.0,1.0,0.0,1.0,0.0,1.0,0.0,1.0,0.0,1.0,0.0,0.6,0.0,0.6,0.0,0.6,0.0,1.0,0.0,0.7,0.0,0.0,0.0,1.0,0.0,1.0,0.0,0.6,0.0,0.6,0.0,0.0,0.5,0.0,0.0,0.7,0.0,0.0,0.0,0.8,0.0,0.0,0.0,0.1,0.4,0.1,0.5,0.7,0.0,0.7,0.0,1.0,0.0,0.8,0.2
2005-08-31,0.6,0.4,1.0,0.0,0.4,0.5,0.4572266305219674,0.0,1.0,0.0,1.0,0.0,1.0,0.0,0.4586118503235698,0.5413881496764302,1.0,0.0,0.6,0.4,1.0,0.0,1.0,0.0,1.0,0.0,1.0,0.0,1.0,0.0,0.0,0.0,1.0,0.0,1.0,0.0,0.7,0.0,1.0,0.0,1.0,0.0,1.0,0.0,1.0,0.0,1.0,0.0,0.7,0.0,0.7,0.0,0.6,0.0,1.0,0.0,1.0,0.0,1.0,0.0,0.7,0.0,1.0,0.0,0.6,0.0,0.6,0.0,0.6,0.0,1.0,0.0,0.7,0.0,0.0,0.0,1.0,0.0,1.0,0.0,0.6,0.0,0.6,0.0,0.0,0.5,0.0,0.0,0.7,0.0,0.0,0.0,0.7,0.0,0.0,0.0,0.1,0.4,0.1,0.5,0.7,0.0,0.7,0.0,1.0,0.0,0.7,0.3
2005-09-30,0.6,0.4,1.0,0.0,0.4,0.5,0.5024872144311074,0.0,1.0,0.0,1.0,0.0,1.0,0.0,0.4974347986759767,0.5025652013240233,1.0,0.0,0.6,0.4,1.0,0.0,1.0,0.0,1.0,0.0,1.0,0.0,1.0,0.0,0.0,0.0,1.0,0.0,1.0,0.0,0.7,0.0,1.0,0.0,1.0,0.0,1.0,0.0,1.0,0.0,1.0,0.0,0.7,0.0,0.7,0.0,0.6,0.0,1.0,0.0,1.0,0.0,1.0,0.0,0.5,0.0,1.0,0.0,0.6,0.0,0.6,0.0,0.6,0.0,1.0,0.0,0.7,0.0,0.0,0.0,0.8,0.0,1.0,0.0,0.6,0.0,0.6,0.0,0.0,0.5,0.0,0.0,0.7,0.0,0.0,0.0,0.8,0.0,0.0,0.0,0.1,0.4,0.1,0.5,0.7,0.0,0.7,0.0,1.0,0.0,0.5,0.5
2005-10-31,0.6,0.4,1.0,0.0,0.4,0.5,0.17174183975461635,0.0,1.0,0.0,1.0,0.0,1.0,0.0,0.5076382166339983,0.49236178336600167,1.0,0.0,0.6,0.4,1.0,0.0,1.0,0.0,1.0,0.0,1.0,0.0,1.0,0.0,0.0,0.0,1.0,0.0,1.0,0.0,0.7,0.0,1.0,0.0,1.0,0.0,1.0,0.0,1.0,0.0,1.0,0.0,0.7,0.0,0.7,0.0,0.6,0.0,1.0,0.0,0.5,0.3,0.0,0.0,0.0,0.0,0.0,0.0,0.6,0.0,0.6,0.0,0.6,0.0,1.0,0.0,0.7,0.0,0.0,0.0,0.0,0.0,0.0,0.0,0.6,0.0,0.6,0.0,0.1,0.5,0.0,0.0,0.7,0.0,0.0,0.0,0.8,0.0,0.0,0.0,0.1,0.4,0.1,0.5,0.7,0.0,0.7,0.0,1.0,0.0,0.7,0.3
2005-11-30,0.6,0.4,1.0,0.0,0.4,0.5,0.5541450873155495,0.0,1.0,0.0,1.0,0.0,1.0,0.0,0.5128398629647375,0.48716013703526256,1.0,0.0,0.6,0.4,1.0,0.0,1.0,0.0,1.0,0.0,1.0,0.0,1.0,0.0,0.0,0.0,1.0,0.0,1.0,0.0,0.7,0.0,1.0,0.0,1.0,0.0,1.0,0.0,1.0,0.0,1.0,0.0,0.7,0.0,0.7,0.0,0.6,0.0,1.0,0.0,0.3,0.5,0.0,0.0,0.0,0.0,0.0,0.0,0.6,0.0,0.6,0.0,0.6,0.0,1.0,0.0,0.7,0.0,0.0,0.0,0.0,0.0,0.0,0.0,0.6,0.0,0.6,0.0,0.2,0.5,0.0,0.0,0.7,0.0,0.0,0.0,0.8,0.0,0.0,0.0,0.1,0.4,0.1,0.5,0.7,0.0,0.7,0.0,1.0,0.0,1.0,0.0
2005-12-31,0.6,0.4,1.0,0.0,0.4,0.5,0.7182805929897031,0.0,1.0,0.0,1.0,0.0,1.0,0.0,0.5262494557240636,0.47375054427593644,1.0,0.0,0.6,0.4,1.0,0.0,1.0,0.0,1.0,0.0,1.0,0.0,1.0,0.0,0.0,0.0,1.0,0.0,1.0,0.0,0.7,0.0,1.0,0.0,1.0,0.0,1.0,0.0,1.0,0.0,1.0,0.0,0.7,0.0,0.7,0.0,0.6,0.0,1.0,0.0,0.7,0.0,1.0,0.0,0.0,0.0,0.0,0.0,0.6,0.0,0.6,0.0,0.6,0.0,1.0,0.0,0.7,0.0,0.0,0.0,0.0,0.0,0.0,0.0,0.6,0.0,0.6,0.0,0.1,0.5,0.0,0.0,0.7,0.0,0.0,0.0,0.8,0.0,0.0,0.0,0.1,0.5,0.1,0.5,0.7,0.0,0.7,0.0,1.0,0.0,1.0,0.0
2006-01-31,0.6,0.4,1.0,0.0,0.4,0.5,0.3534702926503111,0.0,1.0,0.0,1.0,0.0,1.0,0.0,0.531308414486066,0.4686915855139338,1.0,0.0,0.6,0.4,1.0,0.0,1.0,0.0,1.0,0.0,1.0,0.0,1.0,0.0,0.0,0.0,1.0,0.0,1.0,0.0,0.7,0.0,1.0,0.0,0.7,0.0,1.0,0.0,1.0,0.0,1.0,0.0,0.7,0.0,0.7,0.0,0.6,0.0,1.0,0.0,0.7,0.0,1.0,0.0,0.0,0.0,0.0,0.0,0.6,0.0,0.6,0.0,0.6,0.0,1.0,0.0,0.7,0.0,0.0,0.0,0.0,0.0,0.0,0.0,0.6,0.0,0.6,0.0,0.1,0.5,0.0,0.0,0.7,0.0,0.0,0.0,0.8,0.0,0.0,0.0,0.1,0.5,0.1,0.5,0.7,0.0,0.7,0.0,0.7,0.3,1.0,0.0
2006-02-28,0.6,0.4,1.0,0.0,0.4,0.5,0.5027633013138373,0.0,1.0,0.0,1.0,0.0,1.0,0.0,0.5338423030251397,0.4661576969748604,1.0,0.0,0.6,0.4,1.0,0.0,1.0,0.0,1.0,0.0,1.0,0.0,1.0,0.0,0.0,0.0,1.0,0.0,1.0,0.0,0.7,0.0,1.0,0.0,0.1,0.0,0.0,0.0,1.0,0.0,1.0,0.0,0.7,0.0,0.7,0.0,0.6,0.0,1.0,0.0,0.7,0.0,1.0,0.0,0.0,0.0,0.0,0.0,0.6,0.0,0.6,0.0,0.6,0.0,1.0,0.0,0.7,0.0,0.0,0.0,0.0,0.0,0.0,0.0,0.6,0.0,0.6,0.0,0.1,0.5,0.0,0.0,0.7,0.0,0.0,0.0,0.8,0.0,0.0,0.0,0.1,0.5,0.1,0.5,0.7,0.0,0.7,0.0,0.2,0.6,1.0,0.0
2006-03-31,0.6,0.4,1.0,0.0,0.4,0.5,0.5736275395385904,0.0,1.0,0.0,1.0,0.0,1.0,0.0,0.5446517318349632,0.4553482681650369,1.0,0.0,0.6,0.4,1.0,0.0,1.0,0.0,1.0,0.0,1.0,0.0,1.0,0.0,0.0,0.0,1.0,0.0,1.0,0.0,0.7,0.0,1.0,0.0,0.1,0.0,0.0,0.0,1.0,0.0,1.0,0.0,0.7,0.0,0.7,0.0,0.6,0.0,1.0,0.0,0.7,0.0,1.0,0.0,0.0,0.0,0.0,0.0,0.6,0.0,0.6,0.0,0.6,0.0,1.0,0.0,0.7,0.0,0.0,0.0,0.0,0.0,0.0,0.0,0.6,0.0,0.6,0.0,0.1,0.5,0.0,0.0,0.7,0.0,0.0,0.0,0.8,0.0,0.0,0.0,0.1,0.5,0.1,0.5,0.7,0.0,0.7,0.0,0.6,0.4,0.0,0.6
2006-04-30,0.6,0.4,1.0,0.0,0.4,0.5,0.5783773467160468,0.0,1.0,0.0,1.0,0.0,1.0,0.0,0.5719360360875825,0.4280639639124175,1.0,0.0,0.6,0.4,1.0,0.0,1.0,0.0,1.0,0.0,1.0,0.0,1.0,0.0,0.0,0.0,1.0,0.0,1.0,0.0,0.7,0.0,1.0,0.0,0.1,0.0,0.0,0.0,1.0,0.0,1.0,0.0,0.7,0.0,0.7,0.0,0.6,0.0,1.0,0.0,0.7,0.0,1.0,0.0,0.0,0.0,0.0,0.0,0.6,0.0,0.6,0.0,0.6,0.0,1.0,0.0,0.7,0.0,0.0,0.0,0.0,0.0,0.0,0.0,0.6,0.0,0.6,0.0,0.1,0.5,0.0,0.0,0.7,0.0,0.0,0.0,0.8,0.0,0.0,0.0,0.1,0.5,0.1,0.5,0.7,0.0,0.7,0.0,1.0,0.0,0.2,0.6
2006-05-31,0.6,0.4,1.0,0.0,0.4,0.5,0.2340756542678157,0.0,1.0,0.0,1.0,0.0,1.0,0.0,0.5641553318770698,0.4358446681229301,1.0,0.0,0.6,0.4,1.0,0.0,1.0,0.0,1.0,0.0,1.0,0.0,1.0,0.0,0.0,0.0,1.0,0.0,1.0,0.0,0.7,0.0,1.0,0.0,0.1,0.0,0.0,0.0,1.0,0.0,1.0,0.0,0.7,0.0,0.7,0.0,0.6,0.0,1.0,0.0,0.7,0.0,1.0,0.0,0.0,0.0,0.0,0.0,0.6,0.0,0.6,0.0,0.6,0.0,1.0,0.0,0.7,0.0,0.0,0.0,0.0,0.0,0.0,0.0,0.6,0.0,0.6,0.0,0.1,0.5,0.0,0.0,0.7,0.0,0.0,0.0,0.8,0.0,0.0,0.0,0.1,0.5,0.1,0.5,0.7,0.0,0.7,0.0,1.0,0.0,0.4,0.6
2006-06-30,0.6,0.4,1.0,0.0,0.4,0.5,0.13711207367671407,0.0,1.0,0.0,1.0,0.0,1.0,0.0,0.5628967334703583,0.4371032665296417,1.0,0.0,0.6,0.4,0.7,0.3,1.0,0.0,0.7,0.0,0.0,0.0,0.6,0.0,0.0,0.0,0.9,0.0,0.9,0.0,0.7,0.0,1.0,0.0,0.1,0.0,0.0,0.0,0.8,0.0,1.0,0.0,0.7,0.0,0.7,0.0,0.6,0.0,1.0,0.0,0.7,0.0,1.0,0.0,0.0,0.0,0.0,0.0,0.6,0.0,0.6,0.0,0.6,0.0,1.0,0.0,0.7,0.0,0.0,0.0,0.0,0.0,0.0,0.0,0.6,0.0,0.6,0.0,0.3,0.5,0.0,0.0,0.8,0.0,0.0,0.0,0.8,0.0,0.0,0.0,0.2,0.5,0.2,0.5,0.7,0.0,0.7,0.0,1.0,0.0,0.9,0.1
2006-07-31,0.6,0.4,1.0,0.0,0.4,0.5,0.1919561246323323,0.0,1.0,0.0,1.0,0.0,1.0,0.0,0.5195117652386366,0.48048823476136343,1.0,0.0,0.6,0.4,0.6,0.4,1.0,0.0,0.6,0.0,0.0,0.0,0.6,0.0,0.0,0.0,0.7,0.0,0.7,0.1,0.7,0.0,1.0,0.0,0.0,0.0,0.0,0.0,0.6,0.0,1.0,0.0,0.7,0.0,0.7,0.0,0.6,0.0,1.0,0.0,0.7,0.0,1.0,0.0,0.0,0.0,0.0,0.0,0.6,0.0,0.6,0.0,0.6,0.0,1.0,0.0,0.7,0.0,0.0,0.0,0.0,0.0,0.0,0.0,0.6,0.0,0.6,0.0,0.4,0.5,0.0,0.0,0.8,0.0,0.0,0.0,0.8,0.0,0.0,0.0,0.3,0.5,0.3,0.5,0.7,0.0,0.7,0.0,1.0,0.0,1.0,0.0
2006-08-31,0.6,0.4,1.0,0.0,0.4,0.5,0.5522717090622619,0.0,1.0,0.0,1.0,0.0,1.0,0.0,0.5218918060902248,0.47810819390977516,1.0,0.0,0.6,0.4,1.0,0.0,1.0,0.0,0.9,0.0,0.0,0.0,1.0,0.0,0.0,0.0,1.0,0.0,1.0,0.0,0.7,0.0,1.0,0.0,0.0,0.0,0.0,0.0,1.0,0.0,1.0,0.0,0.7,0.0,0.7,0.0,0.6,0.0,1.0,0.0,0.7,0.0,1.0,0.0,0.0,0.0,0.0,0.0,0.6,0.0,0.6,0.0,0.6,0.0,1.0,0.0,0.7,0.0,0.0,0.0,0.0,0.0,0.0,0.0,0.6,0.0,0.6,0.0,0.1,0.5,0.0,0.0,0.7,0.0,0.0,0.0,0.8,0.0,0.0,0.0,0.2,0.5,0.2,0.5,0.7,0.0,0.7,0.0,1.0,0.0,1.0,0.0
2006-09-30,0.6,0.4,1.0,0.0,0.4,0.5,0.5630610684228767,0.0,1.0,0.0,1.0,0.0,1.0,0.0,0.5112913643274937,0.48870863567250633,1.0,0.0,0.6,0.4,1.0,0.0,1.0,0.0,1.0,0.0,1.0,0.0,1.0,0.0,0.0,0.0,1.0,0.0,1.0,0.0,0.7,0.0,1.0,0.0,0.0,0.0,0.0,0.0,1.0,0.0,1.0,0.0,0.7,0.0,0.7,0.0,0.6,0.0,1.0,0.0,0.7,0.0,1.0,0.0,0.0,0.0,0.0,0.0,0.6,0.0,0.6,0.0,0.6,0.0,1.0,0.0,0.7,0.0,0.0,0.0,0.0,0.0,0.0,0.0,0.6,0.0,0.6,0.0,0.3,0.5,0.0,0.0,0.7,0.0,0.0,0.0,0.8,0.0,0.0,0.0,0.2,0.5,0.2,0.5,0.7,0.0,0.7,0.0,1.0,0.0,1.0,0.0
2006-10-31,0.6,0.4,1.0,0.0,0.4,0.5,0.6100310844700618,0.0,1.0,0.0,1.0,0.0,1.0,0.0,0.5176898142361821,0.4823101857638178,1.0,0.0,0.6,0.4,1.0,0.0,1.0,0.0,1.0,0.0,1.0,0.0,1.0,0.0,0.0,0.0,1.0,0.0,1.0,0.0,0.7,0.0,1.0,0.0,0.0,0.0,0.0,0.0,1.0,0.0,1.0,0.0,0.7,0.0,0.7,0.0,0.6,0.0,1.0,0.0,0.7,0.0,1.0,0.0,0.0,0.0,0.0,0.0,0.6,0.0,0.6,0.0,0.6,0.0,1.0,0.0,0.7,0.0,0.0,0.0,0.0,0.0,0.0,0.0,0.6,0.0,0.6,0.0,0.7,0.3,1.0,0.0,0.8,0.0,0.0,0.0,0.9,0.0,0.0,0.0,0.7,0.3,0.7,0.3,0.7,0.0,0.7,0.0,1.0,0.0,1.0,0.0
2006-11-30,0.6,0.4,1.0,0.0,0.4,0.5,0.4807159792149013,0.0,1.0,0.0,1.0,0.0,1.0,0.0,0.5178454333552577,0.4821545666447422,1.0,0.0,0.6,0.4,1.0,0.0,1.0,0.0,1.0,0.0,1.0,0.0,1.0,0.0,0.0,0.0,1.0,0.0,1.0,0.0,0.7,0.0,1.0,0.0,0.0,0.0,0.0,0.0,0.8,0.0,1.0,0.0,0.7,0.0,0.7,0.0,0.6,0.0,1.0,0.0,0.7,0.0,1.0,0.0,0.0,0.0,0.0,0.0,0.6,0.0,0.6,0.0,0.6,0.0,1.0,0.0,0.7,0.0,0.0,0.0,0.0,0.0,0.0,0.0,0.6,0.0,0.6,0.0,0.9,0.1,1.0,0.0,0.8,0.0,0.0,0.0,0.8,0.0,0.0,0.0,0.8,0.2,0.8,0.2,0.7,0.0,0.7,0.0,1.0,0.0,1.0,0.0
2006-12-31,0.6,0.4,1.0,0.0,0.4,0.5,0.8931096436827425,0.0,1.0,0.0,1.0,0.0,1.0,0.0,0.5305086297516537,0.4694913702483463,1.0,0.0,0.6,0.4,1.0,0.0,1.0,0.0,1.0,0.0,1.0,0.0,1.0,0.0,0.0,0.0,1.0,0.0,1.0,0.0,0.7,0.0,1.0,0.0,0.1,0.0,0.0,0.0,1.0,0.0,1.0,0.0,0.7,0.0,0.7,0.0,0.6,0.0,1.0,0.0,0.8,0.0,1.0,0.0,0.0,0.0,0.0,0.0,0.6,0.0,0.6,0.0,0.6,0.0,1.0,0.0,0.7,0.0,0.0,0.0,0.0,0.0,0.0,0.0,0.6,0.0,0.6,0.0,1.0,0.0,1.0,0.0,0.7,0.0,0.0,0.0,0.8,0.0,0.0,0.0,1.0,0.0,1.0,0.0,0.7,0.0,0.7,0.0,1.0,0.0,1.0,0.0
2007-01-31,0.6,0.4,1.0,0.0,0.4,0.5,0.6823007633965986,0.0,1.0,0.0,1.0,0.0,1.0,0.0,0.5312743288251554,0.4687256711748446,1.0,0.0,0.6,0.4,1.0,0.0,1.0,0.0,1.0,0.0,1.0,0.0,1.0,0.0,0.0,0.0,1.0,0.0,1.0,0.0,0.7,0.0,1.0,0.0,0.1,0.0,0.0,0.0,1.0,0.0,1.0,0.0,0.7,0.0,0.7,0.0,0.6,0.0,1.0,0.0,0.8,0.0,1.0,0.0,0.0,0.0,0.0,0.0,0.6,0.0,0.6,0.0,0.6,0.0,1.0,0.0,0.7,0.0,0.0,0.0,0.0,0.0,0.0,0.0,0.6,0.0,0.6,0.0,1.0,0.0,1.0,0.0,0.7,0.0,0.0,0.0,0.8,0.0,0.0,0.0,1.0,0.0,1.0,0.0,0.7,0.0,0.7,0.0,1.0,0.0,1.0,0.0
2007-02-28,0.6,0.4,1.0,0.0,0.4,0.5,0.23876175826488444,0.0,1.0,0.0,1.0,0.0,1.0,0.0,0.5301241205104696,0.4698758794895303,1.0,0.0,0.6,0.4,1.0,0.0,1.0,0.0,1.0,0.0,1.0,0.0,1.0,0.0,0.0,0.0,1.0,0.0,1.0,0.0,0.7,0.0,1.0,0.0,0.1,0.0,0.0,0.0,0.1,0.0,1.0,0.0,0.7,0.0,0.7,0.0,0.6,0.0,1.0,0.0,0.8,0.0,1.0,0.0,0.0,0.0,0.0,0.0,0.6,0.0,0.6,0.0,0.6,0.0,1.0,0.0,0.7,0.0,0.0,0.0,0.0,0.0,0.0,0.0,0.6,0.0,0.6,0.0,0.9,0.1,1.0,0.0,0.7,0.0,0.0,0.0,0.8,0.0,0.0,0.0,1.0,0.0,1.0,0.0,0.7,0.0,0.7,0.0,1.0,0.0,0.9,0.1
2007-03-31,0.6,0.4,1.0,0.0,0.4,0.5,0.213267302023568,0.0,1.0,0.0,1.0,0.0,1.0,0.0,0.5344715623612846,0.4655284376387154,1.0,0.0,0.6,0.4,1.0,0.0,1.0,0.0,1.0,0.0,1.0,0.0,0.9,0.0,0.0,0.0,1.0,0.0,1.0,0.0,0.7,0.0,1.0,0.0,0.1,0.0,0.0,0.0,0.0,0.0,0.0,0.0,0.7,0.0,0.7,0.0,0.6,0.0,1.0,0.0,0.8,0.0,1.0,0.0,0.0,0.0,0.0,0.0,0.6,0.0,0.6,0.0,0.6,0.0,1.0,0.0,0.7,0.0,0.0,0.0,0.0,0.0,0.0,0.0,0.6,0.0,0.6,0.0,1.0,0.0,1.0,0.0,0.7,0.0,0.0,0.0,0.8,0.0,0.0,0.0,1.0,0.0,1.0,0.0,0.7,0.0,0.7,0.0,1.0,0.0,1.0,0.0
2007-04-30,0.6,0.4,1.0,0.0,0.4,0.5,0.5846861665956141,0.0,1.0,0.0,1.0,0.0,1.0,0.0,0.509046602234925,0.490953397765075,1.0,0.0,0.6,0.4,1.0,0.0,1.0,0.0,1.0,0.0,1.0,0.0,1.0,0.0,0.0,0.0,1.0,0.0,1.0,0.0,0.7,0.0,1.0,0.0,0.1,0.0,0.0,0.0,0.0,0.0,0.0,0.0,0.7,0.0,0.7,0.0,0.6,0.0,1.0,0.0,0.8,0.0,1.0,0.0,0.0,0.0,0.0,0.0,0.6,0.0,0.6,0.0,0.6,0.0,1.0,0.0,0.7,0.0,0.0,0.0,0.0,0.0,0.0,0.0,0.6,0.0,0.6,0.0,1.0,0.0,1.0,0.0,0.8,0.0,0.0,0.0,0.8,0.0,0.0,0.0,1.0,0.0,1.0,0.0,0.7,0.0,0.7,0.0,1.0,0.0,1.0,0.0
2007-05-31,0.6,0.4,1.0,0.0,0.4,0.5,0.45044750557700153,0.0,1.0,0.0,1.0,0.0,1.0,0.0,0.5079048614170087,0.4920951385829912,1.0,0.0,0.6,0.4,1.0,0.0,1.0,0.0,1.0,0.0,1.0,0.0,1.0,0.0,0.0,0.0,1.0,0.0,1.0,0.0,0.7,0.0,1.0,0.0,0.1,0.0,0.0,0.0,0.7,0.0,1.0,0.0,0.7,0.0,0.7,0.0,0.6,0.0,1.0,0.0,0.8,0.0,1.0,0.0,0.0,0.0,0.0,0.0,0.6,0.0,0.6,0.0,0.6,0.0,1.0,0.0,0.7,0.0,0.0,0.0,0.0,0.0,0.0,0.0,0.6,0.0,0.6,0.0,1.0,0.0,1.0,0.0,0.7,0.0,0.0,0.0,0.8,0.0,0.0,0.0,1.0,0.0,1.0,0.0,0.7,0.0,0.7,0.0,1.0,0.0,1.0,0.0
2007-06-30,0.6,0.4,1.0,0.0,0.4,0.5,0.24486770826932835,0.0,1.0,0.0,1.0,0.0,1.0,0.0,0.5047206487126753,0.4952793512873247,1.0,0.0,0.6,0.4,1.0,0.0,1.0,0.0,1.0,0.0,1.0,0.0,1.0,0.0,0.0,0.0,1.0,0.0,1.0,0.0,0.7,0.0,1.0,0.0,0.1,0.0,0.0,0.0,1.0,0.0,1.0,0.0,0.7,0.0,0.7,0.0,0.6,0.0,1.0,0.0,0.8,0.0,1.0,0.0,0.0,0.0,0.0,0.0,0.6,0.0,0.6,0.0,0.6,0.0,1.0,0.0,0.7,0.0,0.0,0.0,0.0,0.0,0.0,0.0,0.6,0.0,0.6,0.0,1.0,0.0,1.0,0.0,0.7,0.0,0.0,0.0,0.8,0.0,0.0,0.0,1.0,0.0,1.0,0.0,0.7,0.0,0.7,0.0,1.0,0.0,1.0,0.0
2007-07-31,0.6,0.4,1.0,0.0,0.4,0.5,0.14751591400281605,0.0,1.0,0.0,1.0,0.0,1.0,0.0,0.5114643927091422,0.4885356072908577,1.0,0.0,0.6,0.4,0.8,0.2,1.0,0.0,0.7,0.0,0.0,0.0,0.6,0.0,0.0,0.0,1.0,0.0,1.0,0.0,0.7,0.0,1.0,0.0,0.1,0.0,0.0,0.0,0.2,0.0,1.0,0.0,0.7,0.0,0.7,0.0,0.6,0.0,1.0,0.0,0.8,0.0,1.0,0.0,0.0,0.0,0.0,0.0,0.6,0.0,0.6,0.0,0.6,0.0,1.0,0.0,0.7,0.0,0.0,0.0,0.0,0.0,0.0,0.0,0.6,0.0,0.6,0.0,0.9,0.1,1.0,0.0,0.7,0.0,0.0,0.0,0.7,0.0,0.0,0.0,1.0,0.0,1.0,0.0,0.7,0.0,0.7,0.0,1.0,0.0,0.8,0.2
2007-08-31,0.6,0.4,1.0,0.0,0.4,0.5,0.07084170462433496,0.0,1.0,0.0,1.0,0.0,1.0,0.0,0.5055455277262326,0.4944544722737674,0.0,0.0,0.0,0.0,0.0,0.8,0.0,0.0,0.1,0.6,0.0,0.0,0.1,0.5,0.0,0.0,0.0,0.7,0.0,0.8,0.7,0.0,1.0,0.0,0.1,0.0,0.0,0.0,0.0,0.0,0.0,0.0,0.7,0.0,0.7,0.0,0.6,0.0,1.0,0.0,0.8,0.0,1.0,0.0,0.0,0.0,0.0,0.0,0.6,0.0,0.6,0.0,0.6,0.0,1.0,0.0,0.7,0.0,0.0,0.0,0.0,0.0,0.0,0.0,0.6,0.0,0.6,0.0,1.0,0.0,1.0,0.0,0.7,0.0,0.0,0.0,0.8,0.0,0.0,0.0,1.0,0.0,1.0,0.0,0.7,0.0,0.7,0.0,1.0,0.0,1.0,0.0
2007-09-30,0.6,0.4,1.0,0.0,0.4,0.5,0.1868448558929205,0.0,1.0,0.0,1.0,0.0,1.0,0.0,0.501546172964843,0.49845382703515695,0.0,0.0,0.0,0.0,0.0,0.8,0.0,0.0,0.5,0.1,0.0,0.0,0.5,0.1,0.0,0.0,0.0,0.7,0.0,0.8,0.7,0.0,1.0,0.0,0.2,0.0,0.0,0.0,0.0,0.0,0.0,0.0,0.7,0.0,0.7,0.0,0.6,0.0,1.0,0.0,0.8,0.0,1.0,0.0,0.0,0.0,0.0,0.0,0.6,0.0,0.6,0.0,0.6,0.0,1.0,0.0,0.7,0.0,0.0,0.0,0.0,0.0,0.0,0.0,0.6,0.0,0.6,0.0,1.0,0.0,1.0,0.0,0.8,0.0,0.0,0.0,0.8,0.0,0.0,0.0,1.0,0.0,1.0,0.0,0.7,0.0,0.7,0.0,1.0,0.0,1.0,0.0
2007-10-31,0.6,0.4,1.0,0.0,0.4,0.5,0.20126828339768182,0.0,1.0,0.0,1.0,0.0,1.0,0.0,0.5010080150937867,0.4989919849062134,1.0,0.0,0.6,0.4,0.0,0.8,0.0,0.0,0.6,0.0,0.0,0.0,0.6,0.0,0.0,0.0,0.0,0.7,0.0,0.8,0.7,0.0,1.0,0.0,0.3,0.0,0.0,0.0,0.2,0.0,1.0,0.0,0.7,0.0,0.7,0.0,0.6,0.0,1.0,0.0,0.8,0.0,1.0,0.0,0.0,0.0,0.0,0.0,0.6,0.0,0.6,0.0,0.6,0.0,1.0,0.0,0.7,0.0,0.0,0.0,0.0,0.0,0.0,0.0,0.6,0.0,0.6,0.0,1.0,0.0,1.0,0.0,0.8,0.0,0.0,0.0,0.9,0.0,0.0,0.0,1.0,0.0,1.0,0.0,0.7,0.0,0.7,0.0,0.4,0.6,1.0,0.0
2007-11-30,0.6,0.4,1.0,0.0,0.4,0.5,0.06472261388747307,0.0,1.0,0.0,1.0,0.0,1.0,0.0,0.4966671789006603,0.5033328210993397,1.0,0.0,0.6,0.4,0.0,0.9,0.0,0.0,0.0,0.7,0.0,0.0,0.0,0.6,0.0,0.0,0.0,0.8,0.0,0.8,0.7,0.0,1.0,0.0,0.5,0.0,0.0,0.0,0.0,0.0,0.0,0.0,0.7,0.0,0.7,0.0,0.6,0.0,1.0,0.0,0.8,0.0,1.0,0.0,0.0,0.0,0.0,0.0,0.6,0.0,0.6,0.0,0.6,0.0,1.0,0.0,0.7,0.0,0.0,0.0,0.0,0.0,0.0,0.0,0.6,0.0,0.6,0.0,0.1,0.5,0.0,0.0,0.6,0.0,0.0,0.0,0.6,0.0,0.0,0.0,0.2,0.3,0.2,0.4,0.4,0.6,0.7,0.0,0.6,0.4,0.1,0.6
2007-12-31,0.6,0.4,1.0,0.0,0.4,0.5,0.14616222088030226,0.0,0.0,0.0,0.0,1.0,1.0,0.0,0.49834322330150005,0.5016567766985,1.0,0.0,0.6,0.4,0.0,0.9,0.0,0.0,0.3,0.3,0.0,0.0,0.3,0.3,0.0,0.0,0.0,0.9,0.0,0.9,0.7,0.0,1.0,0.0,1.0,0.0,1.0,0.0,1.0,0.0,1.0,0.0,0.7,0.0,0.7,0.0,0.6,0.0,1.0,0.0,0.6,0.0,1.0,0.0,0.0,0.0,0.0,0.0,0.6,0.0,0.6,0.0,0.6,0.0,1.0,0.0,0.7,0.2,1.0,0.0,0.2,0.4,0.0,0.0,0.6,0.0,0.6,0.0,0.6,0.4,1.0,0.0,0.7,0.0,0.0,0.0,0.7,0.0,0.0,0.0,0.6,0.3,0.6,0.4,0.3,0.7,0.7,0.0,0.6,0.4,0.6,0.4
2008-01-31,0.6,0.4,1.0,0.0,0.4,0.5,0.07546232542564342,0.0,0.0,0.0,0.0,1.0,0.0,0.0,0.47525994502112445,0.5247400549788755,0.0,0.0,0.0,0.0,0.0,0.9,0.0,0.0,0.0,0.9,0.0,0.0,0.0,0.7,0.0,0.0,0.0,0.9,0.0,0.9,0.7,0.0,1.0,0.0,1.0,0.0,1.0,0.0,1.0,0.0,1.0,0.0,0.7,0.0,0.7,0.0,0.5,0.1,1.0,0.0,0.2,0.4,0.0,0.0,0.1,0.0,0.0,0.0,0.6,0.0,0.6,0.0,0.6,0.0,1.0,0.0,0.5,0.4,0.0,0.0,0.4,0.5,0.0,0.0,0.6,0.0,0.6,0.0,0.3,0.5,1.0,0.0,0.3,0.2,0.0,0.0,0.3,0.2,0.0,0.0,0.3,0.3,0.3,0.4,0.3,0.7,0.6,0.0,0.8,0.2,0.2,0.6
2008-02-29,0.6,0.4,1.0,0.0,0.4,0.5,0.10916001945645744,0.0,0.0,0.0,0.0,1.0,0.0,0.0,0.46774512542811325,0.5322548745718867,0.0,0.0,0.0,0.0,0.0,0.9,0.0,0.0,0.0,0.8,0.0,0.0,0.1,0.5,0.0,0.0,0.0,0.9,0.0,0.9,0.5,0.3,1.0,0.0,0.9,0.1,1.0,0.0,0.9,0.1,1.0,0.0,0.7,0.0,0.7,0.0,0.2,0.8,0.0,0.0,0.2,0.8,0.0,0.0,0.2,0.8,0.0,0.0,0.2,0.8,0.2,0.8,0.2,0.8,0.0,0.0,0.5,0.5,0.0,0.0,0.5,0.5,0.0,0.0,0.2,0.8,0.2,0.8,0.6,0.4,1.0,0.0,0.4,0.2,0.0,0.0,0.4,0.2,0.0,0.0,0.6,0.3,0.6,0.4,0.3,0.7,0.3,0.7,0.8,0.2,0.6,0.4
2008-03-31,0.6,0.4,1.0,0.0,0.4,0.5,0.05519031239860076,0.0,0.0,0.0,0.0,1.0,0.0,0.0,0.4685466259673992,0.5314533740326007,0.0,0.0,0.0,0.0,0.0,0.9,0.0,0.0,0.0,1.0,0.0,0.0,0.0,1.0,0.0,0.0,0.0,0.9,0.0,0.9,0.1,0.9,0.0,0.0,0.1,0.9,0.0,0.0,0.2,0.8,0.0,0.0,0.1,0.9,0.1,0.9,0.2,0.8,0.0,0.0,0.4,0.6,0.0,0.0,0.5,0.5,0.0,0.0,0.2,0.8,0.2,0.8,0.2,0.8,0.0,0.0,0.6,0.4,0.0,0.0,0.5,0.5,0.0,0.0,0.2,0.8,0.2,0.8,0.9,0.1,1.0,0.0,0.6,0.1,0.0,0.0,0.6,0.1,0.0,0.0,0.9,0.1,0.9,0.1,0.3,0.7,0.3,0.7,0.5,0.5,0.9,0.1
2008-04-30,0.6,0.4,1.0,0.0,0.4,0.5,0.1249944083915634,0.0,0.0,0.0,0.0,1.0,0.0,0.0,0.4651589392665092,0.5348410607334907,0.0,0.0,0.0,0.0,0.0,0.9,0.0,0.0,0.0,1.0,0.0,0.0,0.0,1.0,0.0,0.0,0.0,0.9,0.0,0.9,0.1,0.9,0.0,0.0,0.1,0.9,0.0,0.0,0.2,0.8,0.0,0.0,0.1,0.9,0.1,0.9,0.2,0.8,0.0,0.0,0.7,0.3,0.0,0.0,0.6,0.4,0.0,0.0,0.2,0.8,0.2,0.8,0.2,0.8,0.0,0.0,0.5,0.4,0.0,0.0,0.5,0.5,0.0,0.0,0.2,0.8,0.2,0.8,0.7,0.3,1.0,0.0,0.6,0.0,0.0,0.0,0.6,0.0,0.0,0.0,0.9,0.1,0.9,0.1,0.3,0.7,0.3,0.7,0.4,0.6,0.7,0.3
2008-05-31,0.6,0.4,1.0,0.0,0.4,0.5,0.22726849191189913,0.0,0.0,0.0,0.0,1.0,0.0,0.0,0.4674607791428573,0.5325392208571428,0.0,0.0,0.0,0.0,0.0,0.9,0.0,0.0,0.3,0.3,0.0,0.0,0.4,0.2,0.0,0.0,0.0,0.9,0.0,0.9,0.1,0.9,0.0,0.0,0.1,0.9,0.0,0.0,0.2,0.8,0.0,0.0,0.1,0.9,0.1,0.9,0.2,0.8,0.0,0.0,0.7,0.3,0.0,0.0,0.7,0.3,0.0,0.0,0.2,0.8,0.2,0.8,0.2,0.8,0.0,0.0,0.6,0.4,0.0,0.0,0.5,0.5,0.0,0.0,0.2,0.8,0.2,0.8,0.9,0.1,1.0,0.0,0.7,0.0,0.0,0.0,0.7,0.0,0.0,0.0,0.9,0.1,0.9,0.1,0.3,0.7,0.3,0.7,0.1,0.6,1.0,0.0
2008-06-30,0.6,0.4,1.0,0.0,0.4,0.5,0.10732688563684224,0.0,0.0,0.0,0.0,1.0,0.0,0.0,0.433845107120005,0.566154892879995,0.0,0.0,0.0,0.0,0.0,0.9,0.0,0.0,0.2,0.4,0.0,0.0,0.3,0.3,0.0,0.0,0.0,0.9,0.0,0.9,0.1,0.9,0.0,0.0,0.1,0.9,0.0,0.0,0.2,0.8,0.0,0.0,0.1,0.9,0.1,0.9,0.2,0.8,0.0,0.0,0.7,0.3,0.0,0.0,0.7,0.3,0.0,0.0,0.2,0.8,0.2,0.8,0.2,0.8,0.0,0.0,0.5,0.4,0.0,0.0,0.5,0.5,0.0,0.0,0.2,0.8,0.2,0.8,0.2,0.5,1.0,0.0,0.1,0.5,0.0,0.0,0.1,0.5,0.0,0.0,0.2,0.3,0.2,0.4,0.3,0.7,0.3,0.7,0.2,0.6,0.1,0.6
2008-07-31,0.6,0.4,1.0,0.0,0.4,0.5,0.08072330038620437,0.0,0.0,0.0,0.0,1.0,0.0,0.0,0.43238521198071056,0.5676147880192893,0.0,0.0,0.0,0.0,0.0,0.9,0.0,0.0,0.0,0.8,0.0,0.0,0.1,0.5,0.0,0.0,0.0,0.9,0.0,0.9,0.1,0.9,0.0,0.0,0.1,0.9,0.0,0.0,0.2,0.8,0.0,0.0,0.1,0.9,0.1,0.9,0.2,0.8,0.0,0.0,0.7,0.3,0.0,0.0,0.7,0.3,0.0,0.0,0.2,0.8,0.2,0.8,0.2,0.8,0.0,0.0,0.3,0.6,0.0,0.0,0.3,0.7,0.0,0.0,0.2,0.8,0.2,0.8,0.6,0.4,1.0,0.0,0.3,0.3,0.0,0.0,0.3,0.3,0.0,0.0,0.6,0.3,0.6,0.4,0.3,0.7,0.3,0.7,0.1,0.6,0.6,0.4
2008-08-31,0.6,0.4,1.0,0.0,0.4,0.5,0.10604307517323153,0.0,0.0,0.0,0.0,1.0,0.0,0.0,0.42907174192550374,0.5709282580744962,0.0,0.0,0.0,0.0,0.0,0.9,0.0,0.0,0.0,0.8,0.0,0.0,0.1,0.5,0.0,0.0,0.0,0.9,0.0,0.9,0.1,0.9,0.0,0.0,0.1,0.9,0.0,0.0,0.2,0.8,0.0,0.0,0.1,0.9,0.1,0.9,0.2,0.8,0.0,0.0,0.7,0.3,0.0,0.0,0.7,0.3,0.0,0.0,0.2,0.8,0.2,0.8,0.2,0.8,0.0,0.0,0.4,0.6,0.0,0.0,0.4,0.6,0.0,0.0,0.2,0.8,0.2,0.8,0.8,0.2,1.0,0.0,0.5,0.1,0.0,0.0,0.5,0.1,0.0,0.0,0.8,0.2,0.8,0.2,0.3,0.7,0.3,0.7,0.0,0.6,0.8,0.2
2008-09-30,0.6,0.4,1.0,0.0,0.4,0.5,0.015654885330023353,0.0,0.0,0.0,0.0,1.0,0.0,0.0,0.3879866727072139,0.6120133272927861,0.0,0.0,0.0,0.0,0.0,0.9,0.0,0.0,0.0,1.0,0.0,0.0,0.0,1.0,0.0,0.0,0.0,0.9,0.0,0.9,0.1,0.9,0.0,0.0,0.1,0.9,0.0,0.0,0.2,0.8,0.0,0.0,0.1,0.9,0.1,0.9,0.2,0.8,0.0,0.0,0.6,0.4,0.0,0.0,0.6,0.4,0.0,0.0,0.2,0.8,0.2,0.8,0.2,0.8,0.0,0.0,0.1,0.9,0.0,0.0,0.1,0.9,0.0,0.0,0.2,0.8,0.2,0.8,0.1,0.5,0.0,0.0,0.0,1.0,0.0,0.0,0.0,1.0,0.0,0.0,0.2,0.4,0.2,0.4,0.3,0.7,0.3,0.7,0.0,0.6,0.1,0.6
2008-10-31,0.6,0.4,1.0,0.0,0.4,0.5,0.006316872003981792,0.0,0.0,0.0,0.0,1.0,0.0,0.0,0.33369998649492705,0.6663000135050731,0.0,0.0,0.0,0.0,0.0,0.9,0.0,0.0,0.0,1.0,0.0,0.0,0.0,1.0,0.0,0.0,0.0,0.9,0.0,0.9,0.1,0.9,0.0,0.0,0.1,0.9,0.0,0.0,0.2,0.8,0.0,0.0,0.1,0.9,0.1,0.9,0.2,0.8,0.0,0.0,0.1,0.5,0.0,0.0,0.1,0.6,0.0,0.0,0.2,0.8,0.2,0.8,0.2,0.8,0.0,0.0,0.1,0.9,0.0,0.0,0.1,0.9,0.0,0.0,0.2,0.8,0.2,0.8,0.0,0.5,0.0,0.0,0.0,1.0,0.0,0.0,0.0,1.0,0.0,0.0,0.0,0.5,0.0,0.5,0.3,0.7,0.3,0.7,0.0,0.6,0.0,0.6
2008-11-30,0.6,0.4,1.0,0.0,0.4,0.5,0.009836676251813344,0.0,0.0,0.0,0.0,1.0,0.0,0.0,0.41604972130795853,0.5839502786920414,0.0,0.0,0.0,0.0,0.0,0.9,0.0,0.0,0.0,1.0,0.0,0.0,0.0,1.0,0.0,0.0,0.0,0.9,0.0,0.9,0.1,0.9,0.0,0.0,0.1,0.9,0.0,0.0,0.2,0.8,0.0,0.0,0.1,0.9,0.1,0.9,0.2,0.8,0.0,0.0,0.1,0.5,0.0,0.0,0.1,0.6,0.0,0.0,0.2,0.8,0.2,0.8,0.2,0.8,0.0,0.0,0.1,0.9,0.0,0.0,0.1,0.9,0.0,0.0,0.2,0.8,0.2,0.8,0.0,0.5,0.0,0.0,0.4,0.2,0.0,0.0,0.4,0.2,0.0,0.0,0.0,0.5,0.0,0.5,0.3,0.7,0.3,0.7,0.0,0.6,0.0,0.6
2008-12-31,0.6,0.4,1.0,0.0,0.4,0.6,0.015576315653194353,0.0,0.0,0.0,0.0,1.0,0.0,0.0,0.43788656994917596,0.562113430050824,0.0,0.0,0.0,0.0,0.0,1.0,0.0,0.0,0.0,1.0,0.0,0.0,0.0,1.0,0.0,0.0,0.0,1.0,0.0,1.0,0.1,0.9,0.0,0.0,0.0,1.0,0.0,0.0,0.0,1.0,0.0,0.0,0.1,0.9,0.1,0.9,0.2,0.8,0.0,0.0,0.2,0.8,0.0,0.0,0.0,1.0,0.0,0.0,0.2,0.8,0.2,0.8,0.2,0.8,0.0,0.0,0.0,1.0,0.0,0.0,0.1,0.9,0.0,0.0,0.2,0.8,0.2,0.8,0.0,0.6,0.0,0.0,0.6,0.2,0.0,0.0,0.0,0.6,0.0,0.0,0.0,0.6,0.0,0.6,0.3,0.7,0.3,0.7,0.0,0.6,0.0,0.6
2009-01-31,0.6,0.4,1.0,0.0,0.4,0.6,0.026942809089216743,0.0,0.0,0.0,0.0,1.0,0.0,0.0,0.46675822777110737,0.5332417722288926,0.0,0.0,0.0,0.0,0.0,1.0,0.0,0.0,0.0,1.0,0.0,0.0,0.0,1.0,0.0,0.0,0.0,1.0,0.0,1.0,0.1,0.9,0.0,0.0,0.0,1.0,0.0,0.0,0.0,1.0,0.0,0.0,0.1,0.9,0.1,0.9,0.2,0.8,0.0,0.0,0.2,0.8,0.0,0.0,0.0,1.0,0.0,0.0,0.2,0.8,0.2,0.8,0.2,0.8,0.0,0.0,0.0,1.0,0.0,0.0,0.1,0.9,0.0,0.0,0.2,0.8,0.2,0.8,0.0,0.6,0.0,0.0,0.6,0.2,0.0,0.0,0.0,0.6,0.0,0.0,0.0,0.6,0.0,0.6,0.3,0.7,0.3,0.7,0.0,0.6,0.0,0.6
2009-02-28,0.6,0.4,1.0,0.0,0.4,0.6,0.033965841441487246,0.0,0.0,0.0,0.0,1.0,0.0,0.0,0.45378963283974183,0.5462103671602581,0.0,0.0,0.0,0.0,0.0,1.0,0.0,0.0,0.0,1.0,0.0,0.0,0.0,1.0,0.0,0.0,0.0,1.0,0.0,1.0,0.1,0.9,0.0,0.0,0.0,1.0,0.0,0.0,0.0,1.0,0.0,0.0,0.1,0.9,0.1,0.9,0.2,0.8,0.0,0.0,0.2,0.8,0.0,0.0,0.0,1.0,0.0,0.0,0.2,0.8,0.2,0.8,0.2,0.8,0.0,0.0,0.0,1.0,0.0,0.0,0.1,0.9,0.0,0.0,0.2,0.8,0.2,0.8,0.0,0.6,0.0,0.0,0.1,0.5,0.0,0.0,0.0,0.6,0.0,0.0,0.0,0.6,0.0,0.6,0.3,0.7,0.3,0.7,0.0,0.6,0.0,0.6
2009-03-31,0.6,0.4,1.0,0.0,0.4,0.6,0.01550377600578686,0.0,0.0,0.0,0.0,1.0,0.0,0.0,0.43911741568758694,0.5608825843124131,0.0,0.0,0.0,0.0,0.0,1.0,0.0,0.0,0.0,1.0,0.0,0.0,0.0,1.0,0.0,0.0,0.0,1.0,0.0,1.0,0.1,0.9,0.0,0.0,0.0,1.0,0.0,0.0,0.0,1.0,0.0,0.0,0.1,0.9,0.1,0.9,0.2,0.8,0.0,0.0,0.2,0.8,0.0,0.0,0.0,1.0,0.0,0.0,0.2,0.8,0.2,0.8,0.2,0.8,0.0,0.0,0.0,1.0,0.0,0.0,0.1,0.9,0.0,0.0,0.2,0.8,0.2,0.8,0.0,0.6,0.0,0.0,0.5,0.2,0.0,0.0,0.0,0.6,0.0,0.0,0.0,0.6,0.0,0.6,0.3,0.7,0.3,0.7,0.0,0.6,0.0,0.6
2009-04-30,0.6,0.4,1.0,0.0,0.4,0.6,0.03970266701458184,0.0,0.0,0.0,0.0,1.0,0.0,0.0,0.4333672461117609,0.5666327538882391,0.0,0.0,0.0,0.0,0.0,1.0,0.0,0.0,0.0,1.0,0.0,0.0,0.0,1.0,0.0,0.0,0.0,1.0,0.0,1.0,0.1,0.9,0.0,0.0,0.0,1.0,0.0,0.0,0.0,1.0,0.0,0.0,0.1,0.9,0.1,0.9,0.2,0.8,0.0,0.0,0.2,0.8,0.0,0.0,0.0,1.0,0.0,0.0,0.2,0.8,0.2,0.8,0.2,0.8,0.0,0.0,0.0,1.0,0.0,0.0,0.1,0.9,0.0,0.0,0.2,0.8,0.2,0.8,0.0,0.6,0.0,0.0,0.5,0.2,0.0,0.0,0.0,0.6,0.0,0.0,0.0,0.6,0.0,0.6,0.3,0.7,0.3,0.7,0.1,0.6,0.0,0.6
2009-05-31,0.6,0.4,1.0,0.0,0.4,0.6,0.049126928716842995,0.0,1.0,0.0,1.0,0.0,0.0,0.0,0.4321810651043129,0.567818934895687,0.0,0.0,0.0,0.0,0.0,1.0,0.0,0.0,0.0,1.0,0.0,0.0,0.0,1.0,0.0,0.0,0.0,1.0,0.0,1.0,0.1,0.9,0.0,0.0,0.0,1.0,0.0,0.0,0.0,1.0,0.0,0.0,0.1,0.9,0.1,0.9,0.2,0.8,0.0,0.0,0.2,0.8,0.0,0.0,0.0,1.0,0.0,0.0,0.2,0.8,0.2,0.8,0.2,0.8,0.0,0.0,0.0,1.0,0.0,0.0,0.1,0.9,0.0,0.0,0.2,0.8,0.2,0.8,0.0,0.6,0.0,0.0,0.5,0.2,0.0,0.0,0.0,0.6,0.0,0.0,0.0,0.6,0.0,0.6,0.3,0.7,0.3,0.7,0.7,0.3,0.0,0.6
2009-06-30,0.6,0.4,1.0,0.0,0.4,0.6,0.08814602044461725,0.0,1.0,0.0,1.0,0.0,0.0,0.0,0.43211179286343704,0.5678882071365631,0.0,0.0,0.0,0.0,0.0,1.0,0.0,0.0,0.0,1.0,0.0,0.0,0.0,1.0,0.0,0.0,0.0,1.0,0.0,1.0,0.1,0.9,0.0,0.0,0.0,1.0,0.0,0.0,0.0,1.0,0.0,0.0,0.1,0.9,0.1,0.9,0.2,0.8,0.0,0.0,0.2,0.8,0.0,0.0,0.0,1.0,0.0,0.0,0.2,0.8,0.2,0.8,0.2,0.8,0.0,0.0,0.0,1.0,0.0,0.0,0.1,0.9,0.0,0.0,0.2,0.8,0.2,0.8,0.1,0.6,1.0,0.0,0.5,0.2,0.0,0.0,0.0,0.5,0.0,0.0,0.1,0.6,0.1,0.6,0.3,0.7,0.3,0.7,0.8,0.2,0.3,0.6
2009-07-31,0.6,0.4,1.0,0.0,0.4,0.6,0.08352390407818329,0.0,1.0,0.0,1.0,0.0,0.0,0.0,0.42453341541698586,0.575466584583014,0.0,0.0,0.0,0.0,0.0,1.0,0.0,0.0,0.0,1.0,0.0,0.0,0.0,1.0,0.0,0.0,0.0,1.0,0.0,1.0,0.1,0.9,0.0,0.0,0.0,1.0,0.0,0.0,0.0,1.0,0.0,0.0,0.1,0.9,0.1,0.9,0.2,0.8,0.0,0.0,0.2,0.8,0.0,0.0,0.0,1.0,0.0,0.0,0.2,0.8,0.2,0.8,0.2,0.8,0.0,0.0,0.0,1.0,0.0,0.0,0.1,0.9,0.0,0.0,0.2,0.8,0.2,0.8,0.2,0.6,1.0,0.0,0.5,0.3,0.0,0.0,0.0,0.5,0.0,0.0,0.2,0.6,0.2,0.6,0.3,0.7,0.3,0.7,1.0,0.0,0.5,0.5
2009-08-31,0.6,0.4,1.0,0.0,0.4,0.6,0.13763928885001264,0.0,1.0,0.0,1.0,0.0,0.0,0.0,0.42341371169016345,0.5765862883098366,1.0,0.0,0.6,0.4,0.0,1.0,0.0,0.0,0.0,1.0,0.0,0.0,0.0,0.9,0.0,0.0,0.0,1.0,0.0,1.0,0.1,0.9,0.0,0.0,0.0,1.0,0.0,0.0,0.0,1.0,0.0,0.0,0.1,0.9,0.1,0.9,0.2,0.8,0.0,0.0,0.2,0.8,0.0,0.0,0.4,0.6,0.0,0.0,0.2,0.8,0.2,0.8,0.2,0.8,0.0,0.0,0.5,0.5,1.0,0.0,0.4,0.6,0.0,0.0,0.2,0.8,0.2,0.8,0.5,0.5,1.0,0.0,0.5,0.3,0.0,0.0,0.1,0.5,1.0,0.0,0.4,0.6,0.4,0.6,0.3,0.7,0.3,0.7,0.9,0.1,0.7,0.3
2009-09-30,0.6,0.4,1.0,0.0,0.4,0.6,0.1614933437325215,0.0,1.0,0.0,1.0,0.0,0.0,0.0,0.422111679909963,0.5778883200900369,1.0,0.0,0.6,0.4,0.0,1.0,0.0,0.0,0.1,0.5,0.0,0.0,0.3,0.3,0.0,0.0,0.0,1.0,0.0,1.0,0.1,0.9,0.0,0.0,0.0,1.0,0.0,0.0,0.0,1.0,0.0,0.0,0.1,0.9,0.1,0.9,0.2,0.8,0.0,0.0,0.2,0.8,0.0,0.0,0.6,0.4,0.0,0.0,0.2,0.8,0.2,0.8,0.2,0.8,0.0,0.0,0.5,0.5,1.0,0.0,0.5,0.5,0.0,0.0,0.2,0.8,0.2,0.8,0.8,0.2,1.0,0.0,0.5,0.3,0.0,0.0,0.4,0.3,1.0,0.0,0.7,0.3,0.7,0.3,0.3,0.7,0.3,0.7,0.7,0.3,0.9,0.1
2009-10-31,0.6,0.4,1.0,0.0,0.4,0.6,0.08040411595348608,0.0,1.0,0.0,1.0,0.0,1.0,0.0,0.4243300591273118,0.5756699408726883,1.0,0.0,0.6,0.4,0.0,1.0,0.0,0.0,0.0,0.8,0.0,0.0,0.1,0.5,0.0,0.0,0.0,1.0,0.0,1.0,0.1,0.9,0.0,0.0,0.0,1.0,0.0,0.0,0.0,1.0,0.0,0.0,0.1,0.9,0.1,0.9,0.2,0.8,0.0,0.0,0.2,0.8,0.0,0.0,0.6,0.4,0.0,0.0,0.2,0.8,0.2,0.8,0.2,0.8,0.0,0.0,0.5,0.5,1.0,0.0,0.5,0.5,0.0,0.0,0.2,0.8,0.2,0.8,0.9,0.1,1.0,0.0,0.5,0.2,0.0,0.0,0.7,0.2,1.0,0.0,0.8,0.2,0.8,0.2,0.3,0.7,0.3,0.7,0.3,0.6,1.0,0.0
2009-11-30,0.6,0.4,1.0,0.0,0.4,0.6,0.15187010651645977,0.0,1.0,0.0,1.0,0.0,1.0,0.0,0.4212388237876257,0.5787611762123743,1.0,0.0,0.6,0.4,0.0,1.0,0.0,0.0,0.3,0.3,0.0,0.0,0.4,0.2,0.0,0.0,0.0,1.0,0.0,1.0,0.1,0.9,0.0,0.0,0.0,1.0,0.0,0.0,0.0,1.0,0.0,0.0,0.1,0.9,0.1,0.9,0.2,0.8,0.0,0.0,0.2,0.8,0.0,0.0,0.6,0.4,0.0,0.0,0.2,0.8,0.2,0.8,0.2,0.8,0.0,0.0,0.5,0.5,1.0,0.0,0.5,0.5,0.0,0.0,0.2,0.8,0.2,0.8,0.9,0.1,1.0,0.0,0.5,0.3,0.0,0.0,0.8,0.2,1.0,0.0,0.8,0.2,0.8,0.2,0.3,0.7,0.3,0.7,0.0,0.6,1.0,0.0
2009-12-31,0.6,0.4,1.0,0.0,0.4,0.5,0.3354298266598583,0.0,1.0,0.0,1.0,0.0,1.0,0.0,0.4267226014090519,0.5732773985909481,1.0,0.0,0.6,0.4,0.0,0.8,0.0,0.0,0.6,0.0,0.0,0.0,0.6,0.1,0.0,0.0,0.0,0.8,0.0,0.8,0.1,0.9,0.0,0.0,0.2,0.8,0.0,0.0,0.2,0.8,0.0,0.0,0.1,0.9,0.1,0.9,0.2,0.8,0.0,0.0,0.7,0.3,0.0,0.0,0.7,0.3,0.0,0.0,0.2,0.8,0.2,0.8,0.2,0.8,0.0,0.0,0.6,0.4,1.0,0.0,0.5,0.5,0.0,0.0,0.2,0.8,0.2,0.8,0.0,0.5,0.0,0.0,0.4,0.2,1.0,0.0,0.3,0.3,1.0,0.0,0.0,0.4,0.0,0.4,0.3,0.7,0.3,0.7,0.0,0.6,0.0,0.6
2010-01-31,0.6,0.4,1.0,0.0,0.4,0.5,0.1699443803982775,0.0,1.0,0.0,1.0,0.0,1.0,0.0,0.42653327668577967,0.5734667233142203,1.0,0.0,0.6,0.4,0.0,0.8,0.0,0.0,0.6,0.0,0.0,0.0,0.5,0.1,0.0,0.0,0.0,0.8,0.0,0.8,0.1,0.9,0.0,0.0,0.2,0.8,0.0,0.0,0.2,0.8,0.0,0.0,0.1,0.9,0.1,0.9,0.2,0.8,0.0,0.0,0.7,0.3,0.0,0.0,0.7,0.3,0.0,0.0,0.2,0.8,0.2,0.8,0.2,0.8,0.0,0.0,0.6,0.4,1.0,0.0,0.5,0.5,0.0,0.0,0.2,0.8,0.2,0.8,0.0,0.5,0.0,0.0,0.4,0.2,1.0,0.0,0.2,0.3,1.0,0.0,0.0,0.4,0.0,0.4,0.3,0.7,0.3,0.7,0.0,0.6,0.0,0.6
2010-02-28,0.6,0.4,1.0,0.0,0.4,0.5,0.139787045456579,0.0,1.0,0.0,1.0,0.0,1.0,0.0,0.4239013991885796,0.5760986008114204,1.0,0.0,0.6,0.4,0.0,0.8,0.0,0.0,0.6,0.0,0.0,0.0,0.5,0.1,0.0,0.0,0.0,0.8,0.0,0.8,0.1,0.9,0.0,0.0,0.2,0.8,0.0,0.0,0.2,0.8,0.0,0.0,0.1,0.9,0.1,0.9,0.2,0.8,0.0,0.0,0.7,0.3,0.0,0.0,0.7,0.3,0.0,0.0,0.2,0.8,0.2,0.8,0.2,0.8,0.0,0.0,0.6,0.4,1.0,0.0,0.5,0.5,0.0,0.0,0.2,0.8,0.2,0.8,0.2,0.5,1.0,0.0,0.6,0.1,1.0,0.0,0.6,0.2,1.0,0.0,0.2,0.4,0.2,0.4,0.3,0.7,0.3,0.7,0.0,0.6,0.4,0.6
2010-03-31,0.6,0.4,1.0,0.0,0.4,0.5,0.4340880042167261,0.0,1.0,0.0,1.0,0.0,1.0,0.0,0.42015405878028617,0.5798459412197139,1.0,0.0,0.6,0.4,0.2,0.6,1.0,0.0,0.7,0.0,0.0,0.0,0.7,0.1,0.0,0.0,0.1,0.8,0.1,0.8,0.1,0.9,0.0,0.0,0.2,0.8,0.0,0.0,0.2,0.8,0.0,0.0,0.1,0.9,0.1,0.9,0.2,0.8,0.0,0.0,0.7,0.3,0.0,0.0,0.7,0.3,0.0,0.0,0.2,0.8,0.2,0.8,0.2,0.8,0.0,0.0,0.6,0.4,1.0,0.0,0.5,0.5,0.0,0.0,0.2,0.8,0.2,0.8,0.3,0.5,1.0,0.0,0.5,0.1,1.0,0.0,0.6,0.2,1.0,0.0,0.3,0.4,0.3,0.4,0.3,0.7,0.3,0.7,0.0,0.6,0.5,0.5
2010-04-30,0.6,0.4,1.0,0.0,0.4,0.5,0.1783405903010356,0.0,1.0,0.0,1.0,0.0,1.0,0.0,0.42244049881018947,0.5775595011898106,1.0,0.0,0.6,0.4,0.1,0.7,0.0,0.0,0.6,0.0,0.0,0.0,0.5,0.1,0.0,0.0,0.1,0.8,0.1,0.8,0.1,0.9,0.0,0.0,0.2,0.8,0.0,0.0,0.2,0.8,0.0,0.0,0.1,0.9,0.1,0.9,0.2,0.8,0.0,0.0,0.7,0.3,0.0,0.0,0.7,0.3,0.0,0.0,0.2,0.8,0.2,0.8,0.2,0.8,0.0,0.0,0.6,0.4,1.0,0.0,0.5,0.5,0.0,0.0,0.2,0.8,0.2,0.8,0.4,0.5,1.0,0.0,0.6,0.1,1.0,0.0,0.8,0.1,1.0,0.0,0.3,0.4,0.3,0.4,0.3,0.7,0.3,0.7,0.0,0.6,0.6,0.4
2010-05-31,0.6,0.4,1.0,0.0,0.4,0.5,0.0386018412313322,0.0,1.0,0.0,1.0,0.0,1.0,0.0,0.41951841034178333,0.5804815896582167,1.0,0.0,0.6,0.4,0.0,0.8,0.0,0.0,0.0,1.0,0.0,0.0,0.0,1.0,0.0,0.0,0.0,0.8,0.0,0.8,0.1,0.9,0.0,0.0,0.2,0.8,0.0,0.0,0.2,0.8,0.0,0.0,0.1,0.9,0.1,0.9,0.2,0.8,0.0,0.0,0.7,0.3,0.0,0.0,0.7,0.3,0.0,0.0,0.2,0.8,0.2,0.8,0.2,0.8,0.0,0.0,0.6,0.4,1.0,0.0,0.5,0.5,0.0,0.0,0.2,0.8,0.2,0.8,0.0,0.5,0.0,0.0,0.0,0.5,1.0,0.0,0.0,0.4,0.0,0.0,0.0,0.4,0.0,0.4,0.3,0.7,0.3,0.7,0.0,0.6,0.0,0.6
2010-06-30,0.6,0.4,1.0,0.0,0.4,0.5,0.05542522761091946,0.0,0.0,0.0,0.0,1.0,1.0,0.0,0.4190080719310822,0.5809919280689179,0.0,0.0,0.0,0.0,0.0,0.8,0.0,0.0,0.0,1.0,0.0,0.0,0.0,1.0,0.0,0.0,0.0,0.8,0.0,0.8,0.1,0.9,0.0,0.0,0.2,0.8,0.0,0.0,0.2,0.8,0.0,0.0,0.1,0.9,0.1,0.9,0.2,0.8,0.0,0.0,0.7,0.3,0.0,0.0,0.7,0.3,0.0,0.0,0.2,0.8,0.2,0.8,0.2,0.8,0.0,0.0,0.6,0.4,1.0,0.0,0.5,0.5,0.0,0.0,0.2,0.8,0.2,0.8,0.0,0.5,0.0,0.0,0.0,0.6,0.0,0.0,0.0,0.4,0.0,0.0,0.0,0.4,0.0,0.4,0.3,0.7,0.3,0.7,0.0,0.6,0.0,0.6
2010-07-31,0.6,0.4,1.0,0.0,0.4,0.5,0.089737517312546,0.0,1.0,0.0,1.0,0.0,1.0,0.0,0.4141598383130877,0.5858401616869122,0.0,0.0,0.0,0.0,0.0,0.8,0.0,0.0,0.0,1.0,0.0,0.0,0.0,1.0,0.0,0.0,0.0,0.8,0.0,0.8,0.1,0.9,0.0,0.0,0.2,0.8,0.0,0.0,0.2,0.8,0.0,0.0,0.1,0.9,0.1,0.9,0.2,0.8,0.0,0.0,0.7,0.3,0.0,0.0,0.7,0.3,0.0,0.0,0.2,0.8,0.2,0.8,0.2,0.8,0.0,0.0,0.6,0.4,1.0,0.0,0.5,0.5,0.0,0.0,0.2,0.8,0.2,0.8,0.0,0.5,0.0,0.0,0.1,0.6,1.0,0.0,0.0,0.4,0.0,0.0,0.0,0.4,0.0,0.4,0.3,0.7,0.3,0.7,0.0,0.6,0.0,0.6
2010-08-31,0.6,0.4,1.0,0.0,0.4,0.5,0.11290808072702206,0.0,0.0,0.0,0.0,1.0,1.0,0.0,0.4190421989129521,0.580957801087048,0.0,0.0,0.0,0.0,0.0,0.8,0.0,0.0,0.0,1.0,0.0,0.0,0.0,0.8,0.0,0.0,0.0,0.8,0.0,0.8,0.1,0.9,0.0,0.0,0.2,0.8,0.0,0.0,0.2,0.8,0.0,0.0,0.1,0.9,0.1,0.9,0.2,0.8,0.0,0.0,0.7,0.3,0.0,0.0,0.7,0.3,0.0,0.0,0.2,0.8,0.2,0.8,0.2,0.8,0.0,0.0,0.6,0.4,1.0,0.0,0.5,0.5,0.0,0.0,0.2,0.8,0.2,0.8,0.0,0.5,0.0,0.0,0.0,0.6,0.0,0.0,0.0,0.4,0.0,0.0,0.0,0.4,0.0,0.4,0.3,0.7,0.3,0.7,0.0,0.6,0.0,0.6
2010-09-30,0.6,0.4,1.0,0.0,0.4,0.5,0.13031765409788904,0.0,1.0,0.0,1.0,0.0,1.0,0.0,0.4127522450815354,0.5872477549184645,0.0,0.0,0.0,0.0,0.0,0.8,0.0,0.0,0.0,0.7,0.0,0.0,0.1,0.5,0.0,0.0,0.0,0.8,0.0,0.8,0.1,0.9,0.0,0.0,0.2,0.8,0.0,0.0,0.2,0.8,0.0,0.0,0.1,0.9,0.1,0.9,0.2,0.8,0.0,0.0,0.7,0.3,0.0,0.0,0.7,0.3,0.0,0.0,0.2,0.8,0.2,0.8,0.2,0.8,0.0,0.0,0.6,0.4,1.0,0.0,0.5,0.5,0.0,0.0,0.2,0.8,0.2,0.8,0.0,0.5,0.0,0.0,0.0,0.7,0.0,0.0,0.0,0.4,0.0,0.0,0.0,0.4,0.0,0.4,0.3,0.7,0.3,0.7,0.0,0.6,0.0,0.6
2010-10-31,0.6,0.4,1.0,0.0,0.4,0.5,0.28358582878316374,0.0,1.0,0.0,1.0,0.0,1.0,0.0,0.41449312304694436,0.5855068769530555,1.0,0.0,0.6,0.4,0.0,0.8,0.0,0.0,0.5,0.1,0.0,0.0,0.5,0.1,0.0,0.0,0.0,0.8,0.0,0.8,0.1,0.9,0.0,0.0,0.2,0.8,0.0,0.0,0.2,0.8,0.0,0.0,0.1,0.9,0.1,0.9,0.2,0.8,0.0,0.0,0.7,0.3,0.0,0.0,0.7,0.3,0.0,0.0,0.2,0.8,0.2,0.8,0.2,0.8,0.0,0.0,0.6,0.4,1.0,0.0,0.5,0.5,0.0,0.0,0.2,0.8,0.2,0.8,0.0,0.5,0.0,0.0,0.0,0.6,0.0,0.0,0.0,0.4,0.0,0.0,0.0,0.4,0.0,0.4,0.3,0.7,0.3,0.7,0.1,0.6,0.0,0.6
2010-11-30,0.6,0.4,1.0,0.0,0.4,0.5,0.18316759275907893,0.0,1.0,0.0,1.0,0.0,1.0,0.0,0.4141278511070005,0.5858721488929995,1.0,0.0,0.6,0.4,0.0,0.8,0.0,0.0,0.6,0.0,0.0,0.0,0.5,0.1,0.0,0.0,0.0,0.8,0.0,0.8,0.1,0.9,0.0,0.0,0.2,0.8,0.0,0.0,0.2,0.8,0.0,0.0,0.1,0.9,0.1,0.9,0.2,0.8,0.0,0.0,0.7,0.3,0.0,0.0,0.7,0.3,0.0,0.0,0.2,0.8,0.2,0.8,0.2,0.8,0.0,0.0,0.6,0.4,1.0,0.0,0.5,0.5,0.0,0.0,0.2,0.8,0.2,0.8,0.1,0.5,0.0,0.0,0.2,0.4,1.0,0.0,0.0,0.4,0.0,0.0,0.1,0.4,0.1,0.4,0.3,0.7,0.3,0.7,0.1,0.6,0.3,0.6
2010-12-31,0.6,0.4,1.0,0.0,0.4,0.5,0.4041614579276505,0.0,1.0,0.0,1.0,0.0,1.0,0.0,0.4134937149273719,0.5865062850726281,1.0,0.0,0.6,0.4,0.2,0.6,1.0,0.0,0.7,0.0,0.0,0.0,0.7,0.1,0.0,0.0,0.2,0.8,0.2,0.8,0.2,0.8,0.0,0.0,0.2,0.8,0.0,0.0,0.2,0.8,0.0,0.0,0.2,0.8,0.2,0.8,0.2,0.8,0.0,0.0,0.6,0.4,1.0,0.0,0.6,0.4,0.0,0.0,0.2,0.8,0.2,0.8,0.2,0.8,0.0,0.0,0.6,0.4,0.0,0.0,0.6,0.4,0.0,0.0,0.2,0.8,0.2,0.8,0.0,0.5,0.0,0.0,0.1,0.5,1.0,0.0,0.0,0.5,0.0,0.0,0.0,0.5,0.0,0.5,0.3,0.7,0.3,0.7,0.7,0.3,0.0,0.6
2011-01-31,0.6,0.4,1.0,0.0,0.4,0.5,0.33983407372289887,0.0,1.0,0.0,1.0,0.0,1.0,0.0,0.41710317645214606,0.5828968235478539,1.0,0.0,0.6,0.4,0.6,0.4,1.0,0.0,0.8,0.0,0.0,0.0,0.9,0.1,0.0,0.0,0.5,0.5,0.6,0.4,0.2,0.8,0.0,0.0,0.2,0.8,0.0,0.0,0.2,0.8,0.0,0.0,0.2,0.8,0.2,0.8,0.2,0.8,0.0,0.0,0.6,0.4,1.0,0.0,0.6,0.4,0.0,0.0,0.2,0.8,0.2,0.8,0.2,0.8,0.0,0.0,0.6,0.4,0.0,0.0,0.6,0.4,0.0,0.0,0.2,0.8,0.2,0.8,0.1,0.5,0.0,0.0,0.4,0.2,1.0,0.0,0.1,0.4,0.0,0.0,0.0,0.5,0.0,0.5,0.3,0.7,0.3,0.7,1.0,0.0,0.2,0.6
2011-02-28,0.6,0.4,1.0,0.0,0.4,0.5,0.2693600140134612,0.0,1.0,0.0,1.0,0.0,1.0,0.0,0.417313900391678,0.5826860996083221,1.0,0.0,0.6,0.4,0.8,0.2,1.0,0.0,0.7,0.0,0.0,0.0,0.9,0.1,0.0,0.0,0.8,0.2,0.8,0.2,0.2,0.8,0.0,0.0,0.2,0.8,0.0,0.0,0.2,0.8,0.0,0.0,0.2,0.8,0.2,0.8,0.2,0.8,0.0,0.0,0.6,0.4,1.0,0.0,0.6,0.4,0.0,0.0,0.2,0.8,0.2,0.8,0.2,0.8,0.0,0.0,0.6,0.4,0.0,0.0,0.6,0.4,0.0,0.0,0.2,0.8,0.2,0.8,0.4,0.5,1.0,0.0,0.6,0.1,1.0,0.0,0.3,0.4,1.0,0.0,0.4,0.5,0.4,0.5,0.3,0.7,0.3,0.7,1.0,0.0,0.7,0.3
2011-03-31,0.6,0.4,1.0,0.0,0.4,0.5,0.14376019221609113,0.0,1.0,0.0,1.0,0.0,1.0,0.0,0.417436364089151,0.582563635910849,1.0,0.0,0.6,0.4,0.4,0.5,1.0,0.0,0.6,0.1,0.0,0.0,0.5,0.2,0.0,0.0,0.5,0.2,0.5,0.3,0.2,0.8,0.0,0.0,0.2,0.8,0.0,0.0,0.2,0.8,0.0,0.0,0.2,0.8,0.2,0.8,0.2,0.8,0.0,0.0,0.6,0.4,1.0,0.0,0.6,0.4,0.0,0.0,0.2,0.8,0.2,0.8,0.2,0.8,0.0,0.0,0.6,0.4,0.0,0.0,0.6,0.4,0.0,0.0,0.2,0.8,0.2,0.8,0.9,0.1,1.0,0.0,0.7,0.1,1.0,0.0,0.6,0.2,1.0,0.0,0.8,0.2,0.8,0.2,0.3,0.7,0.3,0.7,0.8,0.2,1.0,0.0
2011-04-30,0.6,0.4,1.0,0.0,0.4,0.5,0.4725775040972215,0.0,1.0,0.0,1.0,0.0,1.0,0.0,0.41696941134551146,0.5830305886544884,1.0,0.0,0.6,0.4,1.0,0.0,1.0,0.0,0.8,0.0,0.0,0.0,0.9,0.1,0.0,0.0,1.0,0.0,1.0,0.0,0.2,0.8,0.0,0.0,0.2,0.8,0.0,0.0,0.2,0.8,0.0,0.0,0.2,0.8,0.2,0.8,0.2,0.8,0.0,0.0,0.6,0.4,1.0,0.0,0.6,0.4,0.0,0.0,0.2,0.8,0.2,0.8,0.2,0.8,0.0,0.0,0.6,0.4,0.0,0.0,0.6,0.4,0.0,0.0,0.2,0.8,0.2,0.8,1.0,0.0,1.0,0.0,0.6,0.1,1.0,0.0,0.8,0.1,1.0,0.0,0.9,0.1,0.9,0.1,0.3,0.7,0.3,0.7,0.3,0.6,1.0,0.0
2011-05-31,0.6,0.4,1.0,0.0,0.4,0.5,0.3131951956340163,0.0,1.0,0.0,1.0,0.0,1.0,0.0,0.41747204658616355,0.5825279534138365,1.0,0.0,0.6,0.4,1.0,0.0,1.0,0.0,0.8,0.0,0.0,0.0,1.0,0.0,0.0,0.0,1.0,0.0,1.0,0.0,0.2,0.8,0.0,0.0,0.2,0.8,0.0,0.0,0.2,0.8,0.0,0.0,0.2,0.8,0.2,0.8,0.2,0.8,0.0,0.0,0.6,0.4,1.0,0.0,0.6,0.4,0.0,0.0,0.2,0.8,0.2,0.8,0.2,0.8,0.0,0.0,0.6,0.4,0.0,0.0,0.6,0.4,0.0,0.0,0.2,0.8,0.2,0.8,0.7,0.3,1.0,0.0,0.6,0.1,1.0,0.0,0.7,0.2,1.0,0.0,0.8,0.1,0.8,0.2,0.3,0.7,0.3,0.7,0.2,0.6,0.7,0.3
2011-06-30,0.6,0.4,1.0,0.0,0.4,0.5,0.13934470400306745,0.0,1.0,0.0,1.0,0.0,1.0,0.0,0.42431606221230905,0.5756839377876909,1.0,0.0,0.6,0.4,0.7,0.3,1.0,0.0,0.6,0.1,0.0,0.0,0.5,0.2,0.0,0.0,0.9,0.0,0.9,0.0,0.2,0.8,0.0,0.0,0.2,0.8,0.0,0.0,0.2,0.8,0.0,0.0,0.2,0.8,0.2,0.8,0.2,0.8,0.0,0.0,0.6,0.4,1.0,0.0,0.6,0.4,0.0,0.0,0.2,0.8,0.2,0.8,0.2,0.8,0.0,0.0,0.6,0.4,0.0,0.0,0.6,0.4,0.0,0.0,0.2,0.8,0.2,0.8,0.9,0.1,1.0,0.0,0.6,0.1,1.0,0.0,0.9,0.1,1.0,0.0,0.9,0.1,0.8,0.2,0.3,0.7,0.3,0.7,0.0,0.6,0.9,0.1
2011-07-31,0.6,0.4,1.0,0.0,0.4,0.5,0.16800640640568146,0.0,1.0,0.0,1.0,0.0,1.0,0.0,0.42560825080609954,0.5743917491939005,1.0,0.0,0.6,0.4,0.5,0.4,1.0,0.0,0.6,0.0,0.0,0.0,0.5,0.1,0.0,0.0,0.6,0.0,0.6,0.2,0.2,0.8,0.0,0.0,0.2,0.8,0.0,0.0,0.2,0.8,0.0,0.0,0.2,0.8,0.2,0.8,0.2,0.8,0.0,0.0,0.6,0.4,1.0,0.0,0.6,0.4,0.0,0.0,0.2,0.8,0.2,0.8,0.2,0.8,0.0,0.0,0.6,0.4,0.0,0.0,0.6,0.4,0.0,0.0,0.2,0.8,0.2,0.8,0.2,0.5,1.0,0.0,0.5,0.2,1.0,0.0,0.6,0.2,1.0,0.0,0.3,0.3,0.3,0.4,0.3,0.7,0.3,0.7,0.0,0.6,0.3,0.6
2011-08-31,0.6,0.4,1.0,0.0,0.4,0.5,0.016163698912393824,0.0,0.0,0.0,0.0,1.0,1.0,0.0,0.43132889845934314,0.5686711015406568,0.0,0.0,0.0,0.0,0.0,0.9,0.0,0.0,0.0,1.0,0.0,0.0,0.0,1.0,0.0,0.0,0.0,0.8,0.0,0.8,0.2,0.8,0.0,0.0,0.2,0.8,0.0,0.0,0.2,0.8,0.0,0.0,0.2,0.8,0.2,0.8,0.2,0.8,0.0,0.0,0.6,0.4,1.0,0.0,0.6,0.4,0.0,0.0,0.2,0.8,0.2,0.8,0.2,0.8,0.0,0.0,0.5,0.5,0.0,0.0,0.6,0.4,0.0,0.0,0.2,0.8,0.2,0.8,0.0,0.5,0.0,0.0,0.0,0.7,0.0,0.0,0.0,0.5,0.0,0.0,0.0,0.5,0.0,0.5,0.3,0.7,0.3,0.7,0.0,0.6,0.0,0.6
2011-09-30,0.6,0.4,1.0,0.0,0.4,0.5,0.04566406262041823,0.0,0.0,0.0,0.0,1.0,1.0,0.0,0.43926137610917715,0.560738623890823,0.0,0.0,0.0,0.0,0.0,0.9,0.0,0.0,0.0,1.0,0.0,0.0,0.0,1.0,0.0,0.0,0.0,0.8,0.0,0.8,0.2,0.8,0.0,0.0,0.2,0.8,0.0,0.0,0.2,0.8,0.0,0.0,0.2,0.8,0.2,0.8,0.2,0.8,0.0,0.0,0.6,0.4,1.0,0.0,0.6,0.4,0.0,0.0,0.2,0.8,0.2,0.8,0.2,0.8,0.0,0.0,0.6,0.4,0.0,0.0,0.6,0.4,0.0,0.0,0.2,0.8,0.2,0.8,0.0,0.5,0.0,0.0,0.0,0.7,0.0,0.0,0.0,0.5,0.0,0.0,0.0,0.5,0.0,0.5,0.3,0.7,0.3,0.7,0.0,0.6,0.0,0.6
2011-10-31,0.6,0.4,1.0,0.0,0.4,0.5,0.040395360240903275,0.0,0.0,0.0,0.0,1.0,1.0,0.0,0.4583821418252567,0.5416178581747434,0.0,0.0,0.0,0.0,0.0,0.9,0.0,0.0,0.0,1.0,0.0,0.0,0.0,1.0,0.0,0.0,0.0,0.8,0.0,0.8,0.2,0.8,0.0,0.0,0.2,0.8,0.0,0.0,0.2,0.8,0.0,0.0,0.2,0.8,0.2,0.8,0.2,0.8,0.0,0.0,0.6,0.4,1.0,0.0,0.6,0.4,0.0,0.0,0.2,0.8,0.2,0.8,0.2,0.8,0.0,0.0,0.6,0.4,0.0,0.0,0.6,0.4,0.0,0.0,0.2,0.8,0.2,0.8,0.0,0.5,0.0,0.0,0.0,0.7,0.0,0.0,0.0,0.5,0.0,0.0,0.0,0.5,0.0,0.5,0.3,0.7,0.3,0.7,0.0,0.6,0.0,0.6
2011-11-30,0.6,0.4,1.0,0.0,0.4,0.5,0.04157941360557272,0.0,0.0,0.0,0.0,1.0,1.0,0.0,0.43704941076029974,0.5629505892397002,0.0,0.0,0.0,0.0,0.0,0.9,0.0,0.0,0.0,1.0,0.0,0.0,0.0,1.0,0.0,0.0,0.0,0.8,0.0,0.8,0.2,0.8,0.0,0.0,0.2,0.8,0.0,0.0,0.2,0.8,0.0,0.0,0.2,0.8,0.2,0.8,0.2,0.8,0.0,0.0,0.6,0.4,1.0,0.0,0.6,0.4,0.0,0.0,0.2,0.8,0.2,0.8,0.2,0.8,0.0,0.0,0.4,0.6,0.0,0.0,0.6,0.4,0.0,0.0,0.2,0.8,0.2,0.8,0.0,0.5,0.0,0.0,0.0,0.6,0.0,0.0,0.0,0.5,0.0,0.0,0.0,0.5,0.0,0.5,0.3,0.7,0.3,0.7,0.2,0.6,0.0,0.6
2011-12-31,0.6,0.4,1.0,0.0,0.4,0.6,0.10979969033044844,0.0,0.0,0.0,0.0,1.0,1.0,0.0,0.4218124720842902,0.5781875279157099,0.0,0.0,0.0,0.0,0.0,1.0,0.0,0.0,0.0,1.0,0.0,0.0,0.0,1.0,0.0,0.0,0.0,0.9,0.0,1.0,0.1,0.9,0.0,0.0,0.2,0.8,0.0,0.0,0.2,0.8,0.0,0.0,0.1,0.9,0.1,0.9,0.2,0.8,0.0,0.0,0.5,0.5,0.0,0.0,0.5,0.5,0.0,0.0,0.2,0.8,0.2,0.8,0.2,0.8,0.0,0.0,0.5,0.5,1.0,0.0,0.5,0.5,0.0,0.0,0.2,0.8,0.2,0.8,0.1,0.6,0.0,0.0,0.2,0.5,1.0,0.0,0.0,0.6,0.0,0.0,0.0,0.5,0.0,0.6,0.3,0.7,0.3,0.7,0.2,0.6,0.2,0.6
2012-01-31,0.6,0.4,1.0,0.0,0.4,0.6,0.4819374275184712,0.0,1.0,0.0,1.0,0.0,1.0,0.0,0.39690544508865516,0.6030945549113448,0.0,0.0,0.0,0.0,0.1,0.9,0.0,0.0,0.4,0.3,0.0,0.0,0.5,0.3,0.0,0.0,0.0,0.9,0.0,1.0,0.1,0.9,0.0,0.0,0.2,0.8,0.0,0.0,0.2,0.8,0.0,0.0,0.1,0.9,0.1,0.9,0.2,0.8,0.0,0.0,0.5,0.5,0.0,0.0,0.5,0.5,0.0,0.0,0.2,0.8,0.2,0.8,0.2,0.8,0.0,0.0,0.5,0.5,1.0,0.0,0.5,0.5,0.0,0.0,0.2,0.8,0.2,0.8,0.4,0.6,1.0,0.0,0.4,0.3,1.0,0.0,0.2,0.5,1.0,0.0,0.3,0.5,0.3,0.6,0.3,0.7,0.3,0.7,0.2,0.6,0.6,0.4
2012-02-29,0.6,0.4,1.0,0.0,0.4,0.6,0.4336021064881694,0.0,1.0,0.0,1.0,0.0,1.0,0.0,0.41617399492969204,0.5838260050703079,0.0,0.0,0.0,0.0,0.5,0.5,1.0,0.0,0.8,0.1,0.0,0.0,1.0,0.0,0.0,0.0,0.4,0.6,0.5,0.5,0.1,0.9,0.0,0.0,0.2,0.8,0.0,0.0,0.2,0.8,0.0,0.0,0.1,0.9,0.1,0.9,0.2,0.8,0.0,0.0,0.5,0.5,0.0,0.0,0.5,0.5,0.0,0.0,0.2,0.8,0.2,0.8,0.2,0.8,0.0,0.0,0.5,0.5,1.0,0.0,0.5,0.5,0.0,0.0,0.2,0.8,0.2,0.8,0.6,0.4,1.0,0.0,0.5,0.2,1.0,0.0,0.4,0.4,1.0,0.0,0.5,0.5,0.5,0.5,0.3,0.7,0.3,0.7,0.0,0.6,0.7,0.3
2012-03-31,0.6,0.4,1.0,0.0,0.4,0.6,0.2588551812128656,0.0,1.0,0.0,1.0,0.0,1.0,0.0,0.41787047766477226,0.5821295223352277,1.0,0.0,0.6,0.4,0.7,0.3,1.0,0.0,0.7,0.1,0.0,0.0,0.9,0.1,0.0,0.0,0.7,0.3,0.7,0.3,0.1,0.9,0.0,0.0,0.2,0.8,0.0,0.0,0.2,0.8,0.0,0.0,0.1,0.9,0.1,0.9,0.2,0.8,0.0,0.0,0.5,0.5,0.0,0.0,0.5,0.5,0.0,0.0,0.2,0.8,0.2,0.8,0.2,0.8,0.0,0.0,0.5,0.5,1.0,0.0,0.5,0.5,0.0,0.0,0.2,0.8,0.2,0.8,0.5,0.5,1.0,0.0,0.6,0.2,1.0,0.0,0.5,0.4,1.0,0.0,0.5,0.5,0.5,0.5,0.3,0.7,0.3,0.7,0.0,0.6,0.7,0.3
2012-04-30,0.6,0.4,1.0,0.0,0.4,0.6,0.18620340001859007,0.0,1.0,0.0,1.0,0.0,1.0,0.0,0.4154129651108433,0.5845870348891566,1.0,0.0,0.6,0.4,0.6,0.4,1.0,0.0,0.6,0.1,0.0,0.0,0.6,0.2,0.0,0.0,0.7,0.3,0.7,0.3,0.1,0.9,0.0,0.0,0.2,0.8,0.0,0.0,0.2,0.8,0.0,0.0,0.1,0.9,0.1,0.9,0.2,0.8,0.0,0.0,0.5,0.5,0.0,0.0,0.5,0.5,0.0,0.0,0.2,0.8,0.2,0.8,0.2,0.8,0.0,0.0,0.5,0.5,1.0,0.0,0.5,0.5,0.0,0.0,0.2,0.8,0.2,0.8,0.1,0.6,0.0,0.0,0.5,0.2,1.0,0.0,0.4,0.4,1.0,0.0,0.2,0.5,0.2,0.5,0.3,0.7,0.3,0.7,0.0,0.6,0.3,0.6
2012-05-31,0.6,0.4,1.0,0.0,0.4,0.6,0.20853871558466547,0.0,1.0,0.0,1.0,0.0,0.0,0.0,0.4139770219278719,0.586022978072128,0.0,0.0,0.0,0.0,0.6,0.4,1.0,0.0,0.6,0.1,0.0,0.0,0.6,0.2,0.0,0.0,0.7,0.3,0.7,0.3,0.1,0.9,0.0,0.0,0.2,0.8,0.0,0.0,0.2,0.8,0.0,0.0,0.1,0.9,0.1,0.9,0.2,0.8,0.0,0.0,0.5,0.5,0.0,0.0,0.5,0.5,0.0,0.0,0.2,0.8,0.2,0.8,0.2,0.8,0.0,0.0,0.5,0.5,1.0,0.0,0.5,0.5,0.0,0.0,0.2,0.8,0.2,0.8,0.0,0.6,0.0,0.0,0.0,0.8,0.0,0.0,0.0,0.6,0.0,0.0,0.0,0.6,0.0,0.6,0.3,0.7,0.3,0.7,0.4,0.6,0.0,0.6
2012-06-30,0.6,0.4,1.0,0.0,0.4,0.6,0.0914339614697798,0.0,1.0,0.0,1.0,0.0,1.0,0.0,0.41491236884426547,0.5850876311557346,0.0,0.0,0.0,0.0,0.0,0.9,0.0,0.0,0.4,0.3,0.0,0.0,0.4,0.3,0.0,0.0,0.1,0.8,0.1,0.8,0.1,0.9,0.0,0.0,0.2,0.8,0.0,0.0,0.2,0.8,0.0,0.0,0.1,0.9,0.1,0.9,0.2,0.8,0.0,0.0,0.5,0.5,0.0,0.0,0.5,0.5,0.0,0.0,0.2,0.8,0.2,0.8,0.2,0.8,0.0,0.0,0.5,0.5,1.0,0.0,0.5,0.5,0.0,0.0,0.2,0.8,0.2,0.8,0.0,0.6,0.0,0.0,0.1,0.6,1.0,0.0,0.0,0.6,0.0,0.0,0.0,0.6,0.0,0.6,0.3,0.7,0.3,0.7,0.9,0.1,0.1,0.6
2012-07-31,0.6,0.4,1.0,0.0,0.4,0.6,0.2086136941701989,0.0,1.0,0.0,1.0,0.0,1.0,0.0,0.42158421903841375,0.5784157809615863,1.0,0.0,0.6,0.4,0.1,0.9,0.0,0.0,0.6,0.1,0.0,0.0,0.5,0.2,0.0,0.0,0.1,0.8,0.1,0.8,0.1,0.9,0.0,0.0,0.2,0.8,0.0,0.0,0.3,0.7,0.0,0.0,0.1,0.9,0.1,0.9,0.2,0.8,0.0,0.0,0.5,0.5,0.0,0.0,0.5,0.5,0.0,0.0,0.2,0.8,0.2,0.8,0.2,0.8,0.0,0.0,0.5,0.5,1.0,0.0,0.5,0.5,0.0,0.0,0.2,0.8,0.2,0.8,0.1,0.6,1.0,0.0,0.4,0.3,1.0,0.0,0.1,0.5,0.0,0.0,0.1,0.6,0.1,0.6,0.3,0.7,0.3,0.7,1.0,0.0,0.3,0.6
2012-08-31,0.6,0.4,1.0,0.0,0.4,0.6,0.42046987216702236,0.0,1.0,0.0,1.0,0.0,1.0,0.0,0.4224992421973327,0.5775007578026673,1.0,0.0,0.6,0.4,0.4,0.6,1.0,0.0,0.7,0.1,0.0,0.0,0.7,0.2,0.0,0.0,0.3,0.7,0.4,0.6,0.2,0.8,0.0,0.0,0.5,0.5,1.0,0.0,0.9,0.1,0.0,0.0,0.1,0.9,0.1,0.9,0.2,0.8,0.0,0.0,0.5,0.5,0.0,0.0,0.5,0.5,0.0,0.0,0.2,0.8,0.2,0.8,0.2,0.8,0.0,0.0,0.5,0.5,1.0,0.0,0.5,0.5,0.0,0.0,0.2,0.8,0.2,0.8,0.6,0.4,1.0,0.0,0.6,0.2,1.0,0.0,0.4,0.4,1.0,0.0,0.5,0.5,0.5,0.5,0.3,0.7,0.3,0.7,1.0,0.0,0.8,0.2
2012-09-30,0.6,0.4,1.0,0.0,0.4,0.6,0.3126472685181795,0.0,1.0,0.0,1.0,0.0,1.0,0.0,0.4250769098790307,0.5749230901209694,1.0,0.0,0.6,0.4,0.8,0.2,1.0,0.0,0.7,0.1,0.0,0.0,0.8,0.2,0.0,0.0,0.7,0.3,0.7,0.3,0.2,0.8,0.0,0.0,0.7,0.3,1.0,0.0,1.0,0.0,0.0,0.0,0.1,0.9,0.1,0.9,0.2,0.8,0.0,0.0,0.5,0.5,0.0,0.0,0.5,0.5,0.0,0.0,0.2,0.8,0.2,0.8,0.2,0.8,0.0,0.0,0.5,0.5,1.0,0.0,0.5,0.5,0.0,0.0,0.2,0.8,0.2,0.8,0.9,0.1,1.0,0.0,0.6,0.2,1.0,0.0,0.7,0.2,1.0,0.0,0.8,0.2,0.8,0.2,0.3,0.7,0.3,0.7,1.0,0.0,1.0,0.0
2012-10-31,0.6,0.4,1.0,0.0,0.4,0.6,0.3696639427123315,0.0,1.0,0.0,1.0,0.0,1.0,0.0,0.4241430595290949,0.5758569404709051,1.0,0.0,0.6,0.4,1.0,0.0,1.0,0.0,0.8,0.1,0.0,0.0,1.0,0.0,0.0,0.0,1.0,0.0,1.0,0.0,0.2,0.8,0.0,0.0,0.8,0.2,1.0,0.0,1.0,0.0,0.0,0.0,0.1,0.9,0.1,0.9,0.2,0.8,0.0,0.0,0.5,0.5,0.0,0.0,0.5,0.5,0.0,0.0,0.2,0.8,0.2,0.8,0.2,0.8,0.0,0.0,0.5,0.5,1.0,0.0,0.5,0.5,0.0,0.0,0.2,0.8,0.2,0.8,1.0,0.0,1.0,0.0,0.6,0.2,1.0,0.0,0.9,0.1,1.0,0.0,0.9,0.1,0.9,0.1,0.3,0.7,0.3,0.7,1.0,0.0,1.0,0.0
2012-11-30,0.6,0.4,1.0,0.0,0.4,0.6,0.1729390404010412,0.0,1.0,0.0,1.0,0.0,1.0,0.0,0.4271926882483995,0.5728073117516005,1.0,0.0,0.6,0.4,0.9,0.1,1.0,0.0,0.6,0.1,0.0,0.0,0.6,0.2,0.0,0.0,1.0,0.0,1.0,0.0,0.2,0.8,0.0,0.0,0.8,0.2,1.0,0.0,1.0,0.0,0.0,0.0,0.1,0.9,0.1,0.9,0.2,0.8,0.0,0.0,0.5,0.5,0.0,0.0,0.5,0.5,0.0,0.0,0.2,0.8,0.2,0.8,0.2,0.8,0.0,0.0,0.5,0.5,1.0,0.0,0.5,0.5,0.0,0.0,0.2,0.8,0.2,0.8,1.0,0.0,1.0,0.0,0.6,0.2,1.0,0.0,1.0,0.0,1.0,0.0,1.0,0.0,1.0,0.0,0.3,0.7,0.3,0.7,1.0,0.0,1.0,0.0
2012-12-31,0.6,0.4,1.0,0.0,0.4,0.6,0.34942971001971584,0.0,1.0,0.0,1.0,0.0,1.0,0.0,0.4158993182266285,0.5841006817733715,1.0,0.0,0.6,0.4,1.0,0.0,1.0,0.0,0.7,0.1,0.0,0.0,0.8,0.2,0.0,0.0,1.0,0.0,1.0,0.0,0.2,0.8,0.0,0.0,0.7,0.3,1.0,0.0,1.0,0.0,0.0,0.0,0.2,0.8,0.2,0.8,0.2,0.8,0.0,0.0,0.6,0.4,0.0,0.0,0.5,0.5,0.0,0.0,0.2,0.8,0.2,0.8,0.2,0.8,0.0,0.0,0.5,0.5,0.0,0.0,0.5,0.5,0.0,0.0,0.2,0.8,0.2,0.8,1.0,0.0,1.0,0.0,0.7,0.2,1.0,0.0,1.0,0.0,1.0,0.0,1.0,0.0,1.0,0.0,0.3,0.7,0.3,0.7,1.0,0.0,1.0,0.0
2013-01-31,0.6,0.4,1.0,0.0,0.4,0.6,0.37117807251472545,0.0,1.0,0.0,1.0,0.0,1.0,0.0,0.4210209880467078,0.5789790119532923,1.0,0.0,0.6,0.4,1.0,0.0,1.0,0.0,0.8,0.1,0.0,0.0,0.9,0.1,0.0,0.0,1.0,0.0,1.0,0.0,0.2,0.8,0.0,0.0,0.3,0.7,1.0,0.0,0.3,0.7,0.0,0.0,0.2,0.8,0.2,0.8,0.2,0.8,0.0,0.0,0.6,0.4,0.0,0.0,0.5,0.5,0.0,0.0,0.2,0.8,0.2,0.8,0.2,0.8,0.0,0.0,0.5,0.5,0.0,0.0,0.5,0.5,0.0,0.0,0.2,0.8,0.2,0.8,0.6,0.4,1.0,0.0,0.5,0.2,1.0,0.0,0.9,0.1,1.0,0.0,0.8,0.1,0.8,0.2,0.3,0.7,0.3,0.7,1.0,0.0,0.7,0.3
2013-02-28,0.6,0.4,1.0,0.0,0.4,0.6,0.2645031410155148,0.0,1.0,0.0,1.0,0.0,1.0,0.0,0.4217113463531823,0.5782886536468178,1.0,0.0,0.6,0.4,1.0,0.0,1.0,0.0,0.7,0.1,0.0,0.0,0.8,0.2,0.0,0.0,1.0,0.0,1.0,0.0,0.2,0.8,0.0,0.0,0.2,0.8,0.0,0.0,0.2,0.8,0.0,0.0,0.2,0.8,0.2,0.8,0.2,0.8,0.0,0.0,0.6,0.4,0.0,0.0,0.5,0.5,0.0,0.0,0.2,0.8,0.2,0.8,0.2,0.8,0.0,0.0,0.5,0.5,0.0,0.0,0.5,0.5,0.0,0.0,0.2,0.8,0.2,0.8,0.9,0.1,1.0,0.0,0.6,0.2,1.0,0.0,1.0,0.0,1.0,0.0,0.9,0.1,0.9,0.1,0.3,0.7,0.3,0.7,0.7,0.3,1.0,0.0
2013-03-31,0.6,0.4,1.0,0.0,0.4,0.6,0.6898675919836967,0.0,1.0,0.0,1.0,0.0,1.0,0.0,0.4232143379152211,0.5767856620847789,1.0,0.0,0.6,0.4,1.0,0.0,1.0,0.0,1.0,0.0,1.0,0.0,1.0,0.0,0.0,0.0,1.0,0.0,1.0,0.0,0.2,0.8,0.0,0.0,0.2,0.8,0.0,0.0,0.2,0.8,0.0,0.0,0.2,0.8,0.2,0.8,0.2,0.8,0.0,0.0,0.6,0.4,0.0,0.0,0.5,0.5,0.0,0.0,0.2,0.8,0.2,0.8,0.2,0.8,0.0,0.0,0.5,0.5,0.0,0.0,0.5,0.5,0.0,0.0,0.2,0.8,0.2,0.8,1.0,0.0,1.0,0.0,0.7,0.2,1.0,0.0,1.0,0.0,1.0,0.0,1.0,0.0,1.0,0.0,0.3,0.7,0.3,0.7,0.1,0.6,1.0,0.0
2013-04-30,0.6,0.4,1.0,0.0,0.4,0.6,0.18461708493651868,0.0,1.0,0.0,1.0,0.0,1.0,0.0,0.42445669294587535,0.5755433070541246,1.0,0.0,0.6,0.4,1.0,0.0,1.0,0.0,0.8,0.1,0.0,0.0,0.9,0.1,0.0,0.0,1.0,0.0,1.0,0.0,0.2,0.8,0.0,0.0,0.2,0.8,0.0,0.0,0.2,0.8,0.0,0.0,0.2,0.8,0.2,0.8,0.2,0.8,0.0,0.0,0.6,0.4,0.0,0.0,0.5,0.5,0.0,0.0,0.2,0.8,0.2,0.8,0.2,0.8,0.0,0.0,0.5,0.5,0.0,0.0,0.5,0.5,0.0,0.0,0.2,0.8,0.2,0.8,0.7,0.3,1.0,0.0,0.6,0.2,1.0,0.0,0.9,0.1,1.0,0.0,0.9,0.1,0.9,0.1,0.3,0.7,0.3,0.7,0.0,0.6,0.8,0.2
2013-05-31,0.6,0.4,1.0,0.0,0.4,0.6,0.3069729579679925,0.0,1.0,0.0,1.0,0.0,1.0,0.0,0.45106815908345604,0.5489318409165439,1.0,0.0,0.6,0.4,1.0,0.0,1.0,0.0,0.8,0.1,0.0,0.0,0.9,0.1,0.0,0.0,1.0,0.0,1.0,0.0,0.2,0.8,0.0,0.0,0.2,0.8,0.0,0.0,0.2,0.8,0.0,0.0,0.2,0.8,0.2,0.8,0.2,0.8,0.0,0.0,0.6,0.4,0.0,0.0,0.5,0.5,0.0,0.0,0.2,0.8,0.2,0.8,0.2,0.8,0.0,0.0,0.5,0.5,0.0,0.0,0.5,0.5,0.0,0.0,0.2,0.8,0.2,0.8,0.0,0.6,0.0,0.0,0.3,0.4,1.0,0.0,0.2,0.5,1.0,0.0,0.0,0.6,0.0,0.6,0.3,0.7,0.3,0.7,0.2,0.6,0.0,0.6
2013-06-30,0.6,0.4,1.0,0.0,0.4,0.6,0.1572794756886778,0.0,1.0,0.0,1.0,0.0,1.0,0.0,0.4587591369063582,0.5412408630936418,1.0,0.0,0.6,0.4,0.9,0.1,1.0,0.0,0.6,0.2,0.0,0.0,0.6,0.2,0.0,0.0,1.0,0.0,1.0,0.0,0.2,0.8,0.0,0.0,0.2,0.8,0.0,0.0,0.2,0.8,0.0,0.0,0.2,0.8,0.2,0.8,0.2,0.8,0.0,0.0,0.6,0.4,0.0,0.0,0.5,0.5,0.0,0.0,0.2,0.8,0.2,0.8,0.2,0.8,0.0,0.0,0.5,0.5,0.0,0.0,0.5,0.5,0.0,0.0,0.2,0.8,0.2,0.8,0.0,0.6,0.0,0.0,0.5,0.2,1.0,0.0,0.5,0.4,1.0,0.0,0.0,0.6,0.0,0.6,0.3,0.7,0.3,0.7,0.6,0.4,0.0,0.6
2013-07-31,0.6,0.4,1.0,0.0,0.4,0.6,0.6102834544605474,0.0,1.0,0.0,1.0,0.0,1.0,0.0,0.4627817096960489,0.537218290303951,1.0,0.0,0.6,0.4,1.0,0.0,1.0,0.0,0.9,0.1,0.0,0.0,1.0,0.0,0.0,0.0,1.0,0.0,1.0,0.0,0.2,0.8,0.0,0.0,0.2,0.8,0.0,0.0,0.2,0.8,0.0,0.0,0.2,0.8,0.2,0.8,0.2,0.8,0.0,0.0,0.6,0.4,0.0,0.0,0.5,0.5,0.0,0.0,0.2,0.8,0.2,0.8,0.2,0.8,0.0,0.0,0.5,0.5,0.0,0.0,0.5,0.5,0.0,0.0,0.2,0.8,0.2,0.8,0.1,0.6,0.0,0.0,0.6,0.2,1.0,0.0,0.6,0.3,1.0,0.0,0.0,0.6,0.0,0.6,0.3,0.7,0.3,0.7,1.0,0.0,0.2,0.6
2013-08-31,0.6,0.4,1.0,0.0,0.4,0.6,0.3126548069664661,0.0,1.0,0.0,1.0,0.0,1.0,0.0,0.454198276027301,0.545801723972699,1.0,0.0,0.6,0.4,1.0,0.0,1.0,0.0,0.9,0.1,0.0,0.0,1.0,0.0,0.0,0.0,1.0,0.0,1.0,0.0,0.2,0.8,0.0,0.0,0.2,0.8,0.0,0.0,0.2,0.8,0.0,0.0,0.2,0.8,0.2,0.8,0.2,0.8,0.0,0.0,0.6,0.4,0.0,0.0,0.5,0.5,0.0,0.0,0.2,0.8,0.2,0.8,0.2,0.8,0.0,0.0,0.5,0.5,0.0,0.0,0.5,0.5,0.0,0.0,0.2,0.8,0.2,0.8,0.3,0.6,1.0,0.0,0.6,0.2,1.0,0.0,0.8,0.2,1.0,0.0,0.3,0.6,0.3,0.6,0.3,0.7,0.3,0.7,1.0,0.0,0.5,0.5
2013-09-30,0.6,0.4,1.0,0.0,0.4,0.6,0.5729121243894717,0.0,1.0,0.0,1.0,0.0,1.0,0.0,0.46753395587812835,0.5324660441218716,1.0,0.0,0.6,0.4,1.0,0.0,1.0,0.0,1.0,0.0,1.0,0.0,1.0,0.0,0.0,0.0,1.0,0.0,1.0,0.0,0.2,0.8,0.0,0.0,0.2,0.8,0.0,0.0,0.2,0.8,0.0,0.0,0.2,0.8,0.2,0.8,0.2,0.8,0.0,0.0,0.6,0.4,0.0,0.0,0.5,0.5,0.0,0.0,0.2,0.8,0.2,0.8,0.2,0.8,0.0,0.0,0.5,0.5,0.0,0.0,0.5,0.5,0.0,0.0,0.2,0.8,0.2,0.8,0.8,0.2,1.0,0.0,0.7,0.2,1.0,0.0,1.0,0.0,1.0,0.0,0.7,0.3,0.7,0.3,0.3,0.7,0.3,0.7,1.0,0.0,0.9,0.1
2013-10-31,0.6,0.4,1.0,0.0,0.4,0.6,0.22242235898263418,0.0,1.0,0.0,1.0,0.0,1.0,0.0,0.4633220204529647,0.5366779795470353,1.0,0.0,0.6,0.4,1.0,0.0,1.0,0.0,0.9,0.1,0.0,0.0,1.0,0.0,0.0,0.0,1.0,0.0,1.0,0.0,0.2,0.8,0.0,0.0,0.2,0.8,0.0,0.0,0.2,0.8,0.0,0.0,0.2,0.8,0.2,0.8,0.2,0.8,0.0,0.0,0.6,0.4,0.0,0.0,0.5,0.5,0.0,0.0,0.2,0.8,0.2,0.8,0.2,0.8,0.0,0.0,0.5,0.5,0.0,0.0,0.5,0.5,0.0,0.0,0.2,0.8,0.2,0.8,1.0,0.0,1.0,0.0,0.7,0.2,1.0,0.0,1.0,0.0,1.0,0.0,0.9,0.1,0.9,0.1,0.3,0.7,0.3,0.7,1.0,0.0,1.0,0.0
2013-11-30,0.6,0.4,1.0,0.0,0.4,0.6,0.45601540824286396,0.0,1.0,0.0,1.0,0.0,1.0,0.0,0.464271796893806,0.5357282031061941,1.0,0.0,0.6,0.4,1.0,0.0,1.0,0.0,1.0,0.0,1.0,0.0,1.0,0.0,0.0,0.0,1.0,0.0,1.0,0.0,0.2,0.8,0.0,0.0,0.2,0.8,0.0,0.0,0.2,0.8,0.0,0.0,0.2,0.8,0.2,0.8,0.2,0.8,0.0,0.0,0.6,0.4,0.0,0.0,0.5,0.5,0.0,0.0,0.2,0.8,0.2,0.8,0.2,0.8,0.0,0.0,0.5,0.5,0.0,0.0,0.5,0.5,0.0,0.0,0.2,0.8,0.2,0.8,0.9,0.1,1.0,0.0,0.6,0.2,1.0,0.0,1.0,0.0,1.0,0.0,0.9,0.1,0.9,0.1,0.3,0.7,0.3,0.7,0.6,0.4,1.0,0.0
2013-12-31,0.6,0.4,1.0,0.0,0.4,0.5,0.49893369526802966,0.0,1.0,0.0,1.0,0.0,1.0,0.0,0.4672040157223694,0.5327959842776306,1.0,0.0,0.6,0.4,1.0,0.0,1.0,0.0,1.0,0.0,1.0,0.0,1.0,0.0,0.0,0.0,1.0,0.0,1.0,0.0,0.2,0.8,0.0,0.0,0.2,0.8,0.0,0.0,0.1,0.9,0.0,0.0,0.2,0.8,0.2,0.8,0.3,0.7,0.0,0.0,0.7,0.3,0.0,0.0,0.6,0.4,0.0,0.0,0.3,0.7,0.3,0.7,0.3,0.7,0.0,0.0,0.6,0.4,0.0,0.0,0.6,0.4,0.0,0.0,0.3,0.7,0.3,0.7,1.0,0.0,1.0,0.0,0.7,0.1,1.0,0.0,1.0,0.0,1.0,0.0,0.9,0.1,0.9,0.1,0.3,0.7,0.3,0.7,0.1,0.6,1.0,0.0
2014-01-31,0.6,0.4,1.0,0.0,0.4,0.5,0.24731825062764765,0.0,1.0,0.0,1.0,0.0,1.0,0.0,0.46801054310999574,0.5319894568900043,1.0,0.0,0.6,0.4,1.0,0.0,1.0,0.0,1.0,0.0,1.0,0.0,1.0,0.0,0.0,0.0,1.0,0.0,1.0,0.0,0.2,0.8,0.0,0.0,0.2,0.8,0.0,0.0,0.1,0.9,0.0,0.0,0.2,0.8,0.2,0.8,0.3,0.7,0.0,0.0,0.7,0.3,0.0,0.0,0.6,0.4,0.0,0.0,0.3,0.7,0.3,0.7,0.3,0.7,0.0,0.0,0.6,0.4,0.0,0.0,0.6,0.4,0.0,0.0,0.3,0.7,0.3,0.7,0.0,0.6,0.0,0.0,0.3,0.3,1.0,0.0,0.3,0.4,1.0,0.0,0.0,0.5,0.0,0.5,0.3,0.7,0.3,0.7,0.8,0.2,0.0,0.6
2014-02-28,0.6,0.4,1.0,0.0,0.4,0.5,0.25988800668960016,0.0,1.0,0.0,1.0,0.0,1.0,0.0,0.466242261048989,0.5337577389510111,1.0,0.0,0.6,0.4,1.0,0.0,1.0,0.0,0.9,0.0,0.0,0.0,1.0,0.0,0.0,0.0,1.0,0.0,1.0,0.0,0.2,0.8,0.0,0.0,0.2,0.8,0.0,0.0,0.1,0.9,0.0,0.0,0.2,0.8,0.2,0.8,0.3,0.7,0.0,0.0,0.7,0.3,0.0,0.0,0.6,0.4,0.0,0.0,0.3,0.7,0.3,0.7,0.3,0.7,0.0,0.0,0.6,0.4,0.0,0.0,0.6,0.4,0.0,0.0,0.3,0.7,0.3,0.7,0.2,0.6,1.0,0.0,0.6,0.2,1.0,0.0,0.7,0.2,1.0,0.0,0.2,0.5,0.2,0.5,0.3,0.7,0.3,0.7,1.0,0.0,0.3,0.6
2014-03-31,0.6,0.4,1.0,0.0,0.4,0.5,0.3655369267575296,0.0,1.0,0.0,1.0,0.0,1.0,0.0,0.4660715274524449,0.533928472547555,1.0,0.0,0.6,0.4,1.0,0.0,1.0,0.0,0.9,0.0,0.0,0.0,1.0,0.0,0.0,0.0,1.0,0.0,1.0,0.0,0.2,0.8,0.0,0.0,0.2,0.8,0.0,0.0,0.1,0.9,0.0,0.0,0.2,0.8,0.2,0.8,0.3,0.7,0.0,0.0,0.7,0.3,0.0,0.0,0.6,0.4,0.0,0.0,0.3,0.7,0.3,0.7,0.3,0.7,0.0,0.0,0.6,0.4,0.0,0.0,0.6,0.4,0.0,0.0,0.3,0.7,0.3,0.7,0.7,0.3,1.0,0.0,0.7,0.1,1.0,0.0,1.0,0.0,1.0,0.0,0.6,0.4,0.7,0.3,0.3,0.7,0.3,0.7,1.0,0.0,0.8,0.2
2014-04-30,0.6,0.4,1.0,0.0,0.4,0.5,0.2140884953648652,0.0,1.0,0.0,1.0,0.0,1.0,0.0,0.4661921402234806,0.5338078597765193,1.0,0.0,0.6,0.4,1.0,0.0,1.0,0.0,0.7,0.1,0.0,0.0,0.9,0.1,0.0,0.0,1.0,0.0,1.0,0.0,0.2,0.8,0.0,0.0,0.2,0.8,0.0,0.0,0.1,0.9,0.0,0.0,0.2,0.8,0.2,0.8,0.3,0.7,0.0,0.0,0.7,0.3,0.0,0.0,0.6,0.4,0.0,0.0,0.3,0.7,0.3,0.7,0.3,0.7,0.0,0.0,0.6,0.4,0.0,0.0,0.6,0.4,0.0,0.0,0.3,0.7,0.3,0.7,0.9,0.1,1.0,0.0,0.7,0.1,1.0,0.0,1.0,0.0,1.0,0.0,0.9,0.1,0.9,0.1,0.3,0.7,0.3,0.7,1.0,0.0,1.0,0.0
2014-05-31,0.6,0.4,1.0,0.0,0.4,0.5,0.5271879048794248,0.0,1.0,0.0,1.0,0.0,1.0,0.0,0.46625345556539033,0.5337465444346097,1.0,0.0,0.6,0.4,1.0,0.0,1.0,0.0,1.0,0.0,0.0,0.0,1.0,0.0,0.0,0.0,1.0,0.0,1.0,0.0,0.2,0.8,0.0,0.0,0.2,0.8,0.0,0.0,0.1,0.9,0.0,0.0,0.2,0.8,0.2,0.8,0.3,0.7,0.0,0.0,0.7,0.3,0.0,0.0,0.6,0.4,0.0,0.0,0.3,0.7,0.3,0.7,0.3,0.7,0.0,0.0,0.6,0.4,0.0,0.0,0.6,0.4,0.0,0.0,0.3,0.7,0.3,0.7,0.9,0.1,1.0,0.0,0.7,0.1,1.0,0.0,1.0,0.0,1.0,0.0,0.9,0.1,0.9,0.1,0.3,0.7,0.3,0.7,1.0,0.0,1.0,0.0
2014-06-30,0.6,0.4,1.0,0.0,0.4,0.5,1.0,0.0,1.0,0.0,1.0,0.0,1.0,0.0,0.46646196154696357,0.5335380384530365,1.0,0.0,0.6,0.4,1.0,0.0,1.0,0.0,1.0,0.0,1.0,0.0,1.0,0.0,0.0,0.0,1.0,0.0,1.0,0.0,0.2,0.8,0.0,0.0,0.2,0.8,0.0,0.0,0.1,0.9,0.0,0.0,0.2,0.8,0.2,0.8,0.3,0.7,0.0,0.0,0.7,0.3,0.0,0.0,0.6,0.4,0.0,0.0,0.3,0.7,0.3,0.7,0.3,0.7,0.0,0.0,0.6,0.4,0.0,0.0,0.6,0.4,0.0,0.0,0.3,0.7,0.3,0.7,1.0,0.0,1.0,0.0,0.7,0.1,1.0,0.0,1.0,0.0,1.0,0.0,1.0,0.0,1.0,0.0,0.3,0.7,0.3,0.7,1.0,0.0,1.0,0.0
2014-07-31,0.6,0.4,1.0,0.0,0.4,0.5,0.34378143526010313,0.0,1.0,0.0,1.0,0.0,1.0,0.0,0.4625785823456704,0.5374214176543297,1.0,0.0,0.6,0.4,1.0,0.0,1.0,0.0,1.0,0.0,1.0,0.0,1.0,0.0,0.0,0.0,1.0,0.0,1.0,0.0,0.2,0.8,0.0,0.0,0.2,0.8,0.0,0.0,0.1,0.9,0.0,0.0,0.2,0.8,0.2,0.8,0.3,0.7,0.0,0.0,0.7,0.3,0.0,0.0,0.6,0.4,0.0,0.0,0.3,0.7,0.3,0.7,0.3,0.7,0.0,0.0,0.6,0.4,0.0,0.0,0.6,0.4,0.0,0.0,0.3,0.7,0.3,0.7,1.0,0.0,1.0,0.0,0.7,0.1,1.0,0.0,1.0,0.0,1.0,0.0,1.0,0.0,1.0,0.0,0.3,0.7,0.3,0.7,1.0,0.0,1.0,0.0
2014-08-31,0.6,0.4,1.0,0.0,0.4,0.5,0.6554606668526538,0.0,1.0,0.0,1.0,0.0,1.0,0.0,0.4544933495534843,0.5455066504465157,1.0,0.0,0.6,0.4,1.0,0.0,1.0,0.0,1.0,0.0,1.0,0.0,1.0,0.0,0.0,0.0,1.0,0.0,1.0,0.0,0.2,0.8,0.0,0.0,0.2,0.8,0.0,0.0,0.2,0.8,0.0,0.0,0.2,0.8,0.2,0.8,0.3,0.7,0.0,0.0,0.7,0.3,0.0,0.0,0.6,0.4,0.0,0.0,0.3,0.7,0.3,0.7,0.3,0.7,0.0,0.0,0.6,0.4,0.0,0.0,0.6,0.4,0.0,0.0,0.3,0.7,0.3,0.7,0.8,0.2,1.0,0.0,0.7,0.1,1.0,0.0,1.0,0.0,1.0,0.0,1.0,0.0,0.9,0.1,0.3,0.7,0.3,0.7,0.9,0.1,0.8,0.2
2014-09-30,0.6,0.4,1.0,0.0,0.4,0.5,0.46083906236254113,0.0,1.0,0.0,1.0,0.0,1.0,0.0,0.4590300909882624,0.5409699090117375,1.0,0.0,0.6,0.4,1.0,0.0,1.0,0.0,1.0,0.0,1.0,0.0,1.0,0.0,0.0,0.0,1.0,0.0,1.0,0.0,0.2,0.8,0.0,0.0,0.2,0.8,0.0,0.0,0.1,0.9,0.0,0.0,0.2,0.8,0.2,0.8,0.3,0.7,0.0,0.0,0.7,0.3,0.0,0.0,0.6,0.4,0.0,0.0,0.3,0.7,0.3,0.7,0.3,0.7,0.0,0.0,0.6,0.4,0.0,0.0,0.6,0.4,0.0,0.0,0.3,0.7,0.3,0.7,0.9,0.1,1.0,0.0,0.7,0.1,1.0,0.0,1.0,0.0,1.0,0.0,1.0,0.0,0.9,0.1,0.3,0.7,0.3,0.7,0.6,0.4,1.0,0.0
2014-10-31,0.6,0.4,1.0,0.0,0.4,0.5,0.1179583994931822,0.0,1.0,0.0,1.0,0.0,1.0,0.0,0.4943789355901542,0.5056210644098458,1.0,0.0,0.6,0.4,0.7,0.3,1.0,0.0,0.8,0.1,0.0,0.0,0.6,0.2,0.0,0.0,0.9,0.0,0.9,0.0,0.2,0.8,0.0,0.0,0.2,0.8,0.0,0.0,0.2,0.8,0.0,0.0,0.2,0.8,0.2,0.8,0.3,0.7,0.0,0.0,0.7,0.3,0.0,0.0,0.6,0.4,0.0,0.0,0.3,0.7,0.3,0.7,0.3,0.7,0.0,0.0,0.6,0.4,0.0,0.0,0.6,0.4,0.0,0.0,0.3,0.7,0.3,0.7,0.9,0.1,1.0,0.0,0.7,0.1,1.0,0.0,1.0,0.0,1.0,0.0,1.0,0.0,0.9,0.1,0.3,0.7,0.3,0.7,0.3,0.6,0.9,0.1
2014-11-30,0.6,0.4,1.0,0.0,0.4,0.5,1.0,0.0,1.0,0.0,1.0,0.0,1.0,0.0,0.49638290335072555,0.5036170966492746,1.0,0.0,0.6,0.4,1.0,0.0,1.0,0.0,1.0,0.0,1.0,0.0,1.0,0.0,1.0,0.0,1.0,0.0,1.0,0.0,0.2,0.8,0.0,0.0,0.3,0.7,0.0,0.0,0.2,0.8,0.0,0.0,0.2,0.8,0.2,0.8,0.3,0.7,0.0,0.0,0.7,0.3,0.0,0.0,0.6,0.4,0.0,0.0,0.3,0.7,0.3,0.7,0.3,0.7,0.0,0.0,0.6,0.4,0.0,0.0,0.6,0.4,0.0,0.0,0.3,0.7,0.3,0.7,0.9,0.1,1.0,0.0,0.7,0.1,1.0,0.0,1.0,0.0,1.0,0.0,1.0,0.0,0.9,0.1,0.3,0.7,0.3,0.7,0.1,0.6,0.9,0.1
2014-12-31,0.6,0.4,1.0,0.0,0.4,0.6,0.1755297001970243,0.0,1.0,0.0,1.0,0.0,1.0,0.0,0.49589482503957566,0.5041051749604244,1.0,0.0,0.6,0.4,1.0,0.0,1.0,0.0,1.0,0.0,1.0,0.0,1.0,0.0,1.0,0.0,1.0,0.0,1.0,0.0,0.2,0.8,0.0,0.0,0.2,0.8,0.0,0.0,0.3,0.7,0.0,0.0,0.2,0.8,0.2,0.8,0.3,0.7,0.0,0.0,0.6,0.4,0.0,0.0,0.6,0.4,0.0,0.0,0.3,0.7,0.3,0.7,0.3,0.7,0.0,0.0,0.5,0.5,1.0,0.0,0.6,0.4,0.0,0.0,0.3,0.7,0.3,0.7,0.8,0.2,1.0,0.0,0.7,0.2,1.0,0.0,1.0,0.0,1.0,0.0,1.0,0.0,0.9,0.1,0.3,0.7,0.3,0.7,0.0,0.6,0.9,0.1
2015-01-31,0.6,0.4,1.0,0.0,0.4,0.6,0.15788947992873315,0.0,1.0,0.0,1.0,0.0,1.0,0.0,0.5115205436079756,0.48847945639202434,1.0,0.0,0.6,0.4,0.7,0.3,1.0,0.0,0.8,0.1,0.0,0.0,0.5,0.4,0.0,0.0,0.9,0.0,0.9,0.1,0.2,0.8,0.0,0.0,0.2,0.8,0.0,0.0,0.3,0.7,0.0,0.0,0.2,0.8,0.2,0.8,0.3,0.7,0.0,0.0,0.6,0.4,0.0,0.0,0.6,0.4,0.0,0.0,0.3,0.7,0.3,0.7,0.3,0.7,0.0,0.0,0.3,0.7,1.0,0.0,0.7,0.3,0.0,0.0,0.3,0.7,0.3,0.7,0.0,0.6,0.0,0.0,0.1,0.6,1.0,0.0,0.0,0.6,0.0,0.0,0.0,0.6,0.0,0.6,0.3,0.7,0.3,0.7,0.0,0.6,0.0,0.6
2015-02-28,0.6,0.4,1.0,0.0,0.4,0.6,0.4384450842027384,0.0,1.0,0.0,1.0,0.0,1.0,0.0,0.5163277818036474,0.4836722181963526,1.0,0.0,0.6,0.4,1.0,0.0,1.0,0.0,0.9,0.1,0.0,0.0,1.0,0.0,0.0,0.0,1.0,0.0,1.0,0.0,0.2,0.8,0.0,0.0,0.2,0.8,0.0,0.0,0.5,0.5,0.0,0.0,0.2,0.8,0.2,0.8,0.3,0.7,0.0,0.0,0.6,0.4,0.0,0.0,0.6,0.4,0.0,0.0,0.3,0.7,0.3,0.7,0.3,0.7,0.0,0.0,0.3,0.7,1.0,0.0,0.8,0.2,0.0,0.0,0.3,0.7,0.3,0.7,0.0,0.6,0.0,0.0,0.0,0.7,0.0,0.0,0.0,0.6,0.0,0.0,0.0,0.6,0.0,0.6,0.3,0.7,0.3,0.7,0.4,0.6,0.0,0.6
2015-03-31,0.6,0.4,1.0,0.0,0.4,0.6,0.23174002278376357,0.0,1.0,0.0,1.0,0.0,1.0,0.0,0.5103558813808532,0.48964411861914686,1.0,0.0,0.6,0.4,1.0,0.0,1.0,0.0,0.8,0.1,0.0,0.0,0.9,0.1,0.0,0.0,1.0,0.0,1.0,0.0,0.2,0.8,0.0,0.0,0.2,0.8,0.0,0.0,0.6,0.4,0.0,0.0,0.2,0.8,0.2,0.8,0.3,0.7,0.0,0.0,0.6,0.4,0.0,0.0,0.6,0.4,0.0,0.0,0.3,0.7,0.3,0.7,0.3,0.7,0.0,0.0,0.5,0.5,1.0,0.0,0.8,0.2,0.0,0.0,0.3,0.7,0.3,0.7,0.0,0.6,0.0,0.0,0.3,0.5,1.0,0.0,0.0,0.6,0.0,0.0,0.0,0.6,0.0,0.6,0.3,0.7,0.3,0.7,0.7,0.3,0.1,0.6
2015-04-30,0.6,0.4,1.0,0.0,0.4,0.6,0.5870495820630169,0.0,1.0,0.0,1.0,0.0,1.0,0.0,0.5106395824862732,0.4893604175137268,1.0,0.0,0.6,0.4,1.0,0.0,1.0,0.0,1.0,0.0,0.0,0.0,1.0,0.0,0.0,0.0,1.0,0.0,1.0,0.0,0.2,0.8,0.0,0.0,0.3,0.7,0.0,0.0,0.7,0.3,0.0,0.0,0.2,0.8,0.2,0.8,0.3,0.7,0.0,0.0,0.6,0.4,0.0,0.0,0.6,0.4,0.0,0.0,0.3,0.7,0.3,0.7,0.3,0.7,0.0,0.0,0.6,0.4,1.0,0.0,0.6,0.4,0.0,0.0,0.3,0.7,0.3,0.7,0.2,0.6,1.0,0.0,0.6,0.3,1.0,0.0,0.2,0.5,1.0,0.0,0.2,0.6,0.2,0.6,0.3,0.7,0.3,0.7,1.0,0.0,0.3,0.6
2015-05-31,0.6,0.4,1.0,0.0,0.4,0.6,0.4535870318837065,0.0,1.0,0.0,1.0,0.0,1.0,0.0,0.5244793638810588,0.4755206361189413,1.0,0.0,0.6,0.4,1.0,0.0,1.0,0.0,1.0,0.0,1.0,0.0,1.0,0.0,0.0,0.0,1.0,0.0,1.0,0.0,0.2,0.8,0.0,0.0,0.2,0.8,0.0,0.0,0.5,0.5,0.0,0.0,0.2,0.8,0.2,0.8,0.3,0.7,0.0,0.0,0.6,0.4,0.0,0.0,0.6,0.4,0.0,0.0,0.3,0.7,0.3,0.7,0.3,0.7,0.0,0.0,0.6,0.4,1.0,0.0,0.6,0.4,0.0,0.0,0.3,0.7,0.3,0.7,0.6,0.4,1.0,0.0,0.7,0.2,1.0,0.0,0.7,0.3,1.0,0.0,0.6,0.4,0.6,0.4,0.3,0.7,0.3,0.7,0.9,0.1,0.7,0.3
2015-06-30,0.6,0.4,1.0,0.0,0.4,0.6,0.33858529958640354,0.0,1.0,0.0,1.0,0.0,1.0,0.0,0.5260193312228685,0.4739806687771314,1.0,0.0,0.6,0.4,1.0,0.0,1.0,0.0,1.0,0.0,1.0,0.0,1.0,0.0,0.0,0.0,1.0,0.0,1.0,0.0,0.2,0.8,0.0,0.0,0.2,0.8,0.0,0.0,0.3,0.7,0.0,0.0,0.2,0.8,0.2,0.8,0.3,0.7,0.0,0.0,0.6,0.4,0.0,0.0,0.6,0.4,0.0,0.0,0.3,0.7,0.3,0.7,0.3,0.7,0.0,0.0,0.6,0.4,1.0,0.0,0.6,0.4,0.0,0.0,0.3,0.7,0.3,0.7,0.6,0.4,1.0,0.0,0.7,0.2,1.0,0.0,0.8,0.2,1.0,0.0,0.6,0.4,0.6,0.4,0.3,0.7,0.3,0.7,0.9,0.1,0.7,0.3
2015-07-31,0.6,0.4,1.0,0.0,0.4,0.6,0.3087634634654397,0.0,1.0,0.0,1.0,0.0,1.0,0.0,0.5281618795693442,0.4718381204306556,1.0,0.0,0.6,0.4,1.0,0.0,1.0,0.0,1.0,0.0,0.0,0.0,1.0,0.0,0.0,0.0,1.0,0.0,1.0,0.0,0.2,0.8,0.0,0.0,0.2,0.8,0.0,0.0,0.3,0.7,0.0,0.0,0.2,0.8,0.2,0.8,0.3,0.7,0.0,0.0,0.6,0.4,0.0,0.0,0.6,0.4,0.0,0.0,0.3,0.7,0.3,0.7,0.3,0.7,0.0,0.0,0.6,0.4,1.0,0.0,0.6,0.4,0.0,0.0,0.3,0.7,0.3,0.7,0.6,0.4,1.0,0.0,0.7,0.2,1.0,0.0,0.9,0.1,1.0,0.0,0.6,0.4,0.6,0.4,0.3,0.7,0.3,0.7,0.9,0.1,0.7,0.3
2015-08-31,0.6,0.4,1.0,0.0,0.4,0.6,0.0656265016499538,0.0,0.0,0.0,0.0,1.0,1.0,0.0,0.502419951296539,0.49758004870346095,0.0,0.0,0.0,0.0,0.1,0.9,0.0,0.0,0.0,0.8,0.0,0.0,0.1,0.6,0.0,0.0,0.1,0.7,0.1,0.8,0.2,0.8,0.0,0.0,0.2,0.8,0.0,0.0,0.2,0.8,0.0,0.0,0.2,0.8,0.2,0.8,0.3,0.7,0.0,0.0,0.6,0.4,0.0,0.0,0.6,0.4,0.0,0.0,0.3,0.7,0.3,0.7,0.3,0.7,0.0,0.0,0.6,0.4,1.0,0.0,0.6,0.4,0.0,0.0,0.3,0.7,0.3,0.7,0.5,0.5,1.0,0.0,0.6,0.3,1.0,0.0,0.7,0.3,1.0,0.0,0.6,0.4,0.6,0.4,0.3,0.7,0.3,0.7,1.0,0.0,0.6,0.4
2015-09-30,0.6,0.4,1.0,0.0,0.4,0.6,0.09141964510073258,0.0,0.0,0.0,0.0,1.0,0.0,0.0,0.4958017563311801,0.5041982436688199,0.0,0.0,0.0,0.0,0.0,1.0,0.0,0.0,0.0,1.0,0.0,0.0,0.1,0.7,0.0,0.0,0.0,1.0,0.0,1.0,0.2,0.8,0.0,0.0,0.2,0.8,0.0,0.0,0.2,0.8,0.0,0.0,0.2,0.8,0.2,0.8,0.3,0.7,0.0,0.0,0.6,0.4,0.0,0.0,0.6,0.4,0.0,0.0,0.3,0.7,0.3,0.7,0.3,0.7,0.0,0.0,0.6,0.4,1.0,0.0,0.6,0.4,0.0,0.0,0.3,0.7,0.3,0.7,0.7,0.3,1.0,0.0,0.6,0.3,1.0,0.0,0.8,0.2,1.0,0.0,0.6,0.4,0.6,0.4,0.3,0.7,0.3,0.7,1.0,0.0,0.7,0.3
2015-10-31,0.6,0.4,1.0,0.0,0.4,0.6,0.20628869264041896,0.0,1.0,0.0,1.0,0.0,1.0,0.0,0.48227708379355416,0.5177229162064457,0.0,0.0,0.0,0.0,0.0,1.0,0.0,0.0,0.3,0.4,0.0,0.0,0.3,0.5,0.0,0.0,0.0,1.0,0.0,1.0,0.2,0.8,0.0,0.0,0.2,0.8,0.0,0.0,0.3,0.7,0.0,0.0,0.2,0.8,0.2,0.8,0.3,0.7,0.0,0.0,0.6,0.4,0.0,0.0,0.6,0.4,0.0,0.0,0.3,0.7,0.3,0.7,0.3,0.7,0.0,0.0,0.6,0.4,1.0,0.0,0.6,0.4,0.0,0.0,0.3,0.7,0.3,0.7,0.7,0.3,1.0,0.0,0.6,0.3,1.0,0.0,0.7,0.3,1.0,0.0,0.6,0.4,0.7,0.3,0.3,0.7,0.3,0.7,1.0,0.0,0.7,0.3
2015-11-30,0.6,0.4,1.0,0.0,0.4,0.6,0.3296520223486483,0.0,1.0,0.0,1.0,0.0,1.0,0.0,0.48188609816084005,0.51811390183916,1.0,0.0,0.6,0.4,0.1,0.9,0.0,0.0,0.7,0.1,0.0,0.0,0.6,0.4,0.0,0.0,0.0,1.0,0.0,1.0,0.2,0.8,0.0,0.0,0.2,0.8,0.0,0.0,0.3,0.7,0.0,0.0,0.2,0.8,0.2,0.8,0.3,0.7,0.0,0.0,0.6,0.4,0.0,0.0,0.6,0.4,0.0,0.0,0.3,0.7,0.3,0.7,0.3,0.7,0.0,0.0,0.6,0.4,1.0,0.0,0.6,0.4,0.0,0.0,0.3,0.7,0.3,0.7,1.0,0.0,1.0,0.0,0.7,0.3,1.0,0.0,1.0,0.0,1.0,0.0,0.9,0.1,0.9,0.1,0.3,0.7,0.3,0.7,0.7,0.3,1.0,0.0
2015-12-31,0.6,0.4,1.0,0.0,0.4,0.6,0.13191488323165043,0.0,0.0,0.0,0.0,1.0,1.0,0.0,0.4755457150376812,0.5244542849623187,1.0,0.0,0.6,0.4,0.0,1.0,0.0,0.0,0.6,0.2,0.0,0.0,0.3,0.5,0.0,0.0,0.0,1.0,0.0,1.0,0.2,0.8,0.0,0.0,0.2,0.8,0.0,0.0,1.0,0.0,0.0,0.0,0.2,0.8,0.2,0.8,0.3,0.7,0.0,0.0,0.6,0.4,0.0,0.0,0.6,0.4,0.0,0.0,0.3,0.7,0.3,0.7,0.3,0.7,0.0,0.0,0.5,0.5,1.0,0.0,0.6,0.4,0.0,0.0,0.3,0.7,0.3,0.7,1.0,0.0,1.0,0.0,0.7,0.3,1.0,0.0,1.0,0.0,1.0,0.0,0.9,0.1,0.9,0.1,0.3,0.7,0.3,0.7,0.1,0.6,1.0,0.0
2016-01-31,0.6,0.4,1.0,0.0,0.4,0.6,0.08078760888323885,0.0,0.0,0.0,0.0,1.0,0.0,0.0,0.4691428898167,0.5308571101833,0.0,0.0,0.0,0.0,0.0,1.0,0.0,0.0,0.1,0.7,0.0,0.0,0.1,0.7,0.0,0.0,0.0,1.0,0.0,1.0,0.2,0.8,0.0,0.0,0.2,0.8,0.0,0.0,1.0,0.0,0.0,0.0,0.2,0.8,0.2,0.8,0.3,0.7,0.0,0.0,0.6,0.4,0.0,0.0,0.6,0.4,0.0,0.0,0.3,0.7,0.3,0.7,0.3,0.7,0.0,0.0,0.4,0.6,1.0,0.0,0.6,0.4,0.0,0.0,0.3,0.7,0.3,0.7,0.0,0.6,0.0,0.0,0.2,0.5,1.0,0.0,0.1,0.6,1.0,0.0,0.0,0.5,0.0,0.6,0.3,0.7,0.3,0.7,0.3,0.6,0.0,0.6
2016-02-29,0.6,0.4,1.0,0.0,0.4,0.6,0.12990976045392102,0.0,0.0,0.0,0.0,1.0,0.0,0.0,0.47127122250939,0.5287287774906101,0.0,0.0,0.0,0.0,0.0,1.0,0.0,0.0,0.2,0.5,0.0,0.0,0.2,0.6,0.0,0.0,0.0,1.0,0.0,1.0,0.2,0.8,0.0,0.0,0.3,0.7,0.0,0.0,1.0,0.0,0.0,0.0,0.2,0.8,0.2,0.8,0.3,0.7,0.0,0.0,0.6,0.4,0.0,0.0,0.6,0.4,0.0,0.0,0.3,0.7,0.3,0.7,0.3,0.7,0.0,0.0,0.5,0.5,1.0,0.0,0.6,0.4,0.0,0.0,0.3,0.7,0.3,0.7,0.1,0.6,0.0,0.0,0.5,0.3,1.0,0.0,0.3,0.5,1.0,0.0,0.0,0.5,0.0,0.6,0.3,0.7,0.3,0.7,0.6,0.4,0.1,0.6
2016-03-31,0.6,0.4,1.0,0.0,0.4,0.6,0.2545173038997077,0.0,1.0,0.0,1.0,0.0,1.0,0.0,0.4621114553915221,0.5378885446084778,0.0,0.0,0.0,0.0,0.0,1.0,0.0,0.0,0.6,0.2,0.0,0.0,0.4,0.5,0.0,0.0,0.0,1.0,0.0,1.0,0.2,0.8,0.0,0.0,0.6,0.4,1.0,0.0,1.0,0.0,0.0,0.0,0.2,0.8,0.2,0.8,0.3,0.7,0.0,0.0,0.6,0.4,0.0,0.0,0.6,0.4,0.0,0.0,0.3,0.7,0.3,0.7,0.3,0.7,0.0,0.0,0.6,0.4,1.0,0.0,0.6,0.4,0.0,0.0,0.3,0.7,0.3,0.7,0.3,0.6,1.0,0.0,0.5,0.3,1.0,0.0,0.5,0.4,1.0,0.0,0.2,0.5,0.2,0.6,0.3,0.7,0.3,0.7,0.8,0.2,0.3,0.6
2016-04-30,0.6,0.4,1.0,0.0,0.4,0.6,0.40235393867529035,0.0,1.0,0.0,1.0,0.0,1.0,0.0,0.45802490833391896,0.5419750916660809,1.0,0.0,0.6,0.4,0.2,0.8,0.0,0.0,0.8,0.1,0.0,0.0,0.9,0.1,0.0,0.0,0.1,0.9,0.1,0.9,0.2,0.8,0.0,0.0,0.7,0.3,1.0,0.0,1.0,0.0,0.0,0.0,0.2,0.8,0.2,0.8,0.3,0.7,0.0,0.0,0.6,0.4,0.0,0.0,0.6,0.4,0.0,0.0,0.3,0.7,0.3,0.7,0.3,0.7,0.0,0.0,0.6,0.4,1.0,0.0,0.6,0.4,0.0,0.0,0.3,0.7,0.3,0.7,0.8,0.2,1.0,0.0,0.7,0.2,1.0,0.0,0.9,0.1,1.0,0.0,0.7,0.3,0.7,0.3,0.3,0.7,0.3,0.7,0.7,0.3,0.8,0.2
2016-05-31,0.6,0.4,1.0,0.0,0.4,0.6,0.33935956532518596,0.0,1.0,0.0,1.0,0.0,1.0,0.0,0.4369089075881935,0.5630910924118064,1.0,0.0,0.6,0.4,0.5,0.5,1.0,0.0,0.8,0.1,0.0,0.0,1.0,0.0,0.0,0.0,0.4,0.6,0.4,0.6,0.3,0.7,0.0,0.0,0.7,0.3,1.0,0.0,1.0,0.0,0.0,0.0,0.2,0.8,0.2,0.8,0.3,0.7,0.0,0.0,0.6,0.4,0.0,0.0,0.6,0.4,0.0,0.0,0.3,0.7,0.3,0.7,0.3,0.7,0.0,0.0,0.6,0.4,1.0,0.0,0.6,0.4,0.0,0.0,0.3,0.7,0.3,0.7,1.0,0.0,1.0,0.0,0.7,0.3,1.0,0.0,1.0,0.0,1.0,0.0,0.9,0.1,0.9,0.1,0.6,0.2,0.3,0.7,0.2,0.6,1.0,0.0
2016-06-30,0.6,0.4,1.0,0.0,0.4,0.6,0.11473170664937977,0.0,1.0,0.0,1.0,0.0,1.0,0.0,0.4448974676673485,0.5551025323326515,1.0,0.0,0.6,0.4,0.1,0.9,0.0,0.0,0.5,0.2,0.0,0.0,0.3,0.5,0.0,0.0,0.1,0.7,0.1,0.8,0.4,0.6,1.0,0.0,0.7,0.3,1.0,0.0,0.9,0.1,1.0,0.0,0.3,0.7,0.3,0.7,0.3,0.7,0.0,0.0,0.6,0.4,0.0,0.0,0.6,0.4,0.0,0.0,0.3,0.7,0.3,0.7,0.3,0.7,0.0,0.0,0.6,0.4,1.0,0.0,0.6,0.4,0.0,0.0,0.3,0.7,0.3,0.7,0.0,0.6,0.0,0.0,0.5,0.3,1.0,0.0,0.5,0.4,1.0,0.0,0.0,0.5,0.0,0.6,0.6,0.0,0.3,0.7,0.6,0.4,0.0,0.6
2016-07-31,0.6,0.4,1.0,0.0,0.4,0.6,0.654880779930559,0.0,1.0,0.0,1.0,0.0,1.0,0.0,0.44568446678086876,0.5543155332191311,1.0,0.0,0.6,0.4,0.7,0.3,1.0,0.0,0.9,0.1,0.0,0.0,1.0,0.0,0.0,0.0,0.6,0.4,0.6,0.4,0.7,0.0,1.0,0.0,0.7,0.3,1.0,0.0,0.8,0.2,1.0,0.0,0.7,0.0,0.7,0.0,0.3,0.7,0.0,0.0,0.7,0.3,0.0,0.0,0.6,0.4,0.0,0.0,0.3,0.7,0.3,0.7,0.4,0.5,1.0,0.0,0.6,0.4,1.0,0.0,0.6,0.4,0.0,0.0,0.3,0.7,0.4,0.6,0.3,0.6,1.0,0.0,0.7,0.2,1.0,0.0,0.8,0.2,1.0,0.0,0.3,0.5,0.3,0.6,0.7,0.0,0.3,0.7,0.8,0.2,0.3,0.6
2016-08-31,0.6,0.4,1.0,0.0,0.4,0.6,1.0,0.0,1.0,0.0,1.0,0.0,1.0,0.0,0.45125165861246613,0.5487483413875338,1.0,0.0,0.6,0.4,1.0,0.0,1.0,0.0,1.0,0.0,1.0,0.0,1.0,0.0,0.0,0.0,1.0,0.0,1.0,0.0,0.7,0.0,1.0,0.0,0.7,0.3,1.0,0.0,0.8,0.2,1.0,0.0,0.7,0.0,0.7,0.0,0.3,0.7,0.0,0.0,0.7,0.3,0.0,0.0,0.6,0.4,0.0,0.0,0.3,0.7,0.3,0.7,0.6,0.0,1.0,0.0,0.6,0.4,1.0,0.0,0.6,0.4,0.0,0.0,0.5,0.1,0.5,0.0,0.7,0.3,1.0,0.0,0.7,0.2,1.0,0.0,1.0,0.0,1.0,0.0,0.7,0.3,0.7,0.3,0.7,0.0,0.4,0.6,0.6,0.4,0.8,0.2
2016-09-30,0.6,0.4,1.0,0.0,0.4,0.6,0.210418527654717,0.0,1.0,0.0,1.0,0.0,1.0,0.0,0.4561273277610734,0.5438726722389267,1.0,0.0,0.6,0.4,1.0,0.0,1.0,0.0,1.0,0.0,1.0,0.0,1.0,0.0,0.0,0.0,1.0,0.0,1.0,0.0,0.7,0.0,1.0,0.0,0.7,0.3,1.0,0.0,0.8,0.2,1.0,0.0,0.7,0.0,0.7,0.0,0.4,0.6,1.0,0.0,0.8,0.2,1.0,0.0,0.8,0.2,0.0,0.0,0.3,0.7,0.3,0.7,0.6,0.0,1.0,0.0,0.6,0.4,1.0,0.0,0.7,0.3,0.0,0.0,0.6,0.0,0.6,0.0,1.0,0.0,1.0,0.0,0.7,0.2,1.0,0.0,1.0,0.0,1.0,0.0,0.9,0.1,0.9,0.1,0.7,0.0,0.5,0.3,0.2,0.6,1.0,0.0
2016-10-31,0.6,0.4,1.0,0.0,0.4,0.6,0.876576842295082,0.0,1.0,0.0,1.0,0.0,1.0,0.0,0.4648020018242612,0.5351979981757388,1.0,0.0,0.6,0.4,1.0,0.0,1.0,0.0,1.0,0.0,1.0,0.0,1.0,0.0,0.0,0.0,1.0,0.0,1.0,0.0,0.7,0.0,1.0,0.0,0.7,0.3,1.0,0.0,1.0,0.0,0.0,0.0,0.7,0.0,0.7,0.0,0.4,0.6,1.0,0.0,0.8,0.2,1.0,0.0,1.0,0.0,1.0,0.0,0.3,0.7,0.4,0.6,0.6,0.0,1.0,0.0,0.6,0.4,1.0,0.0,0.8,0.2,0.0,0.0,0.6,0.0,0.6,0.0,0.8,0.2,1.0,0.0,0.7,0.2,1.0,0.0,1.0,0.0,1.0,0.0,0.9,0.1,0.9,0.1,0.7,0.0,0.6,0.2,0.0,0.6,0.9,0.1
2016-11-30,0.6,0.4,1.0,0.0,0.4,0.6,0.3320165962862898,0.0,1.0,0.0,1.0,0.0,1.0,0.0,0.4763086763960918,0.5236913236039082,1.0,0.0,0.6,0.4,1.0,0.0,1.0,0.0,1.0,0.0,1.0,0.0,1.0,0.0,0.0,0.0,1.0,0.0,1.0,0.0,0.7,0.0,1.0,0.0,0.7,0.3,1.0,0.0,1.0,0.0,0.0,0.0,0.7,0.0,0.7,0.0,0.4,0.6,0.0,0.0,0.8,0.2,1.0,0.0,1.0,0.0,1.0,0.0,0.3,0.7,0.4,0.6,0.6,0.0,1.0,0.0,0.6,0.4,1.0,0.0,0.8,0.2,0.0,0.0,0.6,0.0,0.6,0.0,0.0,0.6,0.0,0.0,0.4,0.4,1.0,0.0,0.3,0.5,1.0,0.0,0.0,0.6,0.0,0.6,0.7,0.0,0.6,0.2,0.8,0.2,0.0,0.6
2016-12-31,0.6,0.4,1.0,0.0,0.4,0.6,0.6434306968626021,0.0,1.0,0.0,1.0,0.0,1.0,0.0,0.474884088099384,0.5251159119006161,1.0,0.0,0.6,0.4,1.0,0.0,1.0,0.0,1.0,0.0,1.0,0.0,1.0,0.0,0.0,0.0,1.0,0.0,1.0,0.0,0.7,0.0,1.0,0.0,1.0,0.0,1.0,0.0,1.0,0.0,1.0,0.0,0.7,0.0,0.7,0.0,0.5,0.4,1.0,0.0,0.8,0.0,1.0,0.0,1.0,0.0,1.0,0.0,0.4,0.6,0.4,0.6,0.7,0.0,1.0,0.0,0.7,0.3,0.0,0.0,1.0,0.0,1.0,0.0,0.6,0.0,0.6,0.0,0.2,0.6,1.0,0.0,0.7,0.2,1.0,0.0,0.8,0.2,1.0,0.0,0.2,0.6,0.2,0.6,0.7,0.0,0.6,0.2,1.0,0.0,0.2,0.6
2017-01-31,0.6,0.4,1.0,0.0,0.4,0.6,0.8461338742385635,0.0,1.0,0.0,1.0,0.0,1.0,0.0,0.4699967560027159,0.5300032439972842,1.0,0.0,0.6,0.4,1.0,0.0,1.0,0.0,1.0,0.0,1.0,0.0,1.0,0.0,1.0,0.0,1.0,0.0,1.0,0.0,0.7,0.0,1.0,0.0,1.0,0.0,1.0,0.0,1.0,0.0,1.0,0.0,0.7,0.0,0.7,0.0,0.5,0.4,1.0,0.0,0.8,0.0,1.0,0.0,1.0,0.0,1.0,0.0,0.4,0.6,0.4,0.5,0.7,0.0,1.0,0.0,0.7,0.3,0.0,0.0,1.0,0.0,1.0,0.0,0.6,0.0,0.6,0.0,0.7,0.3,1.0,0.0,0.7,0.3,1.0,0.0,1.0,0.0,1.0,0.0,0.7,0.3,0.7,0.3,0.7,0.0,0.6,0.1,1.0,0.0,0.8,0.2
2017-02-28,0.6,0.4,1.0,0.0,0.4,0.6,1.0,0.0,1.0,0.0,1.0,0.0,1.0,0.0,0.47282277781257576,0.5271772221874242,1.0,0.0,0.6,0.4,1.0,0.0,1.0,0.0,1.0,0.0,1.0,0.0,1.0,0.0,1.0,0.0,1.0,0.0,1.0,0.0,0.7,0.0,1.0,0.0,1.0,0.0,1.0,0.0,1.0,0.0,1.0,0.0,0.7,0.0,0.7,0.0,0.5,0.1,1.0,0.0,0.8,0.0,1.0,0.0,1.0,0.0,1.0,0.0,0.5,0.3,0.5,0.2,0.7,0.0,1.0,0.0,0.7,0.3,0.0,0.0,1.0,0.0,1.0,0.0,0.6,0.0,0.6,0.0,0.9,0.1,1.0,0.0,0.7,0.3,1.0,0.0,1.0,0.0,1.0,0.0,0.9,0.1,0.9,0.1,0.7,0.0,0.6,0.0,1.0,0.0,1.0,0.0
2017-03-31,0.6,0.4,1.0,0.0,0.4,0.6,0.5295207238724607,0.0,1.0,0.0,1.0,0.0,1.0,0.0,0.4731434525609538,0.5268565474390461,1.0,0.0,0.6,0.4,1.0,0.0,1.0,0.0,1.0,0.0,1.0,0.0,1.0,0.0,1.0,0.0,1.0,0.0,1.0,0.0,0.7,0.0,1.0,0.0,1.0,0.0,1.0,0.0,1.0,0.0,1.0,0.0,0.7,0.0,0.7,0.0,0.6,0.0,1.0,0.0,0.8,0.0,1.0,0.0,1.0,0.0,1.0,0.0,0.6,0.0,0.6,0.0,0.7,0.0,1.0,0.0,0.8,0.2,1.0,0.0,1.0,0.0,1.0,0.0,0.7,0.0,0.7,0.0,1.0,0.0,1.0,0.0,0.7,0.3,1.0,0.0,1.0,0.0,1.0,0.0,0.9,0.1,0.9,0.1,0.7,0.0,0.7,0.0,1.0,0.0,1.0,0.0
2017-04-30,0.6,0.4,1.0,0.0,0.4,0.6,0.7809450165955452,0.0,1.0,0.0,1.0,0.0,1.0,0.0,0.4731436800503049,0.5268563199496952,1.0,0.0,0.6,0.4,1.0,0.0,1.0,0.0,1.0,0.0,1.0,0.0,1.0,0.0,1.0,0.0,1.0,0.0,1.0,0.0,0.7,0.0,1.0,0.0,1.0,0.0,1.0,0.0,1.0,0.0,1.0,0.0,0.7,0.0,0.7,0.0,0.6,0.0,1.0,0.0,0.8,0.0,1.0,0.0,1.0,0.0,1.0,0.0,0.6,0.0,0.6,0.0,0.7,0.0,1.0,0.0,0.8,0.0,1.0,0.0,1.0,0.0,1.0,0.0,0.7,0.0,0.7,0.0,1.0,0.0,1.0,0.0,0.7,0.3,1.0,0.0,1.0,0.0,1.0,0.0,0.9,0.1,0.9,0.1,0.7,0.0,0.7,0.0,1.0,0.0,1.0,0.0
2017-05-31,0.6,0.4,1.0,0.0,0.4,0.6,0.6310116692773328,0.0,1.0,0.0,1.0,0.0,1.0,0.0,0.4717812574489153,0.5282187425510848,1.0,0.0,0.6,0.4,1.0,0.0,1.0,0.0,1.0,0.0,1.0,0.0,1.0,0.0,1.0,0.0,1.0,0.0,1.0,0.0,0.7,0.0,1.0,0.0,1.0,0.0,1.0,0.0,1.0,0.0,1.0,0.0,0.7,0.0,0.7,0.0,0.7,0.0,1.0,0.0,0.8,0.0,1.0,0.0,1.0,0.0,1.0,0.0,0.6,0.0,0.6,0.0,0.7,0.0,1.0,0.0,0.8,0.0,1.0,0.0,1.0,0.0,1.0,0.0,0.7,0.0,0.7,0.0,1.0,0.0,1.0,0.0,0.7,0.3,1.0,0.0,1.0,0.0,1.0,0.0,0.9,0.1,0.9,0.1,0.7,0.0,0.7,0.0,1.0,0.0,1.0,0.0
2017-06-30,0.6,0.4,1.0,0.0,0.4,0.6,0.6842979806857418,0.0,1.0,0.0,1.0,0.0,1.0,0.0,0.47286443436911685,0.5271355656308833,1.0,0.0,0.6,0.4,1.0,0.0,1.0,0.0,1.0,0.0,1.0,0.0,1.0,0.0,1.0,0.0,1.0,0.0,1.0,0.0,0.7,0.0,1.0,0.0,1.0,0.0,1.0,0.0,1.0,0.0,1.0,0.0,0.7,0.0,0.7,0.0,0.7,0.0,1.0,0.0,0.8,0.0,1.0,0.0,1.0,0.0,1.0,0.0,0.6,0.0,0.6,0.0,0.7,0.0,1.0,0.0,0.8,0.0,1.0,0.0,1.0,0.0,1.0,0.0,0.7,0.0,0.7,0.0,1.0,0.0,1.0,0.0,0.7,0.3,1.0,0.0,1.0,0.0,1.0,0.0,0.9,0.1,0.9,0.1,0.7,0.0,0.7,0.0,1.0,0.0,1.0,0.0
2017-07-31,0.6,0.4,1.0,0.0,0.4,0.6,1.0,0.0,1.0,0.0,1.0,0.0,1.0,0.0,0.4757876959077306,0.5242123040922695,1.0,0.0,0.6,0.4,1.0,0.0,1.0,0.0,1.0,0.0,1.0,0.0,1.0,0.0,1.0,0.0,1.0,0.0,1.0,0.0,0.7,0.0,1.0,0.0,1.0,0.0,1.0,0.0,1.0,0.0,1.0,0.0,0.7,0.0,0.7,0.0,0.7,0.0,1.0,0.0,0.8,0.0,1.0,0.0,1.0,0.0,1.0,0.0,0.6,0.0,0.6,0.0,0.7,0.0,1.0,0.0,0.8,0.0,1.0,0.0,1.0,0.0,1.0,0.0,0.7,0.0,0.7,0.0,1.0,0.0,1.0,0.0,0.8,0.2,1.0,0.0,1.0,0.0,1.0,0.0,0.9,0.1,0.9,0.1,0.7,0.0,0.7,0.0,1.0,0.0,1.0,0.0
2017-08-31,0.6,0.4,1.0,0.0,0.4,0.6,0.45130304246730346,0.0,1.0,0.0,1.0,0.0,1.0,0.0,0.4780026159004321,0.5219973840995679,1.0,0.0,0.6,0.4,1.0,0.0,1.0,0.0,1.0,0.0,1.0,0.0,1.0,0.0,1.0,0.0,1.0,0.0,1.0,0.0,0.7,0.0,1.0,0.0,1.0,0.0,1.0,0.0,1.0,0.0,1.0,0.0,0.7,0.0,0.7,0.0,0.7,0.0,1.0,0.0,0.8,0.0,1.0,0.0,1.0,0.0,1.0,0.0,0.6,0.0,0.6,0.0,0.7,0.0,1.0,0.0,0.8,0.0,1.0,0.0,1.0,0.0,1.0,0.0,0.7,0.0,0.7,0.0,0.9,0.1,1.0,0.0,0.7,0.2,1.0,0.0,1.0,0.0,1.0,0.0,0.9,0.1,0.9,0.1,0.7,0.0,0.7,0.0,1.0,0.0,1.0,0.0
2017-09-30,0.6,0.4,1.0,0.0,0.4,0.6,1.0,0.0,1.0,0.0,1.0,0.0,1.0,0.0,0.4807373270426156,0.5192626729573843,1.0,0.0,0.6,0.4,1.0,0.0,1.0,0.0,1.0,0.0,1.0,0.0,1.0,0.0,1.0,0.0,1.0,0.0,1.0,0.0,0.7,0.0,1.0,0.0,1.0,0.0,1.0,0.0,1.0,0.0,1.0,0.0,0.7,0.0,0.7,0.0,0.7,0.0,1.0,0.0,0.8,0.0,1.0,0.0,1.0,0.0,1.0,0.0,0.6,0.0,0.6,0.0,0.7,0.0,1.0,0.0,0.8,0.0,1.0,0.0,1.0,0.0,1.0,0.0,0.7,0.0,0.7,0.0,0.9,0.1,1.0,0.0,0.7,0.2,1.0,0.0,1.0,0.0,1.0,0.0,0.9,0.1,0.9,0.1,0.7,0.0,0.7,0.0,1.0,0.0,1.0,0.0
2017-10-31,0.6,0.4,1.0,0.0,0.4,0.6,1.0,0.0,1.0,0.0,1.0,0.0,1.0,0.0,0.47786139573083475,0.5221386042691651,1.0,0.0,0.6,0.4,1.0,0.0,1.0,0.0,1.0,0.0,1.0,0.0,1.0,0.0,1.0,0.0,1.0,0.0,1.0,0.0,0.7,0.0,1.0,0.0,1.0,0.0,1.0,0.0,1.0,0.0,1.0,0.0,0.7,0.0,0.7,0.0,0.7,0.0,1.0,0.0,0.8,0.0,1.0,0.0,1.0,0.0,1.0,0.0,0.6,0.0,0.6,0.0,0.7,0.0,1.0,0.0,0.8,0.0,1.0,0.0,1.0,0.0,1.0,0.0,0.7,0.0,0.7,0.0,1.0,0.0,1.0,0.0,0.7,0.2,1.0,0.0,1.0,0.0,1.0,0.0,0.9,0.1,0.9,0.1,0.7,0.0,0.7,0.0,1.0,0.0,1.0,0.0
2017-11-30,0.6,0.4,1.0,0.0,0.4,0.6,0.9186596348875831,0.0,1.0,0.0,1.0,0.0,1.0,0.0,0.4737366103427243,0.5262633896572758,1.0,0.0,0.6,0.4,1.0,0.0,1.0,0.0,1.0,0.0,1.0,0.0,1.0,0.0,1.0,0.0,1.0,0.0,1.0,0.0,0.7,0.0,1.0,0.0,1.0,0.0,1.0,0.0,1.0,0.0,1.0,0.0,0.7,0.0,0.7,0.0,0.7,0.0,1.0,0.0,0.8,0.0,1.0,0.0,1.0,0.0,1.0,0.0,0.6,0.0,0.6,0.0,0.7,0.0,1.0,0.0,0.8,0.0,1.0,0.0,1.0,0.0,1.0,0.0,0.7,0.0,0.7,0.0,1.0,0.0,1.0,0.0,0.7,0.2,1.0,0.0,1.0,0.0,1.0,0.0,0.9,0.1,0.9,0.1,0.7,0.0,0.7,0.0,1.0,0.0,1.0,0.0
2017-12-31,0.6,0.4,1.0,0.0,0.4,0.6,1.0,0.0,1.0,0.0,1.0,0.0,1.0,0.0,0.47094271038215557,0.5290572896178445,1.0,0.0,0.6,0.4,1.0,0.0,1.0,0.0,1.0,0.0,1.0,0.0,1.0,0.0,1.0,0.0,1.0,0.0,1.0,0.0,0.8,0.0,1.0,0.0,1.0,0.0,1.0,0.0,0.8,0.2,1.0,0.0,0.8,0.0,0.8,0.0,0.7,0.0,1.0,0.0,0.8,0.0,1.0,0.0,1.0,0.0,1.0,0.0,0.7,0.0,0.7,0.0,0.7,0.0,1.0,0.0,0.8,0.0,0.0,0.0,1.0,0.0,1.0,0.0,0.7,0.0,0.7,0.0,1.0,0.0,1.0,0.0,0.8,0.2,1.0,0.0,1.0,0.0,1.0,0.0,0.9,0.1,1.0,0.0,0.7,0.0,0.7,0.0,1.0,0.0,1.0,0.0
2018-01-31,0.6,0.4,1.0,0.0,0.4,0.6,0.4728678774572574,0.0,1.0,0.0,1.0,0.0,1.0,0.0,0.4485487006568417,0.5514512993431583,1.0,0.0,0.6,0.4,1.0,0.0,1.0,0.0,1.0,0.0,1.0,0.0,1.0,0.0,1.0,0.0,1.0,0.0,1.0,0.0,0.8,0.0,1.0,0.0,1.0,0.0,1.0,0.0,0.8,0.2,1.0,0.0,0.8,0.0,0.8,0.0,0.7,0.0,1.0,0.0,0.8,0.0,1.0,0.0,1.0,0.0,1.0,0.0,0.7,0.0,0.7,0.0,0.7,0.0,1.0,0.0,0.8,0.0,0.0,0.0,1.0,0.0,1.0,0.0,0.7,0.0,0.7,0.0,0.7,0.3,1.0,0.0,0.7,0.3,1.0,0.0,1.0,0.0,1.0,0.0,0.8,0.1,0.8,0.2,0.7,0.0,0.7,0.0,1.0,0.0,0.7,0.3
2018-02-28,0.6,0.4,1.0,0.0,0.4,0.6,0.07257706793418757,0.0,1.0,0.0,1.0,0.0,1.0,0.0,0.4363605828564441,0.563639417143556,1.0,0.0,0.6,0.4,0.2,0.8,0.0,0.0,0.1,0.8,0.0,0.0,0.0,1.0,0.0,0.0,0.2,0.6,0.2,0.7,0.8,0.0,1.0,0.0,1.0,0.0,1.0,0.0,0.8,0.2,1.0,0.0,0.8,0.0,0.8,0.0,0.7,0.0,1.0,0.0,0.8,0.0,1.0,0.0,1.0,0.0,1.0,0.0,0.7,0.0,0.7,0.0,0.7,0.0,1.0,0.0,0.8,0.0,0.0,0.0,1.0,0.0,1.0,0.0,0.7,0.0,0.7,0.0,0.6,0.4,1.0,0.0,0.7,0.3,1.0,0.0,0.9,0.1,1.0,0.0,0.8,0.2,0.8,0.2,0.7,0.0,0.7,0.0,1.0,0.0,0.7,0.3
2018-03-31,0.6,0.4,1.0,0.0,0.4,0.6,0.11542275999943458,0.0,1.0,0.0,1.0,0.0,1.0,0.0,0.43714975904438375,0.5628502409556162,1.0,0.0,0.6,0.4,0.0,1.0,0.0,0.0,0.0,0.8,0.0,0.0,0.0,0.9,0.0,0.0,0.0,0.9,0.0,1.0,0.8,0.0,1.0,0.0,1.0,0.0,1.0,0.0,0.8,0.2,1.0,0.0,0.8,0.0,0.8,0.0,0.7,0.0,1.0,0.0,0.8,0.0,1.0,0.0,1.0,0.0,1.0,0.0,0.7,0.0,0.7,0.0,0.7,0.0,1.0,0.0,0.8,0.0,0.0,0.0,1.0,0.0,1.0,0.0,0.7,0.0,0.7,0.0,0.6,0.4,1.0,0.0,0.7,0.3,1.0,0.0,0.9,0.1,1.0,0.0,0.8,0.2,0.8,0.2,0.7,0.0,0.7,0.0,1.0,0.0,0.7,0.3
2018-04-30,0.6,0.4,1.0,0.0,0.4,0.6,0.15689221147168894,0.0,1.0,0.0,1.0,0.0,1.0,0.0,0.43500498138244376,0.5649950186175563,0.0,0.0,0.0,0.0,0.0,1.0,0.0,0.0,0.3,0.5,0.0,0.0,0.2,0.7,0.0,0.0,0.0,1.0,0.0,1.0,0.8,0.0,1.0,0.0,1.0,0.0,1.0,0.0,0.8,0.2,1.0,0.0,0.8,0.0,0.8,0.0,0.7,0.0,1.0,0.0,0.8,0.0,1.0,0.0,1.0,0.0,1.0,0.0,0.7,0.0,0.7,0.0,0.7,0.0,1.0,0.0,0.8,0.0,0.0,0.0,1.0,0.0,1.0,0.0,0.7,0.0,0.7,0.0,0.9,0.1,1.0,0.0,0.8,0.2,1.0,0.0,1.0,0.0,1.0,0.0,0.8,0.2,0.8,0.2,0.7,0.0,0.7,0.0,1.0,0.0,0.9,0.1
2018-05-31,0.6,0.4,1.0,0.0,0.4,0.6,0.43036965948324907,0.0,1.0,0.0,1.0,0.0,1.0,0.0,0.4332854869083825,0.5667145130916175,1.0,0.0,0.6,0.4,0.1,0.9,0.0,0.0,0.7,0.2,0.0,0.0,0.7,0.3,0.0,0.0,0.0,1.0,0.1,0.9,0.8,0.0,1.0,0.0,1.0,0.0,1.0,0.0,0.8,0.2,1.0,0.0,0.8,0.0,0.8,0.0,0.7,0.0,1.0,0.0,0.8,0.0,1.0,0.0,1.0,0.0,1.0,0.0,0.7,0.0,0.7,0.0,0.7,0.0,1.0,0.0,0.8,0.0,0.0,0.0,1.0,0.0,1.0,0.0,0.7,0.0,0.7,0.0,1.0,0.0,1.0,0.0,0.8,0.2,1.0,0.0,1.0,0.0,1.0,0.0,0.9,0.1,0.9,0.1,0.7,0.0,0.7,0.0,1.0,0.0,1.0,0.0
2018-06-30,0.6,0.4,1.0,0.0,0.4,0.6,0.5441050449457463,0.0,1.0,0.0,1.0,0.0,1.0,0.0,0.4287888057939114,0.5712111942060886,1.0,0.0,0.6,0.4,0.7,0.3,1.0,0.0,0.9,0.1,0.0,0.0,1.0,0.0,0.0,0.0,0.6,0.4,0.6,0.4,0.8,0.0,1.0,0.0,1.0,0.0,1.0,0.0,0.8,0.2,1.0,0.0,0.8,0.0,0.8,0.0,0.7,0.0,1.0,0.0,0.8,0.0,1.0,0.0,0.8,0.0,1.0,0.0,0.7,0.0,0.7,0.0,0.7,0.0,1.0,0.0,0.8,0.0,0.0,0.0,1.0,0.0,1.0,0.0,0.7,0.0,0.7,0.0,1.0,0.0,1.0,0.0,0.8,0.2,1.0,0.0,1.0,0.0,1.0,0.0,0.9,0.1,1.0,0.0,0.7,0.0,0.7,0.0,1.0,0.0,1.0,0.0
2018-07-31,0.6,0.4,1.0,0.0,0.4,0.6,0.5581958335803536,0.0,1.0,0.0,1.0,0.0,1.0,0.0,0.4216832421401936,0.5783167578598063,1.0,0.0,0.6,0.4,1.0,0.0,1.0,0.0,1.0,0.0,1.0,0.0,1.0,0.0,0.0,0.0,1.0,0.0,1.0,0.0,0.8,0.0,1.0,0.0,1.0,0.0,1.0,0.0,0.8,0.2,1.0,0.0,0.8,0.0,0.8,0.0,0.7,0.0,1.0,0.0,0.8,0.0,1.0,0.0,0.1,0.0,0.0,0.0,0.7,0.0,0.7,0.0,0.7,0.0,1.0,0.0,0.8,0.0,0.0,0.0,0.3,0.0,0.0,0.0,0.7,0.0,0.7,0.0,1.0,0.0,1.0,0.0,0.8,0.2,1.0,0.0,1.0,0.0,1.0,0.0,0.9,0.1,1.0,0.0,0.7,0.0,0.7,0.0,0.6,0.4,1.0,0.0
2018-08-31,0.6,0.4,1.0,0.0,0.4,0.6,0.7127757496794879,0.0,1.0,0.0,1.0,0.0,1.0,0.0,0.4420927702572919,0.5579072297427081,1.0,0.0,0.6,0.4,1.0,0.0,1.0,0.0,1.0,0.0,1.0,0.0,1.0,0.0,0.0,0.0,1.0,0.0,1.0,0.0,0.8,0.0,1.0,0.0,0.8,0.2,1.0,0.0,0.8,0.2,1.0,0.0,0.8,0.0,0.8,0.0,0.7,0.0,1.0,0.0,0.8,0.0,1.0,0.0,0.0,0.0,0.0,0.0,0.7,0.0,0.7,0.0,0.7,0.0,1.0,0.0,0.8,0.0,0.0,0.0,0.0,0.0,0.0,0.0,0.7,0.0,0.7,0.0,1.0,0.0,1.0,0.0,0.8,0.2,1.0,0.0,1.0,0.0,1.0,0.0,0.9,0.1,1.0,0.0,0.7,0.0,0.7,0.0,0.0,0.6,1.0,0.0
2018-09-30,0.6,0.4,1.0,0.0,0.4,0.6,1.0,0.0,1.0,0.0,1.0,0.0,1.0,0.0,0.4673506315270784,0.5326493684729215,1.0,0.0,0.6,0.4,1.0,0.0,1.0,0.0,1.0,0.0,1.0,0.0,1.0,0.0,1.0,0.0,1.0,0.0,1.0,0.0,0.8,0.0,1.0,0.0,0.8,0.2,1.0,0.0,0.8,0.2,1.0,0.0,0.8,0.0,0.8,0.0,0.7,0.0,1.0,0.0,0.8,0.0,1.0,0.0,0.0,0.0,0.0,0.0,0.7,0.0,0.7,0.0,0.7,0.0,1.0,0.0,0.8,0.0,0.0,0.0,0.1,0.0,0.0,0.0,0.7,0.0,0.7,0.0,0.1,0.6,0.0,0.0,0.7,0.3,1.0,0.0,0.8,0.2,1.0,0.0,0.2,0.4,0.2,0.5,0.7,0.0,0.7,0.0,0.0,0.6,0.2,0.6
2018-10-31,0.6,0.4,1.0,0.0,0.4,0.6,0.0770174022075276,0.0,0.0,0.0,0.0,1.0,1.0,0.0,0.45498238014533254,0.5450176198546676,1.0,0.0,0.6,0.4,0.2,0.8,1.0,0.0,0.2,0.7,0.0,0.0,0.0,1.0,0.0,0.0,0.3,0.5,0.3,0.6,0.8,0.0,1.0,0.0,0.9,0.1,1.0,0.0,0.8,0.2,1.0,0.0,0.8,0.0,0.8,0.0,0.7,0.0,1.0,0.0,0.8,0.0,1.0,0.0,0.0,0.0,0.0,0.0,0.7,0.0,0.7,0.0,0.7,0.0,1.0,0.0,0.8,0.0,0.0,0.0,0.0,0.0,0.0,0.0,0.7,0.0,0.7,0.0,0.0,0.6,0.0,0.0,0.4,0.4,1.0,0.0,0.3,0.5,1.0,0.0,0.0,0.5,0.0,0.6,0.7,0.0,0.7,0.0,0.0,0.6,0.0,0.6
2018-11-30,0.6,0.4,1.0,0.0,0.4,0.6,0.12076328864307445,0.0,1.0,0.0,1.0,0.0,1.0,0.0,0.46925842130354367,0.5307415786964564,0.0,0.0,0.0,0.0,0.0,1.0,0.0,0.0,0.1,0.7,0.0,0.0,0.0,0.8,0.0,0.0,0.0,0.9,0.0,1.0,0.8,0.0,1.0,0.0,0.8,0.1,1.0,0.0,0.7,0.3,1.0,0.0,0.8,0.0,0.8,0.0,0.7,0.0,1.0,0.0,0.8,0.0,1.0,0.0,0.0,0.0,0.0,0.0,0.7,0.0,0.7,0.0,0.7,0.0,1.0,0.0,0.8,0.0,0.0,0.0,0.0,0.0,0.0,0.0,0.7,0.0,0.7,0.0,0.0,0.6,0.0,0.0,0.4,0.4,1.0,0.0,0.2,0.5,1.0,0.0,0.0,0.5,0.0,0.6,0.7,0.0,0.7,0.0,0.0,0.6,0.0,0.6
2018-12-31,0.6,0.4,1.0,0.0,0.4,0.6,0.052347331355675646,0.0,0.0,0.0,0.0,1.0,0.0,0.0,0.44475528014617094,0.5552447198538292,0.0,0.0,0.0,0.0,0.0,1.0,0.0,0.0,0.0,1.0,0.0,0.0,0.0,1.0,0.0,0.0,0.0,1.0,0.0,1.0,0.7,0.0,1.0,0.0,0.3,0.0,0.0,0.0,0.0,0.0,0.0,0.0,0.7,0.0,0.7,0.0,0.7,0.0,1.0,0.0,0.6,0.0,0.0,0.0,0.0,0.0,0.0,0.0,0.7,0.0,0.7,0.0,0.7,0.0,1.0,0.0,0.7,0.0,0.0,0.0,0.0,0.0,0.0,0.0,0.7,0.0,0.7,0.0,0.0,0.6,0.0,0.0,0.0,0.8,0.0,0.0,0.0,0.6,0.0,0.0,0.0,0.6,0.0,0.6,0.7,0.0,0.7,0.0,0.0,0.6,0.0,0.6
2019-01-31,0.6,0.4,1.0,0.0,0.4,0.6,0.11577734520895586,0.0,0.0,0.0,0.0,1.0,0.0,0.0,0.43045512977744943,0.5695448702225506,0.0,0.0,0.0,0.0,0.0,1.0,0.0,0.0,0.0,1.0,0.0,0.0,0.0,1.0,0.0,0.0,0.0,1.0,0.0,1.0,0.7,0.0,1.0,0.0,0.2,0.0,0.0,0.0,0.0,0.0,0.0,0.0,0.7,0.0,0.7,0.0,0.7,0.0,1.0,0.0,0.6,0.0,0.0,0.0,0.0,0.0,0.0,0.0,0.7,0.0,0.7,0.0,0.7,0.0,1.0,0.0,0.7,0.0,0.0,0.0,0.0,0.0,0.0,0.0,0.7,0.0,0.7,0.0,0.0,0.6,0.0,0.0,0.0,0.8,0.0,0.0,0.0,0.6,0.0,0.0,0.0,0.6,0.0,0.6,0.7,0.0,0.7,0.0,0.0,0.6,0.0,0.6
2019-02-28,0.6,0.4,1.0,0.0,0.4,0.6,0.6411797863032082,0.0,1.0,0.0,1.0,0.0,1.0,0.0,0.42533735504133025,0.5746626449586698,0.0,0.0,0.0,0.0,0.2,0.8,0.0,0.0,0.6,0.3,0.0,0.0,1.0,0.0,0.0,0.0,0.1,0.9,0.1,0.9,0.7,0.0,1.0,0.0,0.2,0.0,0.0,0.0,0.0,0.0,0.0,0.0,0.7,0.0,0.7,0.0,0.7,0.0,1.0,0.0,0.6,0.0,0.0,0.0,0.0,0.0,0.0,0.0,0.7,0.0,0.7,0.0,0.7,0.0,1.0,0.0,0.7,0.0,0.0,0.0,0.0,0.0,0.0,0.0,0.7,0.0,0.7,0.0,0.3,0.6,1.0,0.0,0.3,0.7,1.0,0.0,0.1,0.6,0.0,0.0,0.2,0.6,0.2,0.6,0.7,0.0,0.7,0.0,0.0,0.6,0.3,0.6
2019-03-31,0.6,0.4,1.0,0.0,0.4,0.6,0.28605156567605666,0.0,1.0,0.0,1.0,0.0,1.0,0.0,0.4461791952449507,0.5538208047550494,0.0,0.0,0.0,0.0,0.3,0.7,1.0,0.0,0.7,0.2,0.0,0.0,1.0,0.0,0.0,0.0,0.3,0.7,0.3,0.7,0.7,0.0,1.0,0.0,0.2,0.0,0.0,0.0,0.0,0.0,0.0,0.0,0.7,0.0,0.7,0.0,0.7,0.0,1.0,0.0,0.6,0.0,0.0,0.0,0.0,0.0,0.0,0.0,0.7,0.0,0.7,0.0,0.7,0.0,1.0,0.0,0.7,0.0,0.0,0.0,0.0,0.0,0.0,0.0,0.7,0.0,0.7,0.0,0.1,0.6,0.0,0.0,0.3,0.5,1.0,0.0,0.1,0.6,1.0,0.0,0.1,0.6,0.1,0.6,0.7,0.0,0.7,0.0,0.0,0.6,0.1,0.6
2019-04-30,0.6,0.4,1.0,0.0,0.4,0.6,0.8351435782751908,0.0,1.0,0.0,1.0,0.0,1.0,0.0,0.4440574724270862,0.5559425275729137,1.0,0.0,0.6,0.4,1.0,0.0,1.0,0.0,1.0,0.0,1.0,0.0,1.0,0.0,0.0,0.0,1.0,0.0,1.0,0.0,0.7,0.0,1.0,0.0,0.2,0.0,0.0,0.0,0.0,0.0,0.0,0.0,0.7,0.0,0.7,0.0,0.7,0.0,1.0,0.0,0.6,0.0,0.0,0.0,0.0,0.0,0.0,0.0,0.7,0.0,0.7,0.0,0.7,0.0,1.0,0.0,0.7,0.0,0.0,0.0,0.0,0.0,0.0,0.0,0.7,0.0,0.7,0.0,0.4,0.6,1.0,0.0,0.6,0.3,1.0,0.0,0.5,0.4,1.0,0.0,0.4,0.6,0.4,0.6,0.7,0.0,0.7,0.0,0.0,0.6,0.4,0.6
2019-05-31,0.6,0.4,1.0,0.0,0.4,0.6,0.17665847349656635,0.0,0.0,0.0,0.0,1.0,1.0,0.0,0.43804026668035473,0.5619597333196452,1.0,0.0,0.6,0.4,0.9,0.1,1.0,0.0,0.8,0.2,0.0,0.0,0.9,0.1,0.0,0.0,1.0,0.0,1.0,0.0,0.7,0.0,1.0,0.0,0.2,0.0,0.0,0.0,0.0,0.0,0.0,0.0,0.7,0.0,0.7,0.0,0.7,0.0,1.0,0.0,0.6,0.0,0.0,0.0,0.0,0.0,0.0,0.0,0.7,0.0,0.7,0.0,0.7,0.0,1.0,0.0,0.7,0.0,0.0,0.0,0.0,0.0,0.0,0.0,0.7,0.0,0.7,0.0,0.0,0.6,0.0,0.0,0.0,0.7,1.0,0.0,0.0,0.6,0.0,0.0,0.0,0.6,0.0,0.6,0.7,0.0,0.7,0.0,0.0,0.6,0.0,0.6
2019-06-30,0.6,0.4,1.0,0.0,0.4,0.6,0.30448722853444865,0.0,1.0,0.0,1.0,0.0,1.0,0.0,0.41288882319585235,0.5871111768041476,1.0,0.0,0.6,0.4,1.0,0.0,1.0,0.0,0.8,0.2,0.0,0.0,1.0,0.0,0.0,0.0,1.0,0.0,1.0,0.0,0.7,0.0,1.0,0.0,0.2,0.0,0.0,0.0,0.0,0.0,0.0,0.0,0.7,0.0,0.7,0.0,0.7,0.0,1.0,0.0,0.6,0.0,0.0,0.0,0.0,0.0,0.0,0.0,0.7,0.0,0.7,0.0,0.7,0.0,1.0,0.0,0.7,0.0,0.0,0.0,0.0,0.0,0.0,0.0,0.7,0.0,0.7,0.0,0.0,0.6,0.0,0.0,0.1,0.6,1.0,0.0,0.0,0.6,0.0,0.0,0.0,0.6,0.0,0.6,0.7,0.0,0.7,0.0,0.0,0.6,0.0,0.6
2019-07-31,0.6,0.4,1.0,0.0,0.4,0.6,0.580932409831954,0.0,1.0,0.0,1.0,0.0,1.0,0.0,0.41461557215627315,0.5853844278437269,1.0,0.0,0.6,0.4,1.0,0.0,1.0,0.0,1.0,0.0,0.0,0.0,1.0,0.0,0.0,0.0,1.0,0.0,1.0,0.0,0.7,0.0,1.0,0.0,0.2,0.0,0.0,0.0,0.0,0.0,0.0,0.0,0.7,0.0,0.7,0.0,0.7,0.0,1.0,0.0,0.6,0.0,0.0,0.0,0.0,0.0,0.0,0.0,0.7,0.0,0.7,0.0,0.7,0.0,1.0,0.0,0.7,0.0,0.0,0.0,0.0,0.0,0.0,0.0,0.7,0.0,0.7,0.0,0.5,0.5,1.0,0.0,0.6,0.4,1.0,0.0,0.3,0.5,1.0,0.0,0.4,0.6,0.4,0.6,0.7,0.0,0.7,0.0,0.0,0.6,0.5,0.5
2019-08-31,0.6,0.4,1.0,0.0,0.4,0.6,0.08096994812423107,0.0,1.0,0.0,1.0,0.0,1.0,0.0,0.43838809886531827,0.5616119011346817,1.0,0.0,0.6,0.4,0.2,0.8,0.0,0.0,0.2,0.6,0.0,0.0,0.3,0.6,0.0,0.0,0.3,0.5,0.2,0.7,0.7,0.0,1.0,0.0,0.2,0.0,0.0,0.0,0.0,0.0,0.0,0.0,0.7,0.0,0.7,0.0,0.7,0.0,1.0,0.0,0.6,0.0,0.0,0.0,0.0,0.0,0.0,0.0,0.7,0.0,0.7,0.0,0.7,0.0,1.0,0.0,0.7,0.0,0.0,0.0,0.0,0.0,0.0,0.0,0.7,0.0,0.7,0.0,0.0,0.6,0.0,0.0,0.0,0.7,0.0,0.0,0.0,0.6,0.0,0.0,0.0,0.6,0.0,0.6,0.7,0.0,0.7,0.0,0.2,0.6,0.0,0.6
2019-09-30,0.6,0.4,1.0,0.0,0.4,0.6,0.5018446479783236,0.0,1.0,0.0,1.0,0.0,1.0,0.0,0.4395939757179572,0.5604060242820428,1.0,0.0,0.6,0.4,0.8,0.2,1.0,0.0,0.8,0.2,0.0,0.0,1.0,0.0,0.0,0.0,0.7,0.3,0.8,0.2,0.7,0.0,1.0,0.0,0.2,0.0,0.0,0.0,0.0,0.0,0.0,0.0,0.7,0.0,0.7,0.0,0.7,0.0,1.0,0.0,0.6,0.0,0.0,0.0,0.0,0.0,0.0,0.0,0.7,0.0,0.7,0.0,0.7,0.0,1.0,0.0,0.7,0.0,0.0,0.0,0.0,0.0,0.0,0.0,0.7,0.0,0.7,0.0,0.0,0.6,0.0,0.0,0.2,0.5,1.0,0.0,0.0,0.6,0.0,0.0,0.0,0.6,0.0,0.6,0.7,0.0,0.7,0.0,0.4,0.6,0.1,0.6
2019-10-31,0.6,0.4,1.0,0.0,0.4,0.6,0.23207507228696314,0.0,1.0,0.0,1.0,0.0,1.0,0.0,0.43695255783349946,0.5630474421665006,1.0,0.0,0.6,0.4,0.8,0.2,1.0,0.0,0.7,0.2,0.0,0.0,0.8,0.2,0.0,0.0,0.7,0.3,0.8,0.2,0.7,0.0,1.0,0.0,0.2,0.0,0.0,0.0,0.0,0.0,0.0,0.0,0.7,0.0,0.7,0.0,0.7,0.0,1.0,0.0,0.6,0.0,0.0,0.0,0.0,0.0,0.0,0.0,0.7,0.0,0.7,0.0,0.7,0.0,1.0,0.0,0.7,0.0,0.0,0.0,0.0,0.0,0.0,0.0,0.7,0.0,0.7,0.0,0.5,0.5,1.0,0.0,0.6,0.3,1.0,0.0,0.4,0.5,1.0,0.0,0.5,0.5,0.5,0.5,0.7,0.0,0.7,0.0,0.4,0.6,0.5,0.5
2019-11-30,0.6,0.4,1.0,0.0,0.4,0.6,1.0,0.0,1.0,0.0,1.0,0.0,1.0,0.0,0.41930000870177747,0.5806999912982225,1.0,0.0,0.6,0.4,1.0,0.0,1.0,0.0,1.0,0.0,1.0,0.0,1.0,0.0,0.0,0.0,1.0,0.0,1.0,0.0,0.7,0.0,1.0,0.0,0.2,0.0,0.0,0.0,0.0,0.0,0.0,0.0,0.7,0.0,0.7,0.0,0.7,0.0,1.0,0.0,0.6,0.0,0.0,0.0,0.0,0.0,0.0,0.0,0.7,0.0,0.7,0.0,0.7,0.0,1.0,0.0,0.7,0.0,0.0,0.0,0.0,0.0,0.0,0.0,0.7,0.0,0.7,0.0,0.9,0.1,1.0,0.0,0.8,0.2,1.0,0.0,0.8,0.2,1.0,0.0,0.8,0.2,0.8,0.2,0.7,0.0,0.7,0.0,0.1,0.6,0.9,0.1
2019-12-31,0.6,0.4,1.0,0.0,0.4,0.6,0.7474272775743076,0.0,1.0,0.0,1.0,0.0,1.0,0.0,0.42271077331960005,0.5772892266804001,1.0,0.0,0.6,0.4,1.0,0.0,1.0,0.0,1.0,0.0,1.0,0.0,1.0,0.0,0.0,0.0,1.0,0.0,1.0,0.0,0.8,0.0,1.0,0.0,0.3,0.0,0.0,0.0,0.2,0.0,0.0,0.0,0.8,0.0,0.8,0.0,0.7,0.0,1.0,0.0,0.8,0.0,1.0,0.0,0.0,0.0,0.0,0.0,0.7,0.0,0.7,0.0,0.7,0.0,1.0,0.0,0.8,0.0,0.0,0.0,0.0,0.0,0.0,0.0,0.7,0.0,0.7,0.0,0.9,0.1,1.0,0.0,0.8,0.2,1.0,0.0,1.0,0.0,1.0,0.0,0.8,0.2,0.8,0.2,0.7,0.0,0.7,0.0,0.0,0.6,0.9,0.1
2020-01-31,0.6,0.4,1.0,0.0,0.4,0.6,0.33973421770717277,0.0,1.0,0.0,1.0,0.0,1.0,0.0,0.4376775120343984,0.5623224879656016,1.0,0.0,0.6,0.4,1.0,0.0,1.0,0.0,1.0,0.0,1.0,0.0,1.0,0.0,0.0,0.0,1.0,0.0,1.0,0.0,0.8,0.0,1.0,0.0,0.3,0.0,0.0,0.0,0.2,0.0,0.0,0.0,0.8,0.0,0.8,0.0,0.7,0.0,1.0,0.0,0.8,0.0,1.0,0.0,0.0,0.0,0.0,0.0,0.7,0.0,0.7,0.0,0.7,0.0,1.0,0.0,0.8,0.0,0.0,0.0,0.0,0.0,0.0,0.0,0.7,0.0,0.7,0.0,0.0,0.7,0.0,0.0,0.5,0.4,1.0,0.0,0.3,0.6,1.0,0.0,0.0,0.6,0.0,0.6,0.7,0.0,0.7,0.0,0.0,0.6,0.0,0.6
2020-02-29,0.6,0.4,1.0,0.0,0.4,0.6,0.08123433382420515,0.0,0.0,0.0,0.0,1.0,1.0,0.0,0.43016223201399983,0.5698377679860002,1.0,0.0,0.6,0.4,0.2,0.8,0.0,0.0,0.2,0.7,0.0,0.0,0.2,0.7,0.0,0.0,0.2,0.6,0.2,0.7,0.8,0.0,1.0,0.0,0.3,0.0,0.0,0.0,0.2,0.0,0.0,0.0,0.8,0.0,0.8,0.0,0.7,0.0,1.0,0.0,0.8,0.0,1.0,0.0,0.0,0.0,0.0,0.0,0.7,0.0,0.7,0.0,0.7,0.0,1.0,0.0,0.8,0.0,0.0,0.0,0.0,0.0,0.0,0.0,0.7,0.0,0.7,0.0,0.0,0.6,0.0,0.0,0.0,0.8,0.0,0.0,0.0,0.7,0.0,0.0,0.0,0.6,0.0,0.6,0.7,0.0,0.7,0.0,0.0,0.6,0.0,0.6
2020-03-31,0.6,0.4,1.0,0.0,0.4,0.6,0.005264500571712496,0.0,0.0,0.0,0.0,1.0,0.0,0.0,0.4032376515464695,0.5967623484535305,0.0,0.0,0.0,0.0,0.0,1.0,0.0,0.0,0.0,1.0,0.0,0.0,0.0,1.0,0.0,0.0,0.0,1.0,0.0,1.0,0.6,0.3,1.0,0.0,0.3,0.0,0.0,0.0,0.1,0.0,0.0,0.0,0.8,0.0,0.8,0.0,0.7,0.0,1.0,0.0,0.3,0.2,1.0,0.0,0.0,0.0,0.0,0.0,0.7,0.0,0.7,0.0,0.7,0.0,1.0,0.0,0.8,0.0,0.0,0.0,0.0,0.0,0.0,0.0,0.7,0.0,0.7,0.0,0.0,0.6,0.0,0.0,0.0,0.9,0.0,0.0,0.0,0.7,0.0,0.0,0.0,0.6,0.0,0.6,0.6,0.0,0.7,0.0,0.0,0.6,0.0,0.6
2020-04-30,0.6,0.4,1.0,0.0,0.4,0.6,0.02591282297435148,0.0,0.0,0.0,0.0,1.0,1.0,0.0,0.3787020814931989,0.621297918506801,0.0,0.0,0.0,0.0,0.0,1.0,0.0,0.0,0.0,1.0,0.0,0.0,0.0,1.0,0.0,0.0,0.0,1.0,0.0,1.0,0.7,0.1,1.0,0.0,0.3,0.0,0.0,0.0,0.1,0.0,0.0,0.0,0.8,0.0,0.8,0.0,0.3,0.7,0.0,0.0,0.0,0.5,0.0,0.0,0.0,0.0,0.0,0.0,0.3,0.7,0.3,0.7,0.7,0.0,1.0,0.0,0.5,0.5,1.0,0.0,0.0,0.0,0.0,0.0,0.7,0.0,0.7,0.0,0.0,0.6,0.0,0.0,0.0,0.9,0.0,0.0,0.0,0.7,0.0,0.0,0.0,0.6,0.0,0.6,0.6,0.0,0.4,0.6,0.0,0.6,0.0,0.6
2020-05-31,0.6,0.4,1.0,0.0,0.4,0.6,0.08549761895740347,0.0,1.0,0.0,1.0,0.0,1.0,0.0,0.3769797221480887,0.6230202778519114,0.0,0.0,0.0,0.0,0.0,1.0,0.0,0.0,0.0,1.0,0.0,0.0,0.0,1.0,0.0,0.0,0.0,1.0,0.0,1.0,0.8,0.0,1.0,0.0,0.3,0.0,0.0,0.0,0.2,0.0,0.0,0.0,0.8,0.0,0.8,0.0,0.3,0.7,0.0,0.0,0.0,0.5,0.0,0.0,0.0,0.0,0.0,0.0,0.3,0.7,0.3,0.7,0.7,0.0,1.0,0.0,0.4,0.6,1.0,0.0,0.0,0.0,0.0,0.0,0.7,0.0,0.7,0.0,0.1,0.6,0.0,0.0,0.0,0.8,0.0,0.0,0.0,0.7,0.0,0.0,0.0,0.6,0.0,0.6,0.7,0.0,0.3,0.7,0.1,0.6,0.1,0.6
2020-06-30,0.6,0.4,1.0,0.0,0.4,0.6,0.05197247112550485,0.0,1.0,0.0,1.0,0.0,1.0,0.0,0.3765091439433758,0.6234908560566242,0.0,0.0,0.0,0.0,0.0,1.0,0.0,0.0,0.0,1.0,0.0,0.0,0.0,1.0,0.0,0.0,0.0,1.0,0.0,1.0,0.8,0.0,1.0,0.0,0.3,0.0,0.0,0.0,0.2,0.0,0.0,0.0,0.8,0.0,0.8,0.0,0.4,0.6,0.0,0.0,0.0,0.5,0.0,0.0,0.0,0.0,0.0,0.0,0.3,0.7,0.3,0.7,0.7,0.0,1.0,0.0,0.7,0.3,1.0,0.0,0.0,0.0,0.0,0.0,0.7,0.0,0.7,0.0,0.5,0.5,1.0,0.0,0.5,0.5,0.0,0.0,0.4,0.5,1.0,0.0,0.5,0.5,0.5,0.5,0.7,0.0,0.6,0.0,0.0,0.6,0.5,0.5
2020-07-31,0.6,0.4,1.0,0.0,0.4,0.6,0.20715307318969037,0.0,1.0,0.0,1.0,0.0,1.0,0.0,0.3745082499411405,0.6254917500588595,0.0,0.0,0.0,0.0,0.0,1.0,0.0,0.0,0.0,1.0,0.0,0.0,0.0,0.9,0.0,0.0,0.0,1.0,0.0,1.0,0.8,0.0,1.0,0.0,0.3,0.0,0.0,0.0,0.2,0.0,0.0,0.0,0.8,0.0,0.8,0.0,0.6,0.2,1.0,0.0,0.0,0.5,0.0,0.0,0.0,0.0,0.0,0.0,0.5,0.4,0.5,0.3,0.7,0.0,1.0,0.0,0.6,0.4,1.0,0.0,0.0,0.0,0.0,0.0,0.7,0.0,0.7,0.0,0.5,0.5,1.0,0.0,0.4,0.4,1.0,0.0,0.5,0.5,1.0,0.0,0.5,0.5,0.5,0.5,0.7,0.0,0.7,0.0,0.0,0.6,0.5,0.5
2020-08-31,0.6,0.4,1.0,0.0,0.4,0.6,0.49294587818952806,0.0,1.0,0.0,1.0,0.0,1.0,0.0,0.37477607533245705,0.6252239246675431,1.0,0.0,0.6,0.4,0.2,0.8,0.0,0.0,0.7,0.3,0.0,0.0,0.8,0.2,0.0,0.0,0.1,0.9,0.1,0.9,0.8,0.0,1.0,0.0,0.3,0.0,0.0,0.0,0.2,0.0,0.0,0.0,0.8,0.0,0.8,0.0,0.7,0.0,1.0,0.0,0.0,0.5,0.0,0.0,0.0,0.0,0.0,0.0,0.7,0.0,0.7,0.0,0.7,0.0,1.0,0.0,0.7,0.3,1.0,0.0,0.0,0.0,0.0,0.0,0.7,0.0,0.7,0.0,0.1,0.6,0.0,0.0,0.3,0.5,1.0,0.0,0.1,0.6,0.0,0.0,0.1,0.5,0.1,0.6,0.7,0.0,0.7,0.0,0.0,0.6,0.1,0.6
2020-09-30,0.6,0.4,1.0,0.0,0.4,0.6,0.0736180753718304,0.0,1.0,0.0,1.0,0.0,1.0,0.0,0.3694415865421664,0.6305584134578337,1.0,0.0,0.6,0.4,0.0,1.0,0.0,0.0,0.0,0.9,0.0,0.0,0.1,0.8,0.0,0.0,0.0,1.0,0.0,1.0,0.8,0.0,1.0,0.0,0.3,0.0,0.0,0.0,0.2,0.0,0.0,0.0,0.8,0.0,0.8,0.0,0.7,0.0,1.0,0.0,0.0,0.5,0.0,0.0,0.0,0.0,0.0,0.0,0.7,0.0,0.7,0.0,0.7,0.0,1.0,0.0,0.8,0.1,0.0,0.0,0.0,0.0,0.0,0.0,0.7,0.0,0.7,0.0,0.3,0.6,1.0,0.0,0.5,0.4,1.0,0.0,0.3,0.6,1.0,0.0,0.2,0.5,0.2,0.6,0.7,0.0,0.7,0.0,0.0,0.6,0.2,0.6
2020-10-31,0.6,0.4,1.0,0.0,0.4,0.6,0.10425288491013032,0.0,1.0,0.0,1.0,0.0,1.0,0.0,0.3716515118805098,0.6283484881194903,1.0,0.0,0.6,0.4,0.0,1.0,0.0,0.0,0.0,1.0,0.0,0.0,0.1,0.8,0.0,0.0,0.0,1.0,0.0,1.0,0.8,0.0,1.0,0.0,0.3,0.0,0.0,0.0,0.2,0.0,0.0,0.0,0.8,0.0,0.8,0.0,0.7,0.0,1.0,0.0,0.0,0.5,0.0,0.0,0.0,0.0,0.0,0.0,0.7,0.0,0.7,0.0,0.7,0.0,1.0,0.0,0.8,0.0,0.0,0.0,0.0,0.0,0.0,0.0,0.7,0.0,0.7,0.0,0.4,0.6,1.0,0.0,0.7,0.3,1.0,0.0,0.6,0.4,1.0,0.0,0.4,0.5,0.4,0.6,0.7,0.0,0.7,0.0,0.0,0.6,0.4,0.6
2020-11-30,0.6,0.4,1.0,0.0,0.4,0.6,0.15056016785377777,0.0,1.0,0.0,1.0,0.0,1.0,0.0,0.3582696401377348,0.6417303598622651,1.0,0.0,0.6,0.4,0.0,1.0,0.0,0.0,0.1,0.8,0.0,0.0,0.2,0.7,0.0,0.0,0.0,1.0,0.0,1.0,0.8,0.0,1.0,0.0,0.3,0.0,0.0,0.0,0.2,0.0,0.0,0.0,0.8,0.0,0.8,0.0,0.7,0.0,1.0,0.0,0.0,0.5,0.0,0.0,0.0,0.0,0.0,0.0,0.7,0.0,0.7,0.0,0.7,0.0,1.0,0.0,0.8,0.0,0.0,0.0,0.0,0.0,0.0,0.0,0.7,0.0,0.7,0.0,0.0,0.7,0.0,0.0,0.0,0.7,1.0,0.0,0.0,0.7,0.0,0.0,0.0,0.6,0.0,0.6,0.7,0.0,0.7,0.0,0.0,0.6,0.0,0.6
2020-12-31,0.6,0.4,1.0,0.0,0.4,0.6,0.5913375242123003,0.0,1.0,0.0,1.0,0.0,1.0,0.0,0.3583899072265938,0.6416100927734062,1.0,0.0,0.6,0.4,0.2,0.8,0.0,0.0,0.8,0.2,0.0,0.0,1.0,0.0,0.0,0.0,0.1,0.9,0.1,0.9,0.8,0.1,1.0,0.0,0.3,0.0,0.0,0.0,0.2,0.1,0.0,0.0,0.8,0.1,0.8,0.1,0.6,0.0,1.0,0.0,0.8,0.0,1.0,0.0,0.0,0.0,0.0,0.0,0.6,0.0,0.6,0.0,0.7,0.0,1.0,0.0,0.8,0.1,0.0,0.0,0.1,0.0,0.0,0.0,0.7,0.0,0.7,0.0,0.3,0.7,1.0,0.0,0.3,0.5,1.0,0.0,0.2,0.7,0.0,0.0,0.2,0.6,0.2,0.6,0.7,0.0,0.7,0.0,0.0,0.6,0.2,0.6
2021-01-31,0.6,0.4,1.0,0.0,0.4,0.6,0.18280308867356163,0.0,1.0,0.0,1.0,0.0,1.0,0.0,0.3598843004111141,0.6401156995888859,1.0,0.0,0.6,0.4,0.1,0.9,0.0,0.0,0.7,0.3,0.0,0.0,0.6,0.4,0.0,0.0,0.1,0.9,0.1,0.9,0.8,0.1,1.0,0.0,0.3,0.0,0.0,0.0,0.5,0.2,1.0,0.0,0.8,0.1,0.8,0.1,0.6,0.0,1.0,0.0,0.8,0.0,1.0,0.0,0.0,0.0,0.0,0.0,0.6,0.0,0.6,0.0,0.7,0.0,1.0,0.0,0.8,0.1,0.0,0.0,0.1,0.0,0.0,0.0,0.7,0.0,0.7,0.0,0.4,0.6,1.0,0.0,0.6,0.4,1.0,0.0,0.4,0.6,1.0,0.0,0.3,0.6,0.3,0.6,0.7,0.0,0.7,0.0,0.0,0.6,0.3,0.6
2021-02-28,0.6,0.4,1.0,0.0,0.4,0.6,0.20689341818868212,0.0,1.0,0.0,1.0,0.0,1.0,0.0,0.37254970593262854,0.6274502940673714,1.0,0.0,0.6,0.4,0.1,0.9,0.0,0.0,0.7,0.3,0.0,0.0,0.4,0.6,0.0,0.0,0.1,0.9,0.1,0.9,0.8,0.1,1.0,0.0,0.4,0.0,0.0,0.0,0.9,0.1,1.0,0.0,0.8,0.1,0.8,0.1,0.6,0.0,1.0,0.0,0.8,0.0,1.0,0.0,0.1,0.0,0.0,0.0,0.6,0.0,0.6,0.0,0.7,0.0,1.0,0.0,0.8,0.1,0.0,0.0,0.3,0.0,0.0,0.0,0.7,0.0,0.7,0.0,0.0,0.7,0.0,0.0,0.5,0.4,1.0,0.0,0.1,0.7,0.0,0.0,0.0,0.6,0.0,0.7,0.7,0.0,0.7,0.0,0.1,0.6,0.0,0.6
2021-03-31,0.6,0.4,1.0,0.0,0.4,0.6,0.11710625936865522,0.0,1.0,0.0,1.0,0.0,1.0,0.0,0.3768235236441277,0.6231764763558723,1.0,0.0,0.6,0.4,0.0,1.0,0.0,0.0,0.5,0.4,0.0,0.0,0.2,0.8,0.0,0.0,0.0,1.0,0.0,1.0,0.7,0.1,1.0,0.0,0.8,0.2,1.0,0.0,1.0,0.0,1.0,0.0,0.8,0.1,0.8,0.1,0.6,0.0,1.0,0.0,0.8,0.0,1.0,0.0,0.5,0.0,0.0,0.0,0.6,0.0,0.6,0.0,0.7,0.0,1.0,0.0,0.8,0.1,0.0,0.0,0.8,0.0,1.0,0.0,0.7,0.0,0.7,0.0,0.0,0.7,0.0,0.0,0.7,0.3,1.0,0.0,0.2,0.6,1.0,0.0,0.0,0.6,0.0,0.7,0.7,0.0,0.7,0.0,0.5,0.5,0.0,0.6
2021-04-30,0.6,0.4,1.0,0.0,0.4,0.6,0.3412683021505621,0.0,1.0,0.0,1.0,0.0,1.0,0.0,0.3751066099772615,0.6248933900227385,1.0,0.0,0.6,0.4,0.1,0.9,0.0,0.0,0.7,0.3,0.0,0.0,0.5,0.5,0.0,0.0,0.0,1.0,0.0,1.0,0.7,0.1,1.0,0.0,1.0,0.0,1.0,0.0,0.9,0.1,1.0,0.0,0.8,0.1,0.8,0.1,0.6,0.0,1.0,0.0,0.8,0.0,1.0,0.0,1.0,0.0,1.0,0.0,0.6,0.0,0.6,0.0,0.7,0.0,1.0,0.0,0.8,0.1,0.0,0.0,1.0,0.0,1.0,0.0,0.7,0.0,0.7,0.0,0.1,0.7,0.0,0.0,0.7,0.3,1.0,0.0,0.4,0.6,1.0,0.0,0.1,0.6,0.1,0.7,0.7,0.0,0.7,0.0,1.0,0.0,0.1,0.6
2021-05-31,0.6,0.4,1.0,0.0,0.4,0.6,0.22681330164659327,0.0,1.0,0.0,1.0,0.0,1.0,0.0,0.3748716955486371,0.6251283044513629,1.0,0.0,0.6,0.4,0.1,0.9,0.0,0.0,0.7,0.3,0.0,0.0,0.5,0.5,0.0,0.0,0.0,1.0,0.0,1.0,0.7,0.1,1.0,0.0,1.0,0.0,1.0,0.0,0.9,0.1,1.0,0.0,0.8,0.1,0.8,0.1,0.6,0.0,1.0,0.0,0.8,0.0,1.0,0.0,1.0,0.0,1.0,0.0,0.6,0.0,0.6,0.0,0.7,0.0,1.0,0.0,0.8,0.1,0.0,0.0,1.0,0.0,1.0,0.0,0.7,0.0,0.7,0.0,0.6,0.4,1.0,0.0,0.8,0.2,1.0,0.0,0.8,0.2,1.0,0.0,0.6,0.4,0.6,0.4,0.7,0.0,0.7,0.0,1.0,0.0,0.6,0.4
2021-06-30,0.6,0.4,1.0,0.0,0.4,0.6,0.6256842847956076,0.0,1.0,0.0,1.0,0.0,1.0,0.0,0.37616508750334343,0.6238349124966567,1.0,0.0,0.6,0.4,0.7,0.3,1.0,0.0,0.9,0.1,0.0,0.0,1.0,0.0,0.0,0.0,0.6,0.4,0.6,0.4,0.8,0.1,1.0,0.0,1.0,0.0,1.0,0.0,0.9,0.1,1.0,0.0,0.8,0.1,0.8,0.1,0.6,0.0,1.0,0.0,0.8,0.0,1.0,0.0,1.0,0.0,1.0,0.0,0.6,0.0,0.6,0.0,0.7,0.0,1.0,0.0,0.8,0.1,0.0,0.0,1.0,0.0,1.0,0.0,0.7,0.0,0.7,0.0,0.7,0.3,1.0,0.0,0.8,0.2,1.0,0.0,0.9,0.1,1.0,0.0,0.6,0.4,0.6,0.4,0.7,0.0,0.7,0.0,1.0,0.0,0.7,0.3
2021-07-31,0.6,0.4,1.0,0.0,0.4,0.6,0.3234020603873143,0.0,1.0,0.0,1.0,0.0,1.0,0.0,0.37682258843257144,0.6231774115674287,1.0,0.0,0.6,0.4,0.9,0.1,1.0,0.0,0.8,0.2,0.0,0.0,1.0,0.0,0.0,0.0,0.9,0.1,0.9,0.1,0.8,0.1,1.0,0.0,1.0,0.0,1.0,0.0,1.0,0.0,1.0,0.0,0.8,0.1,0.8,0.1,0.6,0.0,1.0,0.0,0.8,0.0,1.0,0.0,1.0,0.0,1.0,0.0,0.6,0.0,0.6,0.0,0.7,0.0,1.0,0.0,0.8,0.1,0.0,0.0,1.0,0.0,1.0,0.0,0.7,0.0,0.7,0.0,0.7,0.3,1.0,0.0,0.8,0.2,1.0,0.0,1.0,0.0,1.0,0.0,0.6,0.4,0.7,0.3,0.7,0.0,0.7,0.0,1.0,0.0,0.7,0.3
2021-08-31,0.6,0.4,1.0,0.0,0.4,0.6,0.565245550022468,0.0,1.0,0.0,1.0,0.0,1.0,0.0,0.3772600804801761,0.6227399195198239,1.0,0.0,0.6,0.4,1.0,0.0,1.0,0.0,1.0,0.0,0.0,0.0,1.0,0.0,0.0,0.0,1.0,0.0,1.0,0.0,0.8,0.1,1.0,0.0,1.0,0.0,1.0,0.0,1.0,0.0,1.0,0.0,0.8,0.1,0.8,0.1,0.6,0.0,1.0,0.0,0.8,0.0,1.0,0.0,1.0,0.0,1.0,0.0,0.6,0.0,0.6,0.0,0.7,0.0,1.0,0.0,0.8,0.1,0.0,0.0,1.0,0.0,1.0,0.0,0.7,0.0,0.7,0.0,1.0,0.0,1.0,0.0,0.8,0.2,1.0,0.0,1.0,0.0,1.0,0.0,0.9,0.1,0.9,0.1,0.7,0.0,0.7,0.0,1.0,0.0,1.0,0.0
2021-09-30,0.6,0.4,1.0,0.0,0.4,0.6,0.26344825488370055,0.0,1.0,0.0,1.0,0.0,1.0,0.0,0.36648481954402257,0.6335151804559774,1.0,0.0,0.6,0.4,1.0,0.0,1.0,0.0,0.8,0.2,0.0,0.0,1.0,0.0,0.0,0.0,1.0,0.0,1.0,0.0,0.8,0.1,1.0,0.0,1.0,0.0,1.0,0.0,1.0,0.0,1.0,0.0,0.8,0.1,0.8,0.1,0.6,0.0,1.0,0.0,0.8,0.0,1.0,0.0,1.0,0.0,1.0,0.0,0.6,0.0,0.6,0.0,0.7,0.0,1.0,0.0,0.8,0.1,0.0,0.0,1.0,0.0,1.0,0.0,0.7,0.0,0.7,0.0,0.8,0.2,1.0,0.0,0.7,0.3,1.0,0.0,1.0,0.0,1.0,0.0,0.9,0.1,0.9,0.1,0.7,0.0,0.7,0.0,1.0,0.0,0.8,0.2
2021-10-31,0.6,0.4,1.0,0.0,0.4,0.6,0.3080615001562285,0.0,1.0,0.0,1.0,0.0,1.0,0.0,0.36999699439714423,0.6300030056028558,1.0,0.0,0.6,0.4,1.0,0.0,1.0,0.0,0.8,0.2,0.0,0.0,1.0,0.0,0.0,0.0,1.0,0.0,1.0,0.0,0.7,0.1,1.0,0.0,1.0,0.0,1.0,0.0,1.0,0.0,1.0,0.0,0.8,0.1,0.8,0.1,0.6,0.0,1.0,0.0,0.8,0.0,1.0,0.0,1.0,0.0,1.0,0.0,0.6,0.0,0.6,0.0,0.7,0.0,1.0,0.0,0.8,0.1,0.0,0.0,1.0,0.0,1.0,0.0,0.7,0.0,0.7,0.0,0.9,0.1,1.0,0.0,0.7,0.3,1.0,0.0,1.0,0.0,1.0,0.0,0.9,0.1,0.9,0.1,0.7,0.0,0.7,0.0,1.0,0.0,0.9,0.1
2021-11-30,0.6,0.4,1.0,0.0,0.4,0.6,0.2791472869829117,0.0,1.0,0.0,1.0,0.0,1.0,0.0,0.3636802863937322,0.6363197136062677,1.0,0.0,0.6,0.4,1.0,0.0,1.0,0.0,0.8,0.2,0.0,0.0,1.0,0.0,0.0,0.0,1.0,0.0,1.0,0.0,0.7,0.1,1.0,0.0,1.0,0.0,1.0,0.0,1.0,0.0,1.0,0.0,0.8,0.1,0.8,0.1,0.6,0.0,1.0,0.0,0.8,0.0,1.0,0.0,1.0,0.0,1.0,0.0,0.6,0.0,0.6,0.0,0.7,0.0,1.0,0.0,0.8,0.1,0.0,0.0,1.0,0.0,1.0,0.0,0.7,0.0,0.7,0.0,0.9,0.1,1.0,0.0,0.7,0.3,1.0,0.0,1.0,0.0,1.0,0.0,0.9,0.1,0.9,0.1,0.7,0.0,0.7,0.0,1.0,0.0,1.0,0.0
2021-12-31,0.6,0.4,1.0,0.0,0.5,0.5,0.1347961774984725,0.0,1.0,0.0,1.0,0.0,1.0,0.0,0.37337988367811736,0.6266201163218825,1.0,0.0,0.6,0.4,0.5,0.5,1.0,0.0,0.6,0.3,0.0,0.0,0.4,0.6,0.0,0.0,0.7,0.1,0.7,0.3,0.8,0.1,1.0,0.0,1.0,0.0,1.0,0.0,1.0,0.0,1.0,0.0,0.8,0.1,0.8,0.1,0.7,0.0,1.0,0.0,0.9,0.0,1.0,0.0,1.0,0.0,1.0,0.0,0.7,0.0,0.7,0.0,0.7,0.0,1.0,0.0,0.8,0.1,0.0,0.0,1.0,0.0,1.0,0.0,0.7,0.0,0.7,0.0,1.0,0.0,1.0,0.0,0.8,0.2,1.0,0.0,1.0,0.0,1.0,0.0,1.0,0.0,1.0,0.0,0.7,0.0,0.7,0.0,0.7,0.3,1.0,0.0
2022-01-31,0.6,0.4,1.0,0.0,0.5,0.5,0.11412378099341872,0.0,0.0,0.0,0.0,1.0,1.0,0.0,0.37309769232245504,0.6269023076775451,0.0,0.0,0.0,0.0,0.1,0.9,0.0,0.0,0.4,0.5,0.0,0.0,0.2,0.7,0.0,0.0,0.1,0.8,0.1,0.9,0.8,0.1,1.0,0.0,1.0,0.0,1.0,0.0,1.0,0.0,1.0,0.0,0.8,0.1,0.8,0.1,0.7,0.0,1.0,0.0,0.9,0.0,1.0,0.0,1.0,0.0,1.0,0.0,0.7,0.0,0.7,0.0,0.7,0.0,1.0,0.0,0.8,0.1,0.0,0.0,1.0,0.0,1.0,0.0,0.7,0.0,0.7,0.0,0.7,0.3,1.0,0.0,0.7,0.3,1.0,0.0,0.9,0.1,1.0,0.0,0.9,0.1,0.9,0.1,0.7,0.0,0.7,0.0,0.5,0.5,0.8,0.2
2022-02-28,0.6,0.4,1.0,0.0,0.5,0.5,0.09644171377985726,0.0,0.0,0.0,0.0,1.0,1.0,0.0,0.37157780242024246,0.6284221975797575,0.0,0.0,0.0,0.0,0.0,1.0,0.0,0.0,0.1,0.8,0.0,0.0,0.2,0.7,0.0,0.0,0.0,1.0,0.0,1.0,0.8,0.1,1.0,0.0,1.0,0.0,1.0,0.0,1.0,0.0,0.0,0.0,0.8,0.1,0.8,0.1,0.7,0.0,1.0,0.0,0.9,0.0,1.0,0.0,1.0,0.0,1.0,0.0,0.7,0.0,0.7,0.0,0.7,0.0,1.0,0.0,0.8,0.1,0.0,0.0,1.0,0.0,1.0,0.0,0.7,0.0,0.7,0.0,0.9,0.1,1.0,0.0,0.8,0.2,1.0,0.0,1.0,0.0,1.0,0.0,0.9,0.1,0.9,0.1,0.7,0.0,0.7,0.0,0.1,0.6,1.0,0.0
2022-03-31,0.6,0.4,1.0,0.0,0.5,0.5,0.07219317300986226,0.0,0.0,0.0,0.0,1.0,1.0,0.0,0.3702396777217186,0.6297603222782814,0.0,0.0,0.0,0.0,0.0,1.0,0.0,0.0,0.0,1.0,0.0,0.0,0.0,1.0,0.0,0.0,0.0,1.0,0.0,1.0,0.7,0.2,1.0,0.0,1.0,0.0,1.0,0.0,1.0,0.0,0.0,0.0,0.8,0.1,0.8,0.1,0.7,0.0,1.0,0.0,0.9,0.0,1.0,0.0,1.0,0.0,1.0,0.0,0.7,0.0,0.7,0.0,0.7,0.0,1.0,0.0,0.8,0.1,0.0,0.0,1.0,0.0,1.0,0.0,0.7,0.0,0.7,0.0,0.8,0.2,1.0,0.0,0.8,0.2,1.0,0.0,1.0,0.0,1.0,0.0,0.9,0.1,0.9,0.1,0.7,0.0,0.7,0.0,0.0,0.6,0.8,0.2
2022-04-30,0.6,0.4,1.0,0.0,0.5,0.5,0.0754093055611596,0.0,0.0,0.0,0.0,1.0,0.0,0.0,0.36138516150152494,0.6386148384984751,0.0,0.0,0.0,0.0,0.0,1.0,0.0,0.0,0.0,1.0,0.0,0.0,0.0,1.0,0.0,0.0,0.0,1.0,0.0,1.0,0.6,0.4,1.0,0.0,1.0,0.0,1.0,0.0,1.0,0.0,0.0,0.0,0.7,0.1,0.7,0.2,0.7,0.0,1.0,0.0,0.8,0.0,1.0,0.0,1.0,0.0,1.0,0.0,0.7,0.0,0.7,0.0,0.7,0.0,1.0,0.0,0.7,0.1,0.0,0.0,1.0,0.0,1.0,0.0,0.7,0.0,0.7,0.0,0.0,0.7,0.0,0.0,0.1,0.7,1.0,0.0,0.2,0.6,0.0,0.0,0.1,0.6,0.1,0.6,0.7,0.0,0.7,0.0,0.0,0.6,0.0,0.6
2022-05-31,0.6,0.4,1.0,0.0,0.5,0.5,0.04522531781540209,0.0,0.0,0.0,0.0,1.0,0.0,0.0,0.3593186866371584,0.6406813133628416,0.0,0.0,0.0,0.0,0.0,1.0,0.0,0.0,0.0,1.0,0.0,0.0,0.0,1.0,0.0,0.0,0.0,1.0,0.0,1.0,0.3,0.7,0.0,0.0,0.4,0.6,0.0,0.0,0.5,0.5,0.0,0.0,0.3,0.7,0.3,0.7,0.7,0.0,1.0,0.0,0.8,0.0,1.0,0.0,1.0,0.0,1.0,0.0,0.7,0.0,0.7,0.0,0.7,0.0,1.0,0.0,0.8,0.1,0.0,0.0,1.0,0.0,1.0,0.0,0.7,0.0,0.7,0.0,0.4,0.6,1.0,0.0,0.6,0.4,1.0,0.0,0.6,0.4,1.0,0.0,0.4,0.6,0.4,0.6,0.7,0.0,0.7,0.0,0.0,0.6,0.4,0.6
2022-06-30,0.6,0.4,1.0,0.0,0.5,0.5,0.05058865136836977,0.0,0.0,0.0,0.0,1.0,0.0,0.0,0.3536723962634206,0.6463276037365794,0.0,0.0,0.0,0.0,0.0,1.0,0.0,0.0,0.0,1.0,0.0,0.0,0.0,1.0,0.0,0.0,0.0,1.0,0.0,1.0,0.2,0.8,0.0,0.0,0.3,0.7,0.0,0.0,0.4,0.6,0.0,0.0,0.2,0.8,0.2,0.8,0.7,0.0,1.0,0.0,0.8,0.0,1.0,0.0,0.2,0.0,0.0,0.0,0.7,0.0,0.7,0.0,0.7,0.0,1.0,0.0,0.8,0.1,0.0,0.0,0.3,0.0,0.0,0.0,0.7,0.0,0.7,0.0,0.1,0.7,0.0,0.0,0.2,0.6,1.0,0.0,0.1,0.7,0.0,0.0,0.1,0.6,0.1,0.6,0.7,0.0,0.7,0.0,0.0,0.6,0.1,0.6
2022-07-31,0.6,0.4,1.0,0.0,0.5,0.5,0.1114940359868108,0.0,0.0,0.0,0.0,1.0,0.0,0.0,0.3470345880824312,0.6529654119175687,0.0,0.0,0.0,0.0,0.0,1.0,0.0,0.0,0.0,1.0,0.0,0.0,0.0,1.0,0.0,0.0,0.0,1.0,0.0,1.0,0.7,0.2,1.0,0.0,0.8,0.2,1.0,0.0,0.5,0.5,1.0,0.0,0.7,0.3,0.7,0.3,0.7,0.0,1.0,0.0,0.7,0.0,1.0,0.0,0.0,0.0,0.0,0.0,0.7,0.0,0.7,0.0,0.7,0.0,1.0,0.0,0.8,0.1,0.0,0.0,0.0,0.0,0.0,0.0,0.7,0.0,0.7,0.0,0.0,0.7,0.0,0.0,0.1,0.8,1.0,0.0,0.0,0.7,0.0,0.0,0.1,0.6,0.1,0.6,0.7,0.0,0.7,0.0,0.0,0.6,0.1,0.6
2022-08-31,0.6,0.4,1.0,0.0,0.5,0.5,0.11111135433166483,0.0,0.0,0.0,0.0,1.0,0.0,0.0,0.32507973216735464,0.6749202678326454,0.0,0.0,0.0,0.0,0.0,1.0,0.0,0.0,0.0,1.0,0.0,0.0,0.0,1.0,0.0,0.0,0.0,1.0,0.0,1.0,0.8,0.1,1.0,0.0,0.2,0.0,0.0,0.0,0.1,0.1,0.0,0.0,0.8,0.1,0.8,0.1,0.7,0.0,1.0,0.0,0.7,0.0,1.0,0.0,0.0,0.0,0.0,0.0,0.7,0.0,0.7,0.0,0.7,0.0,1.0,0.0,0.8,0.1,0.0,0.0,0.0,0.0,0.0,0.0,0.7,0.0,0.7,0.0,0.1,0.7,0.0,0.0,0.3,0.5,1.0,0.0,0.1,0.7,0.0,0.0,0.1,0.6,0.1,0.6,0.7,0.0,0.7,0.0,0.0,0.6,0.1,0.6
2022-09-30,0.6,0.4,1.0,0.0,0.5,0.5,0.07717328044341187,0.0,0.0,0.0,0.0,1.0,0.0,0.0,0.3190955578497676,0.6809044421502325,0.0,0.0,0.0,0.0,0.0,1.0,0.0,0.0,0.0,1.0,0.0,0.0,0.0,1.0,0.0,0.0,0.0,1.0,0.0,1.0,0.8,0.1,1.0,0.0,0.1,0.0,0.0,0.0,0.1,0.1,0.0,0.0,0.8,0.1,0.8,0.1,0.7,0.0,1.0,0.0,0.7,0.0,1.0,0.0,0.0,0.0,0.0,0.0,0.7,0.0,0.7,0.0,0.7,0.0,1.0,0.0,0.8,0.1,0.0,0.0,0.0,0.0,0.0,0.0,0.7,0.0,0.7,0.0,0.0,0.7,0.0,0.0,0.0,0.9,0.0,0.0,0.0,0.7,0.0,0.0,0.0,0.6,0.0,0.6,0.7,0.0,0.7,0.0,0.0,0.6,0.0,0.6
2022-10-31,0.6,0.4,1.0,0.0,0.5,0.5,0.0602091344317569,0.0,0.0,0.0,0.0,1.0,0.0,0.0,0.3155157361910567,0.6844842638089433,0.0,0.0,0.0,0.0,0.0,1.0,0.0,0.0,0.0,1.0,0.0,0.0,0.0,1.0,0.0,0.0,0.0,1.0,0.0,1.0,0.8,0.1,1.0,0.0,0.1,0.0,0.0,0.0,0.1,0.1,0.0,0.0,0.8,0.1,0.8,0.1,0.7,0.0,1.0,0.0,0.6,0.1,1.0,0.0,0.0,0.0,0.0,0.0,0.7,0.0,0.7,0.0,0.7,0.0,1.0,0.0,0.8,0.1,0.0,0.0,0.0,0.0,0.0,0.0,0.7,0.0,0.7,0.0,0.0,0.7,0.0,0.0,0.0,0.8,1.0,0.0,0.0,0.7,0.0,0.0,0.0,0.6,0.0,0.6,0.7,0.0,0.7,0.0,0.2,0.6,0.0,0.6
2022-11-30,0.6,0.4,1.0,0.0,0.5,0.5,0.0592963902180131,0.0,1.0,0.0,1.0,0.0,0.0,0.0,0.31793213736004705,0.6820678626399529,0.0,0.0,0.0,0.0,0.0,1.0,0.0,0.0,0.0,1.0,0.0,0.0,0.0,1.0,0.0,0.0,0.0,1.0,0.0,1.0,0.8,0.1,1.0,0.0,0.1,0.0,0.0,0.0,0.1,0.1,0.0,0.0,0.8,0.1,0.8,0.1,0.7,0.0,1.0,0.0,0.3,0.3,1.0,0.0,0.0,0.0,0.0,0.0,0.7,0.0,0.7,0.0,0.7,0.0,1.0,0.0,0.8,0.1,0.0,0.0,0.0,0.0,0.0,0.0,0.7,0.0,0.7,0.0,0.1,0.7,0.0,0.0,0.2,0.6,1.0,0.0,0.1,0.7,0.0,0.0,0.1,0.6,0.1,0.6,0.7,0.0,0.7,0.0,0.3,0.6,0.1,0.6
2022-12-31,0.6,0.4,1.0,0.0,0.4,0.6,0.1324451793543929,0.0,0.0,0.0,0.0,1.0,0.0,0.0,0.3122909318618367,0.6877090681381633,0.0,0.0,0.0,0.0,0.0,1.0,0.0,0.0,0.0,1.0,0.0,0.0,0.0,1.0,0.0,0.0,0.0,1.0,0.0,1.0,0.7,0.0,1.0,0.0,0.1,0.0,0.0,0.0,0.1,0.0,0.0,0.0,0.7,0.0,0.7,0.0,0.6,0.0,1.0,0.0,0.7,0.0,0.0,0.0,0.0,0.0,0.0,0.0,0.6,0.0,0.6,0.0,0.6,0.0,1.0,0.0,0.7,0.0,0.0,0.0,0.0,0.0,0.0,0.0,0.6,0.0,0.6,0.0,0.1,0.6,0.0,0.0,0.0,0.7,1.0,0.0,0.0,0.6,0.0,0.0,0.1,0.6,0.1,0.6,0.7,0.0,0.7,0.0,0.6,0.4,0.1,0.6
2023-01-31,0.6,0.4,1.0,0.0,0.4,0.6,0.1588845504708882,0.0,1.0,0.0,1.0,0.0,0.0,0.0,0.29599813003844416,0.7040018699615558,0.0,0.0,0.0,0.0,0.0,1.0,0.0,0.0,0.0,1.0,0.0,0.0,0.1,0.7,0.0,0.0,0.0,1.0,0.0,1.0,0.7,0.0,1.0,0.0,0.1,0.0,0.0,0.0,0.1,0.0,0.0,0.0,0.7,0.0,0.7,0.0,0.6,0.0,1.0,0.0,0.7,0.0,0.0,0.0,0.0,0.0,0.0,0.0,0.6,0.0,0.6,0.0,0.6,0.0,1.0,0.0,0.7,0.0,0.0,0.0,0.0,0.0,0.0,0.0,0.6,0.0,0.6,0.0,0.2,0.6,1.0,0.0,0.1,0.6,1.0,0.0,0.1,0.6,0.0,0.0,0.1,0.6,0.1,0.6,0.7,0.0,0.7,0.0,0.8,0.2,0.2,0.6
2023-02-28,0.6,0.4,1.0,0.0,0.4,0.6,0.20264060818729132,0.0,1.0,0.0,1.0,0.0,0.0,0.0,0.28653620501956223,0.7134637949804378,0.0,0.0,0.0,0.0,0.0,0.9,0.0,0.0,0.2,0.6,0.0,0.0,0.3,0.6,0.0,0.0,0.0,1.0,0.0,1.0,0.7,0.0,1.0,0.0,0.1,0.0,0.0,0.0,0.1,0.0,0.0,0.0,0.7,0.0,0.7,0.0,0.6,0.0,1.0,0.0,0.7,0.0,0.0,0.0,0.0,0.0,0.0,0.0,0.6,0.0,0.6,0.0,0.6,0.0,1.0,0.0,0.7,0.0,0.0,0.0,0.0,0.0,0.0,0.0,0.6,0.0,0.6,0.0,0.3,0.6,1.0,0.0,0.3,0.4,1.0,0.0,0.3,0.5,1.0,0.0,0.2,0.6,0.2,0.6,0.7,0.0,0.7,0.0,1.0,0.0,0.3,0.6
2023-03-31,0.6,0.4,1.0,0.0,0.4,0.6,0.12228966669068436,0.0,1.0,0.0,1.0,0.0,0.0,0.0,0.2867549241896091,0.7132450758103909,0.0,0.0,0.0,0.0,0.0,1.0,0.0,0.0,0.2,0.6,0.0,0.0,0.2,0.6,0.0,0.0,0.0,1.0,0.0,1.0,0.7,0.0,1.0,0.0,0.1,0.0,0.0,0.0,0.1,0.0,0.0,0.0,0.7,0.0,0.7,0.0,0.6,0.0,1.0,0.0,0.7,0.0,0.0,0.0,0.0,0.0,0.0,0.0,0.6,0.0,0.6,0.0,0.6,0.0,1.0,0.0,0.7,0.0,0.0,0.0,0.0,0.0,0.0,0.0,0.6,0.0,0.6,0.0,0.5,0.5,1.0,0.0,0.6,0.3,1.0,0.0,0.6,0.4,1.0,0.0,0.4,0.6,0.4,0.6,0.7,0.0,0.7,0.0,1.0,0.0,0.5,0.5
2023-04-30,0.6,0.4,1.0,0.0,0.4,0.6,0.3505443234676612,0.0,1.0,0.0,1.0,0.0,1.0,0.0,0.3008177224586401,0.6991822775413599,0.0,0.0,0.0,0.0,0.1,0.9,0.0,0.0,0.7,0.2,0.0,0.0,0.6,0.4,0.0,0.0,0.0,1.0,0.0,0.9,0.7,0.0,1.0,0.0,0.1,0.0,0.0,0.0,0.1,0.0,0.0,0.0,0.7,0.0,0.7,0.0,0.6,0.0,1.0,0.0,0.7,0.0,0.0,0.0,0.0,0.0,0.0,0.0,0.6,0.0,0.6,0.0,0.6,0.0,1.0,0.0,0.7,0.0,0.0,0.0,0.0,0.0,0.0,0.0,0.6,0.0,0.6,0.0,0.9,0.1,1.0,0.0,0.8,0.2,1.0,0.0,0.9,0.1,1.0,0.0,0.8,0.2,0.9,0.1,0.7,0.0,0.7,0.0,1.0,0.0,1.0,0.0
2023-05-31,0.6,0.4,1.0,0.0,0.4,0.6,0.2660811571205867,0.0,1.0,0.0,1.0,0.0,1.0,0.0,0.3030130203482418,0.6969869796517583,0.0,0.0,0.0,0.0,0.1,0.8,0.0,0.0,0.8,0.2,0.0,0.0,0.6,0.4,0.0,0.0,0.1,0.9,0.1,0.9,0.7,0.0,1.0,0.0,0.1,0.0,0.0,0.0,0.1,0.0,0.0,0.0,0.7,0.0,0.7,0.0,0.6,0.0,1.0,0.0,0.7,0.0,0.0,0.0,0.0,0.0,0.0,0.0,0.6,0.0,0.6,0.0,0.6,0.0,1.0,0.0,0.7,0.0,0.0,0.0,0.0,0.0,0.0,0.0,0.6,0.0,0.6,0.0,1.0,0.0,1.0,0.0,0.8,0.2,1.0,0.0,1.0,0.0,1.0,0.0,0.9,0.1,1.0,0.0,0.7,0.0,0.7,0.0,1.0,0.0,1.0,0.0
2023-06-30,0.6,0.4,1.0,0.0,0.4,0.6,0.31160757284776985,0.0,1.0,0.0,1.0,0.0,1.0,0.0,0.2994525635114461,0.7005474364885539,1.0,0.0,0.6,0.4,0.3,0.7,1.0,0.0,0.8,0.2,0.0,0.0,0.8,0.2,0.0,0.0,0.2,0.8,0.3,0.7,0.7,0.0,1.0,0.0,0.1,0.0,0.0,0.0,0.1,0.0,0.0,0.0,0.7,0.0,0.7,0.0,0.6,0.0,1.0,0.0,0.7,0.0,0.0,0.0,0.0,0.0,0.0,0.0,0.6,0.0,0.6,0.0,0.6,0.0,1.0,0.0,0.7,0.0,0.0,0.0,0.0,0.0,0.0,0.0,0.6,0.0,0.6,0.0,1.0,0.0,1.0,0.0,0.7,0.2,1.0,0.0,1.0,0.0,1.0,0.0,0.9,0.1,1.0,0.0,0.7,0.0,0.7,0.0,1.0,0.0,1.0,0.0
2023-07-31,0.6,0.4,1.0,0.0,0.4,0.6,0.5596552512106184,0.0,1.0,0.0,1.0,0.0,1.0,0.0,0.29417373284071197,0.7058262671592881,1.0,0.0,0.6,0.4,1.0,0.0,1.0,0.0,0.9,0.1,0.0,0.0,1.0,0.0,0.0,0.0,0.9,0.1,1.0,0.0,0.7,0.0,1.0,0.0,0.1,0.0,0.0,0.0,0.1,0.0,0.0,0.0,0.7,0.0,0.7,0.0,0.6,0.0,1.0,0.0,0.7,0.0,0.0,0.0,0.0,0.0,0.0,0.0,0.6,0.0,0.6,0.0,0.6,0.0,1.0,0.0,0.7,0.0,0.0,0.0,0.0,0.0,0.0,0.0,0.6,0.0,0.6,0.0,1.0,0.0,1.0,0.0,0.8,0.2,1.0,0.0,1.0,0.0,1.0,0.0,1.0,0.0,1.0,0.0,0.7,0.0,0.7,0.0,1.0,0.0,1.0,0.0
2023-08-31,0.6,0.4,1.0,0.0,0.4,0.6,0.27560202720151544,0.0,1.0,0.0,1.0,0.0,1.0,0.0,0.2926716006399053,0.7073283993600945,1.0,0.0,0.6,0.4,1.0,0.0,1.0,0.0,0.8,0.2,0.0,0.0,1.0,0.0,0.0,0.0,1.0,0.0,1.0,0.0,0.7,0.0,1.0,0.0,0.1,0.0,0.0,0.0,0.1,0.0,0.0,0.0,0.7,0.0,0.7,0.0,0.6,0.0,1.0,0.0,0.7,0.0,0.0,0.0,0.0,0.0,0.0,0.0,0.6,0.0,0.6,0.0,0.6,0.0,1.0,0.0,0.7,0.0,0.0,0.0,0.0,0.0,0.0,0.0,0.6,0.0,0.6,0.0,1.0,0.0,1.0,0.0,0.8,0.2,1.0,0.0,1.0,0.0,1.0,0.0,1.0,0.0,1.0,0.0,0.7,0.0,0.7,0.0,1.0,0.0,1.0,0.0
2023-09-30,0.6,0.4,1.0,0.0,0.4,0.6,0.36906977532518015,0.0,1.0,0.0,1.0,0.0,1.0,0.0,0.291890160920798,0.708109839079202,0.0,0.0,0.0,0.0,1.0,0.0,1.0,0.0,0.9,0.1,0.0,0.0,1.0,0.0,0.0,0.0,1.0,0.0,1.0,0.0,0.7,0.0,1.0,0.0,0.1,0.0,0.0,0.0,0.1,0.0,0.0,0.0,0.7,0.0,0.7,0.0,0.6,0.0,1.0,0.0,0.7,0.0,0.0,0.0,0.0,0.0,0.0,0.0,0.6,0.0,0.6,0.0,0.6,0.0,1.0,0.0,0.7,0.0,0.0,0.0,0.0,0.0,0.0,0.0,0.6,0.0,0.6,0.0,0.7,0.3,1.0,0.0,0.6,0.2,1.0,0.0,0.9,0.1,1.0,0.0,0.9,0.1,0.9,0.1,0.7,0.0,0.7,0.0,1.0,0.0,0.8,0.2
2023-10-31,0.6,0.4,1.0,0.0,0.4,0.6,0.20925811018102816,0.0,0.0,0.0,0.0,1.0,1.0,0.0,0.28970402996509775,0.7102959700349022,0.0,0.0,0.0,0.0,1.0,0.0,1.0,0.0,0.8,0.2,0.0,0.0,0.9,0.1,0.0,0.0,1.0,0.0,1.0,0.0,0.7,0.0,1.0,0.0,0.1,0.0,0.0,0.0,0.1,0.0,0.0,0.0,0.7,0.0,0.7,0.0,0.6,0.0,1.0,0.0,0.7,0.0,0.0,0.0,0.0,0.0,0.0,0.0,0.6,0.0,0.6,0.0,0.6,0.0,1.0,0.0,0.7,0.0,0.0,0.0,0.0,0.0,0.0,0.0,0.6,0.0,0.6,0.0,0.8,0.2,1.0,0.0,0.7,0.2,1.0,0.0,1.0,0.0,1.0,0.0,0.9,0.1,0.9,0.1,0.7,0.0,0.7,0.0,0.9,0.1,0.9,0.1
2023-11-30,0.6,0.4,1.0,0.0,0.4,0.6,0.2525863375431521,0.0,1.0,0.0,1.0,0.0,1.0,0.0,0.3054120553985964,0.6945879446014036,1.0,0.0,0.6,0.4,1.0,0.0,1.0,0.0,0.8,0.2,0.0,0.0,0.8,0.2,0.0,0.0,1.0,0.0,1.0,0.0,0.7,0.0,1.0,0.0,0.1,0.0,0.0,0.0,0.1,0.0,0.0,0.0,0.7,0.0,0.7,0.0,0.6,0.0,1.0,0.0,0.7,0.0,0.0,0.0,0.0,0.0,0.0,0.0,0.6,0.0,0.6,0.0,0.6,0.0,1.0,0.0,0.7,0.0,0.0,0.0,0.0,0.0,0.0,0.0,0.6,0.0,0.6,0.0,0.4,0.6,1.0,0.0,0.3,0.4,1.0,0.0,0.6,0.4,1.0,0.0,0.5,0.3,0.4,0.4,0.7,0.0,0.7,0.0,1.0,0.0,0.4,0.6
2023-12-31,0.6,0.4,1.0,0.0,0.5,0.5,0.40406020233758283,0.0,1.0,0.0,1.0,0.0,1.0,0.0,0.31300085708411923,0.6869991429158808,1.0,0.0,0.6,0.4,1.0,0.0,1.0,0.0,0.8,0.2,0.0,0.0,1.0,0.0,0.0,0.0,1.0,0.0,1.0,0.0,0.7,0.0,1.0,0.0,0.2,0.0,0.0,0.0,0.1,0.0,0.0,0.0,0.7,0.0,0.7,0.0,0.6,0.0,1.0,0.0,0.1,0.5,0.0,0.0,0.1,0.0,0.0,0.0,0.6,0.0,0.6,0.0,0.7,0.0,1.0,0.0,0.7,0.0,0.0,0.0,0.0,0.0,0.0,0.0,0.7,0.0,0.7,0.0,0.5,0.5,1.0,0.0,0.6,0.2,1.0,0.0,0.8,0.2,1.0,0.0,0.5,0.3,0.5,0.4,0.7,0.0,0.7,0.0,1.0,0.0,0.5,0.5
2024-01-31,0.6,0.4,1.0,0.0,0.5,0.5,0.35337171151354174,0.0,1.0,0.0,1.0,0.0,1.0,0.0,0.3089007329556633,0.6910992670443368,1.0,0.0,0.6,0.4,1.0,0.0,1.0,0.0,0.9,0.1,0.0,0.0,1.0,0.0,0.0,0.0,1.0,0.0,1.0,0.0,0.7,0.0,1.0,0.0,0.2,0.0,0.0,0.0,0.1,0.0,0.0,0.0,0.7,0.0,0.7,0.0,0.6,0.0,1.0,0.0,0.1,0.5,0.0,0.0,0.1,0.0,0.0,0.0,0.6,0.0,0.6,0.0,0.7,0.0,1.0,0.0,0.7,0.0,0.0,0.0,0.0,0.0,0.0,0.0,0.7,0.0,0.7,0.0,0.9,0.1,1.0,0.0,0.8,0.1,1.0,0.0,1.0,0.0,1.0,0.0,0.8,0.2,0.8,0.2,0.7,0.0,0.7,0.0,1.0,0.0,0.9,0.1
2024-02-29,0.6,0.4,1.0,0.0,0.5,0.5,0.28780892982366235,0.0,1.0,0.0,1.0,0.0,1.0,0.0,0.2882322066552843,0.7117677933447156,1.0,0.0,0.6,0.4,1.0,0.0,1.0,0.0,0.8,0.2,0.0,0.0,1.0,0.0,0.0,0.0,1.0,0.0,1.0,0.0,0.7,0.0,1.0,0.0,0.2,0.0,0.0,0.0,0.1,0.0,0.0,0.0,0.7,0.0,0.7,0.0,0.6,0.0,1.0,0.0,0.1,0.5,0.0,0.0,0.1,0.0,0.0,0.0,0.6,0.0,0.6,0.0,0.7,0.0,1.0,0.0,0.7,0.0,0.0,0.0,0.0,0.0,0.0,0.0,0.7,0.0,0.7,0.0,0.9,0.1,1.0,0.0,0.7,0.2,1.0,0.0,1.0,0.0,1.0,0.0,0.9,0.1,0.9,0.1,0.7,0.0,0.7,0.0,1.0,0.0,1.0,0.0
2024-03-31,0.6,0.4,1.0,0.0,0.5,0.5,0.48844211163343754,0.0,1.0,0.0,1.0,0.0,1.0,0.0,0.2820383468179161,0.7179616531820839,1.0,0.0,0.6,0.4,1.0,0.0,1.0,0.0,0.9,0.1,0.0,0.0,1.0,0.0,0.0,0.0,1.0,0.0,1.0,0.0,0.7,0.0,1.0,0.0,0.2,0.0,0.0,0.0,0.1,0.0,0.0,0.0,0.7,0.0,0.7,0.0,0.6,0.0,1.0,0.0,0.1,0.5,0.0,0.0,0.1,0.0,0.0,0.0,0.6,0.0,0.6,0.0,0.7,0.0,1.0,0.0,0.7,0.0,0.0,0.0,0.0,0.0,0.0,0.0,0.7,0.0,0.7,0.0,1.0,0.0,1.0,0.0,0.8,0.1,1.0,0.0,1.0,0.0,1.0,0.0,1.0,0.0,1.0,0.0,0.7,0.0,0.7,0.0,1.0,0.0,1.0,0.0
2024-04-30,0.6,0.4,1.0,0.0,0.5,0.5,0.2375514751404086,0.0,1.0,0.0,1.0,0.0,1.0,0.0,0.2801893454763186,0.7198106545236814,1.0,0.0,0.6,0.4,1.0,0.0,1.0,0.0,0.8,0.2,0.0,0.0,1.0,0.0,0.0,0.0,1.0,0.0,1.0,0.0,0.7,0.0,1.0,0.0,0.2,0.0,0.0,0.0,0.1,0.0,0.0,0.0,0.7,0.0,0.7,0.0,0.6,0.0,1.0,0.0,0.1,0.5,0.0,0.0,0.1,0.0,0.0,0.0,0.6,0.0,0.6,0.0,0.7,0.0,1.0,0.0,0.7,0.0,0.0,0.0,0.0,0.0,0.0,0.0,0.7,0.0,0.7,0.0,0.8,0.2,1.0,0.0,0.7,0.2,1.0,0.0,1.0,0.0,1.0,0.0,1.0,0.0,0.9,0.1,0.7,0.0,0.7,0.0,1.0,0.0,0.8,0.2
2024-05-31,0.6,0.4,1.0,0.0,0.5,0.5,0.46038451923182566,0.0,1.0,0.0,1.0,0.0,1.0,0.0,0.28030260946494606,0.7196973905350539,1.0,0.0,0.6,0.4,1.0,0.0,1.0,0.0,0.9,0.1,0.0,0.0,1.0,0.0,0.0,0.0,1.0,0.0,1.0,0.0,0.7,0.0,1.0,0.0,0.2,0.0,0.0,0.0,0.1,0.0,0.0,0.0,0.7,0.0,0.7,0.0,0.6,0.0,1.0,0.0,0.1,0.5,0.0,0.0,0.1,0.0,0.0,0.0,0.6,0.0,0.6,0.0,0.7,0.0,1.0,0.0,0.7,0.0,0.0,0.0,0.0,0.0,0.0,0.0,0.7,0.0,0.7,0.0,1.0,0.0,1.0,0.0,0.7,0.2,1.0,0.0,1.0,0.0,1.0,0.0,1.0,0.0,0.9,0.1,0.7,0.0,0.7,0.0,1.0,0.0,1.0,0.0
2024-06-30,0.6,0.4,1.0,0.0,0.5,0.5,1.0,0.0,1.0,0.0,1.0,0.0,1.0,0.0,0.27456828024055296,0.7254317197594471,1.0,0.0,0.6,0.4,1.0,0.0,1.0,0.0,1.0,0.0,1.0,0.0,1.0,0.0,0.0,0.0,1.0,0.0,1.0,0.0,0.7,0.0,1.0,0.0,0.2,0.0,0.0,0.0,0.1,0.0,0.0,0.0,0.7,0.0,0.7,0.0,0.6,0.0,1.0,0.0,0.1,0.4,0.0,0.0,0.1,0.0,0.0,0.0,0.6,0.0,0.6,0.0,0.7,0.0,1.0,0.0,0.7,0.0,0.0,0.0,0.0,0.0,0.0,0.0,0.7,0.0,0.7,0.0,1.0,0.0,1.0,0.0,0.8,0.1,1.0,0.0,1.0,0.0,1.0,0.0,1.0,0.0,1.0,0.0,0.7,0.0,0.7,0.0,1.0,0.0,1.0,0.0
2024-07-31,0.6,0.4,1.0,0.0,0.5,0.5,0.22193675048846112,0.0,1.0,0.0,1.0,0.0,1.0,0.0,0.2708988079959794,0.7291011920040206,1.0,0.0,0.6,0.4,1.0,0.0,1.0,0.0,1.0,0.0,0.0,0.0,1.0,0.0,0.0,0.0,1.0,0.0,1.0,0.0,0.7,0.0,1.0,0.0,0.2,0.0,0.0,0.0,0.1,0.0,0.0,0.0,0.7,0.0,0.7,0.0,0.6,0.0,1.0,0.0,0.1,0.5,0.0,0.0,0.1,0.0,0.0,0.0,0.6,0.0,0.6,0.0,0.7,0.0,1.0,0.0,0.7,0.0,0.0,0.0,0.0,0.0,0.0,0.0,0.7,0.0,0.7,0.0,1.0,0.0,1.0,0.0,0.8,0.1,1.0,0.0,1.0,0.0,1.0,0.0,1.0,0.0,1.0,0.0,0.7,0.0,0.7,0.0,1.0,0.0,1.0,0.0
2024-08-31,0.6,0.4,1.0,0.0,0.5,0.5,0.11136248479869237,0.0,1.0,0.0,1.0,0.0,1.0,0.0,0.27286864561633345,0.7271313543836666,0.0,0.0,0.0,0.0,0.3,0.7,1.0,0.0,0.5,0.3,0.0,0.0,0.3,0.6,0.0,0.0,0.4,0.3,0.4,0.5,0.7,0.0,1.0,0.0,0.2,0.0,0.0,0.0,0.1,0.0,0.0,0.0,0.7,0.0,0.7,0.0,0.6,0.0,1.0,0.0,0.1,0.5,0.0,0.0,0.1,0.0,0.0,0.0,0.6,0.0,0.6,0.0,0.7,0.0,1.0,0.0,0.7,0.0,0.0,0.0,0.0,0.0,0.0,0.0,0.7,0.0,0.7,0.0,1.0,0.0,1.0,0.0,0.8,0.1,1.0,0.0,1.0,0.0,1.0,0.0,1.0,0.0,1.0,0.0,0.7,0.0,0.7,0.0,1.0,0.0,1.0,0.0
2024-09-30,0.6,0.4,1.0,0.0,0.5,0.5,0.24584443590136398,0.0,1.0,0.0,1.0,0.0,1.0,0.0,0.2728018781200596,0.7271981218799404,1.0,0.0,0.6,0.4,0.4,0.6,1.0,0.0,0.7,0.2,0.0,0.0,0.4,0.5,0.0,0.0,0.4,0.3,0.4,0.5,0.7,0.0,1.0,0.0,0.2,0.0,0.0,0.0,0.1,0.0,0.0,0.0,0.7,0.0,0.7,0.0,0.6,0.0,1.0,0.0,0.1,0.5,0.0,0.0,0.1,0.0,0.0,0.0,0.6,0.0,0.6,0.0,0.7,0.0,1.0,0.0,0.7,0.0,0.0,0.0,0.0,0.0,0.0,0.0,0.7,0.0,0.7,0.0,1.0,0.0,1.0,0.0,0.8,0.2,1.0,0.0,1.0,0.0,1.0,0.0,1.0,0.0,1.0,0.0,0.7,0.0,0.7,0.0,1.0,0.0,1.0,0.0
2024-10-31,0.6,0.4,1.0,0.0,0.5,0.5,0.36271305214031807,0.0,1.0,0.0,1.0,0.0,1.0,0.0,0.2797381483892691,0.7202618516107309,1.0,0.0,0.6,0.4,0.8,0.2,1.0,0.0,0.8,0.2,0.0,0.0,0.8,0.2,0.0,0.0,0.7,0.3,0.7,0.3,0.7,0.0,1.0,0.0,0.2,0.0,0.0,0.0,0.1,0.0,0.0,0.0,0.7,0.0,0.7,0.0,0.6,0.0,1.0,0.0,0.1,0.5,0.0,0.0,0.1,0.0,0.0,0.0,0.6,0.0,0.6,0.0,0.7,0.0,1.0,0.0,0.7,0.0,0.0,0.0,0.0,0.0,0.0,0.0,0.7,0.0,0.7,0.0,1.0,0.0,1.0,0.0,0.8,0.1,1.0,0.0,1.0,0.0,1.0,0.0,1.0,0.0,1.0,0.0,0.7,0.0,0.7,0.0,1.0,0.0,1.0,0.0
2024-11-30,0.6,0.4,1.0,0.0,0.5,0.5,0.24742263083151228,0.0,1.0,0.0,1.0,0.0,1.0,0.0,0.2731332465052429,0.726866753494757,1.0,0.0,0.6,0.4,0.8,0.2,1.0,0.0,0.8,0.2,0.0,0.0,0.7,0.3,0.0,0.0,0.8,0.2,0.8,0.2,0.7,0.0,1.0,0.0,0.2,0.0,0.0,0.0,0.1,0.0,0.0,0.0,0.7,0.0,0.7,0.0,0.6,0.0,1.0,0.0,0.3,0.2,1.0,0.0,0.1,0.0,0.0,0.0,0.6,0.0,0.6,0.0,0.7,0.0,1.0,0.0,0.7,0.0,0.0,0.0,0.0,0.0,0.0,0.0,0.7,0.0,0.7,0.0,1.0,0.0,1.0,0.0,0.7,0.2,1.0,0.0,1.0,0.0,1.0,0.0,1.0,0.0,1.0,0.0,0.7,0.0,0.7,0.0,1.0,0.0,1.0,0.0
2024-12-31,0.6,0.4,1.0,0.0,0.5,0.5,0.21764272469226037,0.0,1.0,0.0,1.0,0.0,1.0,0.0,0.27302111323092465,0.7269788867690755,1.0,0.0,0.6,0.4,0.7,0.3,1.0,0.0,0.8,0.1,0.0,0.0,0.6,0.4,0.0,0.0,0.8,0.2,0.8,0.2,0.8,0.0,1.0,0.0,0.2,0.0,0.0,0.0,0.2,0.0,0.0,0.0,0.7,0.0,0.7,0.0,0.6,0.0,1.0,0.0,0.1,0.0,0.0,0.0,0.1,0.0,0.0,0.0,0.6,0.0,0.6,0.0,0.7,0.0,1.0,0.0,0.7,0.0,0.0,0.0,0.1,0.0,0.0,0.0,0.7,0.0,0.7,0.0,1.0,0.0,1.0,0.0,0.8,0.1,1.0,0.0,1.0,0.0,1.0,0.0,1.0,0.0,1.0,0.0,0.7,0.0,0.7,0.0,1.0,0.0,1.0,0.0
2025-01-31,0.6,0.4,1.0,0.0,0.5,0.5,0.25004408902455616,0.0,1.0,0.0,1.0,0.0,1.0,0.0,0.27611378019347005,0.7238862198065299,1.0,0.0,0.6,0.4,0.8,0.2,1.0,0.0,0.8,0.1,0.0,0.0,0.6,0.4,0.0,0.0,0.8,0.2,0.8,0.2,0.8,0.0,1.0,0.0,0.2,0.0,0.0,0.0,0.2,0.0,0.0,0.0,0.7,0.0,0.7,0.0,0.6,0.0,1.0,0.0,0.1,0.0,0.0,0.0,0.1,0.0,0.0,0.0,0.6,0.0,0.6,0.0,0.7,0.0,1.0,0.0,0.7,0.0,0.0,0.0,0.1,0.0,0.0,0.0,0.7,0.0,0.7,0.0,1.0,0.0,1.0,0.0,0.8,0.1,1.0,0.0,1.0,0.0,1.0,0.0,1.0,0.0,1.0,0.0,0.7,0.0,0.7,0.0,1.0,0.0,1.0,0.0
2025-02-28,0.6,0.4,1.0,0.0,0.5,0.5,0.2850655113225136,0.0,1.0,0.0,1.0,0.0,1.0,0.0,0.27994789248363205,0.720052107516368,1.0,0.0,0.6,0.4,0.9,0.1,1.0,0.0,0.8,0.1,0.0,0.0,0.7,0.3,0.0,0.0,0.9,0.1,0.9,0.1,0.8,0.0,1.0,0.0,0.2,0.0,0.0,0.0,0.2,0.0,0.0,0.0,0.7,0.0,0.7,0.0,0.6,0.0,1.0,0.0,0.1,0.0,0.0,0.0,0.1,0.0,0.0,0.0,0.6,0.0,0.6,0.0,0.7,0.0,1.0,0.0,0.7,0.0,0.0,0.0,0.1,0.0,0.0,0.0,0.7,0.0,0.7,0.0,1.0,0.0,1.0,0.0,0.8,0.1,1.0,0.0,1.0,0.0,1.0,0.0,1.0,0.0,1.0,0.0,0.7,0.0,0.7,0.0,1.0,0.0,1.0,0.0
2025-03-31,0.6,0.4,1.0,0.0,0.5,0.5,0.10146833744348827,0.0,0.0,0.0,0.0,1.0,1.0,0.0,0.2679204925247783,0.7320795074752218,0.0,0.0,0.0,0.0,0.1,0.8,0.0,0.0,0.4,0.4,0.0,0.0,0.2,0.6,0.0,0.0,0.2,0.6,0.2,0.7,0.8,0.0,1.0,0.0,0.2,0.0,0.0,0.0,0.2,0.0,0.0,0.0,0.7,0.0,0.7,0.0,0.6,0.0,1.0,0.0,0.1,0.0,0.0,0.0,0.1,0.0,0.0,0.0,0.6,0.0,0.6,0.0,0.7,0.0,1.0,0.0,0.7,0.0,0.0,0.0,0.1,0.0,0.0,0.0,0.7,0.0,0.7,0.0,0.8,0.2,1.0,0.0,0.6,0.2,1.0,0.0,0.9,0.1,1.0,0.0,1.0,0.0,0.9,0.1,0.7,0.0,0.7,0.0,1.0,0.0,0.8,0.2
2025-04-30,0.6,0.4,1.0,0.0,0.5,0.5,0.020086773026800113,0.0,0.0,0.0,0.0,1.0,1.0,0.0,0.2717141749964577,0.7282858250035422,0.0,0.0,0.0,0.0,0.0,1.0,0.0,0.0,0.0,1.0,0.0,0.0,0.0,1.0,0.0,0.0,0.0,0.9,0.0,1.0,0.8,0.0,1.0,0.0,0.2,0.0,0.0,0.0,0.2,0.0,0.0,0.0,0.7,0.0,0.7,0.0,0.6,0.0,1.0,0.0,0.1,0.0,0.0,0.0,0.1,0.0,0.0,0.0,0.6,0.0,0.6,0.0,0.7,0.0,1.0,0.0,0.7,0.0,0.0,0.0,0.1,0.0,0.0,0.0,0.7,0.0,0.7,0.0,1.0,0.0,1.0,0.0,0.8,0.2,1.0,0.0,1.0,0.0,1.0,0.0,1.0,0.0,1.0,0.0,0.7,0.0,0.7,0.0,1.0,0.0,1.0,0.0
2025-05-31,0.6,0.4,1.0,0.0,0.5,0.5,0.15609125302045893,0.0,1.0,0.0,1.0,0.0,1.0,0.0,0.26975269999694645,0.7302473000030536,0.0,0.0,0.0,0.0,0.0,1.0,0.0,0.0,0.0,1.0,0.0,0.0,0.0,1.0,0.0,0.0,0.0,0.9,0.0,1.0,0.8,0.0,1.0,0.0,0.2,0.0,0.0,0.0,0.2,0.0,0.0,0.0,0.7,0.0,0.7,0.0,0.6,0.0,1.0,0.0,0.1,0.0,0.0,0.0,0.1,0.0,0.0,0.0,0.6,0.0,0.6,0.0,0.7,0.0,1.0,0.0,0.7,0.0,0.0,0.0,0.1,0.0,0.0,0.0,0.7,0.0,0.7,0.0,1.0,0.0,1.0,0.0,0.7,0.2,1.0,0.0,1.0,0.0,1.0,0.0,1.0,0.0,1.0,0.0,0.7,0.0,0.7,0.0,1.0,0.0,1.0,0.0
2025-06-30,0.6,0.4,1.0,0.0,0.5,0.5,0.4373527119093422,0.0,1.0,0.0,1.0,0.0,1.0,0.0,0.2799584650138787,0.7200415349861213,0.0,0.0,0.0,0.0,0.1,0.8,0.0,0.0,0.5,0.4,0.0,0.0,0.6,0.4,0.0,0.0,0.1,0.9,0.0,1.0,0.8,0.0,1.0,0.0,0.2,0.0,0.0,0.0,0.2,0.0,0.0,0.0,0.7,0.0,0.7,0.0,0.6,0.0,1.0,0.0,0.1,0.0,0.0,0.0,0.1,0.0,0.0,0.0,0.6,0.0,0.6,0.0,0.7,0.0,1.0,0.0,0.7,0.0,0.0,0.0,0.1,0.0,0.0,0.0,0.7,0.0,0.7,0.0,1.0,0.0,1.0,0.0,0.8,0.2,1.0,0.0,1.0,0.0,1.0,0.0,1.0,0.0,1.0,0.0,0.7,0.0,0.7,0.0,1.0,0.0,1.0,0.0
2025-07-31,0.6,0.4,1.0,0.0,0.5,0.5,0.9161311792416903,0.0,1.0,0.0,1.0,0.0,1.0,0.0,0.28725898112376846,0.7127410188762315,1.0,0.0,0.6,0.4,1.0,0.0,1.0,0.0,1.0,0.0,1.0,0.0,1.0,0.0,0.0,0.0,0.9,0.1,0.9,0.1,0.8,0.0,1.0,0.0,0.2,0.0,0.0,0.0,0.2,0.0,0.0,0.0,0.7,0.0,0.7,0.0,0.6,0.0,1.0,0.0,0.1,0.0,0.0,0.0,0.1,0.0,0.0,0.0,0.6,0.0,0.6,0.0,0.7,0.0,1.0,0.0,0.7,0.0,0.0,0.0,0.1,0.0,0.0,0.0,0.7,0.0,0.7,0.0,1.0,0.0,1.0,0.0,0.8,0.2,1.0,0.0,1.0,0.0,1.0,0.0,1.0,0.0,1.0,0.0,0.7,0.0,0.7,0.0,1.0,0.0,1.0,0.0
2025-08-31,0.6,0.4,1.0,0.0,0.5,0.5,0.30570684811343646,0.0,1.0,0.0,1.0,0.0,1.0,0.0,0.2854810993807233,0.7145189006192767,1.0,0.0,0.6,0.4,1.0,0.0,1.0,0.0,1.0,0.0,0.0,0.0,1.0,0.0,0.0,0.0,1.0,0.0,1.0,0.0,0.8,0.0,1.0,0.0,0.2,0.0,0.0,0.0,0.2,0.0,0.0,0.0,0.7,0.0,0.7,0.0,0.6,0.0,1.0,0.0,0.1,0.0,0.0,0.0,0.1,0.0,0.0,0.0,0.6,0.0,0.6,0.0,0.7,0.0,1.0,0.0,0.7,0.0,0.0,0.0,0.1,0.0,0.0,0.0,0.7,0.0,0.7,0.0,1.0,0.0,1.0,0.0,0.8,0.2,1.0,0.0,1.0,0.0,1.0,0.0,1.0,0.0,1.0,0.0,0.7,0.0,0.7,0.0,1.0,0.0,1.0,0.0
2025-09-30,0.6,0.4,1.0,0.0,0.5,0.5,0.8290965441822422,0.0,1.0,0.0,1.0,0.0,1.0,0.0,0.2910168438762442,0.7089831561237557,1.0,0.0,0.6,0.4,1.0,0.0,1.0,0.0,1.0,0.0,1.0,0.0,1.0,0.0,0.0,0.0,1.0,0.0,1.0,0.0,0.8,0.0,1.0,0.0,0.2,0.0,0.0,0.0,0.2,0.0,0.0,0.0,0.7,0.0,0.7,0.0,0.6,0.0,1.0,0.0,0.1,0.0,0.0,0.0,0.1,0.0,0.0,0.0,0.6,0.0,0.6,0.0,0.7,0.0,1.0,0.0,0.7,0.0,0.0,0.0,0.1,0.0,0.0,0.0,0.7,0.0,0.7,0.0,1.0,0.0,1.0,0.0,0.8,0.2,0.0,0.0,1.0,0.0,1.0,0.0,1.0,0.0,1.0,0.0,0.7,0.0,0.7,0.0,1.0,0.0,1.0,0.0
2025-10-31,0.6,0.4,1.0,0.0,0.5,0.5,0.22408152114204924,0.0,1.0,0.0,1.0,0.0,1.0,0.0,0.29511307010131804,0.7048869298986821,1.0,0.0,0.6,0.4,1.0,0.0,1.0,0.0,1.0,0.0,0.0,0.0,1.0,0.0,0.0,0.0,1.0,0.0,1.0,0.0,0.8,0.0,1.0,0.0,0.2,0.0,0.0,0.0,0.2,0.0,0.0,0.0,0.7,0.0,0.7,0.0,0.6,0.0,1.0,0.0,0.1,0.0,0.0,0.0,0.1,0.0,0.0,0.0,0.6,0.0,0.6,0.0,0.7,0.0,1.0,0.0,0.7,0.0,0.0,0.0,0.1,0.0,0.0,0.0,0.7,0.0,0.7,0.0,1.0,0.0,1.0,0.0,0.8,0.2,0.0,0.0,1.0,0.0,0.0,0.0,1.0,0.0,1.0,0.0,0.7,0.0,0.7,0.0,1.0,0.0,1.0,0.0
2025-11-30,0.6,0.4,1.0,0.0,0.5,0.5,0.21683382287162534,0.0,1.0,0.0,1.0,0.0,1.0,0.0,0.29048594464492467,0.7095140553550753,1.0,0.0,0.6,0.4,1.0,0.0,1.0,0.0,0.8,0.1,0.0,0.0,0.8,0.2,0.0,0.0,1.0,0.0,1.0,0.0,0.8,0.0,1.0,0.0,0.2,0.0,0.0,0.0,0.2,0.0,0.0,0.0,0.7,0.0,0.7,0.0,0.6,0.0,1.0,0.0,0.1,0.0,0.0,0.0,0.1,0.0,0.0,0.0,0.6,0.0,0.6,0.0,0.7,0.0,1.0,0.0,0.7,0.0,0.0,0.0,0.1,0.0,0.0,0.0,0.7,0.0,0.7,0.0,1.0,0.0,1.0,0.0,0.8,0.2,0.0,0.0,1.0,0.0,0.0,0.0,1.0,0.0,1.0,0.0,0.7,0.0,0.7,0.0,1.0,0.0,1.0,0.0
