Model is not converging.  Current: 8726.867907214631 is not greater than 8726.876708900942. Delta is -0.00880168631010747
Model is not converging.  Current: 8726.993232263976 is not greater than 8727.046726047594. Delta is -0.053493783618250745
Model is not converging.  Current: 8726.867907214631 is not greater than 8726.876708900942. Delta is -0.00880168631010747
Model is not converging.  Current: 8726.867907214631 is not greater than 8726.876708900942. Delta is -0.00880168631010747
Model is not converging.  Current: 8726.867907214631 is not greater than 8726.876708900942. Delta is -0.00880168631010747
Model is not converging.  Current: 8726.993232263976 is not greater than 8727.046726047594. Delta is -0.053493783618250745
Model is not converging.  Current: 8726.993232263976 is not greater than 8727.046726047594. Delta is -0.053493783618250745
Model is not converging.  Current: 8726.993232263976 is not greater than 8727.046726047594. Delta is -0.053493783618250745
Model is not converging.  Current: 8727.090994656457 is not greater than 8727.163591094648. Delta is -0.07259643819088524
Model is not converging.  Current: 8727.075575769895 is not greater than 8727.141479664593. Delta is -0.06590389469783986
Model is not converging.  Current: 8727.090994656457 is not greater than 8727.163591094648. Delta is -0.07259643819088524
Model is not converging.  Current: 8727.090994656159 is not greater than 8727.163591095192. Delta is -0.07259643903307733
Model is not converging.  Current: 8727.090994656159 is not greater than 8727.163591095192. Delta is -0.07259643903307733
Model is not converging.  Current: 8727.075575769895 is not greater than 8727.141479664593. Delta is -0.06590389469783986
Model is not converging.  Current: 8727.075575769895 is not greater than 8727.141479664593. Delta is -0.06590389469783986
Model is not converging.  Current: 8727.075575769895 is not greater than 8727.141479664593. Delta is -0.06590389469783986
Model is not converging.  Current: 8619.192120119063 is not greater than 8619.2253673034. Delta is -0.033247184335778
Model is not converging.  Current: 8619.56234615249 is not greater than 8619.59949047205. Delta is -0.037144319559956784
Model is not converging.  Current: 8619.192120119063 is not greater than 8619.2253673034. Delta is -0.033247184335778
Model is not converging.  Current: 8619.192120119063 is not greater than 8619.2253673034. Delta is -0.033247184335778
Model is not converging.  Current: 8619.192120119063 is not greater than 8619.2253673034. Delta is -0.033247184335778
Model is not converging.  Current: 8619.641375651514 is not greater than 8619.70978579428. Delta is -0.06841014276687929
Model is not converging.  Current: 8619.562346152235 is not greater than 8619.599490472807. Delta is -0.03714432057131489
Model is not converging.  Current: 8619.562346152235 is not greater than 8619.599490472807. Delta is -0.03714432057131489
Model is not converging.  Current: 8619.56234615249 is not greater than 8619.59949047205. Delta is -0.037144319559956784
Model is not converging.  Current: 8619.672942586845 is not greater than 8619.699009752436. Delta is -0.026067165590575314
Model is not converging.  Current: 8619.641375651514 is not greater than 8619.70978579428. Delta is -0.06841014276687929
Model is not converging.  Current: 8481.576718314242 is not greater than 8481.595219656718. Delta is -0.018501342476156424
Model is not converging.  Current: 8619.641375651514 is not greater than 8619.70978579428. Delta is -0.06841014276687929
Model is not converging.  Current: 8619.641375651514 is not greater than 8619.70978579428. Delta is -0.06841014276687929
Model is not converging.  Current: 8481.665763832709 is not greater than 8481.711672682084. Delta is -0.04590884937533701
Model is not converging.  Current: 8619.672942586845 is not greater than 8619.699009752436. Delta is -0.026067165590575314
Model is not converging.  Current: 8619.67294258682 is not greater than 8619.699009752396. Delta is -0.0260671655760234
Model is not converging.  Current: 8619.672942587016 is not greater than 8619.699009752649. Delta is -0.02606716563241207
Model is not converging.  Current: 8481.72665410514 is not greater than 8481.759906828356. Delta is -0.03325272321671946
Model is not converging.  Current: 8481.740256481346 is not greater than 8481.752708895981. Delta is -0.012452414635845344
Model is not converging.  Current: 8481.576718313738 is not greater than 8481.595219656478. Delta is -0.018501342739909887
Model is not converging.  Current: 8481.576718314429 is not greater than 8481.595219656463. Delta is -0.018501342034142
Model is not converging.  Current: 8481.576718314242 is not greater than 8481.595219656718. Delta is -0.018501342476156424
Model is not converging.  Current: 8481.665763832709 is not greater than 8481.711672682084. Delta is -0.04590884937533701
Model is not converging.  Current: 8481.665763833424 is not greater than 8481.711672681296. Delta is -0.045908847872851766
Model is not converging.  Current: 8481.665763832709 is not greater than 8481.711672682084. Delta is -0.04590884937533701
Model is not converging.  Current: 8398.382410449323 is not greater than 8398.416966771718. Delta is -0.03455632239456463
Model is not converging.  Current: 8481.72665410514 is not greater than 8481.759906828356. Delta is -0.03325272321671946
Model is not converging.  Current: 8481.726654105458 is not greater than 8481.759906827732. Delta is -0.03325272227448295
Model is not converging.  Current: 8481.726654104988 is not greater than 8481.759906828254. Delta is -0.033252723265832174
Model is not converging.  Current: 8398.499305465622 is not greater than 8398.553845802038. Delta is -0.05454033641581191
Model is not converging.  Current: 8481.740256481478 is not greater than 8481.752708895741. Delta is -0.012452414262952516
Model is not converging.  Current: 8481.740256481478 is not greater than 8481.752708895741. Delta is -0.012452414262952516
Model is not converging.  Current: 8481.740256481346 is not greater than 8481.752708895981. Delta is -0.012452414635845344
Model is not converging.  Current: 8398.56552436761 is not greater than 8398.591266329606. Delta is -0.025741961995663587
Model is not converging.  Current: 8398.548743023708 is not greater than 8398.607189060764. Delta is -0.058446037055546185
Model is not converging.  Current: 8398.382410449323 is not greater than 8398.416966771718. Delta is -0.03455632239456463
Model is not converging.  Current: 8398.382410449509 is not greater than 8398.416966771481. Delta is -0.03455632197255909
Model is not converging.  Current: 8398.382410449323 is not greater than 8398.416966771718. Delta is -0.03455632239456463
Model is not converging.  Current: 8398.499305465622 is not greater than 8398.553845802038. Delta is -0.05454033641581191
Model is not converging.  Current: 8398.499305465622 is not greater than 8398.553845802038. Delta is -0.05454033641581191
Model is not converging.  Current: 8398.499305465622 is not greater than 8398.553845802038. Delta is -0.05454033641581191
Model is not converging.  Current: 8339.64126501514 is not greater than 8339.65857119602. Delta is -0.01730618088004121
Model is not converging.  Current: 8339.740743813796 is not greater than 8339.758696846571. Delta is -0.0179530327750399
Model is not converging.  Current: 8398.565524367787 is not greater than 8398.591266329535. Delta is -0.025741961748281028
Model is not converging.  Current: 8398.565524367787 is not greater than 8398.591266329535. Delta is -0.025741961748281028
Model is not converging.  Current: 8398.565524367787 is not greater than 8398.591266329535. Delta is -0.025741961748281028
Model is not converging.  Current: 8398.548743023997 is not greater than 8398.607189060534. Delta is -0.058446036537134205
Model is not converging.  Current: 8398.548743023997 is not greater than 8398.607189060534. Delta is -0.058446036537134205
Model is not converging.  Current: 8398.548743023981 is not greater than 8398.607189060478. Delta is -0.05844603649711644
Model is not converging.  Current: 8339.753914139288 is not greater than 8339.790162554933. Delta is -0.03624841564487724
Model is not converging.  Current: 8339.763996604412 is not greater than 8339.788856998433. Delta is -0.02486039402174356
Model is not converging.  Current: 8339.64126501514 is not greater than 8339.65857119602. Delta is -0.01730618088004121
Model is not converging.  Current: 8339.64126501514 is not greater than 8339.65857119602. Delta is -0.01730618088004121
Model is not converging.  Current: 8339.64126501514 is not greater than 8339.65857119602. Delta is -0.01730618088004121
Model is not converging.  Current: 8339.740743813707 is not greater than 8339.75869684586. Delta is -0.017953032152945525
Model is not converging.  Current: 8339.740743813796 is not greater than 8339.758696846571. Delta is -0.0179530327750399
Model is not converging.  Current: 8339.740743813707 is not greater than 8339.75869684586. Delta is -0.017953032152945525
Model is not converging.  Current: 8324.9268480452 is not greater than 8324.930192910304. Delta is -0.0033448651047365274
Model is not converging.  Current: 8324.961568343191 is not greater than 8324.971021331019. Delta is -0.009452987827899051
Model is not converging.  Current: 8339.753914139745 is not greater than 8339.790162554913. Delta is -0.03624841516830202
Model is not converging.  Current: 8339.753914139108 is not greater than 8339.790162554336. Delta is -0.03624841522832867
Model is not converging.  Current: 8339.753914139288 is not greater than 8339.790162554933. Delta is -0.03624841564487724
Model is not converging.  Current: 8339.763996604159 is not greater than 8339.788856999123. Delta is -0.02486039496398007
Model is not converging.  Current: 8339.763996604159 is not greater than 8339.788856999123. Delta is -0.02486039496398007
Model is not converging.  Current: 8339.763996604412 is not greater than 8339.788856998433. Delta is -0.02486039402174356
Model is not converging.  Current: 8324.991080297215 is not greater than 8324.991880777885. Delta is -0.00080048066956806
Model is not converging.  Current: 8324.97664934255 is not greater than 8324.992239931833. Delta is -0.015590589282510336
Model is not converging.  Current: 8324.926848045621 is not greater than 8324.930192910044. Delta is -0.003344864422615501
Model is not converging.  Current: 8324.926848045008 is not greater than 8324.93019291002. Delta is -0.003344865011968068
Model is not converging.  Current: 8324.926848045621 is not greater than 8324.930192910044. Delta is -0.003344864422615501
Model is not converging.  Current: 8324.961568343384 is not greater than 8324.971021330774. Delta is -0.009452987389522605
Model is not converging.  Current: 8324.961568343384 is not greater than 8324.971021330774. Delta is -0.009452987389522605
Model is not converging.  Current: 8324.961568343384 is not greater than 8324.971021330774. Delta is -0.009452987389522605
Model is not converging.  Current: 8382.5957682869 is not greater than 8382.597991012077. Delta is -0.0022227251774893375
Model is not converging.  Current: 8324.991080297013 is not greater than 8324.991880778047. Delta is -0.0008004810333659407
Model is not converging.  Current: 8324.991080297108 is not greater than 8324.991880777994. Delta is -0.000800480886027799
Model is not converging.  Current: 8381.53747894014 is not greater than 8381.5424744908. Delta is -0.004995550660169101
Model is not converging.  Current: 8324.991080297013 is not greater than 8324.991880778047. Delta is -0.0008004810333659407
Model is not converging.  Current: 8324.976649341968 is not greater than 8324.992239932657. Delta is -0.015590590688589145
Model is not converging.  Current: 8324.97664934255 is not greater than 8324.992239931833. Delta is -0.015590589282510336
Model is not converging.  Current: 8324.97664934255 is not greater than 8324.992239931833. Delta is -0.015590589282510336
Model is not converging.  Current: 8381.55449006733 is not greater than 8381.565119519473. Delta is -0.01062945214289357
Model is not converging.  Current: 8381.56127639937 is not greater than 8381.562952282986. Delta is -0.0016758836154622259
Model is not converging.  Current: 8382.595768286863 is not greater than 8382.59799101185. Delta is -0.00222272498649545
Model is not converging.  Current: 8382.5957682869 is not greater than 8382.597991012077. Delta is -0.0022227251774893375
Model is not converging.  Current: 8382.595768286725 is not greater than 8382.59799101207. Delta is -0.0022227253448363626
Model is not converging.  Current: 8381.537478940585 is not greater than 8381.542474490481. Delta is -0.004995549896193552
Model is not converging.  Current: 8381.537478940585 is not greater than 8381.542474490481. Delta is -0.004995549896193552
Model is not converging.  Current: 8381.537478940585 is not greater than 8381.542474490481. Delta is -0.004995549896193552
Model is not converging.  Current: 8426.896865379682 is not greater than 8426.897955537404. Delta is -0.001090157722501317
Model is not converging.  Current: 8426.930025865673 is not greater than 8426.937306862108. Delta is -0.007280996434928966
Model is not converging.  Current: 8381.554490067669 is not greater than 8381.565119519104. Delta is -0.010629451435306692
Model is not converging.  Current: 8381.554490067669 is not greater than 8381.565119519104. Delta is -0.010629451435306692
Model is not converging.  Current: 8381.554490067669 is not greater than 8381.565119519104. Delta is -0.010629451435306692
Model is not converging.  Current: 8381.561276399663 is not greater than 8381.562952282933. Delta is -0.0016758832698542392
Model is not converging.  Current: 8381.56127639937 is not greater than 8381.562952282986. Delta is -0.0016758836154622259
Model is not converging.  Current: 8381.561276399663 is not greater than 8381.562952282933. Delta is -0.0016758832698542392
Model is not converging.  Current: 8426.9363293603 is not greater than 8426.948165603839. Delta is -0.011836243538709823
Model is not converging.  Current: 8426.88910110896 is not greater than 8426.88914215047. Delta is -4.104151048522908e-05
Model is not converging.  Current: 8426.896865379682 is not greater than 8426.897955537404. Delta is -0.001090157722501317
Model is not converging.  Current: 8426.896865379682 is not greater than 8426.897955537404. Delta is -0.001090157722501317
Model is not converging.  Current: 8426.896865379682 is not greater than 8426.897955537404. Delta is -0.001090157722501317
Model is not converging.  Current: 8426.930025865673 is not greater than 8426.937306862108. Delta is -0.007280996434928966
Model is not converging.  Current: 8426.930025865566 is not greater than 8426.937306862606. Delta is -0.007280997040652437
Model is not converging.  Current: 8426.930025865673 is not greater than 8426.937306862108. Delta is -0.007280996434928966
Model is not converging.  Current: 8426.9363293603 is not greater than 8426.948165603839. Delta is -0.011836243538709823
Model is not converging.  Current: 8426.9363293603 is not greater than 8426.948165603839. Delta is -0.011836243538709823
Model is not converging.  Current: 8426.9363293603 is not greater than 8426.948165603839. Delta is -0.011836243538709823
Model is not converging.  Current: 8426.889101109588 is not greater than 8426.889142150467. Delta is -4.104087929590605e-05
Model is not converging.  Current: 8426.889101109588 is not greater than 8426.889142150467. Delta is -4.104087929590605e-05
Model is not converging.  Current: 8426.889101109588 is not greater than 8426.889142150467. Delta is -4.104087929590605e-05
Model is not converging.  Current: 8539.814128578071 is not greater than 8539.81435525634. Delta is -0.00022667826851829886
Model is not converging.  Current: 8539.815669293692 is not greater than 8539.816636149217. Delta is -0.0009668555248936173
Model is not converging.  Current: 8539.832258603774 is not greater than 8539.842096650096. Delta is -0.009838046322329319
Model is not converging.  Current: 8538.29540811604 is not greater than 8538.295784707843. Delta is -0.0003765918027056614
Model is not converging.  Current: 8539.814128577356 is not greater than 8539.814355255694. Delta is -0.0002266783376398962
Model is not converging.  Current: 8539.814128578071 is not greater than 8539.81435525634. Delta is -0.00022667826851829886
Model is not converging.  Current: 8539.815669293406 is not greater than 8539.816636149591. Delta is -0.0009668561851867707
Model is not converging.  Current: 8539.814128578071 is not greater than 8539.81435525634. Delta is -0.00022667826851829886
Model is not converging.  Current: 8539.815669293406 is not greater than 8539.816636149591. Delta is -0.0009668561851867707
Model is not converging.  Current: 8659.37328767046 is not greater than 8659.390397545381. Delta is -0.017109874921516166
Model is not converging.  Current: 8539.815669293692 is not greater than 8539.816636149217. Delta is -0.0009668555248936173
Model is not converging.  Current: 8659.42240433364 is not greater than 8659.444963979598. Delta is -0.0225596459586086
Model is not converging.  Current: 8539.832258603774 is not greater than 8539.842096650096. Delta is -0.009838046322329319
Model is not converging.  Current: 8539.832258603774 is not greater than 8539.842096650096. Delta is -0.009838046322329319
Model is not converging.  Current: 8659.444149257748 is not greater than 8659.448368380017. Delta is -0.0042191222692054
Model is not converging.  Current: 8538.29540811604 is not greater than 8538.295784707843. Delta is -0.0003765918027056614
Model is not converging.  Current: 8539.832258603954 is not greater than 8539.842096650797. Delta is -0.009838046842560288
Model is not converging.  Current: 8538.29540811604 is not greater than 8538.295784707843. Delta is -0.0003765918027056614
Model is not converging.  Current: 8659.436660268819 is not greater than 8659.473106359992. Delta is -0.03644609117327491
Model is not converging.  Current: 8538.29540811604 is not greater than 8538.295784707843. Delta is -0.0003765918027056614
Model is not converging.  Current: 8659.373287670558 is not greater than 8659.390397545549. Delta is -0.017109874990637763
Model is not converging.  Current: 8659.373287670558 is not greater than 8659.390397545549. Delta is -0.017109874990637763
Model is not converging.  Current: 8659.42240433364 is not greater than 8659.444963979598. Delta is -0.0225596459586086
Model is not converging.  Current: 8659.422404332992 is not greater than 8659.44496397968. Delta is -0.02255964668802335
Model is not converging.  Current: 8659.37328767044 is not greater than 8659.390397545507. Delta is -0.01710987506703532
Model is not converging.  Current: 8659.422404332992 is not greater than 8659.44496397968. Delta is -0.02255964668802335
Model is not converging.  Current: 8659.444149257748 is not greater than 8659.448368380017. Delta is -0.0042191222692054
Model is not converging.  Current: 8659.444149257748 is not greater than 8659.44836838002. Delta is -0.004219122272843379
Model is not converging.  Current: 8659.444149257748 is not greater than 8659.44836838002. Delta is -0.004219122272843379
Model is not converging.  Current: 8659.436660268819 is not greater than 8659.473106359992. Delta is -0.03644609117327491
Model is not converging.  Current: 8659.436660268819 is not greater than 8659.473106359992. Delta is -0.03644609117327491
Model is not converging.  Current: 8659.436660269337 is not greater than 8659.473106359465. Delta is -0.036446090127356
/Users/takakhoo/Dev/regime-research/src/regimes/models/hmm.py:60: RuntimeWarning: divide by zero encountered in log
  prev = np.log(model.startprob_ if prior is None else prior)
/Users/takakhoo/Dev/regime-research/src/regimes/models/hmm.py:60: RuntimeWarning: divide by zero encountered in log
  prev = np.log(model.startprob_ if prior is None else prior)
/Users/takakhoo/Dev/regime-research/src/regimes/models/hmm.py:60: RuntimeWarning: divide by zero encountered in log
  prev = np.log(model.startprob_ if prior is None else prior)
/Users/takakhoo/Dev/regime-research/src/regimes/models/hmm.py:60: RuntimeWarning: divide by zero encountered in log
  prev = np.log(model.startprob_ if prior is None else prior)
Model is not converging.  Current: 9176.59889545116 is not greater than 9176.599361875393. Delta is -0.0004664242333092261
Model is not converging.  Current: 9176.603231316683 is not greater than 9176.605367996415. Delta is -0.0021366797318478348
Model is not converging.  Current: 9176.610873774602 is not greater than 9176.61570960731. Delta is -0.004835832707613008
Model is not converging.  Current: 9176.628481051095 is not greater than 9176.63038011552. Delta is -0.0018990644257428357
/Users/takakhoo/Dev/regime-research/src/regimes/models/hmm.py:60: RuntimeWarning: divide by zero encountered in log
  prev = np.log(model.startprob_ if prior is None else prior)
Model is not converging.  Current: 9176.59889545116 is not greater than 9176.599361875393. Delta is -0.0004664242333092261
Model is not converging.  Current: 9176.59889545116 is not greater than 9176.599361875393. Delta is -0.0004664242333092261
Model is not converging.  Current: 9176.603231317038 is not greater than 9176.605367996874. Delta is -0.0021366798355302308
Model is not converging.  Current: 9176.603231316683 is not greater than 9176.605367996415. Delta is -0.0021366797318478348
Model is not converging.  Current: 9176.59889545116 is not greater than 9176.599361875393. Delta is -0.0004664242333092261
Model is not converging.  Current: 9352.208830678761 is not greater than 9352.245181959752. Delta is -0.03635128099085705
Model is not converging.  Current: 9176.603231317038 is not greater than 9176.605367996874. Delta is -0.0021366798355302308
Model is not converging.  Current: 9176.610873774602 is not greater than 9176.61570960731. Delta is -0.004835832707613008
Model is not converging.  Current: 9176.610873774602 is not greater than 9176.61570960731. Delta is -0.004835832707613008
Model is not converging.  Current: 9352.964022420676 is not greater than 9352.996988596014. Delta is -0.03296617533851531
Model is not converging.  Current: 9176.628481051308 is not greater than 9176.630380114535. Delta is -0.0018990632270288188
/Users/takakhoo/Dev/regime-research/src/regimes/models/hmm.py:60: RuntimeWarning: divide by zero encountered in log
  prev = np.log(model.startprob_ if prior is None else prior)
Model is not converging.  Current: 9351.827710355925 is not greater than 9351.827711479107. Delta is -1.1231823009438813e-06
Model is not converging.  Current: 9176.628481051095 is not greater than 9176.63038011552. Delta is -0.0018990644257428357
/Users/takakhoo/Dev/regime-research/src/regimes/models/hmm.py:60: RuntimeWarning: divide by zero encountered in log
  prev = np.log(model.startprob_ if prior is None else prior)
Model is not converging.  Current: 9176.610873774862 is not greater than 9176.615709607688. Delta is -0.004835832825847319
Model is not converging.  Current: 9352.981506642604 is not greater than 9353.045089712661. Delta is -0.06358307005757524
Model is not converging.  Current: 9176.628481051095 is not greater than 9176.63038011552. Delta is -0.0018990644257428357
Model is not converging.  Current: 9352.997047312801 is not greater than 9353.081341996782. Delta is -0.08429468398026074
/Users/takakhoo/Dev/regime-research/src/regimes/models/hmm.py:60: RuntimeWarning: divide by zero encountered in log
  prev = np.log(model.startprob_ if prior is None else prior)
/Users/takakhoo/Dev/regime-research/src/regimes/models/hmm.py:60: RuntimeWarning: divide by zero encountered in log
  prev = np.log(model.startprob_ if prior is None else prior)
Model is not converging.  Current: 9352.208830678761 is not greater than 9352.245181959752. Delta is -0.03635128099085705
Model is not converging.  Current: 9352.208830678761 is not greater than 9352.245181959752. Delta is -0.03635128099085705
Model is not converging.  Current: 9352.964022420676 is not greater than 9352.996988596014. Delta is -0.03296617533851531
Model is not converging.  Current: 9352.96402242136 is not greater than 9352.996988596815. Delta is -0.032966175454930635
Model is not converging.  Current: 9351.827710355925 is not greater than 9351.827711479107. Delta is -1.1231823009438813e-06
Model is not converging.  Current: 9351.827710355925 is not greater than 9351.827711479107. Delta is -1.1231823009438813e-06
Model is not converging.  Current: 9352.208830678761 is not greater than 9352.245181959752. Delta is -0.03635128099085705
Model is not converging.  Current: 9352.981506642604 is not greater than 9353.045089712661. Delta is -0.06358307005757524
Model is not converging.  Current: 9352.981506642649 is not greater than 9353.045089712468. Delta is -0.06358306981928763
Model is not converging.  Current: 9559.98722427485 is not greater than 9560.00056862945. Delta is -0.013344354600121733
Model is not converging.  Current: 9352.96402242136 is not greater than 9352.996988596815. Delta is -0.032966175454930635
Model is not converging.  Current: 9352.997047312518 is not greater than 9353.081341996734. Delta is -0.08429468421672937
/Users/takakhoo/Dev/regime-research/src/regimes/models/hmm.py:60: RuntimeWarning: divide by zero encountered in log
  prev = np.log(model.startprob_ if prior is None else prior)
Model is not converging.  Current: 9352.997047312518 is not greater than 9353.081341996734. Delta is -0.08429468421672937
Model is not converging.  Current: 9351.827710355925 is not greater than 9351.827711479107. Delta is -1.1231823009438813e-06
Model is not converging.  Current: 9560.740083583167 is not greater than 9560.819974991113. Delta is -0.07989140794597915
/Users/takakhoo/Dev/regime-research/src/regimes/models/hmm.py:60: RuntimeWarning: divide by zero encountered in log
  prev = np.log(model.startprob_ if prior is None else prior)
Model is not converging.  Current: 9352.981506642604 is not greater than 9353.045089712661. Delta is -0.06358307005757524
Model is not converging.  Current: 9352.997047312365 is not greater than 9353.08134199642. Delta is -0.08429468405483931
/Users/takakhoo/Dev/regime-research/src/regimes/models/hmm.py:60: RuntimeWarning: divide by zero encountered in log
  prev = np.log(model.startprob_ if prior is None else prior)
Model is not converging.  Current: 9559.98722427485 is not greater than 9560.00056862945. Delta is -0.013344354600121733
Model is not converging.  Current: 9559.98722427485 is not greater than 9560.00056862945. Delta is -0.013344354600121733
Model is not converging.  Current: 9560.760059210073 is not greater than 9560.83613244642. Delta is -0.07607323634692875
Model is not converging.  Current: 9560.740083583369 is not greater than 9560.81997499148. Delta is -0.07989140811150719
Model is not converging.  Current: 9560.740083583167 is not greater than 9560.819974991113. Delta is -0.07989140794597915
Model is not converging.  Current: 9560.827824514734 is not greater than 9560.864604725082. Delta is -0.03678021034829726
Model is not converging.  Current: 9559.98722427485 is not greater than 9560.00056862945. Delta is -0.013344354600121733
Model is not converging.  Current: 9560.760059209937 is not greater than 9560.836132446615. Delta is -0.07607323667798482
Model is not converging.  Current: 9560.740083583167 is not greater than 9560.819974991113. Delta is -0.07989140794597915
Model is not converging.  Current: 9560.760059210073 is not greater than 9560.83613244642. Delta is -0.07607323634692875
Model is not converging.  Current: 9718.967164614442 is not greater than 9718.981711821736. Delta is -0.014547207294526743
Model is not converging.  Current: 9560.827824515369 is not greater than 9560.864604725157. Delta is -0.036780209788048523
Model is not converging.  Current: 9560.827824515369 is not greater than 9560.864604725157. Delta is -0.036780209788048523
Model is not converging.  Current: 9719.223347816864 is not greater than 9719.28866374705. Delta is -0.06531593018553394
Model is not converging.  Current: 9560.760059209937 is not greater than 9560.836132446615. Delta is -0.07607323667798482
Model is not converging.  Current: 9718.967164614442 is not greater than 9718.981711821736. Delta is -0.014547207294526743
Model is not converging.  Current: 9560.827824514754 is not greater than 9560.864604725426. Delta is -0.036780210672077374
Model is not converging.  Current: 9718.967164614442 is not greater than 9718.981711821736. Delta is -0.014547207294526743
Model is not converging.  Current: 9719.355717138436 is not greater than 9719.38174492969. Delta is -0.026027791253000032
Model is not converging.  Current: 9719.223347816864 is not greater than 9719.28866374705. Delta is -0.06531593018553394
Model is not converging.  Current: 9719.223347815658 is not greater than 9719.28866374698. Delta is -0.06531593132240232
Model is not converging.  Current: 9719.30603795015 is not greater than 9719.34433396992. Delta is -0.038296019771223655
Model is not converging.  Current: 9718.967164614442 is not greater than 9718.981711821736. Delta is -0.014547207294526743
Model is not converging.  Current: 9719.355717138436 is not greater than 9719.38174492969. Delta is -0.026027791253000032
Model is not converging.  Current: 9719.355717138436 is not greater than 9719.38174492969. Delta is -0.026027791253000032
Model is not converging.  Current: 9719.223347816864 is not greater than 9719.28866374705. Delta is -0.06531593018553394
Model is not converging.  Current: 9719.306037949114 is not greater than 9719.34433396832. Delta is -0.03829601920551795
Model is not converging.  Current: 9859.077845570171 is not greater than 9859.080917309731. Delta is -0.0030717395602550823
Model is not converging.  Current: 9719.306037949114 is not greater than 9719.34433396832. Delta is -0.03829601920551795
Model is not converging.  Current: 9859.823548956963 is not greater than 9859.865137354143. Delta is -0.041588397180021275
Model is not converging.  Current: 9719.355717138436 is not greater than 9719.38174492969. Delta is -0.026027791253000032
Model is not converging.  Current: 9719.306037949114 is not greater than 9719.34433396832. Delta is -0.03829601920551795
Model is not converging.  Current: 9859.077845570171 is not greater than 9859.080917309731. Delta is -0.0030717395602550823
Model is not converging.  Current: 9859.800008649021 is not greater than 9859.87612623978. Delta is -0.0761175907591678
Model is not converging.  Current: 9859.077845570171 is not greater than 9859.080917309731. Delta is -0.0030717395602550823
Model is not converging.  Current: 9859.823548956963 is not greater than 9859.865137354143. Delta is -0.041588397180021275
Model is not converging.  Current: 9859.815190868494 is not greater than 9859.89883920778. Delta is -0.08364833928681037
Model is not converging.  Current: 9859.823548957938 is not greater than 9859.865137356255. Delta is -0.04158839831688965
Model is not converging.  Current: 9859.077845570171 is not greater than 9859.080917309731. Delta is -0.0030717395602550823
Model is not converging.  Current: 9859.800008649021 is not greater than 9859.87612623978. Delta is -0.0761175907591678
Model is not converging.  Current: 9859.823548956963 is not greater than 9859.865137354143. Delta is -0.041588397180021275
Model is not converging.  Current: 9962.67233796628 is not greater than 9962.946408167049. Delta is -0.27407020076861954
Model is not converging.  Current: 9859.800008649021 is not greater than 9859.87612623978. Delta is -0.0761175907591678
Model is not converging.  Current: 9859.815190868494 is not greater than 9859.89883920778. Delta is -0.08364833928681037
Model is not converging.  Current: 9859.815190866406 is not greater than 9859.89883920692. Delta is -0.08364834051462822
Model is not converging.  Current: 9961.431135896732 is not greater than 9961.540348905035. Delta is -0.10921300830341352
Model is not converging.  Current: 9859.800008649021 is not greater than 9859.87612623978. Delta is -0.0761175907591678
Model is not converging.  Current: 9859.815190868494 is not greater than 9859.89883920778. Delta is -0.08364833928681037
Model is not converging.  Current: 9961.487652211285 is not greater than 9961.63041315228. Delta is -0.14276094099477632
Model is not converging.  Current: 9962.67233796628 is not greater than 9962.946408167049. Delta is -0.27407020076861954
Model is not converging.  Current: 9962.672337965527 is not greater than 9962.946408166736. Delta is -0.274070201208815
Model is not converging.  Current: 9961.431135896732 is not greater than 9961.540348905035. Delta is -0.10921300830341352
Model is not converging.  Current: 9961.574862851196 is not greater than 9961.585385404624. Delta is -0.010522553428018
Model is not converging.  Current: 9961.431135896732 is not greater than 9961.540348905035. Delta is -0.10921300830341352
Model is not converging.  Current: 9962.67233796628 is not greater than 9962.946408167049. Delta is -0.27407020076861954
Model is not converging.  Current: 9961.487652210879 is not greater than 9961.630413150124. Delta is -0.1427609392449085
Model is not converging.  Current: 9961.431135896732 is not greater than 9961.540348905035. Delta is -0.10921300830341352
Model is not converging.  Current: 9961.487652210879 is not greater than 9961.630413150124. Delta is -0.1427609392449085
Model is not converging.  Current: 10038.74724667718 is not greater than 10038.911995905179. Delta is -0.16474922799898195
Model is not converging.  Current: 9961.574862851196 is not greater than 9961.585385404624. Delta is -0.010522553428018
Model is not converging.  Current: 10037.844767811908 is not greater than 10037.898051243972. Delta is -0.05328343206383579
Model is not converging.  Current: 9961.574862851196 is not greater than 9961.585385404624. Delta is -0.010522553428018
Model is not converging.  Current: 9961.487652210879 is not greater than 9961.630413150124. Delta is -0.1427609392449085
Model is not converging.  Current: 9961.574862851416 is not greater than 9961.585385403929. Delta is -0.01052255251306633
Model is not converging.  Current: 10038.747246676974 is not greater than 10038.911995904598. Delta is -0.16474922762427013
Model is not converging.  Current: 10038.008132186418 is not greater than 10038.052270894663. Delta is -0.044138708244645386
Model is not converging.  Current: 10038.74724667718 is not greater than 10038.911995905179. Delta is -0.16474922799898195
Model is not converging.  Current: 10037.844767811908 is not greater than 10037.898051243972. Delta is -0.05328343206383579
Model is not converging.  Current: 10037.979509627368 is not greater than 10038.019666193833. Delta is -0.040156566465157084
Model is not converging.  Current: 10037.844767811908 is not greater than 10037.898051243972. Delta is -0.05328343206383579
Model is not converging.  Current: 10038.747246676974 is not greater than 10038.911995904598. Delta is -0.16474922762427013
Model is not converging.  Current: 10037.844767811908 is not greater than 10037.898051243972. Delta is -0.05328343206383579
Model is not converging.  Current: 10038.008132186418 is not greater than 10038.052270894663. Delta is -0.044138708244645386
Model is not converging.  Current: 10038.008132186817 is not greater than 10038.05227089594. Delta is -0.04413870912321727
Model is not converging.  Current: 10071.34798269215 is not greater than 10071.355437041366. Delta is -0.0074543492155498825
Model is not converging.  Current: 10037.979509627368 is not greater than 10038.019666193833. Delta is -0.040156566465157084
Model is not converging.  Current: 10072.119072603205 is not greater than 10072.204662985892. Delta is -0.08559038268685981
Model is not converging.  Current: 10037.97950962751 is not greater than 10038.019666194052. Delta is -0.04015656654155464
Model is not converging.  Current: 10038.008132186418 is not greater than 10038.052270894663. Delta is -0.044138708244645386
Model is not converging.  Current: 10037.979509627368 is not greater than 10038.019666193833. Delta is -0.040156566465157084
Model is not converging.  Current: 10071.34798269215 is not greater than 10071.355437041366. Delta is -0.0074543492155498825
Model is not converging.  Current: 10072.169913782927 is not greater than 10072.213653450002. Delta is -0.043739667074987665
Model is not converging.  Current: 10071.34798269193 is not greater than 10071.355437041568. Delta is -0.007454349637555424
Model is not converging.  Current: 10072.119072603205 is not greater than 10072.204662985892. Delta is -0.08559038268685981
Model is not converging.  Current: 10072.187247750064 is not greater than 10072.281437804024. Delta is -0.09419005396011926
Model is not converging.  Current: 10072.119072603205 is not greater than 10072.204662985892. Delta is -0.08559038268685981
Model is not converging.  Current: 10071.34798269215 is not greater than 10071.355437041366. Delta is -0.0074543492155498825
Model is not converging.  Current: 10072.169913783384 is not greater than 10072.213653451156. Delta is -0.043739667771660606
Model is not converging.  Current: 10072.119072603205 is not greater than 10072.204662985892. Delta is -0.08559038268685981
Model is not converging.  Current: 10072.169913783384 is not greater than 10072.213653451156. Delta is -0.043739667771660606
Model is not converging.  Current: 10080.544270946573 is not greater than 10080.597944188496. Delta is -0.053673241922297166
Model is not converging.  Current: 10072.187247750064 is not greater than 10072.281437804024. Delta is -0.09419005396011926
Model is not converging.  Current: 10081.417698016805 is not greater than 10081.515446600488. Delta is -0.09774858368291461
Model is not converging.  Current: 10072.187247750064 is not greater than 10072.281437804024. Delta is -0.09419005396011926
Model is not converging.  Current: 10072.16991378267 is not greater than 10072.213653450295. Delta is -0.043739667624322465
Model is not converging.  Current: 10072.187247750064 is not greater than 10072.281437804024. Delta is -0.09419005396011926
Model is not converging.  Current: 10081.348007215402 is not greater than 10081.499670337289. Delta is -0.1516631218873954
Model is not converging.  Current: 10080.544270946573 is not greater than 10080.597944188496. Delta is -0.053673241922297166
Model is not converging.  Current: 10081.407302151427 is not greater than 10081.559259273507. Delta is -0.15195712207969336
Model is not converging.  Current: 10080.544270946573 is not greater than 10080.597944188496. Delta is -0.053673241922297166
Model is not converging.  Current: 10081.417698016694 is not greater than 10081.51544660061. Delta is -0.09774858391574526
Model is not converging.  Current: 10080.544270946573 is not greater than 10080.597944188496. Delta is -0.053673241922297166
Model is not converging.  Current: 10081.417698016805 is not greater than 10081.515446600488. Delta is -0.09774858368291461
Model is not converging.  Current: 10081.417698016805 is not greater than 10081.515446600488. Delta is -0.09774858368291461
Model is not converging.  Current: 10081.34800721529 is not greater than 10081.499670337384. Delta is -0.1516631220929412
Model is not converging.  Current: 10069.243752368018 is not greater than 10069.265622786112. Delta is -0.021870418093385524
Model is not converging.  Current: 10081.34800721529 is not greater than 10081.499670337384. Delta is -0.1516631220929412
Model is not converging.  Current: 10081.407302151427 is not greater than 10081.559259273507. Delta is -0.15195712207969336
Model is not converging.  Current: 10081.34800721529 is not greater than 10081.499670337384. Delta is -0.1516631220929412
Model is not converging.  Current: 10068.56402850033 is not greater than 10068.701255864473. Delta is -0.1372273641427455
Model is not converging.  Current: 10081.407302151427 is not greater than 10081.559259273507. Delta is -0.15195712207969336
Model is not converging.  Current: 10081.407302151427 is not greater than 10081.559259273507. Delta is -0.15195712207969336
Model is not converging.  Current: 10068.723132117746 is not greater than 10068.76375218406. Delta is -0.0406200663146592
Model is not converging.  Current: 10069.243752368728 is not greater than 10069.26562278606. Delta is -0.021870417333047953
Model is not converging.  Current: 10069.243752368728 is not greater than 10069.26562278606. Delta is -0.021870417333047953
Model is not converging.  Current: 10068.709685121568 is not greater than 10068.774291240801. Delta is -0.06460611923284887
Model is not converging.  Current: 10068.564028500596 is not greater than 10068.701255864291. Delta is -0.1372273636952741
Model is not converging.  Current: 10069.243752368728 is not greater than 10069.26562278606. Delta is -0.021870417333047953
Model is not converging.  Current: 10068.564028500596 is not greater than 10068.701255864291. Delta is -0.1372273636952741
Model is not converging.  Current: 10068.56402850033 is not greater than 10068.701255864473. Delta is -0.1372273641427455
Model is not converging.  Current: 10068.723132117746 is not greater than 10068.76375218406. Delta is -0.0406200663146592
Model is not converging.  Current: 10029.825756925424 is not greater than 10029.86342742667. Delta is -0.037670501245884225
Model is not converging.  Current: 10068.723132117746 is not greater than 10068.76375218406. Delta is -0.0406200663146592
Model is not converging.  Current: 10029.148237176332 is not greater than 10029.191922816197. Delta is -0.04368563986463414
Model is not converging.  Current: 10068.723132117746 is not greater than 10068.76375218406. Delta is -0.0406200663146592
Model is not converging.  Current: 10068.709685121568 is not greater than 10068.774291240801. Delta is -0.06460611923284887
Model is not converging.  Current: 10068.709685121234 is not greater than 10068.77429124052. Delta is -0.06460611928559956
Model is not converging.  Current: 10068.709685121568 is not greater than 10068.774291240801. Delta is -0.06460611923284887
Model is not converging.  Current: 10029.18835756701 is not greater than 10029.301042789017. Delta is -0.11268522200589359
Model is not converging.  Current: 10029.82575692608 is not greater than 10029.863427427335. Delta is -0.03767050125497917
Model is not converging.  Current: 10029.224401267087 is not greater than 10029.23337829531. Delta is -0.008977028222943773
Model is not converging.  Current: 10029.825756925424 is not greater than 10029.86342742667. Delta is -0.037670501245884225
Model is not converging.  Current: 10029.148237176332 is not greater than 10029.191922816197. Delta is -0.04368563986463414
Model is not converging.  Current: 10029.825756925424 is not greater than 10029.86342742667. Delta is -0.037670501245884225
Model is not converging.  Current: 10029.148237176332 is not greater than 10029.191922816197. Delta is -0.04368563986463414
Model is not converging.  Current: 10029.148237176332 is not greater than 10029.191922816197. Delta is -0.04368563986463414
Model is not converging.  Current: 10029.188357566276 is not greater than 10029.301042788355. Delta is -0.11268522207865317
Model is not converging.  Current: 10049.529816039436 is not greater than 10049.577148107517. Delta is -0.04733206808123214
Model is not converging.  Current: 10029.188357566276 is not greater than 10029.301042788355. Delta is -0.11268522207865317
Model is not converging.  Current: 10029.224401267598 is not greater than 10029.233378294624. Delta is -0.008977027026048745
Model is not converging.  Current: 10029.18835756701 is not greater than 10029.301042789017. Delta is -0.11268522200589359
Model is not converging.  Current: 10050.271413049039 is not greater than 10050.413232000697. Delta is -0.14181895165893366
Model is not converging.  Current: 10029.224401267087 is not greater than 10029.23337829531. Delta is -0.008977028222943773
Model is not converging.  Current: 10029.224401267087 is not greater than 10029.23337829531. Delta is -0.008977028222943773
Model is not converging.  Current: 10050.236252885295 is not greater than 10050.408402864432. Delta is -0.17214997913652041
Model is not converging.  Current: 10049.529816038903 is not greater than 10049.57714810688. Delta is -0.04733206797754974
Model is not converging.  Current: 10050.269333037084 is not greater than 10050.443550641754. Delta is -0.17421760467004788
Model is not converging.  Current: 10049.529816039436 is not greater than 10049.577148107517. Delta is -0.04733206808123214
Model is not converging.  Current: 10050.271413049039 is not greater than 10050.413232000697. Delta is -0.14181895165893366
Model is not converging.  Current: 10049.529816038903 is not greater than 10049.57714810688. Delta is -0.04733206797754974
Model is not converging.  Current: 10050.271413049039 is not greater than 10050.413232000697. Delta is -0.14181895165893366
Model is not converging.  Current: 10050.271413049039 is not greater than 10050.413232000697. Delta is -0.14181895165893366
Model is not converging.  Current: 10199.112033520449 is not greater than 10199.234613523986. Delta is -0.12258000353722309
Model is not converging.  Current: 10050.236252885295 is not greater than 10050.408402864432. Delta is -0.17214997913652041
Model is not converging.  Current: 10050.236252885305 is not greater than 10050.408402863517. Delta is -0.1721499782124738
Model is not converging.  Current: 10197.883266302479 is not greater than 10197.961563470259. Delta is -0.0782971677799651
Model is not converging.  Current: 10050.269333037084 is not greater than 10050.443550641754. Delta is -0.17421760467004788
Model is not converging.  Current: 10050.236252885295 is not greater than 10050.408402864432. Delta is -0.17214997913652041
Model is not converging.  Current: 10050.269333037084 is not greater than 10050.443550641754. Delta is -0.17421760467004788
Model is not converging.  Current: 10196.827369179537 is not greater than 10196.827410214848. Delta is -4.10353113693418e-05
Model is not converging.  Current: 10050.269333037073 is not greater than 10050.44355064241. Delta is -0.174217605337617
Model is not converging.  Current: 10197.899349609985 is not greater than 10197.971443681978. Delta is -0.07209407199297857
Model is not converging.  Current: 10199.112033520449 is not greater than 10199.234613523986. Delta is -0.12258000353722309
Model is not converging.  Current: 10199.112033520449 is not greater than 10199.234613523986. Delta is -0.12258000353722309
Model is not converging.  Current: 10197.964703774038 is not greater than 10198.007894862216. Delta is -0.04319108817799133
Model is not converging.  Current: 10197.883266302479 is not greater than 10197.961563470259. Delta is -0.0782971677799651
Model is not converging.  Current: 10199.11203352044 is not greater than 10199.234613522975. Delta is -0.12258000253495993
Model is not converging.  Current: 10197.883266302479 is not greater than 10197.961563470259. Delta is -0.0782971677799651
Model is not converging.  Current: 10196.827369180191 is not greater than 10196.827410214662. Delta is -4.103447099623736e-05
Model is not converging.  Current: 10197.883266302479 is not greater than 10197.961563470259. Delta is -0.0782971677799651
Model is not converging.  Current: 10196.827369180191 is not greater than 10196.827410214662. Delta is -4.103447099623736e-05
Model is not converging.  Current: 10197.899349609985 is not greater than 10197.971443681978. Delta is -0.07209407199297857
Model is not converging.  Current: 10353.865133173922 is not greater than 10354.823874950604. Delta is -0.9587417766815634
Model is not converging.  Current: 10197.899349609985 is not greater than 10197.971443681978. Delta is -0.07209407199297857
Model is not converging.  Current: 10196.827369180191 is not greater than 10196.827410214662. Delta is -4.103447099623736e-05
Model is not converging.  Current: 10197.964703774038 is not greater than 10198.007894862216. Delta is -0.04319108817799133
Model is not converging.  Current: 10348.656317091349 is not greater than 10348.868134091455. Delta is -0.2118170001067483
Model is not converging.  Current: 10197.899349609985 is not greater than 10197.971443681978. Delta is -0.07209407199297857
Model is not converging.  Current: 10197.964703774038 is not greater than 10198.007894862216. Delta is -0.04319108817799133
Model is not converging.  Current: 10197.964703774038 is not greater than 10198.007894862216. Delta is -0.04319108817799133
Model is not converging.  Current: 10348.712838609363 is not greater than 10348.895222271345. Delta is -0.1823836619823851
Model is not converging.  Current: 10353.865133173922 is not greater than 10354.823874950604. Delta is -0.9587417766815634
Model is not converging.  Current: 10348.721309804934 is not greater than 10348.928331448447. Delta is -0.20702164351314423
Model is not converging.  Current: 10353.865133173922 is not greater than 10354.823874950604. Delta is -0.9587417766815634
Model is not converging.  Current: 10348.656317091349 is not greater than 10348.868134091455. Delta is -0.2118170001067483
Model is not converging.  Current: 10348.656317091554 is not greater than 10348.868134090939. Delta is -0.21181699938460952
Model is not converging.  Current: 10353.865133173922 is not greater than 10354.823874950604. Delta is -0.9587417766815634
Model is not converging.  Current: 10348.656317091349 is not greater than 10348.868134091455. Delta is -0.2118170001067483
Model is not converging.  Current: 10471.801355212236 is not greater than 10473.101158127603. Delta is -1.2998029153677635
Model is not converging.  Current: 10348.712838609363 is not greater than 10348.895222271345. Delta is -0.1823836619823851
Model is not converging.  Current: 10465.334606997274 is not greater than 10465.400679965373. Delta is -0.06607296809852414
Model is not converging.  Current: 10348.712838609363 is not greater than 10348.895222271345. Delta is -0.1823836619823851
Model is not converging.  Current: 10348.721309804934 is not greater than 10348.928331448447. Delta is -0.20702164351314423
Model is not converging.  Current: 10348.712838609363 is not greater than 10348.895222271345. Delta is -0.1823836619823851
Model is not converging.  Current: 10348.721309804934 is not greater than 10348.928331448447. Delta is -0.20702164351314423
Model is not converging.  Current: 10464.912000211703 is not greater than 10465.072116059064. Delta is -0.16011584736043005
Model is not converging.  Current: 10348.721309804934 is not greater than 10348.928331448447. Delta is -0.20702164351314423
Model is not converging.  Current: 10465.065828946097 is not greater than 10465.118708081282. Delta is -0.05287913518441201
Model is not converging.  Current: 10471.801355212236 is not greater than 10473.101158127603. Delta is -1.2998029153677635
Model is not converging.  Current: 10465.334606997274 is not greater than 10465.400679965373. Delta is -0.06607296809852414
Model is not converging.  Current: 10471.801355212236 is not greater than 10473.101158127603. Delta is -1.2998029153677635
Model is not converging.  Current: 10465.334606996976 is not greater than 10465.400679964663. Delta is -0.06607296768743254
Model is not converging.  Current: 10471.801355212236 is not greater than 10473.101158127603. Delta is -1.2998029153677635
Model is not converging.  Current: 10464.912000211587 is not greater than 10465.072116059768. Delta is -0.16011584818079427
Model is not converging.  Current: 10562.854223782835 is not greater than 10563.866158912222. Delta is -1.011935129386984
Model is not converging.  Current: 10465.334606997274 is not greater than 10465.400679965373. Delta is -0.06607296809852414
Model is not converging.  Current: 10465.065828946097 is not greater than 10465.118708081282. Delta is -0.05287913518441201
Model is not converging.  Current: 10464.91200021106 is not greater than 10465.072116059182. Delta is -0.1601158481225866
Model is not converging.  Current: 10556.813546315163 is not greater than 10556.9452043505. Delta is -0.13165803533775033
Model is not converging.  Current: 10464.91200021106 is not greater than 10465.072116059182. Delta is -0.1601158481225866
Model is not converging.  Current: 10465.065828946066 is not greater than 10465.118708081862. Delta is -0.05287913579559245
Model is not converging.  Current: 10556.379666936837 is not greater than 10556.61776321217. Delta is -0.23809627533410094
Model is not converging.  Current: 10465.065828946066 is not greater than 10465.118708081862. Delta is -0.05287913579559245
Model is not converging.  Current: 10562.854223782835 is not greater than 10563.866158912222. Delta is -1.011935129386984
Model is not converging.  Current: 10555.450951679079 is not greater than 10555.655865999233. Delta is -0.20491432015478495
Model is not converging.  Current: 10556.813546315163 is not greater than 10556.9452043505. Delta is -0.13165803533775033
Model is not converging.  Current: 10562.854223782835 is not greater than 10563.866158912222. Delta is -1.011935129386984
Model is not converging.  Current: 10556.813546315163 is not greater than 10556.9452043505. Delta is -0.13165803533775033
Model is not converging.  Current: 10562.854223782835 is not greater than 10563.866158912222. Delta is -1.011935129386984
Model is not converging.  Current: 10556.379666936837 is not greater than 10556.61776321217. Delta is -0.23809627533410094
Model is not converging.  Current: 10657.746394198948 is not greater than 10657.751279042592. Delta is -0.00488484364359465
Model is not converging.  Current: 10556.813546315163 is not greater than 10556.9452043505. Delta is -0.13165803533775033
Model is not converging.  Current: 10556.379666936837 is not greater than 10556.61776321217. Delta is -0.23809627533410094
Model is not converging.  Current: 10555.450951679288 is not greater than 10555.655865999042. Delta is -0.20491431975460728
Model is not converging.  Current: 10650.039963203642 is not greater than 10650.064850884783. Delta is -0.02488768114017148
Model is not converging.  Current: 10555.450951679079 is not greater than 10555.655865999233. Delta is -0.20491432015478495
Model is not converging.  Current: 10556.379666936837 is not greater than 10556.61776321217. Delta is -0.23809627533410094
Model is not converging.  Current: 10649.773238742482 is not greater than 10649.969129155286. Delta is -0.19589041280414676
Model is not converging.  Current: 10555.450951679288 is not greater than 10555.655865999042. Delta is -0.20491431975460728
Model is not converging.  Current: 10657.746394198879 is not greater than 10657.751279042282. Delta is -0.004884843403488048
Model is not converging.  Current: 10649.86947896717 is not greater than 10650.022421947706. Delta is -0.15294298053595412
Model is not converging.  Current: 10650.039963203642 is not greater than 10650.064850884783. Delta is -0.02488768114017148
Model is not converging.  Current: 10657.746394198879 is not greater than 10657.751279042282. Delta is -0.004884843403488048
Model is not converging.  Current: 10650.03996320475 is not greater than 10650.064850885141. Delta is -0.024887680390747846
Model is not converging.  Current: 10657.746394198879 is not greater than 10657.751279042282. Delta is -0.004884843403488048
Model is not converging.  Current: 10649.773238742482 is not greater than 10649.969129155286. Delta is -0.19589041280414676
Model is not converging.  Current: 10749.734341971798 is not greater than 10750.405297219933. Delta is -0.6709552481352148
Model is not converging.  Current: 10650.03996320475 is not greater than 10650.064850885141. Delta is -0.024887680390747846
Model is not converging.  Current: 10649.773238741507 is not greater than 10649.96912915503. Delta is -0.19589041352264758
Model is not converging.  Current: 10649.86947896717 is not greater than 10650.022421947706. Delta is -0.15294298053595412
Model is not converging.  Current: 10750.234322230755 is not greater than 10750.317491722128. Delta is -0.08316949137224583
Model is not converging.  Current: 10649.86947896717 is not greater than 10650.022421947706. Delta is -0.15294298053595412
Model is not converging.  Current: 10649.773238742482 is not greater than 10649.969129155286. Delta is -0.19589041280414676
Model is not converging.  Current: 10749.278489099594 is not greater than 10749.349900032556. Delta is -0.07141093296195322
Model is not converging.  Current: 10649.86947896717 is not greater than 10650.022421947706. Delta is -0.15294298053595412
Model is not converging.  Current: 10749.734341971816 is not greater than 10750.405297219946. Delta is -0.6709552481297578
Model is not converging.  Current: 10749.491985892106 is not greater than 10749.595091736237. Delta is -0.10310584413127799
Model is not converging.  Current: 10749.734341971798 is not greater than 10750.405297219933. Delta is -0.6709552481352148
Model is not converging.  Current: 10750.234322230386 is not greater than 10750.317491720858. Delta is -0.08316949047184607
Model is not converging.  Current: 10749.734341971798 is not greater than 10750.405297219933. Delta is -0.6709552481352148
Model is not converging.  Current: 10750.234322230386 is not greater than 10750.317491720858. Delta is -0.08316949047184607
Model is not converging.  Current: 10762.274000765612 is not greater than 10763.14081816656. Delta is -0.8668174009471841
Model is not converging.  Current: 10750.234322230755 is not greater than 10750.317491722128. Delta is -0.08316949137224583
Model is not converging.  Current: 10749.278489099594 is not greater than 10749.349900032556. Delta is -0.07141093296195322
Model is not converging.  Current: 10762.276614269302 is not greater than 10762.341500267781. Delta is -0.06488599847943988
Model is not converging.  Current: 10749.278489099594 is not greater than 10749.349900032556. Delta is -0.07141093296195322
Model is not converging.  Current: 10749.491985892106 is not greater than 10749.595091736237. Delta is -0.10310584413127799
Model is not converging.  Current: 10749.278489099594 is not greater than 10749.349900032556. Delta is -0.07141093296195322
Model is not converging.  Current: 10749.491985892553 is not greater than 10749.595091736694. Delta is -0.10310584414037294
Model is not converging.  Current: 10761.098252117485 is not greater than 10761.216615303048. Delta is -0.1183631855637941
Model is not converging.  Current: 10749.491985892106 is not greater than 10749.595091736237. Delta is -0.10310584413127799
Model is not converging.  Current: 10761.448797925648 is not greater than 10761.461467823889. Delta is -0.01266989824034681
Model is not converging.  Current: 10762.274000765612 is not greater than 10763.14081816656. Delta is -0.8668174009471841
Model is not converging.  Current: 10762.276614269302 is not greater than 10762.341500267781. Delta is -0.06488599847943988
Model is not converging.  Current: 10762.274000765612 is not greater than 10763.14081816656. Delta is -0.8668174009471841
Model is not converging.  Current: 10762.274000765612 is not greater than 10763.14081816656. Delta is -0.8668174009471841
Model is not converging.  Current: 10762.276614269302 is not greater than 10762.341500267781. Delta is -0.06488599847943988
Model is not converging.  Current: 10799.649929685604 is not greater than 10800.788174344267. Delta is -1.1382446586630977
Model is not converging.  Current: 10762.276614269302 is not greater than 10762.341500267781. Delta is -0.06488599847943988
Model is not converging.  Current: 10761.098252117485 is not greater than 10761.216615303048. Delta is -0.1183631855637941
Model is not converging.  Current: 10790.520720613678 is not greater than 10790.583230232272. Delta is -0.06250961859404924
Model is not converging.  Current: 10761.098252117485 is not greater than 10761.216615303048. Delta is -0.1183631855637941
Model is not converging.  Current: 10761.448797925648 is not greater than 10761.461467823889. Delta is -0.01266989824034681
Model is not converging.  Current: 10761.098252117485 is not greater than 10761.216615303048. Delta is -0.1183631855637941
Model is not converging.  Current: 10761.448797925648 is not greater than 10761.461467823889. Delta is -0.01266989824034681
Model is not converging.  Current: 10789.153668807343 is not greater than 10789.253446812134. Delta is -0.09977800479100551
Model is not converging.  Current: 10761.448797925648 is not greater than 10761.461467823889. Delta is -0.01266989824034681
Model is not converging.  Current: 10799.649929685604 is not greater than 10800.788174344267. Delta is -1.1382446586630977
Model is not converging.  Current: 10789.040859623663 is not greater than 10789.09517292667. Delta is -0.05431330300780246
Model is not converging.  Current: 10790.520720613678 is not greater than 10790.583230232272. Delta is -0.06250961859404924
Model is not converging.  Current: 10799.649929684909 is not greater than 10800.78817434465. Delta is -1.1382446597417584
Model is not converging.  Current: 10799.649929684909 is not greater than 10800.78817434465. Delta is -1.1382446597417584
Model is not converging.  Current: 10790.520720613678 is not greater than 10790.583230232272. Delta is -0.06250961859404924
Model is not converging.  Current: 10812.88160331147 is not greater than 10813.93099658189. Delta is -1.0493932704193867
Model is not converging.  Current: 10790.520720614024 is not greater than 10790.583230231203. Delta is -0.06250961717887549
Model is not converging.  Current: 10789.153668807343 is not greater than 10789.253446812134. Delta is -0.09977800479100551
Model is not converging.  Current: 10801.643726052476 is not greater than 10801.730721758773. Delta is -0.08699570629687514
Model is not converging.  Current: 10789.040859623701 is not greater than 10789.095172927115. Delta is -0.0543133034134371
Model is not converging.  Current: 10789.153668807343 is not greater than 10789.253446812134. Delta is -0.09977800479100551
Model is not converging.  Current: 10789.15366880687 is not greater than 10789.253446811917. Delta is -0.09977800504748302
Model is not converging.  Current: 10801.662987757363 is not greater than 10801.664390082351. Delta is -0.0014023249877936905
Model is not converging.  Current: 10789.040859623701 is not greater than 10789.095172927115. Delta is -0.0543133034134371
Model is not converging.  Current: 10789.040859623663 is not greater than 10789.09517292667. Delta is -0.05431330300780246
Model is not converging.  Current: 10812.881603311198 is not greater than 10813.930996581998. Delta is -1.0493932707995555
Model is not converging.  Current: 10801.832789736287 is not greater than 10801.940639895858. Delta is -0.10785015957117139
Model is not converging.  Current: 10801.643726051934 is not greater than 10801.730721758066. Delta is -0.0869957061313471
Model is not converging.  Current: 10812.881603311134 is not greater than 10813.930996582068. Delta is -1.0493932709341607
Model is not converging.  Current: 10801.643726052875 is not greater than 10801.730721757704. Delta is -0.08699570482895069
Model is not converging.  Current: 10812.881603311198 is not greater than 10813.930996581998. Delta is -1.0493932707995555
Model is not converging.  Current: 10801.662987758418 is not greater than 10801.664390082778. Delta is -0.0014023243602423463
Model is not converging.  Current: 10801.643726051934 is not greater than 10801.730721758066. Delta is -0.0869957061313471
Model is not converging.  Current: 10807.678834334649 is not greater than 10808.26994122374. Delta is -0.5911068890909519
Model is not converging.  Current: 10801.832789736187 is not greater than 10801.94063989682. Delta is -0.1078501606334612
Model is not converging.  Current: 10808.100354382275 is not greater than 10808.220262095963. Delta is -0.11990771368800779
Model is not converging.  Current: 10801.662987758418 is not greater than 10801.664390082778. Delta is -0.0014023243602423463
Model is not converging.  Current: 10801.662987758418 is not greater than 10801.664390082778. Delta is -0.0014023243602423463
Model is not converging.  Current: 10801.832789736187 is not greater than 10801.94063989682. Delta is -0.1078501606334612
Model is not converging.  Current: 10806.523082458052 is not greater than 10806.589387629258. Delta is -0.0663051712053857
Model is not converging.  Current: 10807.678834334649 is not greater than 10808.26994122374. Delta is -0.5911068890909519
Model is not converging.  Current: 10801.832789736287 is not greater than 10801.940639895858. Delta is -0.10785015957117139
Model is not converging.  Current: 10805.477017299201 is not greater than 10805.518495802417. Delta is -0.04147850321533042
Model is not converging.  Current: 10808.100354382275 is not greater than 10808.220262095963. Delta is -0.11990771368800779
Model is not converging.  Current: 10807.678834334649 is not greater than 10808.26994122374. Delta is -0.5911068890909519
Model is not converging.  Current: 10806.523082457748 is not greater than 10806.58938762798. Delta is -0.06630517023222637
Model is not converging.  Current: 10808.10035438201 is not greater than 10808.220262095949. Delta is -0.11990771393902833
Model is not converging.  Current: 10807.678834334649 is not greater than 10808.26994122374. Delta is -0.5911068890909519
Model is not converging.  Current: 10896.142764913731 is not greater than 10896.22543067364. Delta is -0.08266575990819547
Model is not converging.  Current: 10808.10035438201 is not greater than 10808.220262095949. Delta is -0.11990771393902833
Model is not converging.  Current: 10805.477017299658 is not greater than 10805.518495802924. Delta is -0.04147850326626212
Model is not converging.  Current: 10882.501871492861 is not greater than 10882.668731457072. Delta is -0.16685996421074378
Model is not converging.  Current: 10806.523082457748 is not greater than 10806.58938762798. Delta is -0.06630517023222637
Model is not converging.  Current: 10805.477017299201 is not greater than 10805.518495802417. Delta is -0.04147850321533042
Model is not converging.  Current: 10806.523082458052 is not greater than 10806.589387629258. Delta is -0.0663051712053857
Model is not converging.  Current: 10896.142764913731 is not greater than 10896.22543067364. Delta is -0.08266575990819547
Model is not converging.  Current: 10882.501871492861 is not greater than 10882.668731457072. Delta is -0.16685996421074378
Model is not converging.  Current: 10880.805805644459 is not greater than 10880.90851876398. Delta is -0.1027131195205584
Model is not converging.  Current: 10805.477017299201 is not greater than 10805.518495802417. Delta is -0.04147850321533042
Model is not converging.  Current: 10896.142764913731 is not greater than 10896.22543067364. Delta is -0.08266575990819547
Model is not converging.  Current: 10879.55788174748 is not greater than 10879.666907721663. Delta is -0.10902597418316873
Model is not converging.  Current: 10882.501871492927 is not greater than 10882.668731457206. Delta is -0.16685996427986538
Model is not converging.  Current: 10880.805805644459 is not greater than 10880.90851876398. Delta is -0.1027131195205584
Model is not converging.  Current: 10896.142764913731 is not greater than 10896.22543067364. Delta is -0.08266575990819547
Model is not converging.  Current: 10882.501871492861 is not greater than 10882.668731457072. Delta is -0.16685996421074378
Model is not converging.  Current: 10879.55788174748 is not greater than 10879.666907721663. Delta is -0.10902597418316873
Model is not converging.  Current: 10973.267586205155 is not greater than 10973.616250462266. Delta is -0.3486642571115226
Model is not converging.  Current: 10880.805805644459 is not greater than 10880.90851876398. Delta is -0.1027131195205584
Model is not converging.  Current: 10959.565334010893 is not greater than 10959.625901096957. Delta is -0.06056708606411121
Model is not converging.  Current: 10879.55788174748 is not greater than 10879.666907721663. Delta is -0.10902597418316873
Model is not converging.  Current: 10880.805805644633 is not greater than 10880.908518764203. Delta is -0.10271311956967111
Model is not converging.  Current: 10973.267586203821 is not greater than 10973.616250461124. Delta is -0.3486642573025165
Model is not converging.  Current: 10959.565334010893 is not greater than 10959.625901096957. Delta is -0.06056708606411121
Model is not converging.  Current: 10958.507438154615 is not greater than 10958.527015489379. Delta is -0.019577334764107945
Model is not converging.  Current: 10879.55788174748 is not greater than 10879.666907721663. Delta is -0.10902597418316873
Model is not converging.  Current: 10973.267586203821 is not greater than 10973.616250461124. Delta is -0.3486642573025165
Model is not converging.  Current: 10957.78918363355 is not greater than 10957.87141547461. Delta is -0.08223184106100234
Model is not converging.  Current: 10959.565334010893 is not greater than 10959.625901096957. Delta is -0.06056708606411121
Model is not converging.  Current: 10958.50743815528 is not greater than 10958.527015489643. Delta is -0.019577334362111287
Model is not converging.  Current: 10973.267586205155 is not greater than 10973.616250462266. Delta is -0.3486642571115226
Model is not converging.  Current: 10957.78918363355 is not greater than 10957.87141547461. Delta is -0.08223184106100234
Model is not converging.  Current: 10959.565334010893 is not greater than 10959.625901096957. Delta is -0.06056708606411121
Model is not converging.  Current: 10965.85775968467 is not greater than 10966.768530014462. Delta is -0.9107703297922853
Model is not converging.  Current: 10958.50743815528 is not greater than 10958.527015489643. Delta is -0.019577334362111287
Model is not converging.  Current: 10951.754922544813 is not greater than 10951.758347839856. Delta is -0.0034252950426889583
Model is not converging.  Current: 10957.78918363355 is not greater than 10957.87141547461. Delta is -0.08223184106100234
Model is not converging.  Current: 10965.85775968467 is not greater than 10966.768530014462. Delta is -0.9107703297922853
Model is not converging.  Current: 10958.50743815528 is not greater than 10958.527015489643. Delta is -0.019577334362111287
Model is not converging.  Current: 10951.754922544813 is not greater than 10951.758347839856. Delta is -0.0034252950426889583
Model is not converging.  Current: 10949.770809884234 is not greater than 10949.892422438725. Delta is -0.12161255449063901
Model is not converging.  Current: 10957.78918363355 is not greater than 10957.87141547461. Delta is -0.08223184106100234
Model is not converging.  Current: 10965.85775968467 is not greater than 10966.768530014462. Delta is -0.9107703297922853
Model is not converging.  Current: 10949.595059361134 is not greater than 10949.642366697217. Delta is -0.04730733608266746
Model is not converging.  Current: 10951.754922544886 is not greater than 10951.758347838226. Delta is -0.0034252933401148766
Model is not converging.  Current: 10949.770809884234 is not greater than 10949.892422438725. Delta is -0.12161255449063901
Model is not converging.  Current: 10965.857759683264 is not greater than 10966.768530013116. Delta is -0.910770329852312
Model is not converging.  Current: 10949.595059361382 is not greater than 10949.642366695076. Delta is -0.047307333694334375
Model is not converging.  Current: 10996.67769591802 is not greater than 10998.146069922337. Delta is -1.4683740043165017
Model is not converging.  Current: 10951.754922544813 is not greater than 10951.758347839856. Delta is -0.0034252950426889583
Model is not converging.  Current: 10949.770809884334 is not greater than 10949.892422438019. Delta is -0.12161255368482671
Model is not converging.  Current: 10979.519021072658 is not greater than 10979.599162076827. Delta is -0.08014100416949077
Model is not converging.  Current: 10949.595059361362 is not greater than 10949.64236669626. Delta is -0.04730733489850536
Model is not converging.  Current: 10996.677695919 is not greater than 10998.146069923436. Delta is -1.468374004436555
Model is not converging.  Current: 10949.770809884234 is not greater than 10949.892422438725. Delta is -0.12161255449063901
Model is not converging.  Current: 10979.570743821374 is not greater than 10979.574414888106. Delta is -0.0036710667318402557
Model is not converging.  Current: 10979.519021071106 is not greater than 10979.599162075705. Delta is -0.08014100459877227
Model is not converging.  Current: 10949.595059361382 is not greater than 10949.642366695076. Delta is -0.047307333694334375
Model is not converging.  Current: 10979.212993385687 is not greater than 10979.325507156651. Delta is -0.11251377096414217
Model is not converging.  Current: 10996.67769591802 is not greater than 10998.146069922337. Delta is -1.4683740043165017
Model is not converging.  Current: 10979.519021072769 is not greater than 10979.599162077413. Delta is -0.080141004644247
Model is not converging.  Current: 10979.570743821374 is not greater than 10979.574414888106. Delta is -0.0036710667318402557
Model is not converging.  Current: 10996.67769591802 is not greater than 10998.146069922337. Delta is -1.4683740043165017
Model is not converging.  Current: 10979.212993385687 is not greater than 10979.325507156651. Delta is -0.11251377096414217
Model is not converging.  Current: 11013.310588397559 is not greater than 11013.821845124603. Delta is -0.5112567270443833
Model is not converging.  Current: 10979.519021072769 is not greater than 10979.599162077413. Delta is -0.080141004644247
Model is not converging.  Current: 10979.570743821374 is not greater than 10979.574414888106. Delta is -0.0036710667318402557
Model is not converging.  Current: 11012.151037730418 is not greater than 11012.156988588062. Delta is -0.005950857643256313
Model is not converging.  Current: 10979.212993385687 is not greater than 10979.325507156651. Delta is -0.11251377096414217
Model is not converging.  Current: 11013.310588397559 is not greater than 11013.821845124603. Delta is -0.5112567270443833
Model is not converging.  Current: 10979.570743821374 is not greater than 10979.574414888106. Delta is -0.0036710667318402557
Model is not converging.  Current: 11012.151037730418 is not greater than 11012.156988588062. Delta is -0.005950857643256313
Model is not converging.  Current: 11012.545531358692 is not greater than 11012.644457018081. Delta is -0.0989256593893515
Model is not converging.  Current: 10979.212993385687 is not greater than 10979.325507156651. Delta is -0.11251377096414217
Model is not converging.  Current: 11013.310588397559 is not greater than 11013.821845124603. Delta is -0.5112567270443833
Model is not converging.  Current: 11012.377529288187 is not greater than 11012.42307547804. Delta is -0.04554618985275738
Model is not converging.  Current: 11012.151037730418 is not greater than 11012.156988588062. Delta is -0.005950857643256313
Model is not converging.  Current: 11013.310588397559 is not greater than 11013.821845124603. Delta is -0.5112567270443833
Model is not converging.  Current: 11012.545531358692 is not greater than 11012.644457018081. Delta is -0.0989256593893515
Model is not converging.  Current: 11012.151037730418 is not greater than 11012.156988588062. Delta is -0.005950857643256313
Model is not converging.  Current: 11012.377529288187 is not greater than 11012.42307547804. Delta is -0.04554618985275738
Model is not converging.  Current: 10993.663478944201 is not greater than 10993.913751058119. Delta is -0.25027211391716264
Model is not converging.  Current: 11012.545531358692 is not greater than 11012.644457018081. Delta is -0.0989256593893515
Model is not converging.  Current: 11012.54553135967 is not greater than 11012.644457019458. Delta is -0.09892565978771017
Model is not converging.  Current: 10995.562943912872 is not greater than 10995.7677541432. Delta is -0.2048102303288033
Model is not converging.  Current: 11012.377529288187 is not greater than 11012.42307547804. Delta is -0.04554618985275738
Model is not converging.  Current: 11012.377529288187 is not greater than 11012.42307547804. Delta is -0.04554618985275738
Model is not converging.  Current: 10993.663478944201 is not greater than 10993.913751058119. Delta is -0.25027211391716264
Model is not converging.  Current: 10995.562943912872 is not greater than 10995.7677541432. Delta is -0.2048102303288033
Model is not converging.  Current: 10993.172139179038 is not greater than 10993.236587477104. Delta is -0.06444829806605412
Model is not converging.  Current: 10993.663478944201 is not greater than 10993.913751058119. Delta is -0.25027211391716264
Model is not converging.  Current: 10992.878938162474 is not greater than 10992.957155654824. Delta is -0.0782174923497223
Model is not converging.  Current: 10993.663478944201 is not greater than 10993.913751058119. Delta is -0.25027211391716264
Model is not converging.  Current: 10995.562943912872 is not greater than 10995.7677541432. Delta is -0.2048102303288033
Model is not converging.  Current: 10993.172139179038 is not greater than 10993.236587477104. Delta is -0.06444829806605412
Model is not converging.  Current: 10995.562943912872 is not greater than 10995.7677541432. Delta is -0.2048102303288033
Model is not converging.  Current: 10992.878938162474 is not greater than 10992.957155654824. Delta is -0.0782174923497223
Model is not converging.  Current: 10989.163188526794 is not greater than 10990.571103813214. Delta is -1.4079152864196658
Model is not converging.  Current: 10993.172139179038 is not greater than 10993.236587477104. Delta is -0.06444829806605412
Model is not converging.  Current: 10973.96129774844 is not greater than 10974.093817466404. Delta is -0.1325197179648967
Model is not converging.  Current: 10993.172139179038 is not greater than 10993.236587477104. Delta is -0.06444829806605412
Model is not converging.  Current: 10992.878938162474 is not greater than 10992.957155654824. Delta is -0.0782174923497223
Model is not converging.  Current: 10989.163188526434 is not greater than 10990.5711038143. Delta is -1.4079152878657624
Model is not converging.  Current: 10992.878938162474 is not greater than 10992.957155654824. Delta is -0.0782174923497223
Model is not converging.  Current: 10973.961297747528 is not greater than 10974.093817465642. Delta is -0.13251971811405383
Model is not converging.  Current: 10971.984816286682 is not greater than 10972.083380937991. Delta is -0.09856465130906145
Model is not converging.  Current: 10989.163188526434 is not greater than 10990.5711038143. Delta is -1.4079152878657624
Model is not converging.  Current: 10972.314718354852 is not greater than 10972.431111163807. Delta is -0.1163928089554247
Model is not converging.  Current: 10973.96129774844 is not greater than 10974.093817466404. Delta is -0.1325197179648967
Model is not converging.  Current: 10989.163188526434 is not greater than 10990.5711038143. Delta is -1.4079152878657624
Model is not converging.  Current: 10971.984816288246 is not greater than 10972.083380937525. Delta is -0.09856464927906927
Model is not converging.  Current: 10973.96129774844 is not greater than 10974.093817466404. Delta is -0.1325197179648967
Model is not converging.  Current: 10972.314718355154 is not greater than 10972.431111164231. Delta is -0.11639280907729699
Model is not converging.  Current: 10950.455624029522 is not greater than 10952.135327816071. Delta is -1.6797037865489983
Model is not converging.  Current: 10971.984816286438 is not greater than 10972.08338093665. Delta is -0.09856465021221084
Model is not converging.  Current: 10971.984816286682 is not greater than 10972.083380937991. Delta is -0.09856465130906145
Model is not converging.  Current: 10935.762218977246 is not greater than 10935.875706371758. Delta is -0.11348739451204892
Model is not converging.  Current: 10972.314718355154 is not greater than 10972.431111164231. Delta is -0.11639280907729699
Model is not converging.  Current: 10950.455624029522 is not greater than 10952.135327816071. Delta is -1.6797037865489983
Model is not converging.  Current: 10972.314718355154 is not greater than 10972.431111164231. Delta is -0.11639280907729699
Model is not converging.  Current: 10935.762218977246 is not greater than 10935.875706371758. Delta is -0.11348739451204892
Model is not converging.  Current: 10934.325050715348 is not greater than 10934.347355623475. Delta is -0.022304908126898226
Model is not converging.  Current: 10934.174634702478 is not greater than 10934.185222184042. Delta is -0.010587481563561596
Model is not converging.  Current: 10950.455624031272 is not greater than 10952.135327816268. Delta is -1.6797037849955814
Model is not converging.  Current: 10934.325050715348 is not greater than 10934.347355623475. Delta is -0.022304908126898226
Model is not converging.  Current: 10950.455624031272 is not greater than 10952.135327816268. Delta is -1.6797037849955814
Model is not converging.  Current: 10935.762218976342 is not greater than 10935.875706371051. Delta is -0.11348739470849978
Model is not converging.  Current: 10935.762218975762 is not greater than 10935.875706372024. Delta is -0.11348739626191673
Model is not converging.  Current: 10934.174634701882 is not greater than 10934.185222182032. Delta is -0.01058748015020683
Model is not converging.  Current: 10925.263287170521 is not greater than 10926.632077401568. Delta is -1.3687902310466598
Model is not converging.  Current: 10934.325050715348 is not greater than 10934.347355623475. Delta is -0.022304908126898226
Model is not converging.  Current: 10908.61227650729 is not greater than 10908.632093903956. Delta is -0.019817396665530396
Model is not converging.  Current: 10934.325050715348 is not greater than 10934.347355623475. Delta is -0.022304908126898226
Model is not converging.  Current: 10934.174634702478 is not greater than 10934.185222184042. Delta is -0.010587481563561596
Model is not converging.  Current: 10925.263287170521 is not greater than 10926.632077401568. Delta is -1.3687902310466598
Model is not converging.  Current: 10934.174634702478 is not greater than 10934.185222184042. Delta is -0.010587481563561596
Model is not converging.  Current: 10908.61227650729 is not greater than 10908.632093903956. Delta is -0.019817396665530396
Model is not converging.  Current: 10908.530140128718 is not greater than 10908.622564816376. Delta is -0.09242468765842204
Model is not converging.  Current: 10925.263287170383 is not greater than 10926.632077401977. Delta is -1.3687902315941756
Model is not converging.  Current: 10908.85611832385 is not greater than 10908.9265606544. Delta is -0.07044233054875804
Model is not converging.  Current: 10908.530140129476 is not greater than 10908.622564816465. Delta is -0.09242468698903394
Model is not converging.  Current: 10925.263287170521 is not greater than 10926.632077401568. Delta is -1.3687902310466598
Model is not converging.  Current: 10908.61227650729 is not greater than 10908.632093903956. Delta is -0.019817396665530396
Model is not converging.  Current: 10908.61227650729 is not greater than 10908.632093903956. Delta is -0.019817396665530396
Model is not converging.  Current: 10908.856118323767 is not greater than 10908.926560653745. Delta is -0.07044232997759536
Model is not converging.  Current: 10934.538074355762 is not greater than 10936.77956693552. Delta is -2.2414925797584146
Model is not converging.  Current: 10908.530140129476 is not greater than 10908.622564816465. Delta is -0.09242468698903394
Model is not converging.  Current: 10922.605510025864 is not greater than 10922.681223024556. Delta is -0.07571299869232462
Model is not converging.  Current: 10908.530140128554 is not greater than 10908.622564815316. Delta is -0.09242468676166027
Model is not converging.  Current: 10908.85611832385 is not greater than 10908.9265606544. Delta is -0.07044233054875804
Model is not converging.  Current: 10934.538074355762 is not greater than 10936.77956693552. Delta is -2.2414925797584146
Model is not converging.  Current: 10908.85611832385 is not greater than 10908.9265606544. Delta is -0.07044233054875804
Model is not converging.  Current: 10922.605510025864 is not greater than 10922.681223024556. Delta is -0.07571299869232462
Model is not converging.  Current: 10921.532458076854 is not greater than 10921.586436182983. Delta is -0.05397810612885223
Model is not converging.  Current: 10921.696434041356 is not greater than 10921.785717205827. Delta is -0.08928316447054385
Model is not converging.  Current: 10934.538074355762 is not greater than 10936.77956693552. Delta is -2.2414925797584146
Model is not converging.  Current: 10921.532458076854 is not greater than 10921.586436182983. Delta is -0.05397810612885223
Model is not converging.  Current: 10922.605510025864 is not greater than 10922.681223024556. Delta is -0.07571299869232462
Model is not converging.  Current: 10934.538074356486 is not greater than 10936.779566935087. Delta is -2.2414925786015374
Model is not converging.  Current: 10921.696434041356 is not greater than 10921.785717205827. Delta is -0.08928316447054385
Model is not converging.  Current: 10922.605510027066 is not greater than 10922.681223023656. Delta is -0.07571299658957287
Model is not converging.  Current: 11011.464066630362 is not greater than 11013.731113517568. Delta is -2.2670468872056517
Model is not converging.  Current: 10921.532458076854 is not greater than 10921.586436182983. Delta is -0.05397810612885223
Model is not converging.  Current: 10997.908665078148 is not greater than 10997.956652486439. Delta is -0.047987408290282474
Model is not converging.  Current: 10921.532458076854 is not greater than 10921.586436182983. Delta is -0.05397810612885223
Model is not converging.  Current: 10921.696434041356 is not greater than 10921.785717205827. Delta is -0.08928316447054385
Model is not converging.  Current: 11011.464066631537 is not greater than 11013.73111351816. Delta is -2.267046886623575
Model is not converging.  Current: 10997.908665078148 is not greater than 10997.956652486439. Delta is -0.047987408290282474
Model is not converging.  Current: 10997.33194547857 is not greater than 10997.335515768415. Delta is -0.0035702898439922137
Model is not converging.  Current: 10921.696434039231 is not greater than 10921.785717204782. Delta is -0.08928316555102356
Model is not converging.  Current: 10997.20117135246 is not greater than 10997.231191841669. Delta is -0.03002048920825473
Model is not converging.  Current: 11011.464066631537 is not greater than 11013.73111351816. Delta is -2.267046886623575
Model is not converging.  Current: 10997.33194547838 is not greater than 10997.33551576906. Delta is -0.0035702906807273393
Model is not converging.  Current: 10997.908665078148 is not greater than 10997.956652486439. Delta is -0.047987408290282474
Model is not converging.  Current: 10997.20117135246 is not greater than 10997.231191841669. Delta is -0.03002048920825473
Model is not converging.  Current: 11011.464066630362 is not greater than 11013.731113517568. Delta is -2.2670468872056517
Model is not converging.  Current: 10997.908665078148 is not greater than 10997.956652486439. Delta is -0.047987408290282474
Model is not converging.  Current: 11039.715359088344 is not greater than 11040.693442017197. Delta is -0.9780829288520181
Model is not converging.  Current: 10997.33194547838 is not greater than 10997.33551576906. Delta is -0.0035702906807273393
Model is not converging.  Current: 11018.416434029941 is not greater than 11018.476994503206. Delta is -0.06056047326455882
Model is not converging.  Current: 10997.201171352574 is not greater than 10997.231191841825. Delta is -0.030020489251910476
Model is not converging.  Current: 11039.715359088344 is not greater than 11040.693442017197. Delta is -0.9780829288520181
Model is not converging.  Current: 10997.33194547838 is not greater than 10997.33551576906. Delta is -0.0035702906807273393
Model is not converging.  Current: 11018.416434029941 is not greater than 11018.476994503206. Delta is -0.06056047326455882
Model is not converging.  Current: 10997.201171352295 is not greater than 10997.231191842078. Delta is -0.030020489783055382
Model is not converging.  Current: 11039.715359088344 is not greater than 11040.693442017197. Delta is -0.9780829288520181
Model is not converging.  Current: 11018.416434030634 is not greater than 11018.476994503446. Delta is -0.06056047281163046
Model is not converging.  Current: 11039.715359088344 is not greater than 11040.693442017197. Delta is -0.9780829288520181
Model is not converging.  Current: 11018.416434029941 is not greater than 11018.476994503206. Delta is -0.06056047326455882
Model is not converging.  Current: 11106.00991976628 is not greater than 11107.021720058123. Delta is -1.011800291842519
Model is not converging.  Current: 11099.833518435253 is not greater than 11099.835310702589. Delta is -0.0017922673359862529
Model is not converging.  Current: 11106.00991976628 is not greater than 11107.021720058123. Delta is -1.011800291842519
Model is not converging.  Current: 11099.82451614748 is not greater than 11099.827064509158. Delta is -0.0025483616773271933
Model is not converging.  Current: 11099.833518435253 is not greater than 11099.835310702589. Delta is -0.0017922673359862529
Model is not converging.  Current: 11099.833803116433 is not greater than 11099.837022605265. Delta is -0.0032194888317462755
Model is not converging.  Current: 11106.00991976628 is not greater than 11107.021720058123. Delta is -1.011800291842519
Model is not converging.  Current: 11099.82451614748 is not greater than 11099.827064509158. Delta is -0.0025483616773271933
Model is not converging.  Current: 11099.833518435253 is not greater than 11099.835310702589. Delta is -0.0017922673359862529
Model is not converging.  Current: 11099.833803116433 is not greater than 11099.837022605265. Delta is -0.0032194888317462755
Model is not converging.  Current: 11106.00991976628 is not greater than 11107.021720058123. Delta is -1.011800291842519
Model is not converging.  Current: 11168.524450988833 is not greater than 11169.464158055069. Delta is -0.9397070662362239
Model is not converging.  Current: 11099.82451614748 is not greater than 11099.827064509158. Delta is -0.0025483616773271933
Model is not converging.  Current: 11099.833518435253 is not greater than 11099.835310702589. Delta is -0.0017922673359862529
Model is not converging.  Current: 11163.610374739379 is not greater than 11163.626593442184. Delta is -0.016218702805417706
Model is not converging.  Current: 11168.524450988833 is not greater than 11169.464158055069. Delta is -0.9397070662362239
Model is not converging.  Current: 11099.833803116433 is not greater than 11099.837022605265. Delta is -0.0032194888317462755
Model is not converging.  Current: 11163.610374739532 is not greater than 11163.626593442228. Delta is -0.016218702696278342
Model is not converging.  Current: 11099.82451614748 is not greater than 11099.827064509158. Delta is -0.0025483616773271933
Model is not converging.  Current: 11163.611155778823 is not greater than 11163.615708273026. Delta is -0.004552494203380775
Model is not converging.  Current: 11099.833803116433 is not greater than 11099.837022605265. Delta is -0.0032194888317462755
Model is not converging.  Current: 11168.524450988833 is not greater than 11169.464158055069. Delta is -0.9397070662362239
Model is not converging.  Current: 11163.65506512949 is not greater than 11163.658083419748. Delta is -0.003018290259205969
Model is not converging.  Current: 11163.611155779015 is not greater than 11163.615708273188. Delta is -0.004552494172457955
Model is not converging.  Current: 11163.610374739532 is not greater than 11163.626593442228. Delta is -0.016218702696278342
Model is not converging.  Current: 11163.65506512949 is not greater than 11163.658083419748. Delta is -0.003018290259205969
Model is not converging.  Current: 11168.524450989224 is not greater than 11169.464158054223. Delta is -0.9397070649993111
Model is not converging.  Current: 11163.61115577841 is not greater than 11163.615708272628. Delta is -0.00455249421793269
Model is not converging.  Current: 11195.83672587756 is not greater than 11197.88536565946. Delta is -2.0486397819004196
Model is not converging.  Current: 11163.610374739532 is not greater than 11163.626593442228. Delta is -0.016218702696278342
Model is not converging.  Current: 11180.200985221709 is not greater than 11180.224655765936. Delta is -0.023670544227570645
Model is not converging.  Current: 11195.836725877423 is not greater than 11197.885365658982. Delta is -2.0486397815584496
Model is not converging.  Current: 11163.655065129535 is not greater than 11163.658083419868. Delta is -0.0030182903337845346
Model is not converging.  Current: 11180.200985221709 is not greater than 11180.224655765936. Delta is -0.023670544227570645
Model is not converging.  Current: 11163.611155778823 is not greater than 11163.615708273026. Delta is -0.004552494203380775
Model is not converging.  Current: 11179.979775663794 is not greater than 11179.993585808947. Delta is -0.013810145152092446
Model is not converging.  Current: 11163.65506512949 is not greater than 11163.658083419748. Delta is -0.003018290259205969
Model is not converging.  Current: 11179.93705657761 is not greater than 11179.940388293233. Delta is -0.003331715623062337
Model is not converging.  Current: 11195.83672587756 is not greater than 11197.88536565946. Delta is -2.0486397819004196
Model is not converging.  Current: 11179.979775663794 is not greater than 11179.993585808947. Delta is -0.013810145152092446
Model is not converging.  Current: 11180.200985221709 is not greater than 11180.224655765936. Delta is -0.023670544227570645
Model is not converging.  Current: 11179.93705657761 is not greater than 11179.940388293233. Delta is -0.003331715623062337
Model is not converging.  Current: 11195.836725877423 is not greater than 11197.885365658982. Delta is -2.0486397815584496
Model is not converging.  Current: 11204.026432709055 is not greater than 11206.111368950995. Delta is -2.084936241939431
Model is not converging.  Current: 11179.979775663794 is not greater than 11179.993585808947. Delta is -0.013810145152092446
Model is not converging.  Current: 11180.200985221709 is not greater than 11180.224655765936. Delta is -0.023670544227570645
Model is not converging.  Current: 11186.822823834862 is not greater than 11186.832781681902. Delta is -0.009957847039913759
Model is not converging.  Current: 11179.93705657761 is not greater than 11179.940388293233. Delta is -0.003331715623062337
Model is not converging.  Current: 11204.026432707877 is not greater than 11206.111368951364. Delta is -2.084936243487391
Model is not converging.  Current: 11186.822823834746 is not greater than 11186.832781681725. Delta is -0.009957846979887108
Model is not converging.  Current: 11179.979775663794 is not greater than 11179.993585808947. Delta is -0.013810145152092446
Model is not converging.  Current: 11186.652939484567 is not greater than 11186.659774288919. Delta is -0.006834804351456114
Model is not converging.  Current: 11204.026432707877 is not greater than 11206.111368951364. Delta is -2.084936243487391
Model is not converging.  Current: 11179.93705657761 is not greater than 11179.940388293233. Delta is -0.003331715623062337
Model is not converging.  Current: 11186.625938635063 is not greater than 11186.631220368037. Delta is -0.005281732974253828
Model is not converging.  Current: 11186.652939484567 is not greater than 11186.659774288919. Delta is -0.006834804351456114
Model is not converging.  Current: 11186.822823834862 is not greater than 11186.832781681902. Delta is -0.009957847039913759
Model is not converging.  Current: 11186.625938635063 is not greater than 11186.631220368037. Delta is -0.005281732974253828
Model is not converging.  Current: 11186.652939484567 is not greater than 11186.659774288919. Delta is -0.006834804351456114
Model is not converging.  Current: 11204.026432707877 is not greater than 11206.111368951364. Delta is -2.084936243487391
Model is not converging.  Current: 11220.891168049184 is not greater than 11221.403998079486. Delta is -0.5128300303022115
Model is not converging.  Current: 11214.11072686571 is not greater than 11214.151769043985. Delta is -0.0410421782744379
Model is not converging.  Current: 11186.822823834862 is not greater than 11186.832781681902. Delta is -0.009957847039913759
Model is not converging.  Current: 11186.625938635063 is not greater than 11186.631220368037. Delta is -0.005281732974253828
Model is not converging.  Current: 11220.891168049184 is not greater than 11221.403998079486. Delta is -0.5128300303022115
Model is not converging.  Current: 11214.11072686571 is not greater than 11214.151769043985. Delta is -0.0410421782744379
Model is not converging.  Current: 11186.652939484567 is not greater than 11186.659774288919. Delta is -0.006834804351456114
Model is not converging.  Current: 11214.166998963557 is not greater than 11214.175641788468. Delta is -0.00864282491056656
Model is not converging.  Current: 11220.891168049184 is not greater than 11221.403998079486. Delta is -0.5128300303022115
Model is not converging.  Current: 11186.625938635063 is not greater than 11186.631220368037. Delta is -0.005281732974253828
Model is not converging.  Current: 11214.11072686571 is not greater than 11214.151769043985. Delta is -0.0410421782744379
Model is not converging.  Current: 11214.166998963557 is not greater than 11214.175641788468. Delta is -0.00864282491056656
Model is not converging.  Current: 11214.044146950371 is not greater than 11214.083911762982. Delta is -0.03976481261088338
Model is not converging.  Current: 11214.044146950371 is not greater than 11214.083911762982. Delta is -0.03976481261088338
Model is not converging.  Current: 11214.166998963557 is not greater than 11214.175641788468. Delta is -0.00864282491056656
Model is not converging.  Current: 11220.891168049184 is not greater than 11221.403998079486. Delta is -0.5128300303022115
Model is not converging.  Current: 11214.11072686571 is not greater than 11214.151769043985. Delta is -0.0410421782744379
Model is not converging.  Current: 10941.924913676234 is not greater than 10942.059142449129. Delta is -0.13422877289485768
Model is not converging.  Current: 11214.044146950371 is not greater than 11214.083911762982. Delta is -0.03976481261088338
Model is not converging.  Current: 11197.897123460205 is not greater than 11197.916349433595. Delta is -0.019225973390348372
Model is not converging.  Current: 10941.924913676234 is not greater than 10942.059142449129. Delta is -0.13422877289485768
Model is not converging.  Current: 11197.897123460205 is not greater than 11197.916349433595. Delta is -0.019225973390348372
Model is not converging.  Current: 11214.166998963557 is not greater than 11214.175641788468. Delta is -0.00864282491056656
Model is not converging.  Current: 10941.924913676234 is not greater than 10942.059142449129. Delta is -0.13422877289485768
Model is not converging.  Current: 11197.884247196918 is not greater than 11197.8901751991. Delta is -0.0059280021814629436
Model is not converging.  Current: 11214.044146950371 is not greater than 11214.083911762982. Delta is -0.03976481261088338
Model is not converging.  Current: 11197.897123460205 is not greater than 11197.916349433595. Delta is -0.019225973390348372
Model is not converging.  Current: 11197.454888697936 is not greater than 11197.47604571764. Delta is -0.021157019704332924
Model is not converging.  Current: 11197.884247196762 is not greater than 11197.890175198883. Delta is -0.005928002121436293
Model is not converging.  Current: 11197.454888697936 is not greater than 11197.47604571764. Delta is -0.021157019704332924
Model is not converging.  Current: 11197.884247196918 is not greater than 11197.8901751991. Delta is -0.0059280021814629436
Model is not converging.  Current: 10941.924913676234 is not greater than 10942.059142449129. Delta is -0.13422877289485768
Model is not converging.  Current: 11197.897123459174 is not greater than 11197.916349433399. Delta is -0.01922597422526451
Model is not converging.  Current: 11197.454888697936 is not greater than 11197.47604571764. Delta is -0.021157019704332924
Model is not converging.  Current: 11223.315629567032 is not greater than 11224.10704188751. Delta is -0.7914123204773205
Model is not converging.  Current: 11200.670088760831 is not greater than 11200.720056434859. Delta is -0.049967674027357134
Model is not converging.  Current: 11223.315629567032 is not greater than 11224.10704188751. Delta is -0.7914123204773205
Model is not converging.  Current: 11197.884247196918 is not greater than 11197.8901751991. Delta is -0.0059280021814629436
Model is not converging.  Current: 11200.67008876031 is not greater than 11200.720056434988. Delta is -0.04996767467855534
Model is not converging.  Current: 11200.444333504714 is not greater than 11200.467993809467. Delta is -0.02366030475241132
Model is not converging.  Current: 11223.315629566367 is not greater than 11224.10704188721. Delta is -0.7914123208429373
Model is not converging.  Current: 11197.454888697936 is not greater than 11197.47604571764. Delta is -0.021157019704332924
Model is not converging.  Current: 11200.67008876031 is not greater than 11200.720056434988. Delta is -0.04996767467855534
Model is not converging.  Current: 11200.444333504513 is not greater than 11200.467993809481. Delta is -0.02366030496887106
Model is not converging.  Current: 11200.532296884629 is not greater than 11200.547977707698. Delta is -0.015680823069487815
Model is not converging.  Current: 11200.444333504513 is not greater than 11200.467993809481. Delta is -0.02366030496887106
Model is not converging.  Current: 11200.532296884629 is not greater than 11200.547977707698. Delta is -0.015680823069487815
Model is not converging.  Current: 11223.315629566367 is not greater than 11224.10704188721. Delta is -0.7914123208429373
Model is not converging.  Current: 11200.670088760831 is not greater than 11200.720056434859. Delta is -0.049967674027357134
Model is not converging.  Current: 11217.254397181325 is not greater than 11218.326863673494. Delta is -1.0724664921690419
Model is not converging.  Current: 11200.532296884629 is not greater than 11200.547977707698. Delta is -0.015680823069487815
Model is not converging.  Current: 11194.062988519301 is not greater than 11194.146050336232. Delta is -0.08306181693114922
Model is not converging.  Current: 11217.254397181325 is not greater than 11218.326863673494. Delta is -1.0724664921690419
Model is not converging.  Current: 11200.444333504513 is not greater than 11200.467993809481. Delta is -0.02366030496887106
Model is not converging.  Current: 11194.062988519301 is not greater than 11194.146050336232. Delta is -0.08306181693114922
Model is not converging.  Current: 11193.783915421765 is not greater than 11193.836085617433. Delta is -0.052170195667713415
Model is not converging.  Current: 11217.254397181325 is not greater than 11218.326863673494. Delta is -1.0724664921690419
Model is not converging.  Current: 11200.532296884629 is not greater than 11200.547977707698. Delta is -0.015680823069487815
Model is not converging.  Current: 11194.062988519301 is not greater than 11194.146050336232. Delta is -0.08306181693114922
Model is not converging.  Current: 11193.540366098736 is not greater than 11193.556977927054. Delta is -0.016611828317763866
Model is not converging.  Current: 11193.783915421765 is not greater than 11193.836085617433. Delta is -0.052170195667713415
Model is not converging.  Current: 11193.783915421765 is not greater than 11193.836085617433. Delta is -0.052170195667713415
Model is not converging.  Current: 11193.540366098736 is not greater than 11193.556977927054. Delta is -0.016611828317763866
Model is not converging.  Current: 11217.254397181325 is not greater than 11218.326863673494. Delta is -1.0724664921690419
Model is not converging.  Current: 10836.978785167708 is not greater than 10837.852668307904. Delta is -0.8738831401951757
Model is not converging.  Current: 11194.062988519301 is not greater than 11194.146050336232. Delta is -0.08306181693114922
Model is not converging.  Current: 11193.540366098736 is not greater than 11193.556977927054. Delta is -0.016611828317763866
Model is not converging.  Current: 11168.808458275782 is not greater than 11168.94209424579. Delta is -0.13363597000716254
Model is not converging.  Current: 10836.978785167732 is not greater than 10837.852668307909. Delta is -0.8738831401769858
Model is not converging.  Current: 11193.783915421765 is not greater than 11193.836085617433. Delta is -0.052170195667713415
Model is not converging.  Current: 11168.808458275782 is not greater than 11168.94209424579. Delta is -0.13363597000716254
Model is not converging.  Current: 11168.754302358962 is not greater than 11168.86529960272. Delta is -0.1109972437570832
Model is not converging.  Current: 10836.978785167732 is not greater than 10837.852668307909. Delta is -0.8738831401769858
Model is not converging.  Current: 11193.540366098736 is not greater than 11193.556977927054. Delta is -0.016611828317763866
Model is not converging.  Current: 11168.808458275782 is not greater than 11168.94209424579. Delta is -0.13363597000716254
Model is not converging.  Current: 11168.781820246817 is not greater than 11168.827334381513. Delta is -0.04551413469562249
Model is not converging.  Current: 11168.754302358962 is not greater than 11168.86529960272. Delta is -0.1109972437570832
Model is not converging.  Current: 11168.754302358962 is not greater than 11168.86529960272. Delta is -0.1109972437570832
Model is not converging.  Current: 11168.781820246817 is not greater than 11168.827334381513. Delta is -0.04551413469562249
Model is not converging.  Current: 10836.97878516772 is not greater than 10837.852668307907. Delta is -0.8738831401878997
Model is not converging.  Current: 10832.283646344962 is not greater than 10832.4447328855. Delta is -0.16108654053823557
Model is not converging.  Current: 11168.781820247 is not greater than 11168.827334381791. Delta is -0.04551413479020994
Model is not converging.  Current: 11168.808458275782 is not greater than 11168.94209424579. Delta is -0.13363597000716254
Model is not converging.  Current: 11170.512867317788 is not greater than 11170.540115620097. Delta is -0.027248302309089922
Model is not converging.  Current: 10832.283646344962 is not greater than 10832.4447328855. Delta is -0.16108654053823557
Model is not converging.  Current: 11168.754302359192 is not greater than 11168.865299602605. Delta is -0.1109972434132942
Model is not converging.  Current: 11170.512867317788 is not greater than 11170.540115620097. Delta is -0.027248302309089922
Model is not converging.  Current: 11170.41327119692 is not greater than 11170.449582256559. Delta is -0.036311059639047016
Model is not converging.  Current: 10832.283646344964 is not greater than 10832.444732885502. Delta is -0.16108654053823557
Model is not converging.  Current: 11170.512867317788 is not greater than 11170.540115620097. Delta is -0.027248302309089922
Model is not converging.  Current: 11168.781820246817 is not greater than 11168.827334381513. Delta is -0.04551413469562249
Model is not converging.  Current: 11170.459006392302 is not greater than 11170.559750840252. Delta is -0.10074444794918236
Model is not converging.  Current: 11170.413271197469 is not greater than 11170.449582256486. Delta is -0.03631105901695264
Model is not converging.  Current: 11170.41327119692 is not greater than 11170.449582256559. Delta is -0.036311059639047016
Model is not converging.  Current: 11170.459006392302 is not greater than 11170.559750840252. Delta is -0.10074444794918236
Model is not converging.  Current: 10832.283646344962 is not greater than 10832.4447328855. Delta is -0.16108654053823557
Model is not converging.  Current: 11170.45900639129 is not greater than 11170.559750839815. Delta is -0.100744448525802
Model is not converging.  Current: 11170.512867317788 is not greater than 11170.540115620097. Delta is -0.027248302309089922
Model is not converging.  Current: 11213.438499781705 is not greater than 11213.905531013208. Delta is -0.46703123150291503
Model is not converging.  Current: 11210.729822723206 is not greater than 11210.758327011752. Delta is -0.028504288546173484
Model is not converging.  Current: 11213.438499781705 is not greater than 11213.905531013208. Delta is -0.46703123150291503
Model is not converging.  Current: 11170.413271197469 is not greater than 11170.449582256486. Delta is -0.03631105901695264
Model is not converging.  Current: 11213.438499782382 is not greater than 11213.905531012506. Delta is -0.46703123012412107
Model is not converging.  Current: 11210.729822723206 is not greater than 11210.758327011752. Delta is -0.028504288546173484
Model is not converging.  Current: 11210.73789980192 is not greater than 11210.817347193857. Delta is -0.07944739193771966
Model is not converging.  Current: 11210.729822723206 is not greater than 11210.758327011752. Delta is -0.028504288546173484
Model is not converging.  Current: 11170.45900639129 is not greater than 11170.559750839815. Delta is -0.100744448525802
Model is not converging.  Current: 11210.73789980192 is not greater than 11210.817347193857. Delta is -0.07944739193771966
Model is not converging.  Current: 11210.667315852543 is not greater than 11210.750113083133. Delta is -0.08279723059058597
Model is not converging.  Current: 11210.73789980192 is not greater than 11210.817347193857. Delta is -0.07944739193771966
Model is not converging.  Current: 11210.667315852543 is not greater than 11210.750113083133. Delta is -0.08279723059058597
Model is not converging.  Current: 11213.438499782445 is not greater than 11213.905531012997. Delta is -0.4670312305515836
Model is not converging.  Current: 11210.667315852543 is not greater than 11210.750113083133. Delta is -0.08279723059058597
Model is not converging.  Current: 11210.729822723206 is not greater than 11210.758327011752. Delta is -0.028504288546173484
Model is not converging.  Current: 11230.325345737718 is not greater than 11230.763133648034. Delta is -0.4377879103158193
Model is not converging.  Current: 11227.284902815005 is not greater than 11227.306307469336. Delta is -0.021404654331490747
Model is not converging.  Current: 11210.73789980192 is not greater than 11210.817347193857. Delta is -0.07944739193771966
Model is not converging.  Current: 11230.32534573652 is not greater than 11230.763133647868. Delta is -0.4377879113471863
Model is not converging.  Current: 11230.325345737718 is not greater than 11230.763133648034. Delta is -0.4377879103158193
Model is not converging.  Current: 11227.284902814983 is not greater than 11227.306307469542. Delta is -0.021404654558864422
Model is not converging.  Current: 11227.36249160293 is not greater than 11227.36940384817. Delta is -0.0069122452405281365
Model is not converging.  Current: 11210.667315852543 is not greater than 11210.750113083133. Delta is -0.08279723059058597
Model is not converging.  Current: 11227.284902815005 is not greater than 11227.306307469336. Delta is -0.021404654331490747
Model is not converging.  Current: 11227.23652356311 is not greater than 11227.279966847245. Delta is -0.043443284135719296
Model is not converging.  Current: 11227.36249160463 is not greater than 11227.369403849316. Delta is -0.006912244685736368
Model is not converging.  Current: 11227.36249160293 is not greater than 11227.36940384817. Delta is -0.0069122452405281365
Model is not converging.  Current: 11230.325345737718 is not greater than 11230.763133648034. Delta is -0.4377879103158193
Model is not converging.  Current: 11227.23652356299 is not greater than 11227.279966846869. Delta is -0.04344328387924179
Model is not converging.  Current: 11227.284902815005 is not greater than 11227.306307469336. Delta is -0.021404654331490747
Model is not converging.  Current: 11227.23652356311 is not greater than 11227.279966847245. Delta is -0.043443284135719296
Model is not converging.  Current: 11245.902434315023 is not greater than 11245.946985420967. Delta is -0.044551105944265146
Model is not converging.  Current: 11241.704612946316 is not greater than 11241.718727160498. Delta is -0.014114214181972784
Model is not converging.  Current: 11227.36249160293 is not greater than 11227.36940384817. Delta is -0.0069122452405281365
Model is not converging.  Current: 11245.902434315023 is not greater than 11245.946985420967. Delta is -0.044551105944265146
Model is not converging.  Current: 11245.902434315023 is not greater than 11245.946985420967. Delta is -0.044551105944265146
Model is not converging.  Current: 11241.62495788332 is not greater than 11241.673976522952. Delta is -0.049018639632777194
Model is not converging.  Current: 11227.23652356311 is not greater than 11227.279966847245. Delta is -0.043443284135719296
Model is not converging.  Current: 11241.704612946316 is not greater than 11241.718727160498. Delta is -0.014114214181972784
Model is not converging.  Current: 11241.704612946316 is not greater than 11241.718727160498. Delta is -0.014114214181972784
Model is not converging.  Current: 11241.723905926965 is not greater than 11241.731147896104. Delta is -0.0072419691387040075
Model is not converging.  Current: 11241.624957883252 is not greater than 11241.673976523394. Delta is -0.04901864014209423
Model is not converging.  Current: 11241.62495788332 is not greater than 11241.673976522952. Delta is -0.049018639632777194
Model is not converging.  Current: 11245.902434315023 is not greater than 11245.946985420967. Delta is -0.044551105944265146
Model is not converging.  Current: 11241.704612946316 is not greater than 11241.718727160498. Delta is -0.014114214181972784
Model is not converging.  Current: 11241.723905926994 is not greater than 11241.731147896468. Delta is -0.007241969473398058
Model is not converging.  Current: 11265.907115207228 is not greater than 11266.008939705222. Delta is -0.10182449799322058
Model is not converging.  Current: 11241.723905926994 is not greater than 11241.731147896468. Delta is -0.007241969473398058
Model is not converging.  Current: 11263.492198212743 is not greater than 11263.524006760903. Delta is -0.03180854815946077
Model is not converging.  Current: 11241.62495788332 is not greater than 11241.673976522952. Delta is -0.049018639632777194
Model is not converging.  Current: 11263.541365802163 is not greater than 11263.5762858841. Delta is -0.034920081938253134
Model is not converging.  Current: 11265.907115207228 is not greater than 11266.008939705222. Delta is -0.10182449799322058
Model is not converging.  Current: 11241.723905926965 is not greater than 11241.731147896104. Delta is -0.0072419691387040075
Model is not converging.  Current: 11265.907115207228 is not greater than 11266.008939705222. Delta is -0.10182449799322058
Model is not converging.  Current: 11263.492198212743 is not greater than 11263.524006760903. Delta is -0.03180854815946077
Model is not converging.  Current: 11263.492198212743 is not greater than 11263.524006760903. Delta is -0.03180854815946077
Model is not converging.  Current: 11263.52307549948 is not greater than 11263.547935247856. Delta is -0.02485974837691174
Model is not converging.  Current: 11263.541365802163 is not greater than 11263.5762858841. Delta is -0.034920081938253134
Model is not converging.  Current: 11265.907115207228 is not greater than 11266.008939705222. Delta is -0.10182449799322058
Model is not converging.  Current: 11263.541365802163 is not greater than 11263.5762858841. Delta is -0.034920081938253134
Model is not converging.  Current: 11263.492198212743 is not greater than 11263.524006760903. Delta is -0.03180854815946077
Model is not converging.  Current: 11263.523075498753 is not greater than 11263.547935247174. Delta is -0.024859748420567485
Model is not converging.  Current: 11276.871057195309 is not greater than 11276.946717146042. Delta is -0.0756599507330975
Model is not converging.  Current: 11263.523075498386 is not greater than 11263.547935247261. Delta is -0.024859748875314835
Model is not converging.  Current: 11275.11129475248 is not greater than 11275.137663928885. Delta is -0.02636917640484171
Model is not converging.  Current: 11263.541365802163 is not greater than 11263.5762858841. Delta is -0.034920081938253134
Model is not converging.  Current: 11275.223748283228 is not greater than 11275.252274055933. Delta is -0.02852577270459733
Model is not converging.  Current: 11263.523075498386 is not greater than 11263.547935247261. Delta is -0.024859748875314835
Model is not converging.  Current: 11276.871057195309 is not greater than 11276.946717146042. Delta is -0.0756599507330975
Model is not converging.  Current: 11276.871057195309 is not greater than 11276.946717146042. Delta is -0.0756599507330975
Model is not converging.  Current: 11275.11129475248 is not greater than 11275.137663928885. Delta is -0.02636917640484171
Model is not converging.  Current: 11275.534381762021 is not greater than 11275.632809717095. Delta is -0.0984279550739302
Model is not converging.  Current: 11275.11129475248 is not greater than 11275.137663928885. Delta is -0.02636917640484171
Model is not converging.  Current: 11276.871057195309 is not greater than 11276.946717146042. Delta is -0.0756599507330975
Model is not converging.  Current: 11275.223748283228 is not greater than 11275.252274055933. Delta is -0.02852577270459733
Model is not converging.  Current: 11320.99873959702 is not greater than 11321.215716944238. Delta is -0.2169773472178349
Model is not converging.  Current: 11275.11129475248 is not greater than 11275.137663928885. Delta is -0.02636917640484171
Model is not converging.  Current: 11275.223748283228 is not greater than 11275.252274055933. Delta is -0.02852577270459733
Model is not converging.  Current: 11275.53438176234 is not greater than 11275.632809716344. Delta is -0.09842795400436444
Model is not converging.  Current: 11275.53438176234 is not greater than 11275.632809716344. Delta is -0.09842795400436444
Model is not converging.  Current: 11275.223748283228 is not greater than 11275.252274055933. Delta is -0.02852577270459733
Model is not converging.  Current: 11275.534381762021 is not greater than 11275.632809717095. Delta is -0.0984279550739302
Model is not converging.  Current: 11320.99873959702 is not greater than 11321.215716944238. Delta is -0.2169773472178349
Model is not converging.  Current: 11320.99873959702 is not greater than 11321.215716944238. Delta is -0.2169773472178349
Model is not converging.  Current: 11320.99873959702 is not greater than 11321.215716944238. Delta is -0.2169773472178349
Model is not converging.  Current: 11283.378833457531 is not greater than 11283.596811410693. Delta is -0.21797795316160773
Model is not converging.  Current: 11280.281123982675 is not greater than 11280.326148999424. Delta is -0.045025016748695634
Model is not converging.  Current: 11280.791596509696 is not greater than 11280.8606603701. Delta is -0.06906386040282086
Model is not converging.  Current: 11283.378833457531 is not greater than 11283.596811410693. Delta is -0.21797795316160773
Model is not converging.  Current: 11280.281123982675 is not greater than 11280.326148999424. Delta is -0.045025016748695634
Model is not converging.  Current: 11280.929908938333 is not greater than 11280.987364887627. Delta is -0.057455949294308084
Model is not converging.  Current: 11283.378833457531 is not greater than 11283.596811410693. Delta is -0.21797795316160773
Model is not converging.  Current: 11280.281123982675 is not greater than 11280.326148999424. Delta is -0.045025016748695634
Model is not converging.  Current: 11283.378833457531 is not greater than 11283.596811410693. Delta is -0.21797795316160773
Model is not converging.  Current: 11280.791596509216 is not greater than 11280.860660370427. Delta is -0.06906386121045216
Model is not converging.  Current: 11280.281123982675 is not greater than 11280.326148999424. Delta is -0.045025016748695634
Model is not converging.  Current: 11241.37725099024 is not greater than 11241.388498957534. Delta is -0.011247967295275885
Model is not converging.  Current: 11280.791596509696 is not greater than 11280.8606603701. Delta is -0.06906386040282086
Model is not converging.  Current: 11280.929908938333 is not greater than 11280.987364887627. Delta is -0.057455949294308084
Model is not converging.  Current: 11280.929908938333 is not greater than 11280.987364887627. Delta is -0.057455949294308084
Model is not converging.  Current: 11280.791596509696 is not greater than 11280.8606603701. Delta is -0.06906386040282086
Model is not converging.  Current: 11280.929908938333 is not greater than 11280.987364887627. Delta is -0.057455949294308084
Model is not converging.  Current: 11241.37725099019 is not greater than 11241.388498957556. Delta is -0.011247967366216471
Model is not converging.  Current: 11241.37725099024 is not greater than 11241.388498957534. Delta is -0.011247967295275885
Model is not converging.  Current: 11241.37725099024 is not greater than 11241.388498957534. Delta is -0.011247967295275885
Model is not converging.  Current: 11260.380344678984 is not greater than 11260.408066287322. Delta is -0.02772160833774251
Model is not converging.  Current: 11260.380344679683 is not greater than 11260.40806628705. Delta is -0.027721607366402168
Model is not converging.  Current: 11260.380344678984 is not greater than 11260.408066287322. Delta is -0.02772160833774251
Model is not converging.  Current: 11260.380344679683 is not greater than 11260.40806628705. Delta is -0.027721607366402168
Model is not converging.  Current: 11294.557382616142 is not greater than 11294.557410414216. Delta is -2.779807437036652e-05
Model is not converging.  Current: 11294.561117377016 is not greater than 11294.561117527452. Delta is -1.5043588064145297e-07
Model is not converging.  Current: 11294.557382616142 is not greater than 11294.557410414216. Delta is -2.779807437036652e-05
Model is not converging.  Current: 11294.561117377016 is not greater than 11294.561117527452. Delta is -1.5043588064145297e-07
Model is not converging.  Current: 11294.557382616142 is not greater than 11294.557410414216. Delta is -2.779807437036652e-05
Model is not converging.  Current: 11294.561117377016 is not greater than 11294.561117527452. Delta is -1.5043588064145297e-07
Model is not converging.  Current: 11294.557382616142 is not greater than 11294.557410414216. Delta is -2.779807437036652e-05
Model is not converging.  Current: 11294.561117377016 is not greater than 11294.561117527452. Delta is -1.5043588064145297e-07
Model is not converging.  Current: 11316.561370128671 is not greater than 11316.593367143034. Delta is -0.03199701436278701
Model is not converging.  Current: 11316.561370128671 is not greater than 11316.593367143034. Delta is -0.03199701436278701
Model is not converging.  Current: 11316.561370128671 is not greater than 11316.593367143034. Delta is -0.03199701436278701
Model is not converging.  Current: 11316.561370128764 is not greater than 11316.593367144347. Delta is -0.0319970155833289
Model is not converging.  Current: 11350.306234311991 is not greater than 11350.813550303837. Delta is -0.5073159918465535
Model is not converging.  Current: 11347.24359829418 is not greater than 11347.319046665998. Delta is -0.0754483718174015
Model is not converging.  Current: 11346.885965456146 is not greater than 11347.072475883842. Delta is -0.18651042769670312
Model is not converging.  Current: 11350.306234311687 is not greater than 11350.813550303812. Delta is -0.5073159921248589
Model is not converging.  Current: 11347.24359829418 is not greater than 11347.319046665998. Delta is -0.0754483718174015
Model is not converging.  Current: 11346.772713101736 is not greater than 11346.91217720171. Delta is -0.1394640999733383
Model is not converging.  Current: 11346.885965457326 is not greater than 11347.072475884106. Delta is -0.18651042677993246
Model is not converging.  Current: 11350.306234311687 is not greater than 11350.813550303812. Delta is -0.5073159921248589
Model is not converging.  Current: 11347.24359829418 is not greater than 11347.319046665998. Delta is -0.0754483718174015
Model is not converging.  Current: 11346.772713101736 is not greater than 11346.91217720171. Delta is -0.1394640999733383
Model is not converging.  Current: 11229.398600097815 is not greater than 11229.979573358487. Delta is -0.5809732606721809
Model is not converging.  Current: 11350.306234311991 is not greater than 11350.813550303837. Delta is -0.5073159918465535
Model is not converging.  Current: 11346.885965457326 is not greater than 11347.072475884106. Delta is -0.18651042677993246
Model is not converging.  Current: 11347.24359829418 is not greater than 11347.319046665998. Delta is -0.0754483718174015
Model is not converging.  Current: 11227.676456237406 is not greater than 11228.050842132085. Delta is -0.3743858946781984
Model is not converging.  Current: 11229.398600097815 is not greater than 11229.979573358487. Delta is -0.5809732606721809
Model is not converging.  Current: 11346.772713101736 is not greater than 11346.91217720171. Delta is -0.1394640999733383
Model is not converging.  Current: 11346.885965457326 is not greater than 11347.072475884106. Delta is -0.18651042677993246
Model is not converging.  Current: 11227.675379567369 is not greater than 11228.141926617775. Delta is -0.46654705040600675
Model is not converging.  Current: 11227.676456238127 is not greater than 11228.05084213162. Delta is -0.3743858934940363
Model is not converging.  Current: 11227.839655116435 is not greater than 11228.029131105031. Delta is -0.18947598859631398
Model is not converging.  Current: 11346.772713101736 is not greater than 11346.91217720171. Delta is -0.1394640999733383
Model is not converging.  Current: 11229.398600097815 is not greater than 11229.979573358487. Delta is -0.5809732606721809
Model is not converging.  Current: 11227.675379567369 is not greater than 11228.141926617775. Delta is -0.46654705040600675
Model is not converging.  Current: 11227.676456237406 is not greater than 11228.050842132085. Delta is -0.3743858946781984
Model is not converging.  Current: 11227.839655116435 is not greater than 11228.029131105031. Delta is -0.18947598859631398
Model is not converging.  Current: 11213.08172702238 is not greater than 11213.32190047745. Delta is -0.24017345506945276
Model is not converging.  Current: 11229.398600097815 is not greater than 11229.979573358487. Delta is -0.5809732606721809
Model is not converging.  Current: 11211.761566988645 is not greater than 11211.84797490193. Delta is -0.08640791328434716
Model is not converging.  Current: 11227.675379567369 is not greater than 11228.141926617775. Delta is -0.46654705040600675
Model is not converging.  Current: 11227.676456238127 is not greater than 11228.05084213162. Delta is -0.3743858934940363
Model is not converging.  Current: 11213.08172702238 is not greater than 11213.32190047745. Delta is -0.24017345506945276
Model is not converging.  Current: 11211.761566988645 is not greater than 11211.84797490193. Delta is -0.08640791328434716
Model is not converging.  Current: 11227.839655116435 is not greater than 11228.029131105031. Delta is -0.18947598859631398
Model is not converging.  Current: 11211.545736672238 is not greater than 11211.87262736406. Delta is -0.3268906918219727
Model is not converging.  Current: 11227.675379567369 is not greater than 11228.141926617775. Delta is -0.46654705040600675
Model is not converging.  Current: 10808.139392496108 is not greater than 10808.14425302849. Delta is -0.004860532380916993
Model is not converging.  Current: 11211.545736672238 is not greater than 11211.87262736406. Delta is -0.3268906918219727
Model is not converging.  Current: 11227.839655117166 is not greater than 11228.029131106168. Delta is -0.18947598900194862
Model is not converging.  Current: 10808.13939249614 is not greater than 10808.14425302852. Delta is -0.004860532380916993
Model is not converging.  Current: 11213.08172702238 is not greater than 11213.32190047745. Delta is -0.24017345506945276
Model is not converging.  Current: 11211.761566988645 is not greater than 11211.84797490193. Delta is -0.08640791328434716
Model is not converging.  Current: 11197.433216933805 is not greater than 11198.114643541874. Delta is -0.6814266080691596
Model is not converging.  Current: 11195.114807025342 is not greater than 11195.716957695235. Delta is -0.6021506698925805
Model is not converging.  Current: 11213.08172702238 is not greater than 11213.32190047745. Delta is -0.24017345506945276
Model is not converging.  Current: 11211.545736672238 is not greater than 11211.87262736406. Delta is -0.3268906918219727
Model is not converging.  Current: 11197.433216932935 is not greater than 11198.114643541732. Delta is -0.6814266087967553
Model is not converging.  Current: 11211.761566988645 is not greater than 11211.84797490193. Delta is -0.08640791328434716
Model is not converging.  Current: 11195.638246367484 is not greater than 11195.686003571689. Delta is -0.047757204205481685
Model is not converging.  Current: 10808.139392496108 is not greater than 10808.14425302849. Delta is -0.004860532380916993
Model is not converging.  Current: 11195.114807025342 is not greater than 11195.716957695235. Delta is -0.6021506698925805
Model is not converging.  Current: 11195.463161449708 is not greater than 11195.613338002813. Delta is -0.15017655310475675
Model is not converging.  Current: 11211.545736672238 is not greater than 11211.87262736406. Delta is -0.3268906918219727
Model is not converging.  Current: 11195.638246367484 is not greater than 11195.686003571689. Delta is -0.047757204205481685
Model is not converging.  Current: 11197.433216933805 is not greater than 11198.114643541874. Delta is -0.6814266080691596
Model is not converging.  Current: 10808.139392496108 is not greater than 10808.14425302849. Delta is -0.004860532380916993
Model is not converging.  Current: 11195.114807025342 is not greater than 11195.716957695235. Delta is -0.6021506698925805
Model is not converging.  Current: 11195.46316144956 is not greater than 11195.613338002833. Delta is -0.15017655327392276
Model is not converging.  Current: 11201.705650701811 is not greater than 11202.242416134417. Delta is -0.5367654326055344
Model is not converging.  Current: 11199.88339266839 is not greater than 11200.358426005478. Delta is -0.47503333708846185
Model is not converging.  Current: 11195.638246367822 is not greater than 11195.686003571032. Delta is -0.04775720321049448
Model is not converging.  Current: 11197.433216932935 is not greater than 11198.114643541732. Delta is -0.6814266087967553
Model is not converging.  Current: 11195.114807025342 is not greater than 11195.716957695235. Delta is -0.6021506698925805
Model is not converging.  Current: 11201.705650701811 is not greater than 11202.242416134417. Delta is -0.5367654326055344
Model is not converging.  Current: 11195.463161449708 is not greater than 11195.613338002813. Delta is -0.15017655310475675
Model is not converging.  Current: 11200.270469372153 is not greater than 11200.338469479446. Delta is -0.06800010729239148
Model is not converging.  Current: 11199.88339266839 is not greater than 11200.358426005478. Delta is -0.47503333708846185
Model is not converging.  Current: 11195.638246367822 is not greater than 11195.686003571032. Delta is -0.04775720321049448
Model is not converging.  Current: 11200.587116444975 is not greater than 11200.778671239317. Delta is -0.19155479434266454
Model is not converging.  Current: 11201.705650701811 is not greater than 11202.242416134417. Delta is -0.5367654326055344
Model is not converging.  Current: 11195.463161449708 is not greater than 11195.613338002813. Delta is -0.15017655310475675
Model is not converging.  Current: 11200.270469372153 is not greater than 11200.338469479446. Delta is -0.06800010729239148
Model is not converging.  Current: 11199.88339266839 is not greater than 11200.358426005478. Delta is -0.47503333708846185
Model is not converging.  Current: 11209.829482986193 is not greater than 11210.196220078893. Delta is -0.36673709269962274
Model is not converging.  Current: 11200.587116444975 is not greater than 11200.778671239317. Delta is -0.19155479434266454
Model is not converging.  Current: 11208.491986076988 is not greater than 11208.877741999828. Delta is -0.3857559228399623
Model is not converging.  Current: 11201.705650701811 is not greater than 11202.242416134417. Delta is -0.5367654326055344
Model is not converging.  Current: 11200.270469372153 is not greater than 11200.338469479446. Delta is -0.06800010729239148
Model is not converging.  Current: 11199.88339266839 is not greater than 11200.358426005478. Delta is -0.47503333708846185
Model is not converging.  Current: 11209.829482986193 is not greater than 11210.196220078893. Delta is -0.36673709269962274
Model is not converging.  Current: 11208.802162627677 is not greater than 11208.85280154116. Delta is -0.05063891348254401
Model is not converging.  Current: 11200.587116444975 is not greater than 11200.778671239317. Delta is -0.19155479434266454
Model is not converging.  Current: 11208.491986076988 is not greater than 11208.877741999828. Delta is -0.3857559228399623
Model is not converging.  Current: 11200.270469371517 is not greater than 11200.338469479757. Delta is -0.06800010824008496
Model is not converging.  Current: 11208.899840631848 is not greater than 11209.18113702566. Delta is -0.2812963938122266
Model is not converging.  Current: 11208.802162627677 is not greater than 11208.85280154116. Delta is -0.05063891348254401
Model is not converging.  Current: 11209.829482986193 is not greater than 11210.196220078893. Delta is -0.36673709269962274
Model is not converging.  Current: 11200.587116444975 is not greater than 11200.778671239317. Delta is -0.19155479434266454
Model is not converging.  Current: 11208.491986076988 is not greater than 11208.877741999828. Delta is -0.3857559228399623
Model is not converging.  Current: 11208.89984063118 is not greater than 11209.181137024938. Delta is -0.2812963937576569
Model is not converging.  Current: 11218.929080709408 is not greater than 11219.497392669786. Delta is -0.5683119603781961
Model is not converging.  Current: 11217.74214236084 is not greater than 11218.207281940448. Delta is -0.4651395796081488
Model is not converging.  Current: 11208.802162627677 is not greater than 11208.85280154116. Delta is -0.05063891348254401
Model is not converging.  Current: 11209.829482986193 is not greater than 11210.196220078893. Delta is -0.36673709269962274
Model is not converging.  Current: 11208.491986076988 is not greater than 11208.877741999828. Delta is -0.3857559228399623
Model is not converging.  Current: 11218.929080709408 is not greater than 11219.497392669786. Delta is -0.5683119603781961
Model is not converging.  Current: 11208.89984063118 is not greater than 11209.181137024938. Delta is -0.2812963937576569
Model is not converging.  Current: 11218.149141873711 is not greater than 11218.251555666024. Delta is -0.10241379231229075
Model is not converging.  Current: 11217.74214236084 is not greater than 11218.207281940448. Delta is -0.4651395796081488
Model is not converging.  Current: 11208.802162627677 is not greater than 11208.85280154116. Delta is -0.05063891348254401
Model is not converging.  Current: 10805.703094963814 is not greater than 10805.703123333671. Delta is -2.836985731846653e-05
Model is not converging.  Current: 11218.149141873711 is not greater than 11218.251555666024. Delta is -0.10241379231229075
Model is not converging.  Current: 11218.929080709408 is not greater than 11219.497392669786. Delta is -0.5683119603781961
Model is not converging.  Current: 11208.89984063118 is not greater than 11209.181137024938. Delta is -0.2812963937576569
Model is not converging.  Current: 11217.74214236084 is not greater than 11218.207281940448. Delta is -0.4651395796081488
Model is not converging.  Current: 10805.703094963812 is not greater than 10805.703123333687. Delta is -2.8369875508360565e-05
Model is not converging.  Current: 11127.284127246166 is not greater than 11127.803737458882. Delta is -0.5196102127156337
Model is not converging.  Current: 11126.457517176963 is not greater than 11126.803020487943. Delta is -0.34550331098034803
Model is not converging.  Current: 11218.149141873839 is not greater than 11218.251555666748. Delta is -0.10241379290891928
Model is not converging.  Current: 11218.929080709408 is not greater than 11219.497392669786. Delta is -0.5683119603781961
Model is not converging.  Current: 11126.45496365797 is not greater than 11126.812931468023. Delta is -0.35796781005228695
Model is not converging.  Current: 10805.703094963816 is not greater than 10805.703123333667. Delta is -2.836985186149832e-05
Model is not converging.  Current: 11127.284127246166 is not greater than 11127.803737458882. Delta is -0.5196102127156337
Model is not converging.  Current: 11217.74214236084 is not greater than 11218.207281940448. Delta is -0.4651395796081488
Model is not converging.  Current: 10721.273867543123 is not greater than 10721.27665450471. Delta is -0.0027869615878444165
Model is not converging.  Current: 11126.457517176963 is not greater than 11126.803020487943. Delta is -0.34550331098034803
Model is not converging.  Current: 11218.149141873711 is not greater than 11218.251555666024. Delta is -0.10241379231229075
Model is not converging.  Current: 11126.45496365797 is not greater than 11126.812931468023. Delta is -0.35796781005228695
Model is not converging.  Current: 11127.284127246166 is not greater than 11127.803737458882. Delta is -0.5196102127156337
Model is not converging.  Current: 10805.703094963814 is not greater than 10805.703123333671. Delta is -2.836985731846653e-05
Model is not converging.  Current: 10721.273867543123 is not greater than 10721.27665450471. Delta is -0.0027869615878444165
Model is not converging.  Current: 11126.457517176963 is not greater than 11126.803020487943. Delta is -0.34550331098034803
Model is not converging.  Current: 11017.948119215114 is not greater than 11018.356601139772. Delta is -0.4084819246581901
Model is not converging.  Current: 11017.646888560443 is not greater than 11017.95257646844. Delta is -0.30568790799770795
Model is not converging.  Current: 11126.45496365797 is not greater than 11126.812931468023. Delta is -0.35796781005228695
Model is not converging.  Current: 10721.273867543123 is not greater than 10721.27665450471. Delta is -0.0027869615878444165
Model is not converging.  Current: 11127.284127246166 is not greater than 11127.803737458882. Delta is -0.5196102127156337
Model is not converging.  Current: 11017.688957551443 is not greater than 11018.126038520375. Delta is -0.4370809689316957
Model is not converging.  Current: 11017.948119215114 is not greater than 11018.356601139772. Delta is -0.4084819246581901
Model is not converging.  Current: 10583.086242027914 is not greater than 10583.087339008895. Delta is -0.0010969809809466824
Model is not converging.  Current: 11126.457517176963 is not greater than 11126.803020487943. Delta is -0.34550331098034803
Model is not converging.  Current: 11017.646888560443 is not greater than 11017.95257646844. Delta is -0.30568790799770795
Model is not converging.  Current: 11126.45496365797 is not greater than 11126.812931468023. Delta is -0.35796781005228695
Model is not converging.  Current: 11017.688957551443 is not greater than 11018.126038520375. Delta is -0.4370809689316957
Model is not converging.  Current: 11017.948119215755 is not greater than 11018.35660113847. Delta is -0.4084819227155094
Model is not converging.  Current: 10721.273867543123 is not greater than 10721.27665450471. Delta is -0.0027869615878444165
Model is not converging.  Current: 10583.086242027914 is not greater than 10583.087339008895. Delta is -0.0010969809809466824
Model is not converging.  Current: 11015.34493975708 is not greater than 11015.375807937762. Delta is -0.030868180681864033
Model is not converging.  Current: 11017.646888560443 is not greater than 11017.95257646844. Delta is -0.30568790799770795
Model is not converging.  Current: 11015.52830491948 is not greater than 11015.54643261154. Delta is -0.01812769205935183
Model is not converging.  Current: 11017.688957551443 is not greater than 11018.126038520375. Delta is -0.4370809689316957
Model is not converging.  Current: 10583.086242027914 is not greater than 10583.087339008895. Delta is -0.0010969809809466824
Model is not converging.  Current: 11017.948119215114 is not greater than 11018.356601139772. Delta is -0.4084819246581901
Model is not converging.  Current: 11015.65579677389 is not greater than 11015.669320813242. Delta is -0.01352403935197799
Model is not converging.  Current: 11015.34493975708 is not greater than 11015.375807937762. Delta is -0.030868180681864033
Model is not converging.  Current: 11017.646888560443 is not greater than 11017.95257646844. Delta is -0.30568790799770795
Model is not converging.  Current: 10629.21768445566 is not greater than 10629.217933274136. Delta is -0.0002488184763933532
Model is not converging.  Current: 11015.52830491948 is not greater than 11015.54643261154. Delta is -0.01812769205935183
Model is not converging.  Current: 11015.34493975669 is not greater than 11015.375807938857. Delta is -0.030868182167978375
Model is not converging.  Current: 11017.688957551443 is not greater than 11018.126038520375. Delta is -0.4370809689316957
Model is not converging.  Current: 10890.34449131137 is not greater than 10890.538975699397. Delta is -0.19448438802646706
Model is not converging.  Current: 11015.65579677389 is not greater than 11015.669320813242. Delta is -0.01352403935197799
Model is not converging.  Current: 10583.086242027914 is not greater than 10583.087339008895. Delta is -0.0010969809809466824
Model is not converging.  Current: 11015.52830491948 is not greater than 11015.54643261154. Delta is -0.01812769205935183
Model is not converging.  Current: 10890.472122783425 is not greater than 10890.963088752282. Delta is -0.4909659688564716
Model is not converging.  Current: 10629.21768445566 is not greater than 10629.217933274136. Delta is -0.0002488184763933532
Model is not converging.  Current: 11015.65579677389 is not greater than 11015.669320813242. Delta is -0.01352403935197799
Model is not converging.  Current: 10891.368147471087 is not greater than 10891.52964576622. Delta is -0.1614982951341517
Model is not converging.  Current: 11015.34493975708 is not greater than 11015.375807937762. Delta is -0.030868180681864033
Model is not converging.  Current: 10629.21768445566 is not greater than 10629.217933274136. Delta is -0.0002488184763933532
Model is not converging.  Current: 10422.357043114 is not greater than 10422.357147064879. Delta is -0.00010395087883807719
Model is not converging.  Current: 11015.52830491948 is not greater than 11015.54643261154. Delta is -0.01812769205935183
Model is not converging.  Current: 10890.34449131137 is not greater than 10890.538975699397. Delta is -0.19448438802646706
Model is not converging.  Current: 10890.472122783425 is not greater than 10890.963088752282. Delta is -0.4909659688564716
Model is not converging.  Current: 11015.65579677389 is not greater than 11015.669320813242. Delta is -0.01352403935197799
Model is not converging.  Current: 10890.34449131137 is not greater than 10890.538975699397. Delta is -0.19448438802646706
Model is not converging.  Current: 10890.472122783425 is not greater than 10890.963088752282. Delta is -0.4909659688564716
Model is not converging.  Current: 10629.21768445566 is not greater than 10629.217933274136. Delta is -0.0002488184763933532
Model is not converging.  Current: 10891.368147471087 is not greater than 10891.52964576622. Delta is -0.1614982951341517
Model is not converging.  Current: 10422.357043114 is not greater than 10422.357147064879. Delta is -0.00010395087883807719
Model is not converging.  Current: 10891.368147471087 is not greater than 10891.52964576622. Delta is -0.1614982951341517
Model is not converging.  Current: 10422.357043114 is not greater than 10422.357147064879. Delta is -0.00010395087883807719
Model is not converging.  Current: 10890.34449131137 is not greater than 10890.538975699397. Delta is -0.19448438802646706
Model is not converging.  Current: 10890.472122783425 is not greater than 10890.963088752282. Delta is -0.4909659688564716
Model is not converging.  Current: 10352.048016334615 is not greater than 10352.048076559391. Delta is -6.022477646183688e-05
Model is not converging.  Current: 10891.368147471087 is not greater than 10891.52964576622. Delta is -0.1614982951341517
Model is not converging.  Current: 10422.357043114 is not greater than 10422.357147064879. Delta is -0.00010395087883807719
Model is not converging.  Current: 10352.048016334615 is not greater than 10352.048076559391. Delta is -6.022477646183688e-05
Model is not converging.  Current: 10352.048016334758 is not greater than 10352.04807655966. Delta is -6.0224901972105727e-05
Model is not converging.  Current: 10683.733041735568 is not greater than 10683.772209199204. Delta is -0.0391674636357493
Model is not converging.  Current: 10308.458862391177 is not greater than 10308.459074152632. Delta is -0.0002117614549206337
Model is not converging.  Current: 10352.048016334615 is not greater than 10352.048076559391. Delta is -6.022477646183688e-05
Model is not converging.  Current: 10620.691746708106 is not greater than 10620.717639834163. Delta is -0.025893126057781046
Model is not converging.  Current: 10683.733041735568 is not greater than 10683.772209199204. Delta is -0.0391674636357493
Model is not converging.  Current: 10620.705063389763 is not greater than 10620.737158480722. Delta is -0.0320950909590465
Model is not converging.  Current: 10308.458862391177 is not greater than 10308.459074152632. Delta is -0.0002117614549206337
Model is not converging.  Current: 10683.733041735568 is not greater than 10683.772209199204. Delta is -0.0391674636357493
Model is not converging.  Current: 10620.732771192448 is not greater than 10620.775286377126. Delta is -0.042515184677540674
Model is not converging.  Current: 10308.458862391177 is not greater than 10308.459074152632. Delta is -0.0002117614549206337
Model is not converging.  Current: 10280.702566605862 is not greater than 10280.702649831594. Delta is -8.322573194163851e-05
Model is not converging.  Current: 10620.691746708106 is not greater than 10620.717639834163. Delta is -0.025893126057781046
Model is not converging.  Current: 10620.705063389763 is not greater than 10620.737158480722. Delta is -0.0320950909590465
Model is not converging.  Current: 10620.69174670882 is not greater than 10620.717639834515. Delta is -0.025893125693983166
Model is not converging.  Current: 10572.943330531154 is not greater than 10573.050312841136. Delta is -0.10698230998241343
Model is not converging.  Current: 10683.733041735954 is not greater than 10683.772209200482. Delta is -0.0391674645288731
Model is not converging.  Current: 10620.705063389763 is not greater than 10620.737158480722. Delta is -0.0320950909590465
Model is not converging.  Current: 10620.732771192448 is not greater than 10620.775286377126. Delta is -0.042515184677540674
Model is not converging.  Current: 10572.82451527635 is not greater than 10572.952543714524. Delta is -0.12802843817371468
Model is not converging.  Current: 10308.458862391177 is not greater than 10308.459074152632. Delta is -0.0002117614549206337
Model is not converging.  Current: 10280.702566605862 is not greater than 10280.702649831594. Delta is -8.322573194163851e-05
Model is not converging.  Current: 10620.732771193338 is not greater than 10620.77528637615. Delta is -0.042515182813076535
Model is not converging.  Current: 10280.702566605907 is not greater than 10280.70264983161. Delta is -8.322570283780806e-05
Model is not converging.  Current: 10573.015680820568 is not greater than 10573.127083431775. Delta is -0.11140261120635842
Model is not converging.  Current: 10620.69174670882 is not greater than 10620.717639834515. Delta is -0.025893125693983166
Model is not converging.  Current: 10257.895710800625 is not greater than 10257.896137163085. Delta is -0.0004263624596205773
Model is not converging.  Current: 10572.943330531154 is not greater than 10573.050312841136. Delta is -0.10698230998241343
Model is not converging.  Current: 10620.705063389763 is not greater than 10620.737158480722. Delta is -0.0320950909590465
Model is not converging.  Current: 10572.824515276034 is not greater than 10572.952543714066. Delta is -0.1280284380318335
Model is not converging.  Current: 10572.943330531154 is not greater than 10573.050312841136. Delta is -0.10698230998241343
Model is not converging.  Current: 10620.732771192448 is not greater than 10620.775286377126. Delta is -0.042515184677540674
Model is not converging.  Current: 10572.824515276034 is not greater than 10572.952543714066. Delta is -0.1280284380318335
Model is not converging.  Current: 10567.505056706743 is not greater than 10567.630473674664. Delta is -0.1254169679214101
Model is not converging.  Current: 10573.015680820568 is not greater than 10573.127083431775. Delta is -0.11140261120635842
Model is not converging.  Current: 10280.702566605862 is not greater than 10280.702649831594. Delta is -8.322573194163851e-05
Model is not converging.  Current: 10567.388262384193 is not greater than 10567.51046666259. Delta is -0.12220427839747572
Model is not converging.  Current: 10257.895710800625 is not greater than 10257.896137163085. Delta is -0.0004263624596205773
Model is not converging.  Current: 10573.015680820568 is not greater than 10573.127083431775. Delta is -0.11140261120635842
Model is not converging.  Current: 10257.895710800625 is not greater than 10257.896137163085. Delta is -0.0004263624596205773
Model is not converging.  Current: 10567.609464538646 is not greater than 10567.619272859876. Delta is -0.00980832123059372
Model is not converging.  Current: 10572.943330530816 is not greater than 10573.050312841115. Delta is -0.10698231029891758
Model is not converging.  Current: 10567.505056706743 is not greater than 10567.630473674664. Delta is -0.1254169679214101
Model is not converging.  Current: 10572.824515276034 is not greater than 10572.952543714066. Delta is -0.1280284380318335
Model is not converging.  Current: 10256.44743680274 is not greater than 10256.447637738604. Delta is -0.00020093586317670997
Model is not converging.  Current: 10567.388262384193 is not greater than 10567.51046666259. Delta is -0.12220427839747572
Model is not converging.  Current: 10567.505056707098 is not greater than 10567.630473675084. Delta is -0.12541696798689372
Model is not converging.  Current: 10573.015680820568 is not greater than 10573.127083431775. Delta is -0.11140261120635842
Model is not converging.  Current: 10567.388262384193 is not greater than 10567.51046666259. Delta is -0.12220427839747572
Model is not converging.  Current: 10567.60946453841 is not greater than 10567.61927285968. Delta is -0.009808321270611486
Model is not converging.  Current: 10521.881277320352 is not greater than 10522.153909494364. Delta is -0.27263217401196016
Model is not converging.  Current: 10257.895710800625 is not greater than 10257.896137163085. Delta is -0.0004263624596205773
Model is not converging.  Current: 10256.44743680273 is not greater than 10256.447637738594. Delta is -0.00020093586499569938
Model is not converging.  Current: 10521.615580676713 is not greater than 10521.779419755321. Delta is -0.1638390786083619
Model is not converging.  Current: 10567.60946453841 is not greater than 10567.61927285968. Delta is -0.009808321270611486
Model is not converging.  Current: 10256.44743680274 is not greater than 10256.447637738604. Delta is -0.00020093586317670997
Model is not converging.  Current: 10521.700121207812 is not greater than 10521.877719712726. Delta is -0.17759850491347606
Model is not converging.  Current: 10567.505056706743 is not greater than 10567.630473674664. Delta is -0.1254169679214101
Model is not converging.  Current: 10521.881277320352 is not greater than 10522.153909494364. Delta is -0.27263217401196016
Model is not converging.  Current: 10567.388262384193 is not greater than 10567.51046666259. Delta is -0.12220427839747572
Model is not converging.  Current: 10232.72569192126 is not greater than 10232.72578273453. Delta is -9.081326970772352e-05
Model is not converging.  Current: 10521.615580676713 is not greater than 10521.779419755321. Delta is -0.1638390786083619
Model is not converging.  Current: 10521.881277320475 is not greater than 10522.153909494518. Delta is -0.272632174042883
Model is not converging.  Current: 10567.60946453841 is not greater than 10567.61927285968. Delta is -0.009808321270611486
Model is not converging.  Current: 10521.615580676713 is not greater than 10521.779419755321. Delta is -0.1638390786083619
Model is not converging.  Current: 10521.700121207812 is not greater than 10521.877719712726. Delta is -0.17759850491347606
Model is not converging.  Current: 10534.281165181093 is not greater than 10534.499858237905. Delta is -0.2186930568113894
Model is not converging.  Current: 10256.44743680274 is not greater than 10256.447637738604. Delta is -0.00020093586317670997
Model is not converging.  Current: 10232.72569192126 is not greater than 10232.72578273453. Delta is -9.081326970772352e-05
Model is not converging.  Current: 10534.175560118485 is not greater than 10534.294804809599. Delta is -0.11924469111363578
Model is not converging.  Current: 10521.700121207812 is not greater than 10521.877719712726. Delta is -0.17759850491347606
Model is not converging.  Current: 10232.72569192126 is not greater than 10232.72578273453. Delta is -9.081326970772352e-05
Model is not converging.  Current: 10534.168895548084 is not greater than 10534.295563279155. Delta is -0.12666773107048357
Model is not converging.  Current: 10521.881277320352 is not greater than 10522.153909494364. Delta is -0.27263217401196016
Model is not converging.  Current: 10534.281165181093 is not greater than 10534.499858237905. Delta is -0.2186930568113894
Model is not converging.  Current: 10534.281165181093 is not greater than 10534.499858237905. Delta is -0.2186930568113894
Model is not converging.  Current: 10240.922891136366 is not greater than 10240.922977997925. Delta is -8.686155888426583e-05
Model is not converging.  Current: 10521.615580676713 is not greater than 10521.779419755321. Delta is -0.1638390786083619
Model is not converging.  Current: 10534.175560118525 is not greater than 10534.294804809706. Delta is -0.11924469118093839
Model is not converging.  Current: 10534.175560118485 is not greater than 10534.294804809599. Delta is -0.11924469111363578
Model is not converging.  Current: 10513.63615656517 is not greater than 10513.74554611119. Delta is -0.10938954601988371
Model is not converging.  Current: 10534.168895548084 is not greater than 10534.295563279155. Delta is -0.12666773107048357
Model is not converging.  Current: 10521.700121207812 is not greater than 10521.877719712726. Delta is -0.17759850491347606
Model is not converging.  Current: 10534.168895548084 is not greater than 10534.295563279155. Delta is -0.12666773107048357
Model is not converging.  Current: 10513.45819610965 is not greater than 10513.558196210615. Delta is -0.10000010096518963
Model is not converging.  Current: 10240.922891136366 is not greater than 10240.922977997925. Delta is -8.686155888426583e-05
Model is not converging.  Current: 10232.72569192126 is not greater than 10232.72578273453. Delta is -9.081326970772352e-05
Model is not converging.  Current: 10240.922891136366 is not greater than 10240.922977997925. Delta is -8.686155888426583e-05
Model is not converging.  Current: 10513.523183437257 is not greater than 10513.635068913238. Delta is -0.11188547598067089
Model is not converging.  Current: 10513.63615656517 is not greater than 10513.74554611119. Delta is -0.10938954601988371
Model is not converging.  Current: 10534.281165181093 is not greater than 10534.499858237905. Delta is -0.2186930568113894
Model is not converging.  Current: 10229.23292488733 is not greater than 10229.232963603225. Delta is -3.871589433401823e-05
Model is not converging.  Current: 10513.63615656517 is not greater than 10513.74554611119. Delta is -0.10938954601988371
Model is not converging.  Current: 10513.458196109857 is not greater than 10513.55819621066. Delta is -0.10000010080329957
Model is not converging.  Current: 10534.175560118485 is not greater than 10534.294804809599. Delta is -0.11924469111363578
Model is not converging.  Current: 10513.458196109857 is not greater than 10513.55819621066. Delta is -0.10000010080329957
Model is not converging.  Current: 10534.168895548084 is not greater than 10534.295563279155. Delta is -0.12666773107048357
Model is not converging.  Current: 10507.254249197604 is not greater than 10507.260307201514. Delta is -0.0060580039098567795
Model is not converging.  Current: 10513.523183437257 is not greater than 10513.635068913238. Delta is -0.11188547598067089
Model is not converging.  Current: 10513.523183437257 is not greater than 10513.635068913238. Delta is -0.11188547598067089
Model is not converging.  Current: 10240.922891136366 is not greater than 10240.922977997925. Delta is -8.686155888426583e-05
Model is not converging.  Current: 10229.23292488733 is not greater than 10229.232963603221. Delta is -3.871589069603942e-05
Model is not converging.  Current: 10229.232924887334 is not greater than 10229.232963603225. Delta is -3.871589069603942e-05
Model is not converging.  Current: 10513.63615656517 is not greater than 10513.74554611119. Delta is -0.10938954601988371
Model is not converging.  Current: 10226.0857406788 is not greater than 10226.086032461015. Delta is -0.0002917822148447158
Model is not converging.  Current: 10507.254249197604 is not greater than 10507.260307201514. Delta is -0.0060580039098567795
Model is not converging.  Current: 10513.458196109857 is not greater than 10513.55819621066. Delta is -0.10000010080329957
Model is not converging.  Current: 10507.254249197604 is not greater than 10507.260307201514. Delta is -0.0060580039098567795
Model is not converging.  Current: 10513.523183437257 is not greater than 10513.635068913238. Delta is -0.11188547598067089
Model is not converging.  Current: 10229.232924887334 is not greater than 10229.232963603225. Delta is -3.871589069603942e-05
Model is not converging.  Current: 10226.0857406788 is not greater than 10226.086032461015. Delta is -0.0002917822148447158
Model is not converging.  Current: 10226.0857406788 is not greater than 10226.086032461015. Delta is -0.0002917822148447158
Model is not converging.  Current: 10507.254249197604 is not greater than 10507.260307201514. Delta is -0.0060580039098567795
Model is not converging.  Current: 10184.72561767022 is not greater than 10184.725636882815. Delta is -1.9212595361750573e-05
Model is not converging.  Current: 10226.0857406788 is not greater than 10226.086032461015. Delta is -0.0002917822148447158
Model is not converging.  Current: 10184.72561767022 is not greater than 10184.725636882815. Delta is -1.9212595361750573e-05
Model is not converging.  Current: 10184.725617670209 is not greater than 10184.725636882817. Delta is -1.9212608094676398e-05
Model is not converging.  Current: 10127.313932000252 is not greater than 10127.314173021521. Delta is -0.00024102126917568967
Model is not converging.  Current: 10184.72561767022 is not greater than 10184.725636882815. Delta is -1.9212595361750573e-05
Model is not converging.  Current: 10127.31393200024 is not greater than 10127.314173021512. Delta is -0.00024102127281366847
Model is not converging.  Current: 10127.31393200024 is not greater than 10127.314173021512. Delta is -0.00024102127281366847
Model is not converging.  Current: 10055.547130924799 is not greater than 10055.547332918079. Delta is -0.00020199327991576865
Model is not converging.  Current: 10127.313932000252 is not greater than 10127.314173021521. Delta is -0.00024102126917568967
Model is not converging.  Current: 10055.547130924799 is not greater than 10055.547332918079. Delta is -0.00020199327991576865
Model is not converging.  Current: 10055.547130924799 is not greater than 10055.547332918079. Delta is -0.00020199327991576865
Model is not converging.  Current: 10059.542469458125 is not greater than 10059.542568043013. Delta is -9.858488738245796e-05
Model is not converging.  Current: 10055.547130924799 is not greater than 10055.547332918079. Delta is -0.00020199327991576865
Model is not converging.  Current: 10059.542469458169 is not greater than 10059.542568043524. Delta is -9.858535486273468e-05
Model is not converging.  Current: 10059.542469458125 is not greater than 10059.542568043013. Delta is -9.858488738245796e-05
Model is not converging.  Current: 10022.291374699353 is not greater than 10022.291449197111. Delta is -7.4497758760117e-05
Model is not converging.  Current: 10059.542469458172 is not greater than 10059.542568043496. Delta is -9.858532393991482e-05
Model is not converging.  Current: 10318.171405462024 is not greater than 10318.177597673875. Delta is -0.006192211851157481
Model is not converging.  Current: 10022.291374699298 is not greater than 10022.291449197073. Delta is -7.449777513102163e-05
Model is not converging.  Current: 10318.172320216792 is not greater than 10318.180518292404. Delta is -0.008198075611289823
Model is not converging.  Current: 10022.291374699353 is not greater than 10022.291449197111. Delta is -7.4497758760117e-05
Model is not converging.  Current: 10318.171405462024 is not greater than 10318.177597673875. Delta is -0.006192211851157481
Model is not converging.  Current: 10318.171405462024 is not greater than 10318.177597673875. Delta is -0.006192211851157481
Model is not converging.  Current: 10022.291374699298 is not greater than 10022.291449197073. Delta is -7.449777513102163e-05
Model is not converging.  Current: 10318.172320217083 is not greater than 10318.180518292824. Delta is -0.008198075740438071
Model is not converging.  Current: 10318.172320217083 is not greater than 10318.180518292824. Delta is -0.008198075740438071
Model is not converging.  Current: 10318.171405462024 is not greater than 10318.177597673875. Delta is -0.006192211851157481
Model is not converging.  Current: 10318.172320217001 is not greater than 10318.180518292565. Delta is -0.008198075563996099
Model is not converging.  Current: 9976.871680040784 is not greater than 9976.879648533892. Delta is -0.007968493107910035
Model is not converging.  Current: 9946.728898567997 is not greater than 9946.728973670384. Delta is -7.510238719987683e-05
Model is not converging.  Current: 9976.871680040784 is not greater than 9976.879648533892. Delta is -0.007968493107910035
Model is not converging.  Current: 9976.871680040784 is not greater than 9976.879648533883. Delta is -0.007968493098815088
Model is not converging.  Current: 9976.871680040784 is not greater than 9976.879648533892. Delta is -0.007968493107910035
Model is not converging.  Current: 9947.051419659017 is not greater than 9947.051849894022. Delta is -0.00043023500438721385
Model is not converging.  Current: 9946.728898567997 is not greater than 9946.728973670384. Delta is -7.510238719987683e-05
Model is not converging.  Current: 9946.728898567997 is not greater than 9946.728973670384. Delta is -7.510238719987683e-05
Model is not converging.  Current: 9946.728898567997 is not greater than 9946.728973670384. Delta is -7.510238719987683e-05
Model is not converging.  Current: 9991.802443303779 is not greater than 9991.80495433509. Delta is -0.0025110313108598348
Model is not converging.  Current: 9947.051419659017 is not greater than 9947.051849894022. Delta is -0.00043023500438721385
Model is not converging.  Current: 9947.051419659017 is not greater than 9947.051849894022. Delta is -0.00043023500438721385
Model is not converging.  Current: 9947.051419659017 is not greater than 9947.051849894022. Delta is -0.00043023500438721385
Model is not converging.  Current: 9991.802443303779 is not greater than 9991.80495433509. Delta is -0.0025110313108598348
Model is not converging.  Current: 9991.80244330379 is not greater than 9991.804954335086. Delta is -0.0025110312963079195
Model is not converging.  Current: 9991.802443303779 is not greater than 9991.80495433509. Delta is -0.0025110313108598348
Model is not converging.  Current: 10345.158164338061 is not greater than 10345.158405422844. Delta is -0.00024108478282869328
Model is not converging.  Current: 10178.414218828475 is not greater than 10178.420930483693. Delta is -0.006711655218168744
Model is not converging.  Current: 10345.158164338704 is not greater than 10345.158405422806. Delta is -0.00024108410252665635
Model is not converging.  Current: 10178.414218828975 is not greater than 10178.42093048364. Delta is -0.006711654665195965
Model is not converging.  Current: 10345.158164338061 is not greater than 10345.158405422844. Delta is -0.00024108478282869328
Model is not converging.  Current: 10178.414218828975 is not greater than 10178.42093048364. Delta is -0.006711654665195965
Model is not converging.  Current: 10345.158164338704 is not greater than 10345.158405422806. Delta is -0.00024108410252665635
Model is not converging.  Current: 10178.414218828975 is not greater than 10178.42093048364. Delta is -0.006711654665195965
Model is not converging.  Current: 10147.361441872525 is not greater than 10147.373678819205. Delta is -0.012236946680786787
Model is not converging.  Current: 10147.361441872525 is not greater than 10147.373678819205. Delta is -0.012236946680786787
Model is not converging.  Current: 10104.982582653105 is not greater than 10104.995782761052. Delta is -0.013200107947341166
Model is not converging.  Current: 10147.361441872525 is not greater than 10147.373678819205. Delta is -0.012236946680786787
Model is not converging.  Current: 10147.361441872525 is not greater than 10147.373678819205. Delta is -0.012236946680786787
Model is not converging.  Current: 10104.982582653105 is not greater than 10104.995782761052. Delta is -0.013200107947341166
Model is not converging.  Current: 10072.961660034962 is not greater than 10072.970198498728. Delta is -0.00853846376594447
Model is not converging.  Current: 10104.982582653105 is not greater than 10104.995782761052. Delta is -0.013200107947341166
Model is not converging.  Current: 10104.982582653105 is not greater than 10104.995782761052. Delta is -0.013200107947341166
Model is not converging.  Current: 10072.961660034915 is not greater than 10072.970198498833. Delta is -0.00853846391873958
Model is not converging.  Current: 10107.490761090869 is not greater than 10107.628166039347. Delta is -0.13740494847843365
Model is not converging.  Current: 10072.961660034962 is not greater than 10072.970198498728. Delta is -0.00853846376594447
Model is not converging.  Current: 10072.961660034962 is not greater than 10072.970198498728. Delta is -0.00853846376594447
Model is not converging.  Current: 10107.490761090869 is not greater than 10107.628166039347. Delta is -0.13740494847843365
Model is not converging.  Current: 10149.994061559804 is not greater than 10150.13083709853. Delta is -0.13677553872548742
Model is not converging.  Current: 10107.490761091442 is not greater than 10107.628166038758. Delta is -0.13740494731609942
Model is not converging.  Current: 10107.490761090869 is not greater than 10107.628166039347. Delta is -0.13740494847843365
Model is not converging.  Current: 10149.994061559804 is not greater than 10150.13083709853. Delta is -0.13677553872548742
Model is not converging.  Current: 10149.994061559804 is not greater than 10150.13083709853. Delta is -0.13677553872548742
Model is not converging.  Current: 10149.994061559804 is not greater than 10150.13083709853. Delta is -0.13677553872548742
Model is not converging.  Current: 10347.511152115785 is not greater than 10347.51121179727. Delta is -5.968148434476461e-05
Model is not converging.  Current: 10347.510336979674 is not greater than 10347.510370092356. Delta is -3.311268119432498e-05
Model is not converging.  Current: 10347.509525175497 is not greater than 10347.509545114. Delta is -1.9938503101002425e-05
Model is not converging.  Current: 10347.510271686664 is not greater than 10347.510320531195. Delta is -4.884453119302634e-05
Model is not converging.  Current: 10347.510735959782 is not greater than 10347.510983426211. Delta is -0.0002474664288456552
Model is not converging.  Current: 10347.511152115785 is not greater than 10347.51121179727. Delta is -5.968148434476461e-05
Model is not converging.  Current: 10347.510336979098 is not greater than 10347.510370091695. Delta is -3.3112597520812415e-05
Model is not converging.  Current: 10384.281655463074 is not greater than 10384.294515764346. Delta is -0.01286030127266713
Model is not converging.  Current: 10384.247187096567 is not greater than 10384.248701982257. Delta is -0.0015148856891755713
Model is not converging.  Current: 10347.509525175245 is not greater than 10347.509545114002. Delta is -1.993875775951892e-05
Model is not converging.  Current: 10384.192349484782 is not greater than 10384.192973243671. Delta is -0.000623758889560122
Model is not converging.  Current: 10347.51027168663 is not greater than 10347.510320531233. Delta is -4.884460395260248e-05
Model is not converging.  Current: 10384.246925058776 is not greater than 10384.249432190503. Delta is -0.0025071317268157145
Model is not converging.  Current: 10347.511152115896 is not greater than 10347.51121179664. Delta is -5.968074401607737e-05
Model is not converging.  Current: 10347.510735959782 is not greater than 10347.510983426211. Delta is -0.0002474664288456552
Model is not converging.  Current: 10384.242123769802 is not greater than 10384.249143900724. Delta is -0.007020130922683165
Model is not converging.  Current: 10347.511152115785 is not greater than 10347.51121179727. Delta is -5.968148434476461e-05
Model is not converging.  Current: 10347.510336979176 is not greater than 10347.510370091675. Delta is -3.311249929538462e-05
Model is not converging.  Current: 10347.510336979716 is not greater than 10347.51037009233. Delta is -3.3112613891717046e-05
Model is not converging.  Current: 10347.50952517543 is not greater than 10347.509545114079. Delta is -1.993864862015471e-05
Model is not converging.  Current: 10384.281655463074 is not greater than 10384.294515764346. Delta is -0.01286030127266713
Model is not converging.  Current: 10347.50952517543 is not greater than 10347.509545114079. Delta is -1.993864862015471e-05
Model is not converging.  Current: 10347.51027168663 is not greater than 10347.510320531233. Delta is -4.884460395260248e-05
Model is not converging.  Current: 10384.247187096436 is not greater than 10384.248701982577. Delta is -0.0015148861402849434
Model is not converging.  Current: 10492.817498340453 is not greater than 10492.929062379128. Delta is -0.11156403867425979
Model is not converging.  Current: 10347.51027168663 is not greater than 10347.510320531233. Delta is -4.884460395260248e-05
Model is not converging.  Current: 10384.192349484782 is not greater than 10384.192973243671. Delta is -0.000623758889560122
Model is not converging.  Current: 10347.510735959782 is not greater than 10347.510983426211. Delta is -0.0002474664288456552
Model is not converging.  Current: 10491.704613944146 is not greater than 10491.715775533132. Delta is -0.01116158898548747
Model is not converging.  Current: 10384.246925058764 is not greater than 10384.249432191144. Delta is -0.0025071323798329104
Model is not converging.  Current: 10347.510735959782 is not greater than 10347.510983426211. Delta is -0.0002474664288456552
Model is not converging.  Current: 10491.581337282558 is not greater than 10491.581577300041. Delta is -0.00024001748352020513
Model is not converging.  Current: 10491.698973958864 is not greater than 10491.702924104135. Delta is -0.0039501452702097595
Model is not converging.  Current: 10384.242123769802 is not greater than 10384.249143900724. Delta is -0.007020130922683165
Model is not converging.  Current: 10384.281655463074 is not greater than 10384.294515764346. Delta is -0.01286030127266713
Model is not converging.  Current: 10491.697927226565 is not greater than 10491.702314652675. Delta is -0.004387426110042725
Model is not converging.  Current: 10384.247187096436 is not greater than 10384.248701982577. Delta is -0.0015148861402849434
Model is not converging.  Current: 10384.281655463052 is not greater than 10384.294515764237. Delta is -0.012860301185355638
Model is not converging.  Current: 10384.192349484782 is not greater than 10384.192973243671. Delta is -0.000623758889560122
Model is not converging.  Current: 10384.247187096327 is not greater than 10384.248701982218. Delta is -0.0015148858910833951
Model is not converging.  Current: 10492.817498340453 is not greater than 10492.929062379128. Delta is -0.11156403867425979
Model is not converging.  Current: 10384.246925058776 is not greater than 10384.249432190503. Delta is -0.0025071317268157145
Model is not converging.  Current: 10384.192349484782 is not greater than 10384.192973243671. Delta is -0.000623758889560122
Model is not converging.  Current: 10491.704613944146 is not greater than 10491.715775533132. Delta is -0.01116158898548747
Model is not converging.  Current: 10541.536847808193 is not greater than 10541.548190013618. Delta is -0.011342205425535212
Model is not converging.  Current: 10384.246925058776 is not greater than 10384.249432190503. Delta is -0.0025071317268157145
Model is not converging.  Current: 10384.242123769802 is not greater than 10384.249143900724. Delta is -0.007020130922683165
Model is not converging.  Current: 10491.581337282558 is not greater than 10491.581577300041. Delta is -0.00024001748352020513
Model is not converging.  Current: 10540.9234040098 is not greater than 10540.930478013988. Delta is -0.007074004188325489
Model is not converging.  Current: 10384.242123769802 is not greater than 10384.249143900724. Delta is -0.007020130922683165
Model is not converging.  Current: 10491.698973958864 is not greater than 10491.702924104135. Delta is -0.0039501452702097595
Model is not converging.  Current: 10540.63766169026 is not greater than 10540.637662932653. Delta is -1.242393409484066e-06
Model is not converging.  Current: 10491.697927226565 is not greater than 10491.702314652675. Delta is -0.004387426110042725
Model is not converging.  Current: 10492.817498340453 is not greater than 10492.929062379128. Delta is -0.11156403867425979
Model is not converging.  Current: 10540.912140685274 is not greater than 10540.933287653648. Delta is -0.021146968374523567
Model is not converging.  Current: 10492.817498339733 is not greater than 10492.929062379839. Delta is -0.11156404010580445
Model is not converging.  Current: 10491.704613944146 is not greater than 10491.715775533132. Delta is -0.01116158898548747
Model is not converging.  Current: 10540.918912358013 is not greater than 10540.920097866387. Delta is -0.0011855083739646943
Model is not converging.  Current: 10491.581337282558 is not greater than 10491.581577300041. Delta is -0.00024001748352020513
Model is not converging.  Current: 10541.536847806596 is not greater than 10541.548190012976. Delta is -0.011342206380504649
Model is not converging.  Current: 10491.704613944146 is not greater than 10491.715775533132. Delta is -0.01116158898548747
Model is not converging.  Current: 10491.581337282558 is not greater than 10491.581577300041. Delta is -0.00024001748352020513
Model is not converging.  Current: 10540.923404010044 is not greater than 10540.93047801404. Delta is -0.007074003995512612
Model is not converging.  Current: 10491.698973958864 is not greater than 10491.702924104135. Delta is -0.0039501452702097595
Model is not converging.  Current: 10566.786702405316 is not greater than 10566.859188204928. Delta is -0.0724857996119681
Model is not converging.  Current: 10540.63766169026 is not greater than 10540.637662932653. Delta is -1.242393409484066e-06
Model is not converging.  Current: 10491.698973958864 is not greater than 10491.702924104135. Delta is -0.0039501452702097595
Model is not converging.  Current: 10491.697927226565 is not greater than 10491.702314652675. Delta is -0.004387426110042725
Model is not converging.  Current: 10566.17930471151 is not greater than 10566.213334275699. Delta is -0.034029564189040684
Model is not converging.  Current: 10491.697927226565 is not greater than 10491.702314652675. Delta is -0.004387426110042725
Model is not converging.  Current: 10540.912140685274 is not greater than 10540.933287653648. Delta is -0.021146968374523567
Model is not converging.  Current: 10540.918912358351 is not greater than 10540.920097867122. Delta is -0.0011855087705043843
Model is not converging.  Current: 10541.536847808193 is not greater than 10541.548190013618. Delta is -0.011342205425535212
Model is not converging.  Current: 10564.919341916868 is not greater than 10564.942096279376. Delta is -0.022754362507839687
Model is not converging.  Current: 10540.923404010044 is not greater than 10540.93047801404. Delta is -0.007074003995512612
Model is not converging.  Current: 10541.536847806596 is not greater than 10541.548190012976. Delta is -0.011342206380504649
Model is not converging.  Current: 10564.925865770458 is not greater than 10564.930509208423. Delta is -0.004643437965569319
Model is not converging.  Current: 10540.63766169026 is not greater than 10540.637662932653. Delta is -1.242393409484066e-06
Model is not converging.  Current: 10540.9234040098 is not greater than 10540.930478013988. Delta is -0.007074004188325489
Model is not converging.  Current: 10566.786702405316 is not greater than 10566.859188204928. Delta is -0.0724857996119681
Model is not converging.  Current: 10540.912140685274 is not greater than 10540.933287653648. Delta is -0.021146968374523567
Model is not converging.  Current: 10540.63766169026 is not greater than 10540.637662932653. Delta is -1.242393409484066e-06
Model is not converging.  Current: 10566.179304711126 is not greater than 10566.213334274904. Delta is -0.03402956377794908
Model is not converging.  Current: 10540.918912358013 is not greater than 10540.920097866387. Delta is -0.0011855083739646943
Model is not converging.  Current: 10562.23216706954 is not greater than 10562.497390385754. Delta is -0.26522331621345074
Model is not converging.  Current: 10540.912140685274 is not greater than 10540.933287653648. Delta is -0.021146968374523567
Model is not converging.  Current: 10560.123658416791 is not greater than 10560.139868048966. Delta is -0.016209632174650324
Model is not converging.  Current: 10540.918912358351 is not greater than 10540.920097867122. Delta is -0.0011855087705043843
Model is not converging.  Current: 10564.919341916868 is not greater than 10564.942096279376. Delta is -0.022754362507839687
Model is not converging.  Current: 10566.786702405316 is not greater than 10566.859188204928. Delta is -0.0724857996119681
Model is not converging.  Current: 10564.925865770458 is not greater than 10564.930509208423. Delta is -0.004643437965569319
Model is not converging.  Current: 10560.10830381371 is not greater than 10560.130424867002. Delta is -0.022121053292721626
Model is not converging.  Current: 10566.179304711126 is not greater than 10566.213334274904. Delta is -0.03402956377794908
Model is not converging.  Current: 10566.786702405316 is not greater than 10566.859188204928. Delta is -0.0724857996119681
Model is not converging.  Current: 10566.179304711126 is not greater than 10566.213334274904. Delta is -0.03402956377794908
Model is not converging.  Current: 10560.118010963692 is not greater than 10560.136133983928. Delta is -0.01812302023608936
Model is not converging.  Current: 10562.232167069636 is not greater than 10562.497390385373. Delta is -0.2652233157368755
Model is not converging.  Current: 10564.919341916868 is not greater than 10564.942096279376. Delta is -0.022754362507839687
Model is not converging.  Current: 10560.123658416791 is not greater than 10560.139868048966. Delta is -0.016209632174650324
Model is not converging.  Current: 10564.919341916868 is not greater than 10564.942096279376. Delta is -0.022754362507839687
Model is not converging.  Current: 10564.925865770458 is not greater than 10564.930509208423. Delta is -0.004643437965569319
Model is not converging.  Current: 10567.32596430609 is not greater than 10567.38120827552. Delta is -0.055243969429284334
Model is not converging.  Current: 10564.925865770458 is not greater than 10564.930509208423. Delta is -0.004643437965569319
Model is not converging.  Current: 10566.841344855246 is not greater than 10566.875335944049. Delta is -0.03399108880330459
Model is not converging.  Current: 10560.10830381371 is not greater than 10560.130424867002. Delta is -0.022121053292721626
Model is not converging.  Current: 10562.23216706954 is not greater than 10562.497390385754. Delta is -0.26522331621345074
Model is not converging.  Current: 10560.118010963692 is not greater than 10560.136133983928. Delta is -0.01812302023608936
Model is not converging.  Current: 10566.842601367993 is not greater than 10566.85385744155. Delta is -0.011256073557888158
Model is not converging.  Current: 10560.123658416791 is not greater than 10560.139868048966. Delta is -0.016209632174650324
Model is not converging.  Current: 10562.232167068412 is not greater than 10562.497390385748. Delta is -0.2652233173357672
Model is not converging.  Current: 10566.834995235387 is not greater than 10566.838095950652. Delta is -0.003100715264736209
Model is not converging.  Current: 10560.123658416225 is not greater than 10560.139868049853. Delta is -0.016209633628022857
Model is not converging.  Current: 10560.10830381371 is not greater than 10560.130424867002. Delta is -0.022121053292721626
Model is not converging.  Current: 10567.32596430609 is not greater than 10567.38120827552. Delta is -0.055243969429284334
Model is not converging.  Current: 10560.10830381371 is not greater than 10560.130424867002. Delta is -0.022121053292721626
Model is not converging.  Current: 10560.118010963692 is not greater than 10560.136133983928. Delta is -0.01812302023608936
Model is not converging.  Current: 10566.841344855246 is not greater than 10566.875335944049. Delta is -0.03399108880330459
Model is not converging.  Current: 10495.915585062792 is not greater than 10495.97157292462. Delta is -0.05598786182781623
Model is not converging.  Current: 10560.118010963692 is not greater than 10560.136133983928. Delta is -0.01812302023608936
Model is not converging.  Current: 10494.815844280762 is not greater than 10494.822968703307. Delta is -0.007124422545530251
Model is not converging.  Current: 10566.842601367993 is not greater than 10566.85385744155. Delta is -0.011256073557888158
Model is not converging.  Current: 10567.32596430609 is not greater than 10567.38120827552. Delta is -0.055243969429284334
Model is not converging.  Current: 10566.834995234654 is not greater than 10566.838095951056. Delta is -0.0031007164016045863
Model is not converging.  Current: 10567.325964306077 is not greater than 10567.381208275556. Delta is -0.05524396947839705
Model is not converging.  Current: 10566.841344855246 is not greater than 10566.875335944049. Delta is -0.03399108880330459
Model is not converging.  Current: 10494.804606279107 is not greater than 10494.811911237002. Delta is -0.007304957895030384
Model is not converging.  Current: 10566.841344855246 is not greater than 10566.875335944049. Delta is -0.03399108880330459
Model is not converging.  Current: 10494.801638191862 is not greater than 10494.812545948203. Delta is -0.010907756341111963
Model is not converging.  Current: 10495.915585062792 is not greater than 10495.97157292462. Delta is -0.05598786182781623
Model is not converging.  Current: 10566.842601367993 is not greater than 10566.85385744155. Delta is -0.011256073557888158
Model is not converging.  Current: 10494.815844280762 is not greater than 10494.822968703307. Delta is -0.007124422545530251
Model is not converging.  Current: 10566.842601367993 is not greater than 10566.85385744155. Delta is -0.011256073557888158
Model is not converging.  Current: 10566.834995234654 is not greater than 10566.838095951056. Delta is -0.0031007164016045863
Model is not converging.  Current: 10421.99111615344 is not greater than 10422.414673853416. Delta is -0.4235576999762998
Model is not converging.  Current: 10566.834995234654 is not greater than 10566.838095951056. Delta is -0.0031007164016045863
Model is not converging.  Current: 10417.625997692458 is not greater than 10417.627698936922. Delta is -0.0017012444641295588
Model is not converging.  Current: 10494.804606279467 is not greater than 10494.81191123727. Delta is -0.007304957802261924
Model is not converging.  Current: 10495.915585062792 is not greater than 10495.97157292462. Delta is -0.05598786182781623
Model is not converging.  Current: 10494.801638191875 is not greater than 10494.812545947627. Delta is -0.010907755751759396
Model is not converging.  Current: 10417.599672481545 is not greater than 10417.61144396736. Delta is -0.011771485815188498
Model is not converging.  Current: 10494.815844280762 is not greater than 10494.822968703307. Delta is -0.007124422545530251
Model is not converging.  Current: 10495.915585062792 is not greater than 10495.97157292462. Delta is -0.05598786182781623
Model is not converging.  Current: 10494.815844280762 is not greater than 10494.822968703307. Delta is -0.007124422545530251
Model is not converging.  Current: 10417.625082855166 is not greater than 10417.626468869996. Delta is -0.0013860148301318986
Model is not converging.  Current: 10494.804606279107 is not greater than 10494.811911237002. Delta is -0.007304957895030384
Model is not converging.  Current: 10421.99111615344 is not greater than 10422.414673853416. Delta is -0.4235576999762998
Model is not converging.  Current: 10494.801638191862 is not greater than 10494.812545948203. Delta is -0.010907756341111963
Model is not converging.  Current: 10417.62599769264 is not greater than 10417.62769893697. Delta is -0.0017012443313433323
Model is not converging.  Current: 10494.804606279107 is not greater than 10494.811911237002. Delta is -0.007304957895030384
Model is not converging.  Current: 10427.523373135477 is not greater than 10427.586498563542. Delta is -0.0631254280651774
Model is not converging.  Current: 10494.801638191862 is not greater than 10494.812545948203. Delta is -0.010907756341111963
Model is not converging.  Current: 10425.47818171556 is not greater than 10425.510246714999. Delta is -0.032064999439171515
Model is not converging.  Current: 10421.99111615344 is not greater than 10422.414673853416. Delta is -0.4235576999762998
Model is not converging.  Current: 10417.599672481545 is not greater than 10417.61144396736. Delta is -0.011771485815188498
Model is not converging.  Current: 10417.62599769264 is not greater than 10417.62769893697. Delta is -0.0017012443313433323
Model is not converging.  Current: 10417.625082855166 is not greater than 10417.626468869996. Delta is -0.0013860148301318986
Model is not converging.  Current: 10425.324999509114 is not greater than 10425.35533343506. Delta is -0.03033392594625184
Model is not converging.  Current: 10421.99111615344 is not greater than 10422.414673853416. Delta is -0.4235576999762998
Model is not converging.  Current: 10425.283466943543 is not greater than 10425.30634071537. Delta is -0.022873771826198208
Model is not converging.  Current: 10417.62599769264 is not greater than 10417.62769893697. Delta is -0.0017012443313433323
Model is not converging.  Current: 10417.599672481118 is not greater than 10417.611443966109. Delta is -0.011771484991186298
Model is not converging.  Current: 10427.523373135477 is not greater than 10427.586498563542. Delta is -0.0631254280651774
Model is not converging.  Current: 10417.625082855166 is not greater than 10417.626468869996. Delta is -0.0013860148301318986
Model is not converging.  Current: 10425.47818171556 is not greater than 10425.510246715305. Delta is -0.032064999744761735
Model is not converging.  Current: 10327.486811928222 is not greater than 10327.492172514847. Delta is -0.00536058662510186
Model is not converging.  Current: 10417.599672481118 is not greater than 10417.611443966109. Delta is -0.011771484991186298
Model is not converging.  Current: 10327.110031947092 is not greater than 10327.110290878785. Delta is -0.00025893169367918745
Model is not converging.  Current: 10417.625082855166 is not greater than 10417.626468869996. Delta is -0.0013860148301318986
Model is not converging.  Current: 10425.324999509114 is not greater than 10425.35533343506. Delta is -0.03033392594625184
Model is not converging.  Current: 10427.523373135477 is not greater than 10427.586498563542. Delta is -0.0631254280651774
Model is not converging.  Current: 10425.283466943543 is not greater than 10425.30634071537. Delta is -0.022873771826198208
Model is not converging.  Current: 10327.104354037065 is not greater than 10327.10827804031. Delta is -0.003924003245629137
Model is not converging.  Current: 10425.47818171556 is not greater than 10425.510246714999. Delta is -0.032064999439171515
Model is not converging.  Current: 10427.523373135477 is not greater than 10427.586498563542. Delta is -0.0631254280651774
Model is not converging.  Current: 10327.304006142293 is not greater than 10327.337226712594. Delta is -0.033220570301637053
Model is not converging.  Current: 10425.47818171556 is not greater than 10425.510246714999. Delta is -0.032064999439171515
Model is not converging.  Current: 10327.486811928222 is not greater than 10327.492172514847. Delta is -0.00536058662510186
Model is not converging.  Current: 10425.324999509114 is not greater than 10425.35533343506. Delta is -0.03033392594625184
Model is not converging.  Current: 10425.283466943543 is not greater than 10425.30634071537. Delta is -0.022873771826198208
Model is not converging.  Current: 10327.110031947539 is not greater than 10327.110290879355. Delta is -0.0002589318155514775
Model is not converging.  Current: 10425.324999509114 is not greater than 10425.35533343506. Delta is -0.03033392594625184
Model is not converging.  Current: 10425.283466943543 is not greater than 10425.30634071537. Delta is -0.022873771826198208
Model is not converging.  Current: 10327.104354036877 is not greater than 10327.10827804018. Delta is -0.003924003302017809
Model is not converging.  Current: 10327.486811928498 is not greater than 10327.492172514481. Delta is -0.0053605859829986
Model is not converging.  Current: 10327.110031947092 is not greater than 10327.110290878785. Delta is -0.00025893169367918745
Model is not converging.  Current: 10327.304006142293 is not greater than 10327.337226712594. Delta is -0.033220570301637053
Model is not converging.  Current: 10327.486811928318 is not greater than 10327.492172514376. Delta is -0.005360586057577166
Model is not converging.  Current: 10327.110031947092 is not greater than 10327.110290878785. Delta is -0.00025893169367918745
Model is not converging.  Current: 10327.104354036877 is not greater than 10327.10827804018. Delta is -0.003924003302017809
Model is not converging.  Current: 10327.304006142293 is not greater than 10327.337226712594. Delta is -0.033220570301637053
Model is not converging.  Current: 10327.104354036877 is not greater than 10327.10827804018. Delta is -0.003924003302017809
Model is not converging.  Current: 10327.304006142293 is not greater than 10327.337226712594. Delta is -0.033220570301637053
Model is not converging.  Current: 10395.465410456276 is not greater than 10395.465464400324. Delta is -5.394404797698371e-05
Model is not converging.  Current: 10394.22449234565 is not greater than 10394.224782759233. Delta is -0.00029041358357062563
Model is not converging.  Current: 10395.458214664794 is not greater than 10395.458331908683. Delta is -0.00011724388969014399
Model is not converging.  Current: 10394.224508685922 is not greater than 10394.224799073074. Delta is -0.0002903871518356027
Model is not converging.  Current: 10394.224709759997 is not greater than 10394.224823755094. Delta is -0.00011399509639886674
Model is not converging.  Current: 10395.465410456276 is not greater than 10395.465464400324. Delta is -5.394404797698371e-05
Model is not converging.  Current: 10394.22449234509 is not greater than 10394.224782759451. Delta is -0.00029041436027910095
Model is not converging.  Current: 10311.03470993983 is not greater than 10311.050083656486. Delta is -0.015373716656540637
Model is not converging.  Current: 10395.458214664794 is not greater than 10395.458331908683. Delta is -0.00011724388969014399
Model is not converging.  Current: 10311.033735635807 is not greater than 10311.039274859453. Delta is -0.005539223646337632
Model is not converging.  Current: 10395.4654104567 is not greater than 10395.465464400157. Delta is -5.394345680542756e-05
Model is not converging.  Current: 10310.920614010049 is not greater than 10310.921832626029. Delta is -0.0012186159801785834
Model is not converging.  Current: 10394.224508685738 is not greater than 10394.224799072552. Delta is -0.00029038681350357365
Model is not converging.  Current: 10394.22449234565 is not greater than 10394.224782759233. Delta is -0.00029041358357062563
Model is not converging.  Current: 10311.03031617778 is not greater than 10311.045035792866. Delta is -0.014719615086505655
Model is not converging.  Current: 10395.465410456276 is not greater than 10395.465464400324. Delta is -5.394404797698371e-05
Model is not converging.  Current: 10394.224709759997 is not greater than 10394.224823755094. Delta is -0.00011399509639886674
Model is not converging.  Current: 10395.458214664794 is not greater than 10395.458331908683. Delta is -0.00011724388969014399
Model is not converging.  Current: 10394.224492345818 is not greater than 10394.22478275984. Delta is -0.0002904140219470719
Model is not converging.  Current: 10311.037318122535 is not greater than 10311.040053488376. Delta is -0.0027353658406354953
Model is not converging.  Current: 10394.224508685738 is not greater than 10394.224799072552. Delta is -0.00029038681350357365
Model is not converging.  Current: 10395.458214664794 is not greater than 10395.458331908683. Delta is -0.00011724388969014399
Model is not converging.  Current: 10394.224508685333 is not greater than 10394.224799072257. Delta is -0.00029038692446192726
Model is not converging.  Current: 10311.034709938434 is not greater than 10311.050083655626. Delta is -0.015373717191323522
Model is not converging.  Current: 10394.224709759997 is not greater than 10394.224823755094. Delta is -0.00011399509639886674
Model is not converging.  Current: 10311.033735635807 is not greater than 10311.039274859453. Delta is -0.005539223646337632
Model is not converging.  Current: 10201.826781217855 is not greater than 10201.829424613135. Delta is -0.002643395280756522
Model is not converging.  Current: 10394.224709759997 is not greater than 10394.224823755094. Delta is -0.00011399509639886674
Model is not converging.  Current: 10310.920614010478 is not greater than 10310.92183262585. Delta is -0.0012186153726361226
Model is not converging.  Current: 10201.827386493464 is not greater than 10201.829480226063. Delta is -0.002093732598950737
Model is not converging.  Current: 10311.034709938434 is not greater than 10311.050083655626. Delta is -0.015373717191323522
Model is not converging.  Current: 10311.03031617778 is not greater than 10311.045035792866. Delta is -0.014719615086505655
Model is not converging.  Current: 10311.03373563631 is not greater than 10311.039274860286. Delta is -0.005539223975574714
Model is not converging.  Current: 10311.034709938434 is not greater than 10311.050083655626. Delta is -0.015373717191323522
Model is not converging.  Current: 10201.827368390834 is not greater than 10201.830343745234. Delta is -0.0029753544004051946
Model is not converging.  Current: 10310.920614010047 is not greater than 10310.921832625636. Delta is -0.0012186155890958617
Model is not converging.  Current: 10311.037318122535 is not greater than 10311.040053488376. Delta is -0.0027353658406354953
Model is not converging.  Current: 10311.033735635807 is not greater than 10311.039274859453. Delta is -0.005539223646337632
Model is not converging.  Current: 10201.826987407536 is not greater than 10201.829671451502. Delta is -0.00268404396592814
Model is not converging.  Current: 10311.03031617778 is not greater than 10311.045035792866. Delta is -0.014719615086505655
Model is not converging.  Current: 10310.920614010049 is not greater than 10310.921832626029. Delta is -0.0012186159801785834
Model is not converging.  Current: 10311.037318122535 is not greater than 10311.040053488376. Delta is -0.0027353658406354953
Model is not converging.  Current: 10311.03031617778 is not greater than 10311.045035792866. Delta is -0.014719615086505655
Model is not converging.  Current: 10201.826781217855 is not greater than 10201.829424613135. Delta is -0.002643395280756522
Model is not converging.  Current: 10201.827386493464 is not greater than 10201.829480226063. Delta is -0.002093732598950737
Model is not converging.  Current: 10311.037318122535 is not greater than 10311.040053488376. Delta is -0.0027353658406354953
Model is not converging.  Current: 10091.318222132146 is not greater than 10091.318225349489. Delta is -3.2173429644899443e-06
Model is not converging.  Current: 10091.31822623178 is not greater than 10091.318229934015. Delta is -3.7022346077719703e-06
Model is not converging.  Current: 10201.826781217855 is not greater than 10201.829424613135. Delta is -0.002643395280756522
Model is not converging.  Current: 10201.827368390834 is not greater than 10201.830343745234. Delta is -0.0029753544004051946
Model is not converging.  Current: 10201.827386493464 is not greater than 10201.829480226063. Delta is -0.002093732598950737
Model is not converging.  Current: 10201.826987407536 is not greater than 10201.829671451502. Delta is -0.00268404396592814
Model is not converging.  Current: 10201.826781219284 is not greater than 10201.8294246138. Delta is -0.002643394514961983
Model is not converging.  Current: 10091.318227555375 is not greater than 10091.31823179186. Delta is -4.236484528519213e-06
Model is not converging.  Current: 10201.827386493464 is not greater than 10201.829480226063. Delta is -0.002093732598950737
Model is not converging.  Current: 10201.827368390834 is not greater than 10201.830343745234. Delta is -0.0029753544004051946
Model is not converging.  Current: 10091.318227992999 is not greater than 10091.318231761457. Delta is -3.7684585549868643e-06
Model is not converging.  Current: 10201.826987407536 is not greater than 10201.829671451502. Delta is -0.00268404396592814
Model is not converging.  Current: 10091.318222132784 is not greater than 10091.318225350738. Delta is -3.2179541449295357e-06
Model is not converging.  Current: 10201.827368390834 is not greater than 10201.830343745234. Delta is -0.0029753544004051946
Model is not converging.  Current: 10091.318226231067 is not greater than 10091.31822993391. Delta is -3.7028421502327546e-06
Model is not converging.  Current: 10201.826987407536 is not greater than 10201.829671451502. Delta is -0.00268404396592814
Model is not converging.  Current: 10091.318222132146 is not greater than 10091.318225349489. Delta is -3.2173429644899443e-06
Model is not converging.  Current: 10091.318227555375 is not greater than 10091.31823179186. Delta is -4.236484528519213e-06
Model is not converging.  Current: 10091.318222132146 is not greater than 10091.318225349489. Delta is -3.2173429644899443e-06
Model is not converging.  Current: 10091.318226231067 is not greater than 10091.31822993391. Delta is -3.7028421502327546e-06
Model is not converging.  Current: 10091.318227992428 is not greater than 10091.318231761079. Delta is -3.76865136786364e-06
Model is not converging.  Current: 10091.318226231067 is not greater than 10091.31822993391. Delta is -3.7028421502327546e-06
Model is not converging.  Current: 10091.318227554622 is not greater than 10091.318231791623. Delta is -4.23700112150982e-06
Model is not converging.  Current: 10091.318227555375 is not greater than 10091.31823179186. Delta is -4.236484528519213e-06
Model is not converging.  Current: 10091.318227992999 is not greater than 10091.318231761457. Delta is -3.7684585549868643e-06
Model is not converging.  Current: 10091.318227992428 is not greater than 10091.318231761079. Delta is -3.76865136786364e-06
Model is not converging.  Current: 9890.366712686478 is not greater than 9890.367085117849. Delta is -0.00037243137012410443
Model is not converging.  Current: 9890.371776518867 is not greater than 9890.373501682168. Delta is -0.001725163301671273
Model is not converging.  Current: 9890.37581423176 is not greater than 9890.376087940323. Delta is -0.0002737085633270908
Model is not converging.  Current: 9890.377130320605 is not greater than 9890.378460940685. Delta is -0.0013306200798979262
Model is not converging.  Current: 9890.366712686478 is not greater than 9890.367085117849. Delta is -0.00037243137012410443
Model is not converging.  Current: 9890.371776518867 is not greater than 9890.373501682168. Delta is -0.001725163301671273
Model is not converging.  Current: 9890.37581423176 is not greater than 9890.376087940323. Delta is -0.0002737085633270908
Model is not converging.  Current: 9890.366712686478 is not greater than 9890.367085117849. Delta is -0.00037243137012410443
Model is not converging.  Current: 9890.366712686478 is not greater than 9890.367085117849. Delta is -0.00037243137012410443
Model is not converging.  Current: 9890.371776518476 is not greater than 9890.37350168134. Delta is -0.0017251628651138162
Model is not converging.  Current: 9890.377130320605 is not greater than 9890.378460940685. Delta is -0.0013306200798979262
Model is not converging.  Current: 9890.371776518867 is not greater than 9890.373501682168. Delta is -0.001725163301671273
Model is not converging.  Current: 9890.37581423176 is not greater than 9890.376087940323. Delta is -0.0002737085633270908
Model is not converging.  Current: 9890.37581423176 is not greater than 9890.376087940323. Delta is -0.0002737085633270908
Model is not converging.  Current: 9890.377130320605 is not greater than 9890.378460940685. Delta is -0.0013306200798979262
Model is not converging.  Current: 9890.377130320605 is not greater than 9890.378460940685. Delta is -0.0013306200798979262
Model is not converging.  Current: 9822.780111709388 is not greater than 9822.780114054036. Delta is -2.3446482373401523e-06
Model is not converging.  Current: 9822.780114193223 is not greater than 9822.780116073482. Delta is -1.8802584236254916e-06
Model is not converging.  Current: 9822.780111709388 is not greater than 9822.780114054036. Delta is -2.3446482373401523e-06
Model is not converging.  Current: 9822.780114193223 is not greater than 9822.780116073482. Delta is -1.8802584236254916e-06
Model is not converging.  Current: 9822.780111709526 is not greater than 9822.780114054072. Delta is -2.3445463739335537e-06
Model is not converging.  Current: 9822.780111709526 is not greater than 9822.780114054072. Delta is -2.3445463739335537e-06
Model is not converging.  Current: 9822.780114193223 is not greater than 9822.780116073482. Delta is -1.8802584236254916e-06
Model is not converging.  Current: 9822.780114193223 is not greater than 9822.780116073482. Delta is -1.8802584236254916e-06
Model is not converging.  Current: 9668.929119903132 is not greater than 9668.932844719231. Delta is -0.003724816098838346
Model is not converging.  Current: 9668.82981746025 is not greater than 9668.839882060523. Delta is -0.010064600273835822
Model is not converging.  Current: 9669.064696504885 is not greater than 9669.091075841667. Delta is -0.02637933678124682
Model is not converging.  Current: 9668.929119904526 is not greater than 9668.932844720177. Delta is -0.003724815651366953
Model is not converging.  Current: 9669.378814714895 is not greater than 9669.402355881939. Delta is -0.023541167043731548
Model is not converging.  Current: 9668.82981746025 is not greater than 9668.839882060523. Delta is -0.010064600273835822
Model is not converging.  Current: 9669.064696504885 is not greater than 9669.091075841667. Delta is -0.02637933678124682
Model is not converging.  Current: 9669.378814714895 is not greater than 9669.402355881939. Delta is -0.023541167043731548
Model is not converging.  Current: 9668.929119903132 is not greater than 9668.932844719231. Delta is -0.003724816098838346
Model is not converging.  Current: 9668.929119904167 is not greater than 9668.932844719224. Delta is -0.003724815056557418
Model is not converging.  Current: 9668.82981746025 is not greater than 9668.839882060523. Delta is -0.010064600273835822
Model is not converging.  Current: 9668.82981746025 is not greater than 9668.839882060523. Delta is -0.010064600273835822
Model is not converging.  Current: 9669.06469650554 is not greater than 9669.091075841487. Delta is -0.026379335946330684
Model is not converging.  Current: 9669.0646965045 is not greater than 9669.091075840794. Delta is -0.02637933629375766
Model is not converging.  Current: 9669.378814714895 is not greater than 9669.402355881939. Delta is -0.023541167043731548
Model is not converging.  Current: 9669.378814714895 is not greater than 9669.402355881939. Delta is -0.023541167043731548
Model is not converging.  Current: 9623.761125688594 is not greater than 9623.911196690113. Delta is -0.15007100151888153
Model is not converging.  Current: 9623.8604759556 is not greater than 9624.035229082052. Delta is -0.17475312645183294
Model is not converging.  Current: 9623.761125688594 is not greater than 9623.911196690113. Delta is -0.15007100151888153
Model is not converging.  Current: 9624.041817698373 is not greater than 9624.235193711338. Delta is -0.19337601296501816
Model is not converging.  Current: 9623.8604759556 is not greater than 9624.035229082052. Delta is -0.17475312645183294
Model is not converging.  Current: 9624.168918314588 is not greater than 9624.29237279932. Delta is -0.12345448473206488
Model is not converging.  Current: 9624.041817698258 is not greater than 9624.235193710698. Delta is -0.19337601243933022
Model is not converging.  Current: 9534.936355233871 is not greater than 9534.957012883644. Delta is -0.02065764977305662
Model is not converging.  Current: 9624.168918314588 is not greater than 9624.29237279932. Delta is -0.12345448473206488
Model is not converging.  Current: 9535.2080430417 is not greater than 9535.298525932178. Delta is -0.09048289047677827
Model is not converging.  Current: 9623.761125688594 is not greater than 9623.911196690113. Delta is -0.15007100151888153
Model is not converging.  Current: 9535.359182828384 is not greater than 9535.427897325. Delta is -0.06871449661593942
Model is not converging.  Current: 9623.8604759556 is not greater than 9624.035229082052. Delta is -0.17475312645183294
Model is not converging.  Current: 9534.936355233871 is not greater than 9534.957012883644. Delta is -0.02065764977305662
Model is not converging.  Current: 9623.761125688594 is not greater than 9623.911196690113. Delta is -0.15007100151888153
Model is not converging.  Current: 9535.36321572146 is not greater than 9535.419714713818. Delta is -0.05649899235868361
Model is not converging.  Current: 9535.2080430417 is not greater than 9535.298525932178. Delta is -0.09048289047677827
Model is not converging.  Current: 9623.8604759556 is not greater than 9624.035229082052. Delta is -0.17475312645183294
Model is not converging.  Current: 9624.041817698373 is not greater than 9624.235193711338. Delta is -0.19337601296501816
Model is not converging.  Current: 9535.3591828283 is not greater than 9535.427897324664. Delta is -0.0687144963630999
Model is not converging.  Current: 9624.168918314477 is not greater than 9624.292372799162. Delta is -0.12345448468477116
Model is not converging.  Current: 9624.041817698373 is not greater than 9624.235193711338. Delta is -0.19337601296501816
Model is not converging.  Current: 9535.363215722531 is not greater than 9535.41971471467. Delta is -0.05649899213858589
Model is not converging.  Current: 9624.16891831405 is not greater than 9624.292372799537. Delta is -0.12345448548694549
Model is not converging.  Current: 9467.381477104047 is not greater than 9467.384233713132. Delta is -0.0027566090848267777
Model is not converging.  Current: 9534.936355233871 is not greater than 9534.957012883644. Delta is -0.02065764977305662
Model is not converging.  Current: 9467.40421261018 is not greater than 9467.41267000101. Delta is -0.008457390829789802
Model is not converging.  Current: 9535.208043041246 is not greater than 9535.298525930903. Delta is -0.09048288965641405
Model is not converging.  Current: 9534.936355233871 is not greater than 9534.957012883644. Delta is -0.02065764977305662
Model is not converging.  Current: 9467.486116109521 is not greater than 9467.489873377046. Delta is -0.0037572675246337894
Model is not converging.  Current: 9535.208043041246 is not greater than 9535.298525930903. Delta is -0.09048288965641405
Model is not converging.  Current: 9467.381477104047 is not greater than 9467.384233713132. Delta is -0.0027566090848267777
Model is not converging.  Current: 9535.359182828299 is not greater than 9535.427897324576. Delta is -0.0687144962776074
Model is not converging.  Current: 9535.363215722531 is not greater than 9535.41971471467. Delta is -0.05649899213858589
Model is not converging.  Current: 9535.359182827811 is not greater than 9535.427897324435. Delta is -0.06871449662321538
Model is not converging.  Current: 9467.40421261018 is not greater than 9467.41267000101. Delta is -0.008457390829789802
Model is not converging.  Current: 9195.306156092443 is not greater than 9195.361849435592. Delta is -0.055693343148959684
Model is not converging.  Current: 9535.363215722207 is not greater than 9535.419714714248. Delta is -0.05649899204036046
Model is not converging.  Current: 9467.486116109567 is not greater than 9467.489873377115. Delta is -0.0037572675482806517
Model is not converging.  Current: 9195.023475377235 is not greater than 9195.168526001373. Delta is -0.14505062413809355
Model is not converging.  Current: 9194.542184065185 is not greater than 9194.542327449528. Delta is -0.00014338434266392142
Model is not converging.  Current: 9195.145014650543 is not greater than 9195.212715184483. Delta is -0.06770053394029674
Model is not converging.  Current: 9467.381477104047 is not greater than 9467.384233713132. Delta is -0.0027566090848267777
Model is not converging.  Current: 9195.085466145769 is not greater than 9195.257050701668. Delta is -0.17158455589924415
Model is not converging.  Current: 9195.30615609313 is not greater than 9195.361849436082. Delta is -0.05569334295250883
Model is not converging.  Current: 9467.381477104047 is not greater than 9467.384233713132. Delta is -0.0027566090848267777
Model is not converging.  Current: 9467.40421261018 is not greater than 9467.41267000101. Delta is -0.008457390829789802
Model is not converging.  Current: 9195.023475377235 is not greater than 9195.168526001373. Delta is -0.14505062413809355
Model is not converging.  Current: 9194.542184064434 is not greater than 9194.542327449006. Delta is -0.00014338457185658626
Model is not converging.  Current: 9467.40421261007 is not greater than 9467.412670001102. Delta is -0.008457391031697625
Model is not converging.  Current: 9467.48611611015 is not greater than 9467.489873377659. Delta is -0.003757267508262885
Model is not converging.  Current: 9100.009109461565 is not greater than 9100.105529205743. Delta is -0.09641974417718302
Model is not converging.  Current: 9195.145014650543 is not greater than 9195.212715184483. Delta is -0.06770053394029674
Model is not converging.  Current: 9099.7528452967 is not greater than 9099.912620947185. Delta is -0.15977565048524411
Model is not converging.  Current: 9195.085466146216 is not greater than 9195.257050701535. Delta is -0.17158455531898653
Model is not converging.  Current: 9467.486116109567 is not greater than 9467.489873377115. Delta is -0.0037572675482806517
Model is not converging.  Current: 9099.139841205246 is not greater than 9099.14003686911. Delta is -0.00019566386436054017
Model is not converging.  Current: 9099.930369695627 is not greater than 9099.938518715919. Delta is -0.008149020291966735
Model is not converging.  Current: 9195.306156092443 is not greater than 9195.361849435592. Delta is -0.055693343148959684
Model is not converging.  Current: 9195.023475377906 is not greater than 9195.168526001442. Delta is -0.14505062353600806
Model is not converging.  Current: 9099.833369941129 is not greater than 9100.012627529059. Delta is -0.17925758792989654
Model is not converging.  Current: 9194.542184064434 is not greater than 9194.542327449006. Delta is -0.00014338457185658626
Model is not converging.  Current: 9100.009109461493 is not greater than 9100.1055292055. Delta is -0.096419744008017
Model is not converging.  Current: 9195.306156093227 is not greater than 9195.361849435689. Delta is -0.05569334246138169
Model is not converging.  Current: 9195.14501465052 is not greater than 9195.21271518405. Delta is -0.06770053353102412
Model is not converging.  Current: 9195.023475377235 is not greater than 9195.168526001373. Delta is -0.14505062413809355
Model is not converging.  Current: 9099.752845296884 is not greater than 9099.912620946345. Delta is -0.15977564946115308
Model is not converging.  Current: 9195.085466146216 is not greater than 9195.257050701535. Delta is -0.17158455531898653
Model is not converging.  Current: 9194.542184064434 is not greater than 9194.542327449006. Delta is -0.00014338457185658626
Model is not converging.  Current: 9093.052550339371 is not greater than 9093.26912082712. Delta is -0.21657048774977739
Model is not converging.  Current: 9099.139841205344 is not greater than 9099.14003686926. Delta is -0.00019566391529224347
Model is not converging.  Current: 9195.145014650543 is not greater than 9195.212715184483. Delta is -0.06770053394029674
Model is not converging.  Current: 9093.003849993593 is not greater than 9093.172237619643. Delta is -0.16838762605038937
Model is not converging.  Current: 9099.930369695818 is not greater than 9099.938518715371. Delta is -0.008149019553457038
Model is not converging.  Current: 9195.085466146216 is not greater than 9195.257050701535. Delta is -0.17158455531898653
Model is not converging.  Current: 9099.833369941154 is not greater than 9100.012627529097. Delta is -0.17925758794262947
Model is not converging.  Current: 9100.009109461827 is not greater than 9100.105529205826. Delta is -0.09641974399892206
Model is not converging.  Current: 9092.945491823131 is not greater than 9093.155141168621. Delta is -0.2096493454901065
Model is not converging.  Current: 9099.752845296884 is not greater than 9099.912620946345. Delta is -0.15977564946115308
Model is not converging.  Current: 9099.139841205166 is not greater than 9099.140036869254. Delta is -0.0001956640880962368
Model is not converging.  Current: 9093.149570391892 is not greater than 9093.180964242703. Delta is -0.031393850811582524
Model is not converging.  Current: 9100.009109461827 is not greater than 9100.105529205826. Delta is -0.09641974399892206
Model is not converging.  Current: 9093.052550339371 is not greater than 9093.26912082712. Delta is -0.21657048774977739
Model is not converging.  Current: 9099.930369695818 is not greater than 9099.938518715371. Delta is -0.008149019553457038
Model is not converging.  Current: 9099.75284529699 is not greater than 9099.91262094674. Delta is -0.1597756497503724
Model is not converging.  Current: 9093.003849993593 is not greater than 9093.172237619643. Delta is -0.16838762605038937
Model is not converging.  Current: 9099.833369941129 is not greater than 9100.012627529059. Delta is -0.17925758792989654
Model is not converging.  Current: 9099.139841205246 is not greater than 9099.14003686911. Delta is -0.00019566386436054017
Model is not converging.  Current: 9099.930369695627 is not greater than 9099.938518715919. Delta is -0.008149020291966735
Model is not converging.  Current: 9065.618415255381 is not greater than 9065.697178824881. Delta is -0.07876356949964247
Model is not converging.  Current: 9092.945491822971 is not greater than 9093.155141168536. Delta is -0.20964934556468506
Model is not converging.  Current: 9099.833369941154 is not greater than 9100.012627529097. Delta is -0.17925758794262947
Model is not converging.  Current: 9065.416662942178 is not greater than 9065.608576369326. Delta is -0.19191342714839266
Model is not converging.  Current: 9093.149570391854 is not greater than 9093.180964242529. Delta is -0.03139385067515832
Model is not converging.  Current: 9064.851057230364 is not greater than 9064.85169512829. Delta is -0.0006378979269356932
Model is not converging.  Current: 9093.052550339371 is not greater than 9093.26912082712. Delta is -0.21657048774977739
Model is not converging.  Current: 9093.003849993593 is not greater than 9093.172237619643. Delta is -0.16838762605038937
Model is not converging.  Current: 9065.369849778854 is not greater than 9065.612027099725. Delta is -0.24217732087163313
Model is not converging.  Current: 9061.023058570498 is not greater than 9061.244482040898. Delta is -0.22142347040062305
Model is not converging.  Current: 9093.052550339371 is not greater than 9093.26912082712. Delta is -0.21657048774977739
Model is not converging.  Current: 9092.945491822971 is not greater than 9093.155141168536. Delta is -0.20964934556468506
Model is not converging.  Current: 9065.618415254965 is not greater than 9065.697178824823. Delta is -0.07876356985798338
Model is not converging.  Current: 9093.003849993593 is not greater than 9093.172237619643. Delta is -0.16838762605038937
Model is not converging.  Current: 9093.149570391892 is not greater than 9093.180964242703. Delta is -0.031393850811582524
Model is not converging.  Current: 9065.416662942373 is not greater than 9065.608576369443. Delta is -0.1919134270701761
Model is not converging.  Current: 9064.851057230364 is not greater than 9064.85169512829. Delta is -0.0006378979269356932
Model is not converging.  Current: 9092.945491823131 is not greater than 9093.155141168621. Delta is -0.2096493454901065
Model is not converging.  Current: 9119.612738838161 is not greater than 9119.822673711187. Delta is -0.2099348730262136
Model is not converging.  Current: 9065.369849778972 is not greater than 9065.612027099534. Delta is -0.24217732056240493
Model is not converging.  Current: 9093.149570391553 is not greater than 9093.180964242243. Delta is -0.031393850689710234
Model is not converging.  Current: 9119.988585863503 is not greater than 9120.137016256343. Delta is -0.1484303928409645
Model is not converging.  Current: 9061.023058570498 is not greater than 9061.244482040898. Delta is -0.22142347040062305
Model is not converging.  Current: 9065.618415255252 is not greater than 9065.69717882511. Delta is -0.07876356985798338
Model is not converging.  Current: 9065.416662942464 is not greater than 9065.608576369188. Delta is -0.19191342672456813
Model is not converging.  Current: 9119.993703908724 is not greater than 9120.24153656831. Delta is -0.2478326595864928
Model is not converging.  Current: 9064.851057230364 is not greater than 9064.85169512829. Delta is -0.0006378979269356932
Model is not converging.  Current: 9120.180749617131 is not greater than 9120.240989375723. Delta is -0.06023975859170605
Model is not converging.  Current: 9065.369849778972 is not greater than 9065.612027099534. Delta is -0.24217732056240493
Model is not converging.  Current: 9065.618415255252 is not greater than 9065.69717882511. Delta is -0.07876356985798338
Model is not converging.  Current: 9061.023058570498 is not greater than 9061.244482040898. Delta is -0.22142347040062305
Model is not converging.  Current: 9119.612738838256 is not greater than 9119.822673711815. Delta is -0.2099348735591775
Model is not converging.  Current: 9065.41666294264 is not greater than 9065.608576369403. Delta is -0.1919134267627669
Model is not converging.  Current: 9119.988585863357 is not greater than 9120.137016256624. Delta is -0.148430393266608
Model is not converging.  Current: 9064.851057230364 is not greater than 9064.85169512829. Delta is -0.0006378979269356932
Model is not converging.  Current: 9138.21805167931 is not greater than 9138.547495628287. Delta is -0.3294439489764045
Model is not converging.  Current: 9065.369849779825 is not greater than 9065.612027099372. Delta is -0.24217731954740884
Model is not converging.  Current: 9138.007395994264 is not greater than 9138.049034435933. Delta is -0.04163844166941999
Model is not converging.  Current: 9119.993703908685 is not greater than 9120.241536568077. Delta is -0.24783265939186094
Model is not converging.  Current: 9061.023058570498 is not greater than 9061.244482040898. Delta is -0.22142347040062305
Model is not converging.  Current: 9119.612738838256 is not greater than 9119.822673711815. Delta is -0.2099348735591775
Model is not converging.  Current: 9120.180749617131 is not greater than 9120.240989375723. Delta is -0.06023975859170605
Model is not converging.  Current: 9119.988585863357 is not greater than 9120.137016256624. Delta is -0.148430393266608
Model is not converging.  Current: 9138.185067940145 is not greater than 9138.317449355683. Delta is -0.13238141553847527
Model is not converging.  Current: 9138.234456447766 is not greater than 9138.439849088012. Delta is -0.2053926402459183
Model is not converging.  Current: 9119.993703908685 is not greater than 9120.241536568077. Delta is -0.24783265939186094
Model is not converging.  Current: 9119.612738838161 is not greater than 9119.822673711187. Delta is -0.2099348730262136
Model is not converging.  Current: 9120.180749618015 is not greater than 9120.240989375461. Delta is -0.060239757445742725
Model is not converging.  Current: 9138.21805167931 is not greater than 9138.547495628287. Delta is -0.3294439489764045
Model is not converging.  Current: 9119.988585863503 is not greater than 9120.137016256343. Delta is -0.1484303928409645
Model is not converging.  Current: 9138.007395994355 is not greater than 9138.049034436412. Delta is -0.04163844205686473
Model is not converging.  Current: 9106.277781870742 is not greater than 9106.400755439667. Delta is -0.12297356892486278
Model is not converging.  Current: 9119.993703908685 is not greater than 9120.241536568077. Delta is -0.24783265939186094
Model is not converging.  Current: 9138.185067940145 is not greater than 9138.317449355683. Delta is -0.13238141553847527
Model is not converging.  Current: 9104.824302875079 is not greater than 9104.848583528637. Delta is -0.024280653558889753
Model is not converging.  Current: 9120.180749618015 is not greater than 9120.240989375461. Delta is -0.060239757445742725
Model is not converging.  Current: 9138.21805167931 is not greater than 9138.547495628287. Delta is -0.3294439489764045
Model is not converging.  Current: 9138.234456447766 is not greater than 9138.439849088012. Delta is -0.2053926402459183
Model is not converging.  Current: 9138.007395994355 is not greater than 9138.049034436412. Delta is -0.04163844205686473
Model is not converging.  Current: 9104.799386991574 is not greater than 9105.054014716741. Delta is -0.25462772516766563
Model is not converging.  Current: 9138.185067940145 is not greater than 9138.317449355683. Delta is -0.13238141553847527
Model is not converging.  Current: 9105.109101645254 is not greater than 9105.273967242287. Delta is -0.16486559703298553
Model is not converging.  Current: 9138.21805167931 is not greater than 9138.547495628287. Delta is -0.3294439489764045
Model is not converging.  Current: 9106.27778187061 is not greater than 9106.400755439461. Delta is -0.12297356885028421
Model is not converging.  Current: 9138.007395994355 is not greater than 9138.049034436412. Delta is -0.04163844205686473
Model is not converging.  Current: 9138.234456447766 is not greater than 9138.439849088012. Delta is -0.2053926402459183
Model is not converging.  Current: 9104.82430287547 is not greater than 9104.848583529101. Delta is -0.02428065363164933
Model is not converging.  Current: 9156.146027714067 is not greater than 9156.32469891476. Delta is -0.17867120069240627
Model is not converging.  Current: 9138.185067940207 is not greater than 9138.317449355667. Delta is -0.13238141546025872
Model is not converging.  Current: 9156.774524563329 is not greater than 9157.156243142708. Delta is -0.3817185793795943
Model is not converging.  Current: 9106.27778187061 is not greater than 9106.400755439461. Delta is -0.12297356885028421
Model is not converging.  Current: 9104.799386991574 is not greater than 9105.054014716741. Delta is -0.25462772516766563
Model is not converging.  Current: 9138.234456447766 is not greater than 9138.439849088012. Delta is -0.2053926402459183
Model is not converging.  Current: 9104.824302875079 is not greater than 9104.848583528637. Delta is -0.024280653558889753
Model is not converging.  Current: 9105.109101645503 is not greater than 9105.27396724197. Delta is -0.16486559646727983
Model is not converging.  Current: 9157.257809701998 is not greater than 9157.475133579192. Delta is -0.2173238771938486
Model is not converging.  Current: 9104.799386991777 is not greater than 9105.054014716925. Delta is -0.25462772514765675
Model is not converging.  Current: 9157.329543428963 is not greater than 9157.575948723656. Delta is -0.24640529469252215
Model is not converging.  Current: 9106.27778187061 is not greater than 9106.400755439461. Delta is -0.12297356885028421
Model is not converging.  Current: 9105.109101645254 is not greater than 9105.273967242287. Delta is -0.16486559703298553
Model is not converging.  Current: 9104.824302875079 is not greater than 9104.848583528637. Delta is -0.024280653558889753
Model is not converging.  Current: 9156.146027714172 is not greater than 9156.32469891497. Delta is -0.17867120079790766
Model is not converging.  Current: 9156.774524563378 is not greater than 9157.156243142133. Delta is -0.38171857875568094
Model is not converging.  Current: 9104.799386991574 is not greater than 9105.054014716741. Delta is -0.25462772516766563
Model is not converging.  Current: 9249.957310752598 is not greater than 9250.278617072267. Delta is -0.32130631966902
Model is not converging.  Current: 9157.257809701998 is not greater than 9157.475133579192. Delta is -0.2173238771938486
Model is not converging.  Current: 9156.146027714067 is not greater than 9156.32469891476. Delta is -0.17867120069240627
Model is not converging.  Current: 9105.109101645254 is not greater than 9105.273967242287. Delta is -0.16486559703298553
Model is not converging.  Current: 9251.28105339258 is not greater than 9251.404707631862. Delta is -0.12365423928167729
Model is not converging.  Current: 9156.774524563449 is not greater than 9157.156243142852. Delta is -0.38171857940324116
Model is not converging.  Current: 9157.329543428725 is not greater than 9157.575948723676. Delta is -0.24640529495081864
Model is not converging.  Current: 9250.126157621953 is not greater than 9250.52109054248. Delta is -0.3949329205261165
Model is not converging.  Current: 9157.257809701998 is not greater than 9157.475133579192. Delta is -0.2173238771938486
Model is not converging.  Current: 9156.146027714172 is not greater than 9156.32469891497. Delta is -0.17867120079790766
Model is not converging.  Current: 9249.11512113918 is not greater than 9249.151265319511. Delta is -0.03614418033066613
Model is not converging.  Current: 9156.774524563449 is not greater than 9157.156243142852. Delta is -0.38171857940324116
Model is not converging.  Current: 9249.957310752598 is not greater than 9250.278617072267. Delta is -0.32130631966902
Model is not converging.  Current: 9157.329543428963 is not greater than 9157.575948723656. Delta is -0.24640529469252215
Model is not converging.  Current: 9251.281053393272 is not greater than 9251.404707631964. Delta is -0.12365423869232472
Model is not converging.  Current: 9157.257809701998 is not greater than 9157.475133579192. Delta is -0.2173238771938486
Model is not converging.  Current: 9250.126157621953 is not greater than 9250.52109054248. Delta is -0.3949329205261165
Model is not converging.  Current: 9324.978903661247 is not greater than 9325.010261334646. Delta is -0.03135767339881568
Model is not converging.  Current: 9157.329543428132 is not greater than 9157.575948723294. Delta is -0.2464052951618214
Model is not converging.  Current: 9324.39208807535 is not greater than 9324.420033170414. Delta is -0.027945095063842018
Model is not converging.  Current: 9249.957310752448 is not greater than 9250.278617072434. Delta is -0.32130631998552417
Model is not converging.  Current: 9249.11512113918 is not greater than 9249.151265319511. Delta is -0.03614418033066613
Model is not converging.  Current: 9251.28105339258 is not greater than 9251.404707631862. Delta is -0.12365423928167729
Model is not converging.  Current: 9324.617919099363 is not greater than 9324.643902815491. Delta is -0.025983716128394008
Model is not converging.  Current: 9249.957310752598 is not greater than 9250.278617072267. Delta is -0.32130631966902
Model is not converging.  Current: 9250.126157621953 is not greater than 9250.52109054248. Delta is -0.3949329205261165
Model is not converging.  Current: 9320.879747841745 is not greater than 9320.920097643011. Delta is -0.040349801265620044
Model is not converging.  Current: 9251.28105339258 is not greater than 9251.404707631862. Delta is -0.12365423928167729
Model is not converging.  Current: 9324.978903661247 is not greater than 9325.010261334646. Delta is -0.03135767339881568
Model is not converging.  Current: 9249.11512113918 is not greater than 9249.151265319511. Delta is -0.03614418033066613
Model is not converging.  Current: 9324.39208807535 is not greater than 9324.420033170414. Delta is -0.027945095063842018
Model is not converging.  Current: 9250.126157622155 is not greater than 9250.521090542457. Delta is -0.3949329203023808
Model is not converging.  Current: 9249.11512113918 is not greater than 9249.151265319511. Delta is -0.03614418033066613
Model is not converging.  Current: 9324.617919099363 is not greater than 9324.643902815491. Delta is -0.025983716128394008
Model is not converging.  Current: 9324.978903661247 is not greater than 9325.010261334646. Delta is -0.03135767339881568
Model is not converging.  Current: 9320.879747841745 is not greater than 9320.920097643011. Delta is -0.040349801265620044
Model is not converging.  Current: 9324.392088075334 is not greater than 9324.420033170647. Delta is -0.027945095313043566
Model is not converging.  Current: 9324.978903661247 is not greater than 9325.010261334646. Delta is -0.03135767339881568
Model is not converging.  Current: 9324.617919099363 is not greater than 9324.643902815491. Delta is -0.025983716128394008
Model is not converging.  Current: 9324.39208807535 is not greater than 9324.420033170414. Delta is -0.027945095063842018
Model is not converging.  Current: 9320.879747841745 is not greater than 9320.920097643011. Delta is -0.040349801265620044
Model is not converging.  Current: 9324.61791909929 is not greater than 9324.643902815644. Delta is -0.025983716353948694
Model is not converging.  Current: 9320.879747841745 is not greater than 9320.920097643011. Delta is -0.040349801265620044
Model is not converging.  Current: 9600.32018830353 is not greater than 9600.359201727326. Delta is -0.03901342379504058
Model is not converging.  Current: 9600.338913163585 is not greater than 9600.388219762826. Delta is -0.04930659924139036
Model is not converging.  Current: 9600.328872094407 is not greater than 9600.37606837706. Delta is -0.04719628265229403
Model is not converging.  Current: 9600.32018830353 is not greater than 9600.359201727326. Delta is -0.03901342379504058
Model is not converging.  Current: 9656.439944828004 is not greater than 9656.482881106438. Delta is -0.04293627843435388
Model is not converging.  Current: 9600.338913163585 is not greater than 9600.388219762826. Delta is -0.04930659924139036
Model is not converging.  Current: 9600.328872094407 is not greater than 9600.37606837706. Delta is -0.04719628265229403
Model is not converging.  Current: 9600.32018830353 is not greater than 9600.359201727326. Delta is -0.03901342379504058
Model is not converging.  Current: 9656.470981864566 is not greater than 9656.484316783744. Delta is -0.013334919178305427
Model is not converging.  Current: 9600.32018830353 is not greater than 9600.359201727326. Delta is -0.03901342379504058
Model is not converging.  Current: 9656.472408036881 is not greater than 9656.497438843635. Delta is -0.02503080675342062
Model is not converging.  Current: 9600.338913163585 is not greater than 9600.388219762826. Delta is -0.04930659924139036
Model is not converging.  Current: 9656.439944828593 is not greater than 9656.482881106833. Delta is -0.042936278239722014
Model is not converging.  Current: 9600.338913163585 is not greater than 9600.388219762826. Delta is -0.04930659924139036
Model is not converging.  Current: 9600.328872094407 is not greater than 9600.37606837706. Delta is -0.04719628265229403
Model is not converging.  Current: 9600.328872094407 is not greater than 9600.37606837706. Delta is -0.04719628265229403
Model is not converging.  Current: 9584.299891176484 is not greater than 9584.332699183224. Delta is -0.03280800673928752
Model is not converging.  Current: 9656.470981864566 is not greater than 9656.484316783744. Delta is -0.013334919178305427
Model is not converging.  Current: 9656.472408036881 is not greater than 9656.497438843635. Delta is -0.02503080675342062
Model is not converging.  Current: 9584.441467008812 is not greater than 9584.541745006634. Delta is -0.10027799782255897
Model is not converging.  Current: 9656.43994482807 is not greater than 9656.482881106465. Delta is -0.0429362783961551
Model is not converging.  Current: 9656.43994482807 is not greater than 9656.482881106465. Delta is -0.0429362783961551
Model is not converging.  Current: 9584.459204970122 is not greater than 9584.541816439218. Delta is -0.08261146909535455
Model is not converging.  Current: 9584.299891177063 is not greater than 9584.332699183633. Delta is -0.032808006570121506
Model is not converging.  Current: 9656.470981864792 is not greater than 9656.484316784103. Delta is -0.013334919311091653
Model is not converging.  Current: 9656.47098186413 is not greater than 9656.484316784195. Delta is -0.013334920065972256
Model is not converging.  Current: 9581.615469525475 is not greater than 9581.630357018084. Delta is -0.014887492608977482
Model is not converging.  Current: 9656.4724080362 is not greater than 9656.497438843448. Delta is -0.025030807248185738
Model is not converging.  Current: 9656.472408036881 is not greater than 9656.497438843635. Delta is -0.02503080675342062
Model is not converging.  Current: 9584.441467008812 is not greater than 9584.541745006634. Delta is -0.10027799782255897
Model is not converging.  Current: 9582.098891449896 is not greater than 9582.24648194287. Delta is -0.14759049297390447
Model is not converging.  Current: 9584.459204969633 is not greater than 9584.541816439249. Delta is -0.08261146961558552
Model is not converging.  Current: 9584.29989117725 is not greater than 9584.332699183147. Delta is -0.03280800589709543
Model is not converging.  Current: 9582.22339235173 is not greater than 9582.258788280362. Delta is -0.035395928631260176
Model is not converging.  Current: 9584.299891176484 is not greater than 9584.332699183224. Delta is -0.03280800673928752
Model is not converging.  Current: 9582.152630487737 is not greater than 9582.278197508094. Delta is -0.1255670203572663
Model is not converging.  Current: 9581.615469525475 is not greater than 9581.630357018084. Delta is -0.014887492608977482
Model is not converging.  Current: 9584.441467008812 is not greater than 9584.541745006634. Delta is -0.10027799782255897
Model is not converging.  Current: 9582.098891449896 is not greater than 9582.24648194287. Delta is -0.14759049297390447
Model is not converging.  Current: 9584.441467008812 is not greater than 9584.541745006634. Delta is -0.10027799782255897
Model is not converging.  Current: 9584.459204969633 is not greater than 9584.541816439249. Delta is -0.08261146961558552
Model is not converging.  Current: 9589.893441005785 is not greater than 9590.041627904842. Delta is -0.14818689905769133
Model is not converging.  Current: 9584.459204969633 is not greater than 9584.541816439249. Delta is -0.08261146961558552
Model is not converging.  Current: 9582.22339235173 is not greater than 9582.258788280362. Delta is -0.035395928631260176
Model is not converging.  Current: 9589.652622335107 is not greater than 9589.760872849403. Delta is -0.10825051429674204
Model is not converging.  Current: 9581.615469525475 is not greater than 9581.630357018084. Delta is -0.014887492608977482
Model is not converging.  Current: 9582.152630487382 is not greater than 9582.278197507983. Delta is -0.12556702060101088
Model is not converging.  Current: 9581.615469525475 is not greater than 9581.630357018084. Delta is -0.014887492608977482
Model is not converging.  Current: 9582.098891449896 is not greater than 9582.24648194287. Delta is -0.14759049297390447
Model is not converging.  Current: 9589.893441006096 is not greater than 9590.041627904922. Delta is -0.14818689882667968
Model is not converging.  Current: 9589.517495228425 is not greater than 9589.74701510496. Delta is -0.22951987653505057
Model is not converging.  Current: 9582.09889144975 is not greater than 9582.246481943397. Delta is -0.14759049364693055
Model is not converging.  Current: 9589.652622334987 is not greater than 9589.760872848992. Delta is -0.10825051400570374
Model is not converging.  Current: 9589.595414906655 is not greater than 9589.794428508292. Delta is -0.19901360163748905
Model is not converging.  Current: 9582.22339235173 is not greater than 9582.258788280362. Delta is -0.035395928631260176
Model is not converging.  Current: 9582.22339235173 is not greater than 9582.258788280362. Delta is -0.035395928631260176
Model is not converging.  Current: 9582.152630487408 is not greater than 9582.27819750763. Delta is -0.12556702022266109
Model is not converging.  Current: 9582.152630487377 is not greater than 9582.278197507203. Delta is -0.1255670198261214
Model is not converging.  Current: 9589.517495228672 is not greater than 9589.747015105042. Delta is -0.22951987636952254
Model is not converging.  Current: 9611.289574196207 is not greater than 9611.30251592422. Delta is -0.012941728013174725
Model is not converging.  Current: 9589.893441005785 is not greater than 9590.041627904842. Delta is -0.14818689905769133
Model is not converging.  Current: 9612.074237764333 is not greater than 9612.331641820261. Delta is -0.25740405592841853
Model is not converging.  Current: 9589.595414906655 is not greater than 9589.794428508292. Delta is -0.19901360163748905
Model is not converging.  Current: 9589.893441006096 is not greater than 9590.041627904922. Delta is -0.14818689882667968
Model is not converging.  Current: 9589.652622335107 is not greater than 9589.760872849403. Delta is -0.10825051429674204
Model is not converging.  Current: 9589.652622335107 is not greater than 9589.760872849403. Delta is -0.10825051429674204
Model is not converging.  Current: 9611.289574197266 is not greater than 9611.30251592475. Delta is -0.012941727483848808
Model is not converging.  Current: 9612.295665783678 is not greater than 9612.51035890807. Delta is -0.2146931243914878
Model is not converging.  Current: 9589.517495228672 is not greater than 9589.747015105042. Delta is -0.22951987636952254
Model is not converging.  Current: 9589.517495228252 is not greater than 9589.747015104858. Delta is -0.22951987660599116
Model is not converging.  Current: 9612.07423776417 is not greater than 9612.331641819845. Delta is -0.25740405567376
Model is not converging.  Current: 9612.288910869407 is not greater than 9612.4948849195. Delta is -0.20597405009357317
Model is not converging.  Current: 9589.595414906655 is not greater than 9589.794428508292. Delta is -0.19901360163748905
Model is not converging.  Current: 9589.595414906655 is not greater than 9589.794428508292. Delta is -0.19901360163748905
Model is not converging.  Current: 9612.295665783678 is not greater than 9612.51035890807. Delta is -0.2146931243914878
Model is not converging.  Current: 9623.858404721932 is not greater than 9623.881879720355. Delta is -0.023474998422898352
Model is not converging.  Current: 9611.289574196207 is not greater than 9611.30251592422. Delta is -0.012941728013174725
Model is not converging.  Current: 9611.289574197266 is not greater than 9611.30251592475. Delta is -0.012941727483848808
Model is not converging.  Current: 9625.25253395839 is not greater than 9625.531946662906. Delta is -0.2794127045162895
Model is not converging.  Current: 9612.074237764687 is not greater than 9612.331641819675. Delta is -0.257404054988001
Model is not converging.  Current: 9612.288910869407 is not greater than 9612.4948849195. Delta is -0.20597405009357317
Model is not converging.  Current: 9612.074237764687 is not greater than 9612.331641819675. Delta is -0.257404054988001
Model is not converging.  Current: 9625.28612006258 is not greater than 9625.595675001512. Delta is -0.30955493893270614
Model is not converging.  Current: 9612.295665783678 is not greater than 9612.51035890807. Delta is -0.2146931243914878
Model is not converging.  Current: 9623.858404721932 is not greater than 9623.881879720355. Delta is -0.023474998422898352
Model is not converging.  Current: 9612.295665783678 is not greater than 9612.51035890807. Delta is -0.2146931243914878
Model is not converging.  Current: 9625.25253395839 is not greater than 9625.531946662906. Delta is -0.2794127045162895
Model is not converging.  Current: 9625.496059229612 is not greater than 9625.621519860446. Delta is -0.12546063083391346
Model is not converging.  Current: 9612.288910869407 is not greater than 9612.4948849195. Delta is -0.20597405009357317
Model is not converging.  Current: 9612.288910869407 is not greater than 9612.4948849195. Delta is -0.20597405009357317
Model is not converging.  Current: 9620.338279352078 is not greater than 9620.367077955065. Delta is -0.028798602987080812
Model is not converging.  Current: 9625.28612006226 is not greater than 9625.595675001054. Delta is -0.30955493879446294
Model is not converging.  Current: 9623.858404721874 is not greater than 9623.881879719853. Delta is -0.023474997979064938
Model is not converging.  Current: 9623.858404721874 is not greater than 9623.881879719853. Delta is -0.023474997979064938
Model is not converging.  Current: 9622.079778579024 is not greater than 9622.372287350567. Delta is -0.29250877154299815
Model is not converging.  Current: 9625.496059229612 is not greater than 9625.621519860446. Delta is -0.12546063083391346
Model is not converging.  Current: 9625.25253395884 is not greater than 9625.531946663405. Delta is -0.27941270456540224
Model is not converging.  Current: 9625.25253395884 is not greater than 9625.531946663405. Delta is -0.27941270456540224
Model is not converging.  Current: 9620.338279352078 is not greater than 9620.367077955065. Delta is -0.028798602987080812
Model is not converging.  Current: 9625.28612006226 is not greater than 9625.595675001054. Delta is -0.30955493879446294
Model is not converging.  Current: 9622.380842303462 is not greater than 9622.684366371786. Delta is -0.30352406832389534
Model is not converging.  Current: 9625.28612006226 is not greater than 9625.595675001054. Delta is -0.30955493879446294
Model is not converging.  Current: 9622.079778579166 is not greater than 9622.372287350721. Delta is -0.2925087715557311
Model is not converging.  Current: 9625.496059229723 is not greater than 9625.621519860813. Delta is -0.12546063109039096
Model is not converging.  Current: 9622.534150792742 is not greater than 9622.651918644027. Delta is -0.11776785128495249
Model is not converging.  Current: 9625.496059229723 is not greater than 9625.621519860813. Delta is -0.12546063109039096
Model is not converging.  Current: 9620.338279352041 is not greater than 9620.367077954521. Delta is -0.02879860247958277
Model is not converging.  Current: 9553.71854478852 is not greater than 9553.970612791676. Delta is -0.25206800315572764
Model is not converging.  Current: 9622.380842303462 is not greater than 9622.684366371786. Delta is -0.30352406832389534
Model is not converging.  Current: 9620.3382793519 is not greater than 9620.36707795496. Delta is -0.02879860305984039
Model is not converging.  Current: 9622.079778579166 is not greater than 9622.372287350721. Delta is -0.2925087715557311
Model is not converging.  Current: 9553.70171622055 is not greater than 9553.961581921005. Delta is -0.2598657004546112
Model is not converging.  Current: 9622.534150792742 is not greater than 9622.651918644027. Delta is -0.11776785128495249
Model is not converging.  Current: 9622.079778579024 is not greater than 9622.372287350567. Delta is -0.29250877154299815
Model is not converging.  Current: 9553.71854478852 is not greater than 9553.970612791676. Delta is -0.25206800315572764
Model is not converging.  Current: 9553.819334297346 is not greater than 9554.012380160068. Delta is -0.19304586272119195
Model is not converging.  Current: 9622.380842303313 is not greater than 9622.684366371715. Delta is -0.3035240684021119
Model is not converging.  Current: 9553.701716220276 is not greater than 9553.961581920194. Delta is -0.25986569991800934
Model is not converging.  Current: 9622.380842303864 is not greater than 9622.684366372356. Delta is -0.30352406849124236
Model is not converging.  Current: 9553.921248294379 is not greater than 9554.070433036883. Delta is -0.14918474250407598
Model is not converging.  Current: 9622.534150792742 is not greater than 9622.651918644027. Delta is -0.11776785128495249
Model is not converging.  Current: 9622.534150792742 is not greater than 9622.651918644027. Delta is -0.11776785128495249
Model is not converging.  Current: 9572.417128063402 is not greater than 9572.713828899161. Delta is -0.2967008357591112
Model is not converging.  Current: 9553.819334297346 is not greater than 9554.012380160068. Delta is -0.19304586272119195
Model is not converging.  Current: 9553.718544788842 is not greater than 9553.970612792047. Delta is -0.25206800320484035
Model is not converging.  Current: 9553.71854478852 is not greater than 9553.970612791676. Delta is -0.25206800315572764
Model is not converging.  Current: 9572.533735908544 is not greater than 9572.703150607409. Delta is -0.16941469886478444
Model is not converging.  Current: 9553.921248294379 is not greater than 9554.070433036883. Delta is -0.14918474250407598
Model is not converging.  Current: 9553.701716220276 is not greater than 9553.961581920194. Delta is -0.25986569991800934
Model is not converging.  Current: 9553.701716220276 is not greater than 9553.961581920194. Delta is -0.25986569991800934
Model is not converging.  Current: 9572.417128063402 is not greater than 9572.713828899161. Delta is -0.2967008357591112
Model is not converging.  Current: 9572.423203173475 is not greater than 9572.690701989142. Delta is -0.26749881566684053
Model is not converging.  Current: 9553.819334296873 is not greater than 9554.012380160018. Delta is -0.19304586314501648
Model is not converging.  Current: 9572.533735908502 is not greater than 9572.703150607756. Delta is -0.16941469925404817
Model is not converging.  Current: 9553.819334297346 is not greater than 9554.012380160068. Delta is -0.19304586272119195
Model is not converging.  Current: 9572.4213000333 is not greater than 9572.718337012237. Delta is -0.2970369789363758
Model is not converging.  Current: 9553.921248294655 is not greater than 9554.070433037485. Delta is -0.1491847428296751
Model is not converging.  Current: 9553.921248294655 is not greater than 9554.070433037485. Delta is -0.1491847428296751
Model is not converging.  Current: 9572.423203173475 is not greater than 9572.690701989142. Delta is -0.26749881566684053
Model is not converging.  Current: 9659.080258037107 is not greater than 9659.261905330675. Delta is -0.1816472935679485
Model is not converging.  Current: 9572.417128063402 is not greater than 9572.713828899161. Delta is -0.2967008357591112
Model is not converging.  Current: 9572.417128063402 is not greater than 9572.713828899161. Delta is -0.2967008357591112
Model is not converging.  Current: 9572.4213000333 is not greater than 9572.718337012237. Delta is -0.2970369789363758
Model is not converging.  Current: 9659.034441404534 is not greater than 9659.259543210737. Delta is -0.2251018062033836
Model is not converging.  Current: 9572.533735908502 is not greater than 9572.703150607756. Delta is -0.16941469925404817
Model is not converging.  Current: 9572.533735908502 is not greater than 9572.703150607756. Delta is -0.16941469925404817
Model is not converging.  Current: 9657.082431620945 is not greater than 9657.08517441829. Delta is -0.0027427973436715547
Model is not converging.  Current: 9659.080258037107 is not greater than 9659.261905330675. Delta is -0.1816472935679485
Model is not converging.  Current: 9659.006480979831 is not greater than 9659.258911808693. Delta is -0.2524308288611792
Model is not converging.  Current: 9572.423203173475 is not greater than 9572.690701989142. Delta is -0.26749881566684053
Model is not converging.  Current: 9572.423203173475 is not greater than 9572.690701989142. Delta is -0.26749881566684053
Model is not converging.  Current: 9659.034441404534 is not greater than 9659.259543210737. Delta is -0.2251018062033836
Model is not converging.  Current: 9658.88571541137 is not greater than 9659.242524724636. Delta is -0.3568093132653303
Model is not converging.  Current: 9572.4213000333 is not greater than 9572.718337012237. Delta is -0.2970369789363758
Model is not converging.  Current: 9657.082431620829 is not greater than 9657.0851744185. Delta is -0.0027427976710896473
Model is not converging.  Current: 9572.4213000333 is not greater than 9572.718337012237. Delta is -0.2970369789363758
Model is not converging.  Current: 9659.006480979842 is not greater than 9659.258911808285. Delta is -0.2524308284428116
Model is not converging.  Current: 9580.173474041569 is not greater than 9580.188983468266. Delta is -0.015509426697462914
Model is not converging.  Current: 9659.080258037107 is not greater than 9659.261905330675. Delta is -0.1816472935679485
Model is not converging.  Current: 9659.080258037107 is not greater than 9659.261905330675. Delta is -0.1816472935679485
Model is not converging.  Current: 9658.88571541137 is not greater than 9659.242524724636. Delta is -0.3568093132653303
Model is not converging.  Current: 9580.24698089575 is not greater than 9580.365224039415. Delta is -0.11824314366458566
Model is not converging.  Current: 9659.034441404534 is not greater than 9659.259543210737. Delta is -0.2251018062033836
Model is not converging.  Current: 9659.034441404534 is not greater than 9659.259543210737. Delta is -0.2251018062033836
Model is not converging.  Current: 9580.173474041581 is not greater than 9580.188983468068. Delta is -0.015509426486460143
Model is not converging.  Current: 9657.082431620945 is not greater than 9657.08517441829. Delta is -0.0027427973436715547
Model is not converging.  Current: 9657.082431620945 is not greater than 9657.08517441829. Delta is -0.0027427973436715547
Model is not converging.  Current: 9579.637958935464 is not greater than 9579.831157334556. Delta is -0.19319839909258008
Model is not converging.  Current: 9659.006480979831 is not greater than 9659.258911808693. Delta is -0.2524308288611792
Model is not converging.  Current: 9659.006480979831 is not greater than 9659.258911808693. Delta is -0.2524308288611792
Model is not converging.  Current: 9580.24698089555 is not greater than 9580.36522404002. Delta is -0.11824314447039797
Model is not converging.  Current: 9576.852313174115 is not greater than 9577.012134959326. Delta is -0.159821785211534
Model is not converging.  Current: 9658.88571541137 is not greater than 9659.242524724636. Delta is -0.3568093132653303
Model is not converging.  Current: 9658.88571541137 is not greater than 9659.242524724636. Delta is -0.3568093132653303
Model is not converging.  Current: 9776.11400989263 is not greater than 9776.176736496265. Delta is -0.06272660363538307
Model is not converging.  Current: 9579.637958935418 is not greater than 9579.831157334314. Delta is -0.19319839889612922
Model is not converging.  Current: 9580.173474041569 is not greater than 9580.188983468266. Delta is -0.015509426697462914
Model is not converging.  Current: 9580.173474041581 is not greater than 9580.188983468068. Delta is -0.015509426486460143
Model is not converging.  Current: 9775.364598615177 is not greater than 9775.52969327458. Delta is -0.16509465940362134
Model is not converging.  Current: 9576.852313174115 is not greater than 9577.012134959326. Delta is -0.159821785211534
Model is not converging.  Current: 9580.246980895761 is not greater than 9580.36522403972. Delta is -0.11824314395926194
Model is not converging.  Current: 9580.24698089575 is not greater than 9580.365224039415. Delta is -0.11824314366458566
Model is not converging.  Current: 9776.11400989263 is not greater than 9776.176736496265. Delta is -0.06272660363538307
Model is not converging.  Current: 9775.51748799485 is not greater than 9775.700907795042. Delta is -0.18341980019249604
Model is not converging.  Current: 9772.126191909574 is not greater than 9772.310217215425. Delta is -0.18402530585080967
Model is not converging.  Current: 9775.364598615874 is not greater than 9775.529693274591. Delta is -0.16509465871786233
Model is not converging.  Current: 9579.637958935464 is not greater than 9579.831157334556. Delta is -0.19319839909258008
Model is not converging.  Current: 9579.637958935464 is not greater than 9579.831157334556. Delta is -0.19319839909258008
Model is not converging.  Current: 9869.045015390924 is not greater than 9869.269834855251. Delta is -0.22481946432708355
Model is not converging.  Current: 9576.852313174115 is not greater than 9577.012134959326. Delta is -0.159821785211534
Model is not converging.  Current: 9576.852313174115 is not greater than 9577.012134959326. Delta is -0.159821785211534
Model is not converging.  Current: 9775.51748799485 is not greater than 9775.700907795042. Delta is -0.18341980019249604
Model is not converging.  Current: 9867.399957806405 is not greater than 9867.48499885425. Delta is -0.0850410478451522
Model is not converging.  Current: 9772.126191909574 is not greater than 9772.310217215425. Delta is -0.18402530585080967
Model is not converging.  Current: 9776.11400989263 is not greater than 9776.176736496265. Delta is -0.06272660363538307
Model is not converging.  Current: 9776.11400989263 is not greater than 9776.176736496265. Delta is -0.06272660363538307
Model is not converging.  Current: 9775.364598615177 is not greater than 9775.52969327458. Delta is -0.16509465940362134
Model is not converging.  Current: 9775.364598615874 is not greater than 9775.529693274591. Delta is -0.16509465871786233
Model is not converging.  Current: 9869.045015390931 is not greater than 9869.269834856012. Delta is -0.22481946508014516
Model is not converging.  Current: 9867.425663030186 is not greater than 9867.51809098729. Delta is -0.09242795710451901
Model is not converging.  Current: 9867.399957806498 is not greater than 9867.484998854314. Delta is -0.08504104781604838
Model is not converging.  Current: 9775.51748799485 is not greater than 9775.700907795042. Delta is -0.18341980019249604
Model is not converging.  Current: 9867.592739532489 is not greater than 9867.619304261703. Delta is -0.026564729214442195
Model is not converging.  Current: 9775.51748799485 is not greater than 9775.700907795042. Delta is -0.18341980019249604
Model is not converging.  Current: 9772.126191909574 is not greater than 9772.310217215425. Delta is -0.18402530585080967
Model is not converging.  Current: 9772.126191909574 is not greater than 9772.310217215425. Delta is -0.18402530585080967
Model is not converging.  Current: 9874.01417669738 is not greater than 9874.297817784485. Delta is -0.2836410871059343
Model is not converging.  Current: 9867.425663029931 is not greater than 9867.518090987962. Delta is -0.09242795803038462
Model is not converging.  Current: 9869.045015390931 is not greater than 9869.269834856012. Delta is -0.22481946508014516
Model is not converging.  Current: 9869.045015390931 is not greater than 9869.269834856012. Delta is -0.22481946508014516
Model is not converging.  Current: 9867.592739532489 is not greater than 9867.619304261703. Delta is -0.026564729214442195
Model is not converging.  Current: 9872.331891231908 is not greater than 9872.442409279476. Delta is -0.11051804756789352
Model is not converging.  Current: 9867.399957806405 is not greater than 9867.48499885425. Delta is -0.0850410478451522
Model is not converging.  Current: 9867.399957806498 is not greater than 9867.484998854314. Delta is -0.08504104781604838
Model is not converging.  Current: 9874.014176697696 is not greater than 9874.297817785116. Delta is -0.28364108742061944
Model is not converging.  Current: 9867.425663030186 is not greater than 9867.51809098729. Delta is -0.09242795710451901
Model is not converging.  Current: 9867.425663029931 is not greater than 9867.518090987962. Delta is -0.09242795803038462
Model is not converging.  Current: 9872.331891231908 is not greater than 9872.442409279476. Delta is -0.11051804756789352
Model is not converging.  Current: 9872.716194836057 is not greater than 9872.861580845401. Delta is -0.1453860093442927
Model is not converging.  Current: 9867.592739532995 is not greater than 9867.619304261403. Delta is -0.02656472840862989
Model is not converging.  Current: 9867.592739532929 is not greater than 9867.619304261298. Delta is -0.026564728368612123
Model is not converging.  Current: 9872.583500959121 is not greater than 9872.760050163723. Delta is -0.17654920460154244
Model is not converging.  Current: 9874.01417669738 is not greater than 9874.297817784485. Delta is -0.2836410871059343
Model is not converging.  Current: 9874.014176698 is not greater than 9874.297817785204. Delta is -0.2836410872041597
Model is not converging.  Current: 9836.922966699474 is not greater than 9836.933359799004. Delta is -0.010393099530119798
Model is not converging.  Current: 9872.716194835888 is not greater than 9872.861580845367. Delta is -0.1453860094788979
Model is not converging.  Current: 9872.331891231908 is not greater than 9872.442409279476. Delta is -0.11051804756789352
Model is not converging.  Current: 9872.331891231908 is not greater than 9872.442409279476. Delta is -0.11051804756789352
Model is not converging.  Current: 9838.63300330822 is not greater than 9838.913796735827. Delta is -0.28079342760793224
Model is not converging.  Current: 9872.583500959121 is not greater than 9872.760050163723. Delta is -0.17654920460154244
Model is not converging.  Current: 9838.969992011023 is not greater than 9839.2053621271. Delta is -0.23537011607731984
Model is not converging.  Current: 9836.922966699474 is not greater than 9836.933359799004. Delta is -0.010393099530119798
Model is not converging.  Current: 9872.716194835933 is not greater than 9872.861580845763. Delta is -0.14538600982996286
Model is not converging.  Current: 9872.716194835888 is not greater than 9872.861580845367. Delta is -0.1453860094788979
Model is not converging.  Current: 9838.90142308353 is not greater than 9839.096383081749. Delta is -0.19495999821992882
Model is not converging.  Current: 9838.633003308665 is not greater than 9838.913796735453. Delta is -0.280793426787568
Model is not converging.  Current: 9872.583500958663 is not greater than 9872.760050164306. Delta is -0.17654920564382337
Model is not converging.  Current: 9872.583500959368 is not greater than 9872.760050163923. Delta is -0.17654920455424872
Model is not converging.  Current: 9753.28267639059 is not greater than 9753.292235815527. Delta is -0.009559424936014693
Model is not converging.  Current: 9838.969992011023 is not greater than 9839.2053621271. Delta is -0.23537011607731984
Model is not converging.  Current: 9754.112285498255 is not greater than 9754.148951284998. Delta is -0.03666578674346965
Model is not converging.  Current: 9836.922966699474 is not greater than 9836.933359799004. Delta is -0.010393099530119798
Model is not converging.  Current: 9836.922966699474 is not greater than 9836.933359799004. Delta is -0.010393099530119798
Model is not converging.  Current: 9838.90142308353 is not greater than 9839.096383081749. Delta is -0.19495999821992882
Model is not converging.  Current: 9838.63300330822 is not greater than 9838.913796735827. Delta is -0.28079342760793224
Model is not converging.  Current: 9838.63300330822 is not greater than 9838.913796735827. Delta is -0.28079342760793224
Model is not converging.  Current: 9753.28267639059 is not greater than 9753.292235815527. Delta is -0.009559424936014693
Model is not converging.  Current: 9754.403559648688 is not greater than 9754.575487785996. Delta is -0.17192813730798662
Model is not converging.  Current: 9838.969992011143 is not greater than 9839.20536212758. Delta is -0.23537011643747974
Model is not converging.  Current: 9838.969992011023 is not greater than 9839.2053621271. Delta is -0.23537011607731984
Model is not converging.  Current: 9754.112285498255 is not greater than 9754.148951284998. Delta is -0.03666578674346965
Model is not converging.  Current: 9754.378036033495 is not greater than 9754.504454242482. Delta is -0.12641820898716105
Model is not converging.  Current: 9838.901423082738 is not greater than 9839.096383082144. Delta is -0.1949599994059099
Model is not converging.  Current: 9838.90142308353 is not greater than 9839.096383081749. Delta is -0.19495999821992882
Model is not converging.  Current: 9753.282676389872 is not greater than 9753.292235815024. Delta is -0.009559425152474432
Model is not converging.  Current: 9753.28267639059 is not greater than 9753.292235815527. Delta is -0.009559424936014693
Model is not converging.  Current: 9806.65686979962 is not greater than 9806.66045885314. Delta is -0.003589053520045127
Model is not converging.  Current: 9754.403559648688 is not greater than 9754.575487785996. Delta is -0.17192813730798662
Model is not converging.  Current: 9754.112285498819 is not greater than 9754.148951284598. Delta is -0.03666578577940527
Model is not converging.  Current: 9754.112285498255 is not greater than 9754.148951284998. Delta is -0.03666578674346965
Model is not converging.  Current: 9807.534835515964 is not greater than 9807.54074615324. Delta is -0.005910637275519548
Model is not converging.  Current: 9754.378036033606 is not greater than 9754.504454243108. Delta is -0.12641820950193505
Model is not converging.  Current: 9806.656869798988 is not greater than 9806.660458853414. Delta is -0.0035890544259018498
Model is not converging.  Current: 9754.403559648688 is not greater than 9754.575487785996. Delta is -0.17192813730798662
Model is not converging.  Current: 9754.403559648688 is not greater than 9754.575487785996. Delta is -0.17192813730798662
Model is not converging.  Current: 9807.507755611432 is not greater than 9807.527985839522. Delta is -0.020230228090440505
Model is not converging.  Current: 9807.534835515964 is not greater than 9807.54074615324. Delta is -0.005910637275519548
Model is not converging.  Current: 9754.378036033606 is not greater than 9754.504454243108. Delta is -0.12641820950193505
Model is not converging.  Current: 9754.378036033606 is not greater than 9754.504454243108. Delta is -0.12641820950193505
Model is not converging.  Current: 9807.681770116209 is not greater than 9807.722419521004. Delta is -0.04064940479474899
Model is not converging.  Current: 9858.088081411854 is not greater than 9858.337739140461. Delta is -0.24965772860741708
Model is not converging.  Current: 9806.65686979962 is not greater than 9806.66045885314. Delta is -0.003589053520045127
Model is not converging.  Current: 9806.656869798988 is not greater than 9806.660458853414. Delta is -0.0035890544259018498
Model is not converging.  Current: 9856.054025221834 is not greater than 9856.085729776552. Delta is -0.03170455471808964
Model is not converging.  Current: 9807.507755611432 is not greater than 9807.527985839522. Delta is -0.020230228090440505
Model is not converging.  Current: 9807.534835517054 is not greater than 9807.5407461536. Delta is -0.005910636546104797
Model is not converging.  Current: 9807.534835517054 is not greater than 9807.5407461536. Delta is -0.005910636546104797
Model is not converging.  Current: 9807.681770116209 is not greater than 9807.722419521004. Delta is -0.04064940479474899
Model is not converging.  Current: 9856.176248360136 is not greater than 9856.22396659337. Delta is -0.04771823323426361
Model is not converging.  Current: 9856.364377096252 is not greater than 9856.396677798535. Delta is -0.03230070228346449
Model is not converging.  Current: 9858.08808141259 is not greater than 9858.337739140696. Delta is -0.249657728105376
Model is not converging.  Current: 9807.507755611432 is not greater than 9807.527985839522. Delta is -0.020230228090440505
Model is not converging.  Current: 9807.507755611432 is not greater than 9807.527985839522. Delta is -0.020230228090440505
Model is not converging.  Current: 9856.054025222225 is not greater than 9856.085729777196. Delta is -0.031704554970929166
Model is not converging.  Current: 9884.792699686466 is not greater than 9885.029385591613. Delta is -0.23668590514716925
Model is not converging.  Current: 9807.681770116209 is not greater than 9807.722419521004. Delta is -0.04064940479474899
Model is not converging.  Current: 9807.681770116451 is not greater than 9807.722419520656. Delta is -0.04064940420539642
Model is not converging.  Current: 9883.507880253259 is not greater than 9883.561609829068. Delta is -0.05372957580948423
Model is not converging.  Current: 9858.08808141259 is not greater than 9858.337739140696. Delta is -0.249657728105376
Model is not converging.  Current: 9856.176248360136 is not greater than 9856.22396659337. Delta is -0.04771823323426361
Model is not converging.  Current: 9858.088081411854 is not greater than 9858.337739140461. Delta is -0.24965772860741708
Model is not converging.  Current: 9883.70260041634 is not greater than 9883.713934835243. Delta is -0.011334418903061305
Model is not converging.  Current: 9856.054025221834 is not greater than 9856.085729776552. Delta is -0.03170455471808964
Model is not converging.  Current: 9856.054025221834 is not greater than 9856.085729776552. Delta is -0.03170455471808964
Model is not converging.  Current: 9856.364377096252 is not greater than 9856.396677798535. Delta is -0.03230070228346449
Model is not converging.  Current: 9883.63982106838 is not greater than 9883.70636365229. Delta is -0.06654258391063195
Model is not converging.  Current: 9884.792699686974 is not greater than 9885.029385591239. Delta is -0.2366859042649594
Model is not converging.  Current: 9856.176248360118 is not greater than 9856.223966593825. Delta is -0.04771823370720085
Model is not converging.  Current: 9856.176248360136 is not greater than 9856.22396659337. Delta is -0.04771823323426361
Model is not converging.  Current: 9883.507880253259 is not greater than 9883.561609829068. Delta is -0.05372957580948423
Model is not converging.  Current: 9865.161666670474 is not greater than 9865.165393694368. Delta is -0.003727023893588921
Model is not converging.  Current: 9856.364377096252 is not greater than 9856.396677798535. Delta is -0.03230070228346449
Model is not converging.  Current: 9856.364377096252 is not greater than 9856.396677798535. Delta is -0.03230070228346449
Model is not converging.  Current: 9865.340055405459 is not greater than 9865.366896349176. Delta is -0.026840943717616028
Model is not converging.  Current: 9883.70260041634 is not greater than 9883.713934835243. Delta is -0.011334418903061305
Model is not converging.  Current: 9884.792699686746 is not greater than 9885.02938559125. Delta is -0.236685904503247
Model is not converging.  Current: 9884.792699686746 is not greater than 9885.02938559125. Delta is -0.236685904503247
Model is not converging.  Current: 9883.63982106838 is not greater than 9883.70636365229. Delta is -0.06654258391063195
Model is not converging.  Current: 9883.507880252935 is not greater than 9883.561609829154. Delta is -0.05372957621875685
Model is not converging.  Current: 9883.507880252935 is not greater than 9883.561609829154. Delta is -0.05372957621875685
Model is not converging.  Current: 9865.464428443833 is not greater than 9865.509316587915. Delta is -0.04488814408250619
Model is not converging.  Current: 9883.70260041634 is not greater than 9883.713934835243. Delta is -0.011334418903061305
Model is not converging.  Current: 9865.161666670474 is not greater than 9865.165393694368. Delta is -0.003727023893588921
Model is not converging.  Current: 9883.702600415985 is not greater than 9883.713934835365. Delta is -0.011334419379636529
Model is not converging.  Current: 9865.448644665885 is not greater than 9865.49521660768. Delta is -0.04657194179526414
Model is not converging.  Current: 9883.63982106838 is not greater than 9883.70636365229. Delta is -0.06654258391063195
Model is not converging.  Current: 9883.639821067749 is not greater than 9883.706363652187. Delta is -0.06654258443813887
Model is not converging.  Current: 9865.340055405459 is not greater than 9865.366896349176. Delta is -0.026840943717616028
Model is not converging.  Current: 9808.410953054896 is not greater than 9808.539329392015. Delta is -0.1283763371193345
Model is not converging.  Current: 9865.161666670474 is not greater than 9865.165393694368. Delta is -0.003727023893588921
Model is not converging.  Current: 9865.161666670474 is not greater than 9865.165393694368. Delta is -0.003727023893588921
Model is not converging.  Current: 9807.260543416434 is not greater than 9807.260560576735. Delta is -1.716030055831652e-05
Model is not converging.  Current: 9865.464428443833 is not greater than 9865.509316587915. Delta is -0.04488814408250619
Model is not converging.  Current: 9865.340055405459 is not greater than 9865.366896349176. Delta is -0.026840943717616028
Model is not converging.  Current: 9865.340055405099 is not greater than 9865.366896349711. Delta is -0.026840944612558815
Model is not converging.  Current: 9865.448644665885 is not greater than 9865.49521660768. Delta is -0.04657194179526414
Model is not converging.  Current: 9807.298151774407 is not greater than 9807.299143154702. Delta is -0.0009913802950904937
Model is not converging.  Current: 9865.464428443833 is not greater than 9865.509316587915. Delta is -0.04488814408250619
Model is not converging.  Current: 9865.464428443627 is not greater than 9865.509316587923. Delta is -0.04488814429532795
Model is not converging.  Current: 9808.410953054896 is not greater than 9808.539329392015. Delta is -0.1283763371193345
Model is not converging.  Current: 9865.44864466578 is not greater than 9865.495216607429. Delta is -0.046571941649744986
Model is not converging.  Current: 9865.448644665885 is not greater than 9865.49521660768. Delta is -0.04657194179526414
Model is not converging.  Current: 9807.294900646157 is not greater than 9807.297536481614. Delta is -0.0026358354571129894
Model is not converging.  Current: 9807.260543416434 is not greater than 9807.260560576735. Delta is -1.716030055831652e-05
Model is not converging.  Current: 9800.936842704861 is not greater than 9800.936852434726. Delta is -9.729865269036964e-06
Model is not converging.  Current: 9808.410953055085 is not greater than 9808.539329392821. Delta is -0.1283763377359719
Model is not converging.  Current: 9808.410953054896 is not greater than 9808.539329392015. Delta is -0.1283763371193345
Model is not converging.  Current: 9800.952030468155 is not greater than 9800.953861323593. Delta is -0.001830855437219725
Model is not converging.  Current: 9807.260543416434 is not greater than 9807.260560576735. Delta is -1.716030055831652e-05
Model is not converging.  Current: 9807.260543416434 is not greater than 9807.260560576735. Delta is -1.716030055831652e-05
Model is not converging.  Current: 9807.298151774103 is not greater than 9807.299143154389. Delta is -0.0009913802859955467
Model is not converging.  Current: 9807.294900646102 is not greater than 9807.297536481365. Delta is -0.002635835262481123
Model is not converging.  Current: 9800.977647978547 is not greater than 9800.980340436303. Delta is -0.0026924577559839236
Model is not converging.  Current: 9807.298151774407 is not greater than 9807.299143154702. Delta is -0.0009913802950904937
Model is not converging.  Current: 9807.298151774407 is not greater than 9807.299143154702. Delta is -0.0009913802950904937
Model is not converging.  Current: 9800.976840791998 is not greater than 9800.978525343757. Delta is -0.001684551758444286
Model is not converging.  Current: 9800.936842704861 is not greater than 9800.936852434726. Delta is -9.729865269036964e-06
Model is not converging.  Current: 9807.294900646157 is not greater than 9807.297536481614. Delta is -0.0026358354571129894
Model is not converging.  Current: 9807.294900646157 is not greater than 9807.297536481614. Delta is -0.0026358354571129894
Model is not converging.  Current: 9800.952030468155 is not greater than 9800.953861323593. Delta is -0.001830855437219725
Model is not converging.  Current: 9749.998495403026 is not greater than 9750.028601623757. Delta is -0.03010622073088598
Model is not converging.  Current: 9800.936842704861 is not greater than 9800.936852434726. Delta is -9.729865269036964e-06
Model is not converging.  Current: 9800.936842704861 is not greater than 9800.936852434726. Delta is -9.729865269036964e-06
Model is not converging.  Current: 9800.952030468155 is not greater than 9800.953861323593. Delta is -0.001830855437219725
Model is not converging.  Current: 9800.977647978547 is not greater than 9800.980340436303. Delta is -0.0026924577559839236
Model is not converging.  Current: 9800.952030468155 is not greater than 9800.953861323593. Delta is -0.001830855437219725
Model is not converging.  Current: 9800.976840791998 is not greater than 9800.978525343757. Delta is -0.001684551758444286
Model is not converging.  Current: 9800.9776479785 is not greater than 9800.980340436192. Delta is -0.0026924576923192944
Model is not converging.  Current: 9800.97764797891 is not greater than 9800.980340436727. Delta is -0.002692457816010574
Model is not converging.  Current: 9749.998495403182 is not greater than 9750.028601623992. Delta is -0.030106220809102524
Model is not converging.  Current: 9800.976840791998 is not greater than 9800.978525343757. Delta is -0.001684551758444286
Model is not converging.  Current: 9800.976840791998 is not greater than 9800.978525343757. Delta is -0.001684551758444286
Model is not converging.  Current: 9749.998495403026 is not greater than 9750.028601623757. Delta is -0.03010622073088598
Model is not converging.  Current: 9749.998495403026 is not greater than 9750.028601623757. Delta is -0.03010622073088598
5bp    paper window 1990-2023       myopic SR 0.54 DD -0.23 sw/yr 13.2 | band SR 0.56 DD -0.21 sw/yr 7.8 | bh SR 0.49 DD -0.55
5bp    pre-sample 1950-1989         myopic SR 0.54 DD -0.22 sw/yr 13.2 | band SR 0.52 DD -0.24 sw/yr 7.8 | bh SR 0.59 DD -0.48
5bp    post-publication 2024-2025   myopic SR 0.65 DD -0.13 sw/yr 13.1 | band SR 0.87 DD -0.11 sw/yr 9.0 | bh SR 0.97 DD -0.20
5bp    full 1942-2025               myopic SR 0.59 DD -0.31 sw/yr 13.2 | band SR 0.61 DD -0.24 sw/yr 7.8 | bh SR 0.58 DD -0.55
10bp   paper window 1990-2023       myopic SR 0.48 DD -0.25 sw/yr 13.2 | band SR 0.50 DD -0.23 sw/yr 5.7 | bh SR 0.49 DD -0.55
10bp   pre-sample 1950-1989         myopic SR 0.47 DD -0.23 sw/yr 13.2 | band SR 0.48 DD -0.28 sw/yr 6.3 | bh SR 0.59 DD -0.48
10bp   post-publication 2024-2025   myopic SR 0.60 DD -0.13 sw/yr 13.1 | band SR 0.72 DD -0.13 sw/yr 8.0 | bh SR 0.97 DD -0.20
10bp   full 1942-2025               myopic SR 0.53 DD -0.33 sw/yr 13.2 | band SR 0.56 DD -0.28 sw/yr 6.2 | bh SR 0.58 DD -0.55
25bp   paper window 1990-2023       myopic SR 0.30 DD -0.30 sw/yr 13.2 | band SR 0.48 DD -0.32 sw/yr 4.5 | bh SR 0.49 DD -0.55
25bp   pre-sample 1950-1989         myopic SR 0.25 DD -0.29 sw/yr 13.2 | band SR 0.57 DD -0.28 sw/yr 4.2 | bh SR 0.59 DD -0.48
25bp   post-publication 2024-2025   myopic SR 0.44 DD -0.15 sw/yr 13.1 | band SR 0.82 DD -0.12 sw/yr 6.0 | bh SR 0.97 DD -0.20
25bp   full 1942-2025               myopic SR 0.33 DD -0.39 sw/yr 13.2 | band SR 0.60 DD -0.32 sw/yr 4.4 | bh SR 0.58 DD -0.55
50bp   paper window 1990-2023       myopic SR 0.00 DD -0.53 sw/yr 13.2 | band SR 0.45 DD -0.38 sw/yr 3.6 | bh SR 0.49 DD -0.55
50bp   pre-sample 1950-1989         myopic SR -0.11 DD -0.49 sw/yr 13.2 | band SR 0.54 DD -0.28 sw/yr 2.1 | bh SR 0.59 DD -0.48
50bp   post-publication 2024-2025   myopic SR 0.18 DD -0.19 sw/yr 13.1 | band SR 0.71 DD -0.13 sw/yr 6.0 | bh SR 0.97 DD -0.20
50bp   full 1942-2025               myopic SR 0.00 DD -0.53 sw/yr 13.2 | band SR 0.56 DD -0.38 sw/yr 2.9 | bh SR 0.58 DD -0.55
