/Users/takakhoo/miniconda3/lib/python3.13/site-packages/openpyxl/worksheet/header_footer.py:48: UserWarning: Cannot parse header or footer so it will be ignored
  warn("""Cannot parse header or footer so it will be ignored""")
/Users/takakhoo/miniconda3/lib/python3.13/site-packages/openpyxl/worksheet/header_footer.py:48: UserWarning: Cannot parse header or footer so it will be ignored
  warn("""Cannot parse header or footer so it will be ignored""")
/Users/takakhoo/miniconda3/lib/python3.13/site-packages/openpyxl/worksheet/header_footer.py:48: UserWarning: Cannot parse header or footer so it will be ignored
  warn("""Cannot parse header or footer so it will be ignored""")
/Users/takakhoo/miniconda3/lib/python3.13/site-packages/openpyxl/worksheet/header_footer.py:48: UserWarning: Cannot parse header or footer so it will be ignored
  warn("""Cannot parse header or footer so it will be ignored""")
/Users/takakhoo/miniconda3/lib/python3.13/site-packages/openpyxl/worksheet/header_footer.py:48: UserWarning: Cannot parse header or footer so it will be ignored
  warn("""Cannot parse header or footer so it will be ignored""")
/Users/takakhoo/miniconda3/lib/python3.13/site-packages/openpyxl/worksheet/header_footer.py:48: UserWarning: Cannot parse header or footer so it will be ignored
  warn("""Cannot parse header or footer so it will be ignored""")
/Users/takakhoo/miniconda3/lib/python3.13/site-packages/openpyxl/worksheet/header_footer.py:48: UserWarning: Cannot parse header or footer so it will be ignored
  warn("""Cannot parse header or footer so it will be ignored""")
Model is not converging.  Current: -258.2246874245585 is not greater than -258.22468740960113. Delta is -1.4957379335100995e-08
Model is not converging.  Current: -258.2246874245585 is not greater than -258.22468740960113. Delta is -1.4957379335100995e-08
/Users/takakhoo/miniconda3/lib/python3.13/site-packages/openpyxl/worksheet/header_footer.py:48: UserWarning: Cannot parse header or footer so it will be ignored
  warn("""Cannot parse header or footer so it will be ignored""")
Model is not converging.  Current: -258.2246874245585 is not greater than -258.22468740960113. Delta is -1.4957379335100995e-08
Model is not converging.  Current: -258.2246874245585 is not greater than -258.22468740960113. Delta is -1.4957379335100995e-08
Model is not converging.  Current: -258.2246874245585 is not greater than -258.22468740960113. Delta is -1.4957379335100995e-08
/Users/takakhoo/miniconda3/lib/python3.13/site-packages/openpyxl/worksheet/header_footer.py:48: UserWarning: Cannot parse header or footer so it will be ignored
  warn("""Cannot parse header or footer so it will be ignored""")
Model is not converging.  Current: -258.2246874245585 is not greater than -258.22468740960113. Delta is -1.4957379335100995e-08
Model is not converging.  Current: -270.83549410825833 is not greater than -270.8354939984254. Delta is -1.0983291076627211e-07
Model is not converging.  Current: -270.8354940672163 is not greater than -270.83549395550415. Delta is -1.1171215419381042e-07
Model is not converging.  Current: -270.83549410825833 is not greater than -270.8354939984254. Delta is -1.0983291076627211e-07
Model is not converging.  Current: -270.8354940672163 is not greater than -270.83549395550415. Delta is -1.1171215419381042e-07
Model is not converging.  Current: -239.2918551989404 is not greater than -239.291853277135. Delta is -1.921805392157694e-06
Model is not converging.  Current: -239.2918551989404 is not greater than -239.291853277135. Delta is -1.921805392157694e-06
Model is not converging.  Current: -270.83549410825833 is not greater than -270.8354939984254. Delta is -1.0983291076627211e-07
Model is not converging.  Current: -270.8354940672163 is not greater than -270.83549395550415. Delta is -1.1171215419381042e-07
Model is not converging.  Current: -293.68484911242285 is not greater than -293.68484894827566. Delta is -1.641471953917062e-07
Model is not converging.  Current: -293.6848490567095 is not greater than -293.6848487887929. Delta is -2.6791656182467705e-07
Model is not converging.  Current: -239.2918551989404 is not greater than -239.291853277135. Delta is -1.921805392157694e-06
Model is not converging.  Current: -239.2918551989404 is not greater than -239.291853277135. Delta is -1.921805392157694e-06
Model is not converging.  Current: -293.68484917387644 is not greater than -293.68484911029265. Delta is -6.358379778248491e-08
Model is not converging.  Current: -293.68484911242285 is not greater than -293.68484894827566. Delta is -1.641471953917062e-07
Model is not converging.  Current: -293.6848490567095 is not greater than -293.6848487887929. Delta is -2.6791656182467705e-07
Model is not converging.  Current: -270.83549410825833 is not greater than -270.8354939984254. Delta is -1.0983291076627211e-07
Model is not converging.  Current: -270.8354940672163 is not greater than -270.83549395550415. Delta is -1.1171215419381042e-07
Model is not converging.  Current: -308.7382057953002 is not greater than -308.7382055212502. Delta is -2.7404996671975823e-07
Model is not converging.  Current: -308.73820579496095 is not greater than -308.73820561747306. Delta is -1.7748789105098695e-07
Model is not converging.  Current: -293.68484917387644 is not greater than -293.68484911029265. Delta is -6.358379778248491e-08
Model is not converging.  Current: -308.7382057953002 is not greater than -308.7382055212502. Delta is -2.7404996671975823e-07
Model is not converging.  Current: -308.73820579496095 is not greater than -308.73820561747306. Delta is -1.7748789105098695e-07
Model is not converging.  Current: -335.1055818960802 is not greater than -335.1055817608076. Delta is -1.3527261444323813e-07
Model is not converging.  Current: -209.52764443816503 is not greater than -209.52764413066683. Delta is -3.0749819757147634e-07
Model is not converging.  Current: -335.1055818960802 is not greater than -335.1055817608076. Delta is -1.3527261444323813e-07
Model is not converging.  Current: -209.52764443816503 is not greater than -209.52764413066683. Delta is -3.0749819757147634e-07
Model is not converging.  Current: -270.83549410825833 is not greater than -270.8354939984254. Delta is -1.0983291076627211e-07
Model is not converging.  Current: -270.8354940672163 is not greater than -270.83549395550415. Delta is -1.1171215419381042e-07
/Users/takakhoo/Dev/regime-research/src/regimes/models/hmm.py:60: RuntimeWarning: divide by zero encountered in log
  prev = np.log(model.startprob_ if prior is None else prior)
Model is not converging.  Current: -293.68484911242285 is not greater than -293.68484894827566. Delta is -1.641471953917062e-07
Model is not converging.  Current: -293.6848490567095 is not greater than -293.6848487887929. Delta is -2.6791656182467705e-07
/Users/takakhoo/Dev/regime-research/src/regimes/models/hmm.py:60: RuntimeWarning: divide by zero encountered in log
  prev = np.log(model.startprob_ if prior is None else prior)
Model is not converging.  Current: -270.83549410825833 is not greater than -270.8354939984254. Delta is -1.0983291076627211e-07
Model is not converging.  Current: -270.8354940672163 is not greater than -270.83549395550415. Delta is -1.1171215419381042e-07
Model is not converging.  Current: -293.68484917387644 is not greater than -293.68484911029265. Delta is -6.358379778248491e-08
Model is not converging.  Current: -293.68484911242285 is not greater than -293.68484894827566. Delta is -1.641471953917062e-07
Model is not converging.  Current: -293.6848490567095 is not greater than -293.6848487887929. Delta is -2.6791656182467705e-07
Model is not converging.  Current: -274.7874650571128 is not greater than -274.78746466944204. Delta is -3.87670752388658e-07
Model is not converging.  Current: -293.68484917387644 is not greater than -293.68484911029265. Delta is -6.358379778248491e-08
Model is not converging.  Current: -274.7874650571128 is not greater than -274.78746466944204. Delta is -3.87670752388658e-07
/Users/takakhoo/Dev/regime-research/src/regimes/models/hmm.py:60: RuntimeWarning: divide by zero encountered in log
  prev = np.log(model.startprob_ if prior is None else prior)
/Users/takakhoo/Dev/regime-research/src/regimes/models/hmm.py:60: RuntimeWarning: divide by zero encountered in log
  prev = np.log(model.startprob_ if prior is None else prior)
Model is not converging.  Current: -308.7382057953002 is not greater than -308.7382055212502. Delta is -2.7404996671975823e-07
Model is not converging.  Current: -308.73820579496095 is not greater than -308.73820561747306. Delta is -1.7748789105098695e-07
Model is not converging.  Current: -308.7382057953002 is not greater than -308.7382055212502. Delta is -2.7404996671975823e-07
Model is not converging.  Current: -308.73820579496095 is not greater than -308.73820561747306. Delta is -1.7748789105098695e-07
Model is not converging.  Current: -335.1055818960802 is not greater than -335.1055817608076. Delta is -1.3527261444323813e-07
Model is not converging.  Current: -335.1055818960802 is not greater than -335.1055817608076. Delta is -1.3527261444323813e-07
/Users/takakhoo/Dev/regime-research/src/regimes/models/hmm.py:60: RuntimeWarning: divide by zero encountered in log
  prev = np.log(model.startprob_ if prior is None else prior)
/Users/takakhoo/Dev/regime-research/src/regimes/models/hmm.py:60: RuntimeWarning: divide by zero encountered in log
  prev = np.log(model.startprob_ if prior is None else prior)
Model is not converging.  Current: -293.68484911242285 is not greater than -293.68484894827566. Delta is -1.641471953917062e-07
Model is not converging.  Current: -293.6848490567095 is not greater than -293.6848487887929. Delta is -2.6791656182467705e-07
Model is not converging.  Current: -293.68484917387644 is not greater than -293.68484911029265. Delta is -6.358379778248491e-08
Model is not converging.  Current: -293.68484911242285 is not greater than -293.68484894827566. Delta is -1.641471953917062e-07
Model is not converging.  Current: -293.6848490567095 is not greater than -293.6848487887929. Delta is -2.6791656182467705e-07
Model is not converging.  Current: -293.68484917387644 is not greater than -293.68484911029265. Delta is -6.358379778248491e-08
Model is not converging.  Current: -274.7874650571128 is not greater than -274.78746466944204. Delta is -3.87670752388658e-07
Model is not converging.  Current: -274.7874650571128 is not greater than -274.78746466944204. Delta is -3.87670752388658e-07
/Users/takakhoo/Dev/regime-research/src/regimes/models/hmm.py:60: RuntimeWarning: divide by zero encountered in log
  prev = np.log(model.startprob_ if prior is None else prior)
/Users/takakhoo/Dev/regime-research/src/regimes/models/hmm.py:60: RuntimeWarning: divide by zero encountered in log
  prev = np.log(model.startprob_ if prior is None else prior)
Model is not converging.  Current: -308.7382057953002 is not greater than -308.7382055212502. Delta is -2.7404996671975823e-07
Model is not converging.  Current: -308.73820579496095 is not greater than -308.73820561747306. Delta is -1.7748789105098695e-07
Model is not converging.  Current: -308.7382057953002 is not greater than -308.7382055212502. Delta is -2.7404996671975823e-07
Model is not converging.  Current: -308.73820579496095 is not greater than -308.73820561747306. Delta is -1.7748789105098695e-07
Model is not converging.  Current: -335.1055818960802 is not greater than -335.1055817608076. Delta is -1.3527261444323813e-07
Model is not converging.  Current: -335.1055818960802 is not greater than -335.1055817608076. Delta is -1.3527261444323813e-07
Model is not converging.  Current: -300.1120573044736 is not greater than -300.1120152958878. Delta is -4.2008585808162024e-05
Model is not converging.  Current: -300.1120573044736 is not greater than -300.1120152958878. Delta is -4.2008585808162024e-05
/Users/takakhoo/Dev/regime-research/src/regimes/models/hmm.py:60: RuntimeWarning: divide by zero encountered in log
  prev = np.log(model.startprob_ if prior is None else prior)
/Users/takakhoo/Dev/regime-research/src/regimes/models/hmm.py:60: RuntimeWarning: divide by zero encountered in log
  prev = np.log(model.startprob_ if prior is None else prior)
/Users/takakhoo/Dev/regime-research/src/regimes/models/hmm.py:60: RuntimeWarning: divide by zero encountered in log
  prev = np.log(model.startprob_ if prior is None else prior)
/Users/takakhoo/Dev/regime-research/src/regimes/models/hmm.py:60: RuntimeWarning: divide by zero encountered in log
  prev = np.log(model.startprob_ if prior is None else prior)
/Users/takakhoo/Dev/regime-research/src/regimes/models/hmm.py:60: RuntimeWarning: divide by zero encountered in log
  prev = np.log(model.startprob_ if prior is None else prior)
/Users/takakhoo/Dev/regime-research/src/regimes/models/hmm.py:60: RuntimeWarning: divide by zero encountered in log
  prev = np.log(model.startprob_ if prior is None else prior)
/Users/takakhoo/Dev/regime-research/src/regimes/models/hmm.py:60: RuntimeWarning: divide by zero encountered in log
  prev = np.log(model.startprob_ if prior is None else prior)
/Users/takakhoo/Dev/regime-research/src/regimes/models/hmm.py:60: RuntimeWarning: divide by zero encountered in log
  prev = np.log(model.startprob_ if prior is None else prior)
Model is not converging.  Current: -356.68373889101156 is not greater than -356.6837383716678. Delta is -5.193437573325355e-07
Model is not converging.  Current: -356.68373889101156 is not greater than -356.6837383716678. Delta is -5.193437573325355e-07
/Users/takakhoo/Dev/regime-research/src/regimes/models/hmm.py:60: RuntimeWarning: divide by zero encountered in log
  prev = np.log(model.startprob_ if prior is None else prior)
Model is not converging.  Current: -393.5540303839506 is not greater than -393.5540301055508. Delta is -2.7839979566124384e-07
Model is not converging.  Current: -393.5540303839506 is not greater than -393.5540301055508. Delta is -2.7839979566124384e-07
/Users/takakhoo/Dev/regime-research/src/regimes/models/hmm.py:60: RuntimeWarning: divide by zero encountered in log
  prev = np.log(model.startprob_ if prior is None else prior)
Model is not converging.  Current: -407.3893781082841 is not greater than -407.38937542895826. Delta is -2.679325859844539e-06
/Users/takakhoo/Dev/regime-research/src/regimes/models/hmm.py:60: RuntimeWarning: divide by zero encountered in log
  prev = np.log(model.startprob_ if prior is None else prior)
/Users/takakhoo/Dev/regime-research/src/regimes/models/hmm.py:60: RuntimeWarning: divide by zero encountered in log
  prev = np.log(model.startprob_ if prior is None else prior)
Model is not converging.  Current: -407.3893781082841 is not greater than -407.38937542895826. Delta is -2.679325859844539e-06
done HMM[rv,K=2,myopic]
/Users/takakhoo/Dev/regime-research/src/regimes/models/hmm.py:60: RuntimeWarning: divide by zero encountered in log
  prev = np.log(model.startprob_ if prior is None else prior)
/Users/takakhoo/Dev/regime-research/src/regimes/models/hmm.py:60: RuntimeWarning: divide by zero encountered in log
  prev = np.log(model.startprob_ if prior is None else prior)
Model is not converging.  Current: -426.1047700671785 is not greater than -426.1047686037259. Delta is -1.4634525768997264e-06
Model is not converging.  Current: -604.6197935295387 is not greater than -604.6197929746463. Delta is -5.548923809328699e-07
Model is not converging.  Current: -604.6197933376038 is not greater than -604.6197929760488. Delta is -3.6155506677459925e-07
Model is not converging.  Current: -629.3494994952675 is not greater than -629.3494986097496. Delta is -8.85517920323764e-07
Model is not converging.  Current: -651.3310395963248 is not greater than -651.331038648742. Delta is -9.475827482674504e-07
Model is not converging.  Current: -651.3310401793622 is not greater than -651.3310387670676. Delta is -1.4122945231065387e-06
Model is not converging.  Current: -674.1077247016518 is not greater than -674.1077233546777. Delta is -1.346974158877856e-06
Model is not converging.  Current: -706.9288158725062 is not greater than -706.9288151572006. Delta is -7.153056458264473e-07
Model is not converging.  Current: -706.9288160141946 is not greater than -706.9288151623792. Delta is -8.518153435943532e-07
Model is not converging.  Current: -706.928816182368 is not greater than -706.9288153474394. Delta is -8.349286417796975e-07
Model is not converging.  Current: -740.1027775767324 is not greater than -740.1027767249826. Delta is -8.517497462889878e-07
Model is not converging.  Current: -740.1027777978288 is not greater than -740.1027775867495. Delta is -2.11079282053106e-07
Model is not converging.  Current: -777.9325053836708 is not greater than -777.9325053241927. Delta is -5.9478111325006466e-08
Model is not converging.  Current: -777.93250539545 is not greater than -777.932505319902. Delta is -7.554797321063234e-08
done HMM[rv,K=2,switch]
Model is not converging.  Current: -812.5506456451315 is not greater than -812.550645601582. Delta is -4.3549448491830844e-08
Model is not converging.  Current: -862.6729786333708 is not greater than -862.6729782897452. Delta is -3.436256292843609e-07
Model is not converging.  Current: -862.6729786644339 is not greater than -862.6729786404686. Delta is -2.396529907855438e-08
Model is not converging.  Current: -426.1047700671785 is not greater than -426.1047686037259. Delta is -1.4634525768997264e-06
Model is not converging.  Current: -930.6020237931058 is not greater than -930.6020235411185. Delta is -2.519873305573128e-07
Model is not converging.  Current: -954.825565937635 is not greater than -954.8255657807268. Delta is -1.569081859997823e-07
Model is not converging.  Current: -1034.9610889550372 is not greater than -1034.9610888090854. Delta is -1.45951844388037e-07
Model is not converging.  Current: -954.8255660299066 is not greater than -954.8255658249557. Delta is -2.0495087937888457e-07
Model is not converging.  Current: -981.4746450200182 is not greater than -981.4746449010439. Delta is -1.1897429885721067e-07
Model is not converging.  Current: -981.4746451016902 is not greater than -981.4746449325255. Delta is -1.69164650287712e-07
Model is not converging.  Current: -1006.5819360236593 is not greater than -1006.5819358805178. Delta is -1.4314150575955864e-07
Model is not converging.  Current: -604.6197935295387 is not greater than -604.6197929746463. Delta is -5.548923809328699e-07
Model is not converging.  Current: -604.6197933376038 is not greater than -604.6197929760488. Delta is -3.6155506677459925e-07
Model is not converging.  Current: -629.3494994952675 is not greater than -629.3494986097496. Delta is -8.85517920323764e-07
/Users/takakhoo/Dev/regime-research/src/regimes/models/hmm.py:60: RuntimeWarning: divide by zero encountered in log
  prev = np.log(model.startprob_ if prior is None else prior)
Model is not converging.  Current: -1220.301758380504 is not greater than -1220.3017583224391. Delta is -5.806487024528906e-08
Model is not converging.  Current: -651.3310395963248 is not greater than -651.331038648742. Delta is -9.475827482674504e-07
Model is not converging.  Current: -1253.3849994123775 is not greater than -1253.3849993487722. Delta is -6.360528459481429e-08
Model is not converging.  Current: -651.3310401793622 is not greater than -651.3310387670676. Delta is -1.4122945231065387e-06
Model is not converging.  Current: -674.1077247016518 is not greater than -674.1077233546777. Delta is -1.346974158877856e-06
/Users/takakhoo/Dev/regime-research/src/regimes/models/hmm.py:60: RuntimeWarning: divide by zero encountered in log
  prev = np.log(model.startprob_ if prior is None else prior)
Model is not converging.  Current: -706.9288158725062 is not greater than -706.9288151572006. Delta is -7.153056458264473e-07
Model is not converging.  Current: -706.9288160141946 is not greater than -706.9288151623792. Delta is -8.518153435943532e-07
Model is not converging.  Current: -706.928816182368 is not greater than -706.9288153474394. Delta is -8.349286417796975e-07
/Users/takakhoo/Dev/regime-research/src/regimes/models/hmm.py:60: RuntimeWarning: divide by zero encountered in log
  prev = np.log(model.startprob_ if prior is None else prior)
Model is not converging.  Current: -740.1027775767324 is not greater than -740.1027767249826. Delta is -8.517497462889878e-07
Model is not converging.  Current: -740.1027777978288 is not greater than -740.1027775867495. Delta is -2.11079282053106e-07
Model is not converging.  Current: -777.9325053836708 is not greater than -777.9325053241927. Delta is -5.9478111325006466e-08
Model is not converging.  Current: -777.93250539545 is not greater than -777.932505319902. Delta is -7.554797321063234e-08
/Users/takakhoo/Dev/regime-research/src/regimes/models/hmm.py:60: RuntimeWarning: divide by zero encountered in log
  prev = np.log(model.startprob_ if prior is None else prior)
Model is not converging.  Current: -812.5506456451315 is not greater than -812.550645601582. Delta is -4.3549448491830844e-08
/Users/takakhoo/Dev/regime-research/src/regimes/models/hmm.py:60: RuntimeWarning: divide by zero encountered in log
  prev = np.log(model.startprob_ if prior is None else prior)
Model is not converging.  Current: -862.6729786333708 is not greater than -862.6729782897452. Delta is -3.436256292843609e-07
Model is not converging.  Current: -862.6729786644339 is not greater than -862.6729786404686. Delta is -2.396529907855438e-08
/Users/takakhoo/Dev/regime-research/src/regimes/models/hmm.py:60: RuntimeWarning: divide by zero encountered in log
  prev = np.log(model.startprob_ if prior is None else prior)
Model is not converging.  Current: -930.6020237931058 is not greater than -930.6020235411185. Delta is -2.519873305573128e-07
Model is not converging.  Current: -954.825565937635 is not greater than -954.8255657807268. Delta is -1.569081859997823e-07
Model is not converging.  Current: -1034.9610889550372 is not greater than -1034.9610888090854. Delta is -1.45951844388037e-07
Model is not converging.  Current: -954.8255660299066 is not greater than -954.8255658249557. Delta is -2.0495087937888457e-07
Model is not converging.  Current: -981.4746450200182 is not greater than -981.4746449010439. Delta is -1.1897429885721067e-07
Model is not converging.  Current: -981.4746451016902 is not greater than -981.4746449325255. Delta is -1.69164650287712e-07
Model is not converging.  Current: -1006.5819360236593 is not greater than -1006.5819358805178. Delta is -1.4314150575955864e-07
Model is not converging.  Current: -1220.301758380504 is not greater than -1220.3017583224391. Delta is -5.806487024528906e-08
/Users/takakhoo/Dev/regime-research/src/regimes/models/hmm.py:60: RuntimeWarning: divide by zero encountered in log
  prev = np.log(model.startprob_ if prior is None else prior)
Model is not converging.  Current: -1253.3849994123775 is not greater than -1253.3849993487722. Delta is -6.360528459481429e-08
/Users/takakhoo/Dev/regime-research/src/regimes/models/hmm.py:60: RuntimeWarning: divide by zero encountered in log
  prev = np.log(model.startprob_ if prior is None else prior)
/Users/takakhoo/Dev/regime-research/src/regimes/models/hmm.py:60: RuntimeWarning: divide by zero encountered in log
  prev = np.log(model.startprob_ if prior is None else prior)
/Users/takakhoo/Dev/regime-research/src/regimes/models/hmm.py:60: RuntimeWarning: divide by zero encountered in log
  prev = np.log(model.startprob_ if prior is None else prior)
/Users/takakhoo/Dev/regime-research/src/regimes/models/hmm.py:60: RuntimeWarning: divide by zero encountered in log
  prev = np.log(model.startprob_ if prior is None else prior)
/Users/takakhoo/Dev/regime-research/src/regimes/models/hmm.py:60: RuntimeWarning: divide by zero encountered in log
  prev = np.log(model.startprob_ if prior is None else prior)
/Users/takakhoo/Dev/regime-research/src/regimes/models/hmm.py:60: RuntimeWarning: divide by zero encountered in log
  prev = np.log(model.startprob_ if prior is None else prior)
Model is not converging.  Current: -373.6358927913159 is not greater than -373.63589169004047. Delta is -1.1012754157491145e-06
/Users/takakhoo/Dev/regime-research/src/regimes/models/hmm.py:60: RuntimeWarning: divide by zero encountered in log
  prev = np.log(model.startprob_ if prior is None else prior)
Model is not converging.  Current: -446.2699813805249 is not greater than -446.26997763426976. Delta is -3.7462551176759007e-06
/Users/takakhoo/Dev/regime-research/src/regimes/models/hmm.py:60: RuntimeWarning: divide by zero encountered in log
  prev = np.log(model.startprob_ if prior is None else prior)
Model is not converging.  Current: -482.1067684891988 is not greater than -482.10676586699157. Delta is -2.622207261993026e-06
Model is not converging.  Current: -481.84134850218913 is not greater than -481.8413484123967. Delta is -8.979242238638108e-08
/Users/takakhoo/Dev/regime-research/src/regimes/models/hmm.py:60: RuntimeWarning: divide by zero encountered in log
  prev = np.log(model.startprob_ if prior is None else prior)
Model is not converging.  Current: -510.533588686762 is not greater than -510.53358772442016. Delta is -9.623418577575649e-07
Model is not converging.  Current: -510.5335889759217 is not greater than -510.53358788173387. Delta is -1.0941878372250358e-06
/Users/takakhoo/Dev/regime-research/src/regimes/models/hmm.py:60: RuntimeWarning: divide by zero encountered in log
  prev = np.log(model.startprob_ if prior is None else prior)
Model is not converging.  Current: -2387.7471593375208 is not greater than -2387.7471592666902. Delta is -7.083053787937388e-08
Model is not converging.  Current: -543.7383700422153 is not greater than -543.738369069636. Delta is -9.725793006509775e-07
Model is not converging.  Current: -554.1021518844025 is not greater than -554.1021514055423. Delta is -4.788602154803812e-07
Model is not converging.  Current: -535.0019057493113 is not greater than -535.0019044477739. Delta is -1.3015373951930087e-06
Model is not converging.  Current: -535.0019056879087 is not greater than -535.0019044387509. Delta is -1.2491577763285022e-06
/Users/takakhoo/Dev/regime-research/src/regimes/models/hmm.py:60: RuntimeWarning: divide by zero encountered in log
  prev = np.log(model.startprob_ if prior is None else prior)
Model is not converging.  Current: -566.153418355084 is not greater than -566.1534177808345. Delta is -5.742494977312163e-07
Model is not converging.  Current: -556.8298259392136 is not greater than -556.8298246678006. Delta is -1.271412997994048e-06
/Users/takakhoo/Dev/regime-research/src/regimes/models/hmm.py:60: RuntimeWarning: divide by zero encountered in log
  prev = np.log(model.startprob_ if prior is None else prior)
/Users/takakhoo/Dev/regime-research/src/regimes/models/hmm.py:60: RuntimeWarning: divide by zero encountered in log
  prev = np.log(model.startprob_ if prior is None else prior)
Model is not converging.  Current: -611.5021778768705 is not greater than -611.5021776000386. Delta is -2.768318836388062e-07
/Users/takakhoo/Dev/regime-research/src/regimes/models/hmm.py:60: RuntimeWarning: divide by zero encountered in log
  prev = np.log(model.startprob_ if prior is None else prior)
/Users/takakhoo/Dev/regime-research/src/regimes/models/hmm.py:60: RuntimeWarning: divide by zero encountered in log
  prev = np.log(model.startprob_ if prior is None else prior)
/Users/takakhoo/Dev/regime-research/src/regimes/models/hmm.py:60: RuntimeWarning: divide by zero encountered in log
  prev = np.log(model.startprob_ if prior is None else prior)
/Users/takakhoo/Dev/regime-research/src/regimes/models/hmm.py:60: RuntimeWarning: divide by zero encountered in log
  prev = np.log(model.startprob_ if prior is None else prior)
/Users/takakhoo/Dev/regime-research/src/regimes/models/hmm.py:60: RuntimeWarning: divide by zero encountered in log
  prev = np.log(model.startprob_ if prior is None else prior)
Model is not converging.  Current: -707.945716161618 is not greater than -707.9457159917703. Delta is -1.6984768080874346e-07
/Users/takakhoo/Dev/regime-research/src/regimes/models/hmm.py:60: RuntimeWarning: divide by zero encountered in log
  prev = np.log(model.startprob_ if prior is None else prior)
Model is not converging.  Current: -723.7877119959799 is not greater than -723.7877112842957. Delta is -7.116841516108252e-07
/Users/takakhoo/Dev/regime-research/src/regimes/models/hmm.py:60: RuntimeWarning: divide by zero encountered in log
  prev = np.log(model.startprob_ if prior is None else prior)
Model is not converging.  Current: -2539.505725904213 is not greater than -2539.505725553515. Delta is -3.506979737721849e-07
/Users/takakhoo/Dev/regime-research/src/regimes/models/hmm.py:60: RuntimeWarning: divide by zero encountered in log
  prev = np.log(model.startprob_ if prior is None else prior)
Model is not converging.  Current: -800.619473825141 is not greater than -800.6194733339413. Delta is -4.911996711598476e-07
/Users/takakhoo/Dev/regime-research/src/regimes/models/hmm.py:60: RuntimeWarning: divide by zero encountered in log
  prev = np.log(model.startprob_ if prior is None else prior)
/Users/takakhoo/Dev/regime-research/src/regimes/models/hmm.py:60: RuntimeWarning: divide by zero encountered in log
  prev = np.log(model.startprob_ if prior is None else prior)
/Users/takakhoo/Dev/regime-research/src/regimes/models/hmm.py:60: RuntimeWarning: divide by zero encountered in log
  prev = np.log(model.startprob_ if prior is None else prior)
/Users/takakhoo/Dev/regime-research/src/regimes/models/hmm.py:60: RuntimeWarning: divide by zero encountered in log
  prev = np.log(model.startprob_ if prior is None else prior)
/Users/takakhoo/Dev/regime-research/src/regimes/models/hmm.py:60: RuntimeWarning: divide by zero encountered in log
  prev = np.log(model.startprob_ if prior is None else prior)
Model is not converging.  Current: -568.3648708364693 is not greater than -568.3648544624108. Delta is -1.637405853216478e-05
Model is not converging.  Current: -859.8843125530286 is not greater than -859.8843122285867. Delta is -3.2444188491354e-07
/Users/takakhoo/Dev/regime-research/src/regimes/models/hmm.py:60: RuntimeWarning: divide by zero encountered in log
  prev = np.log(model.startprob_ if prior is None else prior)
Model is not converging.  Current: -879.4925356053814 is not greater than -879.4925349427699. Delta is -6.626114554819651e-07
Model is not converging.  Current: -2692.826624390628 is not greater than -2692.8266240581665. Delta is -3.3246124075958505e-07
/Users/takakhoo/Dev/regime-research/src/regimes/models/hmm.py:60: RuntimeWarning: divide by zero encountered in log
  prev = np.log(model.startprob_ if prior is None else prior)
Model is not converging.  Current: -578.3890175980032 is not greater than -578.3890081476519. Delta is -9.450351285522629e-06
/Users/takakhoo/Dev/regime-research/src/regimes/models/hmm.py:60: RuntimeWarning: divide by zero encountered in log
  prev = np.log(model.startprob_ if prior is None else prior)
/Users/takakhoo/Dev/regime-research/src/regimes/models/hmm.py:60: RuntimeWarning: divide by zero encountered in log
  prev = np.log(model.startprob_ if prior is None else prior)
Model is not converging.  Current: -954.9356827516503 is not greater than -954.9356791023108. Delta is -3.649339532785234e-06
/Users/takakhoo/Dev/regime-research/src/regimes/models/hmm.py:60: RuntimeWarning: divide by zero encountered in log
  prev = np.log(model.startprob_ if prior is None else prior)
/Users/takakhoo/Dev/regime-research/src/regimes/models/hmm.py:60: RuntimeWarning: divide by zero encountered in log
  prev = np.log(model.startprob_ if prior is None else prior)
Model is not converging.  Current: -373.6358927913159 is not greater than -373.63589169004047. Delta is -1.1012754157491145e-06
/Users/takakhoo/Dev/regime-research/src/regimes/models/hmm.py:60: RuntimeWarning: divide by zero encountered in log
  prev = np.log(model.startprob_ if prior is None else prior)
Model is not converging.  Current: -446.2699813805249 is not greater than -446.26997763426976. Delta is -3.7462551176759007e-06
/Users/takakhoo/Dev/regime-research/src/regimes/models/hmm.py:60: RuntimeWarning: divide by zero encountered in log
  prev = np.log(model.startprob_ if prior is None else prior)
/Users/takakhoo/Dev/regime-research/src/regimes/models/hmm.py:60: RuntimeWarning: divide by zero encountered in log
  prev = np.log(model.startprob_ if prior is None else prior)
Model is not converging.  Current: -1000.0113753515998 is not greater than -1000.0113752916737. Delta is -5.992603746562963e-08
Model is not converging.  Current: -482.1067684891988 is not greater than -482.10676586699157. Delta is -2.622207261993026e-06
Model is not converging.  Current: -481.84134850218913 is not greater than -481.8413484123967. Delta is -8.979242238638108e-08
Model is not converging.  Current: -1032.8633879159536 is not greater than -1032.863387802278. Delta is -1.1367546903784387e-07
/Users/takakhoo/Dev/regime-research/src/regimes/models/hmm.py:60: RuntimeWarning: divide by zero encountered in log
  prev = np.log(model.startprob_ if prior is None else prior)
Model is not converging.  Current: -1060.8720144307574 is not greater than -1060.8720122687214. Delta is -2.162036025765701e-06
Model is not converging.  Current: -510.533588686762 is not greater than -510.53358772442016. Delta is -9.623418577575649e-07
Model is not converging.  Current: -510.5335889759217 is not greater than -510.53358788173387. Delta is -1.0941878372250358e-06
/Users/takakhoo/Dev/regime-research/src/regimes/models/hmm.py:60: RuntimeWarning: divide by zero encountered in log
  prev = np.log(model.startprob_ if prior is None else prior)
Model is not converging.  Current: -543.7383700422153 is not greater than -543.738369069636. Delta is -9.725793006509775e-07
Model is not converging.  Current: -554.1021518844025 is not greater than -554.1021514055423. Delta is -4.788602154803812e-07
Model is not converging.  Current: -535.0019057493113 is not greater than -535.0019044477739. Delta is -1.3015373951930087e-06
Model is not converging.  Current: -535.0019056879087 is not greater than -535.0019044387509. Delta is -1.2491577763285022e-06
Model is not converging.  Current: -1091.2560956036718 is not greater than -1091.2560955639847. Delta is -3.968716555391438e-08
Model is not converging.  Current: -566.153418355084 is not greater than -566.1534177808345. Delta is -5.742494977312163e-07
Model is not converging.  Current: -556.8298259392136 is not greater than -556.8298246678006. Delta is -1.271412997994048e-06
/Users/takakhoo/Dev/regime-research/src/regimes/models/hmm.py:60: RuntimeWarning: divide by zero encountered in log
  prev = np.log(model.startprob_ if prior is None else prior)
/Users/takakhoo/Dev/regime-research/src/regimes/models/hmm.py:60: RuntimeWarning: divide by zero encountered in log
  prev = np.log(model.startprob_ if prior is None else prior)
/Users/takakhoo/Dev/regime-research/src/regimes/models/hmm.py:60: RuntimeWarning: divide by zero encountered in log
  prev = np.log(model.startprob_ if prior is None else prior)
Model is not converging.  Current: -611.5021778768705 is not greater than -611.5021776000386. Delta is -2.768318836388062e-07
/Users/takakhoo/Dev/regime-research/src/regimes/models/hmm.py:60: RuntimeWarning: divide by zero encountered in log
  prev = np.log(model.startprob_ if prior is None else prior)
/Users/takakhoo/Dev/regime-research/src/regimes/models/hmm.py:60: RuntimeWarning: divide by zero encountered in log
  prev = np.log(model.startprob_ if prior is None else prior)
/Users/takakhoo/Dev/regime-research/src/regimes/models/hmm.py:60: RuntimeWarning: divide by zero encountered in log
  prev = np.log(model.startprob_ if prior is None else prior)
Model is not converging.  Current: -1150.7669011765195 is not greater than -1150.766899849113. Delta is -1.3274063803692115e-06
/Users/takakhoo/Dev/regime-research/src/regimes/models/hmm.py:60: RuntimeWarning: divide by zero encountered in log
  prev = np.log(model.startprob_ if prior is None else prior)
/Users/takakhoo/Dev/regime-research/src/regimes/models/hmm.py:60: RuntimeWarning: divide by zero encountered in log
  prev = np.log(model.startprob_ if prior is None else prior)
/Users/takakhoo/Dev/regime-research/src/regimes/models/hmm.py:60: RuntimeWarning: divide by zero encountered in log
  prev = np.log(model.startprob_ if prior is None else prior)
/Users/takakhoo/Dev/regime-research/src/regimes/models/hmm.py:60: RuntimeWarning: divide by zero encountered in log
  prev = np.log(model.startprob_ if prior is None else prior)
/Users/takakhoo/Dev/regime-research/src/regimes/models/hmm.py:60: RuntimeWarning: divide by zero encountered in log
  prev = np.log(model.startprob_ if prior is None else prior)
/Users/takakhoo/Dev/regime-research/src/regimes/models/hmm.py:60: RuntimeWarning: divide by zero encountered in log
  prev = np.log(model.startprob_ if prior is None else prior)
Model is not converging.  Current: -707.945716161618 is not greater than -707.9457159917703. Delta is -1.6984768080874346e-07
Model is not converging.  Current: -723.7877119959799 is not greater than -723.7877112842957. Delta is -7.116841516108252e-07
/Users/takakhoo/Dev/regime-research/src/regimes/models/hmm.py:60: RuntimeWarning: divide by zero encountered in log
  prev = np.log(model.startprob_ if prior is None else prior)
/Users/takakhoo/Dev/regime-research/src/regimes/models/hmm.py:60: RuntimeWarning: divide by zero encountered in log
  prev = np.log(model.startprob_ if prior is None else prior)
/Users/takakhoo/Dev/regime-research/src/regimes/models/hmm.py:60: RuntimeWarning: divide by zero encountered in log
  prev = np.log(model.startprob_ if prior is None else prior)
/Users/takakhoo/Dev/regime-research/src/regimes/models/hmm.py:60: RuntimeWarning: divide by zero encountered in log
  prev = np.log(model.startprob_ if prior is None else prior)
Model is not converging.  Current: -800.619473825141 is not greater than -800.6194733339413. Delta is -4.911996711598476e-07
/Users/takakhoo/Dev/regime-research/src/regimes/models/hmm.py:60: RuntimeWarning: divide by zero encountered in log
  prev = np.log(model.startprob_ if prior is None else prior)
/Users/takakhoo/Dev/regime-research/src/regimes/models/hmm.py:60: RuntimeWarning: divide by zero encountered in log
  prev = np.log(model.startprob_ if prior is None else prior)
/Users/takakhoo/Dev/regime-research/src/regimes/models/hmm.py:60: RuntimeWarning: divide by zero encountered in log
  prev = np.log(model.startprob_ if prior is None else prior)
Model is not converging.  Current: -373.6358927913159 is not greater than -373.63589169004047. Delta is -1.1012754157491145e-06
/Users/takakhoo/Dev/regime-research/src/regimes/models/hmm.py:60: RuntimeWarning: divide by zero encountered in log
  prev = np.log(model.startprob_ if prior is None else prior)
/Users/takakhoo/Dev/regime-research/src/regimes/models/hmm.py:60: RuntimeWarning: divide by zero encountered in log
  prev = np.log(model.startprob_ if prior is None else prior)
/Users/takakhoo/Dev/regime-research/src/regimes/models/hmm.py:60: RuntimeWarning: divide by zero encountered in log
  prev = np.log(model.startprob_ if prior is None else prior)
Model is not converging.  Current: -446.2699813805249 is not greater than -446.26997763426976. Delta is -3.7462551176759007e-06
/Users/takakhoo/Dev/regime-research/src/regimes/models/hmm.py:60: RuntimeWarning: divide by zero encountered in log
  prev = np.log(model.startprob_ if prior is None else prior)
/Users/takakhoo/Dev/regime-research/src/regimes/models/hmm.py:60: RuntimeWarning: divide by zero encountered in log
  prev = np.log(model.startprob_ if prior is None else prior)
Model is not converging.  Current: -859.8843125530286 is not greater than -859.8843122285867. Delta is -3.2444188491354e-07
/Users/takakhoo/Dev/regime-research/src/regimes/models/hmm.py:60: RuntimeWarning: divide by zero encountered in log
  prev = np.log(model.startprob_ if prior is None else prior)
/Users/takakhoo/Dev/regime-research/src/regimes/models/hmm.py:60: RuntimeWarning: divide by zero encountered in log
  prev = np.log(model.startprob_ if prior is None else prior)
/Users/takakhoo/Dev/regime-research/src/regimes/models/hmm.py:60: RuntimeWarning: divide by zero encountered in log
  prev = np.log(model.startprob_ if prior is None else prior)
/Users/takakhoo/Dev/regime-research/src/regimes/models/hmm.py:60: RuntimeWarning: divide by zero encountered in log
  prev = np.log(model.startprob_ if prior is None else prior)
Model is not converging.  Current: -879.4925356053814 is not greater than -879.4925349427699. Delta is -6.626114554819651e-07
Model is not converging.  Current: -482.1067684891988 is not greater than -482.10676586699157. Delta is -2.622207261993026e-06
Model is not converging.  Current: -481.84134850218913 is not greater than -481.8413484123967. Delta is -8.979242238638108e-08
/Users/takakhoo/Dev/regime-research/src/regimes/models/hmm.py:60: RuntimeWarning: divide by zero encountered in log
  prev = np.log(model.startprob_ if prior is None else prior)
/Users/takakhoo/Dev/regime-research/src/regimes/models/hmm.py:60: RuntimeWarning: divide by zero encountered in log
  prev = np.log(model.startprob_ if prior is None else prior)
Model is not converging.  Current: -373.6358927913159 is not greater than -373.63589169004047. Delta is -1.1012754157491145e-06
/Users/takakhoo/Dev/regime-research/src/regimes/models/hmm.py:60: RuntimeWarning: divide by zero encountered in log
  prev = np.log(model.startprob_ if prior is None else prior)
Model is not converging.  Current: -604.6197935295387 is not greater than -604.6197929746463. Delta is -5.548923809328699e-07
Model is not converging.  Current: -604.6197933376038 is not greater than -604.6197929760488. Delta is -3.6155506677459925e-07
Model is not converging.  Current: -510.533588686762 is not greater than -510.53358772442016. Delta is -9.623418577575649e-07
/Users/takakhoo/Dev/regime-research/src/regimes/models/hmm.py:60: RuntimeWarning: divide by zero encountered in log
  prev = np.log(model.startprob_ if prior is None else prior)
Model is not converging.  Current: -510.5335889759217 is not greater than -510.53358788173387. Delta is -1.0941878372250358e-06
/Users/takakhoo/Dev/regime-research/src/regimes/models/hmm.py:60: RuntimeWarning: divide by zero encountered in log
  prev = np.log(model.startprob_ if prior is None else prior)
Model is not converging.  Current: -446.2699813805249 is not greater than -446.26997763426976. Delta is -3.7462551176759007e-06
Model is not converging.  Current: -1445.453856578127 is not greater than -1445.4538564288634. Delta is -1.4926354197086766e-07
/Users/takakhoo/Dev/regime-research/src/regimes/models/hmm.py:60: RuntimeWarning: divide by zero encountered in log
  prev = np.log(model.startprob_ if prior is None else prior)
/Users/takakhoo/Dev/regime-research/src/regimes/models/hmm.py:60: RuntimeWarning: divide by zero encountered in log
  prev = np.log(model.startprob_ if prior is None else prior)
Model is not converging.  Current: -1460.0850261341684 is not greater than -1460.0850253682756. Delta is -7.65892764320597e-07
/Users/takakhoo/Dev/regime-research/src/regimes/models/hmm.py:60: RuntimeWarning: divide by zero encountered in log
  prev = np.log(model.startprob_ if prior is None else prior)
/Users/takakhoo/Dev/regime-research/src/regimes/models/hmm.py:60: RuntimeWarning: divide by zero encountered in log
  prev = np.log(model.startprob_ if prior is None else prior)
Model is not converging.  Current: -629.3494994952675 is not greater than -629.3494986097496. Delta is -8.85517920323764e-07
Model is not converging.  Current: -954.9356827516503 is not greater than -954.9356791023108. Delta is -3.649339532785234e-06
Model is not converging.  Current: -543.7383700422153 is not greater than -543.738369069636. Delta is -9.725793006509775e-07
Model is not converging.  Current: -482.1067684891988 is not greater than -482.10676586699157. Delta is -2.622207261993026e-06
Model is not converging.  Current: -481.84134850218913 is not greater than -481.8413484123967. Delta is -8.979242238638108e-08
Model is not converging.  Current: -554.1021518844025 is not greater than -554.1021514055423. Delta is -4.788602154803812e-07
Model is not converging.  Current: -535.0019057493113 is not greater than -535.0019044477739. Delta is -1.3015373951930087e-06
Model is not converging.  Current: -535.0019056879087 is not greater than -535.0019044387509. Delta is -1.2491577763285022e-06
Model is not converging.  Current: -426.78089596366635 is not greater than -426.7808952020647. Delta is -7.616016546307947e-07
/Users/takakhoo/Dev/regime-research/src/regimes/models/hmm.py:60: RuntimeWarning: divide by zero encountered in log
  prev = np.log(model.startprob_ if prior is None else prior)
/Users/takakhoo/Dev/regime-research/src/regimes/models/hmm.py:60: RuntimeWarning: divide by zero encountered in log
  prev = np.log(model.startprob_ if prior is None else prior)
Model is not converging.  Current: -1481.9078005450012 is not greater than -1481.9077999093513. Delta is -6.356499397952575e-07
/Users/takakhoo/Dev/regime-research/src/regimes/models/hmm.py:60: RuntimeWarning: divide by zero encountered in log
  prev = np.log(model.startprob_ if prior is None else prior)
/Users/takakhoo/Dev/regime-research/src/regimes/models/hmm.py:60: RuntimeWarning: divide by zero encountered in log
  prev = np.log(model.startprob_ if prior is None else prior)
/Users/takakhoo/Dev/regime-research/src/regimes/models/hmm.py:60: RuntimeWarning: divide by zero encountered in log
  prev = np.log(model.startprob_ if prior is None else prior)
Model is not converging.  Current: -604.6197935295387 is not greater than -604.6197929746463. Delta is -5.548923809328699e-07
/Users/takakhoo/Dev/regime-research/src/regimes/models/hmm.py:60: RuntimeWarning: divide by zero encountered in log
  prev = np.log(model.startprob_ if prior is None else prior)
Model is not converging.  Current: -604.6197933376038 is not greater than -604.6197929760488. Delta is -3.6155506677459925e-07
Model is not converging.  Current: -510.533588686762 is not greater than -510.53358772442016. Delta is -9.623418577575649e-07
Model is not converging.  Current: -651.3310395963248 is not greater than -651.331038648742. Delta is -9.475827482674504e-07
Model is not converging.  Current: -651.3310401793622 is not greater than -651.3310387670676. Delta is -1.4122945231065387e-06
Model is not converging.  Current: -1481.9078004397281 is not greater than -1481.9077999234464. Delta is -5.162817160453415e-07
/Users/takakhoo/Dev/regime-research/src/regimes/models/hmm.py:60: RuntimeWarning: divide by zero encountered in log
  prev = np.log(model.startprob_ if prior is None else prior)
Model is not converging.  Current: -566.153418355084 is not greater than -566.1534177808345. Delta is -5.742494977312163e-07
Model is not converging.  Current: -510.5335889759217 is not greater than -510.53358788173387. Delta is -1.0941878372250358e-06
Model is not converging.  Current: -2387.7471593375208 is not greater than -2387.7471592666902. Delta is -7.083053787937388e-08
Model is not converging.  Current: -556.8298259392136 is not greater than -556.8298246678006. Delta is -1.271412997994048e-06
Model is not converging.  Current: -516.7824039218214 is not greater than -516.7824009932301. Delta is -2.928591243289702e-06
Model is not converging.  Current: -439.30515448539364 is not greater than -439.30493100322093. Delta is -0.0002234821727142844
Model is not converging.  Current: -421.04483939823444 is not greater than -421.0448361922349. Delta is -3.205999519195757e-06
Model is not converging.  Current: -1000.0113753515998 is not greater than -1000.0113752916737. Delta is -5.992603746562963e-08
Model is not converging.  Current: -1032.8633879159536 is not greater than -1032.863387802278. Delta is -1.1367546903784387e-07
/Users/takakhoo/Dev/regime-research/src/regimes/models/hmm.py:60: RuntimeWarning: divide by zero encountered in log
  prev = np.log(model.startprob_ if prior is None else prior)
Model is not converging.  Current: -674.1077247016518 is not greater than -674.1077233546777. Delta is -1.346974158877856e-06
/Users/takakhoo/Dev/regime-research/src/regimes/models/hmm.py:60: RuntimeWarning: divide by zero encountered in log
  prev = np.log(model.startprob_ if prior is None else prior)
Model is not converging.  Current: -1511.6502707235697 is not greater than -1511.6502700263363. Delta is -6.972334176680306e-07
/Users/takakhoo/Dev/regime-research/src/regimes/models/hmm.py:60: RuntimeWarning: divide by zero encountered in log
  prev = np.log(model.startprob_ if prior is None else prior)
Model is not converging.  Current: -629.3494994952675 is not greater than -629.3494986097496. Delta is -8.85517920323764e-07
/Users/takakhoo/Dev/regime-research/src/regimes/models/hmm.py:60: RuntimeWarning: divide by zero encountered in log
  prev = np.log(model.startprob_ if prior is None else prior)
Model is not converging.  Current: -543.7383700422153 is not greater than -543.738369069636. Delta is -9.725793006509775e-07
Model is not converging.  Current: -554.1021518844025 is not greater than -554.1021514055423. Delta is -4.788602154803812e-07
Model is not converging.  Current: -535.0019057493113 is not greater than -535.0019044477739. Delta is -1.3015373951930087e-06
Model is not converging.  Current: -535.0019056879087 is not greater than -535.0019044387509. Delta is -1.2491577763285022e-06
Model is not converging.  Current: -1060.8720144307574 is not greater than -1060.8720122687214. Delta is -2.162036025765701e-06
Model is not converging.  Current: -496.0739610923176 is not greater than -496.07395864664545. Delta is -2.445672123485565e-06
Model is not converging.  Current: -426.78089596366635 is not greater than -426.7808952020647. Delta is -7.616016546307947e-07
Model is not converging.  Current: -430.46679761060926 is not greater than -430.46679708937506. Delta is -5.212341989135894e-07
Model is not converging.  Current: -428.2669933284774 is not greater than -428.26699037915176. Delta is -2.949325619283627e-06
/Users/takakhoo/Dev/regime-research/src/regimes/models/hmm.py:60: RuntimeWarning: divide by zero encountered in log
  prev = np.log(model.startprob_ if prior is None else prior)
Model is not converging.  Current: -706.9288158725062 is not greater than -706.9288151572006. Delta is -7.153056458264473e-07
Model is not converging.  Current: -706.9288160141946 is not greater than -706.9288151623792. Delta is -8.518153435943532e-07
Model is not converging.  Current: -1091.2560956036718 is not greater than -1091.2560955639847. Delta is -3.968716555391438e-08
Model is not converging.  Current: -706.928816182368 is not greater than -706.9288153474394. Delta is -8.349286417796975e-07
Model is not converging.  Current: -651.3310395963248 is not greater than -651.331038648742. Delta is -9.475827482674504e-07
Model is not converging.  Current: -611.5021778768705 is not greater than -611.5021776000386. Delta is -2.768318836388062e-07
Model is not converging.  Current: -1544.6453881103032 is not greater than -1544.6453879212622. Delta is -1.89040974873933e-07
/Users/takakhoo/Dev/regime-research/src/regimes/models/hmm.py:60: RuntimeWarning: divide by zero encountered in log
  prev = np.log(model.startprob_ if prior is None else prior)
Model is not converging.  Current: -651.3310401793622 is not greater than -651.3310387670676. Delta is -1.4122945231065387e-06
Model is not converging.  Current: -485.5805554574171 is not greater than -485.5805550016714. Delta is -4.557456918519165e-07
Model is not converging.  Current: -566.153418355084 is not greater than -566.1534177808345. Delta is -5.742494977312163e-07
Model is not converging.  Current: -556.8298259392136 is not greater than -556.8298246678006. Delta is -1.271412997994048e-06
Model is not converging.  Current: -516.7824039218214 is not greater than -516.7824009932301. Delta is -2.928591243289702e-06
/Users/takakhoo/Dev/regime-research/src/regimes/models/hmm.py:60: RuntimeWarning: divide by zero encountered in log
  prev = np.log(model.startprob_ if prior is None else prior)
/Users/takakhoo/Dev/regime-research/src/regimes/models/hmm.py:60: RuntimeWarning: divide by zero encountered in log
  prev = np.log(model.startprob_ if prior is None else prior)
Model is not converging.  Current: -439.30515448539364 is not greater than -439.30493100322093. Delta is -0.0002234821727142844
Model is not converging.  Current: -421.04483939823444 is not greater than -421.0448361922349. Delta is -3.205999519195757e-06
/Users/takakhoo/Dev/regime-research/src/regimes/models/hmm.py:60: RuntimeWarning: divide by zero encountered in log
  prev = np.log(model.startprob_ if prior is None else prior)
Model is not converging.  Current: -453.4344571627803 is not greater than -453.43443261429763. Delta is -2.454848265642795e-05
/Users/takakhoo/Dev/regime-research/src/regimes/models/hmm.py:60: RuntimeWarning: divide by zero encountered in log
  prev = np.log(model.startprob_ if prior is None else prior)
/Users/takakhoo/Dev/regime-research/src/regimes/models/hmm.py:60: RuntimeWarning: divide by zero encountered in log
  prev = np.log(model.startprob_ if prior is None else prior)
Model is not converging.  Current: -674.1077247016518 is not greater than -674.1077233546777. Delta is -1.346974158877856e-06
/Users/takakhoo/Dev/regime-research/src/regimes/models/hmm.py:60: RuntimeWarning: divide by zero encountered in log
  prev = np.log(model.startprob_ if prior is None else prior)
Model is not converging.  Current: -740.1027775767324 is not greater than -740.1027767249826. Delta is -8.517497462889878e-07
Model is not converging.  Current: -740.1027777978288 is not greater than -740.1027775867495. Delta is -2.11079282053106e-07
Model is not converging.  Current: -1150.7669011765195 is not greater than -1150.766899849113. Delta is -1.3274063803692115e-06
Model is not converging.  Current: -1660.5958227181504 is not greater than -1660.5958224459027. Delta is -2.7224768928135745e-07
Model is not converging.  Current: -496.0739610923176 is not greater than -496.07395864664545. Delta is -2.445672123485565e-06
Model is not converging.  Current: -430.46679761060926 is not greater than -430.46679708937506. Delta is -5.212341989135894e-07
Model is not converging.  Current: -428.2669933284774 is not greater than -428.26699037915176. Delta is -2.949325619283627e-06
/Users/takakhoo/Dev/regime-research/src/regimes/models/hmm.py:60: RuntimeWarning: divide by zero encountered in log
  prev = np.log(model.startprob_ if prior is None else prior)
Model is not converging.  Current: -2539.505725904213 is not greater than -2539.505725553515. Delta is -3.506979737721849e-07
Model is not converging.  Current: -706.9288158725062 is not greater than -706.9288151572006. Delta is -7.153056458264473e-07
Model is not converging.  Current: -706.9288160141946 is not greater than -706.9288151623792. Delta is -8.518153435943532e-07
Model is not converging.  Current: -706.928816182368 is not greater than -706.9288153474394. Delta is -8.349286417796975e-07
/Users/takakhoo/Dev/regime-research/src/regimes/models/hmm.py:60: RuntimeWarning: divide by zero encountered in log
  prev = np.log(model.startprob_ if prior is None else prior)
/Users/takakhoo/Dev/regime-research/src/regimes/models/hmm.py:60: RuntimeWarning: divide by zero encountered in log
  prev = np.log(model.startprob_ if prior is None else prior)
Model is not converging.  Current: -611.5021778768705 is not greater than -611.5021776000386. Delta is -2.768318836388062e-07
Model is not converging.  Current: -485.5805554574171 is not greater than -485.5805550016714. Delta is -4.557456918519165e-07
/Users/takakhoo/Dev/regime-research/src/regimes/models/hmm.py:60: RuntimeWarning: divide by zero encountered in log
  prev = np.log(model.startprob_ if prior is None else prior)
/Users/takakhoo/Dev/regime-research/src/regimes/models/hmm.py:60: RuntimeWarning: divide by zero encountered in log
  prev = np.log(model.startprob_ if prior is None else prior)
Model is not converging.  Current: -453.4344571627803 is not greater than -453.43443261429763. Delta is -2.454848265642795e-05
Model is not converging.  Current: -572.0433795946847 is not greater than -572.0433783565821. Delta is -1.2381025271679391e-06
Model is not converging.  Current: -566.7116172674516 is not greater than -566.7116159658566. Delta is -1.3015950344197336e-06
/Users/takakhoo/Dev/regime-research/src/regimes/models/hmm.py:60: RuntimeWarning: divide by zero encountered in log
  prev = np.log(model.startprob_ if prior is None else prior)
Model is not converging.  Current: -740.1027775767324 is not greater than -740.1027767249826. Delta is -8.517497462889878e-07
Model is not converging.  Current: -740.1027777978288 is not greater than -740.1027775867495. Delta is -2.11079282053106e-07
/Users/takakhoo/Dev/regime-research/src/regimes/models/hmm.py:60: RuntimeWarning: divide by zero encountered in log
  prev = np.log(model.startprob_ if prior is None else prior)
Model is not converging.  Current: -568.3648708364693 is not greater than -568.3648544624108. Delta is -1.637405853216478e-05
Model is not converging.  Current: -777.9325053836708 is not greater than -777.9325053241927. Delta is -5.9478111325006466e-08
Model is not converging.  Current: -777.93250539545 is not greater than -777.932505319902. Delta is -7.554797321063234e-08
/Users/takakhoo/Dev/regime-research/src/regimes/models/hmm.py:60: RuntimeWarning: divide by zero encountered in log
  prev = np.log(model.startprob_ if prior is None else prior)
/Users/takakhoo/Dev/regime-research/src/regimes/models/hmm.py:60: RuntimeWarning: divide by zero encountered in log
  prev = np.log(model.startprob_ if prior is None else prior)
Model is not converging.  Current: -547.2063644925875 is not greater than -547.2063642620742. Delta is -2.305132511537522e-07
/Users/takakhoo/Dev/regime-research/src/regimes/models/hmm.py:60: RuntimeWarning: divide by zero encountered in log
  prev = np.log(model.startprob_ if prior is None else prior)
Model is not converging.  Current: -812.5506456451315 is not greater than -812.550645601582. Delta is -4.3549448491830844e-08
Model is not converging.  Current: -2692.826624390628 is not greater than -2692.8266240581665. Delta is -3.3246124075958505e-07
Model is not converging.  Current: -572.0433795946847 is not greater than -572.0433783565821. Delta is -1.2381025271679391e-06
Model is not converging.  Current: -566.7116172674516 is not greater than -566.7116159658566. Delta is -1.3015950344197336e-06
/Users/takakhoo/Dev/regime-research/src/regimes/models/hmm.py:60: RuntimeWarning: divide by zero encountered in log
  prev = np.log(model.startprob_ if prior is None else prior)
/Users/takakhoo/Dev/regime-research/src/regimes/models/hmm.py:60: RuntimeWarning: divide by zero encountered in log
  prev = np.log(model.startprob_ if prior is None else prior)
Model is not converging.  Current: -777.9325053836708 is not greater than -777.9325053241927. Delta is -5.9478111325006466e-08
Model is not converging.  Current: -777.93250539545 is not greater than -777.932505319902. Delta is -7.554797321063234e-08
/Users/takakhoo/Dev/regime-research/src/regimes/models/hmm.py:60: RuntimeWarning: divide by zero encountered in log
  prev = np.log(model.startprob_ if prior is None else prior)
/Users/takakhoo/Dev/regime-research/src/regimes/models/hmm.py:60: RuntimeWarning: divide by zero encountered in log
  prev = np.log(model.startprob_ if prior is None else prior)
/Users/takakhoo/Dev/regime-research/src/regimes/models/hmm.py:60: RuntimeWarning: divide by zero encountered in log
  prev = np.log(model.startprob_ if prior is None else prior)
Model is not converging.  Current: -578.3890175980032 is not greater than -578.3890081476519. Delta is -9.450351285522629e-06
Model is not converging.  Current: -707.945716161618 is not greater than -707.9457159917703. Delta is -1.6984768080874346e-07
Model is not converging.  Current: -547.2063644925875 is not greater than -547.2063642620742. Delta is -2.305132511537522e-07
/Users/takakhoo/Dev/regime-research/src/regimes/models/hmm.py:60: RuntimeWarning: divide by zero encountered in log
  prev = np.log(model.startprob_ if prior is None else prior)
Model is not converging.  Current: -812.5506456451315 is not greater than -812.550645601582. Delta is -4.3549448491830844e-08
Model is not converging.  Current: -723.7877119959799 is not greater than -723.7877112842957. Delta is -7.116841516108252e-07
/Users/takakhoo/Dev/regime-research/src/regimes/models/hmm.py:60: RuntimeWarning: divide by zero encountered in log
  prev = np.log(model.startprob_ if prior is None else prior)
/Users/takakhoo/Dev/regime-research/src/regimes/models/hmm.py:60: RuntimeWarning: divide by zero encountered in log
  prev = np.log(model.startprob_ if prior is None else prior)
Model is not converging.  Current: -597.8227334451691 is not greater than -597.8227332933836. Delta is -1.5178545709204627e-07
/Users/takakhoo/Dev/regime-research/src/regimes/models/hmm.py:60: RuntimeWarning: divide by zero encountered in log
  prev = np.log(model.startprob_ if prior is None else prior)
Model is not converging.  Current: -862.6729786333708 is not greater than -862.6729782897452. Delta is -3.436256292843609e-07
Model is not converging.  Current: -862.6729786644339 is not greater than -862.6729786404686. Delta is -2.396529907855438e-08
/Users/takakhoo/Dev/regime-research/src/regimes/models/hmm.py:60: RuntimeWarning: divide by zero encountered in log
  prev = np.log(model.startprob_ if prior is None else prior)
/Users/takakhoo/Dev/regime-research/src/regimes/models/hmm.py:60: RuntimeWarning: divide by zero encountered in log
  prev = np.log(model.startprob_ if prior is None else prior)
/Users/takakhoo/Dev/regime-research/src/regimes/models/hmm.py:60: RuntimeWarning: divide by zero encountered in log
  prev = np.log(model.startprob_ if prior is None else prior)
/Users/takakhoo/Dev/regime-research/src/regimes/models/hmm.py:60: RuntimeWarning: divide by zero encountered in log
  prev = np.log(model.startprob_ if prior is None else prior)
Model is not converging.  Current: -631.5296482138394 is not greater than -631.5296411707436. Delta is -7.0430958203360206e-06
Model is not converging.  Current: -707.945716161618 is not greater than -707.9457159917703. Delta is -1.6984768080874346e-07
/Users/takakhoo/Dev/regime-research/src/regimes/models/hmm.py:60: RuntimeWarning: divide by zero encountered in log
  prev = np.log(model.startprob_ if prior is None else prior)
/Users/takakhoo/Dev/regime-research/src/regimes/models/hmm.py:60: RuntimeWarning: divide by zero encountered in log
  prev = np.log(model.startprob_ if prior is None else prior)
Model is not converging.  Current: -723.7877119959799 is not greater than -723.7877112842957. Delta is -7.116841516108252e-07
Model is not converging.  Current: -1445.453856578127 is not greater than -1445.4538564288634. Delta is -1.4926354197086766e-07
/Users/takakhoo/Dev/regime-research/src/regimes/models/hmm.py:60: RuntimeWarning: divide by zero encountered in log
  prev = np.log(model.startprob_ if prior is None else prior)
Model is not converging.  Current: -597.8227334451691 is not greater than -597.8227332933836. Delta is -1.5178545709204627e-07
/Users/takakhoo/Dev/regime-research/src/regimes/models/hmm.py:60: RuntimeWarning: divide by zero encountered in log
  prev = np.log(model.startprob_ if prior is None else prior)
Model is not converging.  Current: -703.4837765881624 is not greater than -703.483752494965. Delta is -2.4093197453112225e-05
Model is not converging.  Current: -1460.0850261341684 is not greater than -1460.0850253682756. Delta is -7.65892764320597e-07
/Users/takakhoo/Dev/regime-research/src/regimes/models/hmm.py:60: RuntimeWarning: divide by zero encountered in log
  prev = np.log(model.startprob_ if prior is None else prior)
/Users/takakhoo/Dev/regime-research/src/regimes/models/hmm.py:60: RuntimeWarning: divide by zero encountered in log
  prev = np.log(model.startprob_ if prior is None else prior)
Model is not converging.  Current: -930.6020237931058 is not greater than -930.6020235411185. Delta is -2.519873305573128e-07
Model is not converging.  Current: -800.619473825141 is not greater than -800.6194733339413. Delta is -4.911996711598476e-07
Model is not converging.  Current: -862.6729786333708 is not greater than -862.6729782897452. Delta is -3.436256292843609e-07
Model is not converging.  Current: -862.6729786644339 is not greater than -862.6729786404686. Delta is -2.396529907855438e-08
/Users/takakhoo/Dev/regime-research/src/regimes/models/hmm.py:60: RuntimeWarning: divide by zero encountered in log
  prev = np.log(model.startprob_ if prior is None else prior)
Model is not converging.  Current: -1481.9078005450012 is not greater than -1481.9077999093513. Delta is -6.356499397952575e-07
/Users/takakhoo/Dev/regime-research/src/regimes/models/hmm.py:60: RuntimeWarning: divide by zero encountered in log
  prev = np.log(model.startprob_ if prior is None else prior)
Model is not converging.  Current: -954.825565937635 is not greater than -954.8255657807268. Delta is -1.569081859997823e-07
Model is not converging.  Current: -1034.9610889550372 is not greater than -1034.9610888090854. Delta is -1.45951844388037e-07
Model is not converging.  Current: -954.8255660299066 is not greater than -954.8255658249557. Delta is -2.0495087937888457e-07
Model is not converging.  Current: -631.5296482138394 is not greater than -631.5296411707436. Delta is -7.0430958203360206e-06
Model is not converging.  Current: -1481.9078004397281 is not greater than -1481.9077999234464. Delta is -5.162817160453415e-07
/Users/takakhoo/Dev/regime-research/src/regimes/models/hmm.py:60: RuntimeWarning: divide by zero encountered in log
  prev = np.log(model.startprob_ if prior is None else prior)
/Users/takakhoo/Dev/regime-research/src/regimes/models/hmm.py:60: RuntimeWarning: divide by zero encountered in log
  prev = np.log(model.startprob_ if prior is None else prior)
Model is not converging.  Current: -716.050489374853 is not greater than -716.050330189676. Delta is -0.0001591851770399444
/Users/takakhoo/Dev/regime-research/src/regimes/models/hmm.py:60: RuntimeWarning: divide by zero encountered in log
  prev = np.log(model.startprob_ if prior is None else prior)
Model is not converging.  Current: -981.4746450200182 is not greater than -981.4746449010439. Delta is -1.1897429885721067e-07
Model is not converging.  Current: -981.4746451016902 is not greater than -981.4746449325255. Delta is -1.69164650287712e-07
Model is not converging.  Current: -703.4837765881624 is not greater than -703.483752494965. Delta is -2.4093197453112225e-05
Model is not converging.  Current: -788.2771975289755 is not greater than -788.2771918486874. Delta is -5.680288154508162e-06
Model is not converging.  Current: -1511.6502707235697 is not greater than -1511.6502700263363. Delta is -6.972334176680306e-07
/Users/takakhoo/Dev/regime-research/src/regimes/models/hmm.py:60: RuntimeWarning: divide by zero encountered in log
  prev = np.log(model.startprob_ if prior is None else prior)
/Users/takakhoo/Dev/regime-research/src/regimes/models/hmm.py:60: RuntimeWarning: divide by zero encountered in log
  prev = np.log(model.startprob_ if prior is None else prior)
Model is not converging.  Current: -930.6020237931058 is not greater than -930.6020235411185. Delta is -2.519873305573128e-07
done HMM[rv,K=3,myopic]
done HMM[rv,K=3,switch]
Model is not converging.  Current: -800.619473825141 is not greater than -800.6194733339413. Delta is -4.911996711598476e-07
/Users/takakhoo/Dev/regime-research/src/regimes/models/hmm.py:60: RuntimeWarning: divide by zero encountered in log
  prev = np.log(model.startprob_ if prior is None else prior)
Model is not converging.  Current: -1006.5819360236593 is not greater than -1006.5819358805178. Delta is -1.4314150575955864e-07
/Users/takakhoo/Dev/regime-research/src/regimes/models/hmm.py:60: RuntimeWarning: divide by zero encountered in log
  prev = np.log(model.startprob_ if prior is None else prior)
/Users/takakhoo/Dev/regime-research/src/regimes/models/hmm.py:60: RuntimeWarning: divide by zero encountered in log
  prev = np.log(model.startprob_ if prior is None else prior)
Model is not converging.  Current: -604.6197935295387 is not greater than -604.6197929746463. Delta is -5.548923809328699e-07
Model is not converging.  Current: -1544.6453881103032 is not greater than -1544.6453879212622. Delta is -1.89040974873933e-07
/Users/takakhoo/Dev/regime-research/src/regimes/models/hmm.py:60: RuntimeWarning: divide by zero encountered in log
  prev = np.log(model.startprob_ if prior is None else prior)
Model is not converging.  Current: -604.6197933376038 is not greater than -604.6197929760488. Delta is -3.6155506677459925e-07
/Users/takakhoo/Dev/regime-research/src/regimes/models/hmm.py:60: RuntimeWarning: divide by zero encountered in log
  prev = np.log(model.startprob_ if prior is None else prior)
Model is not converging.  Current: -859.8843125530286 is not greater than -859.8843122285867. Delta is -3.2444188491354e-07
Model is not converging.  Current: -954.825565937635 is not greater than -954.8255657807268. Delta is -1.569081859997823e-07
Model is not converging.  Current: -1034.9610889550372 is not greater than -1034.9610888090854. Delta is -1.45951844388037e-07
Model is not converging.  Current: -954.8255660299066 is not greater than -954.8255658249557. Delta is -2.0495087937888457e-07
/Users/takakhoo/Dev/regime-research/src/regimes/models/hmm.py:60: RuntimeWarning: divide by zero encountered in log
  prev = np.log(model.startprob_ if prior is None else prior)
/Users/takakhoo/Dev/regime-research/src/regimes/models/hmm.py:60: RuntimeWarning: divide by zero encountered in log
  prev = np.log(model.startprob_ if prior is None else prior)
Model is not converging.  Current: -1660.5958227181504 is not greater than -1660.5958224459027. Delta is -2.7224768928135745e-07
Model is not converging.  Current: -716.050489374853 is not greater than -716.050330189676. Delta is -0.0001591851770399444
/Users/takakhoo/Dev/regime-research/src/regimes/models/hmm.py:60: RuntimeWarning: divide by zero encountered in log
  prev = np.log(model.startprob_ if prior is None else prior)
Model is not converging.  Current: -879.4925356053814 is not greater than -879.4925349427699. Delta is -6.626114554819651e-07
Model is not converging.  Current: -629.3494994952675 is not greater than -629.3494986097496. Delta is -8.85517920323764e-07
/Users/takakhoo/Dev/regime-research/src/regimes/models/hmm.py:60: RuntimeWarning: divide by zero encountered in log
  prev = np.log(model.startprob_ if prior is None else prior)
/Users/takakhoo/Dev/regime-research/src/regimes/models/hmm.py:60: RuntimeWarning: divide by zero encountered in log
  prev = np.log(model.startprob_ if prior is None else prior)
Model is not converging.  Current: -981.4746450200182 is not greater than -981.4746449010439. Delta is -1.1897429885721067e-07
Model is not converging.  Current: -981.4746451016902 is not greater than -981.4746449325255. Delta is -1.69164650287712e-07
Model is not converging.  Current: -788.2771975289755 is not greater than -788.2771918486874. Delta is -5.680288154508162e-06
/Users/takakhoo/Dev/regime-research/src/regimes/models/hmm.py:60: RuntimeWarning: divide by zero encountered in log
  prev = np.log(model.startprob_ if prior is None else prior)
/Users/takakhoo/Dev/regime-research/src/regimes/models/hmm.py:60: RuntimeWarning: divide by zero encountered in log
  prev = np.log(model.startprob_ if prior is None else prior)
/Users/takakhoo/Dev/regime-research/src/regimes/models/hmm.py:60: RuntimeWarning: divide by zero encountered in log
  prev = np.log(model.startprob_ if prior is None else prior)
/Users/takakhoo/Dev/regime-research/src/regimes/models/hmm.py:60: RuntimeWarning: divide by zero encountered in log
  prev = np.log(model.startprob_ if prior is None else prior)
/Users/takakhoo/Dev/regime-research/src/regimes/models/hmm.py:60: RuntimeWarning: divide by zero encountered in log
  prev = np.log(model.startprob_ if prior is None else prior)
Model is not converging.  Current: -1006.5819360236593 is not greater than -1006.5819358805178. Delta is -1.4314150575955864e-07
/Users/takakhoo/Dev/regime-research/src/regimes/models/hmm.py:60: RuntimeWarning: divide by zero encountered in log
  prev = np.log(model.startprob_ if prior is None else prior)
Model is not converging.  Current: -1971.4988445342615 is not greater than -1971.4988434683946. Delta is -1.0658668543328531e-06
Model is not converging.  Current: -1961.1160874167083 is not greater than -1961.1160872261537. Delta is -1.905546014313586e-07
Model is not converging.  Current: -651.3310395963248 is not greater than -651.331038648742. Delta is -9.475827482674504e-07
Model is not converging.  Current: -651.3310401793622 is not greater than -651.3310387670676. Delta is -1.4122945231065387e-06
Model is not converging.  Current: -859.8843125530286 is not greater than -859.8843122285867. Delta is -3.2444188491354e-07
Model is not converging.  Current: -750.247716841102 is not greater than -750.2477162890378. Delta is -5.520641934708692e-07
/Users/takakhoo/Dev/regime-research/src/regimes/models/hmm.py:60: RuntimeWarning: divide by zero encountered in log
  prev = np.log(model.startprob_ if prior is None else prior)
/Users/takakhoo/Dev/regime-research/src/regimes/models/hmm.py:60: RuntimeWarning: divide by zero encountered in log
  prev = np.log(model.startprob_ if prior is None else prior)
/Users/takakhoo/Dev/regime-research/src/regimes/models/hmm.py:60: RuntimeWarning: divide by zero encountered in log
  prev = np.log(model.startprob_ if prior is None else prior)
/Users/takakhoo/Dev/regime-research/src/regimes/models/hmm.py:60: RuntimeWarning: divide by zero encountered in log
  prev = np.log(model.startprob_ if prior is None else prior)
Model is not converging.  Current: -879.4925356053814 is not greater than -879.4925349427699. Delta is -6.626114554819651e-07
/Users/takakhoo/Dev/regime-research/src/regimes/models/hmm.py:60: RuntimeWarning: divide by zero encountered in log
  prev = np.log(model.startprob_ if prior is None else prior)
Model is not converging.  Current: -604.6197935295387 is not greater than -604.6197929746463. Delta is -5.548923809328699e-07
Model is not converging.  Current: -604.6197933376038 is not greater than -604.6197929760488. Delta is -3.6155506677459925e-07
/Users/takakhoo/Dev/regime-research/src/regimes/models/hmm.py:60: RuntimeWarning: divide by zero encountered in log
  prev = np.log(model.startprob_ if prior is None else prior)
Model is not converging.  Current: -674.1077247016518 is not greater than -674.1077233546777. Delta is -1.346974158877856e-06
/Users/takakhoo/Dev/regime-research/src/regimes/models/hmm.py:60: RuntimeWarning: divide by zero encountered in log
  prev = np.log(model.startprob_ if prior is None else prior)
/Users/takakhoo/Dev/regime-research/src/regimes/models/hmm.py:60: RuntimeWarning: divide by zero encountered in log
  prev = np.log(model.startprob_ if prior is None else prior)
/Users/takakhoo/Dev/regime-research/src/regimes/models/hmm.py:60: RuntimeWarning: divide by zero encountered in log
  prev = np.log(model.startprob_ if prior is None else prior)
/Users/takakhoo/Dev/regime-research/src/regimes/models/hmm.py:60: RuntimeWarning: divide by zero encountered in log
  prev = np.log(model.startprob_ if prior is None else prior)
/Users/takakhoo/Dev/regime-research/src/regimes/models/hmm.py:60: RuntimeWarning: divide by zero encountered in log
  prev = np.log(model.startprob_ if prior is None else prior)
Model is not converging.  Current: -1220.301758380504 is not greater than -1220.3017583224391. Delta is -5.806487024528906e-08
Model is not converging.  Current: -759.1033316073854 is not greater than -759.1033311301225. Delta is -4.772629154103925e-07
Model is not converging.  Current: -629.3494994952675 is not greater than -629.3494986097496. Delta is -8.85517920323764e-07
Model is not converging.  Current: -750.247716841102 is not greater than -750.2477162890378. Delta is -5.520641934708692e-07
Model is not converging.  Current: -706.9288158725062 is not greater than -706.9288151572006. Delta is -7.153056458264473e-07
Model is not converging.  Current: -706.9288160141946 is not greater than -706.9288151623792. Delta is -8.518153435943532e-07
Model is not converging.  Current: -706.928816182368 is not greater than -706.9288153474394. Delta is -8.349286417796975e-07
/Users/takakhoo/Dev/regime-research/src/regimes/models/hmm.py:60: RuntimeWarning: divide by zero encountered in log
  prev = np.log(model.startprob_ if prior is None else prior)
/Users/takakhoo/Dev/regime-research/src/regimes/models/hmm.py:60: RuntimeWarning: divide by zero encountered in log
  prev = np.log(model.startprob_ if prior is None else prior)
/Users/takakhoo/Dev/regime-research/src/regimes/models/hmm.py:60: RuntimeWarning: divide by zero encountered in log
  prev = np.log(model.startprob_ if prior is None else prior)
/Users/takakhoo/Dev/regime-research/src/regimes/models/hmm.py:60: RuntimeWarning: divide by zero encountered in log
  prev = np.log(model.startprob_ if prior is None else prior)
Model is not converging.  Current: -1253.3849994123775 is not greater than -1253.3849993487722. Delta is -6.360528459481429e-08
Model is not converging.  Current: -954.9356827516503 is not greater than -954.9356791023108. Delta is -3.649339532785234e-06
/Users/takakhoo/Dev/regime-research/src/regimes/models/hmm.py:60: RuntimeWarning: divide by zero encountered in log
  prev = np.log(model.startprob_ if prior is None else prior)
Model is not converging.  Current: -651.3310395963248 is not greater than -651.331038648742. Delta is -9.475827482674504e-07
/Users/takakhoo/Dev/regime-research/src/regimes/models/hmm.py:60: RuntimeWarning: divide by zero encountered in log
  prev = np.log(model.startprob_ if prior is None else prior)
Model is not converging.  Current: -651.3310401793622 is not greater than -651.3310387670676. Delta is -1.4122945231065387e-06
Model is not converging.  Current: -740.1027775767324 is not greater than -740.1027767249826. Delta is -8.517497462889878e-07
Model is not converging.  Current: -740.1027777978288 is not greater than -740.1027775867495. Delta is -2.11079282053106e-07
Model is not converging.  Current: -774.0111770378744 is not greater than -774.011171522435. Delta is -5.5154393976408755e-06
/Users/takakhoo/Dev/regime-research/src/regimes/models/hmm.py:60: RuntimeWarning: divide by zero encountered in log
  prev = np.log(model.startprob_ if prior is None else prior)
Model is not converging.  Current: -774.9184997463209 is not greater than -774.918490429753. Delta is -9.316567911810125e-06
/Users/takakhoo/Dev/regime-research/src/regimes/models/hmm.py:60: RuntimeWarning: divide by zero encountered in log
  prev = np.log(model.startprob_ if prior is None else prior)
/Users/takakhoo/Dev/regime-research/src/regimes/models/hmm.py:60: RuntimeWarning: divide by zero encountered in log
  prev = np.log(model.startprob_ if prior is None else prior)
Model is not converging.  Current: -1220.301758380504 is not greater than -1220.3017583224391. Delta is -5.806487024528906e-08
/Users/takakhoo/Dev/regime-research/src/regimes/models/hmm.py:60: RuntimeWarning: divide by zero encountered in log
  prev = np.log(model.startprob_ if prior is None else prior)
Model is not converging.  Current: -1000.0113753515998 is not greater than -1000.0113752916737. Delta is -5.992603746562963e-08
Model is not converging.  Current: -674.1077247016518 is not greater than -674.1077233546777. Delta is -1.346974158877856e-06
/Users/takakhoo/Dev/regime-research/src/regimes/models/hmm.py:60: RuntimeWarning: divide by zero encountered in log
  prev = np.log(model.startprob_ if prior is None else prior)
Model is not converging.  Current: -922.6207236757978 is not greater than -922.6207214691406. Delta is -2.2066572000767337e-06
/Users/takakhoo/Dev/regime-research/src/regimes/models/hmm.py:60: RuntimeWarning: divide by zero encountered in log
  prev = np.log(model.startprob_ if prior is None else prior)
/Users/takakhoo/Dev/regime-research/src/regimes/models/hmm.py:60: RuntimeWarning: divide by zero encountered in log
  prev = np.log(model.startprob_ if prior is None else prior)
Model is not converging.  Current: -1253.3849994123775 is not greater than -1253.3849993487722. Delta is -6.360528459481429e-08
/Users/takakhoo/Dev/regime-research/src/regimes/models/hmm.py:60: RuntimeWarning: divide by zero encountered in log
  prev = np.log(model.startprob_ if prior is None else prior)
Model is not converging.  Current: -954.9356827516503 is not greater than -954.9356791023108. Delta is -3.649339532785234e-06
/Users/takakhoo/Dev/regime-research/src/regimes/models/hmm.py:60: RuntimeWarning: divide by zero encountered in log
  prev = np.log(model.startprob_ if prior is None else prior)
/Users/takakhoo/Dev/regime-research/src/regimes/models/hmm.py:60: RuntimeWarning: divide by zero encountered in log
  prev = np.log(model.startprob_ if prior is None else prior)
Model is not converging.  Current: -1032.8633879159536 is not greater than -1032.863387802278. Delta is -1.1367546903784387e-07
Model is not converging.  Current: -787.4408380463003 is not greater than -787.4408353050749. Delta is -2.741225443969597e-06
/Users/takakhoo/Dev/regime-research/src/regimes/models/hmm.py:60: RuntimeWarning: divide by zero encountered in log
  prev = np.log(model.startprob_ if prior is None else prior)
/Users/takakhoo/Dev/regime-research/src/regimes/models/hmm.py:60: RuntimeWarning: divide by zero encountered in log
  prev = np.log(model.startprob_ if prior is None else prior)
Model is not converging.  Current: -706.9288158725062 is not greater than -706.9288151572006. Delta is -7.153056458264473e-07
Model is not converging.  Current: -706.9288160141946 is not greater than -706.9288151623792. Delta is -8.518153435943532e-07
Model is not converging.  Current: -706.928816182368 is not greater than -706.9288153474394. Delta is -8.349286417796975e-07
/Users/takakhoo/Dev/regime-research/src/regimes/models/hmm.py:60: RuntimeWarning: divide by zero encountered in log
  prev = np.log(model.startprob_ if prior is None else prior)
Model is not converging.  Current: -777.9325053836708 is not greater than -777.9325053241927. Delta is -5.9478111325006466e-08
Model is not converging.  Current: -777.93250539545 is not greater than -777.932505319902. Delta is -7.554797321063234e-08
Model is not converging.  Current: -1000.0113753515998 is not greater than -1000.0113752916737. Delta is -5.992603746562963e-08
Model is not converging.  Current: -922.6207236757978 is not greater than -922.6207214691406. Delta is -2.2066572000767337e-06
/Users/takakhoo/Dev/regime-research/src/regimes/models/hmm.py:60: RuntimeWarning: divide by zero encountered in log
  prev = np.log(model.startprob_ if prior is None else prior)
/Users/takakhoo/Dev/regime-research/src/regimes/models/hmm.py:60: RuntimeWarning: divide by zero encountered in log
  prev = np.log(model.startprob_ if prior is None else prior)
/Users/takakhoo/Dev/regime-research/src/regimes/models/hmm.py:60: RuntimeWarning: divide by zero encountered in log
  prev = np.log(model.startprob_ if prior is None else prior)
/Users/takakhoo/Dev/regime-research/src/regimes/models/hmm.py:60: RuntimeWarning: divide by zero encountered in log
  prev = np.log(model.startprob_ if prior is None else prior)
Model is not converging.  Current: -2172.2671455761847 is not greater than -2172.267145553829. Delta is -2.2355834516929463e-08
Model is not converging.  Current: -1971.4988445342615 is not greater than -1971.4988434683946. Delta is -1.0658668543328531e-06
/Users/takakhoo/Dev/regime-research/src/regimes/models/hmm.py:60: RuntimeWarning: divide by zero encountered in log
  prev = np.log(model.startprob_ if prior is None else prior)
Model is not converging.  Current: -740.1027775767324 is not greater than -740.1027767249826. Delta is -8.517497462889878e-07
/Users/takakhoo/Dev/regime-research/src/regimes/models/hmm.py:60: RuntimeWarning: divide by zero encountered in log
  prev = np.log(model.startprob_ if prior is None else prior)
Model is not converging.  Current: -740.1027777978288 is not greater than -740.1027775867495. Delta is -2.11079282053106e-07
Model is not converging.  Current: -1961.1160874167083 is not greater than -1961.1160872261537. Delta is -1.905546014313586e-07
Model is not converging.  Current: -1060.8720144307574 is not greater than -1060.8720122687214. Delta is -2.162036025765701e-06
Model is not converging.  Current: -812.5506456451315 is not greater than -812.550645601582. Delta is -4.3549448491830844e-08
Model is not converging.  Current: -1032.8633879159536 is not greater than -1032.863387802278. Delta is -1.1367546903784387e-07
/Users/takakhoo/Dev/regime-research/src/regimes/models/hmm.py:60: RuntimeWarning: divide by zero encountered in log
  prev = np.log(model.startprob_ if prior is None else prior)
/Users/takakhoo/Dev/regime-research/src/regimes/models/hmm.py:60: RuntimeWarning: divide by zero encountered in log
  prev = np.log(model.startprob_ if prior is None else prior)
Model is not converging.  Current: -796.8914491181163 is not greater than -796.8914433240557. Delta is -5.794060598418582e-06
/Users/takakhoo/Dev/regime-research/src/regimes/models/hmm.py:60: RuntimeWarning: divide by zero encountered in log
  prev = np.log(model.startprob_ if prior is None else prior)
/Users/takakhoo/Dev/regime-research/src/regimes/models/hmm.py:60: RuntimeWarning: divide by zero encountered in log
  prev = np.log(model.startprob_ if prior is None else prior)
Model is not converging.  Current: -796.8915747447811 is not greater than -796.8915736939186. Delta is -1.0508624654903542e-06
Model is not converging.  Current: -2226.2290812602228 is not greater than -2226.2290808460248. Delta is -4.14197984355269e-07
/Users/takakhoo/Dev/regime-research/src/regimes/models/hmm.py:60: RuntimeWarning: divide by zero encountered in log
  prev = np.log(model.startprob_ if prior is None else prior)
/Users/takakhoo/Dev/regime-research/src/regimes/models/hmm.py:60: RuntimeWarning: divide by zero encountered in log
  prev = np.log(model.startprob_ if prior is None else prior)
Model is not converging.  Current: -1091.2560956036718 is not greater than -1091.2560955639847. Delta is -3.968716555391438e-08
/Users/takakhoo/Dev/regime-research/src/regimes/models/hmm.py:60: RuntimeWarning: divide by zero encountered in log
  prev = np.log(model.startprob_ if prior is None else prior)
Model is not converging.  Current: -1060.8720144307574 is not greater than -1060.8720122687214. Delta is -2.162036025765701e-06
/Users/takakhoo/Dev/regime-research/src/regimes/models/hmm.py:60: RuntimeWarning: divide by zero encountered in log
  prev = np.log(model.startprob_ if prior is None else prior)
Model is not converging.  Current: -1030.9686820462975 is not greater than -1030.968681999152. Delta is -4.714547685580328e-08
Model is not converging.  Current: -777.9325053836708 is not greater than -777.9325053241927. Delta is -5.9478111325006466e-08
Model is not converging.  Current: -777.93250539545 is not greater than -777.932505319902. Delta is -7.554797321063234e-08
Model is not converging.  Current: -808.4595306807672 is not greater than -808.4595263814404. Delta is -4.299326860746078e-06
/Users/takakhoo/Dev/regime-research/src/regimes/models/hmm.py:60: RuntimeWarning: divide by zero encountered in log
  prev = np.log(model.startprob_ if prior is None else prior)
/Users/takakhoo/Dev/regime-research/src/regimes/models/hmm.py:60: RuntimeWarning: divide by zero encountered in log
  prev = np.log(model.startprob_ if prior is None else prior)
/Users/takakhoo/Dev/regime-research/src/regimes/models/hmm.py:60: RuntimeWarning: divide by zero encountered in log
  prev = np.log(model.startprob_ if prior is None else prior)
Model is not converging.  Current: -1091.2560956036718 is not greater than -1091.2560955639847. Delta is -3.968716555391438e-08
/Users/takakhoo/Dev/regime-research/src/regimes/models/hmm.py:60: RuntimeWarning: divide by zero encountered in log
  prev = np.log(model.startprob_ if prior is None else prior)
Model is not converging.  Current: -812.5506456451315 is not greater than -812.550645601582. Delta is -4.3549448491830844e-08
/Users/takakhoo/Dev/regime-research/src/regimes/models/hmm.py:60: RuntimeWarning: divide by zero encountered in log
  prev = np.log(model.startprob_ if prior is None else prior)
/Users/takakhoo/Dev/regime-research/src/regimes/models/hmm.py:60: RuntimeWarning: divide by zero encountered in log
  prev = np.log(model.startprob_ if prior is None else prior)
Model is not converging.  Current: -1030.9686820462975 is not greater than -1030.968681999152. Delta is -4.714547685580328e-08
Model is not converging.  Current: -862.6729786333708 is not greater than -862.6729782897452. Delta is -3.436256292843609e-07
Model is not converging.  Current: -862.6729786644339 is not greater than -862.6729786404686. Delta is -2.396529907855438e-08
/Users/takakhoo/Dev/regime-research/src/regimes/models/hmm.py:60: RuntimeWarning: divide by zero encountered in log
  prev = np.log(model.startprob_ if prior is None else prior)
Model is not converging.  Current: -1150.7669011765195 is not greater than -1150.766899849113. Delta is -1.3274063803692115e-06
/Users/takakhoo/Dev/regime-research/src/regimes/models/hmm.py:60: RuntimeWarning: divide by zero encountered in log
  prev = np.log(model.startprob_ if prior is None else prior)
/Users/takakhoo/Dev/regime-research/src/regimes/models/hmm.py:60: RuntimeWarning: divide by zero encountered in log
  prev = np.log(model.startprob_ if prior is None else prior)
Model is not converging.  Current: -973.8916119868803 is not greater than -973.8916099856292. Delta is -2.001251118599612e-06
/Users/takakhoo/Dev/regime-research/src/regimes/models/hmm.py:60: RuntimeWarning: divide by zero encountered in log
  prev = np.log(model.startprob_ if prior is None else prior)
/Users/takakhoo/Dev/regime-research/src/regimes/models/hmm.py:60: RuntimeWarning: divide by zero encountered in log
  prev = np.log(model.startprob_ if prior is None else prior)
/Users/takakhoo/Dev/regime-research/src/regimes/models/hmm.py:60: RuntimeWarning: divide by zero encountered in log
  prev = np.log(model.startprob_ if prior is None else prior)
/Users/takakhoo/Dev/regime-research/src/regimes/models/hmm.py:60: RuntimeWarning: divide by zero encountered in log
  prev = np.log(model.startprob_ if prior is None else prior)
/Users/takakhoo/Dev/regime-research/src/regimes/models/hmm.py:60: RuntimeWarning: divide by zero encountered in log
  prev = np.log(model.startprob_ if prior is None else prior)
Model is not converging.  Current: -862.6729786333708 is not greater than -862.6729782897452. Delta is -3.436256292843609e-07
Model is not converging.  Current: -862.6729786644339 is not greater than -862.6729786404686. Delta is -2.396529907855438e-08
Model is not converging.  Current: -1166.2723040162186 is not greater than -1166.2722999719197. Delta is -4.0442989757139e-06
/Users/takakhoo/Dev/regime-research/src/regimes/models/hmm.py:60: RuntimeWarning: divide by zero encountered in log
  prev = np.log(model.startprob_ if prior is None else prior)
/Users/takakhoo/Dev/regime-research/src/regimes/models/hmm.py:60: RuntimeWarning: divide by zero encountered in log
  prev = np.log(model.startprob_ if prior is None else prior)
Model is not converging.  Current: -1150.7669011765195 is not greater than -1150.766899849113. Delta is -1.3274063803692115e-06
/Users/takakhoo/Dev/regime-research/src/regimes/models/hmm.py:60: RuntimeWarning: divide by zero encountered in log
  prev = np.log(model.startprob_ if prior is None else prior)
/Users/takakhoo/Dev/regime-research/src/regimes/models/hmm.py:60: RuntimeWarning: divide by zero encountered in log
  prev = np.log(model.startprob_ if prior is None else prior)
/Users/takakhoo/Dev/regime-research/src/regimes/models/hmm.py:60: RuntimeWarning: divide by zero encountered in log
  prev = np.log(model.startprob_ if prior is None else prior)
/Users/takakhoo/Dev/regime-research/src/regimes/models/hmm.py:60: RuntimeWarning: divide by zero encountered in log
  prev = np.log(model.startprob_ if prior is None else prior)
Model is not converging.  Current: -973.8916119868803 is not greater than -973.8916099856292. Delta is -2.001251118599612e-06
/Users/takakhoo/Dev/regime-research/src/regimes/models/hmm.py:60: RuntimeWarning: divide by zero encountered in log
  prev = np.log(model.startprob_ if prior is None else prior)
/Users/takakhoo/Dev/regime-research/src/regimes/models/hmm.py:60: RuntimeWarning: divide by zero encountered in log
  prev = np.log(model.startprob_ if prior is None else prior)
Model is not converging.  Current: -930.6020237931058 is not greater than -930.6020235411185. Delta is -2.519873305573128e-07
/Users/takakhoo/Dev/regime-research/src/regimes/models/hmm.py:60: RuntimeWarning: divide by zero encountered in log
  prev = np.log(model.startprob_ if prior is None else prior)
/Users/takakhoo/Dev/regime-research/src/regimes/models/hmm.py:60: RuntimeWarning: divide by zero encountered in log
  prev = np.log(model.startprob_ if prior is None else prior)
Model is not converging.  Current: -930.6020237931058 is not greater than -930.6020235411185. Delta is -2.519873305573128e-07
/Users/takakhoo/Dev/regime-research/src/regimes/models/hmm.py:60: RuntimeWarning: divide by zero encountered in log
  prev = np.log(model.startprob_ if prior is None else prior)
/Users/takakhoo/Dev/regime-research/src/regimes/models/hmm.py:60: RuntimeWarning: divide by zero encountered in log
  prev = np.log(model.startprob_ if prior is None else prior)
/Users/takakhoo/Dev/regime-research/src/regimes/models/hmm.py:60: RuntimeWarning: divide by zero encountered in log
  prev = np.log(model.startprob_ if prior is None else prior)
Model is not converging.  Current: -1166.2723040162186 is not greater than -1166.2722999719197. Delta is -4.0442989757139e-06
/Users/takakhoo/Dev/regime-research/src/regimes/models/hmm.py:60: RuntimeWarning: divide by zero encountered in log
  prev = np.log(model.startprob_ if prior is None else prior)
/Users/takakhoo/Dev/regime-research/src/regimes/models/hmm.py:60: RuntimeWarning: divide by zero encountered in log
  prev = np.log(model.startprob_ if prior is None else prior)
/Users/takakhoo/Dev/regime-research/src/regimes/models/hmm.py:60: RuntimeWarning: divide by zero encountered in log
  prev = np.log(model.startprob_ if prior is None else prior)
Model is not converging.  Current: -954.825565937635 is not greater than -954.8255657807268. Delta is -1.569081859997823e-07
Model is not converging.  Current: -1034.9610889550372 is not greater than -1034.9610888090854. Delta is -1.45951844388037e-07
Model is not converging.  Current: -954.8255660299066 is not greater than -954.8255658249557. Delta is -2.0495087937888457e-07
Model is not converging.  Current: -2172.2671455761847 is not greater than -2172.267145553829. Delta is -2.2355834516929463e-08
/Users/takakhoo/Dev/regime-research/src/regimes/models/hmm.py:60: RuntimeWarning: divide by zero encountered in log
  prev = np.log(model.startprob_ if prior is None else prior)
Model is not converging.  Current: -759.1033316073854 is not greater than -759.1033311301225. Delta is -4.772629154103925e-07
Model is not converging.  Current: -954.825565937635 is not greater than -954.8255657807268. Delta is -1.569081859997823e-07
Model is not converging.  Current: -1034.9610889550372 is not greater than -1034.9610888090854. Delta is -1.45951844388037e-07
Model is not converging.  Current: -954.8255660299066 is not greater than -954.8255658249557. Delta is -2.0495087937888457e-07
/Users/takakhoo/Dev/regime-research/src/regimes/models/hmm.py:60: RuntimeWarning: divide by zero encountered in log
  prev = np.log(model.startprob_ if prior is None else prior)
Model is not converging.  Current: -861.6954330999192 is not greater than -861.6954324444714. Delta is -6.554478204634506e-07
/Users/takakhoo/Dev/regime-research/src/regimes/models/hmm.py:60: RuntimeWarning: divide by zero encountered in log
  prev = np.log(model.startprob_ if prior is None else prior)
/Users/takakhoo/Dev/regime-research/src/regimes/models/hmm.py:60: RuntimeWarning: divide by zero encountered in log
  prev = np.log(model.startprob_ if prior is None else prior)
Model is not converging.  Current: -1116.5654593874692 is not greater than -1116.5654593479228. Delta is -3.954642124881502e-08
/Users/takakhoo/Dev/regime-research/src/regimes/models/hmm.py:60: RuntimeWarning: divide by zero encountered in log
  prev = np.log(model.startprob_ if prior is None else prior)
/Users/takakhoo/Dev/regime-research/src/regimes/models/hmm.py:60: RuntimeWarning: divide by zero encountered in log
  prev = np.log(model.startprob_ if prior is None else prior)
/Users/takakhoo/Dev/regime-research/src/regimes/models/hmm.py:60: RuntimeWarning: divide by zero encountered in log
  prev = np.log(model.startprob_ if prior is None else prior)
Model is not converging.  Current: -981.4746450200182 is not greater than -981.4746449010439. Delta is -1.1897429885721067e-07
Model is not converging.  Current: -2226.2290812602228 is not greater than -2226.2290808460248. Delta is -4.14197984355269e-07
Model is not converging.  Current: -981.4746451016902 is not greater than -981.4746449325255. Delta is -1.69164650287712e-07
Model is not converging.  Current: -981.4746450200182 is not greater than -981.4746449010439. Delta is -1.1897429885721067e-07
Model is not converging.  Current: -981.4746451016902 is not greater than -981.4746449325255. Delta is -1.69164650287712e-07
/Users/takakhoo/Dev/regime-research/src/regimes/models/hmm.py:60: RuntimeWarning: divide by zero encountered in log
  prev = np.log(model.startprob_ if prior is None else prior)
Model is not converging.  Current: -774.0111770378744 is not greater than -774.011171522435. Delta is -5.5154393976408755e-06
Model is not converging.  Current: -774.9184997463209 is not greater than -774.918490429753. Delta is -9.316567911810125e-06
/Users/takakhoo/Dev/regime-research/src/regimes/models/hmm.py:60: RuntimeWarning: divide by zero encountered in log
  prev = np.log(model.startprob_ if prior is None else prior)
/Users/takakhoo/Dev/regime-research/src/regimes/models/hmm.py:60: RuntimeWarning: divide by zero encountered in log
  prev = np.log(model.startprob_ if prior is None else prior)
/Users/takakhoo/Dev/regime-research/src/regimes/models/hmm.py:60: RuntimeWarning: divide by zero encountered in log
  prev = np.log(model.startprob_ if prior is None else prior)
Model is not converging.  Current: -1006.5819360236593 is not greater than -1006.5819358805178. Delta is -1.4314150575955864e-07
/Users/takakhoo/Dev/regime-research/src/regimes/models/hmm.py:60: RuntimeWarning: divide by zero encountered in log
  prev = np.log(model.startprob_ if prior is None else prior)
/Users/takakhoo/Dev/regime-research/src/regimes/models/hmm.py:60: RuntimeWarning: divide by zero encountered in log
  prev = np.log(model.startprob_ if prior is None else prior)
/Users/takakhoo/Dev/regime-research/src/regimes/models/hmm.py:60: RuntimeWarning: divide by zero encountered in log
  prev = np.log(model.startprob_ if prior is None else prior)
/Users/takakhoo/Dev/regime-research/src/regimes/models/hmm.py:60: RuntimeWarning: divide by zero encountered in log
  prev = np.log(model.startprob_ if prior is None else prior)
Model is not converging.  Current: -787.4408380463003 is not greater than -787.4408353050749. Delta is -2.741225443969597e-06
Model is not converging.  Current: -1006.5819360236593 is not greater than -1006.5819358805178. Delta is -1.4314150575955864e-07
/Users/takakhoo/Dev/regime-research/src/regimes/models/hmm.py:60: RuntimeWarning: divide by zero encountered in log
  prev = np.log(model.startprob_ if prior is None else prior)
/Users/takakhoo/Dev/regime-research/src/regimes/models/hmm.py:60: RuntimeWarning: divide by zero encountered in log
  prev = np.log(model.startprob_ if prior is None else prior)
/Users/takakhoo/Dev/regime-research/src/regimes/models/hmm.py:60: RuntimeWarning: divide by zero encountered in log
  prev = np.log(model.startprob_ if prior is None else prior)
/Users/takakhoo/Dev/regime-research/src/regimes/models/hmm.py:60: RuntimeWarning: divide by zero encountered in log
  prev = np.log(model.startprob_ if prior is None else prior)
/Users/takakhoo/Dev/regime-research/src/regimes/models/hmm.py:60: RuntimeWarning: divide by zero encountered in log
  prev = np.log(model.startprob_ if prior is None else prior)
/Users/takakhoo/Dev/regime-research/src/regimes/models/hmm.py:60: RuntimeWarning: divide by zero encountered in log
  prev = np.log(model.startprob_ if prior is None else prior)
Model is not converging.  Current: -796.8914491181163 is not greater than -796.8914433240557. Delta is -5.794060598418582e-06
Model is not converging.  Current: -1116.5654593874692 is not greater than -1116.5654593479228. Delta is -3.954642124881502e-08
Model is not converging.  Current: -1241.0212078848087 is not greater than -1241.0212077502758. Delta is -1.3453291103360243e-07
Model is not converging.  Current: -796.8915747447811 is not greater than -796.8915736939186. Delta is -1.0508624654903542e-06
Model is not converging.  Current: -1314.670764173655 is not greater than -1314.6707616912415. Delta is -2.4824134925438557e-06
/Users/takakhoo/Dev/regime-research/src/regimes/models/hmm.py:60: RuntimeWarning: divide by zero encountered in log
  prev = np.log(model.startprob_ if prior is None else prior)
/Users/takakhoo/Dev/regime-research/src/regimes/models/hmm.py:60: RuntimeWarning: divide by zero encountered in log
  prev = np.log(model.startprob_ if prior is None else prior)
/Users/takakhoo/Dev/regime-research/src/regimes/models/hmm.py:60: RuntimeWarning: divide by zero encountered in log
  prev = np.log(model.startprob_ if prior is None else prior)
/Users/takakhoo/Dev/regime-research/src/regimes/models/hmm.py:60: RuntimeWarning: divide by zero encountered in log
  prev = np.log(model.startprob_ if prior is None else prior)
/Users/takakhoo/Dev/regime-research/src/regimes/models/hmm.py:60: RuntimeWarning: divide by zero encountered in log
  prev = np.log(model.startprob_ if prior is None else prior)
Model is not converging.  Current: -1107.6543380735238 is not greater than -1107.6543344948125. Delta is -3.5787113574770046e-06
Model is not converging.  Current: -1445.453856578127 is not greater than -1445.4538564288634. Delta is -1.4926354197086766e-07
Model is not converging.  Current: -1220.301758380504 is not greater than -1220.3017583224391. Delta is -5.806487024528906e-08
/Users/takakhoo/Dev/regime-research/src/regimes/models/hmm.py:60: RuntimeWarning: divide by zero encountered in log
  prev = np.log(model.startprob_ if prior is None else prior)
Model is not converging.  Current: -1269.8838879623863 is not greater than -1269.8838877645337. Delta is -1.9785261429206003e-07
Model is not converging.  Current: -1253.3849994123775 is not greater than -1253.3849993487722. Delta is -6.360528459481429e-08
Model is not converging.  Current: -808.4595306807672 is not greater than -808.4595263814404. Delta is -4.299326860746078e-06
/Users/takakhoo/Dev/regime-research/src/regimes/models/hmm.py:60: RuntimeWarning: divide by zero encountered in log
  prev = np.log(model.startprob_ if prior is None else prior)
Model is not converging.  Current: -1244.8889837808106 is not greater than -1244.8889782553883. Delta is -5.525422238861211e-06
/Users/takakhoo/Dev/regime-research/src/regimes/models/hmm.py:60: RuntimeWarning: divide by zero encountered in log
  prev = np.log(model.startprob_ if prior is None else prior)
Model is not converging.  Current: -1460.0850261341684 is not greater than -1460.0850253682756. Delta is -7.65892764320597e-07
/Users/takakhoo/Dev/regime-research/src/regimes/models/hmm.py:60: RuntimeWarning: divide by zero encountered in log
  prev = np.log(model.startprob_ if prior is None else prior)
Model is not converging.  Current: -1301.2806820128264 is not greater than -1301.2806758729182. Delta is -6.139908236946212e-06
/Users/takakhoo/Dev/regime-research/src/regimes/models/hmm.py:60: RuntimeWarning: divide by zero encountered in log
  prev = np.log(model.startprob_ if prior is None else prior)
Model is not converging.  Current: -1366.026798013758 is not greater than -1366.0267949654788. Delta is -3.048279268114129e-06
Model is not converging.  Current: -1366.0268049998053 is not greater than -1366.0268037143098. Delta is -1.2854955002694624e-06
Model is not converging.  Current: -1284.8274411408568 is not greater than -1284.8274402839406. Delta is -8.569161309424089e-07
/Users/takakhoo/Dev/regime-research/src/regimes/models/hmm.py:60: RuntimeWarning: divide by zero encountered in log
  prev = np.log(model.startprob_ if prior is None else prior)
/Users/takakhoo/Dev/regime-research/src/regimes/models/hmm.py:60: RuntimeWarning: divide by zero encountered in log
  prev = np.log(model.startprob_ if prior is None else prior)
/Users/takakhoo/Dev/regime-research/src/regimes/models/hmm.py:60: RuntimeWarning: divide by zero encountered in log
  prev = np.log(model.startprob_ if prior is None else prior)
Model is not converging.  Current: -1481.9078005450012 is not greater than -1481.9077999093513. Delta is -6.356499397952575e-07
Model is not converging.  Current: -1481.9078004397281 is not greater than -1481.9077999234464. Delta is -5.162817160453415e-07
/Users/takakhoo/Dev/regime-research/src/regimes/models/hmm.py:60: RuntimeWarning: divide by zero encountered in log
  prev = np.log(model.startprob_ if prior is None else prior)
/Users/takakhoo/Dev/regime-research/src/regimes/models/hmm.py:60: RuntimeWarning: divide by zero encountered in log
  prev = np.log(model.startprob_ if prior is None else prior)
/Users/takakhoo/Dev/regime-research/src/regimes/models/hmm.py:60: RuntimeWarning: divide by zero encountered in log
  prev = np.log(model.startprob_ if prior is None else prior)
Model is not converging.  Current: -1220.301758380504 is not greater than -1220.3017583224391. Delta is -5.806487024528906e-08
/Users/takakhoo/Dev/regime-research/src/regimes/models/hmm.py:60: RuntimeWarning: divide by zero encountered in log
  prev = np.log(model.startprob_ if prior is None else prior)
/Users/takakhoo/Dev/regime-research/src/regimes/models/hmm.py:60: RuntimeWarning: divide by zero encountered in log
  prev = np.log(model.startprob_ if prior is None else prior)
/Users/takakhoo/Dev/regime-research/src/regimes/models/hmm.py:60: RuntimeWarning: divide by zero encountered in log
  prev = np.log(model.startprob_ if prior is None else prior)
/Users/takakhoo/Dev/regime-research/src/regimes/models/hmm.py:60: RuntimeWarning: divide by zero encountered in log
  prev = np.log(model.startprob_ if prior is None else prior)
Model is not converging.  Current: -1511.6502707235697 is not greater than -1511.6502700263363. Delta is -6.972334176680306e-07
Model is not converging.  Current: -1253.3849994123775 is not greater than -1253.3849993487722. Delta is -6.360528459481429e-08
/Users/takakhoo/Dev/regime-research/src/regimes/models/hmm.py:60: RuntimeWarning: divide by zero encountered in log
  prev = np.log(model.startprob_ if prior is None else prior)
/Users/takakhoo/Dev/regime-research/src/regimes/models/hmm.py:60: RuntimeWarning: divide by zero encountered in log
  prev = np.log(model.startprob_ if prior is None else prior)
/Users/takakhoo/Dev/regime-research/src/regimes/models/hmm.py:60: RuntimeWarning: divide by zero encountered in log
  prev = np.log(model.startprob_ if prior is None else prior)
/Users/takakhoo/Dev/regime-research/src/regimes/models/hmm.py:60: RuntimeWarning: divide by zero encountered in log
  prev = np.log(model.startprob_ if prior is None else prior)
Model is not converging.  Current: -2176.080249810365 is not greater than -2176.0802449868693. Delta is -4.823495601158356e-06
Model is not converging.  Current: -1544.6453881103032 is not greater than -1544.6453879212622. Delta is -1.89040974873933e-07
Model is not converging.  Current: -1365.4039390420744 is not greater than -1365.403935437623. Delta is -3.604451421779231e-06
/Users/takakhoo/Dev/regime-research/src/regimes/models/hmm.py:60: RuntimeWarning: divide by zero encountered in log
  prev = np.log(model.startprob_ if prior is None else prior)
Model is not converging.  Current: -1241.0212078848087 is not greater than -1241.0212077502758. Delta is -1.3453291103360243e-07
Model is not converging.  Current: -1314.670764173655 is not greater than -1314.6707616912415. Delta is -2.4824134925438557e-06
/Users/takakhoo/Dev/regime-research/src/regimes/models/hmm.py:60: RuntimeWarning: divide by zero encountered in log
  prev = np.log(model.startprob_ if prior is None else prior)
/Users/takakhoo/Dev/regime-research/src/regimes/models/hmm.py:60: RuntimeWarning: divide by zero encountered in log
  prev = np.log(model.startprob_ if prior is None else prior)
/Users/takakhoo/Dev/regime-research/src/regimes/models/hmm.py:60: RuntimeWarning: divide by zero encountered in log
  prev = np.log(model.startprob_ if prior is None else prior)
Model is not converging.  Current: -1107.6543380735238 is not greater than -1107.6543344948125. Delta is -3.5787113574770046e-06
Model is not converging.  Current: -2383.43689635393 is not greater than -2383.4368960275397. Delta is -3.2639036362525076e-07
Model is not converging.  Current: -1445.453856578127 is not greater than -1445.4538564288634. Delta is -1.4926354197086766e-07
/Users/takakhoo/Dev/regime-research/src/regimes/models/hmm.py:60: RuntimeWarning: divide by zero encountered in log
  prev = np.log(model.startprob_ if prior is None else prior)
Model is not converging.  Current: -1244.8889837808106 is not greater than -1244.8889782553883. Delta is -5.525422238861211e-06
Model is not converging.  Current: -1269.8838879623863 is not greater than -1269.8838877645337. Delta is -1.9785261429206003e-07
Model is not converging.  Current: -1301.2806820128264 is not greater than -1301.2806758729182. Delta is -6.139908236946212e-06
Model is not converging.  Current: -1388.3634441141414 is not greater than -1388.3634396951002. Delta is -4.419041260916856e-06
/Users/takakhoo/Dev/regime-research/src/regimes/models/hmm.py:60: RuntimeWarning: divide by zero encountered in log
  prev = np.log(model.startprob_ if prior is None else prior)
/Users/takakhoo/Dev/regime-research/src/regimes/models/hmm.py:60: RuntimeWarning: divide by zero encountered in log
  prev = np.log(model.startprob_ if prior is None else prior)
Model is not converging.  Current: -1460.0850261341684 is not greater than -1460.0850253682756. Delta is -7.65892764320597e-07
/Users/takakhoo/Dev/regime-research/src/regimes/models/hmm.py:60: RuntimeWarning: divide by zero encountered in log
  prev = np.log(model.startprob_ if prior is None else prior)
/Users/takakhoo/Dev/regime-research/src/regimes/models/hmm.py:60: RuntimeWarning: divide by zero encountered in log
  prev = np.log(model.startprob_ if prior is None else prior)
Model is not converging.  Current: -1660.5958227181504 is not greater than -1660.5958224459027. Delta is -2.7224768928135745e-07
Model is not converging.  Current: -1366.026798013758 is not greater than -1366.0267949654788. Delta is -3.048279268114129e-06
Model is not converging.  Current: -1366.0268049998053 is not greater than -1366.0268037143098. Delta is -1.2854955002694624e-06
Model is not converging.  Current: -1284.8274411408568 is not greater than -1284.8274402839406. Delta is -8.569161309424089e-07
/Users/takakhoo/Dev/regime-research/src/regimes/models/hmm.py:60: RuntimeWarning: divide by zero encountered in log
  prev = np.log(model.startprob_ if prior is None else prior)
/Users/takakhoo/Dev/regime-research/src/regimes/models/hmm.py:60: RuntimeWarning: divide by zero encountered in log
  prev = np.log(model.startprob_ if prior is None else prior)
Model is not converging.  Current: -861.6954330999192 is not greater than -861.6954324444714. Delta is -6.554478204634506e-07
Model is not converging.  Current: -1423.8883759020787 is not greater than -1423.888371656488. Delta is -4.245590616847039e-06
/Users/takakhoo/Dev/regime-research/src/regimes/models/hmm.py:60: RuntimeWarning: divide by zero encountered in log
  prev = np.log(model.startprob_ if prior is None else prior)
Model is not converging.  Current: -1481.9078005450012 is not greater than -1481.9077999093513. Delta is -6.356499397952575e-07
Model is not converging.  Current: -1481.9078004397281 is not greater than -1481.9077999234464. Delta is -5.162817160453415e-07
/Users/takakhoo/Dev/regime-research/src/regimes/models/hmm.py:60: RuntimeWarning: divide by zero encountered in log
  prev = np.log(model.startprob_ if prior is None else prior)
/Users/takakhoo/Dev/regime-research/src/regimes/models/hmm.py:60: RuntimeWarning: divide by zero encountered in log
  prev = np.log(model.startprob_ if prior is None else prior)
/Users/takakhoo/Dev/regime-research/src/regimes/models/hmm.py:60: RuntimeWarning: divide by zero encountered in log
  prev = np.log(model.startprob_ if prior is None else prior)
Model is not converging.  Current: -2176.080249810365 is not greater than -2176.0802449868693. Delta is -4.823495601158356e-06
Model is not converging.  Current: -1511.6502707235697 is not greater than -1511.6502700263363. Delta is -6.972334176680306e-07
/Users/takakhoo/Dev/regime-research/src/regimes/models/hmm.py:60: RuntimeWarning: divide by zero encountered in log
  prev = np.log(model.startprob_ if prior is None else prior)
Model is not converging.  Current: -1522.5297303271527 is not greater than -1522.529728799278. Delta is -1.5278747014235705e-06
/Users/takakhoo/Dev/regime-research/src/regimes/models/hmm.py:60: RuntimeWarning: divide by zero encountered in log
  prev = np.log(model.startprob_ if prior is None else prior)
/Users/takakhoo/Dev/regime-research/src/regimes/models/hmm.py:60: RuntimeWarning: divide by zero encountered in log
  prev = np.log(model.startprob_ if prior is None else prior)
Model is not converging.  Current: -2383.43689635393 is not greater than -2383.4368960275397. Delta is -3.2639036362525076e-07
/Users/takakhoo/Dev/regime-research/src/regimes/models/hmm.py:60: RuntimeWarning: divide by zero encountered in log
  prev = np.log(model.startprob_ if prior is None else prior)
Model is not converging.  Current: -3322.1733862622555 is not greater than -3322.1733848492945. Delta is -1.4129609553492628e-06
Model is not converging.  Current: -1544.6453881103032 is not greater than -1544.6453879212622. Delta is -1.89040974873933e-07
Model is not converging.  Current: -1365.4039390420744 is not greater than -1365.403935437623. Delta is -3.604451421779231e-06
Model is not converging.  Current: -3411.039247930632 is not greater than -3411.0392474395894. Delta is -4.910425559501164e-07
/Users/takakhoo/Dev/regime-research/src/regimes/models/hmm.py:60: RuntimeWarning: divide by zero encountered in log
  prev = np.log(model.startprob_ if prior is None else prior)
/Users/takakhoo/Dev/regime-research/src/regimes/models/hmm.py:60: RuntimeWarning: divide by zero encountered in log
  prev = np.log(model.startprob_ if prior is None else prior)
Model is not converging.  Current: -3524.632750756608 is not greater than -3524.6327495696437. Delta is -1.186964254884515e-06
/Users/takakhoo/Dev/regime-research/src/regimes/models/hmm.py:60: RuntimeWarning: divide by zero encountered in log
  prev = np.log(model.startprob_ if prior is None else prior)
/Users/takakhoo/Dev/regime-research/src/regimes/models/hmm.py:60: RuntimeWarning: divide by zero encountered in log
  prev = np.log(model.startprob_ if prior is None else prior)
Model is not converging.  Current: -1388.3634441141414 is not greater than -1388.3634396951002. Delta is -4.419041260916856e-06
/Users/takakhoo/Dev/regime-research/src/regimes/models/hmm.py:60: RuntimeWarning: divide by zero encountered in log
  prev = np.log(model.startprob_ if prior is None else prior)
/Users/takakhoo/Dev/regime-research/src/regimes/models/hmm.py:60: RuntimeWarning: divide by zero encountered in log
  prev = np.log(model.startprob_ if prior is None else prior)
Model is not converging.  Current: -477.0345352065843 is not greater than -477.034532088115. Delta is -3.1184692943497794e-06
/Users/takakhoo/Dev/regime-research/src/regimes/models/hmm.py:60: RuntimeWarning: divide by zero encountered in log
  prev = np.log(model.startprob_ if prior is None else prior)
Model is not converging.  Current: -524.7852064621743 is not greater than -524.7852045175515. Delta is -1.944622795235773e-06
Model is not converging.  Current: -1660.5958227181504 is not greater than -1660.5958224459027. Delta is -2.7224768928135745e-07
Model is not converging.  Current: -516.7026230926577 is not greater than -516.7024783484952. Delta is -0.0001447441625259671
/Users/takakhoo/Dev/regime-research/src/regimes/models/hmm.py:60: RuntimeWarning: divide by zero encountered in log
  prev = np.log(model.startprob_ if prior is None else prior)
Model is not converging.  Current: -558.3731103292694 is not greater than -558.3731092088391. Delta is -1.1204302836631541e-06
Model is not converging.  Current: -555.348809966501 is not greater than -555.3486997988225. Delta is -0.00011016767848559539
/Users/takakhoo/Dev/regime-research/src/regimes/models/hmm.py:60: RuntimeWarning: divide by zero encountered in log
  prev = np.log(model.startprob_ if prior is None else prior)
Model is not converging.  Current: -610.4670978660916 is not greater than -610.4670955803798. Delta is -2.2857118437968893e-06
Model is not converging.  Current: -594.5296926969025 is not greater than -594.5296913984328. Delta is -1.2984697832507663e-06
/Users/takakhoo/Dev/regime-research/src/regimes/models/hmm.py:60: RuntimeWarning: divide by zero encountered in log
  prev = np.log(model.startprob_ if prior is None else prior)
/Users/takakhoo/Dev/regime-research/src/regimes/models/hmm.py:60: RuntimeWarning: divide by zero encountered in log
  prev = np.log(model.startprob_ if prior is None else prior)
Model is not converging.  Current: -654.469323601358 is not greater than -654.469312334502. Delta is -1.126685606323008e-05
Model is not converging.  Current: -599.2001253636035 is not greater than -599.2001225061043. Delta is -2.8574992256835685e-06
/Users/takakhoo/Dev/regime-research/src/regimes/models/hmm.py:60: RuntimeWarning: divide by zero encountered in log
  prev = np.log(model.startprob_ if prior is None else prior)
/Users/takakhoo/Dev/regime-research/src/regimes/models/hmm.py:60: RuntimeWarning: divide by zero encountered in log
  prev = np.log(model.startprob_ if prior is None else prior)
/Users/takakhoo/Dev/regime-research/src/regimes/models/hmm.py:60: RuntimeWarning: divide by zero encountered in log
  prev = np.log(model.startprob_ if prior is None else prior)
Model is not converging.  Current: -644.0496743165437 is not greater than -644.049673845831. Delta is -4.707127345682238e-07
/Users/takakhoo/Dev/regime-research/src/regimes/models/hmm.py:60: RuntimeWarning: divide by zero encountered in log
  prev = np.log(model.startprob_ if prior is None else prior)
Model is not converging.  Current: -639.5547832924414 is not greater than -639.5547810740003. Delta is -2.2184410681802547e-06
/Users/takakhoo/Dev/regime-research/src/regimes/models/hmm.py:60: RuntimeWarning: divide by zero encountered in log
  prev = np.log(model.startprob_ if prior is None else prior)
Model is not converging.  Current: -1423.8883759020787 is not greater than -1423.888371656488. Delta is -4.245590616847039e-06
/Users/takakhoo/Dev/regime-research/src/regimes/models/hmm.py:60: RuntimeWarning: divide by zero encountered in log
  prev = np.log(model.startprob_ if prior is None else prior)
Model is not converging.  Current: -691.865418889534 is not greater than -691.865418398159. Delta is -4.913749762636144e-07
/Users/takakhoo/Dev/regime-research/src/regimes/models/hmm.py:60: RuntimeWarning: divide by zero encountered in log
  prev = np.log(model.startprob_ if prior is None else prior)
Model is not converging.  Current: -723.8773843648761 is not greater than -723.8773837575143. Delta is -6.073618123991764e-07
/Users/takakhoo/Dev/regime-research/src/regimes/models/hmm.py:60: RuntimeWarning: divide by zero encountered in log
  prev = np.log(model.startprob_ if prior is None else prior)
Model is not converging.  Current: -749.9340427546999 is not greater than -749.9340419424753. Delta is -8.122245844788267e-07
/Users/takakhoo/Dev/regime-research/src/regimes/models/hmm.py:60: RuntimeWarning: divide by zero encountered in log
  prev = np.log(model.startprob_ if prior is None else prior)
Model is not converging.  Current: -690.883844219959 is not greater than -690.8837052094823. Delta is -0.00013901047668696265
Model is not converging.  Current: -3322.1733862622555 is not greater than -3322.1733848492945. Delta is -1.4129609553492628e-06
Model is not converging.  Current: -690.8842125698479 is not greater than -690.8842123084069. Delta is -2.614410732348915e-07
Model is not converging.  Current: -814.7429182102841 is not greater than -814.7429153845026. Delta is -2.8257815074539394e-06
Model is not converging.  Current: -814.7429182584092 is not greater than -814.7429173359842. Delta is -9.22424987948034e-07
/Users/takakhoo/Dev/regime-research/src/regimes/models/hmm.py:60: RuntimeWarning: divide by zero encountered in log
  prev = np.log(model.startprob_ if prior is None else prior)
Model is not converging.  Current: -832.7283408907431 is not greater than -832.7283390859158. Delta is -1.804827320484037e-06
Model is not converging.  Current: -757.0848353670257 is not greater than -757.084832439218. Delta is -2.9278077136041247e-06
Model is not converging.  Current: -861.4403374894481 is not greater than -861.4403362391927. Delta is -1.2502554227467044e-06
Model is not converging.  Current: -861.4403382947335 is not greater than -861.4403370528378. Delta is -1.2418956885085208e-06
/Users/takakhoo/Dev/regime-research/src/regimes/models/hmm.py:60: RuntimeWarning: divide by zero encountered in log
  prev = np.log(model.startprob_ if prior is None else prior)
Model is not converging.  Current: -3411.039247930632 is not greater than -3411.0392474395894. Delta is -4.910425559501164e-07
Model is not converging.  Current: -869.4502890640679 is not greater than -869.450287087149. Delta is -1.976918838408892e-06
/Users/takakhoo/Dev/regime-research/src/regimes/models/hmm.py:60: RuntimeWarning: divide by zero encountered in log
  prev = np.log(model.startprob_ if prior is None else prior)
Model is not converging.  Current: -920.2333468908743 is not greater than -920.233343206038. Delta is -3.6848363151875674e-06
/Users/takakhoo/Dev/regime-research/src/regimes/models/hmm.py:60: RuntimeWarning: divide by zero encountered in log
  prev = np.log(model.startprob_ if prior is None else prior)
/Users/takakhoo/Dev/regime-research/src/regimes/models/hmm.py:60: RuntimeWarning: divide by zero encountered in log
  prev = np.log(model.startprob_ if prior is None else prior)
/Users/takakhoo/Dev/regime-research/src/regimes/models/hmm.py:60: RuntimeWarning: divide by zero encountered in log
  prev = np.log(model.startprob_ if prior is None else prior)
/Users/takakhoo/Dev/regime-research/src/regimes/models/hmm.py:60: RuntimeWarning: divide by zero encountered in log
  prev = np.log(model.startprob_ if prior is None else prior)
Model is not converging.  Current: -992.4025498298696 is not greater than -992.4025497433018. Delta is -8.65677520778263e-08
Model is not converging.  Current: -995.3747469389958 is not greater than -995.3747452684656. Delta is -1.6705301959518692e-06
Model is not converging.  Current: -995.3747470543257 is not greater than -995.374745180835. Delta is -1.8734906461759238e-06
/Users/takakhoo/Dev/regime-research/src/regimes/models/hmm.py:60: RuntimeWarning: divide by zero encountered in log
  prev = np.log(model.startprob_ if prior is None else prior)
Model is not converging.  Current: -3524.632750756608 is not greater than -3524.6327495696437. Delta is -1.186964254884515e-06
/Users/takakhoo/Dev/regime-research/src/regimes/models/hmm.py:60: RuntimeWarning: divide by zero encountered in log
  prev = np.log(model.startprob_ if prior is None else prior)
Model is not converging.  Current: -965.770185792128 is not greater than -965.7701733408786. Delta is -1.2451249403966358e-05
Model is not converging.  Current: -965.770188076811 is not greater than -965.7701740778504. Delta is -1.3998960639582947e-05
Model is not converging.  Current: -956.3578714558961 is not greater than -956.3578599985792. Delta is -1.1457316873020318e-05
/Users/takakhoo/Dev/regime-research/src/regimes/models/hmm.py:60: RuntimeWarning: divide by zero encountered in log
  prev = np.log(model.startprob_ if prior is None else prior)
Model is not converging.  Current: -1105.3276016021468 is not greater than -1105.327598788904. Delta is -2.8132428724347847e-06
Model is not converging.  Current: -976.1293377737676 is not greater than -976.1293360373251. Delta is -1.7364425275445683e-06
Model is not converging.  Current: -1522.5297303271527 is not greater than -1522.529728799278. Delta is -1.5278747014235705e-06
/Users/takakhoo/Dev/regime-research/src/regimes/models/hmm.py:60: RuntimeWarning: divide by zero encountered in log
  prev = np.log(model.startprob_ if prior is None else prior)
Model is not converging.  Current: -1654.1925808027213 is not greater than -1654.1925770182308. Delta is -3.784490445468691e-06
Model is not converging.  Current: -1021.4905337985932 is not greater than -1021.4905108757298. Delta is -2.2922863422536466e-05
/Users/takakhoo/Dev/regime-research/src/regimes/models/hmm.py:60: RuntimeWarning: divide by zero encountered in log
  prev = np.log(model.startprob_ if prior is None else prior)
Model is not converging.  Current: -1077.0165246144122 is not greater than -1077.0164955775228. Delta is -2.903688937294646e-05
/Users/takakhoo/Dev/regime-research/src/regimes/models/hmm.py:60: RuntimeWarning: divide by zero encountered in log
  prev = np.log(model.startprob_ if prior is None else prior)
/Users/takakhoo/Dev/regime-research/src/regimes/models/hmm.py:60: RuntimeWarning: divide by zero encountered in log
  prev = np.log(model.startprob_ if prior is None else prior)
Model is not converging.  Current: -1253.4855430824314 is not greater than -1253.4855420331912. Delta is -1.0492401543160668e-06
/Users/takakhoo/Dev/regime-research/src/regimes/models/hmm.py:60: RuntimeWarning: divide by zero encountered in log
  prev = np.log(model.startprob_ if prior is None else prior)
/Users/takakhoo/Dev/regime-research/src/regimes/models/hmm.py:60: RuntimeWarning: divide by zero encountered in log
  prev = np.log(model.startprob_ if prior is None else prior)
Model is not converging.  Current: -477.0345352065843 is not greater than -477.034532088115. Delta is -3.1184692943497794e-06
/Users/takakhoo/Dev/regime-research/src/regimes/models/hmm.py:60: RuntimeWarning: divide by zero encountered in log
  prev = np.log(model.startprob_ if prior is None else prior)
/Users/takakhoo/Dev/regime-research/src/regimes/models/hmm.py:60: RuntimeWarning: divide by zero encountered in log
  prev = np.log(model.startprob_ if prior is None else prior)
/Users/takakhoo/Dev/regime-research/src/regimes/models/hmm.py:60: RuntimeWarning: divide by zero encountered in log
  prev = np.log(model.startprob_ if prior is None else prior)
Model is not converging.  Current: -524.7852064621743 is not greater than -524.7852045175515. Delta is -1.944622795235773e-06
Model is not converging.  Current: -516.7026230926577 is not greater than -516.7024783484952. Delta is -0.0001447441625259671
/Users/takakhoo/Dev/regime-research/src/regimes/models/hmm.py:60: RuntimeWarning: divide by zero encountered in log
  prev = np.log(model.startprob_ if prior is None else prior)
Model is not converging.  Current: -1309.9689626915172 is not greater than -1309.9689617915967. Delta is -8.999204510473646e-07
Model is not converging.  Current: -1309.9689623961924 is not greater than -1309.9689616557766. Delta is -7.404157713608583e-07
Model is not converging.  Current: -558.3731103292694 is not greater than -558.3731092088391. Delta is -1.1204302836631541e-06
Model is not converging.  Current: -555.348809966501 is not greater than -555.3486997988225. Delta is -0.00011016767848559539
/Users/takakhoo/Dev/regime-research/src/regimes/models/hmm.py:60: RuntimeWarning: divide by zero encountered in log
  prev = np.log(model.startprob_ if prior is None else prior)
Model is not converging.  Current: -1281.6995253348266 is not greater than -1281.699523816127. Delta is -1.5186994914984098e-06
Model is not converging.  Current: -610.4670978660916 is not greater than -610.4670955803798. Delta is -2.2857118437968893e-06
Model is not converging.  Current: -594.5296926969025 is not greater than -594.5296913984328. Delta is -1.2984697832507663e-06
/Users/takakhoo/Dev/regime-research/src/regimes/models/hmm.py:60: RuntimeWarning: divide by zero encountered in log
  prev = np.log(model.startprob_ if prior is None else prior)
Model is not converging.  Current: -1356.2153324360431 is not greater than -1356.215331764951. Delta is -6.710920388286468e-07
Model is not converging.  Current: -1254.8421247544295 is not greater than -1254.842117180722. Delta is -7.573707534902496e-06
/Users/takakhoo/Dev/regime-research/src/regimes/models/hmm.py:60: RuntimeWarning: divide by zero encountered in log
  prev = np.log(model.startprob_ if prior is None else prior)
/Users/takakhoo/Dev/regime-research/src/regimes/models/hmm.py:60: RuntimeWarning: divide by zero encountered in log
  prev = np.log(model.startprob_ if prior is None else prior)
Model is not converging.  Current: -1397.8674580813104 is not greater than -1397.8674577353534. Delta is -3.459570052655181e-07
Model is not converging.  Current: -1299.843637105984 is not greater than -1299.8436339448865. Delta is -3.161097538395552e-06
/Users/takakhoo/Dev/regime-research/src/regimes/models/hmm.py:60: RuntimeWarning: divide by zero encountered in log
  prev = np.log(model.startprob_ if prior is None else prior)
Model is not converging.  Current: -654.469323601358 is not greater than -654.469312334502. Delta is -1.126685606323008e-05
Model is not converging.  Current: -599.2001253636035 is not greater than -599.2001225061043. Delta is -2.8574992256835685e-06
/Users/takakhoo/Dev/regime-research/src/regimes/models/hmm.py:60: RuntimeWarning: divide by zero encountered in log
  prev = np.log(model.startprob_ if prior is None else prior)
Model is not converging.  Current: -644.0496743165437 is not greater than -644.049673845831. Delta is -4.707127345682238e-07
/Users/takakhoo/Dev/regime-research/src/regimes/models/hmm.py:60: RuntimeWarning: divide by zero encountered in log
  prev = np.log(model.startprob_ if prior is None else prior)
Model is not converging.  Current: -1352.9417350024898 is not greater than -1352.9417347251585. Delta is -2.7733130991691723e-07
Model is not converging.  Current: -1352.9417325943261 is not greater than -1352.9417325123652. Delta is -8.196093403967097e-08
Model is not converging.  Current: -639.5547832924414 is not greater than -639.5547810740003. Delta is -2.2184410681802547e-06
/Users/takakhoo/Dev/regime-research/src/regimes/models/hmm.py:60: RuntimeWarning: divide by zero encountered in log
  prev = np.log(model.startprob_ if prior is None else prior)
Model is not converging.  Current: -1379.922396553364 is not greater than -1379.9223950448886. Delta is -1.5084754068084294e-06
Model is not converging.  Current: -691.865418889534 is not greater than -691.865418398159. Delta is -4.913749762636144e-07
/Users/takakhoo/Dev/regime-research/src/regimes/models/hmm.py:60: RuntimeWarning: divide by zero encountered in log
  prev = np.log(model.startprob_ if prior is None else prior)
Model is not converging.  Current: -1379.922392789059 is not greater than -1379.9223888965896. Delta is -3.89246929444198e-06
Model is not converging.  Current: -723.8773843648761 is not greater than -723.8773837575143. Delta is -6.073618123991764e-07
/Users/takakhoo/Dev/regime-research/src/regimes/models/hmm.py:60: RuntimeWarning: divide by zero encountered in log
  prev = np.log(model.startprob_ if prior is None else prior)
Model is not converging.  Current: -1444.5168374513394 is not greater than -1444.516827002577. Delta is -1.0448762395753874e-05
Model is not converging.  Current: -1444.5168366481607 is not greater than -1444.5168283350588. Delta is -8.313101943713264e-06
/Users/takakhoo/Dev/regime-research/src/regimes/models/hmm.py:60: RuntimeWarning: divide by zero encountered in log
  prev = np.log(model.startprob_ if prior is None else prior)
Model is not converging.  Current: -749.9340427546999 is not greater than -749.9340419424753. Delta is -8.122245844788267e-07
/Users/takakhoo/Dev/regime-research/src/regimes/models/hmm.py:60: RuntimeWarning: divide by zero encountered in log
  prev = np.log(model.startprob_ if prior is None else prior)
/Users/takakhoo/Dev/regime-research/src/regimes/models/hmm.py:60: RuntimeWarning: divide by zero encountered in log
  prev = np.log(model.startprob_ if prior is None else prior)
Model is not converging.  Current: -1507.6827836559592 is not greater than -1507.6827836164696. Delta is -3.9489577829954214e-08
Model is not converging.  Current: -690.883844219959 is not greater than -690.8837052094823. Delta is -0.00013901047668696265
Model is not converging.  Current: -1507.6827838525335 is not greater than -1507.6827832878544. Delta is -5.646791123581352e-07
Model is not converging.  Current: -1507.6827838349884 is not greater than -1507.682783160893. Delta is -6.740954177075764e-07
Model is not converging.  Current: -690.8842125698479 is not greater than -690.8842123084069. Delta is -2.614410732348915e-07
/Users/takakhoo/Dev/regime-research/src/regimes/models/hmm.py:60: RuntimeWarning: divide by zero encountered in log
  prev = np.log(model.startprob_ if prior is None else prior)
Model is not converging.  Current: -814.7429182102841 is not greater than -814.7429153845026. Delta is -2.8257815074539394e-06
Model is not converging.  Current: -814.7429182584092 is not greater than -814.7429173359842. Delta is -9.22424987948034e-07
/Users/takakhoo/Dev/regime-research/src/regimes/models/hmm.py:60: RuntimeWarning: divide by zero encountered in log
  prev = np.log(model.startprob_ if prior is None else prior)
Model is not converging.  Current: -832.7283408907431 is not greater than -832.7283390859158. Delta is -1.804827320484037e-06
Model is not converging.  Current: -757.0848353670257 is not greater than -757.084832439218. Delta is -2.9278077136041247e-06
Model is not converging.  Current: -861.4403374894481 is not greater than -861.4403362391927. Delta is -1.2502554227467044e-06
Model is not converging.  Current: -861.4403382947335 is not greater than -861.4403370528378. Delta is -1.2418956885085208e-06
/Users/takakhoo/Dev/regime-research/src/regimes/models/hmm.py:60: RuntimeWarning: divide by zero encountered in log
  prev = np.log(model.startprob_ if prior is None else prior)
Model is not converging.  Current: -869.4502890640679 is not greater than -869.450287087149. Delta is -1.976918838408892e-06
/Users/takakhoo/Dev/regime-research/src/regimes/models/hmm.py:60: RuntimeWarning: divide by zero encountered in log
  prev = np.log(model.startprob_ if prior is None else prior)
Model is not converging.  Current: -1738.8900034110297 is not greater than -1738.8899978175195. Delta is -5.593510195467388e-06
Model is not converging.  Current: -920.2333468908743 is not greater than -920.233343206038. Delta is -3.6848363151875674e-06
/Users/takakhoo/Dev/regime-research/src/regimes/models/hmm.py:60: RuntimeWarning: divide by zero encountered in log
  prev = np.log(model.startprob_ if prior is None else prior)
Model is not converging.  Current: -992.4025498298696 is not greater than -992.4025497433018. Delta is -8.65677520778263e-08
Model is not converging.  Current: -995.3747469389958 is not greater than -995.3747452684656. Delta is -1.6705301959518692e-06
Model is not converging.  Current: -995.3747470543257 is not greater than -995.374745180835. Delta is -1.8734906461759238e-06
/Users/takakhoo/Dev/regime-research/src/regimes/models/hmm.py:60: RuntimeWarning: divide by zero encountered in log
  prev = np.log(model.startprob_ if prior is None else prior)
Model is not converging.  Current: -1998.4992076018461 is not greater than -1998.4992065424196. Delta is -1.0594264949759236e-06
/Users/takakhoo/Dev/regime-research/src/regimes/models/hmm.py:60: RuntimeWarning: divide by zero encountered in log
  prev = np.log(model.startprob_ if prior is None else prior)
/Users/takakhoo/Dev/regime-research/src/regimes/models/hmm.py:60: RuntimeWarning: divide by zero encountered in log
  prev = np.log(model.startprob_ if prior is None else prior)
Model is not converging.  Current: -965.770185792128 is not greater than -965.7701733408786. Delta is -1.2451249403966358e-05
Model is not converging.  Current: -965.770188076811 is not greater than -965.7701740778504. Delta is -1.3998960639582947e-05
Model is not converging.  Current: -956.3578714558961 is not greater than -956.3578599985792. Delta is -1.1457316873020318e-05
/Users/takakhoo/Dev/regime-research/src/regimes/models/hmm.py:60: RuntimeWarning: divide by zero encountered in log
  prev = np.log(model.startprob_ if prior is None else prior)
Model is not converging.  Current: -1105.3276016021468 is not greater than -1105.327598788904. Delta is -2.8132428724347847e-06
Model is not converging.  Current: -976.1293377737676 is not greater than -976.1293360373251. Delta is -1.7364425275445683e-06
/Users/takakhoo/Dev/regime-research/src/regimes/models/hmm.py:60: RuntimeWarning: divide by zero encountered in log
  prev = np.log(model.startprob_ if prior is None else prior)
Model is not converging.  Current: -1021.4905337985932 is not greater than -1021.4905108757298. Delta is -2.2922863422536466e-05
/Users/takakhoo/Dev/regime-research/src/regimes/models/hmm.py:60: RuntimeWarning: divide by zero encountered in log
  prev = np.log(model.startprob_ if prior is None else prior)
Model is not converging.  Current: -1077.0165246144122 is not greater than -1077.0164955775228. Delta is -2.903688937294646e-05
/Users/takakhoo/Dev/regime-research/src/regimes/models/hmm.py:60: RuntimeWarning: divide by zero encountered in log
  prev = np.log(model.startprob_ if prior is None else prior)
/Users/takakhoo/Dev/regime-research/src/regimes/models/hmm.py:60: RuntimeWarning: divide by zero encountered in log
  prev = np.log(model.startprob_ if prior is None else prior)
/Users/takakhoo/Dev/regime-research/src/regimes/models/hmm.py:60: RuntimeWarning: divide by zero encountered in log
  prev = np.log(model.startprob_ if prior is None else prior)
Model is not converging.  Current: -1253.4855430824314 is not greater than -1253.4855420331912. Delta is -1.0492401543160668e-06
Model is not converging.  Current: -2263.3384304966135 is not greater than -2263.3384298530846. Delta is -6.435288923967164e-07
/Users/takakhoo/Dev/regime-research/src/regimes/models/hmm.py:60: RuntimeWarning: divide by zero encountered in log
  prev = np.log(model.startprob_ if prior is None else prior)
/Users/takakhoo/Dev/regime-research/src/regimes/models/hmm.py:60: RuntimeWarning: divide by zero encountered in log
  prev = np.log(model.startprob_ if prior is None else prior)
/Users/takakhoo/Dev/regime-research/src/regimes/models/hmm.py:60: RuntimeWarning: divide by zero encountered in log
  prev = np.log(model.startprob_ if prior is None else prior)
Model is not converging.  Current: -1309.9689626915172 is not greater than -1309.9689617915967. Delta is -8.999204510473646e-07
Model is not converging.  Current: -1309.9689623961924 is not greater than -1309.9689616557766. Delta is -7.404157713608583e-07
Model is not converging.  Current: -2191.2780707870807 is not greater than -2191.2780699017744. Delta is -8.853062354319263e-07
Model is not converging.  Current: -2305.0677436006745 is not greater than -2305.0677433511514. Delta is -2.4952305466285907e-07
/Users/takakhoo/Dev/regime-research/src/regimes/models/hmm.py:60: RuntimeWarning: divide by zero encountered in log
  prev = np.log(model.startprob_ if prior is None else prior)
Model is not converging.  Current: -1281.6995253348266 is not greater than -1281.699523816127. Delta is -1.5186994914984098e-06
Model is not converging.  Current: -1356.2153324360431 is not greater than -1356.215331764951. Delta is -6.710920388286468e-07
Model is not converging.  Current: -2343.2035372083155 is not greater than -2343.2035366535924. Delta is -5.547231012315024e-07
/Users/takakhoo/Dev/regime-research/src/regimes/models/hmm.py:60: RuntimeWarning: divide by zero encountered in log
  prev = np.log(model.startprob_ if prior is None else prior)
Model is not converging.  Current: -1254.8421247544295 is not greater than -1254.842117180722. Delta is -7.573707534902496e-06
/Users/takakhoo/Dev/regime-research/src/regimes/models/hmm.py:60: RuntimeWarning: divide by zero encountered in log
  prev = np.log(model.startprob_ if prior is None else prior)
/Users/takakhoo/Dev/regime-research/src/regimes/models/hmm.py:60: RuntimeWarning: divide by zero encountered in log
  prev = np.log(model.startprob_ if prior is None else prior)
Model is not converging.  Current: -2388.5699697276627 is not greater than -2388.569969209522. Delta is -5.181409505894408e-07
Model is not converging.  Current: -1397.8674580813104 is not greater than -1397.8674577353534. Delta is -3.459570052655181e-07
Model is not converging.  Current: -1299.843637105984 is not greater than -1299.8436339448865. Delta is -3.161097538395552e-06
/Users/takakhoo/Dev/regime-research/src/regimes/models/hmm.py:60: RuntimeWarning: divide by zero encountered in log
  prev = np.log(model.startprob_ if prior is None else prior)
Model is not converging.  Current: -2426.8351665917335 is not greater than -2426.8351662874593. Delta is -3.0427418096223846e-07
/Users/takakhoo/Dev/regime-research/src/regimes/models/hmm.py:60: RuntimeWarning: divide by zero encountered in log
  prev = np.log(model.startprob_ if prior is None else prior)
Model is not converging.  Current: -1352.9417350024898 is not greater than -1352.9417347251585. Delta is -2.7733130991691723e-07
Model is not converging.  Current: -1352.9417325943261 is not greater than -1352.9417325123652. Delta is -8.196093403967097e-08
Model is not converging.  Current: -1379.922396553364 is not greater than -1379.9223950448886. Delta is -1.5084754068084294e-06
Model is not converging.  Current: -1379.922392789059 is not greater than -1379.9223888965896. Delta is -3.89246929444198e-06
Model is not converging.  Current: -2387.7471593375208 is not greater than -2387.7471592666902. Delta is -7.083053787937388e-08
Model is not converging.  Current: -1444.5168374513394 is not greater than -1444.516827002577. Delta is -1.0448762395753874e-05
Model is not converging.  Current: -1444.5168366481607 is not greater than -1444.5168283350588. Delta is -8.313101943713264e-06
Model is not converging.  Current: -1507.6827836559592 is not greater than -1507.6827836164696. Delta is -3.9489577829954214e-08
/Users/takakhoo/Dev/regime-research/src/regimes/models/hmm.py:60: RuntimeWarning: divide by zero encountered in log
  prev = np.log(model.startprob_ if prior is None else prior)
Model is not converging.  Current: -1507.6827838525335 is not greater than -1507.6827832878544. Delta is -5.646791123581352e-07
Model is not converging.  Current: -1507.6827838349884 is not greater than -1507.682783160893. Delta is -6.740954177075764e-07
/Users/takakhoo/Dev/regime-research/src/regimes/models/hmm.py:60: RuntimeWarning: divide by zero encountered in log
  prev = np.log(model.startprob_ if prior is None else prior)
/Users/takakhoo/Dev/regime-research/src/regimes/models/hmm.py:60: RuntimeWarning: divide by zero encountered in log
  prev = np.log(model.startprob_ if prior is None else prior)
/Users/takakhoo/Dev/regime-research/src/regimes/models/hmm.py:60: RuntimeWarning: divide by zero encountered in log
  prev = np.log(model.startprob_ if prior is None else prior)
Model is not converging.  Current: -1738.8900034110297 is not greater than -1738.8899978175195. Delta is -5.593510195467388e-06
Model is not converging.  Current: -1654.1925808027213 is not greater than -1654.1925770182308. Delta is -3.784490445468691e-06
Model is not converging.  Current: -1998.4992076018461 is not greater than -1998.4992065424196. Delta is -1.0594264949759236e-06
/Users/takakhoo/Dev/regime-research/src/regimes/models/hmm.py:60: RuntimeWarning: divide by zero encountered in log
  prev = np.log(model.startprob_ if prior is None else prior)
/Users/takakhoo/Dev/regime-research/src/regimes/models/hmm.py:60: RuntimeWarning: divide by zero encountered in log
  prev = np.log(model.startprob_ if prior is None else prior)
/Users/takakhoo/Dev/regime-research/src/regimes/models/hmm.py:60: RuntimeWarning: divide by zero encountered in log
  prev = np.log(model.startprob_ if prior is None else prior)
/Users/takakhoo/Dev/regime-research/src/regimes/models/hmm.py:60: RuntimeWarning: divide by zero encountered in log
  prev = np.log(model.startprob_ if prior is None else prior)
Model is not converging.  Current: -2263.3384304966135 is not greater than -2263.3384298530846. Delta is -6.435288923967164e-07
Model is not converging.  Current: -2191.2780707870807 is not greater than -2191.2780699017744. Delta is -8.853062354319263e-07
Model is not converging.  Current: -2912.665688193829 is not greater than -2912.6656874544674. Delta is -7.393614396278281e-07
Model is not converging.  Current: -2305.0677436006745 is not greater than -2305.0677433511514. Delta is -2.4952305466285907e-07
/Users/takakhoo/Dev/regime-research/src/regimes/models/hmm.py:60: RuntimeWarning: divide by zero encountered in log
  prev = np.log(model.startprob_ if prior is None else prior)
/Users/takakhoo/Dev/regime-research/src/regimes/models/hmm.py:60: RuntimeWarning: divide by zero encountered in log
  prev = np.log(model.startprob_ if prior is None else prior)
Model is not converging.  Current: -1717.2513759587753 is not greater than -1717.2513756626527. Delta is -2.9612260732392315e-07
Model is not converging.  Current: -2343.2035372083155 is not greater than -2343.2035366535924. Delta is -5.547231012315024e-07
/Users/takakhoo/Dev/regime-research/src/regimes/models/hmm.py:60: RuntimeWarning: divide by zero encountered in log
  prev = np.log(model.startprob_ if prior is None else prior)
/Users/takakhoo/Dev/regime-research/src/regimes/models/hmm.py:60: RuntimeWarning: divide by zero encountered in log
  prev = np.log(model.startprob_ if prior is None else prior)
Model is not converging.  Current: -2388.5699697276627 is not greater than -2388.569969209522. Delta is -5.181409505894408e-07
Model is not converging.  Current: -2539.505725904213 is not greater than -2539.505725553515. Delta is -3.506979737721849e-07
/Users/takakhoo/Dev/regime-research/src/regimes/models/hmm.py:60: RuntimeWarning: divide by zero encountered in log
  prev = np.log(model.startprob_ if prior is None else prior)
Model is not converging.  Current: -2426.8351665917335 is not greater than -2426.8351662874593. Delta is -3.0427418096223846e-07
Model is not converging.  Current: -3054.0253433074336 is not greater than -3054.0253415313837. Delta is -1.776049884938402e-06
/Users/takakhoo/Dev/regime-research/src/regimes/models/hmm.py:60: RuntimeWarning: divide by zero encountered in log
  prev = np.log(model.startprob_ if prior is None else prior)
/Users/takakhoo/Dev/regime-research/src/regimes/models/hmm.py:60: RuntimeWarning: divide by zero encountered in log
  prev = np.log(model.startprob_ if prior is None else prior)
/Users/takakhoo/Dev/regime-research/src/regimes/models/hmm.py:60: RuntimeWarning: divide by zero encountered in log
  prev = np.log(model.startprob_ if prior is None else prior)
Model is not converging.  Current: -1971.4988445342615 is not greater than -1971.4988434683946. Delta is -1.0658668543328531e-06
Model is not converging.  Current: -1961.1160874167083 is not greater than -1961.1160872261537. Delta is -1.905546014313586e-07
/Users/takakhoo/Dev/regime-research/src/regimes/models/hmm.py:60: RuntimeWarning: divide by zero encountered in log
  prev = np.log(model.startprob_ if prior is None else prior)
/Users/takakhoo/Dev/regime-research/src/regimes/models/hmm.py:60: RuntimeWarning: divide by zero encountered in log
  prev = np.log(model.startprob_ if prior is None else prior)
/Users/takakhoo/Dev/regime-research/src/regimes/models/hmm.py:60: RuntimeWarning: divide by zero encountered in log
  prev = np.log(model.startprob_ if prior is None else prior)
Model is not converging.  Current: -477.0345352065843 is not greater than -477.034532088115. Delta is -3.1184692943497794e-06
Model is not converging.  Current: -378.4223124621776 is not greater than -378.4223075213871. Delta is -4.940790518048743e-06
Model is not converging.  Current: -406.9828926726007 is not greater than -406.9828846118885. Delta is -8.060712218593835e-06
Model is not converging.  Current: -476.4258811137803 is not greater than -476.4258735933866. Delta is -7.520393694449012e-06
/Users/takakhoo/Dev/regime-research/src/regimes/models/hmm.py:60: RuntimeWarning: divide by zero encountered in log
  prev = np.log(model.startprob_ if prior is None else prior)
/Users/takakhoo/Dev/regime-research/src/regimes/models/hmm.py:60: RuntimeWarning: divide by zero encountered in log
  prev = np.log(model.startprob_ if prior is None else prior)
Model is not converging.  Current: -524.7852064621743 is not greater than -524.7852045175515. Delta is -1.944622795235773e-06
Model is not converging.  Current: -516.7026230926577 is not greater than -516.7024783484952. Delta is -0.0001447441625259671
Model is not converging.  Current: -471.2263123191984 is not greater than -471.2263118169746. Delta is -5.022238269702939e-07
Model is not converging.  Current: -511.97707403494434 is not greater than -511.9769705935112. Delta is -0.00010344143311158405
/Users/takakhoo/Dev/regime-research/src/regimes/models/hmm.py:60: RuntimeWarning: divide by zero encountered in log
  prev = np.log(model.startprob_ if prior is None else prior)
Model is not converging.  Current: -558.3731103292694 is not greater than -558.3731092088391. Delta is -1.1204302836631541e-06
Model is not converging.  Current: -555.348809966501 is not greater than -555.3486997988225. Delta is -0.00011016767848559539
Model is not converging.  Current: -596.0945288718352 is not greater than -596.0945108422895. Delta is -1.8029545685749326e-05
Model is not converging.  Current: -446.59692790144106 is not greater than -446.5969278077511. Delta is -9.368994824399124e-08
Model is not converging.  Current: -528.3054829097775 is not greater than -528.3054788645201. Delta is -4.045257469442731e-06
/Users/takakhoo/Dev/regime-research/src/regimes/models/hmm.py:60: RuntimeWarning: divide by zero encountered in log
  prev = np.log(model.startprob_ if prior is None else prior)
/Users/takakhoo/Dev/regime-research/src/regimes/models/hmm.py:60: RuntimeWarning: divide by zero encountered in log
  prev = np.log(model.startprob_ if prior is None else prior)
Model is not converging.  Current: -610.4670978660916 is not greater than -610.4670955803798. Delta is -2.2857118437968893e-06
Model is not converging.  Current: -594.5296926969025 is not greater than -594.5296913984328. Delta is -1.2984697832507663e-06
/Users/takakhoo/Dev/regime-research/src/regimes/models/hmm.py:60: RuntimeWarning: divide by zero encountered in log
  prev = np.log(model.startprob_ if prior is None else prior)
Model is not converging.  Current: -2692.826624390628 is not greater than -2692.8266240581665. Delta is -3.3246124075958505e-07
Model is not converging.  Current: -501.324990061767 is not greater than -501.32498240564536. Delta is -7.656121624677326e-06
/Users/takakhoo/Dev/regime-research/src/regimes/models/hmm.py:60: RuntimeWarning: divide by zero encountered in log
  prev = np.log(model.startprob_ if prior is None else prior)
Model is not converging.  Current: -654.469323601358 is not greater than -654.469312334502. Delta is -1.126685606323008e-05
Model is not converging.  Current: -599.2001253636035 is not greater than -599.2001225061043. Delta is -2.8574992256835685e-06
Model is not converging.  Current: -672.8820085023358 is not greater than -672.8820080451444. Delta is -4.571913905238034e-07
Model is not converging.  Current: -2912.665688193829 is not greater than -2912.6656874544674. Delta is -7.393614396278281e-07
Model is not converging.  Current: -1717.2513759587753 is not greater than -1717.2513756626527. Delta is -2.9612260732392315e-07
/Users/takakhoo/Dev/regime-research/src/regimes/models/hmm.py:60: RuntimeWarning: divide by zero encountered in log
  prev = np.log(model.startprob_ if prior is None else prior)
/Users/takakhoo/Dev/regime-research/src/regimes/models/hmm.py:60: RuntimeWarning: divide by zero encountered in log
  prev = np.log(model.startprob_ if prior is None else prior)
/Users/takakhoo/Dev/regime-research/src/regimes/models/hmm.py:60: RuntimeWarning: divide by zero encountered in log
  prev = np.log(model.startprob_ if prior is None else prior)
Model is not converging.  Current: -644.0496743165437 is not greater than -644.049673845831. Delta is -4.707127345682238e-07
Model is not converging.  Current: -625.1123353745025 is not greater than -625.1120805646638. Delta is -0.0002548098387933351
Model is not converging.  Current: -480.49377383406676 is not greater than -480.4925937818511. Delta is -0.0011800522156590887
/Users/takakhoo/Dev/regime-research/src/regimes/models/hmm.py:60: RuntimeWarning: divide by zero encountered in log
  prev = np.log(model.startprob_ if prior is None else prior)
Model is not converging.  Current: -2387.7471593375208 is not greater than -2387.7471592666902. Delta is -7.083053787937388e-08
/Users/takakhoo/Dev/regime-research/src/regimes/models/hmm.py:60: RuntimeWarning: divide by zero encountered in log
  prev = np.log(model.startprob_ if prior is None else prior)
Model is not converging.  Current: -639.5547832924414 is not greater than -639.5547810740003. Delta is -2.2184410681802547e-06
/Users/takakhoo/Dev/regime-research/src/regimes/models/hmm.py:60: RuntimeWarning: divide by zero encountered in log
  prev = np.log(model.startprob_ if prior is None else prior)
/Users/takakhoo/Dev/regime-research/src/regimes/models/hmm.py:60: RuntimeWarning: divide by zero encountered in log
  prev = np.log(model.startprob_ if prior is None else prior)
Model is not converging.  Current: -691.865418889534 is not greater than -691.865418398159. Delta is -4.913749762636144e-07
/Users/takakhoo/Dev/regime-research/src/regimes/models/hmm.py:60: RuntimeWarning: divide by zero encountered in log
  prev = np.log(model.startprob_ if prior is None else prior)
Model is not converging.  Current: -3054.0253433074336 is not greater than -3054.0253415313837. Delta is -1.776049884938402e-06
Model is not converging.  Current: -723.8773843648761 is not greater than -723.8773837575143. Delta is -6.073618123991764e-07
/Users/takakhoo/Dev/regime-research/src/regimes/models/hmm.py:60: RuntimeWarning: divide by zero encountered in log
  prev = np.log(model.startprob_ if prior is None else prior)
/Users/takakhoo/Dev/regime-research/src/regimes/models/hmm.py:60: RuntimeWarning: divide by zero encountered in log
  prev = np.log(model.startprob_ if prior is None else prior)
/Users/takakhoo/Dev/regime-research/src/regimes/models/hmm.py:60: RuntimeWarning: divide by zero encountered in log
  prev = np.log(model.startprob_ if prior is None else prior)
Model is not converging.  Current: -1971.4988445342615 is not greater than -1971.4988434683946. Delta is -1.0658668543328531e-06
Model is not converging.  Current: -749.9340427546999 is not greater than -749.9340419424753. Delta is -8.122245844788267e-07
Model is not converging.  Current: -1961.1160874167083 is not greater than -1961.1160872261537. Delta is -1.905546014313586e-07
Model is not converging.  Current: -510.88428874315144 is not greater than -510.8841950421372. Delta is -9.370101423655797e-05
/Users/takakhoo/Dev/regime-research/src/regimes/models/hmm.py:60: RuntimeWarning: divide by zero encountered in log
  prev = np.log(model.startprob_ if prior is None else prior)
Model is not converging.  Current: -1897.9199437482957 is not greater than -1897.9199427297879. Delta is -1.0185078735958086e-06
Model is not converging.  Current: -690.883844219959 is not greater than -690.8837052094823. Delta is -0.00013901047668696265
Model is not converging.  Current: -690.8842125698479 is not greater than -690.8842123084069. Delta is -2.614410732348915e-07
Model is not converging.  Current: -551.3017925565229 is not greater than -551.3017208278286. Delta is -7.172869425176032e-05
/Users/takakhoo/Dev/regime-research/src/regimes/models/hmm.py:60: RuntimeWarning: divide by zero encountered in log
  prev = np.log(model.startprob_ if prior is None else prior)
Model is not converging.  Current: -814.7429182102841 is not greater than -814.7429153845026. Delta is -2.8257815074539394e-06
Model is not converging.  Current: -814.7429182584092 is not greater than -814.7429173359842. Delta is -9.22424987948034e-07
Model is not converging.  Current: -629.1614688703916 is not greater than -629.1614687841521. Delta is -8.623942449048627e-08
Model is not converging.  Current: -587.4277179903619 is not greater than -587.4276653599138. Delta is -5.2630448067247926e-05
Model is not converging.  Current: -477.0345352065843 is not greater than -477.034532088115. Delta is -3.1184692943497794e-06
Model is not converging.  Current: -587.4276257637996 is not greater than -587.4275550813541. Delta is -7.068244553920522e-05
/Users/takakhoo/Dev/regime-research/src/regimes/models/hmm.py:60: RuntimeWarning: divide by zero encountered in log
  prev = np.log(model.startprob_ if prior is None else prior)
/Users/takakhoo/Dev/regime-research/src/regimes/models/hmm.py:60: RuntimeWarning: divide by zero encountered in log
  prev = np.log(model.startprob_ if prior is None else prior)
/Users/takakhoo/Dev/regime-research/src/regimes/models/hmm.py:60: RuntimeWarning: divide by zero encountered in log
  prev = np.log(model.startprob_ if prior is None else prior)
Model is not converging.  Current: -378.4223124621776 is not greater than -378.4223075213871. Delta is -4.940790518048743e-06
/Users/takakhoo/Dev/regime-research/src/regimes/models/hmm.py:60: RuntimeWarning: divide by zero encountered in log
  prev = np.log(model.startprob_ if prior is None else prior)
Model is not converging.  Current: -406.9828926726007 is not greater than -406.9828846118885. Delta is -8.060712218593835e-06
Model is not converging.  Current: -476.4258811137803 is not greater than -476.4258735933866. Delta is -7.520393694449012e-06
/Users/takakhoo/Dev/regime-research/src/regimes/models/hmm.py:60: RuntimeWarning: divide by zero encountered in log
  prev = np.log(model.startprob_ if prior is None else prior)
Model is not converging.  Current: -832.7283408907431 is not greater than -832.7283390859158. Delta is -1.804827320484037e-06
Model is not converging.  Current: -757.0848353670257 is not greater than -757.084832439218. Delta is -2.9278077136041247e-06
Model is not converging.  Current: -615.7446175625876 is not greater than -615.7446089611872. Delta is -8.60140039549151e-06
Model is not converging.  Current: -524.7852064621743 is not greater than -524.7852045175515. Delta is -1.944622795235773e-06
Model is not converging.  Current: -643.6246761055182 is not greater than -643.624598736732. Delta is -7.736878626474208e-05
Model is not converging.  Current: -516.7026230926577 is not greater than -516.7024783484952. Delta is -0.0001447441625259671
Model is not converging.  Current: -471.2263123191984 is not greater than -471.2263118169746. Delta is -5.022238269702939e-07
Model is not converging.  Current: -511.97707403494434 is not greater than -511.9769705935112. Delta is -0.00010344143311158405
/Users/takakhoo/Dev/regime-research/src/regimes/models/hmm.py:60: RuntimeWarning: divide by zero encountered in log
  prev = np.log(model.startprob_ if prior is None else prior)
/Users/takakhoo/Dev/regime-research/src/regimes/models/hmm.py:60: RuntimeWarning: divide by zero encountered in log
  prev = np.log(model.startprob_ if prior is None else prior)
Model is not converging.  Current: -861.4403374894481 is not greater than -861.4403362391927. Delta is -1.2502554227467044e-06
/Users/takakhoo/Dev/regime-research/src/regimes/models/hmm.py:60: RuntimeWarning: divide by zero encountered in log
  prev = np.log(model.startprob_ if prior is None else prior)
Model is not converging.  Current: -558.3731103292694 is not greater than -558.3731092088391. Delta is -1.1204302836631541e-06
Model is not converging.  Current: -555.348809966501 is not greater than -555.3486997988225. Delta is -0.00011016767848559539
Model is not converging.  Current: -861.4403382947335 is not greater than -861.4403370528378. Delta is -1.2418956885085208e-06
Model is not converging.  Current: -596.0945288718352 is not greater than -596.0945108422895. Delta is -1.8029545685749326e-05
Model is not converging.  Current: -446.59692790144106 is not greater than -446.5969278077511. Delta is -9.368994824399124e-08
Model is not converging.  Current: -528.3054829097775 is not greater than -528.3054788645201. Delta is -4.045257469442731e-06
Model is not converging.  Current: -647.1292847156182 is not greater than -647.1292724605706. Delta is -1.2255047522558016e-05
Model is not converging.  Current: -645.4112498710152 is not greater than -645.4112333397402. Delta is -1.6531275036868465e-05
/Users/takakhoo/Dev/regime-research/src/regimes/models/hmm.py:60: RuntimeWarning: divide by zero encountered in log
  prev = np.log(model.startprob_ if prior is None else prior)
Model is not converging.  Current: -689.580087465696 is not greater than -689.5796267898718. Delta is -0.00046067582422892883
Model is not converging.  Current: -649.3023177168071 is not greater than -649.3021965420577. Delta is -0.00012117474943806883
Model is not converging.  Current: -610.4670978660916 is not greater than -610.4670955803798. Delta is -2.2857118437968893e-06
/Users/takakhoo/Dev/regime-research/src/regimes/models/hmm.py:60: RuntimeWarning: divide by zero encountered in log
  prev = np.log(model.startprob_ if prior is None else prior)
Model is not converging.  Current: -594.5296926969025 is not greater than -594.5296913984328. Delta is -1.2984697832507663e-06
Model is not converging.  Current: -869.4502890640679 is not greater than -869.450287087149. Delta is -1.976918838408892e-06
/Users/takakhoo/Dev/regime-research/src/regimes/models/hmm.py:60: RuntimeWarning: divide by zero encountered in log
  prev = np.log(model.startprob_ if prior is None else prior)
Model is not converging.  Current: -657.7094193417965 is not greater than -657.7094053672988. Delta is -1.3974497733215685e-05
Model is not converging.  Current: -1900.066005126506 is not greater than -1900.066004436091. Delta is -6.904151632625144e-07
/Users/takakhoo/Dev/regime-research/src/regimes/models/hmm.py:60: RuntimeWarning: divide by zero encountered in log
  prev = np.log(model.startprob_ if prior is None else prior)
/Users/takakhoo/Dev/regime-research/src/regimes/models/hmm.py:60: RuntimeWarning: divide by zero encountered in log
  prev = np.log(model.startprob_ if prior is None else prior)
/Users/takakhoo/Dev/regime-research/src/regimes/models/hmm.py:60: RuntimeWarning: divide by zero encountered in log
  prev = np.log(model.startprob_ if prior is None else prior)
Model is not converging.  Current: -501.324990061767 is not greater than -501.32498240564536. Delta is -7.656121624677326e-06
/Users/takakhoo/Dev/regime-research/src/regimes/models/hmm.py:60: RuntimeWarning: divide by zero encountered in log
  prev = np.log(model.startprob_ if prior is None else prior)
/Users/takakhoo/Dev/regime-research/src/regimes/models/hmm.py:60: RuntimeWarning: divide by zero encountered in log
  prev = np.log(model.startprob_ if prior is None else prior)
/Users/takakhoo/Dev/regime-research/src/regimes/models/hmm.py:60: RuntimeWarning: divide by zero encountered in log
  prev = np.log(model.startprob_ if prior is None else prior)
Model is not converging.  Current: -654.469323601358 is not greater than -654.469312334502. Delta is -1.126685606323008e-05
Model is not converging.  Current: -684.4274764813755 is not greater than -684.4274686964666. Delta is -7.784908916619315e-06
Model is not converging.  Current: -599.2001253636035 is not greater than -599.2001225061043. Delta is -2.8574992256835685e-06
Model is not converging.  Current: -731.2983877033988 is not greater than -731.2979329359898. Delta is -0.00045476740899630386
Model is not converging.  Current: -672.8820085023358 is not greater than -672.8820080451444. Delta is -4.571913905238034e-07
/Users/takakhoo/Dev/regime-research/src/regimes/models/hmm.py:60: RuntimeWarning: divide by zero encountered in log
  prev = np.log(model.startprob_ if prior is None else prior)
/Users/takakhoo/Dev/regime-research/src/regimes/models/hmm.py:60: RuntimeWarning: divide by zero encountered in log
  prev = np.log(model.startprob_ if prior is None else prior)
Model is not converging.  Current: -920.2333468908743 is not greater than -920.233343206038. Delta is -3.6848363151875674e-06
Model is not converging.  Current: -644.0496743165437 is not greater than -644.049673845831. Delta is -4.707127345682238e-07
Model is not converging.  Current: -696.5973187513225 is not greater than -696.5973114161304. Delta is -7.335192094615195e-06
Model is not converging.  Current: -1897.9199437482957 is not greater than -1897.9199427297879. Delta is -1.0185078735958086e-06
Model is not converging.  Current: -625.1123353745025 is not greater than -625.1120805646638. Delta is -0.0002548098387933351
/Users/takakhoo/Dev/regime-research/src/regimes/models/hmm.py:60: RuntimeWarning: divide by zero encountered in log
  prev = np.log(model.startprob_ if prior is None else prior)
Model is not converging.  Current: -480.49377383406676 is not greater than -480.4925937818511. Delta is -0.0011800522156590887
Model is not converging.  Current: -2539.505725904213 is not greater than -2539.505725553515. Delta is -3.506979737721849e-07
/Users/takakhoo/Dev/regime-research/src/regimes/models/hmm.py:60: RuntimeWarning: divide by zero encountered in log
  prev = np.log(model.startprob_ if prior is None else prior)
Model is not converging.  Current: -1107.6543380735238 is not greater than -1107.6543344948125. Delta is -3.5787113574770046e-06
Model is not converging.  Current: -639.5547832924414 is not greater than -639.5547810740003. Delta is -2.2184410681802547e-06
Model is not converging.  Current: -765.1983394627013 is not greater than -765.1971942146325. Delta is -0.0011452480687239586
Model is not converging.  Current: -761.9843117661436 is not greater than -761.9835127491651. Delta is -0.0007990169784761747
/Users/takakhoo/Dev/regime-research/src/regimes/models/hmm.py:60: RuntimeWarning: divide by zero encountered in log
  prev = np.log(model.startprob_ if prior is None else prior)
/Users/takakhoo/Dev/regime-research/src/regimes/models/hmm.py:60: RuntimeWarning: divide by zero encountered in log
  prev = np.log(model.startprob_ if prior is None else prior)
Model is not converging.  Current: -992.4025498298696 is not greater than -992.4025497433018. Delta is -8.65677520778263e-08
Model is not converging.  Current: -995.3747469389958 is not greater than -995.3747452684656. Delta is -1.6705301959518692e-06
Model is not converging.  Current: -995.3747470543257 is not greater than -995.374745180835. Delta is -1.8734906461759238e-06
Model is not converging.  Current: -691.865418889534 is not greater than -691.865418398159. Delta is -4.913749762636144e-07
/Users/takakhoo/Dev/regime-research/src/regimes/models/hmm.py:60: RuntimeWarning: divide by zero encountered in log
  prev = np.log(model.startprob_ if prior is None else prior)
/Users/takakhoo/Dev/regime-research/src/regimes/models/hmm.py:60: RuntimeWarning: divide by zero encountered in log
  prev = np.log(model.startprob_ if prior is None else prior)
Model is not converging.  Current: -991.4586196289664 is not greater than -991.4586166249619. Delta is -3.0040044975976343e-06
/Users/takakhoo/Dev/regime-research/src/regimes/models/hmm.py:60: RuntimeWarning: divide by zero encountered in log
  prev = np.log(model.startprob_ if prior is None else prior)
/Users/takakhoo/Dev/regime-research/src/regimes/models/hmm.py:60: RuntimeWarning: divide by zero encountered in log
  prev = np.log(model.startprob_ if prior is None else prior)
Model is not converging.  Current: -723.8773843648761 is not greater than -723.8773837575143. Delta is -6.073618123991764e-07
Model is not converging.  Current: -777.0141625435405 is not greater than -777.0140914028134. Delta is -7.114072707281593e-05
/Users/takakhoo/Dev/regime-research/src/regimes/models/hmm.py:60: RuntimeWarning: divide by zero encountered in log
  prev = np.log(model.startprob_ if prior is None else prior)
/Users/takakhoo/Dev/regime-research/src/regimes/models/hmm.py:60: RuntimeWarning: divide by zero encountered in log
  prev = np.log(model.startprob_ if prior is None else prior)
/Users/takakhoo/Dev/regime-research/src/regimes/models/hmm.py:60: RuntimeWarning: divide by zero encountered in log
  prev = np.log(model.startprob_ if prior is None else prior)
Model is not converging.  Current: -749.9340427546999 is not greater than -749.9340419424753. Delta is -8.122245844788267e-07
Model is not converging.  Current: -2387.7471593375208 is not greater than -2387.7471592666902. Delta is -7.083053787937388e-08
Model is not converging.  Current: -510.88428874315144 is not greater than -510.8841950421372. Delta is -9.370101423655797e-05
/Users/takakhoo/Dev/regime-research/src/regimes/models/hmm.py:60: RuntimeWarning: divide by zero encountered in log
  prev = np.log(model.startprob_ if prior is None else prior)
Model is not converging.  Current: -1900.066005126506 is not greater than -1900.066004436091. Delta is -6.904151632625144e-07
/Users/takakhoo/Dev/regime-research/src/regimes/models/hmm.py:60: RuntimeWarning: divide by zero encountered in log
  prev = np.log(model.startprob_ if prior is None else prior)
Model is not converging.  Current: -690.883844219959 is not greater than -690.8837052094823. Delta is -0.00013901047668696265
Model is not converging.  Current: -690.8842125698479 is not greater than -690.8842123084069. Delta is -2.614410732348915e-07
Model is not converging.  Current: -806.7624682177017 is not greater than -806.7624194929508. Delta is -4.8724750854489685e-05
Model is not converging.  Current: -835.455930600604 is not greater than -835.4559026176175. Delta is -2.798298646666808e-05
Model is not converging.  Current: -795.280717665669 is not greater than -795.2807081933215. Delta is -9.472347528571845e-06
/Users/takakhoo/Dev/regime-research/src/regimes/models/hmm.py:60: RuntimeWarning: divide by zero encountered in log
  prev = np.log(model.startprob_ if prior is None else prior)
Model is not converging.  Current: -551.3017925565229 is not greater than -551.3017208278286. Delta is -7.172869425176032e-05
/Users/takakhoo/Dev/regime-research/src/regimes/models/hmm.py:60: RuntimeWarning: divide by zero encountered in log
  prev = np.log(model.startprob_ if prior is None else prior)
/Users/takakhoo/Dev/regime-research/src/regimes/models/hmm.py:60: RuntimeWarning: divide by zero encountered in log
  prev = np.log(model.startprob_ if prior is None else prior)
Model is not converging.  Current: -965.770185792128 is not greater than -965.7701733408786. Delta is -1.2451249403966358e-05
Model is not converging.  Current: -965.770188076811 is not greater than -965.7701740778504. Delta is -1.3998960639582947e-05
Model is not converging.  Current: -956.3578714558961 is not greater than -956.3578599985792. Delta is -1.1457316873020318e-05
Model is not converging.  Current: -814.7429182102841 is not greater than -814.7429153845026. Delta is -2.8257815074539394e-06
Model is not converging.  Current: -853.087794090638 is not greater than -853.0877870511445. Delta is -7.0394935391959734e-06
Model is not converging.  Current: -813.4740464585572 is not greater than -813.4740379161047. Delta is -8.542452405890799e-06
Model is not converging.  Current: -814.7429182584092 is not greater than -814.7429173359842. Delta is -9.22424987948034e-07
Model is not converging.  Current: -821.7047751229038 is not greater than -821.7047332883832. Delta is -4.18345206298909e-05
Model is not converging.  Current: -629.1614688703916 is not greater than -629.1614687841521. Delta is -8.623942449048627e-08
/Users/takakhoo/Dev/regime-research/src/regimes/models/hmm.py:60: RuntimeWarning: divide by zero encountered in log
  prev = np.log(model.startprob_ if prior is None else prior)
Model is not converging.  Current: -587.4277179903619 is not greater than -587.4276653599138. Delta is -5.2630448067247926e-05
Model is not converging.  Current: -587.4276257637996 is not greater than -587.4275550813541. Delta is -7.068244553920522e-05
/Users/takakhoo/Dev/regime-research/src/regimes/models/hmm.py:60: RuntimeWarning: divide by zero encountered in log
  prev = np.log(model.startprob_ if prior is None else prior)
Model is not converging.  Current: -1244.8889837808106 is not greater than -1244.8889782553883. Delta is -5.525422238861211e-06
Model is not converging.  Current: -1105.3276016021468 is not greater than -1105.327598788904. Delta is -2.8132428724347847e-06
Model is not converging.  Current: -976.1293377737676 is not greater than -976.1293360373251. Delta is -1.7364425275445683e-06
/Users/takakhoo/Dev/regime-research/src/regimes/models/hmm.py:60: RuntimeWarning: divide by zero encountered in log
  prev = np.log(model.startprob_ if prior is None else prior)
Model is not converging.  Current: -832.7283408907431 is not greater than -832.7283390859158. Delta is -1.804827320484037e-06
Model is not converging.  Current: -757.0848353670257 is not greater than -757.084832439218. Delta is -2.9278077136041247e-06
/Users/takakhoo/Dev/regime-research/src/regimes/models/hmm.py:60: RuntimeWarning: divide by zero encountered in log
  prev = np.log(model.startprob_ if prior is None else prior)
Model is not converging.  Current: -1301.2806820128264 is not greater than -1301.2806758729182. Delta is -6.139908236946212e-06
Model is not converging.  Current: -615.7446175625876 is not greater than -615.7446089611872. Delta is -8.60140039549151e-06
Model is not converging.  Current: -1021.4905337985932 is not greater than -1021.4905108757298. Delta is -2.2922863422536466e-05
Model is not converging.  Current: -643.6246761055182 is not greater than -643.624598736732. Delta is -7.736878626474208e-05
/Users/takakhoo/Dev/regime-research/src/regimes/models/hmm.py:60: RuntimeWarning: divide by zero encountered in log
  prev = np.log(model.startprob_ if prior is None else prior)
/Users/takakhoo/Dev/regime-research/src/regimes/models/hmm.py:60: RuntimeWarning: divide by zero encountered in log
  prev = np.log(model.startprob_ if prior is None else prior)
Model is not converging.  Current: -861.4403374894481 is not greater than -861.4403362391927. Delta is -1.2502554227467044e-06
Model is not converging.  Current: -910.1455199235224 is not greater than -910.1455132363352. Delta is -6.687187237730541e-06
Model is not converging.  Current: -861.4403382947335 is not greater than -861.4403370528378. Delta is -1.2418956885085208e-06
Model is not converging.  Current: -1149.775937756424 is not greater than -1149.775937737509. Delta is -1.8914988686447032e-08
/Users/takakhoo/Dev/regime-research/src/regimes/models/hmm.py:60: RuntimeWarning: divide by zero encountered in log
  prev = np.log(model.startprob_ if prior is None else prior)
/Users/takakhoo/Dev/regime-research/src/regimes/models/hmm.py:60: RuntimeWarning: divide by zero encountered in log
  prev = np.log(model.startprob_ if prior is None else prior)
Model is not converging.  Current: -647.1292847156182 is not greater than -647.1292724605706. Delta is -1.2255047522558016e-05
Model is not converging.  Current: -2387.7471593375208 is not greater than -2387.7471592666902. Delta is -7.083053787937388e-08
Model is not converging.  Current: -645.4112498710152 is not greater than -645.4112333397402. Delta is -1.6531275036868465e-05
Model is not converging.  Current: -1077.0165246144122 is not greater than -1077.0164955775228. Delta is -2.903688937294646e-05
Model is not converging.  Current: -689.580087465696 is not greater than -689.5796267898718. Delta is -0.00046067582422892883
/Users/takakhoo/Dev/regime-research/src/regimes/models/hmm.py:60: RuntimeWarning: divide by zero encountered in log
  prev = np.log(model.startprob_ if prior is None else prior)
Model is not converging.  Current: -2692.826624390628 is not greater than -2692.8266240581665. Delta is -3.3246124075958505e-07
Model is not converging.  Current: -649.3023177168071 is not greater than -649.3021965420577. Delta is -0.00012117474943806883
/Users/takakhoo/Dev/regime-research/src/regimes/models/hmm.py:60: RuntimeWarning: divide by zero encountered in log
  prev = np.log(model.startprob_ if prior is None else prior)
Model is not converging.  Current: -869.4502890640679 is not greater than -869.450287087149. Delta is -1.976918838408892e-06
Model is not converging.  Current: -970.8859257660472 is not greater than -970.8857177690979. Delta is -0.0002079969492569944
Model is not converging.  Current: -657.7094193417965 is not greater than -657.7094053672988. Delta is -1.3974497733215685e-05
/Users/takakhoo/Dev/regime-research/src/regimes/models/hmm.py:60: RuntimeWarning: divide by zero encountered in log
  prev = np.log(model.startprob_ if prior is None else prior)
/Users/takakhoo/Dev/regime-research/src/regimes/models/hmm.py:60: RuntimeWarning: divide by zero encountered in log
  prev = np.log(model.startprob_ if prior is None else prior)
Model is not converging.  Current: -1253.4855430824314 is not greater than -1253.4855420331912. Delta is -1.0492401543160668e-06
Model is not converging.  Current: -978.2966213550062 is not greater than -978.2966127579579. Delta is -8.597048349656689e-06
Model is not converging.  Current: -1117.9033632752369 is not greater than -1117.903359910347. Delta is -3.3648898352112155e-06
Model is not converging.  Current: -684.4274764813755 is not greater than -684.4274686964666. Delta is -7.784908916619315e-06
Model is not converging.  Current: -971.4313367327045 is not greater than -971.4313299770449. Delta is -6.755659569535055e-06
Model is not converging.  Current: -1252.0326023243135 is not greater than -1252.0326016166086. Delta is -7.077048849168932e-07
/Users/takakhoo/Dev/regime-research/src/regimes/models/hmm.py:60: RuntimeWarning: divide by zero encountered in log
  prev = np.log(model.startprob_ if prior is None else prior)
Model is not converging.  Current: -731.2983877033988 is not greater than -731.2979329359898. Delta is -0.00045476740899630386
/Users/takakhoo/Dev/regime-research/src/regimes/models/hmm.py:60: RuntimeWarning: divide by zero encountered in log
  prev = np.log(model.startprob_ if prior is None else prior)
Model is not converging.  Current: -920.2333468908743 is not greater than -920.233343206038. Delta is -3.6848363151875674e-06
Model is not converging.  Current: -696.5973187513225 is not greater than -696.5973114161304. Delta is -7.335192094615195e-06
Model is not converging.  Current: -979.309002313781 is not greater than -979.3088910606436. Delta is -0.00011125313733373332
Model is not converging.  Current: -979.3090548060405 is not greater than -979.3089711212849. Delta is -8.368475562292588e-05
/Users/takakhoo/Dev/regime-research/src/regimes/models/hmm.py:60: RuntimeWarning: divide by zero encountered in log
  prev = np.log(model.startprob_ if prior is None else prior)
/Users/takakhoo/Dev/regime-research/src/regimes/models/hmm.py:60: RuntimeWarning: divide by zero encountered in log
  prev = np.log(model.startprob_ if prior is None else prior)
/Users/takakhoo/Dev/regime-research/src/regimes/models/hmm.py:60: RuntimeWarning: divide by zero encountered in log
  prev = np.log(model.startprob_ if prior is None else prior)
/Users/takakhoo/Dev/regime-research/src/regimes/models/hmm.py:60: RuntimeWarning: divide by zero encountered in log
  prev = np.log(model.startprob_ if prior is None else prior)
Model is not converging.  Current: -1107.6543380735238 is not greater than -1107.6543344948125. Delta is -3.5787113574770046e-06
Model is not converging.  Current: -1309.9689626915172 is not greater than -1309.9689617915967. Delta is -8.999204510473646e-07
Model is not converging.  Current: -765.1983394627013 is not greater than -765.1971942146325. Delta is -0.0011452480687239586
Model is not converging.  Current: -1309.9689623961924 is not greater than -1309.9689616557766. Delta is -7.404157713608583e-07
Model is not converging.  Current: -761.9843117661436 is not greater than -761.9835127491651. Delta is -0.0007990169784761747
/Users/takakhoo/Dev/regime-research/src/regimes/models/hmm.py:60: RuntimeWarning: divide by zero encountered in log
  prev = np.log(model.startprob_ if prior is None else prior)
/Users/takakhoo/Dev/regime-research/src/regimes/models/hmm.py:60: RuntimeWarning: divide by zero encountered in log
  prev = np.log(model.startprob_ if prior is None else prior)
Model is not converging.  Current: -1281.6995253348266 is not greater than -1281.699523816127. Delta is -1.5186994914984098e-06
Model is not converging.  Current: -992.4025498298696 is not greater than -992.4025497433018. Delta is -8.65677520778263e-08
Model is not converging.  Current: -1021.9300201009693 is not greater than -1021.9299435772277. Delta is -7.652374154076824e-05
Model is not converging.  Current: -995.3747469389958 is not greater than -995.3747452684656. Delta is -1.6705301959518692e-06
Model is not converging.  Current: -995.3747470543257 is not greater than -995.374745180835. Delta is -1.8734906461759238e-06
Model is not converging.  Current: -1067.1786553858933 is not greater than -1067.1785946176785. Delta is -6.076821478018246e-05
/Users/takakhoo/Dev/regime-research/src/regimes/models/hmm.py:60: RuntimeWarning: divide by zero encountered in log
  prev = np.log(model.startprob_ if prior is None else prior)
/Users/takakhoo/Dev/regime-research/src/regimes/models/hmm.py:60: RuntimeWarning: divide by zero encountered in log
  prev = np.log(model.startprob_ if prior is None else prior)
Model is not converging.  Current: -991.4586196289664 is not greater than -991.4586166249619. Delta is -3.0040044975976343e-06
/Users/takakhoo/Dev/regime-research/src/regimes/models/hmm.py:60: RuntimeWarning: divide by zero encountered in log
  prev = np.log(model.startprob_ if prior is None else prior)
Model is not converging.  Current: -1356.2153324360431 is not greater than -1356.215331764951. Delta is -6.710920388286468e-07
Model is not converging.  Current: -1254.8421247544295 is not greater than -1254.842117180722. Delta is -7.573707534902496e-06
Model is not converging.  Current: -1080.6753076825871 is not greater than -1080.6752816416556. Delta is -2.6040931516035926e-05
Model is not converging.  Current: -1109.2601127975297 is not greater than -1109.2600996532187. Delta is -1.3144310969437356e-05
Model is not converging.  Current: -1105.8707015734738 is not greater than -1105.87060135093. Delta is -0.00010022254377872741
Model is not converging.  Current: -1078.9327612877694 is not greater than -1078.9327612015707. Delta is -8.619872460258193e-08
/Users/takakhoo/Dev/regime-research/src/regimes/models/hmm.py:60: RuntimeWarning: divide by zero encountered in log
  prev = np.log(model.startprob_ if prior is None else prior)
Model is not converging.  Current: -777.0141625435405 is not greater than -777.0140914028134. Delta is -7.114072707281593e-05
Model is not converging.  Current: -1397.8674580813104 is not greater than -1397.8674577353534. Delta is -3.459570052655181e-07
Model is not converging.  Current: -1299.843637105984 is not greater than -1299.8436339448865. Delta is -3.161097538395552e-06
/Users/takakhoo/Dev/regime-research/src/regimes/models/hmm.py:60: RuntimeWarning: divide by zero encountered in log
  prev = np.log(model.startprob_ if prior is None else prior)
Model is not converging.  Current: -1102.6123448902347 is not greater than -1102.612264973869. Delta is -7.991636562110216e-05
Model is not converging.  Current: -1114.2385820159398 is not greater than -1114.238503182496. Delta is -7.883344369474798e-05
/Users/takakhoo/Dev/regime-research/src/regimes/models/hmm.py:60: RuntimeWarning: divide by zero encountered in log
  prev = np.log(model.startprob_ if prior is None else prior)
Model is not converging.  Current: -806.7624682177017 is not greater than -806.7624194929508. Delta is -4.8724750854489685e-05
Model is not converging.  Current: -835.455930600604 is not greater than -835.4559026176175. Delta is -2.798298646666808e-05
Model is not converging.  Current: -795.280717665669 is not greater than -795.2807081933215. Delta is -9.472347528571845e-06
/Users/takakhoo/Dev/regime-research/src/regimes/models/hmm.py:60: RuntimeWarning: divide by zero encountered in log
  prev = np.log(model.startprob_ if prior is None else prior)
/Users/takakhoo/Dev/regime-research/src/regimes/models/hmm.py:60: RuntimeWarning: divide by zero encountered in log
  prev = np.log(model.startprob_ if prior is None else prior)
/Users/takakhoo/Dev/regime-research/src/regimes/models/hmm.py:60: RuntimeWarning: divide by zero encountered in log
  prev = np.log(model.startprob_ if prior is None else prior)
/Users/takakhoo/Dev/regime-research/src/regimes/models/hmm.py:60: RuntimeWarning: divide by zero encountered in log
  prev = np.log(model.startprob_ if prior is None else prior)
Model is not converging.  Current: -965.770185792128 is not greater than -965.7701733408786. Delta is -1.2451249403966358e-05
Model is not converging.  Current: -965.770188076811 is not greater than -965.7701740778504. Delta is -1.3998960639582947e-05
Model is not converging.  Current: -956.3578714558961 is not greater than -956.3578599985792. Delta is -1.1457316873020318e-05
/Users/takakhoo/Dev/regime-research/src/regimes/models/hmm.py:60: RuntimeWarning: divide by zero encountered in log
  prev = np.log(model.startprob_ if prior is None else prior)
/Users/takakhoo/Dev/regime-research/src/regimes/models/hmm.py:60: RuntimeWarning: divide by zero encountered in log
  prev = np.log(model.startprob_ if prior is None else prior)
Model is not converging.  Current: -853.087794090638 is not greater than -853.0877870511445. Delta is -7.0394935391959734e-06
Model is not converging.  Current: -813.4740464585572 is not greater than -813.4740379161047. Delta is -8.542452405890799e-06
Model is not converging.  Current: -1352.9417350024898 is not greater than -1352.9417347251585. Delta is -2.7733130991691723e-07
Model is not converging.  Current: -1352.9417325943261 is not greater than -1352.9417325123652. Delta is -8.196093403967097e-08
Model is not converging.  Current: -821.7047751229038 is not greater than -821.7047332883832. Delta is -4.18345206298909e-05
/Users/takakhoo/Dev/regime-research/src/regimes/models/hmm.py:60: RuntimeWarning: divide by zero encountered in log
  prev = np.log(model.startprob_ if prior is None else prior)
Model is not converging.  Current: -1244.8889837808106 is not greater than -1244.8889782553883. Delta is -5.525422238861211e-06
Model is not converging.  Current: -1105.3276016021468 is not greater than -1105.327598788904. Delta is -2.8132428724347847e-06
Model is not converging.  Current: -976.1293377737676 is not greater than -976.1293360373251. Delta is -1.7364425275445683e-06
/Users/takakhoo/Dev/regime-research/src/regimes/models/hmm.py:60: RuntimeWarning: divide by zero encountered in log
  prev = np.log(model.startprob_ if prior is None else prior)
Model is not converging.  Current: -1379.922396553364 is not greater than -1379.9223950448886. Delta is -1.5084754068084294e-06
/Users/takakhoo/Dev/regime-research/src/regimes/models/hmm.py:60: RuntimeWarning: divide by zero encountered in log
  prev = np.log(model.startprob_ if prior is None else prior)
Model is not converging.  Current: -1379.922392789059 is not greater than -1379.9223888965896. Delta is -3.89246929444198e-06
Model is not converging.  Current: -1301.2806820128264 is not greater than -1301.2806758729182. Delta is -6.139908236946212e-06
Model is not converging.  Current: -1211.610697365718 is not greater than -1211.6106909663758. Delta is -6.399342055374291e-06
Model is not converging.  Current: -1021.4905337985932 is not greater than -1021.4905108757298. Delta is -2.2922863422536466e-05
/Users/takakhoo/Dev/regime-research/src/regimes/models/hmm.py:60: RuntimeWarning: divide by zero encountered in log
  prev = np.log(model.startprob_ if prior is None else prior)
/Users/takakhoo/Dev/regime-research/src/regimes/models/hmm.py:60: RuntimeWarning: divide by zero encountered in log
  prev = np.log(model.startprob_ if prior is None else prior)
Model is not converging.  Current: -910.1455199235224 is not greater than -910.1455132363352. Delta is -6.687187237730541e-06
Model is not converging.  Current: -1444.5168374513394 is not greater than -1444.516827002577. Delta is -1.0448762395753874e-05
Model is not converging.  Current: -1444.5168366481607 is not greater than -1444.5168283350588. Delta is -8.313101943713264e-06
Model is not converging.  Current: -1149.775937756424 is not greater than -1149.775937737509. Delta is -1.8914988686447032e-08
/Users/takakhoo/Dev/regime-research/src/regimes/models/hmm.py:60: RuntimeWarning: divide by zero encountered in log
  prev = np.log(model.startprob_ if prior is None else prior)
Model is not converging.  Current: -1077.0165246144122 is not greater than -1077.0164955775228. Delta is -2.903688937294646e-05
/Users/takakhoo/Dev/regime-research/src/regimes/models/hmm.py:60: RuntimeWarning: divide by zero encountered in log
  prev = np.log(model.startprob_ if prior is None else prior)
/Users/takakhoo/Dev/regime-research/src/regimes/models/hmm.py:60: RuntimeWarning: divide by zero encountered in log
  prev = np.log(model.startprob_ if prior is None else prior)
Model is not converging.  Current: -1507.6827836559592 is not greater than -1507.6827836164696. Delta is -3.9489577829954214e-08
Model is not converging.  Current: -1507.6827838525335 is not greater than -1507.6827832878544. Delta is -5.646791123581352e-07
Model is not converging.  Current: -1507.6827838349884 is not greater than -1507.682783160893. Delta is -6.740954177075764e-07
Model is not converging.  Current: -970.8859257660472 is not greater than -970.8857177690979. Delta is -0.0002079969492569944
/Users/takakhoo/Dev/regime-research/src/regimes/models/hmm.py:60: RuntimeWarning: divide by zero encountered in log
  prev = np.log(model.startprob_ if prior is None else prior)
/Users/takakhoo/Dev/regime-research/src/regimes/models/hmm.py:60: RuntimeWarning: divide by zero encountered in log
  prev = np.log(model.startprob_ if prior is None else prior)
/Users/takakhoo/Dev/regime-research/src/regimes/models/hmm.py:60: RuntimeWarning: divide by zero encountered in log
  prev = np.log(model.startprob_ if prior is None else prior)
Model is not converging.  Current: -1002.751651152507 is not greater than -1002.751649568697. Delta is -1.5838099898246583e-06
Model is not converging.  Current: -1329.6782696438338 is not greater than -1329.6782696215325. Delta is -2.2301264834823087e-08
Model is not converging.  Current: -1360.1362656103738 is not greater than -1360.1362066663717. Delta is -5.894400214856432e-05
Model is not converging.  Current: -1053.994792564112 is not greater than -1053.9947907645355. Delta is -1.7995764665101888e-06
Model is not converging.  Current: -1253.4855430824314 is not greater than -1253.4855420331912. Delta is -1.0492401543160668e-06
/Users/takakhoo/Dev/regime-research/src/regimes/models/hmm.py:60: RuntimeWarning: divide by zero encountered in log
  prev = np.log(model.startprob_ if prior is None else prior)
Model is not converging.  Current: -978.2966213550062 is not greater than -978.2966127579579. Delta is -8.597048349656689e-06
Model is not converging.  Current: -1117.9033632752369 is not greater than -1117.903359910347. Delta is -3.3648898352112155e-06
Model is not converging.  Current: -971.4313367327045 is not greater than -971.4313299770449. Delta is -6.755659569535055e-06
Model is not converging.  Current: -1252.0326023243135 is not greater than -1252.0326016166086. Delta is -7.077048849168932e-07
/Users/takakhoo/Dev/regime-research/src/regimes/models/hmm.py:60: RuntimeWarning: divide by zero encountered in log
  prev = np.log(model.startprob_ if prior is None else prior)
Model is not converging.  Current: -1395.6270456361683 is not greater than -1395.6270447289726. Delta is -9.071957265405217e-07
Model is not converging.  Current: -2172.2671455761847 is not greater than -2172.267145553829. Delta is -2.2355834516929463e-08
/Users/takakhoo/Dev/regime-research/src/regimes/models/hmm.py:60: RuntimeWarning: divide by zero encountered in log
  prev = np.log(model.startprob_ if prior is None else prior)
Model is not converging.  Current: -979.309002313781 is not greater than -979.3088910606436. Delta is -0.00011125313733373332
Model is not converging.  Current: -979.3090548060405 is not greater than -979.3089711212849. Delta is -8.368475562292588e-05
/Users/takakhoo/Dev/regime-research/src/regimes/models/hmm.py:60: RuntimeWarning: divide by zero encountered in log
  prev = np.log(model.startprob_ if prior is None else prior)
/Users/takakhoo/Dev/regime-research/src/regimes/models/hmm.py:60: RuntimeWarning: divide by zero encountered in log
  prev = np.log(model.startprob_ if prior is None else prior)
/Users/takakhoo/Dev/regime-research/src/regimes/models/hmm.py:60: RuntimeWarning: divide by zero encountered in log
  prev = np.log(model.startprob_ if prior is None else prior)
Model is not converging.  Current: -1309.9689626915172 is not greater than -1309.9689617915967. Delta is -8.999204510473646e-07
Model is not converging.  Current: -1443.7956644438284 is not greater than -1443.795627147193. Delta is -3.7296635355232866e-05
Model is not converging.  Current: -1309.9689623961924 is not greater than -1309.9689616557766. Delta is -7.404157713608583e-07
Model is not converging.  Current: -1281.6995253348266 is not greater than -1281.699523816127. Delta is -1.5186994914984098e-06
Model is not converging.  Current: -1021.9300201009693 is not greater than -1021.9299435772277. Delta is -7.652374154076824e-05
Model is not converging.  Current: -1067.1786553858933 is not greater than -1067.1785946176785. Delta is -6.076821478018246e-05
/Users/takakhoo/Dev/regime-research/src/regimes/models/hmm.py:60: RuntimeWarning: divide by zero encountered in log
  prev = np.log(model.startprob_ if prior is None else prior)
/Users/takakhoo/Dev/regime-research/src/regimes/models/hmm.py:60: RuntimeWarning: divide by zero encountered in log
  prev = np.log(model.startprob_ if prior is None else prior)
Model is not converging.  Current: -1356.2153324360431 is not greater than -1356.215331764951. Delta is -6.710920388286468e-07
Model is not converging.  Current: -1254.8421247544295 is not greater than -1254.842117180722. Delta is -7.573707534902496e-06
Model is not converging.  Current: -1080.6753076825871 is not greater than -1080.6752816416556. Delta is -2.6040931516035926e-05
Model is not converging.  Current: -1109.2601127975297 is not greater than -1109.2600996532187. Delta is -1.3144310969437356e-05
Model is not converging.  Current: -1105.8707015734738 is not greater than -1105.87060135093. Delta is -0.00010022254377872741
Model is not converging.  Current: -2172.2671455761847 is not greater than -2172.267145553829. Delta is -2.2355834516929463e-08
Model is not converging.  Current: -1078.9327612877694 is not greater than -1078.9327612015707. Delta is -8.619872460258193e-08
/Users/takakhoo/Dev/regime-research/src/regimes/models/hmm.py:60: RuntimeWarning: divide by zero encountered in log
  prev = np.log(model.startprob_ if prior is None else prior)
Model is not converging.  Current: -1758.8460823102066 is not greater than -1758.846076332883. Delta is -5.977323553452152e-06
Model is not converging.  Current: -1758.8460823914834 is not greater than -1758.846076938893. Delta is -5.4525903578905854e-06
Model is not converging.  Current: -1758.8460824284023 is not greater than -1758.8460766243122. Delta is -5.804090051242383e-06
Model is not converging.  Current: -1397.8674580813104 is not greater than -1397.8674577353534. Delta is -3.459570052655181e-07
Model is not converging.  Current: -1299.843637105984 is not greater than -1299.8436339448865. Delta is -3.161097538395552e-06
Model is not converging.  Current: -1102.6123448902347 is not greater than -1102.612264973869. Delta is -7.991636562110216e-05
Model is not converging.  Current: -1114.2385820159398 is not greater than -1114.238503182496. Delta is -7.883344369474798e-05
/Users/takakhoo/Dev/regime-research/src/regimes/models/hmm.py:60: RuntimeWarning: divide by zero encountered in log
  prev = np.log(model.startprob_ if prior is None else prior)
Model is not converging.  Current: -1488.110164337066 is not greater than -1488.1101586504865. Delta is -5.686579470420838e-06
/Users/takakhoo/Dev/regime-research/src/regimes/models/hmm.py:60: RuntimeWarning: divide by zero encountered in log
  prev = np.log(model.startprob_ if prior is None else prior)
/Users/takakhoo/Dev/regime-research/src/regimes/models/hmm.py:60: RuntimeWarning: divide by zero encountered in log
  prev = np.log(model.startprob_ if prior is None else prior)
Model is not converging.  Current: -2257.1427858063053 is not greater than -2257.142785564934. Delta is -2.413712536508683e-07
/Users/takakhoo/Dev/regime-research/src/regimes/models/hmm.py:60: RuntimeWarning: divide by zero encountered in log
  prev = np.log(model.startprob_ if prior is None else prior)
Model is not converging.  Current: -1738.8900034110297 is not greater than -1738.8899978175195. Delta is -5.593510195467388e-06
Model is not converging.  Current: -1352.9417350024898 is not greater than -1352.9417347251585. Delta is -2.7733130991691723e-07
Model is not converging.  Current: -1352.9417325943261 is not greater than -1352.9417325123652. Delta is -8.196093403967097e-08
Model is not converging.  Current: -1107.6543380735238 is not greater than -1107.6543344948125. Delta is -3.5787113574770046e-06
/Users/takakhoo/Dev/regime-research/src/regimes/models/hmm.py:60: RuntimeWarning: divide by zero encountered in log
  prev = np.log(model.startprob_ if prior is None else prior)
Model is not converging.  Current: -2176.080249810365 is not greater than -2176.0802449868693. Delta is -4.823495601158356e-06
Model is not converging.  Current: -2631.3747240453677 is not greater than -2631.374718202115. Delta is -5.843252438353375e-06
Model is not converging.  Current: -1379.922396553364 is not greater than -1379.9223950448886. Delta is -1.5084754068084294e-06
/Users/takakhoo/Dev/regime-research/src/regimes/models/hmm.py:60: RuntimeWarning: divide by zero encountered in log
  prev = np.log(model.startprob_ if prior is None else prior)
Model is not converging.  Current: -1379.922392789059 is not greater than -1379.9223888965896. Delta is -3.89246929444198e-06
Model is not converging.  Current: -2539.505725904213 is not greater than -2539.505725553515. Delta is -3.506979737721849e-07
Model is not converging.  Current: -1211.610697365718 is not greater than -1211.6106909663758. Delta is -6.399342055374291e-06
Model is not converging.  Current: -2929.249834705196 is not greater than -2929.2498336281815. Delta is -1.0770145308924839e-06
Model is not converging.  Current: -2226.2290812602228 is not greater than -2226.2290808460248. Delta is -4.14197984355269e-07
/Users/takakhoo/Dev/regime-research/src/regimes/models/hmm.py:60: RuntimeWarning: divide by zero encountered in log
  prev = np.log(model.startprob_ if prior is None else prior)
/Users/takakhoo/Dev/regime-research/src/regimes/models/hmm.py:60: RuntimeWarning: divide by zero encountered in log
  prev = np.log(model.startprob_ if prior is None else prior)
Model is not converging.  Current: -1444.5168374513394 is not greater than -1444.516827002577. Delta is -1.0448762395753874e-05
Model is not converging.  Current: -1444.5168366481607 is not greater than -1444.5168283350588. Delta is -8.313101943713264e-06
Model is not converging.  Current: -1605.6953299047464 is not greater than -1605.6953293096924. Delta is -5.950539616605965e-07
/Users/takakhoo/Dev/regime-research/src/regimes/models/hmm.py:60: RuntimeWarning: divide by zero encountered in log
  prev = np.log(model.startprob_ if prior is None else prior)
/Users/takakhoo/Dev/regime-research/src/regimes/models/hmm.py:60: RuntimeWarning: divide by zero encountered in log
  prev = np.log(model.startprob_ if prior is None else prior)
Model is not converging.  Current: -2539.505725904213 is not greater than -2539.505725553515. Delta is -3.506979737721849e-07
Model is not converging.  Current: -1507.6827836559592 is not greater than -1507.6827836164696. Delta is -3.9489577829954214e-08
Model is not converging.  Current: -1998.4992076018461 is not greater than -1998.4992065424196. Delta is -1.0594264949759236e-06
Model is not converging.  Current: -1507.6827838525335 is not greater than -1507.6827832878544. Delta is -5.646791123581352e-07
Model is not converging.  Current: -1507.6827838349884 is not greater than -1507.682783160893. Delta is -6.740954177075764e-07
Model is not converging.  Current: -2226.2290812602228 is not greater than -2226.2290808460248. Delta is -4.14197984355269e-07
Model is not converging.  Current: -1727.1156763122442 is not greater than -1727.1156757248077. Delta is -5.874364887858974e-07
Model is not converging.  Current: -1329.6782696438338 is not greater than -1329.6782696215325. Delta is -2.2301264834823087e-08
Model is not converging.  Current: -1360.1362656103738 is not greater than -1360.1362066663717. Delta is -5.894400214856432e-05
/Users/takakhoo/Dev/regime-research/src/regimes/models/hmm.py:60: RuntimeWarning: divide by zero encountered in log
  prev = np.log(model.startprob_ if prior is None else prior)
Model is not converging.  Current: -1691.4342775800822 is not greater than -1691.434277046479. Delta is -5.336030426406069e-07
/Users/takakhoo/Dev/regime-research/src/regimes/models/hmm.py:60: RuntimeWarning: divide by zero encountered in log
  prev = np.log(model.startprob_ if prior is None else prior)
Model is not converging.  Current: -1395.6270456361683 is not greater than -1395.6270447289726. Delta is -9.071957265405217e-07
/Users/takakhoo/Dev/regime-research/src/regimes/models/hmm.py:60: RuntimeWarning: divide by zero encountered in log
  prev = np.log(model.startprob_ if prior is None else prior)
/Users/takakhoo/Dev/regime-research/src/regimes/models/hmm.py:60: RuntimeWarning: divide by zero encountered in log
  prev = np.log(model.startprob_ if prior is None else prior)
Model is not converging.  Current: -1833.0530322895952 is not greater than -1833.0530312553335. Delta is -1.0342616860725684e-06
Model is not converging.  Current: -1736.4034398557963 is not greater than -1736.4034340122719. Delta is -5.843524377269205e-06
Model is not converging.  Current: -1443.7956644438284 is not greater than -1443.795627147193. Delta is -3.7296635355232866e-05
Model is not converging.  Current: -1744.1201326541711 is not greater than -1744.1201222642446. Delta is -1.0389926501375157e-05
Model is not converging.  Current: -2383.43689635393 is not greater than -2383.4368960275397. Delta is -3.2639036362525076e-07
Model is not converging.  Current: -1244.8889837808106 is not greater than -1244.8889782553883. Delta is -5.525422238861211e-06
/Users/takakhoo/Dev/regime-research/src/regimes/models/hmm.py:60: RuntimeWarning: divide by zero encountered in log
  prev = np.log(model.startprob_ if prior is None else prior)
Model is not converging.  Current: -2116.6036484870046 is not greater than -2116.603647589543. Delta is -8.974616321211215e-07
Model is not converging.  Current: -1805.622704821137 is not greater than -1805.622703986677. Delta is -8.34460024634609e-07
Model is not converging.  Current: -1301.2806820128264 is not greater than -1301.2806758729182. Delta is -6.139908236946212e-06
/Users/takakhoo/Dev/regime-research/src/regimes/models/hmm.py:60: RuntimeWarning: divide by zero encountered in log
  prev = np.log(model.startprob_ if prior is None else prior)
Model is not converging.  Current: -1488.110164337066 is not greater than -1488.1101586504865. Delta is -5.686579470420838e-06
/Users/takakhoo/Dev/regime-research/src/regimes/models/hmm.py:60: RuntimeWarning: divide by zero encountered in log
  prev = np.log(model.startprob_ if prior is None else prior)
Model is not converging.  Current: -1953.9703743917885 is not greater than -1953.970367956574. Delta is -6.435214572775294e-06
/Users/takakhoo/Dev/regime-research/src/regimes/models/hmm.py:60: RuntimeWarning: divide by zero encountered in log
  prev = np.log(model.startprob_ if prior is None else prior)
done HMM[rv,K=bic,myopic]
done HMM[rv,K=bic,switch]
done HMM[rv,K=2,band,flat10]
done HMM[rv,K=2,band,jones]
done HMM[rv_term,K=2,myopic]
done HMM[rv_term,K=2,switch]
done HMM[rv_term,K=3,myopic]
done HMM[rv_term,K=3,switch]
Model is not converging.  Current: -1002.751651152507 is not greater than -1002.751649568697. Delta is -1.5838099898246583e-06
Model is not converging.  Current: -1053.994792564112 is not greater than -1053.9947907645355. Delta is -1.7995764665101888e-06
Model is not converging.  Current: -1738.8900034110297 is not greater than -1738.8899978175195. Delta is -5.593510195467388e-06
Model is not converging.  Current: -2176.080249810365 is not greater than -2176.0802449868693. Delta is -4.823495601158356e-06
/Users/takakhoo/Dev/regime-research/src/regimes/models/hmm.py:60: RuntimeWarning: divide by zero encountered in log
  prev = np.log(model.startprob_ if prior is None else prior)
Model is not converging.  Current: -2263.3384304966135 is not greater than -2263.3384298530846. Delta is -6.435288923967164e-07
Model is not converging.  Current: -2191.2780707870807 is not greater than -2191.2780699017744. Delta is -8.853062354319263e-07
Model is not converging.  Current: -2305.0677436006745 is not greater than -2305.0677433511514. Delta is -2.4952305466285907e-07
Model is not converging.  Current: -1605.6953299047464 is not greater than -1605.6953293096924. Delta is -5.950539616605965e-07
/Users/takakhoo/Dev/regime-research/src/regimes/models/hmm.py:60: RuntimeWarning: divide by zero encountered in log
  prev = np.log(model.startprob_ if prior is None else prior)
Model is not converging.  Current: -1758.8460823102066 is not greater than -1758.846076332883. Delta is -5.977323553452152e-06
Model is not converging.  Current: -1758.8460823914834 is not greater than -1758.846076938893. Delta is -5.4525903578905854e-06
Model is not converging.  Current: -1758.8460824284023 is not greater than -1758.8460766243122. Delta is -5.804090051242383e-06
Model is not converging.  Current: -1998.4992076018461 is not greater than -1998.4992065424196. Delta is -1.0594264949759236e-06
Model is not converging.  Current: -1727.1156763122442 is not greater than -1727.1156757248077. Delta is -5.874364887858974e-07
Model is not converging.  Current: -2343.2035372083155 is not greater than -2343.2035366535924. Delta is -5.547231012315024e-07
Model is not converging.  Current: -1956.9511924670016 is not greater than -1956.9511906949087. Delta is -1.7720929008646635e-06
Model is not converging.  Current: -2388.5699697276627 is not greater than -2388.569969209522. Delta is -5.181409505894408e-07
Model is not converging.  Current: -1107.6543380735238 is not greater than -1107.6543344948125. Delta is -3.5787113574770046e-06
Model is not converging.  Current: -1987.6695355855409 is not greater than -1987.669534332394. Delta is -1.2531468200904783e-06
Model is not converging.  Current: -791.9218714830592 is not greater than -791.9218697987257. Delta is -1.684333597040677e-06
Model is not converging.  Current: -785.3235424813249 is not greater than -785.3235415730717. Delta is -9.082532415050082e-07
/Users/takakhoo/Dev/regime-research/src/regimes/models/hmm.py:60: RuntimeWarning: divide by zero encountered in log
  prev = np.log(model.startprob_ if prior is None else prior)
/Users/takakhoo/Dev/regime-research/src/regimes/models/hmm.py:60: RuntimeWarning: divide by zero encountered in log
  prev = np.log(model.startprob_ if prior is None else prior)
Model is not converging.  Current: -1691.4342775800822 is not greater than -1691.434277046479. Delta is -5.336030426406069e-07
Model is not converging.  Current: -831.4951696844905 is not greater than -831.4951435278516. Delta is -2.6156638909924368e-05
Model is not converging.  Current: -831.4951667141517 is not greater than -831.4951348025184. Delta is -3.191163330029667e-05
Model is not converging.  Current: -823.5309660265034 is not greater than -823.5292776727439. Delta is -0.0016883537595049347
Model is not converging.  Current: -831.4951714742796 is not greater than -831.4951472152331. Delta is -2.4259046426777786e-05
Model is not converging.  Current: -831.4951865904754 is not greater than -831.495181602834. Delta is -4.98764143230801e-06
/Users/takakhoo/Dev/regime-research/src/regimes/models/hmm.py:60: RuntimeWarning: divide by zero encountered in log
  prev = np.log(model.startprob_ if prior is None else prior)
Model is not converging.  Current: -2257.1427858063053 is not greater than -2257.142785564934. Delta is -2.413712536508683e-07
Model is not converging.  Current: -881.5701570856928 is not greater than -881.5701085164943. Delta is -4.856919849771657e-05
Model is not converging.  Current: -881.5701446562302 is not greater than -881.5700683106982. Delta is -7.634553207935824e-05
Model is not converging.  Current: -893.5648369151942 is not greater than -893.5648195255808. Delta is -1.738961339015077e-05
Model is not converging.  Current: -868.5645364888823 is not greater than -868.5544541889232. Delta is -0.010082299959094598
Model is not converging.  Current: -881.5701211564569 is not greater than -881.570058316098. Delta is -6.28403589644222e-05
Model is not converging.  Current: -893.564665211119 is not greater than -893.564533849842. Delta is -0.00013136127699908684
Model is not converging.  Current: -2426.8351665917335 is not greater than -2426.8351662874593. Delta is -3.0427418096223846e-07
Model is not converging.  Current: -2015.290224661924 is not greater than -2015.2902094986578. Delta is -1.5163266198214842e-05
/Users/takakhoo/Dev/regime-research/src/regimes/models/hmm.py:60: RuntimeWarning: divide by zero encountered in log
  prev = np.log(model.startprob_ if prior is None else prior)
/Users/takakhoo/Dev/regime-research/src/regimes/models/hmm.py:60: RuntimeWarning: divide by zero encountered in log
  prev = np.log(model.startprob_ if prior is None else prior)
Model is not converging.  Current: -1035.0981627524573 is not greater than -1035.098023093156. Delta is -0.0001396593013396341
Model is not converging.  Current: -1035.0982116376174 is not greater than -1035.0982107737273. Delta is -8.638901363156037e-07
Model is not converging.  Current: -1833.0530322895952 is not greater than -1833.0530312553335. Delta is -1.0342616860725684e-06
Model is not converging.  Current: -1736.4034398557963 is not greater than -1736.4034340122719. Delta is -5.843524377269205e-06
Model is not converging.  Current: -1035.09812797612 is not greater than -1035.0979562862333. Delta is -0.0001716898866561678
/Users/takakhoo/Dev/regime-research/src/regimes/models/hmm.py:60: RuntimeWarning: divide by zero encountered in log
  prev = np.log(model.startprob_ if prior is None else prior)
Model is not converging.  Current: -1744.1201326541711 is not greater than -1744.1201222642446. Delta is -1.0389926501375157e-05
/Users/takakhoo/Dev/regime-research/src/regimes/models/hmm.py:60: RuntimeWarning: divide by zero encountered in log
  prev = np.log(model.startprob_ if prior is None else prior)
Model is not converging.  Current: -2631.3747240453677 is not greater than -2631.374718202115. Delta is -5.843252438353375e-06
Model is not converging.  Current: -2383.43689635393 is not greater than -2383.4368960275397. Delta is -3.2639036362525076e-07
/Users/takakhoo/Dev/regime-research/src/regimes/models/hmm.py:60: RuntimeWarning: divide by zero encountered in log
  prev = np.log(model.startprob_ if prior is None else prior)
Model is not converging.  Current: -1125.0041083501067 is not greater than -1125.004108304427. Delta is -4.5679598770220764e-08
/Users/takakhoo/Dev/regime-research/src/regimes/models/hmm.py:60: RuntimeWarning: divide by zero encountered in log
  prev = np.log(model.startprob_ if prior is None else prior)
Model is not converging.  Current: -1199.8830859834356 is not greater than -1199.8829640379815. Delta is -0.00012194545411148283
/Users/takakhoo/Dev/regime-research/src/regimes/models/hmm.py:60: RuntimeWarning: divide by zero encountered in log
  prev = np.log(model.startprob_ if prior is None else prior)
/Users/takakhoo/Dev/regime-research/src/regimes/models/hmm.py:60: RuntimeWarning: divide by zero encountered in log
  prev = np.log(model.startprob_ if prior is None else prior)
Model is not converging.  Current: -2929.249834705196 is not greater than -2929.2498336281815. Delta is -1.0770145308924839e-06
Model is not converging.  Current: -2127.935492905092 is not greater than -2127.9354928270345. Delta is -7.805738277966157e-08
/Users/takakhoo/Dev/regime-research/src/regimes/models/hmm.py:60: RuntimeWarning: divide by zero encountered in log
  prev = np.log(model.startprob_ if prior is None else prior)
Model is not converging.  Current: -2116.6036484870046 is not greater than -2116.603647589543. Delta is -8.974616321211215e-07
/Users/takakhoo/Dev/regime-research/src/regimes/models/hmm.py:60: RuntimeWarning: divide by zero encountered in log
  prev = np.log(model.startprob_ if prior is None else prior)
Model is not converging.  Current: -1235.3877676932423 is not greater than -1235.387767654554. Delta is -3.8688312997692265e-08
/Users/takakhoo/Dev/regime-research/src/regimes/models/hmm.py:60: RuntimeWarning: divide by zero encountered in log
  prev = np.log(model.startprob_ if prior is None else prior)
Model is not converging.  Current: -1244.1852559498143 is not greater than -1244.1851909514585. Delta is -6.499835581053048e-05
Model is not converging.  Current: -1805.622704821137 is not greater than -1805.622703986677. Delta is -8.34460024634609e-07
Model is not converging.  Current: -1278.802012127261 is not greater than -1278.8019954506317. Delta is -1.66766292295506e-05
Model is not converging.  Current: -1335.4591838975546 is not greater than -1335.4591829445446. Delta is -9.530099305266049e-07
/Users/takakhoo/Dev/regime-research/src/regimes/models/hmm.py:60: RuntimeWarning: divide by zero encountered in log
  prev = np.log(model.startprob_ if prior is None else prior)
Model is not converging.  Current: -1377.5475711556116 is not greater than -1377.547570560547. Delta is -5.950646482233424e-07
/Users/takakhoo/Dev/regime-research/src/regimes/models/hmm.py:60: RuntimeWarning: divide by zero encountered in log
  prev = np.log(model.startprob_ if prior is None else prior)
Model is not converging.  Current: -2277.049977695357 is not greater than -2277.049974801207. Delta is -2.8941499294887763e-06
/Users/takakhoo/Dev/regime-research/src/regimes/models/hmm.py:60: RuntimeWarning: divide by zero encountered in log
  prev = np.log(model.startprob_ if prior is None else prior)
Model is not converging.  Current: -1356.7989791242726 is not greater than -1356.7989324020234. Delta is -4.6722249180675135e-05
Model is not converging.  Current: -1244.8889837808106 is not greater than -1244.8889782553883. Delta is -5.525422238861211e-06
Model is not converging.  Current: -1356.7989792957535 is not greater than -1356.7989386592672. Delta is -4.063648634655692e-05
/Users/takakhoo/Dev/regime-research/src/regimes/models/hmm.py:60: RuntimeWarning: divide by zero encountered in log
  prev = np.log(model.startprob_ if prior is None else prior)
/Users/takakhoo/Dev/regime-research/src/regimes/models/hmm.py:60: RuntimeWarning: divide by zero encountered in log
  prev = np.log(model.startprob_ if prior is None else prior)
Model is not converging.  Current: -2692.826624390628 is not greater than -2692.8266240581665. Delta is -3.3246124075958505e-07
Model is not converging.  Current: -1397.5198144221695 is not greater than -1397.5197951057387. Delta is -1.931643078023626e-05
/Users/takakhoo/Dev/regime-research/src/regimes/models/hmm.py:60: RuntimeWarning: divide by zero encountered in log
  prev = np.log(model.startprob_ if prior is None else prior)
Model is not converging.  Current: -1953.9703743917885 is not greater than -1953.970367956574. Delta is -6.435214572775294e-06
Model is not converging.  Current: -2176.080249810365 is not greater than -2176.0802449868693. Delta is -4.823495601158356e-06
Model is not converging.  Current: -1500.4958858024604 is not greater than -1500.4958850262435. Delta is -7.762168934277724e-07
Model is not converging.  Current: -1566.9442968805233 is not greater than -1566.944276489262. Delta is -2.039126138697611e-05
Model is not converging.  Current: -2178.4610830573756 is not greater than -2178.461082764333. Delta is -2.9304283089004457e-07
Model is not converging.  Current: -1301.2806820128264 is not greater than -1301.2806758729182. Delta is -6.139908236946212e-06
Model is not converging.  Current: -1476.5472561454612 is not greater than -1476.5472558675617. Delta is -2.7789951673184987e-07
Model is not converging.  Current: -1552.312527972516 is not greater than -1552.312527788352. Delta is -1.8416380953567568e-07
/Users/takakhoo/Dev/regime-research/src/regimes/models/hmm.py:60: RuntimeWarning: divide by zero encountered in log
  prev = np.log(model.startprob_ if prior is None else prior)
Model is not converging.  Current: -1599.9448565978548 is not greater than -1599.9448565575947. Delta is -4.026014721603133e-08
/Users/takakhoo/Dev/regime-research/src/regimes/models/hmm.py:60: RuntimeWarning: divide by zero encountered in log
  prev = np.log(model.startprob_ if prior is None else prior)
Model is not converging.  Current: -1585.499967381704 is not greater than -1585.4999664391626. Delta is -9.42541419135523e-07
/Users/takakhoo/Dev/regime-research/src/regimes/models/hmm.py:60: RuntimeWarning: divide by zero encountered in log
  prev = np.log(model.startprob_ if prior is None else prior)
Model is not converging.  Current: -2133.5465266430247 is not greater than -2133.546523639327. Delta is -3.0036976568226237e-06
Model is not converging.  Current: -2186.2122025220224 is not greater than -2186.2121989451175. Delta is -3.576904873625608e-06
Model is not converging.  Current: -1686.4724423233313 is not greater than -1686.472340928495. Delta is -0.0001013948362924566
/Users/takakhoo/Dev/regime-research/src/regimes/models/hmm.py:60: RuntimeWarning: divide by zero encountered in log
  prev = np.log(model.startprob_ if prior is None else prior)
Model is not converging.  Current: -1801.4902952980224 is not greater than -1801.49027492107. Delta is -2.0376952306833118e-05
/Users/takakhoo/Dev/regime-research/src/regimes/models/hmm.py:60: RuntimeWarning: divide by zero encountered in log
  prev = np.log(model.startprob_ if prior is None else prior)
/Users/takakhoo/Dev/regime-research/src/regimes/models/hmm.py:60: RuntimeWarning: divide by zero encountered in log
  prev = np.log(model.startprob_ if prior is None else prior)
Model is not converging.  Current: -2263.3384304966135 is not greater than -2263.3384298530846. Delta is -6.435288923967164e-07
Model is not converging.  Current: -1859.6379081379612 is not greater than -1859.637907454433. Delta is -6.835282420070143e-07
Model is not converging.  Current: -1859.6379080286783 is not greater than -1859.6379074234776. Delta is -6.052007393009262e-07
/Users/takakhoo/Dev/regime-research/src/regimes/models/hmm.py:60: RuntimeWarning: divide by zero encountered in log
  prev = np.log(model.startprob_ if prior is None else prior)
Model is not converging.  Current: -1915.272899227511 is not greater than -1915.2728986300365. Delta is -5.974745818093652e-07
/Users/takakhoo/Dev/regime-research/src/regimes/models/hmm.py:60: RuntimeWarning: divide by zero encountered in log
  prev = np.log(model.startprob_ if prior is None else prior)
/Users/takakhoo/Dev/regime-research/src/regimes/models/hmm.py:60: RuntimeWarning: divide by zero encountered in log
  prev = np.log(model.startprob_ if prior is None else prior)
Model is not converging.  Current: -2692.826624390628 is not greater than -2692.8266240581665. Delta is -3.3246124075958505e-07
Model is not converging.  Current: -2026.9680018473816 is not greater than -2026.9680011611817. Delta is -6.861998826934723e-07
Model is not converging.  Current: -2191.2780707870807 is not greater than -2191.2780699017744. Delta is -8.853062354319263e-07
/Users/takakhoo/Dev/regime-research/src/regimes/models/hmm.py:60: RuntimeWarning: divide by zero encountered in log
  prev = np.log(model.startprob_ if prior is None else prior)
Model is not converging.  Current: -2305.0677436006745 is not greater than -2305.0677433511514. Delta is -2.4952305466285907e-07
Model is not converging.  Current: -2098.1408392446947 is not greater than -2098.140835321279. Delta is -3.9234155337908305e-06
/Users/takakhoo/Dev/regime-research/src/regimes/models/hmm.py:60: RuntimeWarning: divide by zero encountered in log
  prev = np.log(model.startprob_ if prior is None else prior)
Model is not converging.  Current: -2186.9922757213717 is not greater than -2186.9922705144395. Delta is -5.2069322009629104e-06
Model is not converging.  Current: -2465.105927759318 is not greater than -2465.105926800482. Delta is -9.588361535861623e-07
Model is not converging.  Current: -2461.1068913250015 is not greater than -2461.106886676434. Delta is -4.648567482945509e-06
Model is not converging.  Current: -2220.8865322978145 is not greater than -2220.8865309712346. Delta is -1.3265798770589754e-06
/Users/takakhoo/Dev/regime-research/src/regimes/models/hmm.py:60: RuntimeWarning: divide by zero encountered in log
  prev = np.log(model.startprob_ if prior is None else prior)
Model is not converging.  Current: -2343.2035372083155 is not greater than -2343.2035366535924. Delta is -5.547231012315024e-07
Model is not converging.  Current: -2218.644918671714 is not greater than -2218.6448846139397. Delta is -3.405777442822e-05
Model is not converging.  Current: -1956.9511924670016 is not greater than -1956.9511906949087. Delta is -1.7720929008646635e-06
/Users/takakhoo/Dev/regime-research/src/regimes/models/hmm.py:60: RuntimeWarning: divide by zero encountered in log
  prev = np.log(model.startprob_ if prior is None else prior)
Model is not converging.  Current: -2383.43689635393 is not greater than -2383.4368960275397. Delta is -3.2639036362525076e-07
/Users/takakhoo/Dev/regime-research/src/regimes/models/hmm.py:60: RuntimeWarning: divide by zero encountered in log
  prev = np.log(model.startprob_ if prior is None else prior)
Model is not converging.  Current: -2133.5465266430247 is not greater than -2133.546523639327. Delta is -3.0036976568226237e-06
Model is not converging.  Current: -2612.2265914927657 is not greater than -2612.2265914356235. Delta is -5.714218787034042e-08
Model is not converging.  Current: -2186.2122025220224 is not greater than -2186.2121989451175. Delta is -3.576904873625608e-06
/Users/takakhoo/Dev/regime-research/src/regimes/models/hmm.py:60: RuntimeWarning: divide by zero encountered in log
  prev = np.log(model.startprob_ if prior is None else prior)
Model is not converging.  Current: -2445.199838810972 is not greater than -2445.199819558453. Delta is -1.9252518995926948e-05
Model is not converging.  Current: -2579.975679776959 is not greater than -2579.9756764278413. Delta is -3.3491178328404203e-06
/Users/takakhoo/Dev/regime-research/src/regimes/models/hmm.py:60: RuntimeWarning: divide by zero encountered in log
  prev = np.log(model.startprob_ if prior is None else prior)
Model is not converging.  Current: -2315.251095328791 is not greater than -2315.2510938784426. Delta is -1.4503484635497443e-06
Model is not converging.  Current: -2388.5699697276627 is not greater than -2388.569969209522. Delta is -5.181409505894408e-07
/Users/takakhoo/Dev/regime-research/src/regimes/models/hmm.py:60: RuntimeWarning: divide by zero encountered in log
  prev = np.log(model.startprob_ if prior is None else prior)
Model is not converging.  Current: -2729.9519199343117 is not greater than -2729.9519190373244. Delta is -8.969873306341469e-07
/Users/takakhoo/Dev/regime-research/src/regimes/models/hmm.py:60: RuntimeWarning: divide by zero encountered in log
  prev = np.log(model.startprob_ if prior is None else prior)
Model is not converging.  Current: -1987.6695355855409 is not greater than -1987.669534332394. Delta is -1.2531468200904783e-06
/Users/takakhoo/Dev/regime-research/src/regimes/models/hmm.py:60: RuntimeWarning: divide by zero encountered in log
  prev = np.log(model.startprob_ if prior is None else prior)
Model is not converging.  Current: -2637.7774927252135 is not greater than -2637.7774600739413. Delta is -3.265127224949538e-05
Model is not converging.  Current: -2644.6420139513884 is not greater than -2644.6420134210025. Delta is -5.303859325067606e-07
Model is not converging.  Current: -2426.8351665917335 is not greater than -2426.8351662874593. Delta is -3.0427418096223846e-07
Model is not converging.  Current: -2699.484447678237 is not greater than -2699.484414384073. Delta is -3.32941640408535e-05
Model is not converging.  Current: -2015.290224661924 is not greater than -2015.2902094986578. Delta is -1.5163266198214842e-05
Model is not converging.  Current: -2770.8737098373576 is not greater than -2770.8736608621093. Delta is -4.8975248319038656e-05
Model is not converging.  Current: -2352.6247387094672 is not greater than -2352.6247369670937. Delta is -1.742373569868505e-06
Model is not converging.  Current: -3023.3127130421353 is not greater than -3023.312708766712. Delta is -4.2754231799335685e-06
Model is not converging.  Current: -2220.8865322978145 is not greater than -2220.8865309712346. Delta is -1.3265798770589754e-06
/Users/takakhoo/Dev/regime-research/src/regimes/models/hmm.py:60: RuntimeWarning: divide by zero encountered in log
  prev = np.log(model.startprob_ if prior is None else prior)
Model is not converging.  Current: -3035.8686875921226 is not greater than -3035.8686741333527. Delta is -1.3458769899443723e-05
/Users/takakhoo/Dev/regime-research/src/regimes/models/hmm.py:60: RuntimeWarning: divide by zero encountered in log
  prev = np.log(model.startprob_ if prior is None else prior)
Model is not converging.  Current: -3058.4487144490886 is not greater than -3058.4487116733203. Delta is -2.7757682801166084e-06
/Users/takakhoo/Dev/regime-research/src/regimes/models/hmm.py:60: RuntimeWarning: divide by zero encountered in log
  prev = np.log(model.startprob_ if prior is None else prior)
/Users/takakhoo/Dev/regime-research/src/regimes/models/hmm.py:60: RuntimeWarning: divide by zero encountered in log
  prev = np.log(model.startprob_ if prior is None else prior)
Model is not converging.  Current: -2127.935492905092 is not greater than -2127.9354928270345. Delta is -7.805738277966157e-08
Model is not converging.  Current: -791.9218714830592 is not greater than -791.9218697987257. Delta is -1.684333597040677e-06
Model is not converging.  Current: -785.3235424813249 is not greater than -785.3235415730717. Delta is -9.082532415050082e-07
/Users/takakhoo/Dev/regime-research/src/regimes/models/hmm.py:60: RuntimeWarning: divide by zero encountered in log
  prev = np.log(model.startprob_ if prior is None else prior)
Model is not converging.  Current: -831.4951696844905 is not greater than -831.4951435278516. Delta is -2.6156638909924368e-05
Model is not converging.  Current: -831.4951667141517 is not greater than -831.4951348025184. Delta is -3.191163330029667e-05
Model is not converging.  Current: -823.5309660265034 is not greater than -823.5292776727439. Delta is -0.0016883537595049347
Model is not converging.  Current: -831.4951714742796 is not greater than -831.4951472152331. Delta is -2.4259046426777786e-05
Model is not converging.  Current: -831.4951865904754 is not greater than -831.495181602834. Delta is -4.98764143230801e-06
/Users/takakhoo/Dev/regime-research/src/regimes/models/hmm.py:60: RuntimeWarning: divide by zero encountered in log
  prev = np.log(model.startprob_ if prior is None else prior)
/Users/takakhoo/Dev/regime-research/src/regimes/models/hmm.py:60: RuntimeWarning: divide by zero encountered in log
  prev = np.log(model.startprob_ if prior is None else prior)
Model is not converging.  Current: -881.5701570856928 is not greater than -881.5701085164943. Delta is -4.856919849771657e-05
Model is not converging.  Current: -881.5701446562302 is not greater than -881.5700683106982. Delta is -7.634553207935824e-05
Model is not converging.  Current: -893.5648369151942 is not greater than -893.5648195255808. Delta is -1.738961339015077e-05
Model is not converging.  Current: -868.5645364888823 is not greater than -868.5544541889232. Delta is -0.010082299959094598
Model is not converging.  Current: -881.5701211564569 is not greater than -881.570058316098. Delta is -6.28403589644222e-05
Model is not converging.  Current: -893.564665211119 is not greater than -893.564533849842. Delta is -0.00013136127699908684
/Users/takakhoo/Dev/regime-research/src/regimes/models/hmm.py:60: RuntimeWarning: divide by zero encountered in log
  prev = np.log(model.startprob_ if prior is None else prior)
/Users/takakhoo/Dev/regime-research/src/regimes/models/hmm.py:60: RuntimeWarning: divide by zero encountered in log
  prev = np.log(model.startprob_ if prior is None else prior)
Model is not converging.  Current: -2395.372896542731 is not greater than -2395.372894750481. Delta is -1.7922498045663815e-06
Model is not converging.  Current: -1035.0981627524573 is not greater than -1035.098023093156. Delta is -0.0001396593013396341
Model is not converging.  Current: -1035.0982116376174 is not greater than -1035.0982107737273. Delta is -8.638901363156037e-07
Model is not converging.  Current: -2400.17184836664 is not greater than -2400.171847079894. Delta is -1.2867458281107247e-06
/Users/takakhoo/Dev/regime-research/src/regimes/models/hmm.py:60: RuntimeWarning: divide by zero encountered in log
  prev = np.log(model.startprob_ if prior is None else prior)
Model is not converging.  Current: -1035.09812797612 is not greater than -1035.0979562862333. Delta is -0.0001716898866561678
/Users/takakhoo/Dev/regime-research/src/regimes/models/hmm.py:60: RuntimeWarning: divide by zero encountered in log
  prev = np.log(model.startprob_ if prior is None else prior)
/Users/takakhoo/Dev/regime-research/src/regimes/models/hmm.py:60: RuntimeWarning: divide by zero encountered in log
  prev = np.log(model.startprob_ if prior is None else prior)
/Users/takakhoo/Dev/regime-research/src/regimes/models/hmm.py:60: RuntimeWarning: divide by zero encountered in log
  prev = np.log(model.startprob_ if prior is None else prior)
/Users/takakhoo/Dev/regime-research/src/regimes/models/hmm.py:60: RuntimeWarning: divide by zero encountered in log
  prev = np.log(model.startprob_ if prior is None else prior)
done HMM[rv_term,K=bic,myopic]
Model is not converging.  Current: -1125.0041083501067 is not greater than -1125.004108304427. Delta is -4.5679598770220764e-08
/Users/takakhoo/Dev/regime-research/src/regimes/models/hmm.py:60: RuntimeWarning: divide by zero encountered in log
  prev = np.log(model.startprob_ if prior is None else prior)
Model is not converging.  Current: -1002.751651152507 is not greater than -1002.751649568697. Delta is -1.5838099898246583e-06
Model is not converging.  Current: -2277.049977695357 is not greater than -2277.049974801207. Delta is -2.8941499294887763e-06
Model is not converging.  Current: -1199.8830859834356 is not greater than -1199.8829640379815. Delta is -0.00012194545411148283
Model is not converging.  Current: -791.9218714830592 is not greater than -791.9218697987257. Delta is -1.684333597040677e-06
Model is not converging.  Current: -785.3235424813249 is not greater than -785.3235415730717. Delta is -9.082532415050082e-07
Model is not converging.  Current: -509.6217938097984 is not greater than -509.6217937784828. Delta is -3.1315607884607743e-08
/Users/takakhoo/Dev/regime-research/src/regimes/models/hmm.py:60: RuntimeWarning: divide by zero encountered in log
  prev = np.log(model.startprob_ if prior is None else prior)
Model is not converging.  Current: -670.3804966343558 is not greater than -670.3804944156634. Delta is -2.218692429778457e-06
Model is not converging.  Current: -703.299264147525 is not greater than -703.2992635026022. Delta is -6.449228067140211e-07
/Users/takakhoo/Dev/regime-research/src/regimes/models/hmm.py:60: RuntimeWarning: divide by zero encountered in log
  prev = np.log(model.startprob_ if prior is None else prior)
Model is not converging.  Current: -1053.994792564112 is not greater than -1053.9947907645355. Delta is -1.7995764665101888e-06
Model is not converging.  Current: -3450.85335949903 is not greater than -3450.8533593682923. Delta is -1.30737589643104e-07
Model is not converging.  Current: -831.4951696844905 is not greater than -831.4951435278516. Delta is -2.6156638909924368e-05
Model is not converging.  Current: -831.4951667141517 is not greater than -831.4951348025184. Delta is -3.191163330029667e-05
/Users/takakhoo/Dev/regime-research/src/regimes/models/hmm.py:60: RuntimeWarning: divide by zero encountered in log
  prev = np.log(model.startprob_ if prior is None else prior)
Model is not converging.  Current: -823.5309660265034 is not greater than -823.5292776727439. Delta is -0.0016883537595049347
Model is not converging.  Current: -831.4951714742796 is not greater than -831.4951472152331. Delta is -2.4259046426777786e-05
Model is not converging.  Current: -831.4951865904754 is not greater than -831.495181602834. Delta is -4.98764143230801e-06
Model is not converging.  Current: -716.804387331607 is not greater than -716.804386289077. Delta is -1.0425300160932238e-06
Model is not converging.  Current: -3665.9245578763853 is not greater than -3665.924556254574. Delta is -1.6218114069488365e-06
/Users/takakhoo/Dev/regime-research/src/regimes/models/hmm.py:60: RuntimeWarning: divide by zero encountered in log
  prev = np.log(model.startprob_ if prior is None else prior)
Model is not converging.  Current: -1235.3877676932423 is not greater than -1235.387767654554. Delta is -3.8688312997692265e-08
/Users/takakhoo/Dev/regime-research/src/regimes/models/hmm.py:60: RuntimeWarning: divide by zero encountered in log
  prev = np.log(model.startprob_ if prior is None else prior)
Model is not converging.  Current: -1244.1852559498143 is not greater than -1244.1851909514585. Delta is -6.499835581053048e-05
Model is not converging.  Current: -881.5701570856928 is not greater than -881.5701085164943. Delta is -4.856919849771657e-05
Model is not converging.  Current: -881.5701446562302 is not greater than -881.5700683106982. Delta is -7.634553207935824e-05
Model is not converging.  Current: -893.5648369151942 is not greater than -893.5648195255808. Delta is -1.738961339015077e-05
Model is not converging.  Current: -868.5645364888823 is not greater than -868.5544541889232. Delta is -0.010082299959094598
Model is not converging.  Current: -881.5701211564569 is not greater than -881.570058316098. Delta is -6.28403589644222e-05
Model is not converging.  Current: -893.564665211119 is not greater than -893.564533849842. Delta is -0.00013136127699908684
Model is not converging.  Current: -891.4271672712559 is not greater than -891.427156717092. Delta is -1.0554163964116015e-05
Model is not converging.  Current: -1278.802012127261 is not greater than -1278.8019954506317. Delta is -1.66766292295506e-05
/Users/takakhoo/Dev/regime-research/src/regimes/models/hmm.py:60: RuntimeWarning: divide by zero encountered in log
  prev = np.log(model.startprob_ if prior is None else prior)
Model is not converging.  Current: -1335.4591838975546 is not greater than -1335.4591829445446. Delta is -9.530099305266049e-07
/Users/takakhoo/Dev/regime-research/src/regimes/models/hmm.py:60: RuntimeWarning: divide by zero encountered in log
  prev = np.log(model.startprob_ if prior is None else prior)
/Users/takakhoo/Dev/regime-research/src/regimes/models/hmm.py:60: RuntimeWarning: divide by zero encountered in log
  prev = np.log(model.startprob_ if prior is None else prior)
/Users/takakhoo/Dev/regime-research/src/regimes/models/hmm.py:60: RuntimeWarning: divide by zero encountered in log
  prev = np.log(model.startprob_ if prior is None else prior)
Model is not converging.  Current: -3629.4187117849165 is not greater than -3629.4187113153976. Delta is -4.6951890908530913e-07
Model is not converging.  Current: -1377.5475711556116 is not greater than -1377.547570560547. Delta is -5.950646482233424e-07
Model is not converging.  Current: -2178.4610830573756 is not greater than -2178.461082764333. Delta is -2.9304283089004457e-07
Model is not converging.  Current: -832.5044442258805 is not greater than -832.5044407408235. Delta is -3.485057050056639e-06
/Users/takakhoo/Dev/regime-research/src/regimes/models/hmm.py:60: RuntimeWarning: divide by zero encountered in log
  prev = np.log(model.startprob_ if prior is None else prior)
Model is not converging.  Current: -2463.1025821199687 is not greater than -2463.102575572052. Delta is -6.5479166551085655e-06
Model is not converging.  Current: -1356.7989791242726 is not greater than -1356.7989324020234. Delta is -4.6722249180675135e-05
Model is not converging.  Current: -1356.7989792957535 is not greater than -1356.7989386592672. Delta is -4.063648634655692e-05
Model is not converging.  Current: -848.8802730622477 is not greater than -848.8802604401992. Delta is -1.2622048529919994e-05
/Users/takakhoo/Dev/regime-research/src/regimes/models/hmm.py:60: RuntimeWarning: divide by zero encountered in log
  prev = np.log(model.startprob_ if prior is None else prior)
/Users/takakhoo/Dev/regime-research/src/regimes/models/hmm.py:60: RuntimeWarning: divide by zero encountered in log
  prev = np.log(model.startprob_ if prior is None else prior)
Model is not converging.  Current: -777.4306324458373 is not greater than -777.4289827911585. Delta is -0.0016496546787720945
/Users/takakhoo/Dev/regime-research/src/regimes/models/hmm.py:60: RuntimeWarning: divide by zero encountered in log
  prev = np.log(model.startprob_ if prior is None else prior)
Model is not converging.  Current: -1397.5198144221695 is not greater than -1397.5197951057387. Delta is -1.931643078023626e-05
Model is not converging.  Current: -1035.0981627524573 is not greater than -1035.098023093156. Delta is -0.0001396593013396341
Model is not converging.  Current: -1035.0982116376174 is not greater than -1035.0982107737273. Delta is -8.638901363156037e-07
/Users/takakhoo/Dev/regime-research/src/regimes/models/hmm.py:60: RuntimeWarning: divide by zero encountered in log
  prev = np.log(model.startprob_ if prior is None else prior)
Model is not converging.  Current: -3735.508616199823 is not greater than -3735.508614735985. Delta is -1.4638380889664404e-06
Model is not converging.  Current: -2912.665688193829 is not greater than -2912.6656874544674. Delta is -7.393614396278281e-07
Model is not converging.  Current: -1500.4958858024604 is not greater than -1500.4958850262435. Delta is -7.762168934277724e-07
Model is not converging.  Current: -1035.09812797612 is not greater than -1035.0979562862333. Delta is -0.0001716898866561678
Model is not converging.  Current: -867.0867018454131 is not greater than -867.0845128680446. Delta is -0.002188977368518863
Model is not converging.  Current: -1566.9442968805233 is not greater than -1566.944276489262. Delta is -2.039126138697611e-05
/Users/takakhoo/Dev/regime-research/src/regimes/models/hmm.py:60: RuntimeWarning: divide by zero encountered in log
  prev = np.log(model.startprob_ if prior is None else prior)
Model is not converging.  Current: -1476.5472561454612 is not greater than -1476.5472558675617. Delta is -2.7789951673184987e-07
Model is not converging.  Current: -3779.771715442248 is not greater than -3779.771714896932. Delta is -5.45316197531065e-07
Model is not converging.  Current: -2502.6826508856034 is not greater than -2502.6826494410607. Delta is -1.4445427041209769e-06
Model is not converging.  Current: -1552.312527972516 is not greater than -1552.312527788352. Delta is -1.8416380953567568e-07
/Users/takakhoo/Dev/regime-research/src/regimes/models/hmm.py:60: RuntimeWarning: divide by zero encountered in log
  prev = np.log(model.startprob_ if prior is None else prior)
Model is not converging.  Current: -916.1204698488219 is not greater than -916.1204596987747. Delta is -1.0150047273782548e-05
Model is not converging.  Current: -957.5388096439472 is not greater than -925.9499045602926. Delta is -31.588905083654595
Model is not converging.  Current: -826.5194764607514 is not greater than -826.5192918014766. Delta is -0.00018465927485067368
/Users/takakhoo/Dev/regime-research/src/regimes/models/hmm.py:60: RuntimeWarning: divide by zero encountered in log
  prev = np.log(model.startprob_ if prior is None else prior)
Model is not converging.  Current: -1599.9448565978548 is not greater than -1599.9448565575947. Delta is -4.026014721603133e-08
Model is not converging.  Current: -2506.1578412106546 is not greater than -2506.1578380296082. Delta is -3.1810463951842394e-06
/Users/takakhoo/Dev/regime-research/src/regimes/models/hmm.py:60: RuntimeWarning: divide by zero encountered in log
  prev = np.log(model.startprob_ if prior is None else prior)
/Users/takakhoo/Dev/regime-research/src/regimes/models/hmm.py:60: RuntimeWarning: divide by zero encountered in log
  prev = np.log(model.startprob_ if prior is None else prior)
Model is not converging.  Current: -1585.499967381704 is not greater than -1585.4999664391626. Delta is -9.42541419135523e-07
Model is not converging.  Current: -3322.1733862622555 is not greater than -3322.1733848492945. Delta is -1.4129609553492628e-06
Model is not converging.  Current: -873.8501165897544 is not greater than -873.8500243976665. Delta is -9.219208789090771e-05
/Users/takakhoo/Dev/regime-research/src/regimes/models/hmm.py:60: RuntimeWarning: divide by zero encountered in log
  prev = np.log(model.startprob_ if prior is None else prior)
Model is not converging.  Current: -852.560760481128 is not greater than -852.5607308749281. Delta is -2.96061998596997e-05
Model is not converging.  Current: -1103.3870464542224 is not greater than -1103.387017344286. Delta is -2.9109936349414056e-05
Model is not converging.  Current: -4094.77490365078 is not greater than -4094.7749034087633. Delta is -2.420165401417762e-07
Model is not converging.  Current: -1125.0041083501067 is not greater than -1125.004108304427. Delta is -4.5679598770220764e-08
Model is not converging.  Current: -921.9776120726489 is not greater than -921.9776064724522. Delta is -5.600196686827985e-06
Model is not converging.  Current: -1113.0246959549177 is not greater than -1113.024606018633. Delta is -8.993628466669179e-05
Model is not converging.  Current: -1686.4724423233313 is not greater than -1686.472340928495. Delta is -0.0001013948362924566
Model is not converging.  Current: -1047.5191112482735 is not greater than -1047.5188640452839. Delta is -0.0002472029896125605
/Users/takakhoo/Dev/regime-research/src/regimes/models/hmm.py:60: RuntimeWarning: divide by zero encountered in log
  prev = np.log(model.startprob_ if prior is None else prior)
/Users/takakhoo/Dev/regime-research/src/regimes/models/hmm.py:60: RuntimeWarning: divide by zero encountered in log
  prev = np.log(model.startprob_ if prior is None else prior)
/Users/takakhoo/Dev/regime-research/src/regimes/models/hmm.py:60: RuntimeWarning: divide by zero encountered in log
  prev = np.log(model.startprob_ if prior is None else prior)
Model is not converging.  Current: -1199.8830859834356 is not greater than -1199.8829640379815. Delta is -0.00012194545411148283
done HMM[rv_term,K=bic,switch]
done HMM[rv_term,K=2,band,flat10]
done HMM[rv_term,K=2,band,jones]
done HMM[rv_term_def,K=2,myopic]
done HMM[rv_term_def,K=2,switch]
done HMM[rv_term_def,K=3,myopic]
done HMM[rv_term_def,K=3,switch]
Model is not converging.  Current: -1002.751651152507 is not greater than -1002.751649568697. Delta is -1.5838099898246583e-06
Model is not converging.  Current: -1801.4902952980224 is not greater than -1801.49027492107. Delta is -2.0376952306833118e-05
Model is not converging.  Current: -791.9218714830592 is not greater than -791.9218697987257. Delta is -1.684333597040677e-06
Model is not converging.  Current: -785.3235424813249 is not greater than -785.3235415730717. Delta is -9.082532415050082e-07
/Users/takakhoo/Dev/regime-research/src/regimes/models/hmm.py:60: RuntimeWarning: divide by zero encountered in log
  prev = np.log(model.startprob_ if prior is None else prior)
Model is not converging.  Current: -1022.183183832323 is not greater than -1022.1830541181738. Delta is -0.00012971414923867997
Model is not converging.  Current: -509.6217938097984 is not greater than -509.6217937784828. Delta is -3.1315607884607743e-08
Model is not converging.  Current: -670.3804966343558 is not greater than -670.3804944156634. Delta is -2.218692429778457e-06
Model is not converging.  Current: -703.299264147525 is not greater than -703.2992635026022. Delta is -6.449228067140211e-07
/Users/takakhoo/Dev/regime-research/src/regimes/models/hmm.py:60: RuntimeWarning: divide by zero encountered in log
  prev = np.log(model.startprob_ if prior is None else prior)
/Users/takakhoo/Dev/regime-research/src/regimes/models/hmm.py:60: RuntimeWarning: divide by zero encountered in log
  prev = np.log(model.startprob_ if prior is None else prior)
Model is not converging.  Current: -1859.6379081379612 is not greater than -1859.637907454433. Delta is -6.835282420070143e-07
/Users/takakhoo/Dev/regime-research/src/regimes/models/hmm.py:60: RuntimeWarning: divide by zero encountered in log
  prev = np.log(model.startprob_ if prior is None else prior)
Model is not converging.  Current: -4210.985647385672 is not greater than -4210.98564726245. Delta is -1.232219801750034e-07
Model is not converging.  Current: -1859.6379080286783 is not greater than -1859.6379074234776. Delta is -6.052007393009262e-07
Model is not converging.  Current: -1053.994792564112 is not greater than -1053.9947907645355. Delta is -1.7995764665101888e-06
/Users/takakhoo/Dev/regime-research/src/regimes/models/hmm.py:60: RuntimeWarning: divide by zero encountered in log
  prev = np.log(model.startprob_ if prior is None else prior)
Model is not converging.  Current: -831.4951696844905 is not greater than -831.4951435278516. Delta is -2.6156638909924368e-05
Model is not converging.  Current: -831.4951667141517 is not greater than -831.4951348025184. Delta is -3.191163330029667e-05
Model is not converging.  Current: -823.5309660265034 is not greater than -823.5292776727439. Delta is -0.0016883537595049347
Model is not converging.  Current: -831.4951714742796 is not greater than -831.4951472152331. Delta is -2.4259046426777786e-05
Model is not converging.  Current: -831.4951865904754 is not greater than -831.495181602834. Delta is -4.98764143230801e-06
Model is not converging.  Current: -716.804387331607 is not greater than -716.804386289077. Delta is -1.0425300160932238e-06
/Users/takakhoo/Dev/regime-research/src/regimes/models/hmm.py:60: RuntimeWarning: divide by zero encountered in log
  prev = np.log(model.startprob_ if prior is None else prior)
Model is not converging.  Current: -1915.272899227511 is not greater than -1915.2728986300365. Delta is -5.974745818093652e-07
/Users/takakhoo/Dev/regime-research/src/regimes/models/hmm.py:60: RuntimeWarning: divide by zero encountered in log
  prev = np.log(model.startprob_ if prior is None else prior)
Model is not converging.  Current: -881.5701570856928 is not greater than -881.5701085164943. Delta is -4.856919849771657e-05
Model is not converging.  Current: -881.5701446562302 is not greater than -881.5700683106982. Delta is -7.634553207935824e-05
Model is not converging.  Current: -893.5648369151942 is not greater than -893.5648195255808. Delta is -1.738961339015077e-05
Model is not converging.  Current: -868.5645364888823 is not greater than -868.5544541889232. Delta is -0.010082299959094598
Model is not converging.  Current: -881.5701211564569 is not greater than -881.570058316098. Delta is -6.28403589644222e-05
Model is not converging.  Current: -893.564665211119 is not greater than -893.564533849842. Delta is -0.00013136127699908684
Model is not converging.  Current: -2026.9680018473816 is not greater than -2026.9680011611817. Delta is -6.861998826934723e-07
Model is not converging.  Current: -1083.034252727685 is not greater than -1083.0342456615203. Delta is -7.06616469869914e-06
/Users/takakhoo/Dev/regime-research/src/regimes/models/hmm.py:60: RuntimeWarning: divide by zero encountered in log
  prev = np.log(model.startprob_ if prior is None else prior)
Model is not converging.  Current: -891.4271672712559 is not greater than -891.427156717092. Delta is -1.0554163964116015e-05
/Users/takakhoo/Dev/regime-research/src/regimes/models/hmm.py:60: RuntimeWarning: divide by zero encountered in log
  prev = np.log(model.startprob_ if prior is None else prior)
/Users/takakhoo/Dev/regime-research/src/regimes/models/hmm.py:60: RuntimeWarning: divide by zero encountered in log
  prev = np.log(model.startprob_ if prior is None else prior)
Model is not converging.  Current: -2465.105927759318 is not greater than -2465.105926800482. Delta is -9.588361535861623e-07
Model is not converging.  Current: -2461.1068913250015 is not greater than -2461.106886676434. Delta is -4.648567482945509e-06
Model is not converging.  Current: -1235.3877676932423 is not greater than -1235.387767654554. Delta is -3.8688312997692265e-08
Model is not converging.  Current: -832.5044442258805 is not greater than -832.5044407408235. Delta is -3.485057050056639e-06
Model is not converging.  Current: -2176.080249810365 is not greater than -2176.0802449868693. Delta is -4.823495601158356e-06
Model is not converging.  Current: -3411.039247930632 is not greater than -3411.0392474395894. Delta is -4.910425559501164e-07
/Users/takakhoo/Dev/regime-research/src/regimes/models/hmm.py:60: RuntimeWarning: divide by zero encountered in log
  prev = np.log(model.startprob_ if prior is None else prior)
/Users/takakhoo/Dev/regime-research/src/regimes/models/hmm.py:60: RuntimeWarning: divide by zero encountered in log
  prev = np.log(model.startprob_ if prior is None else prior)
Model is not converging.  Current: -2098.1408392446947 is not greater than -2098.140835321279. Delta is -3.9234155337908305e-06
/Users/takakhoo/Dev/regime-research/src/regimes/models/hmm.py:60: RuntimeWarning: divide by zero encountered in log
  prev = np.log(model.startprob_ if prior is None else prior)
Model is not converging.  Current: -2186.9922757213717 is not greater than -2186.9922705144395. Delta is -5.2069322009629104e-06
Model is not converging.  Current: -1244.1852559498143 is not greater than -1244.1851909514585. Delta is -6.499835581053048e-05
Model is not converging.  Current: -848.8802730622477 is not greater than -848.8802604401992. Delta is -1.2622048529919994e-05
Model is not converging.  Current: -777.4306324458373 is not greater than -777.4289827911585. Delta is -0.0016496546787720945
Model is not converging.  Current: -1139.2602929121883 is not greater than -1139.259621626716. Delta is -0.0006712854724355566
Model is not converging.  Current: -1121.794100768429 is not greater than -1121.7939972042534. Delta is -0.00010356417556067754
Model is not converging.  Current: -1093.9516850531948 is not greater than -1093.9516086853748. Delta is -7.636781992914621e-05
/Users/takakhoo/Dev/regime-research/src/regimes/models/hmm.py:60: RuntimeWarning: divide by zero encountered in log
  prev = np.log(model.startprob_ if prior is None else prior)
Model is not converging.  Current: -1100.4731313556792 is not greater than -1100.4730450215736. Delta is -8.633410561742494e-05
/Users/takakhoo/Dev/regime-research/src/regimes/models/hmm.py:60: RuntimeWarning: divide by zero encountered in log
  prev = np.log(model.startprob_ if prior is None else prior)
Model is not converging.  Current: -1035.0981627524573 is not greater than -1035.098023093156. Delta is -0.0001396593013396341
Model is not converging.  Current: -1035.0982116376174 is not greater than -1035.0982107737273. Delta is -8.638901363156037e-07
Model is not converging.  Current: -1035.09812797612 is not greater than -1035.0979562862333. Delta is -0.0001716898866561678
Model is not converging.  Current: -867.0867018454131 is not greater than -867.0845128680446. Delta is -0.002188977368518863
Model is not converging.  Current: -1278.802012127261 is not greater than -1278.8019954506317. Delta is -1.66766292295506e-05
Model is not converging.  Current: -1335.4591838975546 is not greater than -1335.4591829445446. Delta is -9.530099305266049e-07
/Users/takakhoo/Dev/regime-research/src/regimes/models/hmm.py:60: RuntimeWarning: divide by zero encountered in log
  prev = np.log(model.startprob_ if prior is None else prior)
/Users/takakhoo/Dev/regime-research/src/regimes/models/hmm.py:60: RuntimeWarning: divide by zero encountered in log
  prev = np.log(model.startprob_ if prior is None else prior)
Model is not converging.  Current: -1167.1233236454264 is not greater than -1167.1220135938029. Delta is -0.001310051623477193
Model is not converging.  Current: -1147.9005762226927 is not greater than -1147.900498873186. Delta is -7.734950668236706e-05
Model is not converging.  Current: -1212.1530898423666 is not greater than -1212.152988140715. Delta is -0.0001017016516016156
/Users/takakhoo/Dev/regime-research/src/regimes/models/hmm.py:60: RuntimeWarning: divide by zero encountered in log
  prev = np.log(model.startprob_ if prior is None else prior)
Model is not converging.  Current: -916.1204698488219 is not greater than -916.1204596987747. Delta is -1.0150047273782548e-05
Model is not converging.  Current: -2218.644918671714 is not greater than -2218.6448846139397. Delta is -3.405777442822e-05
Model is not converging.  Current: -957.5388096439472 is not greater than -925.9499045602926. Delta is -31.588905083654595
Model is not converging.  Current: -1377.5475711556116 is not greater than -1377.547570560547. Delta is -5.950646482233424e-07
Model is not converging.  Current: -826.5194764607514 is not greater than -826.5192918014766. Delta is -0.00018465927485067368
/Users/takakhoo/Dev/regime-research/src/regimes/models/hmm.py:60: RuntimeWarning: divide by zero encountered in log
  prev = np.log(model.startprob_ if prior is None else prior)
/Users/takakhoo/Dev/regime-research/src/regimes/models/hmm.py:60: RuntimeWarning: divide by zero encountered in log
  prev = np.log(model.startprob_ if prior is None else prior)
Model is not converging.  Current: -1304.7627857435432 is not greater than -1304.7627843705109. Delta is -1.3730323189520277e-06
Model is not converging.  Current: -2315.251095328791 is not greater than -2315.2510938784426. Delta is -1.4503484635497443e-06
Model is not converging.  Current: -1189.0967580897313 is not greater than -1189.0966902059513. Delta is -6.788378004785045e-05
Model is not converging.  Current: -1267.489098746003 is not greater than -1267.489097091765. Delta is -1.6542380762984976e-06
Model is not converging.  Current: -873.8501165897544 is not greater than -873.8500243976665. Delta is -9.219208789090771e-05
/Users/takakhoo/Dev/regime-research/src/regimes/models/hmm.py:60: RuntimeWarning: divide by zero encountered in log
  prev = np.log(model.startprob_ if prior is None else prior)
Model is not converging.  Current: -852.560760481128 is not greater than -852.5607308749281. Delta is -2.96061998596997e-05
Model is not converging.  Current: -2612.2265914927657 is not greater than -2612.2265914356235. Delta is -5.714218787034042e-08
Model is not converging.  Current: -1103.3870464542224 is not greater than -1103.387017344286. Delta is -2.9109936349414056e-05
Model is not converging.  Current: -4625.877317049723 is not greater than -4625.877316714625. Delta is -3.3509877539472654e-07
/Users/takakhoo/Dev/regime-research/src/regimes/models/hmm.py:60: RuntimeWarning: divide by zero encountered in log
  prev = np.log(model.startprob_ if prior is None else prior)
Model is not converging.  Current: -1356.7989791242726 is not greater than -1356.7989324020234. Delta is -4.6722249180675135e-05
/Users/takakhoo/Dev/regime-research/src/regimes/models/hmm.py:60: RuntimeWarning: divide by zero encountered in log
  prev = np.log(model.startprob_ if prior is None else prior)
Model is not converging.  Current: -1125.0041083501067 is not greater than -1125.004108304427. Delta is -4.5679598770220764e-08
Model is not converging.  Current: -1356.7989792957535 is not greater than -1356.7989386592672. Delta is -4.063648634655692e-05
Model is not converging.  Current: -921.9776120726489 is not greater than -921.9776064724522. Delta is -5.600196686827985e-06
Model is not converging.  Current: -1220.265174389151 is not greater than -1220.2651448826425. Delta is -2.950650855382264e-05
Model is not converging.  Current: -2445.199838810972 is not greater than -2445.199819558453. Delta is -1.9252518995926948e-05
Model is not converging.  Current: -4671.409378941142 is not greater than -4671.409378380839. Delta is -5.603023964795284e-07
Model is not converging.  Current: -2579.975679776959 is not greater than -2579.9756764278413. Delta is -3.3491178328404203e-06
Model is not converging.  Current: -1113.0246959549177 is not greater than -1113.024606018633. Delta is -8.993628466669179e-05
/Users/takakhoo/Dev/regime-research/src/regimes/models/hmm.py:60: RuntimeWarning: divide by zero encountered in log
  prev = np.log(model.startprob_ if prior is None else prior)
Model is not converging.  Current: -1047.5191112482735 is not greater than -1047.5188640452839. Delta is -0.0002472029896125605
/Users/takakhoo/Dev/regime-research/src/regimes/models/hmm.py:60: RuntimeWarning: divide by zero encountered in log
  prev = np.log(model.startprob_ if prior is None else prior)
/Users/takakhoo/Dev/regime-research/src/regimes/models/hmm.py:60: RuntimeWarning: divide by zero encountered in log
  prev = np.log(model.startprob_ if prior is None else prior)
Model is not converging.  Current: -1199.8830859834356 is not greater than -1199.8829640379815. Delta is -0.00012194545411148283
Model is not converging.  Current: -2729.9519199343117 is not greater than -2729.9519190373244. Delta is -8.969873306341469e-07
Model is not converging.  Current: -1022.183183832323 is not greater than -1022.1830541181738. Delta is -0.00012971414923867997
Model is not converging.  Current: -4737.215326765194 is not greater than -4737.215326745242. Delta is -1.9951585272792727e-08
/Users/takakhoo/Dev/regime-research/src/regimes/models/hmm.py:60: RuntimeWarning: divide by zero encountered in log
  prev = np.log(model.startprob_ if prior is None else prior)
Model is not converging.  Current: -2638.334473831675 is not greater than -2638.3344723940027. Delta is -1.4376723811437842e-06
/Users/takakhoo/Dev/regime-research/src/regimes/models/hmm.py:60: RuntimeWarning: divide by zero encountered in log
  prev = np.log(model.startprob_ if prior is None else prior)
Model is not converging.  Current: -1397.5198144221695 is not greater than -1397.5197951057387. Delta is -1.931643078023626e-05
/Users/takakhoo/Dev/regime-research/src/regimes/models/hmm.py:60: RuntimeWarning: divide by zero encountered in log
  prev = np.log(model.startprob_ if prior is None else prior)
Model is not converging.  Current: -1081.551436891635 is not greater than -1081.5405193510244. Delta is -0.01091754061053507
Model is not converging.  Current: -1458.5429269839983 is not greater than -1458.5429260701235. Delta is -9.138748282566667e-07
/Users/takakhoo/Dev/regime-research/src/regimes/models/hmm.py:60: RuntimeWarning: divide by zero encountered in log
  prev = np.log(model.startprob_ if prior is None else prior)
Model is not converging.  Current: -2637.7774927252135 is not greater than -2637.7774600739413. Delta is -3.265127224949538e-05
Model is not converging.  Current: -2352.6247387094672 is not greater than -2352.6247369670937. Delta is -1.742373569868505e-06
Model is not converging.  Current: -1500.4958858024604 is not greater than -1500.4958850262435. Delta is -7.762168934277724e-07
Model is not converging.  Current: -3054.0253433074336 is not greater than -3054.0253415313837. Delta is -1.776049884938402e-06
Model is not converging.  Current: -1566.9442968805233 is not greater than -1566.944276489262. Delta is -2.039126138697611e-05
Model is not converging.  Current: -1278.0557663218488 is not greater than -1278.0557652996354. Delta is -1.022213382384507e-06
Model is not converging.  Current: -2644.6420139513884 is not greater than -2644.6420134210025. Delta is -5.303859325067606e-07
/Users/takakhoo/Dev/regime-research/src/regimes/models/hmm.py:60: RuntimeWarning: divide by zero encountered in log
  prev = np.log(model.startprob_ if prior is None else prior)
Model is not converging.  Current: -1083.034252727685 is not greater than -1083.0342456615203. Delta is -7.06616469869914e-06
/Users/takakhoo/Dev/regime-research/src/regimes/models/hmm.py:60: RuntimeWarning: divide by zero encountered in log
  prev = np.log(model.startprob_ if prior is None else prior)
Model is not converging.  Current: -2699.484447678237 is not greater than -2699.484414384073. Delta is -3.32941640408535e-05
Model is not converging.  Current: -1476.5472561454612 is not greater than -1476.5472558675617. Delta is -2.7789951673184987e-07
Model is not converging.  Current: -1552.312527972516 is not greater than -1552.312527788352. Delta is -1.8416380953567568e-07
Model is not converging.  Current: -1386.5269734231606 is not greater than -1386.5269733791483. Delta is -4.401226760819554e-08
Model is not converging.  Current: -2770.8737098373576 is not greater than -2770.8736608621093. Delta is -4.8975248319038656e-05
Model is not converging.  Current: -1235.3877676932423 is not greater than -1235.387767654554. Delta is -3.8688312997692265e-08
/Users/takakhoo/Dev/regime-research/src/regimes/models/hmm.py:60: RuntimeWarning: divide by zero encountered in log
  prev = np.log(model.startprob_ if prior is None else prior)
Model is not converging.  Current: -1303.5603006130564 is not greater than -1303.5602986190852. Delta is -1.993971181946108e-06
/Users/takakhoo/Dev/regime-research/src/regimes/models/hmm.py:60: RuntimeWarning: divide by zero encountered in log
  prev = np.log(model.startprob_ if prior is None else prior)
Model is not converging.  Current: -1758.8460823102066 is not greater than -1758.846076332883. Delta is -5.977323553452152e-06
Model is not converging.  Current: -1758.8460823914834 is not greater than -1758.846076938893. Delta is -5.4525903578905854e-06
/Users/takakhoo/Dev/regime-research/src/regimes/models/hmm.py:60: RuntimeWarning: divide by zero encountered in log
  prev = np.log(model.startprob_ if prior is None else prior)
Model is not converging.  Current: -1758.8460824284023 is not greater than -1758.8460766243122. Delta is -5.804090051242383e-06
Model is not converging.  Current: -1599.9448565978548 is not greater than -1599.9448565575947. Delta is -4.026014721603133e-08
Model is not converging.  Current: -1341.7708258769264 is not greater than -1341.7708138608898. Delta is -1.2016036635031924e-05
Model is not converging.  Current: -1244.1852559498143 is not greater than -1244.1851909514585. Delta is -6.499835581053048e-05
Model is not converging.  Current: -3023.3127130421353 is not greater than -3023.312708766712. Delta is -4.2754231799335685e-06
Model is not converging.  Current: -1139.2602929121883 is not greater than -1139.259621626716. Delta is -0.0006712854724355566
Model is not converging.  Current: -1121.794100768429 is not greater than -1121.7939972042534. Delta is -0.00010356417556067754
/Users/takakhoo/Dev/regime-research/src/regimes/models/hmm.py:60: RuntimeWarning: divide by zero encountered in log
  prev = np.log(model.startprob_ if prior is None else prior)
Model is not converging.  Current: -1093.9516850531948 is not greater than -1093.9516086853748. Delta is -7.636781992914621e-05
Model is not converging.  Current: -1002.751651152507 is not greater than -1002.751649568697. Delta is -1.5838099898246583e-06
Model is not converging.  Current: -1100.4731313556792 is not greater than -1100.4730450215736. Delta is -8.633410561742494e-05
/Users/takakhoo/Dev/regime-research/src/regimes/models/hmm.py:60: RuntimeWarning: divide by zero encountered in log
  prev = np.log(model.startprob_ if prior is None else prior)
Model is not converging.  Current: -1585.499967381704 is not greater than -1585.4999664391626. Delta is -9.42541419135523e-07
Model is not converging.  Current: -1572.581874342827 is not greater than -1572.5818735690793. Delta is -7.73747615312459e-07
Model is not converging.  Current: -1278.802012127261 is not greater than -1278.8019954506317. Delta is -1.66766292295506e-05
Model is not converging.  Current: -1335.4591838975546 is not greater than -1335.4591829445446. Delta is -9.530099305266049e-07
Model is not converging.  Current: -1167.1233236454264 is not greater than -1167.1220135938029. Delta is -0.001310051623477193
Model is not converging.  Current: -1147.9005762226927 is not greater than -1147.900498873186. Delta is -7.734950668236706e-05
Model is not converging.  Current: -3035.8686875921226 is not greater than -3035.8686741333527. Delta is -1.3458769899443723e-05
/Users/takakhoo/Dev/regime-research/src/regimes/models/hmm.py:60: RuntimeWarning: divide by zero encountered in log
  prev = np.log(model.startprob_ if prior is None else prior)
/Users/takakhoo/Dev/regime-research/src/regimes/models/hmm.py:60: RuntimeWarning: divide by zero encountered in log
  prev = np.log(model.startprob_ if prior is None else prior)
/Users/takakhoo/Dev/regime-research/src/regimes/models/hmm.py:60: RuntimeWarning: divide by zero encountered in log
  prev = np.log(model.startprob_ if prior is None else prior)
Model is not converging.  Current: -1212.1530898423666 is not greater than -1212.152988140715. Delta is -0.0001017016516016156
Model is not converging.  Current: -2383.43689635393 is not greater than -2383.4368960275397. Delta is -3.2639036362525076e-07
/Users/takakhoo/Dev/regime-research/src/regimes/models/hmm.py:60: RuntimeWarning: divide by zero encountered in log
  prev = np.log(model.startprob_ if prior is None else prior)
Model is not converging.  Current: -3524.632750756608 is not greater than -3524.6327495696437. Delta is -1.186964254884515e-06
Model is not converging.  Current: -3058.4487144490886 is not greater than -3058.4487116733203. Delta is -2.7757682801166084e-06
Model is not converging.  Current: -1535.072922140355 is not greater than -1535.0729139730604. Delta is -8.167294708982809e-06
Model is not converging.  Current: -1377.5475711556116 is not greater than -1377.547570560547. Delta is -5.950646482233424e-07
Model is not converging.  Current: -1053.994792564112 is not greater than -1053.9947907645355. Delta is -1.7995764665101888e-06
Model is not converging.  Current: -1304.7627857435432 is not greater than -1304.7627843705109. Delta is -1.3730323189520277e-06
Model is not converging.  Current: -1189.0967580897313 is not greater than -1189.0966902059513. Delta is -6.788378004785045e-05
/Users/takakhoo/Dev/regime-research/src/regimes/models/hmm.py:60: RuntimeWarning: divide by zero encountered in log
  prev = np.log(model.startprob_ if prior is None else prior)
Model is not converging.  Current: -1267.489098746003 is not greater than -1267.489097091765. Delta is -1.6542380762984976e-06
/Users/takakhoo/Dev/regime-research/src/regimes/models/hmm.py:60: RuntimeWarning: divide by zero encountered in log
  prev = np.log(model.startprob_ if prior is None else prior)
Model is not converging.  Current: -2711.1949604001225 is not greater than -2711.19495635508. Delta is -4.045042260258924e-06
Model is not converging.  Current: -1356.7989791242726 is not greater than -1356.7989324020234. Delta is -4.6722249180675135e-05
Model is not converging.  Current: -1356.7989792957535 is not greater than -1356.7989386592672. Delta is -4.063648634655692e-05
Model is not converging.  Current: -1220.265174389151 is not greater than -1220.2651448826425. Delta is -2.950650855382264e-05
/Users/takakhoo/Dev/regime-research/src/regimes/models/hmm.py:60: RuntimeWarning: divide by zero encountered in log
  prev = np.log(model.startprob_ if prior is None else prior)
/Users/takakhoo/Dev/regime-research/src/regimes/models/hmm.py:60: RuntimeWarning: divide by zero encountered in log
  prev = np.log(model.startprob_ if prior is None else prior)
Model is not converging.  Current: -2395.372896542731 is not greater than -2395.372894750481. Delta is -1.7922498045663815e-06
/Users/takakhoo/Dev/regime-research/src/regimes/models/hmm.py:60: RuntimeWarning: divide by zero encountered in log
  prev = np.log(model.startprob_ if prior is None else prior)
Model is not converging.  Current: -1686.4724423233313 is not greater than -1686.472340928495. Delta is -0.0001013948362924566
Model is not converging.  Current: -2400.17184836664 is not greater than -2400.171847079894. Delta is -1.2867458281107247e-06
/Users/takakhoo/Dev/regime-research/src/regimes/models/hmm.py:60: RuntimeWarning: divide by zero encountered in log
  prev = np.log(model.startprob_ if prior is None else prior)
Model is not converging.  Current: -1397.5198144221695 is not greater than -1397.5197951057387. Delta is -1.931643078023626e-05
Model is not converging.  Current: -1628.1125325984149 is not greater than -1628.1125302910073. Delta is -2.307407612534007e-06
Model is not converging.  Current: -1081.551436891635 is not greater than -1081.5405193510244. Delta is -0.01091754061053507
Model is not converging.  Current: -1458.5429269839983 is not greater than -1458.5429260701235. Delta is -9.138748282566667e-07
/Users/takakhoo/Dev/regime-research/src/regimes/models/hmm.py:60: RuntimeWarning: divide by zero encountered in log
  prev = np.log(model.startprob_ if prior is None else prior)
Model is not converging.  Current: -1591.6814020613924 is not greater than -1591.6814019809751. Delta is -8.041729415708687e-08
/Users/takakhoo/Dev/regime-research/src/regimes/models/hmm.py:60: RuntimeWarning: divide by zero encountered in log
  prev = np.log(model.startprob_ if prior is None else prior)
Model is not converging.  Current: -1500.4958858024604 is not greater than -1500.4958850262435. Delta is -7.762168934277724e-07
Model is not converging.  Current: -1566.9442968805233 is not greater than -1566.944276489262. Delta is -2.039126138697611e-05
Model is not converging.  Current: -1801.4902952980224 is not greater than -1801.49027492107. Delta is -2.0376952306833118e-05
Model is not converging.  Current: -1278.0557663218488 is not greater than -1278.0557652996354. Delta is -1.022213382384507e-06
Model is not converging.  Current: -1554.4288488761595 is not greater than -1554.4288446644. Delta is -4.211759460304165e-06
Model is not converging.  Current: -1654.3956942422305 is not greater than -1654.3956745389082. Delta is -1.9703322323039174e-05
Model is not converging.  Current: -1554.9080913361236 is not greater than -1554.9080852778052. Delta is -6.0583183767448645e-06
Model is not converging.  Current: -1672.2516019512004 is not greater than -1672.2515962559582. Delta is -5.69524218008155e-06
/Users/takakhoo/Dev/regime-research/src/regimes/models/hmm.py:60: RuntimeWarning: divide by zero encountered in log
  prev = np.log(model.startprob_ if prior is None else prior)
/Users/takakhoo/Dev/regime-research/src/regimes/models/hmm.py:60: RuntimeWarning: divide by zero encountered in log
  prev = np.log(model.startprob_ if prior is None else prior)
Model is not converging.  Current: -1476.5472561454612 is not greater than -1476.5472558675617. Delta is -2.7789951673184987e-07
Model is not converging.  Current: -1859.6379081379612 is not greater than -1859.637907454433. Delta is -6.835282420070143e-07
Model is not converging.  Current: -1552.312527972516 is not greater than -1552.312527788352. Delta is -1.8416380953567568e-07
Model is not converging.  Current: -1859.6379080286783 is not greater than -1859.6379074234776. Delta is -6.052007393009262e-07
Model is not converging.  Current: -1386.5269734231606 is not greater than -1386.5269733791483. Delta is -4.401226760819554e-08
Model is not converging.  Current: -1453.3700346507808 is not greater than -1453.3650577569476. Delta is -0.004976893833145368
Model is not converging.  Current: -1303.5603006130564 is not greater than -1303.5602986190852. Delta is -1.993971181946108e-06
/Users/takakhoo/Dev/regime-research/src/regimes/models/hmm.py:60: RuntimeWarning: divide by zero encountered in log
  prev = np.log(model.startprob_ if prior is None else prior)
Model is not converging.  Current: -2740.2539536640847 is not greater than -2740.2539520657306. Delta is -1.59835417434806e-06
Model is not converging.  Current: -1758.8460823102066 is not greater than -1758.846076332883. Delta is -5.977323553452152e-06
Model is not converging.  Current: -1758.8460823914834 is not greater than -1758.846076938893. Delta is -5.4525903578905854e-06
Model is not converging.  Current: -1758.8460824284023 is not greater than -1758.8460766243122. Delta is -5.804090051242383e-06
/Users/takakhoo/Dev/regime-research/src/regimes/models/hmm.py:60: RuntimeWarning: divide by zero encountered in log
  prev = np.log(model.startprob_ if prior is None else prior)
Model is not converging.  Current: -1599.9448565978548 is not greater than -1599.9448565575947. Delta is -4.026014721603133e-08
Model is not converging.  Current: -3450.85335949903 is not greater than -3450.8533593682923. Delta is -1.30737589643104e-07
Model is not converging.  Current: -1341.7708258769264 is not greater than -1341.7708138608898. Delta is -1.2016036635031924e-05
/Users/takakhoo/Dev/regime-research/src/regimes/models/hmm.py:60: RuntimeWarning: divide by zero encountered in log
  prev = np.log(model.startprob_ if prior is None else prior)
Model is not converging.  Current: -1915.272899227511 is not greater than -1915.2728986300365. Delta is -5.974745818093652e-07
Model is not converging.  Current: -3665.9245578763853 is not greater than -3665.924556254574. Delta is -1.6218114069488365e-06
Model is not converging.  Current: -1585.499967381704 is not greater than -1585.4999664391626. Delta is -9.42541419135523e-07
Model is not converging.  Current: -2463.1025821199687 is not greater than -2463.102575572052. Delta is -6.5479166551085655e-06
Model is not converging.  Current: -1572.581874342827 is not greater than -1572.5818735690793. Delta is -7.73747615312459e-07
Model is not converging.  Current: -1698.3729599300304 is not greater than -1698.3729561809137. Delta is -3.7491167859116104e-06
Model is not converging.  Current: -1790.2148103987788 is not greater than -1790.2147906773805. Delta is -1.9721398302863236e-05
/Users/takakhoo/Dev/regime-research/src/regimes/models/hmm.py:60: RuntimeWarning: divide by zero encountered in log
  prev = np.log(model.startprob_ if prior is None else prior)
/Users/takakhoo/Dev/regime-research/src/regimes/models/hmm.py:60: RuntimeWarning: divide by zero encountered in log
  prev = np.log(model.startprob_ if prior is None else prior)
/Users/takakhoo/Dev/regime-research/src/regimes/models/hmm.py:60: RuntimeWarning: divide by zero encountered in log
  prev = np.log(model.startprob_ if prior is None else prior)
/Users/takakhoo/Dev/regime-research/src/regimes/models/hmm.py:60: RuntimeWarning: divide by zero encountered in log
  prev = np.log(model.startprob_ if prior is None else prior)
Model is not converging.  Current: -2912.665688193829 is not greater than -2912.6656874544674. Delta is -7.393614396278281e-07
Model is not converging.  Current: -3629.4187117849165 is not greater than -3629.4187113153976. Delta is -4.6951890908530913e-07
Model is not converging.  Current: -2026.9680018473816 is not greater than -2026.9680011611817. Delta is -6.861998826934723e-07
Model is not converging.  Current: -1535.072922140355 is not greater than -1535.0729139730604. Delta is -8.167294708982809e-06
Model is not converging.  Current: -3322.1733862622555 is not greater than -3322.1733848492945. Delta is -1.4129609553492628e-06
/Users/takakhoo/Dev/regime-research/src/regimes/models/hmm.py:60: RuntimeWarning: divide by zero encountered in log
  prev = np.log(model.startprob_ if prior is None else prior)
Model is not converging.  Current: -2502.6826508856034 is not greater than -2502.6826494410607. Delta is -1.4445427041209769e-06
Model is not converging.  Current: -2506.1578412106546 is not greater than -2506.1578380296082. Delta is -3.1810463951842394e-06
/Users/takakhoo/Dev/regime-research/src/regimes/models/hmm.py:60: RuntimeWarning: divide by zero encountered in log
  prev = np.log(model.startprob_ if prior is None else prior)
Model is not converging.  Current: -1738.5439987031723 is not greater than -1738.5439965388987. Delta is -2.164273610105738e-06
Model is not converging.  Current: -3322.1733862622555 is not greater than -3322.1733848492945. Delta is -1.4129609553492628e-06
Model is not converging.  Current: -3735.508616199823 is not greater than -3735.508614735985. Delta is -1.4638380889664404e-06
Model is not converging.  Current: -2782.1238244848932 is not greater than -2782.123824426575. Delta is -5.831816451973282e-08
/Users/takakhoo/Dev/regime-research/src/regimes/models/hmm.py:60: RuntimeWarning: divide by zero encountered in log
  prev = np.log(model.startprob_ if prior is None else prior)
Model is not converging.  Current: -2257.1427858063053 is not greater than -2257.142785564934. Delta is -2.413712536508683e-07
/Users/takakhoo/Dev/regime-research/src/regimes/models/hmm.py:60: RuntimeWarning: divide by zero encountered in log
  prev = np.log(model.startprob_ if prior is None else prior)
Model is not converging.  Current: -3779.771715442248 is not greater than -3779.771714896932. Delta is -5.45316197531065e-07
Model is not converging.  Current: -1814.286026638029 is not greater than -1814.2860235119888. Delta is -3.1260401556210127e-06
Model is not converging.  Current: -1686.4724423233313 is not greater than -1686.472340928495. Delta is -0.0001013948362924566
Model is not converging.  Current: -1828.3108151339923 is not greater than -1828.31081457628. Delta is -5.577121555688791e-07
/Users/takakhoo/Dev/regime-research/src/regimes/models/hmm.py:60: RuntimeWarning: divide by zero encountered in log
  prev = np.log(model.startprob_ if prior is None else prior)
/Users/takakhoo/Dev/regime-research/src/regimes/models/hmm.py:60: RuntimeWarning: divide by zero encountered in log
  prev = np.log(model.startprob_ if prior is None else prior)
Model is not converging.  Current: -1628.1125325984149 is not greater than -1628.1125302910073. Delta is -2.307407612534007e-06
Model is not converging.  Current: -3411.039247930632 is not greater than -3411.0392474395894. Delta is -4.910425559501164e-07
Model is not converging.  Current: -1591.6814020613924 is not greater than -1591.6814019809751. Delta is -8.041729415708687e-08
/Users/takakhoo/Dev/regime-research/src/regimes/models/hmm.py:60: RuntimeWarning: divide by zero encountered in log
  prev = np.log(model.startprob_ if prior is None else prior)
Model is not converging.  Current: -2098.1408392446947 is not greater than -2098.140835321279. Delta is -3.9234155337908305e-06
Model is not converging.  Current: -4094.77490365078 is not greater than -4094.7749034087633. Delta is -2.420165401417762e-07
Model is not converging.  Current: -1801.4902952980224 is not greater than -1801.49027492107. Delta is -2.0376952306833118e-05
Model is not converging.  Current: -3411.039247930632 is not greater than -3411.0392474395894. Delta is -4.910425559501164e-07
Model is not converging.  Current: -1554.4288488761595 is not greater than -1554.4288446644. Delta is -4.211759460304165e-06
/Users/takakhoo/Dev/regime-research/src/regimes/models/hmm.py:60: RuntimeWarning: divide by zero encountered in log
  prev = np.log(model.startprob_ if prior is None else prior)
Model is not converging.  Current: -1654.3956942422305 is not greater than -1654.3956745389082. Delta is -1.9703322323039174e-05
Model is not converging.  Current: -1554.9080913361236 is not greater than -1554.9080852778052. Delta is -6.0583183767448645e-06
Model is not converging.  Current: -1672.2516019512004 is not greater than -1672.2515962559582. Delta is -5.69524218008155e-06
/Users/takakhoo/Dev/regime-research/src/regimes/models/hmm.py:60: RuntimeWarning: divide by zero encountered in log
  prev = np.log(model.startprob_ if prior is None else prior)
Model is not converging.  Current: -2186.9922757213717 is not greater than -2186.9922705144395. Delta is -5.2069322009629104e-06
Model is not converging.  Current: -1859.6379081379612 is not greater than -1859.637907454433. Delta is -6.835282420070143e-07
Model is not converging.  Current: -1859.6379080286783 is not greater than -1859.6379074234776. Delta is -6.052007393009262e-07
Model is not converging.  Current: -1453.3700346507808 is not greater than -1453.3650577569476. Delta is -0.004976893833145368
/Users/takakhoo/Dev/regime-research/src/regimes/models/hmm.py:60: RuntimeWarning: divide by zero encountered in log
  prev = np.log(model.startprob_ if prior is None else prior)
Model is not converging.  Current: -4210.985647385672 is not greater than -4210.98564726245. Delta is -1.232219801750034e-07
/Users/takakhoo/Dev/regime-research/src/regimes/models/hmm.py:60: RuntimeWarning: divide by zero encountered in log
  prev = np.log(model.startprob_ if prior is None else prior)
Model is not converging.  Current: -1915.272899227511 is not greater than -1915.2728986300365. Delta is -5.974745818093652e-07
Model is not converging.  Current: -1960.1654656814308 is not greater than -1960.1654313798078. Delta is -3.430162291806482e-05
Model is not converging.  Current: -2823.001691382274 is not greater than -2823.0016905699663. Delta is -8.123079169308767e-07
/Users/takakhoo/Dev/regime-research/src/regimes/models/hmm.py:60: RuntimeWarning: divide by zero encountered in log
  prev = np.log(model.startprob_ if prior is None else prior)
Model is not converging.  Current: -3524.632750756608 is not greater than -3524.6327495696437. Delta is -1.186964254884515e-06
Model is not converging.  Current: -2823.5169023029466 is not greater than -2823.5169022845275. Delta is -1.8419086700305343e-08
Model is not converging.  Current: -1698.3729599300304 is not greater than -1698.3729561809137. Delta is -3.7491167859116104e-06
Model is not converging.  Current: -1790.2148103987788 is not greater than -1790.2147906773805. Delta is -1.9721398302863236e-05
/Users/takakhoo/Dev/regime-research/src/regimes/models/hmm.py:60: RuntimeWarning: divide by zero encountered in log
  prev = np.log(model.startprob_ if prior is None else prior)
Model is not converging.  Current: -2065.679199719949 is not greater than -2065.6791849527317. Delta is -1.4767217180633452e-05
Model is not converging.  Current: -2638.334473831675 is not greater than -2638.3344723940027. Delta is -1.4376723811437842e-06
/Users/takakhoo/Dev/regime-research/src/regimes/models/hmm.py:60: RuntimeWarning: divide by zero encountered in log
  prev = np.log(model.startprob_ if prior is None else prior)
done HMM[rv_term_def,K=bic,myopic]
/Users/takakhoo/Dev/regime-research/src/regimes/models/hmm.py:60: RuntimeWarning: divide by zero encountered in log
  prev = np.log(model.startprob_ if prior is None else prior)
Model is not converging.  Current: -2026.9680018473816 is not greater than -2026.9680011611817. Delta is -6.861998826934723e-07
Model is not converging.  Current: -1002.751651152507 is not greater than -1002.751649568697. Delta is -1.5838099898246583e-06
Model is not converging.  Current: -2218.644918671714 is not greater than -2218.6448846139397. Delta is -3.405777442822e-05
Model is not converging.  Current: -2035.51268417614 is not greater than -2035.51265311219. Delta is -3.106395001850615e-05
Model is not converging.  Current: -2060.8301291814482 is not greater than -2060.8299063257136. Delta is -0.00022285573459157604
Model is not converging.  Current: -3054.0253433074336 is not greater than -3054.0253415313837. Delta is -1.776049884938402e-06
Model is not converging.  Current: -1738.5439987031723 is not greater than -1738.5439965388987. Delta is -2.164273610105738e-06
Model is not converging.  Current: -1053.994792564112 is not greater than -1053.9947907645355. Delta is -1.7995764665101888e-06
/Users/takakhoo/Dev/regime-research/src/regimes/models/hmm.py:60: RuntimeWarning: divide by zero encountered in log
  prev = np.log(model.startprob_ if prior is None else prior)
/Users/takakhoo/Dev/regime-research/src/regimes/models/hmm.py:60: RuntimeWarning: divide by zero encountered in log
  prev = np.log(model.startprob_ if prior is None else prior)
Model is not converging.  Current: -2257.1427858063053 is not greater than -2257.142785564934. Delta is -2.413712536508683e-07
Model is not converging.  Current: -2631.3747240453677 is not greater than -2631.374718202115. Delta is -5.843252438353375e-06
Model is not converging.  Current: -1814.286026638029 is not greater than -1814.2860235119888. Delta is -3.1260401556210127e-06
Model is not converging.  Current: -1828.3108151339923 is not greater than -1828.31081457628. Delta is -5.577121555688791e-07
/Users/takakhoo/Dev/regime-research/src/regimes/models/hmm.py:60: RuntimeWarning: divide by zero encountered in log
  prev = np.log(model.startprob_ if prior is None else prior)
Model is not converging.  Current: -2099.758673002314 is not greater than -2099.758640315435. Delta is -3.268687896706979e-05
Model is not converging.  Current: -4625.877317049723 is not greater than -4625.877316714625. Delta is -3.3509877539472654e-07
Model is not converging.  Current: -2098.1408392446947 is not greater than -2098.140835321279. Delta is -3.9234155337908305e-06
Model is not converging.  Current: -2612.2265914927657 is not greater than -2612.2265914356235. Delta is -5.714218787034042e-08
Model is not converging.  Current: -4671.409378941142 is not greater than -4671.409378380839. Delta is -5.603023964795284e-07
/Users/takakhoo/Dev/regime-research/src/regimes/models/hmm.py:60: RuntimeWarning: divide by zero encountered in log
  prev = np.log(model.startprob_ if prior is None else prior)
/Users/takakhoo/Dev/regime-research/src/regimes/models/hmm.py:60: RuntimeWarning: divide by zero encountered in log
  prev = np.log(model.startprob_ if prior is None else prior)
Model is not converging.  Current: -2234.7507498417153 is not greater than -2234.7507492544196. Delta is -5.87295744480798e-07
Model is not converging.  Current: -2186.9922757213717 is not greater than -2186.9922705144395. Delta is -5.2069322009629104e-06
Model is not converging.  Current: -4737.215326765194 is not greater than -4737.215326745242. Delta is -1.9951585272792727e-08
Model is not converging.  Current: -3524.632750756608 is not greater than -3524.6327495696437. Delta is -1.186964254884515e-06
/Users/takakhoo/Dev/regime-research/src/regimes/models/hmm.py:60: RuntimeWarning: divide by zero encountered in log
  prev = np.log(model.startprob_ if prior is None else prior)
Model is not converging.  Current: -2445.199838810972 is not greater than -2445.199819558453. Delta is -1.9252518995926948e-05
Model is not converging.  Current: -2579.975679776959 is not greater than -2579.9756764278413. Delta is -3.3491178328404203e-06
Model is not converging.  Current: -2248.5518699604 is not greater than -2248.5515238829644. Delta is -0.000346077435551706
/Users/takakhoo/Dev/regime-research/src/regimes/models/hmm.py:60: RuntimeWarning: divide by zero encountered in log
  prev = np.log(model.startprob_ if prior is None else prior)
/Users/takakhoo/Dev/regime-research/src/regimes/models/hmm.py:60: RuntimeWarning: divide by zero encountered in log
  prev = np.log(model.startprob_ if prior is None else prior)
Model is not converging.  Current: -2929.249834705196 is not greater than -2929.2498336281815. Delta is -1.0770145308924839e-06
Model is not converging.  Current: -2711.1949604001225 is not greater than -2711.19495635508. Delta is -4.045042260258924e-06
Model is not converging.  Current: -2729.9519199343117 is not greater than -2729.9519190373244. Delta is -8.969873306341469e-07
Model is not converging.  Current: -1960.1654656814308 is not greater than -1960.1654313798078. Delta is -3.430162291806482e-05
/Users/takakhoo/Dev/regime-research/src/regimes/models/hmm.py:60: RuntimeWarning: divide by zero encountered in log
  prev = np.log(model.startprob_ if prior is None else prior)
Model is not converging.  Current: -2293.398351705609 is not greater than -2293.3983506540562. Delta is -1.0515527719689999e-06
Model is not converging.  Current: -2713.9589356588563 is not greater than -2713.958934867425. Delta is -7.914313755463809e-07
/Users/takakhoo/Dev/regime-research/src/regimes/models/hmm.py:60: RuntimeWarning: divide by zero encountered in log
  prev = np.log(model.startprob_ if prior is None else prior)
/Users/takakhoo/Dev/regime-research/src/regimes/models/hmm.py:60: RuntimeWarning: divide by zero encountered in log
  prev = np.log(model.startprob_ if prior is None else prior)
Model is not converging.  Current: -2347.6746897947796 is not greater than -2347.674686864884. Delta is -2.9298957997525577e-06
Model is not converging.  Current: -2065.679199719949 is not greater than -2065.6791849527317. Delta is -1.4767217180633452e-05
/Users/takakhoo/Dev/regime-research/src/regimes/models/hmm.py:60: RuntimeWarning: divide by zero encountered in log
  prev = np.log(model.startprob_ if prior is None else prior)
Model is not converging.  Current: -2637.7774927252135 is not greater than -2637.7774600739413. Delta is -3.265127224949538e-05
Model is not converging.  Current: -2644.6420139513884 is not greater than -2644.6420134210025. Delta is -5.303859325067606e-07
Model is not converging.  Current: -2382.537807510561 is not greater than -2382.537803570973. Delta is -3.939587713830406e-06
Model is not converging.  Current: -2218.644918671714 is not greater than -2218.6448846139397. Delta is -3.405777442822e-05
/Users/takakhoo/Dev/regime-research/src/regimes/models/hmm.py:60: RuntimeWarning: divide by zero encountered in log
  prev = np.log(model.startprob_ if prior is None else prior)
Model is not converging.  Current: -2699.484447678237 is not greater than -2699.484414384073. Delta is -3.32941640408535e-05
Model is not converging.  Current: -2035.51268417614 is not greater than -2035.51265311219. Delta is -3.106395001850615e-05
Model is not converging.  Current: -2060.8301291814482 is not greater than -2060.8299063257136. Delta is -0.00022285573459157604
Model is not converging.  Current: -2740.2539536640847 is not greater than -2740.2539520657306. Delta is -1.59835417434806e-06
/Users/takakhoo/Dev/regime-research/src/regimes/models/hmm.py:60: RuntimeWarning: divide by zero encountered in log
  prev = np.log(model.startprob_ if prior is None else prior)
Model is not converging.  Current: -2770.8737098373576 is not greater than -2770.8736608621093. Delta is -4.8975248319038656e-05
Model is not converging.  Current: -2631.3747240453677 is not greater than -2631.374718202115. Delta is -5.843252438353375e-06
Model is not converging.  Current: -2503.664255463176 is not greater than -2503.6642074324986. Delta is -4.803067713510245e-05
Model is not converging.  Current: -2853.1626283486435 is not greater than -2853.1626282717316. Delta is -7.691187420277856e-08
/Users/takakhoo/Dev/regime-research/src/regimes/models/hmm.py:60: RuntimeWarning: divide by zero encountered in log
  prev = np.log(model.startprob_ if prior is None else prior)
Model is not converging.  Current: -2099.758673002314 is not greater than -2099.758640315435. Delta is -3.268687896706979e-05
Model is not converging.  Current: -1758.8460823102066 is not greater than -1758.846076332883. Delta is -5.977323553452152e-06
Model is not converging.  Current: -1758.8460823914834 is not greater than -1758.846076938893. Delta is -5.4525903578905854e-06
Model is not converging.  Current: -1758.8460824284023 is not greater than -1758.8460766243122. Delta is -5.804090051242383e-06
Model is not converging.  Current: -2612.2265914927657 is not greater than -2612.2265914356235. Delta is -5.714218787034042e-08
Model is not converging.  Current: -3023.3127130421353 is not greater than -3023.312708766712. Delta is -4.2754231799335685e-06
Model is not converging.  Current: -2234.7507498417153 is not greater than -2234.7507492544196. Delta is -5.87295744480798e-07
/Users/takakhoo/Dev/regime-research/src/regimes/models/hmm.py:60: RuntimeWarning: divide by zero encountered in log
  prev = np.log(model.startprob_ if prior is None else prior)
Model is not converging.  Current: -2445.199838810972 is not greater than -2445.199819558453. Delta is -1.9252518995926948e-05
Model is not converging.  Current: -2579.975679776959 is not greater than -2579.9756764278413. Delta is -3.3491178328404203e-06
Model is not converging.  Current: -3026.8791960078033 is not greater than -3026.879195550614. Delta is -4.5718934416072443e-07
/Users/takakhoo/Dev/regime-research/src/regimes/models/hmm.py:60: RuntimeWarning: divide by zero encountered in log
  prev = np.log(model.startprob_ if prior is None else prior)
Model is not converging.  Current: -2248.5518699604 is not greater than -2248.5515238829644. Delta is -0.000346077435551706
Model is not converging.  Current: -2782.1238244848932 is not greater than -2782.123824426575. Delta is -5.831816451973282e-08
/Users/takakhoo/Dev/regime-research/src/regimes/models/hmm.py:60: RuntimeWarning: divide by zero encountered in log
  prev = np.log(model.startprob_ if prior is None else prior)
Model is not converging.  Current: -2702.3504284800506 is not greater than -2702.3504263131654. Delta is -2.166885224141879e-06
Model is not converging.  Current: -2929.249834705196 is not greater than -2929.2498336281815. Delta is -1.0770145308924839e-06
Model is not converging.  Current: -2729.9519199343117 is not greater than -2729.9519190373244. Delta is -8.969873306341469e-07
/Users/takakhoo/Dev/regime-research/src/regimes/models/hmm.py:60: RuntimeWarning: divide by zero encountered in log
  prev = np.log(model.startprob_ if prior is None else prior)
Model is not converging.  Current: -2293.398351705609 is not greater than -2293.3983506540562. Delta is -1.0515527719689999e-06
Model is not converging.  Current: -3035.8686875921226 is not greater than -3035.8686741333527. Delta is -1.3458769899443723e-05
Model is not converging.  Current: -2713.9589356588563 is not greater than -2713.958934867425. Delta is -7.914313755463809e-07
/Users/takakhoo/Dev/regime-research/src/regimes/models/hmm.py:60: RuntimeWarning: divide by zero encountered in log
  prev = np.log(model.startprob_ if prior is None else prior)
Model is not converging.  Current: -2753.894501072514 is not greater than -2753.894482821051. Delta is -1.8251462734042434e-05
/Users/takakhoo/Dev/regime-research/src/regimes/models/hmm.py:60: RuntimeWarning: divide by zero encountered in log
  prev = np.log(model.startprob_ if prior is None else prior)
Model is not converging.  Current: -3058.4487144490886 is not greater than -3058.4487116733203. Delta is -2.7757682801166084e-06
Model is not converging.  Current: -2347.6746897947796 is not greater than -2347.674686864884. Delta is -2.9298957997525577e-06
Model is not converging.  Current: -2936.360158934262 is not greater than -2936.3601585847728. Delta is -3.494892553135287e-07
Model is not converging.  Current: -2637.7774927252135 is not greater than -2637.7774600739413. Delta is -3.265127224949538e-05
Model is not converging.  Current: -2644.6420139513884 is not greater than -2644.6420134210025. Delta is -5.303859325067606e-07
Model is not converging.  Current: -2382.537807510561 is not greater than -2382.537803570973. Delta is -3.939587713830406e-06
Model is not converging.  Current: -2846.3162179043125 is not greater than -2846.3162176548035. Delta is -2.495089574949816e-07
Model is not converging.  Current: -2846.3162181864645 is not greater than -2846.316217911742. Delta is -2.747224243648816e-07
Model is not converging.  Current: -2819.242375944142 is not greater than -2819.242375377438. Delta is -5.66704329685308e-07
/Users/takakhoo/Dev/regime-research/src/regimes/models/hmm.py:60: RuntimeWarning: divide by zero encountered in log
  prev = np.log(model.startprob_ if prior is None else prior)
Model is not converging.  Current: -2699.484447678237 is not greater than -2699.484414384073. Delta is -3.32941640408535e-05
Model is not converging.  Current: -2823.001691382274 is not greater than -2823.0016905699663. Delta is -8.123079169308767e-07
Model is not converging.  Current: -3322.1733862622555 is not greater than -3322.1733848492945. Delta is -1.4129609553492628e-06
Model is not converging.  Current: -2823.5169023029466 is not greater than -2823.5169022845275. Delta is -1.8419086700305343e-08
Model is not converging.  Current: -2257.1427858063053 is not greater than -2257.142785564934. Delta is -2.413712536508683e-07
done HMM[rv_term_def,K=bic,switch]
done HMM[rv_term_def,K=2,band,flat10]
Model is not converging.  Current: -2865.4759080118797 is not greater than -2865.4759077430167. Delta is -2.688630047487095e-07
Model is not converging.  Current: -2898.1073858340733 is not greater than -2898.1073856614526. Delta is -1.7262073015444912e-07
Model is not converging.  Current: -605.1101045446594 is not greater than -605.1101008840806. Delta is -3.6605788409360684e-06
Model is not converging.  Current: -605.1101835846481 is not greater than -605.1101834965538. Delta is -8.809433893475216e-08
/Users/takakhoo/Dev/regime-research/src/regimes/models/hmm.py:60: RuntimeWarning: divide by zero encountered in log
  prev = np.log(model.startprob_ if prior is None else prior)
Model is not converging.  Current: -635.8490390087733 is not greater than -635.8490339689341. Delta is -5.039839152232162e-06
Model is not converging.  Current: -2770.8737098373576 is not greater than -2770.8736608621093. Delta is -4.8975248319038656e-05
Model is not converging.  Current: -635.84903899536 is not greater than -635.8490353511388. Delta is -3.644221237664169e-06
Model is not converging.  Current: -2899.700731689829 is not greater than -2899.7007315729556. Delta is -1.1687325240927748e-07
Model is not converging.  Current: -3411.039247930632 is not greater than -3411.0392474395894. Delta is -4.910425559501164e-07
/Users/takakhoo/Dev/regime-research/src/regimes/models/hmm.py:60: RuntimeWarning: divide by zero encountered in log
  prev = np.log(model.startprob_ if prior is None else prior)
Model is not converging.  Current: -2503.664255463176 is not greater than -2503.6642074324986. Delta is -4.803067713510245e-05
/Users/takakhoo/Dev/regime-research/src/regimes/models/hmm.py:60: RuntimeWarning: divide by zero encountered in log
  prev = np.log(model.startprob_ if prior is None else prior)
Model is not converging.  Current: -2853.1626283486435 is not greater than -2853.1626282717316. Delta is -7.691187420277856e-08
/Users/takakhoo/Dev/regime-research/src/regimes/models/hmm.py:60: RuntimeWarning: divide by zero encountered in log
  prev = np.log(model.startprob_ if prior is None else prior)
/Users/takakhoo/Dev/regime-research/src/regimes/models/hmm.py:60: RuntimeWarning: divide by zero encountered in log
  prev = np.log(model.startprob_ if prior is None else prior)
Model is not converging.  Current: -3023.3127130421353 is not greater than -3023.312708766712. Delta is -4.2754231799335685e-06
Model is not converging.  Current: -2994.395041172528 is not greater than -2994.3950394476637. Delta is -1.7248644326173235e-06
Model is not converging.  Current: -2631.3747240453677 is not greater than -2631.374718202115. Delta is -5.843252438353375e-06
Model is not converging.  Current: -1758.8460823102066 is not greater than -1758.846076332883. Delta is -5.977323553452152e-06
Model is not converging.  Current: -1758.8460823914834 is not greater than -1758.846076938893. Delta is -5.4525903578905854e-06
Model is not converging.  Current: -1758.8460824284023 is not greater than -1758.8460766243122. Delta is -5.804090051242383e-06
Model is not converging.  Current: -3026.8791960078033 is not greater than -3026.879195550614. Delta is -4.5718934416072443e-07
/Users/takakhoo/Dev/regime-research/src/regimes/models/hmm.py:60: RuntimeWarning: divide by zero encountered in log
  prev = np.log(model.startprob_ if prior is None else prior)
Model is not converging.  Current: -3524.632750756608 is not greater than -3524.6327495696437. Delta is -1.186964254884515e-06
/Users/takakhoo/Dev/regime-research/src/regimes/models/hmm.py:60: RuntimeWarning: divide by zero encountered in log
  prev = np.log(model.startprob_ if prior is None else prior)
Model is not converging.  Current: -944.9533908550748 is not greater than -944.9533906660573. Delta is -1.8901744169852464e-07
/Users/takakhoo/Dev/regime-research/src/regimes/models/hmm.py:60: RuntimeWarning: divide by zero encountered in log
  prev = np.log(model.startprob_ if prior is None else prior)
Model is not converging.  Current: -2702.3504284800506 is not greater than -2702.3504263131654. Delta is -2.166885224141879e-06
/Users/takakhoo/Dev/regime-research/src/regimes/models/hmm.py:60: RuntimeWarning: divide by zero encountered in log
  prev = np.log(model.startprob_ if prior is None else prior)
Model is not converging.  Current: -3035.8686875921226 is not greater than -3035.8686741333527. Delta is -1.3458769899443723e-05
Model is not converging.  Current: -2929.249834705196 is not greater than -2929.2498336281815. Delta is -1.0770145308924839e-06
Model is not converging.  Current: -1036.3585292348735 is not greater than -1036.3585286199577. Delta is -6.149157343315892e-07
Model is not converging.  Current: -2753.894501072514 is not greater than -2753.894482821051. Delta is -1.8251462734042434e-05
/Users/takakhoo/Dev/regime-research/src/regimes/models/hmm.py:60: RuntimeWarning: divide by zero encountered in log
  prev = np.log(model.startprob_ if prior is None else prior)
/Users/takakhoo/Dev/regime-research/src/regimes/models/hmm.py:60: RuntimeWarning: divide by zero encountered in log
  prev = np.log(model.startprob_ if prior is None else prior)
Model is not converging.  Current: -3058.4487144490886 is not greater than -3058.4487116733203. Delta is -2.7757682801166084e-06
Model is not converging.  Current: -1073.4717133461802 is not greater than -1073.4717130200522. Delta is -3.2612797440378927e-07
Model is not converging.  Current: -3450.85335949903 is not greater than -3450.8533593682923. Delta is -1.30737589643104e-07
Model is not converging.  Current: -2936.360158934262 is not greater than -2936.3601585847728. Delta is -3.494892553135287e-07
Model is not converging.  Current: -1100.3316737461264 is not greater than -1100.3316717905616. Delta is -1.9555648123059655e-06
Model is not converging.  Current: -3140.053271911275 is not greater than -3140.0532717432. Delta is -1.6807462088763714e-07
Model is not converging.  Current: -1097.8146092062957 is not greater than -1097.8146089021175. Delta is -3.041782292712014e-07
Model is not converging.  Current: -1097.8146034231554 is not greater than -1097.8146029811776. Delta is -4.4197781789989676e-07
Model is not converging.  Current: -3665.9245578763853 is not greater than -3665.924556254574. Delta is -1.6218114069488365e-06
Model is not converging.  Current: -2846.3162179043125 is not greater than -2846.3162176548035. Delta is -2.495089574949816e-07
Model is not converging.  Current: -2846.3162181864645 is not greater than -2846.316217911742. Delta is -2.747224243648816e-07
Model is not converging.  Current: -2819.242375944142 is not greater than -2819.242375377438. Delta is -5.66704329685308e-07
Model is not converging.  Current: -3310.8183684011638 is not greater than -3310.818361201056. Delta is -7.200107575044967e-06
/Users/takakhoo/Dev/regime-research/src/regimes/models/hmm.py:60: RuntimeWarning: divide by zero encountered in log
  prev = np.log(model.startprob_ if prior is None else prior)
Model is not converging.  Current: -3271.116850606055 is not greater than -3271.116845412141. Delta is -5.193913693801733e-06
Model is not converging.  Current: -2865.4759080118797 is not greater than -2865.4759077430167. Delta is -2.688630047487095e-07
Model is not converging.  Current: -2898.1073858340733 is not greater than -2898.1073856614526. Delta is -1.7262073015444912e-07
Model is not converging.  Current: -1230.5302164655911 is not greater than -1230.530215131876. Delta is -1.3337150903680595e-06
Model is not converging.  Current: -1230.5302158415625 is not greater than -1230.530215318916. Delta is -5.226465873420238e-07
Model is not converging.  Current: -3267.728302726739 is not greater than -3267.7282980055397. Delta is -4.721199275081744e-06
Model is not converging.  Current: -1230.5302160315955 is not greater than -1230.5302152113989. Delta is -8.201966466003796e-07
/Users/takakhoo/Dev/regime-research/src/regimes/models/hmm.py:60: RuntimeWarning: divide by zero encountered in log
  prev = np.log(model.startprob_ if prior is None else prior)
/Users/takakhoo/Dev/regime-research/src/regimes/models/hmm.py:60: RuntimeWarning: divide by zero encountered in log
  prev = np.log(model.startprob_ if prior is None else prior)
Model is not converging.  Current: -1258.04079333974 is not greater than -1258.0407920025762. Delta is -1.3371638942771824e-06
Model is not converging.  Current: -3629.4187117849165 is not greater than -3629.4187113153976. Delta is -4.6951890908530913e-07
done HMM[rv_term_def,K=2,band,jones]
done HMM[macro4,K=2,myopic]
done HMM[macro4,K=2,switch]
done HMM[macro4,K=3,myopic]
done HMM[macro4,K=3,switch]
Model is not converging.  Current: -1258.0407922682036 is not greater than -1258.0407912979783. Delta is -9.702253009891137e-07
Model is not converging.  Current: -3298.4325577306763 is not greater than -3298.4325353532977. Delta is -2.237737862742506e-05
Model is not converging.  Current: -2899.700731689829 is not greater than -2899.7007315729556. Delta is -1.1687325240927748e-07
Model is not converging.  Current: -605.1101045446594 is not greater than -605.1101008840806. Delta is -3.6605788409360684e-06
Model is not converging.  Current: -605.1101835846481 is not greater than -605.1101834965538. Delta is -8.809433893475216e-08
/Users/takakhoo/Dev/regime-research/src/regimes/models/hmm.py:60: RuntimeWarning: divide by zero encountered in log
  prev = np.log(model.startprob_ if prior is None else prior)
Model is not converging.  Current: -635.8490390087733 is not greater than -635.8490339689341. Delta is -5.039839152232162e-06
/Users/takakhoo/Dev/regime-research/src/regimes/models/hmm.py:60: RuntimeWarning: divide by zero encountered in log
  prev = np.log(model.startprob_ if prior is None else prior)
Model is not converging.  Current: -3712.477416979655 is not greater than -3712.4774095259977. Delta is -7.453657417499926e-06
/Users/takakhoo/Dev/regime-research/src/regimes/models/hmm.py:60: RuntimeWarning: divide by zero encountered in log
  prev = np.log(model.startprob_ if prior is None else prior)
Model is not converging.  Current: -1312.4220311706865 is not greater than -1312.422028444471. Delta is -2.7262155981588876e-06
Model is not converging.  Current: -1312.4221264638277 is not greater than -1312.422121286743. Delta is -5.177084631213802e-06
Model is not converging.  Current: -635.84903899536 is not greater than -635.8490353511388. Delta is -3.644221237664169e-06
/Users/takakhoo/Dev/regime-research/src/regimes/models/hmm.py:60: RuntimeWarning: divide by zero encountered in log
  prev = np.log(model.startprob_ if prior is None else prior)
Model is not converging.  Current: -1342.9045159437874 is not greater than -1342.904514596093. Delta is -1.3476944786816603e-06
Model is not converging.  Current: -1342.90456140345 is not greater than -1342.9045564360863. Delta is -4.9673637931846315e-06
/Users/takakhoo/Dev/regime-research/src/regimes/models/hmm.py:60: RuntimeWarning: divide by zero encountered in log
  prev = np.log(model.startprob_ if prior is None else prior)
Model is not converging.  Current: -2257.1427858063053 is not greater than -2257.142785564934. Delta is -2.413712536508683e-07
/Users/takakhoo/Dev/regime-research/src/regimes/models/hmm.py:60: RuntimeWarning: divide by zero encountered in log
  prev = np.log(model.startprob_ if prior is None else prior)
Model is not converging.  Current: -3735.508616199823 is not greater than -3735.508614735985. Delta is -1.4638380889664404e-06
Model is not converging.  Current: -1408.1402567241744 is not greater than -1408.1402564053137. Delta is -3.188606569892727e-07
Model is not converging.  Current: -605.1101045446594 is not greater than -605.1101008840806. Delta is -3.6605788409360684e-06
Model is not converging.  Current: -605.1101835846481 is not greater than -605.1101834965538. Delta is -8.809433893475216e-08
Model is not converging.  Current: -3412.4569500382927 is not greater than -3412.4569454666994. Delta is -4.571593308355659e-06
Model is not converging.  Current: -2994.395041172528 is not greater than -2994.3950394476637. Delta is -1.7248644326173235e-06
Model is not converging.  Current: -1442.7705271642112 is not greater than -1442.7705259658692. Delta is -1.1983420336036943e-06
Model is not converging.  Current: -603.8021159967897 is not greater than -603.8021104774072. Delta is -5.519382511920412e-06
Model is not converging.  Current: -3412.4569609176547 is not greater than -3412.4569583974308. Delta is -2.5202239157806616e-06
/Users/takakhoo/Dev/regime-research/src/regimes/models/hmm.py:60: RuntimeWarning: divide by zero encountered in log
  prev = np.log(model.startprob_ if prior is None else prior)
Model is not converging.  Current: -1442.770527657562 is not greater than -1442.7705261791007. Delta is -1.4784613995288964e-06
Model is not converging.  Current: -1476.242794679786 is not greater than -1476.2427918186845. Delta is -2.861101393136778e-06
Model is not converging.  Current: -1476.1257491512922 is not greater than -1476.1257472597542. Delta is -1.8915379769168794e-06
Model is not converging.  Current: -635.8490390087733 is not greater than -635.8490339689341. Delta is -5.039839152232162e-06
Model is not converging.  Current: -3779.771715442248 is not greater than -3779.771714896932. Delta is -5.45316197531065e-07
Model is not converging.  Current: -635.84903899536 is not greater than -635.8490353511388. Delta is -3.644221237664169e-06
Model is not converging.  Current: -1506.8495909950648 is not greater than -1506.849588934857. Delta is -2.060207862086827e-06
/Users/takakhoo/Dev/regime-research/src/regimes/models/hmm.py:60: RuntimeWarning: divide by zero encountered in log
  prev = np.log(model.startprob_ if prior is None else prior)
Model is not converging.  Current: -1506.8495920308087 is not greater than -1506.849589067921. Delta is -2.9628877200593706e-06
/Users/takakhoo/Dev/regime-research/src/regimes/models/hmm.py:60: RuntimeWarning: divide by zero encountered in log
  prev = np.log(model.startprob_ if prior is None else prior)
Model is not converging.  Current: -1541.4077645568568 is not greater than -1541.4077613640795. Delta is -3.192777285221382e-06
Model is not converging.  Current: -1568.1160929418006 is not greater than -1568.1160856050462. Delta is -7.336754379139165e-06
Model is not converging.  Current: -1568.1160872098806 is not greater than -1568.1160856749425. Delta is -1.5349380646512145e-06
/Users/takakhoo/Dev/regime-research/src/regimes/models/hmm.py:60: RuntimeWarning: divide by zero encountered in log
  prev = np.log(model.startprob_ if prior is None else prior)
Model is not converging.  Current: -3510.7713311675084 is not greater than -3510.7713297063565. Delta is -1.461151896364754e-06
Model is not converging.  Current: -3483.4466813853364 is not greater than -3483.4466793483216. Delta is -2.0370148376969155e-06
Model is not converging.  Current: -944.9533908550748 is not greater than -944.9533906660573. Delta is -1.8901744169852464e-07
/Users/takakhoo/Dev/regime-research/src/regimes/models/hmm.py:60: RuntimeWarning: divide by zero encountered in log
  prev = np.log(model.startprob_ if prior is None else prior)
Model is not converging.  Current: -1568.4982125887927 is not greater than -1568.498207934532. Delta is -4.654260692404932e-06
/Users/takakhoo/Dev/regime-research/src/regimes/models/hmm.py:60: RuntimeWarning: divide by zero encountered in log
  prev = np.log(model.startprob_ if prior is None else prior)
Model is not converging.  Current: -1570.1545519050437 is not greater than -1570.1545516752844. Delta is -2.2975928004598245e-07
Model is not converging.  Current: -4094.77490365078 is not greater than -4094.7749034087633. Delta is -2.420165401417762e-07
Model is not converging.  Current: -2631.3747240453677 is not greater than -2631.374718202115. Delta is -5.843252438353375e-06
Model is not converging.  Current: -3450.85335949903 is not greater than -3450.8533593682923. Delta is -1.30737589643104e-07
Model is not converging.  Current: -3646.510541634895 is not greater than -3646.510539080529. Delta is -2.5543663468852174e-06
Model is not converging.  Current: -3140.053271911275 is not greater than -3140.0532717432. Delta is -1.6807462088763714e-07
Model is not converging.  Current: -1634.6679238512957 is not greater than -1634.667921711213. Delta is -2.1400826426543063e-06
Model is not converging.  Current: -1036.3585292348735 is not greater than -1036.3585286199577. Delta is -6.149157343315892e-07
/Users/takakhoo/Dev/regime-research/src/regimes/models/hmm.py:60: RuntimeWarning: divide by zero encountered in log
  prev = np.log(model.startprob_ if prior is None else prior)
Model is not converging.  Current: -1668.2718397693197 is not greater than -1668.2718271171682. Delta is -1.2652151553993463e-05
Model is not converging.  Current: -1073.4717133461802 is not greater than -1073.4717130200522. Delta is -3.2612797440378927e-07
Model is not converging.  Current: -605.1101045446594 is not greater than -605.1101008840806. Delta is -3.6605788409360684e-06
Model is not converging.  Current: -3665.9245578763853 is not greater than -3665.924556254574. Delta is -1.6218114069488365e-06
Model is not converging.  Current: -605.1101835846481 is not greater than -605.1101834965538. Delta is -8.809433893475216e-08
Model is not converging.  Current: -1100.3316737461264 is not greater than -1100.3316717905616. Delta is -1.9555648123059655e-06
Model is not converging.  Current: -603.8021159967897 is not greater than -603.8021104774072. Delta is -5.519382511920412e-06
Model is not converging.  Current: -1097.8146092062957 is not greater than -1097.8146089021175. Delta is -3.041782292712014e-07
Model is not converging.  Current: -1097.8146034231554 is not greater than -1097.8146029811776. Delta is -4.4197781789989676e-07
/Users/takakhoo/Dev/regime-research/src/regimes/models/hmm.py:60: RuntimeWarning: divide by zero encountered in log
  prev = np.log(model.startprob_ if prior is None else prior)
Model is not converging.  Current: -3310.8183684011638 is not greater than -3310.818361201056. Delta is -7.200107575044967e-06
/Users/takakhoo/Dev/regime-research/src/regimes/models/hmm.py:60: RuntimeWarning: divide by zero encountered in log
  prev = np.log(model.startprob_ if prior is None else prior)
Model is not converging.  Current: -1722.6961683182083 is not greater than -1722.6961475956093. Delta is -2.0722598947031656e-05
Model is not converging.  Current: -635.8490390087733 is not greater than -635.8490339689341. Delta is -5.039839152232162e-06
Model is not converging.  Current: -2929.249834705196 is not greater than -2929.2498336281815. Delta is -1.0770145308924839e-06
Model is not converging.  Current: -1755.2673510973339 is not greater than -1755.2673348489354. Delta is -1.6248398424068e-05
Model is not converging.  Current: -1755.26736870874 is not greater than -1755.2673541984013. Delta is -1.4510338587570004e-05
Model is not converging.  Current: -635.84903899536 is not greater than -635.8490353511388. Delta is -3.644221237664169e-06
Model is not converging.  Current: -1788.2341072052661 is not greater than -1788.2340962935002. Delta is -1.0911765912169358e-05
Model is not converging.  Current: -3271.116850606055 is not greater than -3271.116845412141. Delta is -5.193913693801733e-06
Model is not converging.  Current: -3267.728302726739 is not greater than -3267.7282980055397. Delta is -4.721199275081744e-06
/Users/takakhoo/Dev/regime-research/src/regimes/models/hmm.py:60: RuntimeWarning: divide by zero encountered in log
  prev = np.log(model.startprob_ if prior is None else prior)
/Users/takakhoo/Dev/regime-research/src/regimes/models/hmm.py:60: RuntimeWarning: divide by zero encountered in log
  prev = np.log(model.startprob_ if prior is None else prior)
/Users/takakhoo/Dev/regime-research/src/regimes/models/hmm.py:60: RuntimeWarning: divide by zero encountered in log
  prev = np.log(model.startprob_ if prior is None else prior)
/Users/takakhoo/Dev/regime-research/src/regimes/models/hmm.py:60: RuntimeWarning: divide by zero encountered in log
  prev = np.log(model.startprob_ if prior is None else prior)
Model is not converging.  Current: -3629.4187117849165 is not greater than -3629.4187113153976. Delta is -4.6951890908530913e-07
Model is not converging.  Current: -4210.985647385672 is not greater than -4210.98564726245. Delta is -1.232219801750034e-07
Model is not converging.  Current: -1858.526291918902 is not greater than -1858.5262918587778. Delta is -6.012419362377841e-08
Model is not converging.  Current: -3298.4325577306763 is not greater than -3298.4325353532977. Delta is -2.237737862742506e-05
Model is not converging.  Current: -804.8966058778442 is not greater than -804.8963932333174. Delta is -0.00021264452675495704
Model is not converging.  Current: -1890.5533914447808 is not greater than -1890.5533844494018. Delta is -6.9953789534338284e-06
Model is not converging.  Current: -1230.5302164655911 is not greater than -1230.530215131876. Delta is -1.3337150903680595e-06
Model is not converging.  Current: -1230.5302158415625 is not greater than -1230.530215318916. Delta is -5.226465873420238e-07
Model is not converging.  Current: -3668.544661859377 is not greater than -3668.5446617099296. Delta is -1.494472599006258e-07
Model is not converging.  Current: -3668.5446614334633 is not greater than -3668.544660920834. Delta is -5.126294126966968e-07
Model is not converging.  Current: -1230.5302160315955 is not greater than -1230.5302152113989. Delta is -8.201966466003796e-07
Model is not converging.  Current: -3712.477416979655 is not greater than -3712.4774095259977. Delta is -7.453657417499926e-06
/Users/takakhoo/Dev/regime-research/src/regimes/models/hmm.py:60: RuntimeWarning: divide by zero encountered in log
  prev = np.log(model.startprob_ if prior is None else prior)
Model is not converging.  Current: -1258.04079333974 is not greater than -1258.0407920025762. Delta is -1.3371638942771824e-06
/Users/takakhoo/Dev/regime-research/src/regimes/models/hmm.py:60: RuntimeWarning: divide by zero encountered in log
  prev = np.log(model.startprob_ if prior is None else prior)
Model is not converging.  Current: -1258.0407922682036 is not greater than -1258.0407912979783. Delta is -9.702253009891137e-07
/Users/takakhoo/Dev/regime-research/src/regimes/models/hmm.py:60: RuntimeWarning: divide by zero encountered in log
  prev = np.log(model.startprob_ if prior is None else prior)
/Users/takakhoo/Dev/regime-research/src/regimes/models/hmm.py:60: RuntimeWarning: divide by zero encountered in log
  prev = np.log(model.startprob_ if prior is None else prior)
Model is not converging.  Current: -1312.4220311706865 is not greater than -1312.422028444471. Delta is -2.7262155981588876e-06
Model is not converging.  Current: -3735.508616199823 is not greater than -3735.508614735985. Delta is -1.4638380889664404e-06
Model is not converging.  Current: -1312.4221264638277 is not greater than -1312.422121286743. Delta is -5.177084631213802e-06
Model is not converging.  Current: -3412.4569500382927 is not greater than -3412.4569454666994. Delta is -4.571593308355659e-06
Model is not converging.  Current: -1342.9045159437874 is not greater than -1342.904514596093. Delta is -1.3476944786816603e-06
Model is not converging.  Current: -1342.90456140345 is not greater than -1342.9045564360863. Delta is -4.9673637931846315e-06
Model is not converging.  Current: -3412.4569609176547 is not greater than -3412.4569583974308. Delta is -2.5202239157806616e-06
Model is not converging.  Current: -3730.522231800101 is not greater than -3730.522229486224. Delta is -2.313876848347718e-06
/Users/takakhoo/Dev/regime-research/src/regimes/models/hmm.py:60: RuntimeWarning: divide by zero encountered in log
  prev = np.log(model.startprob_ if prior is None else prior)
/Users/takakhoo/Dev/regime-research/src/regimes/models/hmm.py:60: RuntimeWarning: divide by zero encountered in log
  prev = np.log(model.startprob_ if prior is None else prior)
Model is not converging.  Current: -3779.771715442248 is not greater than -3779.771714896932. Delta is -5.45316197531065e-07
Model is not converging.  Current: -1408.1402567241744 is not greater than -1408.1402564053137. Delta is -3.188606569892727e-07
Model is not converging.  Current: -1442.7705271642112 is not greater than -1442.7705259658692. Delta is -1.1983420336036943e-06
Model is not converging.  Current: -1442.770527657562 is not greater than -1442.7705261791007. Delta is -1.4784613995288964e-06
Model is not converging.  Current: -1476.242794679786 is not greater than -1476.2427918186845. Delta is -2.861101393136778e-06
Model is not converging.  Current: -1476.1257491512922 is not greater than -1476.1257472597542. Delta is -1.8915379769168794e-06
Model is not converging.  Current: -804.8966058778442 is not greater than -804.8963932333174. Delta is -0.00021264452675495704
/Users/takakhoo/Dev/regime-research/src/regimes/models/hmm.py:60: RuntimeWarning: divide by zero encountered in log
  prev = np.log(model.startprob_ if prior is None else prior)
Model is not converging.  Current: -3510.7713311675084 is not greater than -3510.7713297063565. Delta is -1.461151896364754e-06
Model is not converging.  Current: -3483.4466813853364 is not greater than -3483.4466793483216. Delta is -2.0370148376969155e-06
/Users/takakhoo/Dev/regime-research/src/regimes/models/hmm.py:60: RuntimeWarning: divide by zero encountered in log
  prev = np.log(model.startprob_ if prior is None else prior)
/Users/takakhoo/Dev/regime-research/src/regimes/models/hmm.py:60: RuntimeWarning: divide by zero encountered in log
  prev = np.log(model.startprob_ if prior is None else prior)
Model is not converging.  Current: -944.9533908550748 is not greater than -944.9533906660573. Delta is -1.8901744169852464e-07
Model is not converging.  Current: -1506.8495909950648 is not greater than -1506.849588934857. Delta is -2.060207862086827e-06
Model is not converging.  Current: -1506.8495920308087 is not greater than -1506.849589067921. Delta is -2.9628877200593706e-06
Model is not converging.  Current: -4094.77490365078 is not greater than -4094.7749034087633. Delta is -2.420165401417762e-07
Model is not converging.  Current: -1541.4077645568568 is not greater than -1541.4077613640795. Delta is -3.192777285221382e-06
Model is not converging.  Current: -3646.510541634895 is not greater than -3646.510539080529. Delta is -2.5543663468852174e-06
Model is not converging.  Current: -1568.1160929418006 is not greater than -1568.1160856050462. Delta is -7.336754379139165e-06
Model is not converging.  Current: -1568.1160872098806 is not greater than -1568.1160856749425. Delta is -1.5349380646512145e-06
/Users/takakhoo/Dev/regime-research/src/regimes/models/hmm.py:60: RuntimeWarning: divide by zero encountered in log
  prev = np.log(model.startprob_ if prior is None else prior)
/Users/takakhoo/Dev/regime-research/src/regimes/models/hmm.py:60: RuntimeWarning: divide by zero encountered in log
  prev = np.log(model.startprob_ if prior is None else prior)
Model is not converging.  Current: -1568.4982125887927 is not greater than -1568.498207934532. Delta is -4.654260692404932e-06
Model is not converging.  Current: -1570.1545519050437 is not greater than -1570.1545516752844. Delta is -2.2975928004598245e-07
/Users/takakhoo/Dev/regime-research/src/regimes/models/hmm.py:60: RuntimeWarning: divide by zero encountered in log
  prev = np.log(model.startprob_ if prior is None else prior)
/Users/takakhoo/Dev/regime-research/src/regimes/models/hmm.py:60: RuntimeWarning: divide by zero encountered in log
  prev = np.log(model.startprob_ if prior is None else prior)
/Users/takakhoo/Dev/regime-research/src/regimes/models/hmm.py:60: RuntimeWarning: divide by zero encountered in log
  prev = np.log(model.startprob_ if prior is None else prior)
Model is not converging.  Current: -1634.6679238512957 is not greater than -1634.667921711213. Delta is -2.1400826426543063e-06
Model is not converging.  Current: -995.8362841886683 is not greater than -995.8362839828964. Delta is -2.0577192572091008e-07
Model is not converging.  Current: -944.9533908550748 is not greater than -944.9533906660573. Delta is -1.8901744169852464e-07
Model is not converging.  Current: -1668.2718397693197 is not greater than -1668.2718271171682. Delta is -1.2652151553993463e-05
Model is not converging.  Current: -3945.1992830537897 is not greater than -3945.199282550138. Delta is -5.036517904954962e-07
Model is not converging.  Current: -3945.199282082301 is not greater than -3945.1992819810457. Delta is -1.0125540939043276e-07
Model is not converging.  Current: -1036.3585292348735 is not greater than -1036.3585286199577. Delta is -6.149157343315892e-07
Model is not converging.  Current: -3945.766450321107 is not greater than -3945.7664470101877. Delta is -3.310919510113308e-06
/Users/takakhoo/Dev/regime-research/src/regimes/models/hmm.py:60: RuntimeWarning: divide by zero encountered in log
  prev = np.log(model.startprob_ if prior is None else prior)
/Users/takakhoo/Dev/regime-research/src/regimes/models/hmm.py:60: RuntimeWarning: divide by zero encountered in log
  prev = np.log(model.startprob_ if prior is None else prior)
Model is not converging.  Current: -4210.985647385672 is not greater than -4210.98564726245. Delta is -1.232219801750034e-07
/Users/takakhoo/Dev/regime-research/src/regimes/models/hmm.py:60: RuntimeWarning: divide by zero encountered in log
  prev = np.log(model.startprob_ if prior is None else prior)
Model is not converging.  Current: -1722.6961683182083 is not greater than -1722.6961475956093. Delta is -2.0722598947031656e-05
Model is not converging.  Current: -3668.544661859377 is not greater than -3668.5446617099296. Delta is -1.494472599006258e-07
Model is not converging.  Current: -3668.5446614334633 is not greater than -3668.544660920834. Delta is -5.126294126966968e-07
Model is not converging.  Current: -3973.8040180129265 is not greater than -3973.804016945839. Delta is -1.0670873962226324e-06
Model is not converging.  Current: -1755.2673510973339 is not greater than -1755.2673348489354. Delta is -1.6248398424068e-05
Model is not converging.  Current: -1755.26736870874 is not greater than -1755.2673541984013. Delta is -1.4510338587570004e-05
/Users/takakhoo/Dev/regime-research/src/regimes/models/hmm.py:60: RuntimeWarning: divide by zero encountered in log
  prev = np.log(model.startprob_ if prior is None else prior)
/Users/takakhoo/Dev/regime-research/src/regimes/models/hmm.py:60: RuntimeWarning: divide by zero encountered in log
  prev = np.log(model.startprob_ if prior is None else prior)
Model is not converging.  Current: -3973.8040169595197 is not greater than -3973.8040158762724. Delta is -1.0832472980837338e-06
Model is not converging.  Current: -1073.4717133461802 is not greater than -1073.4717130200522. Delta is -3.2612797440378927e-07
Model is not converging.  Current: -3973.3385786999966 is not greater than -3973.338578525034. Delta is -1.749626790115144e-07
Model is not converging.  Current: -1788.2341072052661 is not greater than -1788.2340962935002. Delta is -1.0911765912169358e-05
Model is not converging.  Current: -1100.3316737461264 is not greater than -1100.3316717905616. Delta is -1.9555648123059655e-06
Model is not converging.  Current: -4625.877317049723 is not greater than -4625.877316714625. Delta is -3.3509877539472654e-07
Model is not converging.  Current: -3730.522231800101 is not greater than -3730.522229486224. Delta is -2.313876848347718e-06
Model is not converging.  Current: -4031.5610300878866 is not greater than -4031.5610284179816. Delta is -1.669905032031238e-06
/Users/takakhoo/Dev/regime-research/src/regimes/models/hmm.py:60: RuntimeWarning: divide by zero encountered in log
  prev = np.log(model.startprob_ if prior is None else prior)
/Users/takakhoo/Dev/regime-research/src/regimes/models/hmm.py:60: RuntimeWarning: divide by zero encountered in log
  prev = np.log(model.startprob_ if prior is None else prior)
Model is not converging.  Current: -1858.526291918902 is not greater than -1858.5262918587778. Delta is -6.012419362377841e-08
Model is not converging.  Current: -1097.8146092062957 is not greater than -1097.8146089021175. Delta is -3.041782292712014e-07
Model is not converging.  Current: -1097.8146034231554 is not greater than -1097.8146029811776. Delta is -4.4197781789989676e-07
/Users/takakhoo/Dev/regime-research/src/regimes/models/hmm.py:60: RuntimeWarning: divide by zero encountered in log
  prev = np.log(model.startprob_ if prior is None else prior)
Model is not converging.  Current: -995.8362841886683 is not greater than -995.8362839828964. Delta is -2.0577192572091008e-07
Model is not converging.  Current: -1890.5533914447808 is not greater than -1890.5533844494018. Delta is -6.9953789534338284e-06
Model is not converging.  Current: -4671.409378941142 is not greater than -4671.409378380839. Delta is -5.603023964795284e-07
Model is not converging.  Current: -1036.3585292348735 is not greater than -1036.3585286199577. Delta is -6.149157343315892e-07
/Users/takakhoo/Dev/regime-research/src/regimes/models/hmm.py:60: RuntimeWarning: divide by zero encountered in log
  prev = np.log(model.startprob_ if prior is None else prior)
/Users/takakhoo/Dev/regime-research/src/regimes/models/hmm.py:60: RuntimeWarning: divide by zero encountered in log
  prev = np.log(model.startprob_ if prior is None else prior)
Model is not converging.  Current: -4737.215326765194 is not greater than -4737.215326745242. Delta is -1.9951585272792727e-08
Model is not converging.  Current: -1073.4717133461802 is not greater than -1073.4717130200522. Delta is -3.2612797440378927e-07
Model is not converging.  Current: -1100.3316737461264 is not greater than -1100.3316717905616. Delta is -1.9555648123059655e-06
Model is not converging.  Current: -1095.4771291068653 is not greater than -1095.4771206186335. Delta is -8.488231742376229e-06
/Users/takakhoo/Dev/regime-research/src/regimes/models/hmm.py:60: RuntimeWarning: divide by zero encountered in log
  prev = np.log(model.startprob_ if prior is None else prior)
Model is not converging.  Current: -1097.8146092062957 is not greater than -1097.8146089021175. Delta is -3.041782292712014e-07
Model is not converging.  Current: -1097.8146034231554 is not greater than -1097.8146029811776. Delta is -4.4197781789989676e-07
Model is not converging.  Current: -1158.8202213498323 is not greater than -1158.8202185709088. Delta is -2.778923544610734e-06
/Users/takakhoo/Dev/regime-research/src/regimes/models/hmm.py:60: RuntimeWarning: divide by zero encountered in log
  prev = np.log(model.startprob_ if prior is None else prior)
Model is not converging.  Current: -3945.1992830537897 is not greater than -3945.199282550138. Delta is -5.036517904954962e-07
/Users/takakhoo/Dev/regime-research/src/regimes/models/hmm.py:60: RuntimeWarning: divide by zero encountered in log
  prev = np.log(model.startprob_ if prior is None else prior)
Model is not converging.  Current: -3945.199282082301 is not greater than -3945.1992819810457. Delta is -1.0125540939043276e-07
Model is not converging.  Current: -3945.766450321107 is not greater than -3945.7664470101877. Delta is -3.310919510113308e-06
/Users/takakhoo/Dev/regime-research/src/regimes/models/hmm.py:60: RuntimeWarning: divide by zero encountered in log
  prev = np.log(model.startprob_ if prior is None else prior)
Model is not converging.  Current: -1095.4771291068653 is not greater than -1095.4771206186335. Delta is -8.488231742376229e-06
Model is not converging.  Current: -3973.8040180129265 is not greater than -3973.804016945839. Delta is -1.0670873962226324e-06
Model is not converging.  Current: -3973.8040169595197 is not greater than -3973.8040158762724. Delta is -1.0832472980837338e-06
Model is not converging.  Current: -3973.3385786999966 is not greater than -3973.338578525034. Delta is -1.749626790115144e-07
Model is not converging.  Current: -1159.1527777685483 is not greater than -1159.1527776180328. Delta is -1.505154614278581e-07
/Users/takakhoo/Dev/regime-research/src/regimes/models/hmm.py:60: RuntimeWarning: divide by zero encountered in log
  prev = np.log(model.startprob_ if prior is None else prior)
Model is not converging.  Current: -4625.877317049723 is not greater than -4625.877316714625. Delta is -3.3509877539472654e-07
Model is not converging.  Current: -1158.8202213498323 is not greater than -1158.8202185709088. Delta is -2.778923544610734e-06
Model is not converging.  Current: -4031.5610300878866 is not greater than -4031.5610284179816. Delta is -1.669905032031238e-06
Model is not converging.  Current: -1230.5302164655911 is not greater than -1230.530215131876. Delta is -1.3337150903680595e-06
Model is not converging.  Current: -1230.5302158415625 is not greater than -1230.530215318916. Delta is -5.226465873420238e-07
/Users/takakhoo/Dev/regime-research/src/regimes/models/hmm.py:60: RuntimeWarning: divide by zero encountered in log
  prev = np.log(model.startprob_ if prior is None else prior)
Model is not converging.  Current: -1230.5302160315955 is not greater than -1230.5302152113989. Delta is -8.201966466003796e-07
Model is not converging.  Current: -4671.409378941142 is not greater than -4671.409378380839. Delta is -5.603023964795284e-07
Model is not converging.  Current: -1188.5834810884458 is not greater than -1188.5834800796904. Delta is -1.0087553619086975e-06
Model is not converging.  Current: -1258.04079333974 is not greater than -1258.0407920025762. Delta is -1.3371638942771824e-06
/Users/takakhoo/Dev/regime-research/src/regimes/models/hmm.py:60: RuntimeWarning: divide by zero encountered in log
  prev = np.log(model.startprob_ if prior is None else prior)
/Users/takakhoo/Dev/regime-research/src/regimes/models/hmm.py:60: RuntimeWarning: divide by zero encountered in log
  prev = np.log(model.startprob_ if prior is None else prior)
Model is not converging.  Current: -1258.0407922682036 is not greater than -1258.0407912979783. Delta is -9.702253009891137e-07
Model is not converging.  Current: -4737.215326765194 is not greater than -4737.215326745242. Delta is -1.9951585272792727e-08
Model is not converging.  Current: -1159.1527777685483 is not greater than -1159.1527776180328. Delta is -1.505154614278581e-07
/Users/takakhoo/Dev/regime-research/src/regimes/models/hmm.py:60: RuntimeWarning: divide by zero encountered in log
  prev = np.log(model.startprob_ if prior is None else prior)
done HMM[macro4,K=bic,myopic]
/Users/takakhoo/Dev/regime-research/src/regimes/models/hmm.py:60: RuntimeWarning: divide by zero encountered in log
  prev = np.log(model.startprob_ if prior is None else prior)
Model is not converging.  Current: -3706.5674127185384 is not greater than -3706.5674112520687. Delta is -1.4664697118860204e-06
Model is not converging.  Current: -1217.2437335111827 is not greater than -1217.2437306539005. Delta is -2.857282197510358e-06
Model is not converging.  Current: -1230.5302164655911 is not greater than -1230.530215131876. Delta is -1.3337150903680595e-06
Model is not converging.  Current: -1230.5302158415625 is not greater than -1230.530215318916. Delta is -5.226465873420238e-07
Model is not converging.  Current: -3706.5674127185384 is not greater than -3706.5674112520687. Delta is -1.4664697118860204e-06
Model is not converging.  Current: -1230.5302160315955 is not greater than -1230.5302152113989. Delta is -8.201966466003796e-07
Model is not converging.  Current: -1188.5834810884458 is not greater than -1188.5834800796904. Delta is -1.0087553619086975e-06
Model is not converging.  Current: -1258.04079333974 is not greater than -1258.0407920025762. Delta is -1.3371638942771824e-06
Model is not converging.  Current: -1258.0407922682036 is not greater than -1258.0407912979783. Delta is -9.702253009891137e-07
/Users/takakhoo/Dev/regime-research/src/regimes/models/hmm.py:60: RuntimeWarning: divide by zero encountered in log
  prev = np.log(model.startprob_ if prior is None else prior)
Model is not converging.  Current: -1217.2437335111827 is not greater than -1217.2437306539005. Delta is -2.857282197510358e-06
Model is not converging.  Current: -1235.3328866255795 is not greater than -1235.3328781865182. Delta is -8.439061275566928e-06
Model is not converging.  Current: -1312.4220311706865 is not greater than -1312.422028444471. Delta is -2.7262155981588876e-06
Model is not converging.  Current: -1312.4221264638277 is not greater than -1312.422121286743. Delta is -5.177084631213802e-06
Model is not converging.  Current: -1235.3328866255795 is not greater than -1235.3328781865182. Delta is -8.439061275566928e-06
Model is not converging.  Current: -1342.9045159437874 is not greater than -1342.904514596093. Delta is -1.3476944786816603e-06
Model is not converging.  Current: -1312.4220311706865 is not greater than -1312.422028444471. Delta is -2.7262155981588876e-06
Model is not converging.  Current: -1342.90456140345 is not greater than -1342.9045564360863. Delta is -4.9673637931846315e-06
Model is not converging.  Current: -1312.4221264638277 is not greater than -1312.422121286743. Delta is -5.177084631213802e-06
/Users/takakhoo/Dev/regime-research/src/regimes/models/hmm.py:60: RuntimeWarning: divide by zero encountered in log
  prev = np.log(model.startprob_ if prior is None else prior)
Model is not converging.  Current: -1342.9045159437874 is not greater than -1342.904514596093. Delta is -1.3476944786816603e-06
Model is not converging.  Current: -1342.90456140345 is not greater than -1342.9045564360863. Delta is -4.9673637931846315e-06
/Users/takakhoo/Dev/regime-research/src/regimes/models/hmm.py:60: RuntimeWarning: divide by zero encountered in log
  prev = np.log(model.startprob_ if prior is None else prior)
/Users/takakhoo/Dev/regime-research/src/regimes/models/hmm.py:60: RuntimeWarning: divide by zero encountered in log
  prev = np.log(model.startprob_ if prior is None else prior)
done HMM[macro4,K=bic,switch]
done HMM[macro4,K=2,band,flat10]
done HMM[macro4,K=2,band,jones]
done HMM[returns,K=2,myopic]
done HMM[returns,K=2,switch]
done HMM[returns,K=3,myopic]
Model is not converging.  Current: -1408.1402567241744 is not greater than -1408.1402564053137. Delta is -3.188606569892727e-07
/Users/takakhoo/Dev/regime-research/src/regimes/models/hmm.py:60: RuntimeWarning: divide by zero encountered in log
  prev = np.log(model.startprob_ if prior is None else prior)
Model is not converging.  Current: -1442.7705271642112 is not greater than -1442.7705259658692. Delta is -1.1983420336036943e-06
done HMM[returns,K=3,switch]
Model is not converging.  Current: -1442.770527657562 is not greater than -1442.7705261791007. Delta is -1.4784613995288964e-06
Model is not converging.  Current: -1408.1402567241744 is not greater than -1408.1402564053137. Delta is -3.188606569892727e-07
/Users/takakhoo/Dev/regime-research/src/regimes/models/hmm.py:60: RuntimeWarning: divide by zero encountered in log
  prev = np.log(model.startprob_ if prior is None else prior)
Model is not converging.  Current: -1476.242794679786 is not greater than -1476.2427918186845. Delta is -2.861101393136778e-06
Model is not converging.  Current: -1476.1257491512922 is not greater than -1476.1257472597542. Delta is -1.8915379769168794e-06
Model is not converging.  Current: -1442.7705271642112 is not greater than -1442.7705259658692. Delta is -1.1983420336036943e-06
Model is not converging.  Current: -1442.770527657562 is not greater than -1442.7705261791007. Delta is -1.4784613995288964e-06
/Users/takakhoo/Dev/regime-research/src/regimes/models/hmm.py:60: RuntimeWarning: divide by zero encountered in log
  prev = np.log(model.startprob_ if prior is None else prior)
Model is not converging.  Current: -1476.242794679786 is not greater than -1476.2427918186845. Delta is -2.861101393136778e-06
Model is not converging.  Current: -1476.1257491512922 is not greater than -1476.1257472597542. Delta is -1.8915379769168794e-06
Model is not converging.  Current: -1506.8495909950648 is not greater than -1506.849588934857. Delta is -2.060207862086827e-06
Model is not converging.  Current: -1506.8495920308087 is not greater than -1506.849589067921. Delta is -2.9628877200593706e-06
Model is not converging.  Current: -1541.4077645568568 is not greater than -1541.4077613640795. Delta is -3.192777285221382e-06
Model is not converging.  Current: -1506.8495909950648 is not greater than -1506.849588934857. Delta is -2.060207862086827e-06
Model is not converging.  Current: -1506.8495920308087 is not greater than -1506.849589067921. Delta is -2.9628877200593706e-06
/Users/takakhoo/Dev/regime-research/src/regimes/models/hmm.py:60: RuntimeWarning: divide by zero encountered in log
  prev = np.log(model.startprob_ if prior is None else prior)
Model is not converging.  Current: -1568.1160929418006 is not greater than -1568.1160856050462. Delta is -7.336754379139165e-06
Model is not converging.  Current: -1568.1160872098806 is not greater than -1568.1160856749425. Delta is -1.5349380646512145e-06
Model is not converging.  Current: -1541.4077645568568 is not greater than -1541.4077613640795. Delta is -3.192777285221382e-06
Model is not converging.  Current: -1568.4982125887927 is not greater than -1568.498207934532. Delta is -4.654260692404932e-06
Model is not converging.  Current: -1519.4718614536396 is not greater than -1519.4718597968301. Delta is -1.6568094451940851e-06
/Users/takakhoo/Dev/regime-research/src/regimes/models/hmm.py:60: RuntimeWarning: divide by zero encountered in log
  prev = np.log(model.startprob_ if prior is None else prior)
Model is not converging.  Current: -1568.1160929418006 is not greater than -1568.1160856050462. Delta is -7.336754379139165e-06
Model is not converging.  Current: -1568.1160872098806 is not greater than -1568.1160856749425. Delta is -1.5349380646512145e-06
/Users/takakhoo/Dev/regime-research/src/regimes/models/hmm.py:60: RuntimeWarning: divide by zero encountered in log
  prev = np.log(model.startprob_ if prior is None else prior)
Model is not converging.  Current: -1570.1545519050437 is not greater than -1570.1545516752844. Delta is -2.2975928004598245e-07
Model is not converging.  Current: -1568.4982125887927 is not greater than -1568.498207934532. Delta is -4.654260692404932e-06
/Users/takakhoo/Dev/regime-research/src/regimes/models/hmm.py:60: RuntimeWarning: divide by zero encountered in log
  prev = np.log(model.startprob_ if prior is None else prior)
Model is not converging.  Current: -1519.4718614536396 is not greater than -1519.4718597968301. Delta is -1.6568094451940851e-06
/Users/takakhoo/Dev/regime-research/src/regimes/models/hmm.py:60: RuntimeWarning: divide by zero encountered in log
  prev = np.log(model.startprob_ if prior is None else prior)
Model is not converging.  Current: -1570.1545519050437 is not greater than -1570.1545516752844. Delta is -2.2975928004598245e-07
/Users/takakhoo/Dev/regime-research/src/regimes/models/hmm.py:60: RuntimeWarning: divide by zero encountered in log
  prev = np.log(model.startprob_ if prior is None else prior)
Model is not converging.  Current: -1634.6679238512957 is not greater than -1634.667921711213. Delta is -2.1400826426543063e-06
/Users/takakhoo/Dev/regime-research/src/regimes/models/hmm.py:60: RuntimeWarning: divide by zero encountered in log
  prev = np.log(model.startprob_ if prior is None else prior)
Model is not converging.  Current: -1583.9091123126393 is not greater than -1583.9091117518976. Delta is -5.607416824204847e-07
Model is not converging.  Current: -1583.099515472036 is not greater than -1583.09951302206. Delta is -2.4499761366314488e-06
/Users/takakhoo/Dev/regime-research/src/regimes/models/hmm.py:60: RuntimeWarning: divide by zero encountered in log
  prev = np.log(model.startprob_ if prior is None else prior)
Model is not converging.  Current: -1668.2718397693197 is not greater than -1668.2718271171682. Delta is -1.2652151553993463e-05
/Users/takakhoo/Dev/regime-research/src/regimes/models/hmm.py:60: RuntimeWarning: divide by zero encountered in log
  prev = np.log(model.startprob_ if prior is None else prior)
Model is not converging.  Current: -1634.6679238512957 is not greater than -1634.667921711213. Delta is -2.1400826426543063e-06
Model is not converging.  Current: -1583.9091123126393 is not greater than -1583.9091117518976. Delta is -5.607416824204847e-07
Model is not converging.  Current: -1583.099515472036 is not greater than -1583.09951302206. Delta is -2.4499761366314488e-06
/Users/takakhoo/Dev/regime-research/src/regimes/models/hmm.py:60: RuntimeWarning: divide by zero encountered in log
  prev = np.log(model.startprob_ if prior is None else prior)
Model is not converging.  Current: -1668.2718397693197 is not greater than -1668.2718271171682. Delta is -1.2652151553993463e-05
/Users/takakhoo/Dev/regime-research/src/regimes/models/hmm.py:60: RuntimeWarning: divide by zero encountered in log
  prev = np.log(model.startprob_ if prior is None else prior)
Model is not converging.  Current: -1722.6961683182083 is not greater than -1722.6961475956093. Delta is -2.0722598947031656e-05
/Users/takakhoo/Dev/regime-research/src/regimes/models/hmm.py:60: RuntimeWarning: divide by zero encountered in log
  prev = np.log(model.startprob_ if prior is None else prior)
Model is not converging.  Current: -1755.2673510973339 is not greater than -1755.2673348489354. Delta is -1.6248398424068e-05
Model is not converging.  Current: -1755.26736870874 is not greater than -1755.2673541984013. Delta is -1.4510338587570004e-05
/Users/takakhoo/Dev/regime-research/src/regimes/models/hmm.py:60: RuntimeWarning: divide by zero encountered in log
  prev = np.log(model.startprob_ if prior is None else prior)
Model is not converging.  Current: -1722.6961683182083 is not greater than -1722.6961475956093. Delta is -2.0722598947031656e-05
/Users/takakhoo/Dev/regime-research/src/regimes/models/hmm.py:60: RuntimeWarning: divide by zero encountered in log
  prev = np.log(model.startprob_ if prior is None else prior)
Model is not converging.  Current: -1788.2341072052661 is not greater than -1788.2340962935002. Delta is -1.0911765912169358e-05
/Users/takakhoo/Dev/regime-research/src/regimes/models/hmm.py:60: RuntimeWarning: divide by zero encountered in log
  prev = np.log(model.startprob_ if prior is None else prior)
Model is not converging.  Current: -1755.2673510973339 is not greater than -1755.2673348489354. Delta is -1.6248398424068e-05
Model is not converging.  Current: -1755.26736870874 is not greater than -1755.2673541984013. Delta is -1.4510338587570004e-05
/Users/takakhoo/Dev/regime-research/src/regimes/models/hmm.py:60: RuntimeWarning: divide by zero encountered in log
  prev = np.log(model.startprob_ if prior is None else prior)
Model is not converging.  Current: -1788.2341072052661 is not greater than -1788.2340962935002. Delta is -1.0911765912169358e-05
Model is not converging.  Current: -1858.526291918902 is not greater than -1858.5262918587778. Delta is -6.012419362377841e-08
/Users/takakhoo/Dev/regime-research/src/regimes/models/hmm.py:60: RuntimeWarning: divide by zero encountered in log
  prev = np.log(model.startprob_ if prior is None else prior)
Model is not converging.  Current: -1890.5533914447808 is not greater than -1890.5533844494018. Delta is -6.9953789534338284e-06
Model is not converging.  Current: -1858.526291918902 is not greater than -1858.5262918587778. Delta is -6.012419362377841e-08
/Users/takakhoo/Dev/regime-research/src/regimes/models/hmm.py:60: RuntimeWarning: divide by zero encountered in log
  prev = np.log(model.startprob_ if prior is None else prior)
Model is not converging.  Current: -1890.5533914447808 is not greater than -1890.5533844494018. Delta is -6.9953789534338284e-06
/Users/takakhoo/Dev/regime-research/src/regimes/models/hmm.py:60: RuntimeWarning: divide by zero encountered in log
  prev = np.log(model.startprob_ if prior is None else prior)
/Users/takakhoo/Dev/regime-research/src/regimes/models/hmm.py:60: RuntimeWarning: divide by zero encountered in log
  prev = np.log(model.startprob_ if prior is None else prior)
/Users/takakhoo/Dev/regime-research/src/regimes/models/hmm.py:60: RuntimeWarning: divide by zero encountered in log
  prev = np.log(model.startprob_ if prior is None else prior)
/Users/takakhoo/Dev/regime-research/src/regimes/models/hmm.py:60: RuntimeWarning: divide by zero encountered in log
  prev = np.log(model.startprob_ if prior is None else prior)
Model is not converging.  Current: -2209.341586816856 is not greater than -2209.3415757274693. Delta is -1.1089386589446804e-05
/Users/takakhoo/Dev/regime-research/src/regimes/models/hmm.py:60: RuntimeWarning: divide by zero encountered in log
  prev = np.log(model.startprob_ if prior is None else prior)
Model is not converging.  Current: -2209.341586816856 is not greater than -2209.3415757274693. Delta is -1.1089386589446804e-05
/Users/takakhoo/Dev/regime-research/src/regimes/models/hmm.py:60: RuntimeWarning: divide by zero encountered in log
  prev = np.log(model.startprob_ if prior is None else prior)
/Users/takakhoo/Dev/regime-research/src/regimes/models/hmm.py:60: RuntimeWarning: divide by zero encountered in log
  prev = np.log(model.startprob_ if prior is None else prior)
/Users/takakhoo/Dev/regime-research/src/regimes/models/hmm.py:60: RuntimeWarning: divide by zero encountered in log
  prev = np.log(model.startprob_ if prior is None else prior)
/Users/takakhoo/Dev/regime-research/src/regimes/models/hmm.py:60: RuntimeWarning: divide by zero encountered in log
  prev = np.log(model.startprob_ if prior is None else prior)
/Users/takakhoo/Dev/regime-research/src/regimes/models/hmm.py:60: RuntimeWarning: divide by zero encountered in log
  prev = np.log(model.startprob_ if prior is None else prior)
/Users/takakhoo/Dev/regime-research/src/regimes/models/hmm.py:60: RuntimeWarning: divide by zero encountered in log
  prev = np.log(model.startprob_ if prior is None else prior)
/Users/takakhoo/Dev/regime-research/src/regimes/models/hmm.py:60: RuntimeWarning: divide by zero encountered in log
  prev = np.log(model.startprob_ if prior is None else prior)
/Users/takakhoo/Dev/regime-research/src/regimes/models/hmm.py:60: RuntimeWarning: divide by zero encountered in log
  prev = np.log(model.startprob_ if prior is None else prior)
Model is not converging.  Current: -2461.9475548034184 is not greater than -2461.947554113412. Delta is -6.900063453940675e-07
/Users/takakhoo/Dev/regime-research/src/regimes/models/hmm.py:60: RuntimeWarning: divide by zero encountered in log
  prev = np.log(model.startprob_ if prior is None else prior)
/Users/takakhoo/Dev/regime-research/src/regimes/models/hmm.py:60: RuntimeWarning: divide by zero encountered in log
  prev = np.log(model.startprob_ if prior is None else prior)
Model is not converging.  Current: -2461.9475548034184 is not greater than -2461.947554113412. Delta is -6.900063453940675e-07
/Users/takakhoo/Dev/regime-research/src/regimes/models/hmm.py:60: RuntimeWarning: divide by zero encountered in log
  prev = np.log(model.startprob_ if prior is None else prior)
/Users/takakhoo/Dev/regime-research/src/regimes/models/hmm.py:60: RuntimeWarning: divide by zero encountered in log
  prev = np.log(model.startprob_ if prior is None else prior)
Model is not converging.  Current: -2559.4189252212846 is not greater than -2559.418924607836. Delta is -6.134487193776295e-07
/Users/takakhoo/Dev/regime-research/src/regimes/models/hmm.py:60: RuntimeWarning: divide by zero encountered in log
  prev = np.log(model.startprob_ if prior is None else prior)
/Users/takakhoo/Dev/regime-research/src/regimes/models/hmm.py:60: RuntimeWarning: divide by zero encountered in log
  prev = np.log(model.startprob_ if prior is None else prior)
Model is not converging.  Current: -2559.4189252212846 is not greater than -2559.418924607836. Delta is -6.134487193776295e-07
/Users/takakhoo/Dev/regime-research/src/regimes/models/hmm.py:60: RuntimeWarning: divide by zero encountered in log
  prev = np.log(model.startprob_ if prior is None else prior)
Model is not converging.  Current: -2625.965902410157 is not greater than -2625.965902154865. Delta is -2.5529197955620475e-07
Model is not converging.  Current: -2625.965902410157 is not greater than -2625.965902154865. Delta is -2.5529197955620475e-07
/Users/takakhoo/Dev/regime-research/src/regimes/models/hmm.py:60: RuntimeWarning: divide by zero encountered in log
  prev = np.log(model.startprob_ if prior is None else prior)
/Users/takakhoo/Dev/regime-research/src/regimes/models/hmm.py:60: RuntimeWarning: divide by zero encountered in log
  prev = np.log(model.startprob_ if prior is None else prior)
/Users/takakhoo/Dev/regime-research/src/regimes/models/hmm.py:60: RuntimeWarning: divide by zero encountered in log
  prev = np.log(model.startprob_ if prior is None else prior)
/Users/takakhoo/Dev/regime-research/src/regimes/models/hmm.py:60: RuntimeWarning: divide by zero encountered in log
  prev = np.log(model.startprob_ if prior is None else prior)
/Users/takakhoo/Dev/regime-research/src/regimes/models/hmm.py:60: RuntimeWarning: divide by zero encountered in log
  prev = np.log(model.startprob_ if prior is None else prior)
/Users/takakhoo/Dev/regime-research/src/regimes/models/hmm.py:60: RuntimeWarning: divide by zero encountered in log
  prev = np.log(model.startprob_ if prior is None else prior)
/Users/takakhoo/Dev/regime-research/src/regimes/models/hmm.py:60: RuntimeWarning: divide by zero encountered in log
  prev = np.log(model.startprob_ if prior is None else prior)
Model is not converging.  Current: -2829.9548925912486 is not greater than -2829.9548922372987. Delta is -3.5394987207837403e-07
/Users/takakhoo/Dev/regime-research/src/regimes/models/hmm.py:60: RuntimeWarning: divide by zero encountered in log
  prev = np.log(model.startprob_ if prior is None else prior)
/Users/takakhoo/Dev/regime-research/src/regimes/models/hmm.py:60: RuntimeWarning: divide by zero encountered in log
  prev = np.log(model.startprob_ if prior is None else prior)
Model is not converging.  Current: -2829.9548925912486 is not greater than -2829.9548922372987. Delta is -3.5394987207837403e-07
/Users/takakhoo/Dev/regime-research/src/regimes/models/hmm.py:60: RuntimeWarning: divide by zero encountered in log
  prev = np.log(model.startprob_ if prior is None else prior)
Model is not converging.  Current: -2863.39996749133 is not greater than -2863.3999666805116. Delta is -8.108181646093726e-07
/Users/takakhoo/Dev/regime-research/src/regimes/models/hmm.py:60: RuntimeWarning: divide by zero encountered in log
  prev = np.log(model.startprob_ if prior is None else prior)
Model is not converging.  Current: -2863.39996749133 is not greater than -2863.3999666805116. Delta is -8.108181646093726e-07
/Users/takakhoo/Dev/regime-research/src/regimes/models/hmm.py:60: RuntimeWarning: divide by zero encountered in log
  prev = np.log(model.startprob_ if prior is None else prior)
/Users/takakhoo/Dev/regime-research/src/regimes/models/hmm.py:60: RuntimeWarning: divide by zero encountered in log
  prev = np.log(model.startprob_ if prior is None else prior)
done HMM[returns,K=bic,myopic]
/Users/takakhoo/Dev/regime-research/src/regimes/models/hmm.py:60: RuntimeWarning: divide by zero encountered in log
  prev = np.log(model.startprob_ if prior is None else prior)
done HMM[returns,K=bic,switch]
done HMM[returns,K=2,band,flat10]
done HMM[returns,K=2,band,jones]
done HMM[rv_term_def,K=2,myopic] full_smoothed
done HMM[rv_term_def,K=2,myopic] full_filtered
done HMM[returns,K=2,myopic] full_smoothed
done HMM[returns,K=2,myopic] full_filtered

== flat10
                                            cagr    vol  sharpe  sortino  max_dd  cvar5  ce_g5  turnover_yr  avg_stock
strategy                                                                                                              
HMM[returns,K=2,myopic] full_smoothed      0.127  0.101   0.858    1.490  -0.172 -0.049  0.104        0.839      0.664
Trend 10m (bonds)                          0.116  0.124   0.643    0.989  -0.242 -0.073  0.081        1.494      0.752
TSMOM 12m                                  0.108  0.116   0.616    0.940  -0.242 -0.073  0.077        0.823      0.749
HMM[rv_term_def,K=2,myopic] full_smoothed  0.098  0.099   0.605    0.936  -0.325 -0.058  0.076        0.230      0.546
Trend 10m (cash)                           0.104  0.113   0.593    0.893  -0.245 -0.071  0.074        1.481      0.752
60/40                                      0.094  0.099   0.571    0.874  -0.327 -0.058  0.073        0.119      0.600
HMM[rv_term_def,K=2,myopic] full_filtered  0.093  0.099   0.567    0.864  -0.325 -0.059  0.072        0.243      0.542
HMM[rv,K=bic,myopic]                       0.099  0.111   0.563    0.867  -0.310 -0.066  0.072        1.342      0.736
HMM[macro4,K=bic,myopic]                   0.095  0.102   0.569    0.874  -0.259 -0.061  0.072        0.554      0.597
HMM[rv,K=3,myopic]                         0.098  0.111   0.558    0.858  -0.309 -0.066  0.071        1.274      0.728
HMM[returns,K=2,myopic] full_filtered      0.097  0.109   0.553    0.861  -0.255 -0.063  0.071        1.862      0.657
HMM[macro4,K=3,myopic]                     0.095  0.109   0.544    0.831  -0.395 -0.066  0.070        0.529      0.632
HMM[rv_term_def,K=bic,myopic]              0.097  0.108   0.555    0.830  -0.251 -0.069  0.069        0.570      0.622
HMM[rv_term,K=2,band]                      0.090  0.103   0.516    0.787  -0.344 -0.063  0.067        0.416      0.520
HMM[rv_term,K=2,myopic]                    0.088  0.103   0.505    0.765  -0.340 -0.064  0.065        0.463      0.521
100% stock                                 0.115  0.149   0.550    0.820  -0.503 -0.092  0.064        0.013      1.000
HMM[macro4,K=2,myopic]                     0.090  0.111   0.491    0.733  -0.438 -0.068  0.064        0.290      0.571
HMM[macro4,K=3,switch]                     0.077  0.080   0.491    0.808  -0.231 -0.053  0.064        0.557      0.393
HMM[macro4,K=2,band]                       0.090  0.111   0.490    0.730  -0.438 -0.068  0.063        0.268      0.570
HMM[rv_term_def,K=2,myopic]                0.088  0.107   0.485    0.727  -0.393 -0.066  0.063        0.301      0.546
HMM[rv,K=2,myopic]                         0.093  0.116   0.496    0.744  -0.299 -0.072  0.063        0.988      0.688
HMM[returns,K=2,switch]                    0.081  0.090   0.483    0.749  -0.267 -0.061  0.063        1.405      0.491
HMM[rv_term_def,K=2,band]                  0.087  0.107   0.480    0.720  -0.393 -0.066  0.063        0.292      0.544
Risk parity                                0.076  0.082   0.475    0.735  -0.236 -0.047  0.062        0.137      0.355
HMM[rv_term_def,K=3,myopic]                0.086  0.104   0.478    0.708  -0.337 -0.066  0.062        0.563      0.576
HMM[rv_term,K=3,myopic]                    0.083  0.101   0.465    0.693  -0.235 -0.064  0.061        0.709      0.485
HMM[rv_term,K=bic,myopic]                  0.085  0.106   0.465    0.701  -0.237 -0.065  0.061        0.906      0.539
HMM[returns,K=2,myopic]                    0.075  0.081   0.460    0.701  -0.200 -0.052  0.060        1.775      0.408
Unconditional MV                           0.071  0.070   0.462    0.687  -0.243 -0.042  0.060        0.154      0.368
HMM[returns,K=bic,myopic]                  0.078  0.091   0.450    0.675  -0.277 -0.059  0.060        1.614      0.529
HMM[rv,K=2,switch]                         0.088  0.112   0.470    0.690  -0.299 -0.072  0.060        0.671      0.735
HMM[returns,K=2,band]                      0.073  0.079   0.449    0.678  -0.205 -0.052  0.059        1.364      0.406
HMM[returns,K=3,myopic]                    0.076  0.087   0.445    0.661  -0.236 -0.056  0.059        1.580      0.504
JM (equity/cash)                           0.082  0.101   0.452    0.672  -0.299 -0.066  0.058        2.165      0.618
HMM[rv,K=2,band]                           0.089  0.117   0.460    0.680  -0.299 -0.073  0.058        0.843      0.690
Vol-managed                                0.063  0.052   0.472    0.710  -0.130 -0.032  0.058        2.084      0.382
HMM[rv_term_def,K=bic,switch]              0.070  0.077   0.418    0.641  -0.231 -0.054  0.057        0.329      0.339
HMM[rv,K=3,switch]                         0.071  0.082   0.411    0.635  -0.227 -0.055  0.056        1.215      0.473
HMM[macro4,K=bic,switch]                   0.067  0.071   0.406    0.661  -0.231 -0.048  0.056        0.557      0.324
JM (60/40 or cash)                         0.066  0.068   0.408    0.624  -0.172 -0.042  0.056        2.213      0.371
HMM[rv,K=bic,switch]                       0.059  0.063   0.340    0.521  -0.168 -0.045  0.051        0.532      0.259
HMM[returns,K=bic,switch]                  0.060  0.067   0.330    0.505  -0.267 -0.049  0.050        0.709      0.255
HMM[rv_term,K=3,switch]                    0.065  0.088   0.327    0.475  -0.231 -0.065  0.048        0.658      0.421
HMM[returns,K=3,switch]                    0.059  0.074   0.293    0.432  -0.267 -0.056  0.047        0.785      0.271
HMM[macro4,K=2,switch]                     0.075  0.116   0.348    0.506  -0.476 -0.080  0.045        0.266      0.618
HMM[rv_term_def,K=2,switch]                0.073  0.117   0.338    0.493  -0.476 -0.080  0.044        0.266      0.602
HMM[rv_term_def,K=3,switch]                0.061  0.090   0.279    0.410  -0.305 -0.066  0.043        0.506      0.409
HMM[rv_term,K=2,switch]                    0.067  0.111   0.301    0.435  -0.470 -0.077  0.041        0.392      0.559
HMM[rv_term,K=bic,switch]                  0.050  0.074   0.182    0.255  -0.214 -0.056  0.038        0.759      0.303

== jones
                                            cagr    vol  sharpe  sortino  max_dd  cvar5  ce_g5  turnover_yr  avg_stock
strategy                                                                                                              
HMM[returns,K=2,myopic] full_smoothed      0.123  0.101   0.824    1.419  -0.183 -0.049  0.101        0.839      0.664
HMM[rv_term_def,K=2,myopic] full_smoothed  0.096  0.099   0.595    0.918  -0.326 -0.058  0.075        0.230      0.546
TSMOM 12m                                  0.103  0.116   0.579    0.879  -0.244 -0.073  0.072        0.823      0.749
60/40                                      0.093  0.099   0.564    0.862  -0.328 -0.058  0.072        0.119      0.600
HMM[rv_term_def,K=2,myopic] full_filtered  0.092  0.099   0.556    0.846  -0.326 -0.059  0.071        0.243      0.542
Trend 10m (bonds)                          0.105  0.125   0.557    0.846  -0.270 -0.074  0.069        1.494      0.752
HMM[macro4,K=bic,myopic]                   0.092  0.102   0.541    0.826  -0.267 -0.062  0.069        0.554      0.597
HMM[macro4,K=3,myopic]                     0.092  0.109   0.516    0.784  -0.395 -0.066  0.066        0.529      0.632
HMM[rv,K=bic,myopic]                       0.093  0.111   0.516    0.788  -0.332 -0.067  0.066        1.342      0.736
Trend 10m (cash)                           0.096  0.114   0.526    0.787  -0.252 -0.071  0.066        1.481      0.752
HMM[rv,K=3,myopic]                         0.093  0.111   0.513    0.782  -0.331 -0.066  0.066        1.274      0.728
HMM[rv_term_def,K=bic,myopic]              0.093  0.109   0.526    0.782  -0.251 -0.069  0.066        0.570      0.622
HMM[rv_term,K=2,band]                      0.088  0.103   0.500    0.761  -0.347 -0.063  0.065        0.388      0.521
100% stock                                 0.115  0.149   0.550    0.819  -0.503 -0.092  0.064        0.013      1.000
HMM[rv_term,K=2,myopic]                    0.086  0.103   0.483    0.729  -0.344 -0.064  0.063        0.463      0.521
HMM[macro4,K=2,band]                       0.089  0.110   0.480    0.714  -0.439 -0.068  0.062        0.265      0.569
HMM[macro4,K=2,myopic]                     0.088  0.111   0.476    0.707  -0.439 -0.068  0.062        0.290      0.571
HMM[rv_term_def,K=2,myopic]                0.086  0.107   0.471    0.704  -0.394 -0.066  0.062        0.301      0.546
HMM[returns,K=2,myopic] full_filtered      0.087  0.109   0.471    0.721  -0.302 -0.063  0.061        1.862      0.657
HMM[rv_term_def,K=2,band]                  0.086  0.106   0.469    0.702  -0.396 -0.066  0.061        0.290      0.539
Risk parity                                0.076  0.082   0.465    0.719  -0.238 -0.047  0.061        0.137      0.355
HMM[macro4,K=3,switch]                     0.074  0.080   0.459    0.749  -0.231 -0.053  0.061        0.557      0.393
Unconditional MV                           0.070  0.070   0.452    0.670  -0.245 -0.042  0.059        0.154      0.368
HMM[rv_term_def,K=3,myopic]                0.083  0.104   0.453    0.668  -0.337 -0.066  0.059        0.563      0.576
HMM[rv,K=2,myopic]                         0.088  0.116   0.455    0.678  -0.305 -0.072  0.058        0.988      0.688
HMM[returns,K=2,switch]                    0.075  0.090   0.425    0.652  -0.280 -0.062  0.057        1.405      0.491
HMM[rv_term,K=3,myopic]                    0.079  0.101   0.431    0.636  -0.241 -0.065  0.057        0.709      0.485
HMM[rv,K=2,switch]                         0.086  0.112   0.449    0.657  -0.302 -0.072  0.057        0.671      0.735
HMM[rv,K=2,band]                           0.088  0.117   0.451    0.665  -0.299 -0.073  0.057        0.686      0.696
HMM[returns,K=2,band]                      0.070  0.078   0.418    0.622  -0.205 -0.052  0.057        1.087      0.395
HMM[rv_term,K=bic,myopic]                  0.079  0.106   0.416    0.620  -0.243 -0.065  0.055        0.906      0.539
HMM[rv_term_def,K=bic,switch]              0.068  0.077   0.398    0.607  -0.231 -0.054  0.055        0.329      0.339
HMM[macro4,K=bic,switch]                   0.063  0.071   0.359    0.579  -0.231 -0.048  0.052        0.557      0.324
HMM[rv,K=3,switch]                         0.065  0.083   0.345    0.524  -0.244 -0.056  0.051        1.215      0.473
HMM[returns,K=2,myopic]                    0.065  0.081   0.346    0.515  -0.215 -0.053  0.051        1.775      0.408
HMM[returns,K=bic,myopic]                  0.068  0.091   0.347    0.510  -0.308 -0.060  0.050        1.614      0.529
HMM[returns,K=3,myopic]                    0.066  0.087   0.336    0.489  -0.262 -0.057  0.049        1.580      0.504
HMM[rv,K=bic,switch]                       0.056  0.063   0.287    0.430  -0.192 -0.046  0.047        0.532      0.259
HMM[returns,K=bic,switch]                  0.057  0.067   0.287    0.431  -0.280 -0.050  0.047        0.709      0.255
Vol-managed                                0.053  0.053   0.274    0.392  -0.149 -0.034  0.047        2.084      0.382
JM (60/40 or cash)                         0.055  0.069   0.254    0.378  -0.189 -0.042  0.045        2.213      0.371
JM (equity/cash)                           0.068  0.102   0.320    0.465  -0.300 -0.067  0.044        2.165      0.618
HMM[rv_term,K=3,switch]                    0.062  0.088   0.288    0.415  -0.240 -0.065  0.044        0.658      0.421
HMM[macro4,K=2,switch]                     0.073  0.117   0.335    0.485  -0.486 -0.080  0.043        0.266      0.618
HMM[returns,K=3,switch]                    0.055  0.074   0.249    0.362  -0.280 -0.057  0.043        0.785      0.271
HMM[rv_term_def,K=2,switch]                0.072  0.117   0.327    0.478  -0.486 -0.080  0.043        0.266      0.602
HMM[rv_term_def,K=3,switch]                0.059  0.090   0.258    0.377  -0.305 -0.066  0.041        0.506      0.409
HMM[rv_term,K=2,switch]                    0.065  0.111   0.281    0.405  -0.498 -0.077  0.039        0.392      0.559
HMM[rv_term,K=bic,switch]                  0.046  0.074   0.132    0.183  -0.222 -0.057  0.034        0.759      0.303
