date,belief,myopic,band
1936-07-31,0.012202221345044678,1.0,1.0
1936-08-01,0.00850650391643936,1.0,1.0
1936-08-03,0.0073303659074599025,1.0,1.0
1936-08-04,0.006995640885200775,1.0,1.0
1936-08-05,0.008530630375240418,1.0,1.0
1936-08-06,0.007549396626090519,1.0,1.0
1936-08-07,0.013980879366596153,1.0,1.0
1936-08-08,0.01116562378241201,1.0,1.0
1936-08-10,0.008754083847219188,1.0,1.0
1936-08-11,0.010028294886291608,1.0,1.0
1936-08-12,0.008307049216724876,1.0,1.0
1936-08-13,0.008183294213995407,1.0,1.0
1936-08-14,0.01979270669358826,1.0,1.0
1936-08-15,0.01088272480219301,1.0,1.0
1936-08-17,0.01114625351156184,1.0,1.0
1936-08-18,0.008153241560483979,1.0,1.0
1936-08-19,0.007774023082616861,1.0,1.0
1936-08-20,0.00912393610142019,1.0,1.0
1936-08-21,0.5588343629189244,0.0,1.0
1936-08-22,0.35843190924745133,1.0,1.0
1936-08-24,0.18734200827827854,1.0,1.0
1936-08-25,0.07349758292276393,1.0,1.0
1936-08-26,0.04188482464370216,1.0,1.0
1936-08-27,0.08112674736136379,1.0,1.0
1936-08-28,0.032524448502787184,1.0,1.0
1936-08-29,0.015014582821092673,1.0,1.0
1936-08-31,0.009365662587145916,1.0,1.0
1936-09-01,0.008004862924864414,1.0,1.0
1936-09-02,0.007355278387509396,1.0,1.0
1936-09-03,0.007487650098353466,1.0,1.0
1936-09-04,0.008100400257249325,1.0,1.0
1936-09-05,0.008126905873758207,1.0,1.0
1936-09-08,0.010464223097873041,1.0,1.0
1936-09-09,0.010309002681905184,1.0,1.0
1936-09-10,0.007863725079236652,1.0,1.0
1936-09-11,0.007368385510785274,1.0,1.0
1936-09-12,0.007677278707565492,1.0,1.0
1936-09-14,0.009480346898280043,1.0,1.0
1936-09-15,0.00814278285630612,1.0,1.0
1936-09-16,0.015957695116267767,1.0,1.0
1936-09-17,0.011944942864877281,1.0,1.0
1936-09-18,0.012349346501779627,1.0,1.0
1936-09-19,0.010086618541649136,1.0,1.0
1936-09-21,0.0077864730363430305,1.0,1.0
1936-09-22,0.007092072083703487,1.0,1.0
1936-09-23,0.007748231082101115,1.0,1.0
1936-09-24,0.007062303987878177,1.0,1.0
1936-09-25,0.03359227917236825,1.0,1.0
1936-09-26,0.02327153857072934,1.0,1.0
1936-09-28,0.012290777161019962,1.0,1.0
1936-09-29,0.009099479703363047,1.0,1.0
1936-09-30,0.009223009325016492,1.0,1.0
1936-10-01,0.007507599046323962,1.0,1.0
1936-10-02,0.037436378133615125,1.0,1.0
1936-10-03,0.02516673682816394,1.0,1.0
1936-10-05,0.012612551937956502,1.0,1.0
1936-10-06,0.01039811493811666,1.0,1.0
1936-10-07,0.007999903802333634,1.0,1.0
1936-10-08,0.0077576033911744375,1.0,1.0
1936-10-09,0.007342539027027809,1.0,1.0
1936-10-10,0.007724422759800577,1.0,1.0
1936-10-13,0.007426054395539214,1.0,1.0
1936-10-14,0.00765798676757538,1.0,1.0
1936-10-15,0.0073006879822947734,1.0,1.0
1936-10-16,0.011337792796813488,1.0,1.0
1936-10-17,0.008751532212317384,1.0,1.0
1936-10-19,0.007358300741415821,1.0,1.0
1936-10-20,0.007226012316024552,1.0,1.0
1936-10-21,0.0071222164902609835,1.0,1.0
1936-10-22,0.010486602505248455,1.0,1.0
1936-10-23,0.00819121975482753,1.0,1.0
1936-10-24,0.007187806511742218,1.0,1.0
1936-10-26,0.2288734161931766,1.0,1.0
1936-10-27,0.23299523598440233,1.0,1.0
1936-10-28,0.09077790449527907,1.0,1.0
1936-10-29,0.06961670425562028,1.0,1.0
1936-10-30,0.02743815280722107,1.0,1.0
1936-10-31,0.013449990148657913,1.0,1.0
1936-11-02,0.009975640727276348,1.0,1.0
1936-11-04,0.035377396092312975,1.0,1.0
1936-11-05,0.029306738328319693,1.0,1.0
1936-11-06,0.018641415111793014,1.0,1.0
1936-11-07,0.02412153430229617,1.0,1.0
1936-11-09,0.012834494451189738,1.0,1.0
1936-11-10,0.009455386986955696,1.0,1.0
1936-11-12,0.013798919403145772,1.0,1.0
1936-11-13,0.015896709264093662,1.0,1.0
1936-11-14,0.011976553869866536,1.0,1.0
1936-11-16,0.022831403084155058,1.0,1.0
1936-11-17,0.031603573128865345,1.0,1.0
1936-11-18,0.017500807013603646,1.0,1.0
1936-11-19,0.015850946012739772,1.0,1.0
1936-11-20,0.019119118145787043,1.0,1.0
1936-11-21,0.01371739810497196,1.0,1.0
1936-11-23,0.17476495737549133,1.0,1.0
1936-11-24,0.20938339920409402,1.0,1.0
1936-11-25,0.0867676618857503,1.0,1.0
1936-11-27,0.11396960317160958,1.0,1.0
1936-11-28,0.04331153582780151,1.0,1.0
1936-11-30,0.021781661475272298,1.0,1.0
1936-12-01,0.016260143287015413,1.0,1.0
1936-12-02,0.018873019463423506,1.0,1.0
1936-12-03,0.011639794955462135,1.0,1.0
1936-12-04,0.008299487619302076,1.0,1.0
1936-12-05,0.00721524378825931,1.0,1.0
1936-12-07,0.010314391608116353,1.0,1.0
1936-12-08,0.00785876383316,1.0,1.0
1936-12-09,0.0074535668695808735,1.0,1.0
1936-12-10,0.009096507817876269,1.0,1.0
1936-12-11,0.00819955640679365,1.0,1.0
1936-12-12,0.007183923010137512,1.0,1.0
1936-12-14,0.008985200920952098,1.0,1.0
1936-12-15,0.007689660139017597,1.0,1.0
1936-12-16,0.0075032202441228145,1.0,1.0
1936-12-17,0.008665057144365896,1.0,1.0
1936-12-18,0.015863877125606822,1.0,1.0
1936-12-19,0.019647690996401176,1.0,1.0
1936-12-21,0.032191171370809915,1.0,1.0
1936-12-22,0.0284734990609891,1.0,1.0
1936-12-23,0.022643529560247514,1.0,1.0
1936-12-24,0.012000065668545506,1.0,1.0
1936-12-28,0.01271122940545514,1.0,1.0
1936-12-29,0.008662751341778206,1.0,1.0
1936-12-30,0.04550087057373811,1.0,1.0
1936-12-31,0.021587638857965455,1.0,1.0
1937-01-02,0.020786254783496914,1.0,1.0
1937-01-04,0.013572612235511938,1.0,1.0
1937-01-05,0.01148922450936873,1.0,1.0
1937-01-06,0.008252981434274243,1.0,1.0
1937-01-07,0.04099805345876959,1.0,1.0
1937-01-08,0.01866916558079787,1.0,1.0
1937-01-09,0.010762679055272704,1.0,1.0
1937-01-11,0.008688231005496375,1.0,1.0
1937-01-12,0.007401113731373788,1.0,1.0
1937-01-13,0.006939279163255086,1.0,1.0
1937-01-14,0.006789954867150411,1.0,1.0
1937-01-15,0.006862678234592029,1.0,1.0
1937-01-16,0.007944885208540163,1.0,1.0
1937-01-18,0.008279276976186562,1.0,1.0
1937-01-19,0.011336212088763205,1.0,1.0
1937-01-20,0.013805825783317243,1.0,1.0
1937-01-21,0.010258254758208176,1.0,1.0
1937-01-22,0.009780489591920283,1.0,1.0
1937-01-23,0.007749215766685002,1.0,1.0
1937-01-25,0.010120680059986212,1.0,1.0
1937-01-26,0.031168991722014417,1.0,1.0
1937-01-27,0.016918903453512917,1.0,1.0
1937-01-28,0.010067868148726898,1.0,1.0
1937-01-29,0.008785958725387769,1.0,1.0
1937-01-30,0.007749613778144792,1.0,1.0
1937-02-01,0.007134783949109895,1.0,1.0
1937-02-02,0.00826047127956992,1.0,1.0
1937-02-03,0.008221793839468909,1.0,1.0
1937-02-04,0.00720478617791245,1.0,1.0
1937-02-05,0.027011753469908018,1.0,1.0
1937-02-06,0.018619586679436053,1.0,1.0
1937-02-08,0.01134704892076284,1.0,1.0
1937-02-09,0.009229495388612088,1.0,1.0
1937-02-10,0.009262190333624779,1.0,1.0
1937-02-11,0.008201705375672235,1.0,1.0
1937-02-13,0.0075951648324626315,1.0,1.0
1937-02-15,0.01147544819703785,1.0,1.0
1937-02-16,0.008250006297563901,1.0,1.0
1937-02-17,0.007508262915810779,1.0,1.0
1937-02-18,0.007069112858970555,1.0,1.0
1937-02-19,0.007435042275620073,1.0,1.0
1937-02-20,0.0072591309974022735,1.0,1.0
1937-02-23,0.06198337927974325,1.0,1.0
1937-02-24,0.025613436953708057,1.0,1.0
1937-02-25,0.013472082209415377,1.0,1.0
1937-02-26,0.009002036527228367,1.0,1.0
1937-02-27,0.007602598452429268,1.0,1.0
1937-03-01,0.007003995098367647,1.0,1.0
1937-03-02,0.010105330696367985,1.0,1.0
1937-03-03,0.014091263928196028,1.0,1.0
1937-03-04,0.012466790833597793,1.0,1.0
1937-03-05,0.012461369867253451,1.0,1.0
1937-03-06,0.008781833982497031,1.0,1.0
1937-03-08,0.008872353114818442,1.0,1.0
1937-03-09,0.007407822676661782,1.0,1.0
1937-03-10,0.00770031240695919,1.0,1.0
1937-03-11,0.015327707814902574,1.0,1.0
1937-03-12,0.010855444152142396,1.0,1.0
1937-03-13,0.00840865752927859,1.0,1.0
1937-03-15,0.010048643729059144,1.0,1.0
1937-03-16,0.00843902646450125,1.0,1.0
1937-03-17,0.008412862527706429,1.0,1.0
1937-03-18,0.08734271864737549,1.0,1.0
1937-03-19,0.03474312028826976,1.0,1.0
1937-03-20,0.01694527940160374,1.0,1.0
1937-03-22,0.5546208127742492,0.0,1.0
1937-03-23,0.4783576361973944,0.0,1.0
1937-03-24,0.2949627979560155,1.0,1.0
1937-03-25,0.12337617437150075,1.0,1.0
1937-03-27,0.0485030707601308,1.0,1.0
1937-03-29,0.024741691495366817,1.0,1.0
1937-03-30,0.0306347574016806,1.0,1.0
1937-03-31,0.014567339325707916,1.0,1.0
1937-04-01,0.017203910136028303,1.0,1.0
1937-04-02,0.029510576802054808,1.0,1.0
1937-04-03,0.014740919983152564,1.0,1.0
1937-04-05,0.009702319467520632,1.0,1.0
1937-04-06,0.011019521550626585,1.0,1.0
1937-04-07,0.7839921155467303,0.0,1.0
1937-04-08,0.5184581251927439,0.0,1.0
1937-04-09,0.263562309663075,1.0,1.0
1937-04-10,0.11010440345619216,1.0,1.0
1937-04-12,0.045899194373964385,1.0,1.0
1937-04-13,0.035915929270853054,1.0,1.0
1937-04-14,0.016300040570717118,1.0,1.0
1937-04-15,0.011280938602408221,1.0,1.0
1937-04-16,0.009838576677847037,1.0,1.0
1937-04-17,0.00850671801757309,1.0,1.0
1937-04-19,0.007655379822242163,1.0,1.0
1937-04-20,0.007117013077040491,1.0,1.0
1937-04-21,0.011663135411310782,1.0,1.0
1937-04-22,0.02321940505448637,1.0,1.0
1937-04-23,0.05708550531238845,1.0,1.0
1937-04-24,0.04204190119591256,1.0,1.0
1937-04-26,0.9423390656799372,0.0,0.0
1937-04-27,0.8869775158583509,0.0,0.0
1937-04-28,0.9983725654522911,0.0,0.0
1937-04-29,0.9230134283700622,0.0,0.0
1937-04-30,0.9925745194632581,0.0,0.0
1937-05-01,0.9066160348699401,0.0,0.0
1937-05-03,0.7163460596444763,0.0,0.0
1937-05-04,0.6286148101495149,0.0,0.0
1937-05-05,0.45296621297933487,0.0,0.0
1937-05-06,0.22227559884884085,1.0,0.0
1937-05-07,0.09086560999798264,1.0,1.0
1937-05-08,0.03859236132590147,1.0,1.0
1937-05-10,0.15464073985841606,1.0,1.0
1937-05-11,0.060923842187152334,1.0,1.0
1937-05-12,0.027488152848511468,1.0,1.0
1937-05-13,0.8170051708788981,0.0,1.0
1937-05-14,0.6554050410230091,0.0,1.0
1937-05-15,0.3721343701986605,0.0,1.0
1937-05-17,0.3382359178388081,1.0,1.0
1937-05-18,0.21043775473547882,1.0,1.0
1937-05-19,0.08364236537820736,1.0,1.0
1937-05-20,0.3089497721035328,1.0,1.0
1937-05-21,0.12908471934609922,1.0,1.0
1937-05-22,0.07758943153043733,1.0,1.0
1937-05-24,0.030695121170444796,1.0,1.0
1937-05-25,0.035106403023061915,1.0,1.0
1937-05-26,0.017143589140853607,1.0,1.0
1937-05-27,0.010119497264879507,1.0,1.0
1937-05-28,0.0078092160288515495,1.0,1.0
1937-06-01,0.02630970769451667,1.0,1.0
1937-06-02,0.015350831788035667,1.0,1.0
1937-06-03,0.009500627175085648,1.0,1.0
1937-06-04,0.012395924604798436,1.0,1.0
1937-06-05,0.0092533389007015,1.0,1.0
1937-06-07,0.009910968599673359,1.0,1.0
1937-06-08,0.008446354354321997,1.0,1.0
1937-06-09,0.009933782618128129,1.0,1.0
1937-06-10,0.009506572645202202,1.0,1.0
1937-06-11,0.024318175871511666,1.0,1.0
1937-06-12,0.020749651437298736,1.0,1.0
1937-06-14,0.2982917199514574,1.0,1.0
1937-06-15,0.18083447209689898,1.0,1.0
1937-06-16,0.12501964482533348,1.0,1.0
1937-06-17,0.06730979006943251,1.0,1.0
1937-06-18,0.03456274927727656,1.0,1.0
1937-06-19,0.01729007581997629,1.0,1.0
1937-06-21,0.015757385407374508,1.0,1.0
1937-06-22,0.010703271784317864,1.0,1.0
1937-06-23,0.009808896608248728,1.0,1.0
1937-06-24,0.008610155693249863,1.0,1.0
1937-06-25,0.009456925301565102,1.0,1.0
1937-06-26,0.014386814295274223,1.0,1.0
1937-06-28,0.042522528891406675,1.0,1.0
1937-06-29,0.01927987377193755,1.0,1.0
1937-06-30,0.048667266615920204,1.0,1.0
1937-07-01,0.024714727260420847,1.0,1.0
1937-07-02,0.024461585892836413,1.0,1.0
1937-07-06,0.5460515697879621,0.0,1.0
1937-07-07,0.34637396670190324,0.0,1.0
1937-07-08,0.1505799188747076,1.0,1.0
1937-07-09,0.06237328573242801,1.0,1.0
1937-07-10,0.028207867469152315,1.0,1.0
1937-07-12,0.031238958212383136,1.0,1.0
1937-07-13,0.018821584213197406,1.0,1.0
1937-07-14,0.01116841390549753,1.0,1.0
1937-07-15,0.00908039465604505,1.0,1.0
1937-07-16,0.008574275415991612,1.0,1.0
1937-07-17,0.0077840022232423265,1.0,1.0
1937-07-19,0.015720566790770638,1.0,1.0
1937-07-20,0.01435299349353821,1.0,1.0
1937-07-21,0.012613352715404183,1.0,1.0
1937-07-22,0.009296380715587102,1.0,1.0
1937-07-23,0.008072674479165248,1.0,1.0
1937-07-24,0.008913474548703225,1.0,1.0
1937-07-26,0.008295772402935688,1.0,1.0
1937-07-27,0.00813873629812809,1.0,1.0
1937-07-28,0.019792033754789825,1.0,1.0
1937-07-29,0.012497684395654842,1.0,1.0
1937-07-30,0.009187128219062656,1.0,1.0
1937-07-31,0.010259310257383985,1.0,1.0
1937-08-02,0.008351194863681756,1.0,1.0
1937-08-03,0.00989379140559212,1.0,1.0
1937-08-04,0.008611012076414305,1.0,1.0
1937-08-05,0.009110000867969266,1.0,1.0
1937-08-06,0.008904049266783273,1.0,1.0
1937-08-07,0.009402502843883906,1.0,1.0
1937-08-09,0.00821780778884613,1.0,1.0
1937-08-10,0.008055880446450735,1.0,1.0
1937-08-11,0.0077327514055019345,1.0,1.0
1937-08-12,0.008103616211716716,1.0,1.0
1937-08-13,0.009877350630838583,1.0,1.0
1937-08-14,0.008313347423060762,1.0,1.0
1937-08-16,0.010611121949359524,1.0,1.0
1937-08-17,0.009503721707860796,1.0,1.0
1937-08-18,0.013077233785350677,1.0,1.0
1937-08-19,0.024644518497800638,1.0,1.0
1937-08-20,0.02935770087737321,1.0,1.0
1937-08-21,0.01579413243406597,1.0,1.0
1937-08-23,0.015610981283882712,1.0,1.0
1937-08-24,0.011550531352538923,1.0,1.0
1937-08-25,0.01062812189043834,1.0,1.0
1937-08-26,0.05519752418232008,1.0,1.0
1937-08-27,0.08384402715232482,1.0,1.0
1937-08-28,0.03401758980165762,1.0,1.0
1937-08-30,0.02167888435515325,1.0,1.0
1937-08-31,0.012966858239413867,1.0,1.0
1937-09-01,0.2235382468428532,1.0,1.0
1937-09-02,0.22066035261474676,1.0,1.0
1937-09-03,0.10003520873676895,1.0,1.0
1937-09-04,0.041955046684523906,1.0,1.0
1937-09-07,0.9999989457895816,0.0,0.0
1937-09-08,0.9558820447472941,0.0,0.0
1937-09-09,0.9778786547205991,0.0,0.0
1937-09-10,0.9999999214254206,0.0,0.0
1937-09-11,0.9419976070103269,0.0,0.0
1937-09-13,0.9413544938968487,0.0,0.0
1937-09-14,0.9995335090381965,0.0,0.0
1937-09-15,0.9163282470852371,0.0,0.0
1937-09-16,0.8913504489194063,0.0,0.0
1937-09-17,0.9556110925239218,0.0,0.0
1937-09-18,0.9968212216763468,0.0,0.0
1937-09-20,0.9569529298774667,0.0,0.0
1937-09-21,0.8464388007284525,0.0,0.0
1937-09-22,0.6141193566075784,0.0,0.0
1937-09-23,0.8918830178986977,0.0,0.0
1937-09-24,0.9999953269685566,0.0,0.0
1937-09-25,0.9517161685639317,0.0,0.0
1937-09-27,0.9992074678094633,0.0,0.0
1937-09-28,0.965585476856867,0.0,0.0
1937-09-29,0.8417312892881491,0.0,0.0
1937-09-30,0.602746454473807,0.0,0.0
1937-10-01,0.35376346267318487,0.0,0.0
1937-10-02,0.15874562239600412,1.0,0.0
1937-10-04,0.11997440641611405,1.0,0.0
1937-10-05,0.9999980726083526,0.0,0.0
1937-10-06,0.9878645197058252,0.0,0.0
1937-10-07,0.8922682572801351,0.0,0.0
1937-10-08,0.9809497828889202,0.0,0.0
1937-10-09,0.8720180162159255,0.0,0.0
1937-10-11,0.9999277030019683,0.0,0.0
1937-10-13,0.9526565338766871,0.0,0.0
1937-10-14,0.9449506032186963,0.0,0.0
1937-10-15,0.9352182378030616,0.0,0.0
1937-10-16,0.7703808438564412,0.0,0.0
1937-10-18,1.0,0.0,0.0
1937-10-19,0.922551277652145,0.0,0.0
1937-10-20,1.0,0.0,0.0
1937-10-21,0.9969489764238693,0.0,0.0
1937-10-22,0.9948255067610742,0.0,0.0
1937-10-23,0.9999983863926425,0.0,0.0
1937-10-25,0.9999999705779096,0.0,0.0
1937-10-26,0.9714115226302459,0.0,0.0
1937-10-27,0.8662858580354402,0.0,0.0
1937-10-28,0.978087967900925,0.0,0.0
1937-10-29,0.9949339324736305,0.0,0.0
1937-10-30,0.9053800820353844,0.0,0.0
1937-11-01,0.9654258713386948,0.0,0.0
1937-11-03,0.9999939574003528,0.0,0.0
1937-11-04,0.9459859754240497,0.0,0.0
1937-11-05,0.7963167086076242,0.0,0.0
1937-11-06,0.9778180980870527,0.0,0.0
1937-11-08,0.8836428876812277,0.0,0.0
1937-11-09,0.8756007190457948,0.0,0.0
1937-11-10,0.999997830876561,0.0,0.0
1937-11-12,0.9213657039983412,0.0,0.0
1937-11-13,0.7462579616562821,0.0,0.0
1937-11-15,0.9611096214656188,0.0,0.0
1937-11-16,0.8889160926051425,0.0,0.0
1937-11-17,0.7215739983407755,0.0,0.0
1937-11-18,0.8494668018148962,0.0,0.0
1937-11-19,0.9999995682882012,0.0,0.0
1937-11-20,0.9861458247257648,0.0,0.0
1937-11-22,0.9999850668488997,0.0,0.0
1937-11-23,0.9284747784214863,0.0,0.0
1937-11-24,0.9447900357028057,0.0,0.0
1937-11-26,0.9998517179488459,0.0,0.0
1937-11-27,0.9999983982403943,0.0,0.0
1937-11-29,0.9744708869395582,0.0,0.0
1937-11-30,0.9541966056553516,0.0,0.0
1937-12-01,0.9058294455133324,0.0,0.0
1937-12-02,0.8902752130493866,0.0,0.0
1937-12-03,0.8813470018225509,0.0,0.0
1937-12-04,0.6728113210573834,0.0,0.0
1937-12-06,0.6791964760744674,0.0,0.0
1937-12-07,0.5440926744284851,0.0,0.0
1937-12-08,0.37575527828867034,0.0,0.0
1937-12-09,0.40397353308039663,0.0,0.0
1937-12-10,0.2841029643849063,0.0,0.0
1937-12-11,0.12052110650692945,1.0,0.0
1937-12-13,0.7699669813649241,0.0,0.0
1937-12-14,0.5093154567745337,0.0,0.0
1937-12-15,0.2767334674845748,0.0,0.0
1937-12-16,0.19636635499864868,1.0,0.0
1937-12-17,0.09804751707838992,1.0,0.0
1937-12-18,0.06450448739209323,1.0,1.0
1937-12-20,0.06038855436005343,1.0,1.0
1937-12-21,0.02672654772115324,1.0,1.0
1937-12-22,0.03630363070972075,1.0,1.0
1937-12-23,0.02425857736008188,1.0,1.0
1937-12-24,0.014298293828289609,1.0,1.0
1937-12-27,0.4936104362801493,0.0,1.0
1937-12-28,0.9915016482053745,0.0,0.0
1937-12-29,0.9069378375892404,0.0,0.0
1937-12-30,0.9030221078279643,0.0,0.0
1937-12-31,0.7238374523594834,0.0,0.0
1938-01-03,0.45133999333552705,0.0,0.0
1938-01-04,0.972971580887445,0.0,0.0
1938-01-05,0.8568906411020405,0.0,0.0
1938-01-06,0.999546663059314,0.0,0.0
1938-01-07,0.93148435738878,0.0,0.0
1938-01-08,0.9728964738198198,0.0,0.0
1938-01-10,0.9677270594740113,0.0,0.0
1938-01-11,0.8660310652958245,0.0,0.0
1938-01-12,0.7142036005491725,0.0,0.0
1938-01-13,0.6309559765060004,0.0,0.0
1938-01-14,0.35579321914615514,0.0,0.0
1938-01-15,0.4177251140651049,0.0,0.0
1938-01-17,0.6067503879959318,0.0,0.0
1938-01-18,0.44022294610374735,0.0,0.0
1938-01-19,0.35502557376427796,0.0,0.0
1938-01-20,0.33375725275695295,0.0,0.0
1938-01-21,0.34473250420934204,0.0,0.0
1938-01-22,0.1825171823592319,1.0,0.0
1938-01-24,0.07575568053721725,1.0,1.0
1938-01-25,0.07110855210754,1.0,1.0
1938-01-26,0.9738119700933786,0.0,0.0
1938-01-27,0.9532327769656173,0.0,0.0
1938-01-28,0.9024461455215405,0.0,0.0
1938-01-29,0.716104800265636,0.0,0.0
1938-01-31,0.5636904189815412,0.0,0.0
1938-02-01,0.5604446530377403,0.0,0.0
1938-02-02,0.46942809849747474,0.0,0.0
1938-02-03,0.9984989327245095,0.0,0.0
1938-02-04,0.9734148084310138,0.0,0.0
1938-02-05,0.9588025746345549,0.0,0.0
1938-02-07,0.9145316735170719,0.0,0.0
1938-02-08,0.9966586054690095,0.0,0.0
1938-02-09,0.9152977859168536,0.0,0.0
1938-02-10,0.7649966653199989,0.0,0.0
1938-02-11,0.5309488805172414,0.0,0.0
1938-02-14,0.32288192282497696,0.0,0.0
1938-02-15,0.19340923681569605,1.0,0.0
1938-02-16,0.0853065876787113,1.0,0.0
1938-02-17,0.33308333272862045,0.0,0.0
1938-02-18,0.26512178385469826,0.0,0.0
1938-02-19,0.1778659896782071,1.0,0.0
1938-02-21,0.16760011175320472,1.0,0.0
1938-02-23,0.5455074304111125,0.0,0.0
1938-02-24,0.4400135425540995,0.0,0.0
1938-02-25,0.2258207090013313,1.0,0.0
1938-02-26,0.10432375242173016,1.0,0.0
1938-02-28,0.1104799615704857,1.0,0.0
1938-03-01,0.055962404024564545,1.0,1.0
1938-03-02,0.037468474810087374,1.0,1.0
1938-03-03,0.026569130845996974,1.0,1.0
1938-03-04,0.01977741472992267,1.0,1.0
1938-03-05,0.012609823717589131,1.0,1.0
1938-03-07,0.05117179341662242,1.0,1.0
1938-03-08,0.02780044976897663,1.0,1.0
1938-03-09,0.014582482659037287,1.0,1.0
1938-03-10,0.017141306884762276,1.0,1.0
1938-03-11,0.05914018297461354,1.0,1.0
1938-03-12,0.025799819379494254,1.0,1.0
1938-03-14,0.027743472059690105,1.0,1.0
1938-03-15,0.2042678238794127,1.0,1.0
1938-03-16,0.9925223724465547,0.0,0.0
1938-03-17,0.9337686680933631,0.0,0.0
1938-03-18,0.999402070907014,0.0,0.0
1938-03-19,0.9850370496345449,0.0,0.0
1938-03-21,0.8866157073125729,0.0,0.0
1938-03-22,0.9920894820373957,0.0,0.0
1938-03-23,0.9943870089768293,0.0,0.0
1938-03-24,0.9085213543711048,0.0,0.0
1938-03-25,0.9999997132317132,0.0,0.0
1938-03-26,0.9915777122485595,0.0,0.0
1938-03-28,0.9195258495355244,0.0,0.0
1938-03-29,0.999999728069662,0.0,0.0
1938-03-30,0.9444198707917222,0.0,0.0
1938-03-31,0.9035517442289727,0.0,0.0
1938-04-01,0.9999129516929733,0.0,0.0
1938-04-02,0.9999187998398241,0.0,0.0
1938-04-04,0.9310390711552645,0.0,0.0
1938-04-05,0.9458566177796848,0.0,0.0
1938-04-06,0.9478715149930758,0.0,0.0
1938-04-07,0.8391380752018093,0.0,0.0
1938-04-08,0.9996030293095366,0.0,0.0
1938-04-09,0.9999999662630304,0.0,0.0
1938-04-11,0.9955915378354226,0.0,0.0
1938-04-12,0.9153404872820952,0.0,0.0
1938-04-13,0.751642089966733,0.0,0.0
1938-04-14,0.6387156821241253,0.0,0.0
1938-04-16,0.9964467244515959,0.0,0.0
1938-04-18,0.9797414735172503,0.0,0.0
1938-04-19,0.9910075919123321,0.0,0.0
1938-04-20,0.915289983018203,0.0,0.0
1938-04-21,0.7595332991122025,0.0,0.0
1938-04-22,0.954221027200858,0.0,0.0
1938-04-23,0.8525891499113712,0.0,0.0
1938-04-25,0.8441307224425517,0.0,0.0
1938-04-26,0.8728354067617068,0.0,0.0
1938-04-27,0.7054314469884512,0.0,0.0
1938-04-28,0.948685587192034,0.0,0.0
1938-04-29,0.819814104430576,0.0,0.0
1938-04-30,0.5930347116813823,0.0,0.0
1938-05-02,0.5340440299319643,0.0,0.0
1938-05-03,0.7530997460882601,0.0,0.0
1938-05-04,0.6355588504525562,0.0,0.0
1938-05-05,0.37134984512666264,0.0,0.0
1938-05-06,0.9830750007766106,0.0,0.0
1938-05-07,0.8827335698454181,0.0,0.0
1938-05-09,0.8515345373096032,0.0,0.0
1938-05-10,0.7857206751820861,0.0,0.0
1938-05-11,0.5562288523515718,0.0,0.0
1938-05-12,0.34486813327813437,0.0,0.0
1938-05-13,0.2823652557017536,0.0,0.0
1938-05-14,0.12533656276510535,1.0,0.0
1938-05-16,0.13112933272860725,1.0,0.0
1938-05-17,0.0570398197311455,1.0,1.0
1938-05-18,0.027345110778471154,1.0,1.0
1938-05-19,0.050493363481404575,1.0,1.0
1938-05-20,0.027316092992424375,1.0,1.0
1938-05-21,0.03284001718590778,1.0,1.0
1938-05-23,0.01805158888725981,1.0,1.0
1938-05-24,0.026189383360706076,1.0,1.0
1938-05-25,0.04779561919717779,1.0,1.0
1938-05-26,0.3369393046401109,0.0,1.0
1938-05-27,0.15930883522474493,1.0,1.0
1938-05-28,0.11058518524266461,1.0,1.0
1938-05-31,0.0926002675999614,1.0,1.0
1938-06-01,0.34463623669503973,0.0,1.0
1938-06-02,0.15903843910364437,1.0,1.0
1938-06-03,0.10903902801968693,1.0,1.0
1938-06-04,0.18902287508908877,1.0,1.0
1938-06-06,0.09758198001697761,1.0,1.0
1938-06-07,0.0453207414170812,1.0,1.0
1938-06-08,0.022306210715293973,1.0,1.0
1938-06-09,0.06952594895827742,1.0,1.0
1938-06-10,0.0467799445211749,1.0,1.0
1938-06-11,0.024218276412087906,1.0,1.0
1938-06-13,0.07354681236610494,1.0,1.0
1938-06-14,0.03845008486587127,1.0,1.0
1938-06-15,0.02027721598297098,1.0,1.0
1938-06-16,0.015751203454340206,1.0,1.0
1938-06-17,0.01458741217873436,1.0,1.0
1938-06-18,0.010836197163338593,1.0,1.0
1938-06-20,0.9942217159828749,0.0,0.0
1938-06-21,0.991099231633396,0.0,0.0
1938-06-22,0.9959261353231914,0.0,0.0
1938-06-23,0.9965308118784302,0.0,0.0
1938-06-24,0.9404426783542719,0.0,0.0
1938-06-25,0.944474784882203,0.0,0.0
1938-06-27,0.8363161126677496,0.0,0.0
1938-06-28,0.6257033239993575,0.0,0.0
1938-06-29,0.9994304211470325,0.0,0.0
1938-06-30,0.9741038726642622,0.0,0.0
1938-07-01,0.9898186386516796,0.0,0.0
1938-07-02,0.9675996671729318,0.0,0.0
1938-07-05,0.9448903440433065,0.0,0.0
1938-07-06,0.8952217170514567,0.0,0.0
1938-07-07,0.7088941952920365,0.0,0.0
1938-07-08,0.6787285849417043,0.0,0.0
1938-07-09,0.42318888986088166,0.0,0.0
1938-07-11,0.4708881109563297,0.0,0.0
1938-07-12,0.7568072989376584,0.0,0.0
1938-07-13,0.5033959922213235,0.0,0.0
1938-07-14,0.412787002130238,0.0,0.0
1938-07-15,0.2996615677864054,0.0,0.0
1938-07-16,0.1681278426776209,1.0,0.0
1938-07-18,0.2044558041714726,1.0,0.0
1938-07-19,0.42876892961006374,0.0,0.0
1938-07-20,0.25634293973419126,0.0,0.0
1938-07-21,0.11302216240415382,1.0,0.0
1938-07-22,0.0481525101174619,1.0,1.0
1938-07-23,0.04717247493526647,1.0,1.0
1938-07-25,0.02431840730998417,1.0,1.0
1938-07-26,0.024401290964215915,1.0,1.0
1938-07-27,0.5407641178874302,0.0,1.0
1938-07-28,0.5308055639885851,0.0,1.0
1938-07-29,0.36254059949451717,0.0,1.0
1938-07-30,0.1708553375370239,1.0,1.0
1938-08-01,0.09804682829000241,1.0,1.0
1938-08-02,0.0493187632899543,1.0,1.0
1938-08-03,0.0319611608769296,1.0,1.0
1938-08-04,0.018360416923876754,1.0,1.0
1938-08-05,0.055914346024531804,1.0,1.0
1938-08-06,0.03895478812884564,1.0,1.0
1938-08-08,0.026807641412181574,1.0,1.0
1938-08-09,0.01980013587161897,1.0,1.0
1938-08-10,0.018417584982938804,1.0,1.0
1938-08-11,0.14502753630583928,1.0,1.0
1938-08-12,0.29566976971082304,0.0,1.0
1938-08-13,0.14759087311134647,1.0,1.0
1938-08-15,0.067877511286459,1.0,1.0
1938-08-16,0.0508229174985007,1.0,1.0
1938-08-17,0.023934234778985982,1.0,1.0
1938-08-18,0.014882697127852472,1.0,1.0
1938-08-19,0.0228061325898968,1.0,1.0
1938-08-20,0.01375097549132026,1.0,1.0
1938-08-22,0.012067663396770421,1.0,1.0
1938-08-23,0.06479865141013269,1.0,1.0
1938-08-24,0.029181482419271793,1.0,1.0
1938-08-25,0.017098583870892275,1.0,1.0
1938-08-26,0.01599119277476844,1.0,1.0
1938-08-27,0.01958631205976497,1.0,1.0
1938-08-29,0.8600978531743149,0.0,0.0
1938-08-30,0.7528887668866738,0.0,0.0
1938-08-31,0.4961930940294112,0.0,0.0
1938-09-01,0.354673978013158,0.0,0.0
1938-09-02,0.5235300745321882,0.0,0.0
1938-09-03,0.33712005909351345,0.0,0.0
1938-09-06,0.24197603267287512,0.0,0.0
1938-09-07,0.11462507183576393,1.0,0.0
1938-09-08,0.06368747601700028,1.0,0.0
1938-09-09,0.13946053951705448,1.0,0.0
1938-09-10,0.10035139427874305,1.0,0.0
1938-09-12,0.0638465991524661,1.0,0.0
1938-09-13,0.9960222252712699,0.0,0.0
1938-09-14,0.9872789330923619,0.0,0.0
1938-09-15,0.9990944559972607,0.0,0.0
1938-09-16,0.9840612429143598,0.0,0.0
1938-09-17,0.9875390664737068,0.0,0.0
1938-09-19,0.9938534783088196,0.0,0.0
1938-09-20,0.9992829524230283,0.0,0.0
1938-09-21,0.9310368306208445,0.0,0.0
1938-09-22,0.9075480080624168,0.0,0.0
1938-09-23,0.9898796043886792,0.0,0.0
1938-09-24,0.9225578360690982,0.0,0.0
1938-09-26,0.9878230461037552,0.0,0.0
1938-09-27,0.900801035964067,0.0,0.0
1938-09-28,0.9990681931277804,0.0,0.0
1938-09-29,0.9993912614703917,0.0,0.0
1938-09-30,0.9960089571086439,0.0,0.0
1938-10-01,0.9695188961209346,0.0,0.0
1938-10-03,0.8832766267800142,0.0,0.0
1938-10-04,0.6942666851344361,0.0,0.0
1938-10-05,0.9482519235783705,0.0,0.0
1938-10-06,0.8213914933567886,0.0,0.0
1938-10-07,0.5972868109727312,0.0,0.0
1938-10-08,0.4285288977949452,0.0,0.0
1938-10-10,0.22062918970337314,1.0,0.0
1938-10-11,0.11418588464635074,1.0,0.0
1938-10-13,0.33854474011210656,0.0,0.0
1938-10-14,0.18283066162172942,1.0,0.0
1938-10-15,0.09845987925821217,1.0,0.0
1938-10-17,0.08062967992598173,1.0,0.0
1938-10-18,0.049504597241692205,1.0,1.0
1938-10-19,0.04590887445917046,1.0,1.0
1938-10-20,0.03826125681445356,1.0,1.0
1938-10-21,0.019848888426971256,1.0,1.0
1938-10-22,0.019193440107925147,1.0,1.0
1938-10-24,0.012639884526164928,1.0,1.0
1938-10-25,0.010182338402841105,1.0,1.0
1938-10-26,0.014378609859674662,1.0,1.0
1938-10-27,0.010940877546029517,1.0,1.0
1938-10-28,0.015602131605560003,1.0,1.0
1938-10-29,0.01209834182288984,1.0,1.0
1938-10-31,0.010113550196664553,1.0,1.0
1938-11-01,0.009731084595128869,1.0,1.0
1938-11-02,0.009150445777432849,1.0,1.0
1938-11-03,0.009014409313339165,1.0,1.0
1938-11-04,0.009166143176930685,1.0,1.0
1938-11-05,0.009076394022427,1.0,1.0
1938-11-07,0.021967997437579538,1.0,1.0
1938-11-09,0.12102446082460247,1.0,1.0
1938-11-10,0.05703495245629628,1.0,1.0
1938-11-12,0.02870120171499504,1.0,1.0
1938-11-14,0.06152022316616096,1.0,1.0
1938-11-15,0.03332115468130041,1.0,1.0
1938-11-16,0.15294330860253644,1.0,1.0
1938-11-17,0.08370809171419966,1.0,1.0
1938-11-18,0.15160593021273816,1.0,1.0
1938-11-19,0.0664035664541741,1.0,1.0
1938-11-21,0.03075710424107144,1.0,1.0
1938-11-22,0.020353362970358887,1.0,1.0
1938-11-23,0.013396077610589157,1.0,1.0
1938-11-25,0.010550416993737537,1.0,1.0
1938-11-26,0.02137493000581838,1.0,1.0
1938-11-28,0.04665154058097848,1.0,1.0
1938-11-29,0.0233801882753571,1.0,1.0
1938-11-30,0.06123479631356914,1.0,1.0
1938-12-01,0.030624040915096545,1.0,1.0
1938-12-02,0.025925415553413367,1.0,1.0
1938-12-03,0.015134536062630318,1.0,1.0
1938-12-05,0.012182253005024686,1.0,1.0
1938-12-06,0.011340005896913523,1.0,1.0
1938-12-07,0.009833740684587967,1.0,1.0
1938-12-08,0.013946159815468644,1.0,1.0
1938-12-09,0.012537308662977083,1.0,1.0
1938-12-10,0.011593342202933562,1.0,1.0
1938-12-12,0.010272342458214382,1.0,1.0
1938-12-13,0.011213516941142239,1.0,1.0
1938-12-14,0.04385729202879111,1.0,1.0
1938-12-15,0.022136740405256213,1.0,1.0
1938-12-16,0.015525309204937646,1.0,1.0
1938-12-17,0.012110388623781646,1.0,1.0
1938-12-19,0.011940072995430739,1.0,1.0
1938-12-20,0.010523484039606002,1.0,1.0
1938-12-21,0.013540162210856774,1.0,1.0
1938-12-22,0.011461304402577843,1.0,1.0
1938-12-23,0.012222738891094199,1.0,1.0
1938-12-24,0.010512620259210279,1.0,1.0
1938-12-27,0.014440770882372299,1.0,1.0
1938-12-28,0.013111120912678562,1.0,1.0
1938-12-29,0.0766052179163423,1.0,1.0
1938-12-30,0.03736626790680663,1.0,1.0
1938-12-31,0.020261370614287122,1.0,1.0
1939-01-03,0.01675057033996427,1.0,1.0
1939-01-04,0.01562510931412563,1.0,1.0
1939-01-05,0.01941668283447586,1.0,1.0
1939-01-06,0.01266622613152459,1.0,1.0
1939-01-07,0.01647298552334446,1.0,1.0
1939-01-09,0.017467471347934038,1.0,1.0
1939-01-10,0.01198389940329523,1.0,1.0
1939-01-11,0.03545824468019837,1.0,1.0
1939-01-12,0.025161815570390603,1.0,1.0
1939-01-13,0.017655737956398788,1.0,1.0
1939-01-14,0.053272291458866965,1.0,1.0
1939-01-16,0.025629045522490866,1.0,1.0
1939-01-17,0.016243239661371475,1.0,1.0
1939-01-18,0.011512420297643667,1.0,1.0
1939-01-19,0.011755461887779754,1.0,1.0
1939-01-20,0.01008719414930909,1.0,1.0
1939-01-21,0.050756574025528155,1.0,1.0
1939-01-23,0.9681959637194297,0.0,0.0
1939-01-24,0.8563065957104692,0.0,0.0
1939-01-25,0.6585831195884946,0.0,0.0
1939-01-26,0.9508542613275573,0.0,0.0
1939-01-27,0.9598539968382045,0.0,0.0
1939-01-28,0.8448840401023828,0.0,0.0
1939-01-30,0.9406855437329753,0.0,0.0
1939-01-31,0.884257793427195,0.0,0.0
1939-02-01,0.789406271646824,0.0,0.0
1939-02-02,0.8192877357615256,0.0,0.0
1939-02-03,0.6393262858443204,0.0,0.0
1939-02-04,0.4298896902342559,0.0,0.0
1939-02-06,0.21958459083651322,1.0,0.0
1939-02-07,0.14171575380034226,1.0,0.0
1939-02-08,0.0753053800517333,1.0,0.0
1939-02-09,0.05525269366306441,1.0,0.0
1939-02-10,0.02665811247963914,1.0,1.0
1939-02-11,0.017716963409930384,1.0,1.0
1939-02-14,0.01287780288453868,1.0,1.0
1939-02-15,0.010468915724127613,1.0,1.0
1939-02-16,0.013053229924601825,1.0,1.0
1939-02-17,0.012154987021545233,1.0,1.0
1939-02-18,0.011667197333535688,1.0,1.0
1939-02-20,0.07489704670892035,1.0,1.0
1939-02-21,0.03458546990193606,1.0,1.0
1939-02-23,0.018949686182328167,1.0,1.0
1939-02-24,0.058833075488730326,1.0,1.0
1939-02-25,0.03376521237297955,1.0,1.0
1939-02-27,0.018404039748396574,1.0,1.0
1939-02-28,0.013654390467120619,1.0,1.0
1939-03-01,0.010758826911875984,1.0,1.0
1939-03-02,0.009610741095867795,1.0,1.0
1939-03-03,0.0158337788950885,1.0,1.0
1939-03-04,0.011585798118199923,1.0,1.0
1939-03-06,0.012348360491236455,1.0,1.0
1939-03-07,0.010793326914293236,1.0,1.0
1939-03-08,0.024243127773744075,1.0,1.0
1939-03-09,0.014750205669433351,1.0,1.0
1939-03-10,0.012611132843901739,1.0,1.0
1939-03-11,0.011063580464613466,1.0,1.0
1939-03-13,0.012035461106564256,1.0,1.0
1939-03-14,0.010417271504277893,1.0,1.0
1939-03-15,0.08493295150675877,1.0,1.0
1939-03-16,0.03856692168279793,1.0,1.0
1939-03-17,0.3673494341539181,0.0,1.0
1939-03-18,0.426251786591123,0.0,1.0
1939-03-20,0.24293343162969672,0.0,1.0
1939-03-21,0.23468494167261997,0.0,1.0
1939-03-22,0.8054626321958515,0.0,0.0
1939-03-23,0.6756012067869909,0.0,0.0
1939-03-24,0.5910463586409689,0.0,0.0
1939-03-25,0.3552006963924114,0.0,0.0
1939-03-27,0.17478984739583509,1.0,0.0
1939-03-28,0.15580793879677896,1.0,0.0
1939-03-29,0.07568098771176154,1.0,0.0
1939-03-30,0.5103252819673222,0.0,0.0
1939-03-31,0.9996671280504598,0.0,0.0
1939-04-01,0.9772346584789777,0.0,0.0
1939-04-03,0.8788430229946144,0.0,0.0
1939-04-04,0.9254999974643174,0.0,0.0
1939-04-05,0.8078431978020282,0.0,0.0
1939-04-06,0.9913418748655483,0.0,0.0
1939-04-08,0.9999024820967718,0.0,0.0
1939-04-10,0.9755703465675727,0.0,0.0
1939-04-11,0.8779723846207835,0.0,0.0
1939-04-12,0.9775146486017054,0.0,0.0
1939-04-13,0.9238067205920276,0.0,0.0
1939-04-14,0.8646593699904185,0.0,0.0
1939-04-15,0.9860906918979788,0.0,0.0
1939-04-17,0.972344413183599,0.0,0.0
1939-04-18,0.9217059402162131,0.0,0.0
1939-04-19,0.83660077044615,0.0,0.0
1939-04-20,0.7320125787277977,0.0,0.0
1939-04-21,0.49190906303604676,0.0,0.0
1939-04-22,0.2640748373052494,0.0,0.0
1939-04-24,0.16377623770247454,1.0,0.0
1939-04-25,0.0725129381784319,1.0,0.0
1939-04-26,0.037865058398478126,1.0,0.0
1939-04-27,0.026005143885955064,1.0,1.0
1939-04-28,0.02018874101982063,1.0,1.0
1939-04-29,0.013138742908223453,1.0,1.0
1939-05-01,0.011275767131188242,1.0,1.0
1939-05-02,0.015095182020405362,1.0,1.0
1939-05-03,0.050094776987961734,1.0,1.0
1939-05-04,0.02487966749984668,1.0,1.0
1939-05-05,0.015779506791841567,1.0,1.0
1939-05-06,0.01162525395608518,1.0,1.0
1939-05-08,0.010301303813068456,1.0,1.0
1939-05-09,0.025265440152677295,1.0,1.0
1939-05-10,0.01758245629432843,1.0,1.0
1939-05-11,0.012152295826960723,1.0,1.0
1939-05-12,0.011392540324585062,1.0,1.0
1939-05-13,0.009878860636933322,1.0,1.0
1939-05-15,0.009311222355272044,1.0,1.0
1939-05-16,0.06009386099550495,1.0,1.0
1939-05-17,0.03546651954657022,1.0,1.0
1939-05-18,0.01920461529200756,1.0,1.0
1939-05-19,0.01565493478920317,1.0,1.0
1939-05-20,0.013115608736152942,1.0,1.0
1939-05-22,0.013079614464965963,1.0,1.0
1939-05-23,0.011370464568889368,1.0,1.0
1939-05-24,0.07698793372596088,1.0,1.0
1939-05-25,0.036026632046251214,1.0,1.0
1939-05-26,0.020019209109903187,1.0,1.0
1939-05-27,0.014164726661093752,1.0,1.0
1939-05-29,0.012844665801420874,1.0,1.0
1939-05-31,0.010748843972475589,1.0,1.0
1939-06-01,0.019935205556950556,1.0,1.0
1939-06-02,0.013895905310126931,1.0,1.0
1939-06-03,0.010879586547373048,1.0,1.0
1939-06-05,0.009675946354390315,1.0,1.0
1939-06-06,0.013730267641502298,1.0,1.0
1939-06-07,0.010879824548677093,1.0,1.0
1939-06-08,0.009880314408366687,1.0,1.0
1939-06-09,0.01465695409320328,1.0,1.0
1939-06-10,0.011094621232303257,1.0,1.0
1939-06-12,0.013443777207922463,1.0,1.0
1939-06-13,0.012446750852945406,1.0,1.0
1939-06-14,0.011516400815994008,1.0,1.0
1939-06-15,0.04481155556527417,1.0,1.0
1939-06-16,0.02256812720420452,1.0,1.0
1939-06-17,0.015262300087962375,1.0,1.0
1939-06-19,0.013330165040484067,1.0,1.0
1939-06-20,0.013257798871078096,1.0,1.0
1939-06-21,0.010528869613910181,1.0,1.0
1939-06-22,0.01029837118906254,1.0,1.0
1939-06-23,0.009508762737311409,1.0,1.0
1939-06-24,0.009232344322896841,1.0,1.0
1939-06-26,0.03260130466244348,1.0,1.0
1939-06-27,0.018064912973899803,1.0,1.0
1939-06-28,0.03532368707480817,1.0,1.0
1939-06-29,0.162722238452878,1.0,1.0
1939-06-30,0.07564460275928132,1.0,1.0
1939-07-01,0.04711557978804577,1.0,1.0
1939-07-03,0.02432158747844277,1.0,1.0
1939-07-05,0.029837205308197463,1.0,1.0
1939-07-06,0.016931509856974145,1.0,1.0
1939-07-07,0.01253017689477596,1.0,1.0
1939-07-08,0.01027374492810189,1.0,1.0
1939-07-10,0.009673163148344394,1.0,1.0
1939-07-11,0.012722267825133665,1.0,1.0
1939-07-12,0.030550044139349603,1.0,1.0
1939-07-13,0.019910408671649102,1.0,1.0
1939-07-14,0.014776544789516404,1.0,1.0
1939-07-15,0.011265538067641169,1.0,1.0
1939-07-17,0.5468842280700389,0.0,1.0
1939-07-18,0.34472568177644414,0.0,1.0
1939-07-19,0.23103892095557776,0.0,1.0
1939-07-20,0.16454649918592504,1.0,1.0
1939-07-21,0.18773762362673493,0.0,1.0
1939-07-22,0.11969125572742151,1.0,1.0
1939-07-24,0.06392062948810119,1.0,1.0
1939-07-25,0.03298461761488252,1.0,1.0
1939-07-26,0.01993052992822536,1.0,1.0
1939-07-27,0.01314142116935982,1.0,1.0
1939-07-28,0.011108777336697776,1.0,1.0
1939-07-29,0.010167715977850305,1.0,1.0
1939-07-31,0.010379227294985801,1.0,1.0
1939-08-01,0.009500365405540744,1.0,1.0
1939-08-02,0.01156539900113196,1.0,1.0
1939-08-03,0.010187005567528978,1.0,1.0
1939-08-04,0.033815240476687,1.0,1.0
1939-08-05,0.01946975565140395,1.0,1.0
1939-08-07,0.020112418772760744,1.0,1.0
1939-08-08,0.013285639015636317,1.0,1.0
1939-08-09,0.01324770779625432,1.0,1.0
1939-08-10,0.03440093684934645,1.0,1.0
1939-08-11,0.01864168959340865,1.0,1.0
1939-08-12,0.016386571919655833,1.0,1.0
1939-08-14,0.015283306647256259,1.0,1.0
1939-08-15,0.015034327416322437,1.0,1.0
1939-08-16,0.06866093781378509,1.0,1.0
1939-08-17,0.03347694903387627,1.0,1.0
1939-08-18,0.06855811853219754,1.0,1.0
1939-08-19,0.034524263408460536,1.0,1.0
1939-08-21,0.09730690679158702,1.0,1.0
1939-08-22,0.09717119597512135,1.0,1.0
1939-08-23,0.47831689530228144,0.0,1.0
1939-08-24,0.27966953003053713,0.0,1.0
1939-08-25,0.38643561371556623,0.0,1.0
1939-08-26,0.5786588234333282,0.0,1.0
1939-08-28,0.6513929277182404,0.0,1.0
1939-08-29,0.7842189401415338,0.0,0.0
1939-08-30,0.5831172758959676,0.0,0.0
1939-08-31,0.5731791595575533,0.0,0.0
1939-09-01,0.34110514831129624,0.0,0.0
1939-09-02,0.515850430816786,0.0,0.0
1939-09-05,0.99999999999975,0.0,0.0
1939-09-06,0.9428425697961131,0.0,0.0
1939-09-07,0.812798805848611,0.0,0.0
1939-09-08,0.8582275524658876,0.0,0.0
1939-09-09,0.6711025360638544,0.0,0.0
1939-09-11,0.8309011882718947,0.0,0.0
1939-09-12,0.64804873848346,0.0,0.0
1939-09-13,0.46762437156732023,0.0,0.0
1939-09-14,0.24765743842669916,0.0,0.0
1939-09-15,0.11426038855162685,1.0,0.0
1939-09-16,0.08428228326568266,1.0,0.0
1939-09-18,0.6812903827191263,0.0,0.0
1939-09-19,0.9809540123282066,0.0,0.0
1939-09-20,0.8890077991431077,0.0,0.0
1939-09-21,0.7547589722799044,0.0,0.0
1939-09-22,0.5437701609543584,0.0,0.0
1939-09-23,0.31536397578307707,0.0,0.0
1939-09-25,0.15082511108162022,1.0,0.0
1939-09-26,0.08563601751597051,1.0,0.0
1939-09-27,0.03917759040092564,1.0,0.0
1939-09-28,0.04413462440923108,1.0,0.0
1939-09-29,0.03053716758074929,1.0,1.0
1939-09-30,0.0647910968468275,1.0,1.0
1939-10-02,0.043014035908741935,1.0,1.0
1939-10-03,0.03294856296537998,1.0,1.0
1939-10-04,0.0181537419627514,1.0,1.0
1939-10-05,0.012814965651149165,1.0,1.0
1939-10-06,0.010516273495838724,1.0,1.0
1939-10-07,0.012988413198049711,1.0,1.0
1939-10-09,0.010549882291416323,1.0,1.0
1939-10-10,0.010153036528988892,1.0,1.0
1939-10-11,0.01012441921077,1.0,1.0
1939-10-13,0.010667331877785423,1.0,1.0
1939-10-14,0.009881930832886446,1.0,1.0
1939-10-16,0.009409134067393961,1.0,1.0
1939-10-17,0.10500683683832594,1.0,1.0
1939-10-18,0.05113112790773855,1.0,1.0
1939-10-19,0.025310817239538777,1.0,1.0
1939-10-20,0.016549379312208803,1.0,1.0
1939-10-21,0.013605331296913369,1.0,1.0
1939-10-23,0.010993332561693759,1.0,1.0
1939-10-24,0.009918174149470153,1.0,1.0
1939-10-25,0.0136764420515539,1.0,1.0
1939-10-26,0.013200237466709973,1.0,1.0
1939-10-27,0.011418966936680527,1.0,1.0
1939-10-28,0.010288678071436073,1.0,1.0
1939-10-30,0.009612751848438492,1.0,1.0
1939-10-31,0.013078393074044856,1.0,1.0
1939-11-01,0.010603532962002917,1.0,1.0
1939-11-02,0.009590577591121155,1.0,1.0
1939-11-03,0.011749947950133852,1.0,1.0
1939-11-04,0.01023846262117972,1.0,1.0
1939-11-06,0.01124455863474215,1.0,1.0
1939-11-08,0.012439344693706991,1.0,1.0
1939-11-09,0.01778004898345101,1.0,1.0
1939-11-10,0.012500455245576357,1.0,1.0
1939-11-13,0.010305151706743997,1.0,1.0
1939-11-14,0.010619441405406877,1.0,1.0
1939-11-15,0.00988453573340233,1.0,1.0
1939-11-16,0.01409403550212556,1.0,1.0
1939-11-17,0.011453794452530487,1.0,1.0
1939-11-18,0.010191594340256281,1.0,1.0
1939-11-20,0.009430085475085632,1.0,1.0
1939-11-21,0.011060250547639774,1.0,1.0
1939-11-22,0.009906312474065503,1.0,1.0
1939-11-24,0.016000116815043184,1.0,1.0
1939-11-25,0.011616488175765494,1.0,1.0
1939-11-27,0.009964429557273217,1.0,1.0
1939-11-28,0.00953699195332647,1.0,1.0
1939-11-29,0.01534357210210268,1.0,1.0
1939-11-30,0.016238340325188495,1.0,1.0
1939-12-01,0.013872843572062185,1.0,1.0
1939-12-02,0.010818811683738322,1.0,1.0
1939-12-04,0.009785614132610566,1.0,1.0
1939-12-05,0.009284055445003533,1.0,1.0
1939-12-06,0.018484204102741347,1.0,1.0
1939-12-07,0.012792845273315874,1.0,1.0
1939-12-08,0.013504110779675433,1.0,1.0
1939-12-09,0.010741728895456683,1.0,1.0
1939-12-11,0.013716199101609029,1.0,1.0
1939-12-12,0.011428107553026937,1.0,1.0
1939-12-13,0.01886167560536029,1.0,1.0
1939-12-14,0.013172714066658646,1.0,1.0
1939-12-15,0.010843675950108336,1.0,1.0
1939-12-16,0.00998354581409004,1.0,1.0
1939-12-18,0.009792688166398467,1.0,1.0
1939-12-19,0.009908032324078902,1.0,1.0
1939-12-20,0.00979409888474533,1.0,1.0
1939-12-21,0.009518433145585158,1.0,1.0
1939-12-22,0.009677083045535816,1.0,1.0
1939-12-23,0.009474465990143002,1.0,1.0
1939-12-26,0.010171666151748712,1.0,1.0
1939-12-27,0.011655528415936839,1.0,1.0
1939-12-28,0.013235454103445081,1.0,1.0
1939-12-29,0.012072470136848925,1.0,1.0
1939-12-30,0.01051117346399913,1.0,1.0
1940-01-02,0.014590409110492869,1.0,1.0
1940-01-03,0.01795704148098457,1.0,1.0
1940-01-04,0.013320112273333082,1.0,1.0
1940-01-05,0.01244170525926348,1.0,1.0
1940-01-06,0.01063609337157728,1.0,1.0
1940-01-08,0.009853695072776216,1.0,1.0
1940-01-09,0.013209161995742005,1.0,1.0
1940-01-10,0.010887978638045796,1.0,1.0
1940-01-11,0.02141049813013935,1.0,1.0
1940-01-12,0.04255068877995006,1.0,1.0
1940-01-13,0.024199884429064577,1.0,1.0
1940-01-15,0.016404204438896834,1.0,1.0
1940-01-16,0.013871398321496779,1.0,1.0
1940-01-17,0.011211568565956847,1.0,1.0
1940-01-18,0.010435677515100893,1.0,1.0
1940-01-19,0.009862917939648235,1.0,1.0
1940-01-20,0.009616918775429474,1.0,1.0
1940-01-22,0.009942430070677728,1.0,1.0
1940-01-23,0.009635164824158111,1.0,1.0
1940-01-24,0.015429443559931094,1.0,1.0
1940-01-25,0.01284273129174097,1.0,1.0
1940-01-26,0.01072163071476418,1.0,1.0
1940-01-27,0.009979650280248423,1.0,1.0
1940-01-29,0.009674103411366031,1.0,1.0
1940-01-30,0.01033079659411266,1.0,1.0
1940-01-31,0.010054608286215865,1.0,1.0
1940-02-01,0.009663748599745232,1.0,1.0
1940-02-02,0.009492913323551516,1.0,1.0
1940-02-03,0.009515258500814215,1.0,1.0
1940-02-05,0.010153311242360411,1.0,1.0
1940-02-06,0.011061147801497907,1.0,1.0
1940-02-07,0.010590306075908381,1.0,1.0
1940-02-08,0.015366325795594271,1.0,1.0
1940-02-09,0.011867803104076606,1.0,1.0
1940-02-10,0.01056652533408664,1.0,1.0
1940-02-13,0.009918242483788788,1.0,1.0
1940-02-14,0.00971691405869257,1.0,1.0
1940-02-15,0.009493316679511324,1.0,1.0
1940-02-16,0.0093986926612764,1.0,1.0
1940-02-17,0.009553993829381194,1.0,1.0
1940-02-19,0.009603880135578374,1.0,1.0
1940-02-20,0.009691401897082239,1.0,1.0
1940-02-21,0.009549242133144146,1.0,1.0
1940-02-23,0.010567397265392355,1.0,1.0
1940-02-24,0.011061537594709533,1.0,1.0
1940-02-26,0.01006945213521125,1.0,1.0
1940-02-27,0.009792931442308465,1.0,1.0
1940-02-28,0.009531871532249821,1.0,1.0
1940-02-29,0.00943662691272802,1.0,1.0
1940-03-01,0.009868186098845393,1.0,1.0
1940-03-02,0.009553666835255771,1.0,1.0
1940-03-04,0.00952633955840833,1.0,1.0
1940-03-05,0.009745146089910813,1.0,1.0
1940-03-06,0.011143174239003208,1.0,1.0
1940-03-07,0.010199994350200184,1.0,1.0
1940-03-08,0.009916767194543733,1.0,1.0
1940-03-09,0.009566483349829371,1.0,1.0
1940-03-11,0.009461674071654182,1.0,1.0
1940-03-12,0.009388254384946967,1.0,1.0
1940-03-13,0.009506142849450162,1.0,1.0
1940-03-14,0.009466010029186258,1.0,1.0
1940-03-15,0.017156322356893145,1.0,1.0
1940-03-16,0.013917890618603336,1.0,1.0
1940-03-18,0.011197790251259639,1.0,1.0
1940-03-19,0.011694199762791735,1.0,1.0
1940-03-20,0.011400616410373154,1.0,1.0
1940-03-21,0.010177665422170403,1.0,1.0
1940-03-23,0.009684331926572825,1.0,1.0
1940-03-25,0.009729380631432324,1.0,1.0
1940-03-26,0.009789126516763011,1.0,1.0
1940-03-27,0.01684892489927771,1.0,1.0
1940-03-28,0.012505384510955788,1.0,1.0
1940-03-29,0.010980470273652988,1.0,1.0
1940-03-30,0.010556862475255176,1.0,1.0
1940-04-01,0.010004211860070803,1.0,1.0
1940-04-02,0.009731952097320322,1.0,1.0
1940-04-03,0.018353751020855767,1.0,1.0
1940-04-04,0.015185576528172737,1.0,1.0
1940-04-05,0.012175883937556238,1.0,1.0
1940-04-06,0.011707054620743902,1.0,1.0
1940-04-08,0.010274073423768777,1.0,1.0
1940-04-09,0.012560356033552716,1.0,1.0
1940-04-10,0.012581787617568242,1.0,1.0
1940-04-11,0.010741512833747396,1.0,1.0
1940-04-12,0.011860356030414741,1.0,1.0
1940-04-13,0.010381842155176397,1.0,1.0
1940-04-15,0.00974806605535197,1.0,1.0
1940-04-16,0.017698255830048266,1.0,1.0
1940-04-17,0.012820255284939519,1.0,1.0
1940-04-18,0.013762361371343236,1.0,1.0
1940-04-19,0.011185757861616217,1.0,1.0
1940-04-20,0.011369637141574188,1.0,1.0
1940-04-22,0.01025977346302943,1.0,1.0
1940-04-23,0.010531356183136857,1.0,1.0
1940-04-24,0.01041107612736293,1.0,1.0
1940-04-25,0.009757717340369778,1.0,1.0
1940-04-26,0.011786658406534232,1.0,1.0
1940-04-27,0.010320776552373614,1.0,1.0
1940-04-29,0.009830074037595084,1.0,1.0
1940-04-30,0.009534398336300043,1.0,1.0
1940-05-01,0.015270077358817533,1.0,1.0
1940-05-02,0.01245391212101285,1.0,1.0
1940-05-03,0.010563934684525421,1.0,1.0
1940-05-04,0.010043460032081723,1.0,1.0
1940-05-06,0.009723936242104665,1.0,1.0
1940-05-07,0.009510303419799011,1.0,1.0
1940-05-08,0.009406663321393944,1.0,1.0
1940-05-09,0.009468165054868185,1.0,1.0
1940-05-10,0.12397138791210865,1.0,1.0
1940-05-11,0.0594192565023786,1.0,1.0
1940-05-13,0.999939955193249,0.0,0.0
1940-05-14,0.999999999979784,0.0,0.0
1940-05-15,0.9408138134323848,0.0,0.0
1940-05-16,0.9110342312309753,0.0,0.0
1940-05-17,0.9999120163341496,0.0,0.0
1940-05-18,0.987150927618597,0.0,0.0
1940-05-20,0.913907547581632,0.0,0.0
1940-05-21,0.9999999996540613,0.0,0.0
1940-05-22,0.9371056825999512,0.0,0.0
1940-05-23,0.8097708570964144,0.0,0.0
1940-05-24,0.6024662639407946,0.0,0.0
1940-05-25,0.4875344250277944,0.0,0.0
1940-05-27,0.5355018569447461,0.0,0.0
1940-05-28,0.8410382694164903,0.0,0.0
1940-05-29,0.7832713784913172,0.0,0.0
1940-05-31,0.5740375107139005,0.0,0.0
1940-06-01,0.34642643100595577,0.0,0.0
1940-06-03,0.25613886977545386,0.0,0.0
1940-06-04,0.1614048269342836,1.0,0.0
1940-06-05,0.20832278252260086,0.0,0.0
1940-06-06,0.1432856575812947,1.0,0.0
1940-06-07,0.0958772984916017,1.0,0.0
1940-06-08,0.04493156626870152,1.0,0.0
1940-06-10,0.493143821217757,0.0,0.0
1940-06-11,0.9922505482150327,0.0,0.0
1940-06-12,0.9999929001511986,0.0,0.0
1940-06-13,0.9795919387683473,0.0,0.0
1940-06-14,0.9702012938578541,0.0,0.0
1940-06-15,0.8978545135732682,0.0,0.0
1940-06-17,0.7725219291361667,0.0,0.0
1940-06-18,0.5747735477569328,0.0,0.0
1940-06-19,0.3445827511211174,0.0,0.0
1940-06-20,0.20542498174347634,0.0,0.0
1940-06-21,0.09427663827316951,1.0,0.0
1940-06-22,0.046081115638854885,1.0,0.0
1940-06-24,0.029835062915384635,1.0,0.0
1940-06-25,0.16270636910759614,1.0,0.0
1940-06-26,0.0895364487180649,1.0,0.0
1940-06-27,0.06185966225266965,1.0,0.0
1940-06-28,0.055105411996725896,1.0,0.0
1940-06-29,0.027276277991541753,1.0,0.0
1940-07-01,0.018949131028905247,1.0,1.0
1940-07-02,0.012987487557244165,1.0,1.0
1940-07-03,0.0105656556552496,1.0,1.0
1940-07-05,0.010289486943662527,1.0,1.0
1940-07-06,0.009543338933787962,1.0,1.0
1940-07-08,0.009384881303082458,1.0,1.0
1940-07-09,0.009268323049760867,1.0,1.0
1940-07-10,0.009039364025436706,1.0,1.0
1940-07-11,0.008952919559017718,1.0,1.0
1940-07-12,0.008981444186716498,1.0,1.0
1940-07-13,0.008930705363335636,1.0,1.0
1940-07-15,0.009201022680605584,1.0,1.0
1940-07-16,0.012958536862605126,1.0,1.0
1940-07-17,0.01077827730246799,1.0,1.0
1940-07-18,0.00965073517882674,1.0,1.0
1940-07-19,0.011180175788392852,1.0,1.0
1940-07-20,0.010051059940980865,1.0,1.0
1940-07-22,0.009378878583560684,1.0,1.0
1940-07-23,0.009083165587424627,1.0,1.0
1940-07-24,0.009903906733830644,1.0,1.0
1940-07-25,0.009283589793524413,1.0,1.0
1940-07-26,0.00943335891571161,1.0,1.0
1940-07-27,0.009175757557533857,1.0,1.0
1940-07-29,0.00985918499987377,1.0,1.0
1940-07-30,0.060062869638329304,1.0,1.0
1940-07-31,0.02927654032696711,1.0,1.0
1940-08-01,0.01696385031741467,1.0,1.0
1940-08-02,0.012009568219789516,1.0,1.0
1940-08-03,0.010096170056079512,1.0,1.0
1940-08-05,0.009470127322035768,1.0,1.0
1940-08-06,0.011870403340673128,1.0,1.0
1940-08-07,0.010242468064168857,1.0,1.0
1940-08-08,0.009437669335416132,1.0,1.0
1940-08-09,0.01050439070423819,1.0,1.0
1940-08-10,0.010677218423711823,1.0,1.0
1940-08-12,0.009668625917831042,1.0,1.0
1940-08-13,0.4033071370743089,0.0,1.0
1940-08-14,0.21890116199119977,0.0,1.0
1940-08-15,0.11290591015332384,1.0,1.0
1940-08-16,0.11634354622507517,1.0,1.0
1940-08-17,0.06274089698744525,1.0,1.0
1940-08-19,0.03023767935557424,1.0,1.0
1940-08-20,0.024248778144532218,1.0,1.0
1940-08-21,0.03013115479014396,1.0,1.0
1940-08-22,0.021961695704729414,1.0,1.0
1940-08-23,0.023292461467347887,1.0,1.0
1940-08-24,0.01457975587534829,1.0,1.0
1940-08-26,0.011083653064402264,1.0,1.0
1940-08-27,0.009854054497952267,1.0,1.0
1940-08-28,0.016091771972059354,1.0,1.0
1940-08-29,0.01192559914270709,1.0,1.0
1940-08-30,0.026843024954726236,1.0,1.0
1940-08-31,0.01762650830207857,1.0,1.0
1940-09-03,0.01263232141154963,1.0,1.0
1940-09-04,0.029366618208274586,1.0,1.0
1940-09-05,0.05043573785326788,1.0,1.0
1940-09-06,0.02749291713824286,1.0,1.0
1940-09-07,0.016402289646118524,1.0,1.0
1940-09-09,0.11802494400966827,1.0,1.0
1940-09-10,0.054130469394653415,1.0,1.0
1940-09-11,0.030621881683077643,1.0,1.0
1940-09-12,0.0305446333353024,1.0,1.0
1940-09-13,0.017316532394630043,1.0,1.0
1940-09-14,0.013506111668390936,1.0,1.0
1940-09-16,0.012367007940603534,1.0,1.0
1940-09-17,0.012655779985266645,1.0,1.0
1940-09-18,0.012108500412400839,1.0,1.0
1940-09-19,0.010191652392713944,1.0,1.0
1940-09-20,0.009400159268711792,1.0,1.0
1940-09-21,0.01034009314662925,1.0,1.0
1940-09-23,0.040414596846593015,1.0,1.0
1940-09-24,0.02195519892455906,1.0,1.0
1940-09-25,0.014152596793623174,1.0,1.0
1940-09-26,0.012602628086322083,1.0,1.0
1940-09-27,0.030163291390432445,1.0,1.0
1940-09-28,0.019675083790259347,1.0,1.0
1940-09-30,0.013109179111673303,1.0,1.0
1940-10-01,0.018601283400208744,1.0,1.0
1940-10-02,0.013367343104261208,1.0,1.0
1940-10-03,0.01063093487172601,1.0,1.0
1940-10-04,0.01157187382584902,1.0,1.0
1940-10-05,0.009930512862056873,1.0,1.0
1940-10-07,0.01030457793207112,1.0,1.0
1940-10-08,0.022092943026789724,1.0,1.0
1940-10-09,0.015147453251407024,1.0,1.0
1940-10-10,0.010845039791498196,1.0,1.0
1940-10-11,0.010063636235150381,1.0,1.0
1940-10-14,0.009307032921956478,1.0,1.0
1940-10-15,0.009187498291756094,1.0,1.0
1940-10-16,0.009416751103655268,1.0,1.0
1940-10-17,0.009399714787294882,1.0,1.0
1940-10-18,0.008624896224307588,1.0,1.0
1940-10-19,0.008428655810183504,1.0,1.0
1940-10-21,0.009555156263382705,1.0,1.0
1940-10-22,0.009256276152706994,1.0,1.0
1940-10-23,0.009785233330045726,1.0,1.0
1940-10-24,0.010196159362708549,1.0,1.0
1940-10-25,0.008957654916441297,1.0,1.0
1940-10-26,0.0108047938913021,1.0,1.0
1940-10-28,0.009599882971303639,1.0,1.0
1940-10-29,0.008844647904539154,1.0,1.0
1940-10-30,0.009750609985168962,1.0,1.0
1940-10-31,0.015970079480474075,1.0,1.0
1940-11-01,0.01111777360742768,1.0,1.0
1940-11-02,0.009603166947484731,1.0,1.0
1940-11-04,0.008877250250332272,1.0,1.0
1940-11-06,0.2314170169993563,1.0,1.0
1940-11-07,0.9993566682897759,0.0,0.0
1940-11-08,0.9466021775162756,0.0,0.0
1940-11-09,0.9076381105873083,0.0,0.0
1940-11-12,0.7680875747356172,0.0,0.0
1940-11-13,0.5593278082091155,0.0,0.0
1940-11-14,0.33609365502226124,0.0,0.0
1940-11-15,0.23780541572676975,0.0,0.0
1940-11-16,0.13680245520180975,1.0,0.0
1940-11-18,0.060760069082477636,1.0,0.0
1940-11-19,0.02879311426233543,1.0,1.0
1940-11-20,0.06501748551359088,1.0,1.0
1940-11-22,0.030462957477311026,1.0,1.0
1940-11-23,0.01669405050798574,1.0,1.0
1940-11-25,0.011401961180277104,1.0,1.0
1940-11-26,0.009836024127538624,1.0,1.0
1940-11-27,0.028874969468832765,1.0,1.0
1940-11-28,0.016256926490779738,1.0,1.0
1940-11-29,0.01123758423987717,1.0,1.0
1940-11-30,0.010397613481360238,1.0,1.0
1940-12-02,0.009033856818997694,1.0,1.0
1940-12-03,0.008900563450849558,1.0,1.0
1940-12-04,0.00844043031681555,1.0,1.0
1940-12-05,0.008691717547463796,1.0,1.0
1940-12-06,0.00848329320994836,1.0,1.0
1940-12-07,0.010071387322539137,1.0,1.0
1940-12-09,0.008899454718774291,1.0,1.0
1940-12-10,0.008482637670924574,1.0,1.0
1940-12-11,0.008479981940449214,1.0,1.0
1940-12-12,0.008430820873271244,1.0,1.0
1940-12-13,0.008346836967245707,1.0,1.0
1940-12-14,0.008234792254361781,1.0,1.0
1940-12-16,0.01109930090994588,1.0,1.0
1940-12-17,0.010197410937547433,1.0,1.0
1940-12-18,0.011377532027032816,1.0,1.0
1940-12-19,0.010080781738808746,1.0,1.0
1940-12-20,0.008880877855345255,1.0,1.0
1940-12-21,0.008436781828380476,1.0,1.0
1940-12-23,0.008954454852900655,1.0,1.0
1940-12-24,0.008957435711337336,1.0,1.0
1940-12-26,0.008543567876146357,1.0,1.0
1940-12-27,0.008666124969048785,1.0,1.0
1940-12-28,0.008690999333738084,1.0,1.0
1940-12-30,0.00958865022760895,1.0,1.0
1940-12-31,0.008943842864470976,1.0,1.0
1941-01-02,0.009032187758923496,1.0,1.0
1941-01-03,0.015638010296905955,1.0,1.0
1941-01-04,0.011145953915085244,1.0,1.0
1941-01-06,0.00956877997460391,1.0,1.0
1941-01-07,0.008828303292173767,1.0,1.0
1941-01-08,0.008596051670001078,1.0,1.0
1941-01-09,0.009063643044037445,1.0,1.0
1941-01-10,0.008587364713963649,1.0,1.0
1941-01-11,0.008532566350352861,1.0,1.0
1941-01-13,0.00840566301612062,1.0,1.0
1941-01-14,0.009236559138911993,1.0,1.0
1941-01-15,0.010113007336064324,1.0,1.0
1941-01-16,0.018557196391395955,1.0,1.0
1941-01-17,0.012328254501305525,1.0,1.0
1941-01-18,0.009733299622165277,1.0,1.0
1941-01-20,0.009150817396010301,1.0,1.0
1941-01-21,0.011649147317374571,1.0,1.0
1941-01-22,0.010201888536970552,1.0,1.0
1941-01-23,0.008941771395391233,1.0,1.0
1941-01-24,0.008519614760366976,1.0,1.0
1941-01-25,0.008431427241104381,1.0,1.0
1941-01-27,0.008263896373753977,1.0,1.0
1941-01-28,0.009137079856936037,1.0,1.0
1941-01-29,0.03286758490234532,1.0,1.0
1941-01-30,0.05023217840170072,1.0,1.0
1941-01-31,0.024385202989543917,1.0,1.0
1941-02-01,0.01680277806898199,1.0,1.0
1941-02-03,0.013344395621473373,1.0,1.0
1941-02-04,0.010215161285914489,1.0,1.0
1941-02-05,0.020744654486065474,1.0,1.0
1941-02-06,0.013525507686498277,1.0,1.0
1941-02-07,0.010381648572910794,1.0,1.0
1941-02-08,0.009077126266447964,1.0,1.0
1941-02-10,0.008759465612353077,1.0,1.0
1941-02-11,0.014946536119272259,1.0,1.0
1941-02-13,0.02565323172384327,1.0,1.0
1941-02-14,0.28937504120876417,0.0,1.0
1941-02-15,0.1436574623100524,1.0,1.0
1941-02-17,0.06946898154543171,1.0,1.0
1941-02-18,0.03380959749617774,1.0,1.0
1941-02-19,0.028679318376038477,1.0,1.0
1941-02-20,0.04533494670795251,1.0,1.0
1941-02-21,0.024422951050731962,1.0,1.0
1941-02-24,0.01876623468269528,1.0,1.0
1941-02-25,0.014023304155228684,1.0,1.0
1941-02-26,0.010369842439431603,1.0,1.0
1941-02-27,0.009605632721454278,1.0,1.0
1941-02-28,0.009108185372498558,1.0,1.0
1941-03-01,0.008791698259388204,1.0,1.0
1941-03-03,0.011812481713550472,1.0,1.0
1941-03-04,0.010007084064065799,1.0,1.0
1941-03-05,0.009459664937096645,1.0,1.0
1941-03-06,0.017519036054034026,1.0,1.0
1941-03-07,0.0121040798724373,1.0,1.0
1941-03-08,0.009644701439204338,1.0,1.0
1941-03-10,0.02576696699871068,1.0,1.0
1941-03-11,0.01633274991580845,1.0,1.0
1941-03-12,0.011358901551588751,1.0,1.0
1941-03-13,0.010146467941169066,1.0,1.0
1941-03-14,0.008581265468786507,1.0,1.0
1941-03-15,0.009301433352083112,1.0,1.0
1941-03-17,0.008382091779185315,1.0,1.0
1941-03-18,0.008109682081569057,1.0,1.0
1941-03-19,0.008195279485581219,1.0,1.0
1941-03-20,0.007989327128383147,1.0,1.0
1941-03-21,0.010696095205404307,1.0,1.0
1941-03-22,0.009917657946689747,1.0,1.0
1941-03-24,0.008899673060714822,1.0,1.0
1941-03-25,0.008345118876421089,1.0,1.0
1941-03-26,0.00822706904592673,1.0,1.0
1941-03-27,0.00924924287234711,1.0,1.0
1941-03-28,0.010093572909686151,1.0,1.0
1941-03-29,0.008729060400338752,1.0,1.0
1941-03-31,0.008310669130826653,1.0,1.0
1941-04-01,0.008083684667626637,1.0,1.0
1941-04-02,0.00804638294001436,1.0,1.0
1941-04-03,0.01777428220097545,1.0,1.0
1941-04-04,0.011487923455856456,1.0,1.0
1941-04-05,0.009729112754625431,1.0,1.0
1941-04-07,0.009661436209124585,1.0,1.0
1941-04-08,0.053584247800903886,1.0,1.0
1941-04-09,0.045064148704968776,1.0,1.0
1941-04-10,0.02202960925852327,1.0,1.0
1941-04-12,0.0203962927786529,1.0,1.0
1941-04-14,0.0125666809162706,1.0,1.0
1941-04-15,0.010213519906679461,1.0,1.0
1941-04-16,0.00870641758370629,1.0,1.0
1941-04-17,0.008343431493260636,1.0,1.0
1941-04-18,0.02032258729296233,1.0,1.0
1941-04-19,0.013019367201937354,1.0,1.0
1941-04-21,0.010104559958825466,1.0,1.0
1941-04-22,0.009031361854569656,1.0,1.0
1941-04-23,0.009585174771677623,1.0,1.0
1941-04-24,0.010453810904023671,1.0,1.0
1941-04-25,0.010813247780109317,1.0,1.0
1941-04-26,0.008942676783018268,1.0,1.0
1941-04-28,0.00828676135136617,1.0,1.0
1941-04-29,0.008249588439503115,1.0,1.0
1941-04-30,0.014561856334666896,1.0,1.0
1941-05-01,0.010389221802082696,1.0,1.0
1941-05-02,0.009384123906955026,1.0,1.0
1941-05-03,0.008522619445156714,1.0,1.0
1941-05-05,0.008131219050383087,1.0,1.0
1941-05-06,0.02077620882641363,1.0,1.0
1941-05-07,0.013458347926995224,1.0,1.0
1941-05-08,0.009927184148180687,1.0,1.0
1941-05-09,0.008618160178125094,1.0,1.0
1941-05-10,0.012157890185940459,1.0,1.0
1941-05-12,0.009833892491938515,1.0,1.0
1941-05-13,0.008615512804385212,1.0,1.0
1941-05-14,0.008447574855213821,1.0,1.0
1941-05-15,0.01737135737362504,1.0,1.0
1941-05-16,0.011446694351346508,1.0,1.0
1941-05-17,0.009384409188120148,1.0,1.0
1941-05-19,0.00840673141731452,1.0,1.0
1941-05-20,0.014883810240679616,1.0,1.0
1941-05-21,0.010545106294582395,1.0,1.0
1941-05-22,0.014124039910833188,1.0,1.0
1941-05-23,0.010128799931676636,1.0,1.0
1941-05-24,0.008682853734486134,1.0,1.0
1941-05-26,0.012813181944165324,1.0,1.0
1941-05-27,0.010252895168604271,1.0,1.0
1941-05-28,0.00873623206343904,1.0,1.0
1941-05-29,0.008178933885416136,1.0,1.0
1941-05-31,0.008404986424112063,1.0,1.0
1941-06-02,0.008355442652382375,1.0,1.0
1941-06-03,0.011714667991668468,1.0,1.0
1941-06-04,0.009649763908554853,1.0,1.0
1941-06-05,0.009308994153263476,1.0,1.0
1941-06-06,0.008549091208015072,1.0,1.0
1941-06-07,0.009383706642955346,1.0,1.0
1941-06-09,0.011410476469445109,1.0,1.0
1941-06-10,0.02205217237091658,1.0,1.0
1941-06-11,0.013033310534644254,1.0,1.0
1941-06-12,0.010834179407347823,1.0,1.0
1941-06-13,0.009332692603515874,1.0,1.0
1941-06-14,0.00855783085501302,1.0,1.0
1941-06-16,0.008323726164595958,1.0,1.0
1941-06-17,0.009439909698405585,1.0,1.0
1941-06-18,0.008658727397134277,1.0,1.0
1941-06-19,0.008361132548957068,1.0,1.0
1941-06-20,0.011875932662319464,1.0,1.0
1941-06-21,0.009384216047091063,1.0,1.0
1941-06-23,0.017151499076957653,1.0,1.0
1941-06-24,0.012651167241650564,1.0,1.0
1941-06-25,0.0096800500641584,1.0,1.0
1941-06-26,0.009283280209606283,1.0,1.0
1941-06-27,0.009076516622036478,1.0,1.0
1941-06-28,0.008340188191907709,1.0,1.0
1941-06-30,0.008440226919229783,1.0,1.0
1941-07-01,0.008359819445966282,1.0,1.0
1941-07-02,0.009788066876705866,1.0,1.0
1941-07-03,0.00918440237953263,1.0,1.0
1941-07-05,0.008412567790978431,1.0,1.0
1941-07-07,0.018746136110150267,1.0,1.0
1941-07-08,0.03189901966610221,1.0,1.0
1941-07-09,0.01666410229973399,1.0,1.0
1941-07-10,0.011051094803178679,1.0,1.0
1941-07-11,0.009037853079069371,1.0,1.0
1941-07-12,0.008281457895000791,1.0,1.0
1941-07-14,0.008063536905050331,1.0,1.0
1941-07-15,0.008014858941801985,1.0,1.0
1941-07-16,0.008720606400123131,1.0,1.0
1941-07-17,0.009922202012976139,1.0,1.0
1941-07-18,0.008765405294576726,1.0,1.0
1941-07-19,0.008513123251315991,1.0,1.0
1941-07-21,0.01750594769766606,1.0,1.0
1941-07-22,0.011375317553923658,1.0,1.0
1941-07-23,0.009262218920503872,1.0,1.0
1941-07-24,0.008763946957474953,1.0,1.0
1941-07-25,0.008348155535067878,1.0,1.0
1941-07-26,0.00875881389631487,1.0,1.0
1941-07-28,0.010861726371032375,1.0,1.0
1941-07-29,0.009520438700806972,1.0,1.0
1941-07-30,0.008680790752269324,1.0,1.0
1941-07-31,0.00820503476983773,1.0,1.0
1941-08-01,0.008363843123237295,1.0,1.0
1941-08-02,0.008073626621327082,1.0,1.0
1941-08-04,0.007971390431183514,1.0,1.0
1941-08-05,0.007976732873696473,1.0,1.0
1941-08-06,0.007910316639992225,1.0,1.0
1941-08-07,0.007875194621772039,1.0,1.0
1941-08-08,0.009854579778291985,1.0,1.0
1941-08-09,0.011038762048108058,1.0,1.0
1941-08-11,0.009803278982598989,1.0,1.0
1941-08-12,0.007965923274481144,1.0,1.0
1941-08-13,0.007494742390590962,1.0,1.0
1941-08-14,0.007317399533397313,1.0,1.0
1941-08-15,0.010164544183509898,1.0,1.0
1941-08-16,0.008262226703719367,1.0,1.0
1941-08-18,0.00799713726365004,1.0,1.0
1941-08-19,0.007419778770327652,1.0,1.0
1941-08-20,0.00780538913725429,1.0,1.0
1941-08-21,0.007361678704869952,1.0,1.0
1941-08-22,0.0072365069921648895,1.0,1.0
1941-08-23,0.007155465383652287,1.0,1.0
1941-08-25,0.007128849012746272,1.0,1.0
1941-08-26,0.008136833186593247,1.0,1.0
1941-08-27,0.007530959819527742,1.0,1.0
1941-08-28,0.007533561467166201,1.0,1.0
1941-08-29,0.007258328658561357,1.0,1.0
1941-08-30,0.007269592132509146,1.0,1.0
1941-09-02,0.007381610818417336,1.0,1.0
1941-09-03,0.007828040027378334,1.0,1.0
1941-09-04,0.007484864405850081,1.0,1.0
1941-09-05,0.007364352906541177,1.0,1.0
1941-09-06,0.007205304307901748,1.0,1.0
1941-09-08,0.007197270172189367,1.0,1.0
1941-09-09,0.007582930349033764,1.0,1.0
1941-09-10,0.008990174759372473,1.0,1.0
1941-09-11,0.00901602868367546,1.0,1.0
1941-09-12,0.0077844204203263755,1.0,1.0
1941-09-13,0.007353821304539801,1.0,1.0
1941-09-15,0.007196390324099601,1.0,1.0
1941-09-16,0.007235627677700633,1.0,1.0
1941-09-17,0.0170319448076725,1.0,1.0
1941-09-18,0.011719791043328348,1.0,1.0
1941-09-19,0.012975325208640432,1.0,1.0
1941-09-20,0.009973255774700434,1.0,1.0
1941-09-22,0.008208245239685616,1.0,1.0
1941-09-23,0.007755197402334151,1.0,1.0
1941-09-24,0.008528317030526401,1.0,1.0
1941-09-25,0.026037577874447538,1.0,1.0
1941-09-26,0.015159029954686555,1.0,1.0
1941-09-27,0.010339188714747077,1.0,1.0
1941-09-29,0.008230036253213417,1.0,1.0
1941-09-30,0.0082827881097801,1.0,1.0
1941-10-01,0.007536288755820943,1.0,1.0
1941-10-02,0.007654718223793162,1.0,1.0
1941-10-03,0.007485767759487899,1.0,1.0
1941-10-04,0.007264985383085155,1.0,1.0
1941-10-06,0.007364949392854812,1.0,1.0
1941-10-07,0.014397840423169326,1.0,1.0
1941-10-08,0.00969957970527344,1.0,1.0
1941-10-09,0.019593906545811408,1.0,1.0
1941-10-10,0.011483853573478885,1.0,1.0
1941-10-11,0.008627042098875224,1.0,1.0
1941-10-14,0.008781625142201094,1.0,1.0
1941-10-15,0.009149250247064141,1.0,1.0
1941-10-16,0.036028108729221915,1.0,1.0
1941-10-17,0.017928922572770085,1.0,1.0
1941-10-18,0.016306088817879073,1.0,1.0
1941-10-20,0.01030439975115771,1.0,1.0
1941-10-21,0.01056814823072872,1.0,1.0
1941-10-22,0.009453520154519739,1.0,1.0
1941-10-23,0.008223304738684208,1.0,1.0
1941-10-24,0.008357257769271983,1.0,1.0
1941-10-25,0.008036722469162245,1.0,1.0
1941-10-27,0.011721723980351137,1.0,1.0
1941-10-28,0.008712217436225711,1.0,1.0
1941-10-29,0.00803138450762459,1.0,1.0
1941-10-30,0.007529715609985961,1.0,1.0
1941-10-31,0.012278612558036929,1.0,1.0
1941-11-01,0.009190639071256713,1.0,1.0
1941-11-03,0.008536707522958006,1.0,1.0
1941-11-05,0.009386798743706003,1.0,1.0
1941-11-06,0.011173316404757995,1.0,1.0
1941-11-07,0.008798218478184721,1.0,1.0
1941-11-08,0.007696489623196387,1.0,1.0
1941-11-10,0.009098874521376388,1.0,1.0
1941-11-12,0.03595005314198852,1.0,1.0
1941-11-13,0.017252950161858713,1.0,1.0
1941-11-14,0.013869334931658192,1.0,1.0
1941-11-15,0.00948504701589974,1.0,1.0
1941-11-17,0.008215743798518476,1.0,1.0
1941-11-18,0.007621075172437681,1.0,1.0
1941-11-19,0.007912596534559599,1.0,1.0
1941-11-21,0.008402057198028163,1.0,1.0
1941-11-22,0.007596514759634288,1.0,1.0
1941-11-24,0.007342716203543088,1.0,1.0
1941-11-25,0.008558504338702639,1.0,1.0
1941-11-26,0.010861131706811532,1.0,1.0
1941-11-27,0.008783904596321383,1.0,1.0
1941-11-28,0.009502097545304577,1.0,1.0
1941-11-29,0.008292281123697287,1.0,1.0
1941-12-01,0.008203800176247422,1.0,1.0
1941-12-02,0.022645687805459898,1.0,1.0
1941-12-03,0.016827893662338885,1.0,1.0
1941-12-04,0.010773324213716576,1.0,1.0
1941-12-05,0.009219565969041162,1.0,1.0
1941-12-06,0.009009346275490679,1.0,1.0
1941-12-08,0.987447218424364,0.0,0.0
1941-12-09,0.999841969635303,0.0,0.0
1941-12-10,0.948135750220747,0.0,0.0
1941-12-11,0.9649347664847425,0.0,0.0
1941-12-12,0.8595360944173557,0.0,0.0
1941-12-13,0.6535839275663672,0.0,0.0
1941-12-15,0.41012576589332506,0.0,0.0
1941-12-16,0.1952837042550714,1.0,0.0
1941-12-17,0.3516037875736695,0.0,0.0
1941-12-18,0.22238443708996364,1.0,0.0
1941-12-19,0.09342428804928846,1.0,0.0
1941-12-20,0.03985435437868489,1.0,1.0
1941-12-22,0.03130995780186484,1.0,1.0
1941-12-23,0.017463800443392043,1.0,1.0
1941-12-24,0.011028129576485374,1.0,1.0
1941-12-26,0.009685079465547385,1.0,1.0
1941-12-27,0.00861747915703054,1.0,1.0
1941-12-29,0.008874359776577915,1.0,1.0
1941-12-30,0.8628606538867041,0.0,1.0
1941-12-31,0.6835213282191813,0.0,1.0
1942-01-02,0.7958373053605429,0.0,1.0
1942-01-03,0.7093282695987395,0.0,1.0
1942-01-05,0.5578374385162738,0.0,1.0
1942-01-06,0.32267561400604877,0.0,1.0
1942-01-07,0.17965538237038847,1.0,1.0
1942-01-08,0.18570663525512485,1.0,1.0
1942-01-09,0.08000365646716366,1.0,1.0
1942-01-10,0.038562238531621815,1.0,1.0
1942-01-12,0.019423490372176257,1.0,1.0
1942-01-13,0.04523564387426032,1.0,1.0
1942-01-14,0.025659352327400405,1.0,1.0
1942-01-15,0.01377177771810086,1.0,1.0
1942-01-16,0.015472229711924261,1.0,1.0
1942-01-17,0.010737927214702486,1.0,1.0
1942-01-19,0.008590318002430718,1.0,1.0
1942-01-20,0.007742809062605377,1.0,1.0
1942-01-21,0.020027801314352004,1.0,1.0
1942-01-22,0.011577745431551604,1.0,1.0
1942-01-23,0.008701025347830961,1.0,1.0
1942-01-24,0.008031127889662317,1.0,1.0
1942-01-26,0.011969627869407452,1.0,1.0
1942-01-27,0.008818853604030417,1.0,1.0
1942-01-28,0.008907291355697037,1.0,1.0
1942-01-29,0.007852636009386675,1.0,1.0
1942-01-30,0.009010924791056085,1.0,1.0
1942-01-31,0.008932975943901836,1.0,1.0
1942-02-02,0.008088696472687732,1.0,1.0
1942-02-03,0.0077417987578766514,1.0,1.0
1942-02-04,0.008833210391420512,1.0,1.0
1942-02-05,0.007926827155240375,1.0,1.0
1942-02-06,0.011365009274878872,1.0,1.0
1942-02-07,0.008586191697786955,1.0,1.0
1942-02-09,0.01602686194740359,1.0,1.0
1942-02-10,0.03318292917681546,1.0,1.0
1942-02-11,0.01677985056241927,1.0,1.0
1942-02-13,0.010452286193100173,1.0,1.0
1942-02-14,0.00933380314998672,1.0,1.0
1942-02-16,0.008238567613226583,1.0,1.0
1942-02-17,0.035854934495795826,1.0,1.0
1942-02-18,0.01715510449350384,1.0,1.0
1942-02-19,0.010881918470114715,1.0,1.0
1942-02-20,0.008909424882159915,1.0,1.0
1942-02-21,0.007878880269731874,1.0,1.0
1942-02-24,0.0075522262485582655,1.0,1.0
1942-02-25,0.008886011273311943,1.0,1.0
1942-02-26,0.008370142142253963,1.0,1.0
1942-02-27,0.00996918294914677,1.0,1.0
1942-02-28,0.008147219339543535,1.0,1.0
1942-03-02,0.013289936380649382,1.0,1.0
1942-03-03,0.018372498311951715,1.0,1.0
1942-03-04,0.017876500129707706,1.0,1.0
1942-03-05,0.040080536973567,1.0,1.0
1942-03-06,0.408189326281166,1.0,1.0
1942-03-07,0.2109104575117645,1.0,1.0
1942-03-09,0.08837033783619956,1.0,1.0
1942-03-10,0.05113932725401884,1.0,1.0
1942-03-11,0.10361810412173963,1.0,1.0
1942-03-12,0.04225300725618102,1.0,1.0
1942-03-13,0.021322330124860955,1.0,1.0
1942-03-14,0.012022310499763026,1.0,1.0
1942-03-16,0.012623440951233552,1.0,1.0
1942-03-17,0.033393739937006166,1.0,1.0
1942-03-18,0.020925145233272033,1.0,1.0
1942-03-19,0.012232732863962488,1.0,1.0
1942-03-20,0.012872374671710993,1.0,1.0
1942-03-21,0.009106119707558837,1.0,1.0
1942-03-23,0.007880151265965267,1.0,1.0
1942-03-24,0.008779076284623205,1.0,1.0
1942-03-25,0.009589917124829928,1.0,1.0
1942-03-26,0.008922569105144796,1.0,1.0
1942-03-27,0.01391330410404663,1.0,1.0
1942-03-28,0.009475939935244326,1.0,1.0
1942-03-30,0.00795555891249697,1.0,1.0
1942-03-31,0.00842755483139975,1.0,1.0
1942-04-01,0.008102608190145699,1.0,1.0
1942-04-02,0.010006223638862914,1.0,1.0
1942-04-04,0.008144006695394912,1.0,1.0
1942-04-06,0.014714875996784553,1.0,1.0
1942-04-07,0.010231368966798668,1.0,1.0
1942-04-08,0.010207346077946784,1.0,1.0
1942-04-09,0.024393443519748714,1.0,1.0
1942-04-10,0.013131539197475376,1.0,1.0
1942-04-11,0.009760875210703839,1.0,1.0
1942-04-13,0.008069426993709923,1.0,1.0
1942-04-14,0.0355871987129317,1.0,1.0
1942-04-15,0.017167398385505007,1.0,1.0
1942-04-16,0.010730193077500429,1.0,1.0
1942-04-17,0.03394780397201193,1.0,1.0
1942-04-18,0.020120211998306464,1.0,1.0
1942-04-20,0.01222258616950281,1.0,1.0
1942-04-21,0.009015899018654135,1.0,1.0
1942-04-22,0.008263660367881927,1.0,1.0
1942-04-23,0.11285099755307092,1.0,1.0
1942-04-24,0.06943967325718034,1.0,1.0
1942-04-25,0.029598868684144818,1.0,1.0
1942-04-27,0.019656053254673324,1.0,1.0
1942-04-28,0.020033645465086035,1.0,1.0
1942-04-29,0.03741567051888831,1.0,1.0
1942-04-30,0.024165402237420048,1.0,1.0
1942-05-01,0.016378882952662297,1.0,1.0
1942-05-02,0.01280767856345193,1.0,1.0
1942-05-04,0.009203236397939763,1.0,1.0
1942-05-05,0.008185060240458314,1.0,1.0
1942-05-06,0.007879324647800284,1.0,1.0
1942-05-07,0.010150826498625028,1.0,1.0
1942-05-08,0.00827993912799276,1.0,1.0
1942-05-09,0.008681604601781572,1.0,1.0
1942-05-11,0.008994129307158347,1.0,1.0
1942-05-12,0.010191899118232987,1.0,1.0
1942-05-13,0.020150008795332915,1.0,1.0
1942-05-14,0.011751125146672146,1.0,1.0
1942-05-15,0.011490936006880068,1.0,1.0
1942-05-16,0.01087519240298592,1.0,1.0
1942-05-18,0.008535469409538114,1.0,1.0
1942-05-19,0.009553228368125622,1.0,1.0
1942-05-20,0.00798854498790179,1.0,1.0
1942-05-21,0.02858384175064546,1.0,1.0
1942-05-22,0.015060800698291745,1.0,1.0
1942-05-23,0.00985152867380184,1.0,1.0
1942-05-25,0.008326810285797922,1.0,1.0
1942-05-26,0.007545717919599253,1.0,1.0
1942-05-27,0.022661401730913945,1.0,1.0
1942-05-28,0.012523480649884082,1.0,1.0
1942-05-29,0.009297181546755155,1.0,1.0
1942-06-01,0.008420143461193658,1.0,1.0
1942-06-02,0.0076979946880191726,1.0,1.0
1942-06-03,0.008990143161477839,1.0,1.0
1942-06-04,0.027936428869071602,1.0,1.0
1942-06-05,0.016236932891538748,1.0,1.0
1942-06-06,0.011098737375850895,1.0,1.0
1942-06-08,0.011658017648819588,1.0,1.0
1942-06-09,0.009190821641701112,1.0,1.0
1942-06-10,0.013039258762183434,1.0,1.0
1942-06-11,0.009300626796866458,1.0,1.0
1942-06-12,0.00909724249139591,1.0,1.0
1942-06-13,0.008347107893293473,1.0,1.0
1942-06-15,0.007401492210696582,1.0,1.0
1942-06-16,0.007062368428064242,1.0,1.0
1942-06-17,0.017534211173578326,1.0,1.0
1942-06-18,0.010701588616362898,1.0,1.0
1942-06-19,0.013732479577514415,1.0,1.0
1942-06-20,0.009917074376889492,1.0,1.0
1942-06-22,0.022376420606942185,1.0,1.0
1942-06-23,0.012164078171865387,1.0,1.0
1942-06-24,0.00910274258697125,1.0,1.0
1942-06-25,0.007632001535799221,1.0,1.0
1942-06-26,0.0072118973592732,1.0,1.0
1942-06-27,0.007311881407611351,1.0,1.0
1942-06-29,0.007222523771078983,1.0,1.0
1942-06-30,0.007028629664540915,1.0,1.0
1942-07-01,0.007658605840644734,1.0,1.0
1942-07-02,0.012445953747919415,1.0,1.0
1942-07-03,0.013558259775385582,1.0,1.0
1942-07-06,0.02329199132339978,1.0,1.0
1942-07-07,0.012863571771372515,1.0,1.0
1942-07-08,0.06735778322519018,1.0,1.0
1942-07-09,0.05114328177274879,1.0,1.0
1942-07-10,0.022809079646183502,1.0,1.0
1942-07-11,0.012310682152945021,1.0,1.0
1942-07-13,0.010592130832547706,1.0,1.0
1942-07-14,0.009528757108857235,1.0,1.0
1942-07-15,0.007965378682337817,1.0,1.0
1942-07-16,0.007264091322587329,1.0,1.0
1942-07-17,0.01075661188784457,1.0,1.0
1942-07-18,0.008576915180517668,1.0,1.0
1942-07-20,0.008357644982135102,1.0,1.0
1942-07-21,0.0075290208877467095,1.0,1.0
1942-07-22,0.007166159879650463,1.0,1.0
1942-07-23,0.016622962367361542,1.0,1.0
1942-07-24,0.010175666866862443,1.0,1.0
1942-07-25,0.00800701186931122,1.0,1.0
1942-07-27,0.007264974695994915,1.0,1.0
1942-07-28,0.007170128271361959,1.0,1.0
1942-07-29,0.014543415609138681,1.0,1.0
1942-07-30,0.009466896760195145,1.0,1.0
1942-07-31,0.00848461124782961,1.0,1.0
1942-08-01,0.007424888938620026,1.0,1.0
1942-08-03,0.007299432339807778,1.0,1.0
1942-08-04,0.007198580225154992,1.0,1.0
1942-08-05,0.009607205349701232,1.0,1.0
1942-08-06,0.00786822428732913,1.0,1.0
1942-08-07,0.007413642983848926,1.0,1.0
1942-08-08,0.00714982361569933,1.0,1.0
1942-08-10,0.007028325197075758,1.0,1.0
1942-08-11,0.00727130534096006,1.0,1.0
1942-08-12,0.007038162424157396,1.0,1.0
1942-08-13,0.0075953650240539565,1.0,1.0
1942-08-14,0.008031014070434985,1.0,1.0
1942-08-15,0.007451343791020097,1.0,1.0
1942-08-17,0.007470294482910828,1.0,1.0
1942-08-18,0.009276122132894173,1.0,1.0
1942-08-19,0.007694101410765127,1.0,1.0
1942-08-20,0.00741053053886792,1.0,1.0
1942-08-21,0.007358214778238612,1.0,1.0
1942-08-22,0.007081854767982066,1.0,1.0
1942-08-24,0.006955107080425548,1.0,1.0
1942-08-25,0.008525799856181092,1.0,1.0
1942-08-26,0.014903606077399644,1.0,1.0
1942-08-27,0.01030567118268135,1.0,1.0
1942-08-28,0.008479188624076558,1.0,1.0
1942-08-29,0.0074230727408722726,1.0,1.0
1942-08-31,0.0070777096528766795,1.0,1.0
1942-09-01,0.0070040420742027,1.0,1.0
1942-09-02,0.0069233374431821055,1.0,1.0
1942-09-03,0.006899700256503942,1.0,1.0
1942-09-04,0.006891524607977909,1.0,1.0
1942-09-05,0.006942476968763245,1.0,1.0
1942-09-08,0.008049455226310459,1.0,1.0
1942-09-09,0.007406395334595163,1.0,1.0
1942-09-10,0.008594055049733903,1.0,1.0
1942-09-11,0.008586789725317541,1.0,1.0
1942-09-12,0.007452519684495478,1.0,1.0
1942-09-14,0.0070790557534230235,1.0,1.0
1942-09-15,0.007480017870642733,1.0,1.0
1942-09-16,0.007140691620790189,1.0,1.0
1942-09-17,0.006993615676555508,1.0,1.0
1942-09-18,0.008167017786733798,1.0,1.0
1942-09-19,0.007331711190402883,1.0,1.0
1942-09-21,0.007039029779482009,1.0,1.0
1942-09-22,0.007275054920579805,1.0,1.0
1942-09-23,0.008084714096571556,1.0,1.0
1942-09-24,0.014099628898135798,1.0,1.0
1942-09-25,0.009668190110800464,1.0,1.0
1942-09-26,0.007942498142688369,1.0,1.0
1942-09-28,0.007246642650721398,1.0,1.0
1942-09-29,0.007235567622382426,1.0,1.0
1942-09-30,0.007089570708160145,1.0,1.0
1942-10-01,0.008588172353277527,1.0,1.0
1942-10-02,0.015954845797091447,1.0,1.0
1942-10-03,0.010974333290955504,1.0,1.0
1942-10-05,0.010487110359091343,1.0,1.0
1942-10-06,0.008088884777397207,1.0,1.0
1942-10-07,0.00737990544744279,1.0,1.0
1942-10-08,0.025921314522866046,1.0,1.0
1942-10-09,0.014217902904794303,1.0,1.0
1942-10-10,0.013927415232626594,1.0,1.0
1942-10-13,0.010594443504167099,1.0,1.0
1942-10-14,0.008706922046687429,1.0,1.0
1942-10-15,0.01808856142097435,1.0,1.0
1942-10-16,0.011511062693060823,1.0,1.0
1942-10-17,0.008570870743966046,1.0,1.0
1942-10-19,0.0075432281153583886,1.0,1.0
1942-10-20,0.012519005604204023,1.0,1.0
1942-10-21,0.008775711875143118,1.0,1.0
1942-10-22,0.00758842722950166,1.0,1.0
1942-10-23,0.007166754283516361,1.0,1.0
1942-10-24,0.007251449925790207,1.0,1.0
1942-10-26,0.007280848343943214,1.0,1.0
1942-10-27,0.01308360315146973,1.0,1.0
1942-10-28,0.011293460864100846,1.0,1.0
1942-10-29,0.008361540634841258,1.0,1.0
1942-10-30,0.007791628099700142,1.0,1.0
1942-10-31,0.008379948431469464,1.0,1.0
1942-11-02,0.00912017425513668,1.0,1.0
1942-11-04,0.00802861942043872,1.0,1.0
1942-11-05,0.007292234318020924,1.0,1.0
1942-11-06,0.012657466633763948,1.0,1.0
1942-11-07,0.011122690894517362,1.0,1.0
1942-11-09,0.008653900659130636,1.0,1.0
1942-11-10,0.008925335407251583,1.0,1.0
1942-11-12,0.00756547037391963,1.0,1.0
1942-11-13,0.0077155757062414496,1.0,1.0
1942-11-14,0.008113557365209901,1.0,1.0
1942-11-16,0.013160553242037515,1.0,1.0
1942-11-17,0.016819325094034308,1.0,1.0
1942-11-18,0.010999109115073518,1.0,1.0
1942-11-19,0.008884391121917811,1.0,1.0
1942-11-20,0.011920711182752508,1.0,1.0
1942-11-21,0.009236062702174974,1.0,1.0
1942-11-23,0.019000150537509995,1.0,1.0
1942-11-24,0.01214031683744954,1.0,1.0
1942-11-25,0.009348380043567719,1.0,1.0
1942-11-27,0.008886254986667912,1.0,1.0
1942-11-28,0.008125634747129263,1.0,1.0
1942-11-30,0.00820408556820095,1.0,1.0
1942-12-01,0.007915894346107696,1.0,1.0
1942-12-02,0.00825691078206973,1.0,1.0
1942-12-03,0.008162101850685414,1.0,1.0
1942-12-04,0.008037359458676143,1.0,1.0
1942-12-05,0.007851195185472662,1.0,1.0
1942-12-07,0.008587936378992472,1.0,1.0
1942-12-08,0.009181277415798245,1.0,1.0
1942-12-09,0.008277884929702564,1.0,1.0
1942-12-10,0.007928199360035016,1.0,1.0
1942-12-11,0.007798324618539582,1.0,1.0
1942-12-12,0.007899265379646284,1.0,1.0
1942-12-14,0.0077883478572813285,1.0,1.0
1942-12-15,0.008242208978665403,1.0,1.0
1942-12-16,0.009208645093019725,1.0,1.0
1942-12-17,0.05532533045483229,1.0,1.0
1942-12-18,0.024696021028117562,1.0,1.0
1942-12-19,0.013718641943505104,1.0,1.0
1942-12-21,0.009901504648745648,1.0,1.0
1942-12-22,0.008508513083665287,1.0,1.0
1942-12-23,0.008115050274051034,1.0,1.0
1942-12-24,0.008706985358943035,1.0,1.0
1942-12-26,0.008237152134167357,1.0,1.0
1942-12-28,0.013084024867289252,1.0,1.0
1942-12-29,0.009960546715888644,1.0,1.0
1942-12-30,0.015144871812652701,1.0,1.0
1942-12-31,0.010447655962876733,1.0,1.0
1943-01-02,0.01201586938652533,1.0,1.0
1943-01-04,0.013635060681202878,1.0,1.0
1943-01-05,0.01085184024533798,1.0,1.0
1943-01-06,0.00880165710597438,1.0,1.0
1943-01-07,0.008136178863361604,1.0,1.0
1943-01-08,0.007984743470247193,1.0,1.0
1943-01-09,0.007982767910894051,1.0,1.0
1943-01-11,0.008112191989660202,1.0,1.0
1943-01-12,0.008284512696291173,1.0,1.0
1943-01-13,0.008149425471465683,1.0,1.0
1943-01-14,0.008906852298018722,1.0,1.0
1943-01-15,0.013088916790479656,1.0,1.0
1943-01-16,0.009687580054612737,1.0,1.0
1943-01-18,0.00846510877145888,1.0,1.0
1943-01-19,0.013514722931390163,1.0,1.0
1943-01-20,0.0097468895631035,1.0,1.0
1943-01-21,0.018198780747118774,1.0,1.0
1943-01-22,0.0114192638712779,1.0,1.0
1943-01-23,0.00928939690562276,1.0,1.0
1943-01-25,0.0130185596904875,1.0,1.0
1943-01-26,0.010693421455271497,1.0,1.0
1943-01-27,0.009128860479921794,1.0,1.0
1943-01-28,0.008385847066087958,1.0,1.0
1943-01-29,0.011447138934310415,1.0,1.0
1943-01-30,0.00947889610436481,1.0,1.0
1943-02-01,0.008828125464553811,1.0,1.0
1943-02-02,0.008102707950094375,1.0,1.0
1943-02-03,0.00918533450359668,1.0,1.0
1943-02-04,0.008315703713565012,1.0,1.0
1943-02-05,0.009415762146904386,1.0,1.0
1943-02-06,0.008308423107180022,1.0,1.0
1943-02-08,0.008326015174990745,1.0,1.0
1943-02-09,0.010279218781889986,1.0,1.0
1943-02-10,0.014809249411191477,1.0,1.0
1943-02-11,0.01044636317212185,1.0,1.0
1943-02-13,0.009646978651727124,1.0,1.0
1943-02-15,0.012187089146402227,1.0,1.0
1943-02-16,0.00957943897328592,1.0,1.0
1943-02-17,0.0084325961620536,1.0,1.0
1943-02-18,0.017607025831208892,1.0,1.0
1943-02-19,0.011308720299918905,1.0,1.0
1943-02-20,0.018583683577045176,1.0,1.0
1943-02-23,0.0160632922852533,1.0,1.0
1943-02-24,0.013528096636421238,1.0,1.0
1943-02-25,0.011788049421574394,1.0,1.0
1943-02-26,0.009126321915848211,1.0,1.0
1943-02-27,0.00869918007490708,1.0,1.0
1943-03-01,0.010093872230964173,1.0,1.0
1943-03-02,0.011210234667785736,1.0,1.0
1943-03-03,0.02191742042392549,1.0,1.0
1943-03-04,0.013223565672587066,1.0,1.0
1943-03-05,0.010090892575097392,1.0,1.0
1943-03-06,0.008669506872133144,1.0,1.0
1943-03-08,0.00827666384707056,1.0,1.0
1943-03-09,0.010840970567922175,1.0,1.0
1943-03-10,0.009989366899632472,1.0,1.0
1943-03-11,0.01718506671969458,1.0,1.0
1943-03-12,0.01332537704535782,1.0,1.0
1943-03-13,0.009665618165353511,1.0,1.0
1943-03-15,0.008426712010378498,1.0,1.0
1943-03-16,0.008897753416047248,1.0,1.0
1943-03-17,0.011438395290669746,1.0,1.0
1943-03-18,0.009021881213895796,1.0,1.0
1943-03-19,0.008786699519973197,1.0,1.0
1943-03-20,0.008190684020536708,1.0,1.0
1943-03-22,0.008162020249133475,1.0,1.0
1943-03-23,0.008769623570225009,1.0,1.0
1943-03-24,0.008956868521381866,1.0,1.0
1943-03-25,0.05592837984636031,1.0,1.0
1943-03-26,0.032551661651173326,1.0,1.0
1943-03-27,0.016483541839346777,1.0,1.0
1943-03-29,0.02673307125597755,1.0,1.0
1943-03-30,0.018866457158203745,1.0,1.0
1943-03-31,0.011915117387289802,1.0,1.0
1943-04-01,0.009187221918346249,1.0,1.0
1943-04-02,0.00944924237480377,1.0,1.0
1943-04-03,0.008355446338823284,1.0,1.0
1943-04-05,0.023906126534373493,1.0,1.0
1943-04-06,0.01404839231169973,1.0,1.0
1943-04-07,0.012139162578839492,1.0,1.0
1943-04-08,0.010498857567096414,1.0,1.0
1943-04-09,0.9789617387860622,0.0,1.0
1943-04-10,0.8513247387398237,0.0,1.0
1943-04-12,0.6194909691858574,0.0,1.0
1943-04-13,0.35327428763085483,1.0,1.0
1943-04-14,0.3517717736769006,1.0,1.0
1943-04-15,0.21545474358484523,1.0,1.0
1943-04-16,0.10539665092688669,1.0,1.0
1943-04-17,0.047654152188028466,1.0,1.0
1943-04-19,0.02295042967662,1.0,1.0
1943-04-20,0.016901649404917365,1.0,1.0
1943-04-21,0.018776412635161246,1.0,1.0
1943-04-22,0.013176411207457526,1.0,1.0
1943-04-24,0.01072026864903181,1.0,1.0
1943-04-26,0.009853314450227933,1.0,1.0
1943-04-27,0.009757044382899295,1.0,1.0
1943-04-28,0.009748870254174043,1.0,1.0
1943-04-29,0.017425500195512294,1.0,1.0
1943-04-30,0.012144556770638294,1.0,1.0
1943-05-01,0.012262295251786081,1.0,1.0
1943-05-03,0.029622462076275582,1.0,1.0
1943-05-04,0.018759498516167813,1.0,1.0
1943-05-05,0.014594149764029158,1.0,1.0
1943-05-06,0.011659332294560756,1.0,1.0
1943-05-07,0.03366733823677979,1.0,1.0
1943-05-08,0.032147931788737844,1.0,1.0
1943-05-10,0.018422971941024817,1.0,1.0
1943-05-11,0.01407765431169293,1.0,1.0
1943-05-12,0.012451428625279773,1.0,1.0
1943-05-13,0.011679779173758438,1.0,1.0
1943-05-14,0.021199749857024712,1.0,1.0
1943-05-15,0.01410850907500297,1.0,1.0
1943-05-17,0.011051651112573026,1.0,1.0
1943-05-18,0.012538363844907292,1.0,1.0
1943-05-19,0.020208985338187387,1.0,1.0
1943-05-20,0.013339750017074964,1.0,1.0
1943-05-21,0.010829879395213257,1.0,1.0
1943-05-22,0.009882708187075283,1.0,1.0
1943-05-24,0.009677723468454774,1.0,1.0
1943-05-25,0.009657678019734462,1.0,1.0
1943-05-26,0.014700594777233162,1.0,1.0
1943-05-27,0.011782286779628268,1.0,1.0
1943-05-28,0.010450539063435968,1.0,1.0
1943-05-29,0.011413243178074,1.0,1.0
1943-06-01,0.010668882382611653,1.0,1.0
1943-06-02,0.009973718735858285,1.0,1.0
1943-06-03,0.011147514727699231,1.0,1.0
1943-06-04,0.010996311575719819,1.0,1.0
1943-06-05,0.012514332665694029,1.0,1.0
1943-06-07,0.016693276002024214,1.0,1.0
1943-06-08,0.015845766431897383,1.0,1.0
1943-06-09,0.011715013564790237,1.0,1.0
1943-06-10,0.010288280756593646,1.0,1.0
1943-06-11,0.010669758201802264,1.0,1.0
1943-06-12,0.01016070274229552,1.0,1.0
1943-06-14,0.06279529942835632,1.0,1.0
1943-06-15,0.028822487809831095,1.0,1.0
1943-06-16,0.01739784742293268,1.0,1.0
1943-06-17,0.012191220216740928,1.0,1.0
1943-06-18,0.010774928090517638,1.0,1.0
1943-06-19,0.009905987222700623,1.0,1.0
1943-06-21,0.014762051012259088,1.0,1.0
1943-06-22,0.011355088302899184,1.0,1.0
1943-06-23,0.014080247332153793,1.0,1.0
1943-06-24,0.01271624632475729,1.0,1.0
1943-06-25,0.022074833131182702,1.0,1.0
1943-06-26,0.01491392740012037,1.0,1.0
1943-06-28,0.012333456722826286,1.0,1.0
1943-06-29,0.011634133484812343,1.0,1.0
1943-06-30,0.01181391981516151,1.0,1.0
1943-07-01,0.010259412656796103,1.0,1.0
1943-07-02,0.009685539594945761,1.0,1.0
1943-07-03,0.009499527336983695,1.0,1.0
1943-07-06,0.009440702712552772,1.0,1.0
1943-07-07,0.010012387794297004,1.0,1.0
1943-07-08,0.009676960988430483,1.0,1.0
1943-07-09,0.009994835680186226,1.0,1.0
1943-07-10,0.009590062921763325,1.0,1.0
1943-07-12,0.010724091125517733,1.0,1.0
1943-07-13,0.013392790621370288,1.0,1.0
1943-07-14,0.01260324725694271,1.0,1.0
1943-07-15,0.015361425246689262,1.0,1.0
1943-07-16,0.011650492147520453,1.0,1.0
1943-07-17,0.01014429753545049,1.0,1.0
1943-07-19,0.009750066822966969,1.0,1.0
1943-07-20,0.014521071105499347,1.0,1.0
1943-07-21,0.011144169539798762,1.0,1.0
1943-07-22,0.01004024799500143,1.0,1.0
1943-07-23,0.009609827015724519,1.0,1.0
1943-07-24,0.009440445851649751,1.0,1.0
1943-07-26,0.05165578221394273,1.0,1.0
1943-07-27,0.850621282307359,0.0,1.0
1943-07-28,0.6819420693399143,0.0,1.0
1943-07-29,0.7750154360101258,0.0,1.0
1943-07-30,0.9292682358446545,0.0,1.0
1943-07-31,0.914933941641097,0.0,1.0
1943-08-02,0.9631142473830541,0.0,1.0
1943-08-03,0.9396248151654133,0.0,1.0
1943-08-04,0.8224658476225469,0.0,1.0
1943-08-05,0.5864173088167487,0.0,1.0
1943-08-06,0.46038393603445016,1.0,1.0
1943-08-07,0.22821687854877917,1.0,1.0
1943-08-09,0.09658228356069062,1.0,1.0
1943-08-10,0.07920169313912032,1.0,1.0
1943-08-11,0.043562948768369754,1.0,1.0
1943-08-12,0.02582552505779784,1.0,1.0
1943-08-13,0.017560179646381447,1.0,1.0
1943-08-14,0.0122062408000966,1.0,1.0
1943-08-16,0.01045182942151026,1.0,1.0
1943-08-17,0.01044878933454722,1.0,1.0
1943-08-18,0.010593810828416858,1.0,1.0
1943-08-19,0.009857028452896207,1.0,1.0
1943-08-20,0.018575171251657755,1.0,1.0
1943-08-21,0.02174297894997045,1.0,1.0
1943-08-23,0.024844476552259416,1.0,1.0
1943-08-24,0.017505487062112593,1.0,1.0
1943-08-25,0.013128329267257,1.0,1.0
1943-08-26,0.010782608168736134,1.0,1.0
1943-08-27,0.011161932038244664,1.0,1.0
1943-08-28,0.009975026746391159,1.0,1.0
1943-08-30,0.009565703255865757,1.0,1.0
1943-08-31,0.014980659049975607,1.0,1.0
1943-09-01,0.012076374518351413,1.0,1.0
1943-09-02,0.010300471747504434,1.0,1.0
1943-09-03,0.010028791435793553,1.0,1.0
1943-09-04,0.009717918708939639,1.0,1.0
1943-09-07,0.00947878317483608,1.0,1.0
1943-09-08,0.01163208968172858,1.0,1.0
1943-09-09,0.017916233511112985,1.0,1.0
1943-09-10,0.012338240404140527,1.0,1.0
1943-09-11,0.010404702272915563,1.0,1.0
1943-09-13,0.01000594985950685,1.0,1.0
1943-09-14,0.010220078117237097,1.0,1.0
1943-09-15,0.014157819632610471,1.0,1.0
1943-09-16,0.014399482963523847,1.0,1.0
1943-09-17,0.025209593608481153,1.0,1.0
1943-09-18,0.025519287121879786,1.0,1.0
1943-09-20,0.01893483506919188,1.0,1.0
1943-09-21,0.015471397977185723,1.0,1.0
1943-09-22,0.016474062043403886,1.0,1.0
1943-09-23,0.02124393054244215,1.0,1.0
1943-09-24,0.0162501627921271,1.0,1.0
1943-09-25,0.01454200563939694,1.0,1.0
1943-09-27,0.024555102041790348,1.0,1.0
1943-09-28,0.018169074158042177,1.0,1.0
1943-09-29,0.015147713396026738,1.0,1.0
1943-09-30,0.014374941266272033,1.0,1.0
1943-10-01,0.013776689208459486,1.0,1.0
1943-10-02,0.013837554931722097,1.0,1.0
1943-10-04,0.01816034671694865,1.0,1.0
1943-10-05,0.018805499609149727,1.0,1.0
1943-10-06,0.04092842151459402,1.0,1.0
1943-10-07,0.08599098627835165,1.0,1.0
1943-10-08,0.04093665981737798,1.0,1.0
1943-10-09,0.026353775786559334,1.0,1.0
1943-10-11,0.027510226524355634,1.0,1.0
1943-10-13,0.019583880326300658,1.0,1.0
1943-10-14,0.01782553825876033,1.0,1.0
1943-10-15,0.01723010607095058,1.0,1.0
1943-10-16,0.015473940995055948,1.0,1.0
1943-10-18,0.0145657566571103,1.0,1.0
1943-10-19,0.01449349231292864,1.0,1.0
1943-10-20,0.013949246119619934,1.0,1.0
1943-10-21,0.02213074450287772,1.0,1.0
1943-10-22,0.01742229918899504,1.0,1.0
1943-10-23,0.014934894577384256,1.0,1.0
1943-10-25,0.014510960671921333,1.0,1.0
1943-10-26,0.014146125137969503,1.0,1.0
1943-10-27,0.01642533706426713,1.0,1.0
1943-10-28,0.015164167626345247,1.0,1.0
1943-10-29,0.0182673287218394,1.0,1.0
1943-10-30,0.015178915068487875,1.0,1.0
1943-11-01,0.014416969683703562,1.0,1.0
1943-11-03,0.03566850810085539,1.0,1.0
1943-11-04,0.057356272503587935,1.0,1.0
1943-11-05,0.03658890219981515,1.0,1.0
1943-11-06,0.021957833149871455,1.0,1.0
1943-11-08,0.990349520812943,0.0,0.0
1943-11-09,0.8403176350819851,0.0,0.0
1943-11-10,0.7527446228059153,0.0,0.0
1943-11-12,0.5589621599605864,0.0,0.0
1943-11-13,0.31159683178788605,1.0,0.0
1943-11-15,0.14021261196599333,1.0,0.0
1943-11-16,0.0709859703142281,1.0,1.0
1943-11-17,0.049279596255731875,1.0,1.0
1943-11-18,0.027723148261096883,1.0,1.0
1943-11-19,0.050148797128909454,1.0,1.0
1943-11-20,0.031149803313187823,1.0,1.0
1943-11-22,0.022067673070472364,1.0,1.0
1943-11-23,0.01718326094534043,1.0,1.0
1943-11-24,0.016337859674179844,1.0,1.0
1943-11-26,0.024370877948504906,1.0,1.0
1943-11-27,0.01985551569755033,1.0,1.0
1943-11-29,0.03982742281169705,1.0,1.0
1943-11-30,0.022826761898418067,1.0,1.0
1943-12-01,0.02863065128046012,1.0,1.0
1943-12-02,0.02670560207962189,1.0,1.0
1943-12-03,0.018180720105503447,1.0,1.0
1943-12-04,0.015137512178828524,1.0,1.0
1943-12-06,0.015476279842043913,1.0,1.0
1943-12-07,0.019926772463452435,1.0,1.0
1943-12-08,0.03078690295794281,1.0,1.0
1943-12-09,0.02167240460057342,1.0,1.0
1943-12-10,0.020217128073641726,1.0,1.0
1943-12-11,0.01598473351811044,1.0,1.0
1943-12-13,0.01668355928635755,1.0,1.0
1943-12-14,0.01642923094942917,1.0,1.0
1943-12-15,0.014497017540185944,1.0,1.0
1943-12-16,0.014774836869380003,1.0,1.0
1943-12-17,0.014747951982690745,1.0,1.0
1943-12-18,0.014676277206991838,1.0,1.0
1943-12-20,0.013989949991270298,1.0,1.0
1943-12-21,0.015557782915405076,1.0,1.0
1943-12-22,0.014596059903706134,1.0,1.0
1943-12-23,0.014096144450775071,1.0,1.0
1943-12-24,0.013678818280573603,1.0,1.0
1943-12-27,0.013960545001773402,1.0,1.0
1943-12-28,0.02742065134197314,1.0,1.0
1943-12-29,0.01982153239321944,1.0,1.0
1943-12-30,0.09016330485628714,1.0,1.0
1943-12-31,0.041626555530379486,1.0,1.0
1944-01-03,0.024481935832133577,1.0,1.0
1944-01-04,0.03295338197620695,1.0,1.0
1944-01-05,0.035157632836353744,1.0,1.0
1944-01-06,0.023031026721351648,1.0,1.0
1944-01-07,0.017538887994076498,1.0,1.0
1944-01-08,0.014955657682081073,1.0,1.0
1944-01-10,0.015000263433345075,1.0,1.0
1944-01-11,0.01608962880974553,1.0,1.0
1944-01-12,0.021277743795281415,1.0,1.0
1944-01-13,0.01814289782510864,1.0,1.0
1944-01-14,0.018680340513354533,1.0,1.0
1944-01-15,0.016848926329262083,1.0,1.0
1944-01-17,0.016596547979328868,1.0,1.0
1944-01-18,0.015934469330979337,1.0,1.0
1944-01-19,0.014509938441663888,1.0,1.0
1944-01-20,0.013810267148878346,1.0,1.0
1944-01-21,0.013662203057503545,1.0,1.0
1944-01-22,0.013680389090216712,1.0,1.0
1944-01-24,0.014327020091370964,1.0,1.0
1944-01-25,0.014340055548963851,1.0,1.0
1944-01-26,0.028939729562763965,1.0,1.0
1944-01-27,0.019659458527040586,1.0,1.0
1944-01-28,0.01742494849718854,1.0,1.0
1944-01-29,0.014834658780803839,1.0,1.0
1944-01-31,0.014070191493111287,1.0,1.0
1944-02-01,0.013661891464939397,1.0,1.0
1944-02-02,0.014382065974051096,1.0,1.0
1944-02-03,0.025815989931989736,1.0,1.0
1944-02-04,0.027533597091420746,1.0,1.0
1944-02-05,0.018519947838237447,1.0,1.0
1944-02-07,0.017842930927741484,1.0,1.0
1944-02-08,0.017352156559828868,1.0,1.0
1944-02-09,0.014985503528725757,1.0,1.0
1944-02-10,0.016905500025200627,1.0,1.0
1944-02-11,0.015178935912092233,1.0,1.0
1944-02-14,0.014057345642060357,1.0,1.0
1944-02-15,0.015607877420501074,1.0,1.0
1944-02-16,0.014614167123692793,1.0,1.0
1944-02-17,0.01620194267259898,1.0,1.0
1944-02-18,0.018519100846498125,1.0,1.0
1944-02-19,0.01634214899249058,1.0,1.0
1944-02-21,0.015413016039351527,1.0,1.0
1944-02-23,0.018329362236213006,1.0,1.0
1944-02-24,0.016055153138442156,1.0,1.0
1944-02-25,0.015294652760335587,1.0,1.0
1944-02-26,0.015141819025007138,1.0,1.0
1944-02-28,0.01492636721420507,1.0,1.0
1944-02-29,0.022903957186664735,1.0,1.0
1944-03-01,0.018291704594961985,1.0,1.0
1944-03-02,0.01606519861150604,1.0,1.0
1944-03-03,0.01521617051700647,1.0,1.0
1944-03-04,0.015035147493927132,1.0,1.0
1944-03-06,0.015375682985011737,1.0,1.0
1944-03-07,0.019293705490456933,1.0,1.0
1944-03-08,0.022450098712824076,1.0,1.0
1944-03-09,0.018288495856968776,1.0,1.0
1944-03-10,0.01747491818503587,1.0,1.0
1944-03-11,0.01598121640572112,1.0,1.0
1944-03-13,0.020113196045424057,1.0,1.0
1944-03-14,0.01836415202633053,1.0,1.0
1944-03-15,0.017062199613493544,1.0,1.0
1944-03-16,0.01573414225797406,1.0,1.0
1944-03-17,0.015123973693869235,1.0,1.0
1944-03-18,0.017164285445874145,1.0,1.0
1944-03-20,0.019723493644902813,1.0,1.0
1944-03-21,0.01699350489516495,1.0,1.0
1944-03-22,0.016057609275802482,1.0,1.0
1944-03-23,0.03228719400070071,1.0,1.0
1944-03-24,0.020922655516035307,1.0,1.0
1944-03-25,0.01704560663514903,1.0,1.0
1944-03-27,0.01668254859330277,1.0,1.0
1944-03-28,0.07050265887070696,1.0,1.0
1944-03-29,0.03715713852003473,1.0,1.0
1944-03-30,0.028696265437857714,1.0,1.0
1944-03-31,0.019515023667093265,1.0,1.0
1944-04-01,0.01645683540629343,1.0,1.0
1944-04-03,0.0239724428127997,1.0,1.0
1944-04-04,0.017938324493441574,1.0,1.0
1944-04-05,0.016030220243177462,1.0,1.0
1944-04-06,0.015667174548263014,1.0,1.0
1944-04-08,0.015161895643786245,1.0,1.0
1944-04-10,0.015375674710402428,1.0,1.0
1944-04-11,0.01511289279839093,1.0,1.0
1944-04-12,0.021003710536114162,1.0,1.0
1944-04-13,0.01969690276888047,1.0,1.0
1944-04-14,0.016597702205944018,1.0,1.0
1944-04-15,0.015437847801376274,1.0,1.0
1944-04-17,0.017167414836900353,1.0,1.0
1944-04-18,0.16476138117440128,1.0,1.0
1944-04-19,0.08603938474038964,1.0,1.0
1944-04-20,0.05568528498218022,1.0,1.0
1944-04-21,0.028776121002066328,1.0,1.0
1944-04-22,0.020023263535758624,1.0,1.0
1944-04-24,0.042749510306563036,1.0,1.0
1944-04-25,0.02450163927348837,1.0,1.0
1944-04-26,0.020613257498387712,1.0,1.0
1944-04-27,0.01714203021180503,1.0,1.0
1944-04-28,0.01604925278103674,1.0,1.0
1944-04-29,0.01531467483373884,1.0,1.0
1944-05-01,0.019446966778541915,1.0,1.0
1944-05-02,0.017301901624526154,1.0,1.0
1944-05-03,0.017310112010152225,1.0,1.0
1944-05-04,0.016016596705222597,1.0,1.0
1944-05-05,0.017372019933207108,1.0,1.0
1944-05-06,0.01568276171947825,1.0,1.0
1944-05-08,0.01627563230129206,1.0,1.0
1944-05-09,0.01533010005536418,1.0,1.0
1944-05-10,0.01498916527883196,1.0,1.0
1944-05-11,0.014860820350356907,1.0,1.0
1944-05-12,0.024026399409221088,1.0,1.0
1944-05-13,0.018005106026749776,1.0,1.0
1944-05-15,0.015894679769993387,1.0,1.0
1944-05-16,0.015188850458823155,1.0,1.0
1944-05-17,0.019213919600829084,1.0,1.0
1944-05-18,0.01649617528158771,1.0,1.0
1944-05-19,0.015420513200069288,1.0,1.0
1944-05-20,0.015011686118886248,1.0,1.0
1944-05-22,0.014945070023546204,1.0,1.0
1944-05-23,0.015344684958465539,1.0,1.0
1944-05-24,0.01584372874146136,1.0,1.0
1944-05-25,0.015561251570709868,1.0,1.0
1944-05-26,0.015413130136071956,1.0,1.0
1944-05-27,0.01514857910965567,1.0,1.0
1944-05-29,0.015033227084706884,1.0,1.0
1944-05-31,0.01932569224314543,1.0,1.0
1944-06-01,0.016617091415933948,1.0,1.0
1944-06-02,0.015826210461032775,1.0,1.0
1944-06-03,0.015239809931187169,1.0,1.0
1944-06-05,0.021062942044875074,1.0,1.0
1944-06-06,0.018490645521889476,1.0,1.0
1944-06-07,0.017039190138560808,1.0,1.0
1944-06-08,0.017329554376202278,1.0,1.0
1944-06-09,0.01564894652732107,1.0,1.0
1944-06-10,0.016799777120699334,1.0,1.0
1944-06-12,0.06337482025587775,1.0,1.0
1944-06-13,0.04442507303966394,1.0,1.0
1944-06-14,0.0248383068169414,1.0,1.0
1944-06-15,0.021027751711365335,1.0,1.0
1944-06-16,0.025085157775269436,1.0,1.0
1944-06-17,0.019058179582591397,1.0,1.0
1944-06-19,0.018785919455673254,1.0,1.0
1944-06-20,0.01662216669136034,1.0,1.0
1944-06-21,0.01825700729146782,1.0,1.0
1944-06-22,0.016111064776620436,1.0,1.0
1944-06-23,0.015242035832268934,1.0,1.0
1944-06-24,0.014972610330160323,1.0,1.0
1944-06-26,0.017723534613715043,1.0,1.0
1944-06-27,0.017365420322246326,1.0,1.0
1944-06-28,0.018278781379748664,1.0,1.0
1944-06-29,0.01626028117320054,1.0,1.0
1944-06-30,0.015608664462797862,1.0,1.0
1944-07-01,0.015067936562040378,1.0,1.0
1944-07-03,0.021179177884499894,1.0,1.0
1944-07-05,0.01833633344694902,1.0,1.0
1944-07-06,0.01827157412330666,1.0,1.0
1944-07-07,0.016083843635085894,1.0,1.0
1944-07-08,0.01776342126676599,1.0,1.0
1944-07-10,0.016557772754802868,1.0,1.0
1944-07-11,0.016508000132608808,1.0,1.0
1944-07-12,0.015362405079151592,1.0,1.0
1944-07-13,0.016243641246442845,1.0,1.0
1944-07-14,0.015461959833081048,1.0,1.0
1944-07-15,0.015141882952756796,1.0,1.0
1944-07-17,0.04225711268630261,1.0,1.0
1944-07-18,0.04867982517249908,1.0,1.0
1944-07-19,0.0381824799647697,1.0,1.0
1944-07-20,0.03585024297739221,1.0,1.0
1944-07-21,0.12762398162471522,1.0,1.0
1944-07-22,0.12982797401697663,1.0,1.0
1944-07-24,0.05308882853927713,1.0,1.0
1944-07-25,0.044810198467832234,1.0,1.0
1944-07-26,0.025149499158198845,1.0,1.0
1944-07-27,0.017194583825173963,1.0,1.0
1944-07-28,0.019822374110644574,1.0,1.0
1944-07-29,0.015540617619939644,1.0,1.0
1944-07-31,0.014523801521225791,1.0,1.0
1944-08-01,0.015249463026454337,1.0,1.0
1944-08-02,0.01421237910123891,1.0,1.0
1944-08-03,0.021038260250314782,1.0,1.0
1944-08-04,0.03131777718574759,1.0,1.0
1944-08-05,0.019251998339658034,1.0,1.0
1944-08-07,0.01529612144362072,1.0,1.0
1944-08-08,0.017124972568124085,1.0,1.0
1944-08-09,0.015117090199196971,1.0,1.0
1944-08-10,0.017274413852909485,1.0,1.0
1944-08-11,0.016991026897631194,1.0,1.0
1944-08-12,0.014807911055858991,1.0,1.0
1944-08-14,0.013928814446949114,1.0,1.0
1944-08-15,0.014200633491861975,1.0,1.0
1944-08-16,0.017887808239766996,1.0,1.0
1944-08-17,0.021363435983310038,1.0,1.0
1944-08-18,0.01684488269013285,1.0,1.0
1944-08-21,0.01665557183814129,1.0,1.0
1944-08-22,0.026511329386186555,1.0,1.0
1944-08-23,0.017620775864898717,1.0,1.0
1944-08-24,0.022140704854930186,1.0,1.0
1944-08-25,0.016637115281368905,1.0,1.0
1944-08-28,0.015039886133200894,1.0,1.0
1944-08-29,0.013959516292347481,1.0,1.0
1944-08-30,0.01429703657780345,1.0,1.0
1944-08-31,0.01438073289553898,1.0,1.0
1944-09-01,0.014078275572104936,1.0,1.0
1944-09-05,0.02267195704511475,1.0,1.0
1944-09-06,0.6959873131151607,0.0,1.0
1944-09-07,0.4190887325516831,0.0,1.0
1944-09-08,0.18352982361820425,1.0,1.0
1944-09-09,0.08043644001889404,1.0,1.0
1944-09-11,0.041983618966334874,1.0,1.0
1944-09-12,0.023501103851706697,1.0,1.0
1944-09-13,0.04546620170395105,1.0,1.0
1944-09-14,0.03681299556993652,1.0,1.0
1944-09-15,0.03486564634593324,1.0,1.0
1944-09-16,0.022327197071214607,1.0,1.0
1944-09-18,0.016277250808570287,1.0,1.0
1944-09-19,0.021628846872394303,1.0,1.0
1944-09-20,0.01613025642497388,1.0,1.0
1944-09-21,0.016065497654516803,1.0,1.0
1944-09-22,0.014347335606710625,1.0,1.0
1944-09-23,0.014027124066036466,1.0,1.0
1944-09-25,0.015797997854705224,1.0,1.0
1944-09-26,0.014762539586944953,1.0,1.0
1944-09-27,0.01392301410091745,1.0,1.0
1944-09-28,0.014198714125957645,1.0,1.0
1944-09-29,0.014317225178314037,1.0,1.0
1944-09-30,0.014683763318634493,1.0,1.0
1944-10-02,0.014000341423832404,1.0,1.0
1944-10-03,0.014117046936269471,1.0,1.0
1944-10-04,0.015106958891560182,1.0,1.0
1944-10-05,0.017912494060425735,1.0,1.0
1944-10-06,0.014904046173719444,1.0,1.0
1944-10-07,0.013996329082744147,1.0,1.0
1944-10-09,0.02613114302567466,1.0,1.0
1944-10-10,0.017498420722653667,1.0,1.0
1944-10-11,0.016950613932888606,1.0,1.0
1944-10-13,0.014813942807877236,1.0,1.0
1944-10-14,0.01397890816465978,1.0,1.0
1944-10-16,0.017216085987379125,1.0,1.0
1944-10-17,0.014958064028097318,1.0,1.0
1944-10-18,0.01664319620394638,1.0,1.0
1944-10-19,0.015514292564685424,1.0,1.0
1944-10-20,0.015646712153338065,1.0,1.0
1944-10-21,0.014146652763245525,1.0,1.0
1944-10-23,0.0968330756732356,1.0,1.0
1944-10-24,0.0412518533735685,1.0,1.0
1944-10-25,0.022689716153480387,1.0,1.0
1944-10-26,0.027933211639224964,1.0,1.0
1944-10-27,0.018108274930413844,1.0,1.0
1944-10-28,0.015440847553105019,1.0,1.0
1944-10-30,0.016260531250326813,1.0,1.0
1944-10-31,0.014478635705135676,1.0,1.0
1944-11-01,0.013934498553517137,1.0,1.0
1944-11-02,0.015764029529803804,1.0,1.0
1944-11-03,0.014242416024002506,1.0,1.0
1944-11-04,0.013703921042617048,1.0,1.0
1944-11-06,0.013818758817509403,1.0,1.0
1944-11-08,0.01487204129755785,1.0,1.0
1944-11-09,0.015280171934107125,1.0,1.0
1944-11-10,0.014461220350987772,1.0,1.0
1944-11-13,0.027238251951754087,1.0,1.0
1944-11-14,0.05904579436931123,1.0,1.0
1944-11-15,0.02990236174688199,1.0,1.0
1944-11-16,0.019167398926534997,1.0,1.0
1944-11-17,0.015711745689998113,1.0,1.0
1944-11-18,0.014170579984845664,1.0,1.0
1944-11-20,0.013742737980906347,1.0,1.0
1944-11-21,0.0160553849802903,1.0,1.0
1944-11-22,0.014282312109033668,1.0,1.0
1944-11-24,0.015614839016118801,1.0,1.0
1944-11-25,0.014139777374935278,1.0,1.0
1944-11-27,0.013673724296732668,1.0,1.0
1944-11-28,0.013525868370540194,1.0,1.0
1944-11-29,0.016233268481628274,1.0,1.0
1944-11-30,0.014411258889658557,1.0,1.0
1944-12-01,0.013850221755796113,1.0,1.0
1944-12-02,0.013659919984276602,1.0,1.0
1944-12-04,0.016560502348488635,1.0,1.0
1944-12-05,0.015041877901877401,1.0,1.0
1944-12-06,0.01397179456202473,1.0,1.0
1944-12-07,0.014185664863910197,1.0,1.0
1944-12-08,0.018060238814778286,1.0,1.0
1944-12-09,0.016697780287152773,1.0,1.0
1944-12-11,0.014647656966541927,1.0,1.0
1944-12-12,0.014558872372621465,1.0,1.0
1944-12-13,0.0149605103142465,1.0,1.0
1944-12-14,0.01426670641235541,1.0,1.0
1944-12-15,0.021189985398072094,1.0,1.0
1944-12-16,0.016051729040353707,1.0,1.0
1944-12-18,0.020188570355750342,1.0,1.0
1944-12-19,0.015597448687308805,1.0,1.0
1944-12-20,0.024454655805243215,1.0,1.0
1944-12-21,0.019032165613005417,1.0,1.0
1944-12-22,0.015649672045829604,1.0,1.0
1944-12-23,0.013996070102909668,1.0,1.0
1944-12-26,0.02099732919859762,1.0,1.0
1944-12-27,0.03499354209329936,1.0,1.0
1944-12-28,0.04913177272286276,1.0,1.0
1944-12-29,0.09035880103471446,1.0,1.0
1944-12-30,0.037218369101346904,1.0,1.0
1945-01-02,0.021048564530639104,1.0,1.0
1945-01-03,0.03006137412926973,1.0,1.0
1945-01-04,0.018757576215020458,1.0,1.0
1945-01-05,0.016021928839156502,1.0,1.0
1945-01-06,0.015069659716332725,1.0,1.0
1945-01-08,0.03884068204973494,1.0,1.0
1945-01-09,0.021129472692203125,1.0,1.0
1945-01-10,0.019569136304176435,1.0,1.0
1945-01-11,0.01540550875920859,1.0,1.0
1945-01-12,0.015596012922665452,1.0,1.0
1945-01-13,0.014002578940678037,1.0,1.0
1945-01-15,0.021863128299183153,1.0,1.0
1945-01-16,0.016061870163307092,1.0,1.0
1945-01-17,0.020818770856155223,1.0,1.0
1945-01-18,0.021611740897739783,1.0,1.0
1945-01-19,0.04020776884176341,1.0,1.0
1945-01-20,0.03805992916186648,1.0,1.0
1945-01-22,0.02527131166392553,1.0,1.0
1945-01-23,0.022215165276468607,1.0,1.0
1945-01-24,0.01599642598632539,1.0,1.0
1945-01-25,0.020790296493336295,1.0,1.0
1945-01-26,0.02407139878313308,1.0,1.0
1945-01-27,0.017908988641006318,1.0,1.0
1945-01-29,0.014655546968926538,1.0,1.0
1945-01-30,0.022481907738798483,1.0,1.0
1945-01-31,0.01607396904276981,1.0,1.0
1945-02-01,0.014731834128687149,1.0,1.0
1945-02-02,0.02187072519029277,1.0,1.0
1945-02-03,0.01646705845606829,1.0,1.0
1945-02-05,0.015538729608868025,1.0,1.0
1945-02-06,0.013998710661920984,1.0,1.0
1945-02-07,0.013718323038740075,1.0,1.0
1945-02-08,0.013477015024574494,1.0,1.0
1945-02-09,0.018589682425751614,1.0,1.0
1945-02-10,0.014927403395208453,1.0,1.0
1945-02-13,0.04374563749928657,1.0,1.0
1945-02-14,0.026885936295143922,1.0,1.0
1945-02-15,0.022819571713747842,1.0,1.0
1945-02-16,0.01658795657341208,1.0,1.0
1945-02-17,0.014284887322538947,1.0,1.0
1945-02-19,0.017026810977786622,1.0,1.0
1945-02-20,0.014532668364645089,1.0,1.0
1945-02-21,0.01420497499557096,1.0,1.0
1945-02-23,0.014570304391088295,1.0,1.0
1945-02-24,0.01564419280722336,1.0,1.0
1945-02-26,0.015571992521703581,1.0,1.0
1945-02-27,0.019202979717472583,1.0,1.0
1945-02-28,0.02115398379936312,1.0,1.0
1945-03-01,0.016182516091307015,1.0,1.0
1945-03-02,0.021167275214482077,1.0,1.0
1945-03-03,0.016135583843672044,1.0,1.0
1945-03-05,0.016159012137893832,1.0,1.0
1945-03-06,0.01583219675462051,1.0,1.0
1945-03-07,0.014446185824871548,1.0,1.0
1945-03-08,0.3302936044953386,0.0,1.0
1945-03-09,0.8902517969884649,0.0,1.0
1945-03-10,0.6234967869336506,0.0,1.0
1945-03-12,0.3497495767022296,0.0,1.0
1945-03-13,0.14059273256232138,1.0,1.0
1945-03-14,0.0547788646972179,1.0,1.0
1945-03-15,0.028936457860359095,1.0,1.0
1945-03-16,0.017983853296942742,1.0,1.0
1945-03-17,0.014713729005704576,1.0,1.0
1945-03-19,0.02348833057227885,1.0,1.0
1945-03-20,0.07179446608062531,1.0,1.0
1945-03-21,0.10805360003662118,1.0,1.0
1945-03-22,0.043709836515050976,1.0,1.0
1945-03-23,0.023530594687347965,1.0,1.0
1945-03-24,0.03204524922247209,1.0,1.0
1945-03-26,0.39836020161425756,0.0,1.0
1945-03-27,0.17744237711606484,1.0,1.0
1945-03-28,0.11056806739105432,1.0,1.0
1945-03-29,0.0447833678165558,1.0,1.0
1945-03-31,0.023215972341896006,1.0,1.0
1945-04-02,0.024862147089708325,1.0,1.0
1945-04-03,0.017102290604357688,1.0,1.0
1945-04-04,0.015260963018690555,1.0,1.0
1945-04-05,0.030682555273168575,1.0,1.0
1945-04-06,0.02112822239712043,1.0,1.0
1945-04-07,0.01760504892811775,1.0,1.0
1945-04-09,0.015653718137065117,1.0,1.0
1945-04-10,0.01623641185250157,1.0,1.0
1945-04-11,0.034797367871910616,1.0,1.0
1945-04-12,0.020055768472751923,1.0,1.0
1945-04-13,0.021264653294814414,1.0,1.0
1945-04-16,0.20520343512832398,1.0,1.0
1945-04-17,0.07747568100917819,1.0,1.0
1945-04-18,0.05347863167075314,1.0,1.0
1945-04-19,0.040949205215413065,1.0,1.0
1945-04-20,0.022305103762563127,1.0,1.0
1945-04-21,0.016478801439058846,1.0,1.0
1945-04-23,0.016159057258975505,1.0,1.0
1945-04-24,0.015939893758295545,1.0,1.0
1945-04-25,0.015204942810533782,1.0,1.0
1945-04-26,0.01662740351071297,1.0,1.0
1945-04-27,0.015590676885433447,1.0,1.0
1945-04-28,0.01575002147746629,1.0,1.0
1945-04-30,0.014211038493661747,1.0,1.0
1945-05-01,0.018077128516720147,1.0,1.0
1945-05-02,0.015426809828817487,1.0,1.0
1945-05-03,0.018933231250872377,1.0,1.0
1945-05-04,0.016244396591952523,1.0,1.0
1945-05-05,0.014327477734651138,1.0,1.0
1945-05-07,0.013787758783887712,1.0,1.0
1945-05-08,0.013975562910044958,1.0,1.0
1945-05-09,0.03453612110003447,1.0,1.0
1945-05-10,0.08743117299605993,1.0,1.0
1945-05-11,0.03626475128891664,1.0,1.0
1945-05-12,0.024579154007627096,1.0,1.0
1945-05-14,0.020689724585474783,1.0,1.0
1945-05-15,0.015826578927328788,1.0,1.0
1945-05-16,0.014850899048875552,1.0,1.0
1945-05-17,0.015724022243903478,1.0,1.0
1945-05-18,0.016387234529637973,1.0,1.0
1945-05-19,0.014214068375132314,1.0,1.0
1945-05-21,0.017526782780789237,1.0,1.0
1945-05-22,0.01525519633334966,1.0,1.0
1945-05-23,0.03235569773320995,1.0,1.0
1945-05-24,0.016402431989713806,1.0,1.0
1945-05-25,0.01744112851195421,1.0,1.0
1945-05-26,0.014842398929232416,1.0,1.0
1945-05-28,0.01953820173492367,1.0,1.0
1945-05-29,0.01672580621796725,1.0,1.0
1945-05-31,0.01734468731258865,1.0,1.0
1945-06-01,0.0130620697491577,1.0,1.0
1945-06-02,0.011795238476993524,1.0,1.0
1945-06-04,0.011528485987446366,1.0,1.0
1945-06-05,0.011343670637238427,1.0,1.0
1945-06-06,0.01592919364858327,1.0,1.0
1945-06-07,0.01263066723345857,1.0,1.0
1945-06-08,0.011966397098538476,1.0,1.0
1945-06-09,0.01157932196179152,1.0,1.0
1945-06-11,0.013265189584705883,1.0,1.0
1945-06-12,0.011846127602080304,1.0,1.0
1945-06-13,0.012543853713542379,1.0,1.0
1945-06-14,0.013402014234054327,1.0,1.0
1945-06-15,0.012065099291016642,1.0,1.0
1945-06-16,0.011492480680368759,1.0,1.0
1945-06-18,0.013235412016357575,1.0,1.0
1945-06-19,0.011836962630963307,1.0,1.0
1945-06-20,0.013955194373839514,1.0,1.0
1945-06-21,0.013578574507132608,1.0,1.0
1945-06-22,0.012338566147915694,1.0,1.0
1945-06-23,0.011591804321484498,1.0,1.0
1945-06-25,0.012461870344062872,1.0,1.0
1945-06-26,0.011668351787153001,1.0,1.0
1945-06-27,0.01163887602068595,1.0,1.0
1945-06-28,0.5543845045272517,0.0,1.0
1945-06-29,0.4656794911670756,0.0,1.0
1945-06-30,0.2352331775780085,1.0,1.0
1945-07-02,0.0948206004827183,1.0,1.0
1945-07-03,0.037309008420710846,1.0,1.0
1945-07-05,0.1236382655207629,1.0,1.0
1945-07-06,0.048254705052891575,1.0,1.0
1945-07-09,0.04209383519388565,1.0,1.0
1945-07-10,0.02163405686696417,1.0,1.0
1945-07-11,0.018686781445797614,1.0,1.0
1945-07-12,0.013516482399323746,1.0,1.0
1945-07-13,0.014807139908187009,1.0,1.0
1945-07-16,0.025738323285914872,1.0,1.0
1945-07-17,0.6812454247367622,0.0,1.0
1945-07-18,0.3984604023292332,0.0,1.0
1945-07-19,0.20395669628949764,1.0,1.0
1945-07-20,0.07631484544827562,1.0,1.0
1945-07-23,0.07204782007381458,1.0,1.0
1945-07-24,0.029808372641898083,1.0,1.0
1945-07-25,0.03221589429716403,1.0,1.0
1945-07-26,0.4435896056470356,0.0,1.0
1945-07-27,0.19104108766654743,1.0,1.0
1945-07-30,0.1272925647498394,1.0,1.0
1945-07-31,0.05309915797707782,1.0,1.0
1945-08-01,0.023956495384812967,1.0,1.0
1945-08-02,0.01863906074682051,1.0,1.0
1945-08-03,0.015591966249517341,1.0,1.0
1945-08-06,0.012532116163803895,1.0,1.0
1945-08-07,0.09260566975102041,1.0,1.0
1945-08-08,0.03762354349700843,1.0,1.0
1945-08-09,0.20901234626129686,1.0,1.0
1945-08-10,0.07861045210293534,1.0,1.0
1945-08-13,0.08871063229571102,1.0,1.0
1945-08-14,0.04867461448191127,1.0,1.0
1945-08-17,0.02815110590100191,1.0,1.0
1945-08-20,0.13224544250764678,1.0,1.0
1945-08-21,0.051101094852264516,1.0,1.0
1945-08-22,0.031992450944749506,1.0,1.0
1945-08-23,0.23326818266098803,1.0,1.0
1945-08-24,0.24310762961256016,1.0,1.0
1945-08-27,0.4143683628360101,0.0,1.0
1945-08-28,0.1702845616512206,1.0,1.0
1945-08-29,0.06389796685375745,1.0,1.0
1945-08-30,0.028616045721168413,1.0,1.0
1945-08-31,0.03676630895781397,1.0,1.0
1945-09-04,0.018914793761165463,1.0,1.0
1945-09-05,0.013535932638466598,1.0,1.0
1945-09-06,0.0360090262459181,1.0,1.0
1945-09-07,0.018656611175652402,1.0,1.0
1945-09-08,0.01345924926631677,1.0,1.0
1945-09-10,0.012053413058024445,1.0,1.0
1945-09-11,0.012195553378623557,1.0,1.0
1945-09-12,0.014083684075697406,1.0,1.0
1945-09-13,0.0121296214835215,1.0,1.0
1945-09-14,0.01587857377591322,1.0,1.0
1945-09-15,0.12083830161609067,1.0,1.0
1945-09-17,0.06231394840635257,1.0,1.0
1945-09-18,0.35953344993167147,0.0,1.0
1945-09-19,0.266274414206146,1.0,1.0
1945-09-20,0.11220340625285113,1.0,1.0
1945-09-21,0.05192417865564257,1.0,1.0
1945-09-22,0.0249173268780136,1.0,1.0
1945-09-24,0.015356643486409072,1.0,1.0
1945-09-25,0.012473710100407506,1.0,1.0
1945-09-26,0.012201117950962851,1.0,1.0
1945-09-27,0.01280780915865364,1.0,1.0
1945-09-28,0.020569914464926956,1.0,1.0
1945-09-29,0.01811779025563028,1.0,1.0
1945-10-01,0.0226130062093117,1.0,1.0
1945-10-02,0.014620434907013355,1.0,1.0
1945-10-03,0.012424733499250948,1.0,1.0
1945-10-04,0.01163924286470745,1.0,1.0
1945-10-05,0.012556005551821061,1.0,1.0
1945-10-06,0.01372924125758476,1.0,1.0
1945-10-08,0.013910603086672843,1.0,1.0
1945-10-09,0.01218809902661924,1.0,1.0
1945-10-10,0.012817164625749342,1.0,1.0
1945-10-11,0.011857606327238287,1.0,1.0
1945-10-15,0.012075646204269666,1.0,1.0
1945-10-16,0.011664176236800392,1.0,1.0
1945-10-17,0.01207413967260337,1.0,1.0
1945-10-18,0.011668377693778244,1.0,1.0
1945-10-19,0.02916183881499501,1.0,1.0
1945-10-20,0.016913483611655292,1.0,1.0
1945-10-22,0.014884593145198952,1.0,1.0
1945-10-23,0.02670143746060911,1.0,1.0
1945-10-24,0.09221899520608223,1.0,1.0
1945-10-25,0.044873702715867846,1.0,1.0
1945-10-26,0.025341519020973233,1.0,1.0
1945-10-29,0.031102245735721467,1.0,1.0
1945-10-30,0.017730567892565965,1.0,1.0
1945-10-31,0.0760327494734476,1.0,1.0
1945-11-01,0.10849804505760073,1.0,1.0
1945-11-02,0.041672878007591056,1.0,1.0
1945-11-03,0.020380063674928325,1.0,1.0
1945-11-05,0.017685840603136133,1.0,1.0
1945-11-07,0.04131342721252526,1.0,1.0
1945-11-08,0.018192421333088373,1.0,1.0
1945-11-09,0.012086389356960922,1.0,1.0
1945-11-10,0.010222834060189038,1.0,1.0
1945-11-13,0.011721236482418957,1.0,1.0
1945-11-14,0.011950462574046576,1.0,1.0
1945-11-15,0.015238648523978073,1.0,1.0
1945-11-16,0.016502335025731465,1.0,1.0
1945-11-17,0.01150940580507296,1.0,1.0
1945-11-19,0.010658367769900205,1.0,1.0
1945-11-20,0.011311961027437197,1.0,1.0
1945-11-21,0.04949884896629944,1.0,1.0
1945-11-23,0.06760035924852215,1.0,1.0
1945-11-24,0.05103480229127987,1.0,1.0
1945-11-26,0.08589781324052218,1.0,1.0
1945-11-27,0.1253082320313676,1.0,1.0
1945-11-28,0.050688572055630376,1.0,1.0
1945-11-29,0.02202302049610556,1.0,1.0
1945-11-30,0.03237512868763508,1.0,1.0
1945-12-01,0.020669418090745347,1.0,1.0
1945-12-03,0.02339223561351569,1.0,1.0
1945-12-04,0.014205831208651057,1.0,1.0
1945-12-05,0.010808607191236946,1.0,1.0
1945-12-06,0.014539753761951654,1.0,1.0
1945-12-07,0.011370534426990566,1.0,1.0
1945-12-08,0.011221329840580468,1.0,1.0
1945-12-10,0.01018116845725817,1.0,1.0
1945-12-11,0.01052753947737775,1.0,1.0
1945-12-12,0.11216359490074172,1.0,1.0
1945-12-13,0.053923264485588554,1.0,1.0
1945-12-14,0.02333190395883511,1.0,1.0
1945-12-15,0.014396092014979702,1.0,1.0
1945-12-17,0.9471427288307673,0.0,0.0
1945-12-18,0.7604978705757399,0.0,0.0
1945-12-19,0.4314070630664389,0.0,0.0
1945-12-20,0.2620708530525921,1.0,0.0
1945-12-21,0.10227076704650812,1.0,0.0
1945-12-22,0.09030676583287245,1.0,0.0
1945-12-26,0.10819634818382146,1.0,0.0
1945-12-27,0.07182272613370351,1.0,1.0
1945-12-28,0.02883210315683058,1.0,1.0
1945-12-29,0.015555133693764055,1.0,1.0
1945-12-31,0.011509424316824208,1.0,1.0
1946-01-02,0.014815492609381305,1.0,1.0
1946-01-03,0.012738131073006954,1.0,1.0
1946-01-04,0.011231713685689888,1.0,1.0
1946-01-05,0.010526382981079186,1.0,1.0
1946-01-07,0.009715441794853837,1.0,1.0
1946-01-08,0.35975691696834017,0.0,1.0
1946-01-09,0.5264588182174369,0.0,1.0
1946-01-10,0.2874432061452573,1.0,1.0
1946-01-11,0.11354183239775155,1.0,1.0
1946-01-12,0.061421529510902885,1.0,1.0
1946-01-14,0.14437403674782107,1.0,1.0
1946-01-15,0.05402050337600399,1.0,1.0
1946-01-16,0.023095711377501837,1.0,1.0
1946-01-17,0.015512339126027211,1.0,1.0
1946-01-18,0.012278259546398065,1.0,1.0
1946-01-19,0.025660085632162957,1.0,1.0
1946-01-21,0.3438327643513531,0.0,1.0
1946-01-22,0.1705109496789683,1.0,1.0
1946-01-23,0.15949426566859085,1.0,1.0
1946-01-24,0.06423432768032107,1.0,1.0
1946-01-25,0.028023693610307116,1.0,1.0
1946-01-26,0.01499663090803018,1.0,1.0
1946-01-28,0.6092321966582235,0.0,1.0
1946-01-29,0.29855304300796903,1.0,1.0
1946-01-30,0.15504368969004975,1.0,1.0
1946-01-31,0.06485998158814514,1.0,1.0
1946-02-01,0.03285199037743263,1.0,1.0
1946-02-02,0.019909154928573144,1.0,1.0
1946-02-04,0.019270436445939964,1.0,1.0
1946-02-05,0.013157000133186712,1.0,1.0
1946-02-06,0.018356675329940234,1.0,1.0
1946-02-07,0.012375800319450792,1.0,1.0
1946-02-08,0.012286789870107059,1.0,1.0
1946-02-09,0.025180644134661076,1.0,1.0
1946-02-11,0.02325034148294633,1.0,1.0
1946-02-13,0.06646232950047232,1.0,1.0
1946-02-14,0.041356823919483324,1.0,1.0
1946-02-15,0.32763892400739586,0.0,1.0
1946-02-16,0.2471361669201725,1.0,1.0
1946-02-18,0.560404973443759,0.0,1.0
1946-02-19,0.999983644787162,0.0,0.0
1946-02-20,0.9900722707171193,0.0,0.0
1946-02-21,0.9932876552792596,0.0,0.0
1946-02-25,0.9999999998840657,0.0,0.0
1946-02-26,0.8374605994896365,0.0,0.0
1946-02-27,0.9825863919931337,0.0,0.0
1946-02-28,0.7854784149238007,0.0,0.0
1946-03-01,0.4828452999300108,0.0,0.0
1946-03-02,0.30928462822573477,0.0,0.0
1946-03-04,0.12388806393504419,1.0,0.0
1946-03-05,0.14560661594289107,1.0,0.0
1946-03-06,0.06496218997645728,1.0,1.0
1946-03-07,0.04116581566106097,1.0,1.0
1946-03-08,0.029651333761442595,1.0,1.0
1946-03-09,0.015908792829179123,1.0,1.0
1946-03-11,0.03127077541876997,1.0,1.0
1946-03-12,0.016662814220434113,1.0,1.0
1946-03-13,0.2187298657487038,1.0,1.0
1946-03-14,0.08349232593357092,1.0,1.0
1946-03-15,0.08070971417036638,1.0,1.0
1946-03-16,0.07855977015098366,1.0,1.0
1946-03-18,0.04549189187018938,1.0,1.0
1946-03-19,0.026255220578191463,1.0,1.0
1946-03-20,0.023186670684795286,1.0,1.0
1946-03-21,0.017128657000345115,1.0,1.0
1946-03-22,0.011964489121518906,1.0,1.0
1946-03-23,0.010930132188116979,1.0,1.0
1946-03-25,0.06888056472746777,1.0,1.0
1946-03-26,0.028089905234044588,1.0,1.0
1946-03-27,0.02657388098799211,1.0,1.0
1946-03-28,0.015355179527276963,1.0,1.0
1946-03-29,0.016986114405004485,1.0,1.0
1946-03-30,0.011999488024253348,1.0,1.0
1946-04-01,0.010659779618361028,1.0,1.0
1946-04-02,0.009745800448779244,1.0,1.0
1946-04-03,0.05980827563778119,1.0,1.0
1946-04-04,0.062468422417266974,1.0,1.0
1946-04-05,0.0265121772357551,1.0,1.0
1946-04-06,0.014717896832978769,1.0,1.0
1946-04-08,0.01100184128051415,1.0,1.0
1946-04-09,0.02578624208377509,1.0,1.0
1946-04-10,0.015683728707203002,1.0,1.0
1946-04-11,0.012940608786692545,1.0,1.0
1946-04-12,0.010638212117938688,1.0,1.0
1946-04-13,0.013767753043035671,1.0,1.0
1946-04-15,0.010640132025459709,1.0,1.0
1946-04-16,0.0347117460813177,1.0,1.0
1946-04-17,0.016856942431879744,1.0,1.0
1946-04-18,0.01232508185345809,1.0,1.0
1946-04-20,0.01012153658191525,1.0,1.0
1946-04-22,0.009791199891203039,1.0,1.0
1946-04-23,0.010668658904040921,1.0,1.0
1946-04-24,0.02049508933714717,1.0,1.0
1946-04-25,0.019529557425685237,1.0,1.0
1946-04-26,0.012404362300299504,1.0,1.0
1946-04-27,0.013674552554061446,1.0,1.0
1946-04-29,0.010483448920857499,1.0,1.0
1946-04-30,0.00987304627770671,1.0,1.0
1946-05-01,0.010543103349579282,1.0,1.0
1946-05-02,0.01223525283856994,1.0,1.0
1946-05-03,0.022648360020980668,1.0,1.0
1946-05-04,0.016978280726883715,1.0,1.0
1946-05-06,0.022065691907564352,1.0,1.0
1946-05-07,0.09015704676013965,1.0,1.0
1946-05-08,0.034194016622689914,1.0,1.0
1946-05-09,0.016626174374509643,1.0,1.0
1946-05-10,0.07969708338571838,1.0,1.0
1946-05-11,0.03540870788670234,1.0,1.0
1946-05-13,0.018009299372856568,1.0,1.0
1946-05-14,0.013435263503034424,1.0,1.0
1946-05-15,0.017214418509098176,1.0,1.0
1946-05-16,0.013843898355379615,1.0,1.0
1946-05-17,0.01081116990376216,1.0,1.0
1946-05-18,0.013006525106470232,1.0,1.0
1946-05-20,0.014930292439590336,1.0,1.0
1946-05-21,0.011271884129513703,1.0,1.0
1946-05-22,0.01135839694369496,1.0,1.0
1946-05-23,0.010129873892599587,1.0,1.0
1946-05-24,0.009578235473383101,1.0,1.0
1946-05-27,0.01712326884473901,1.0,1.0
1946-05-28,0.034824277520532396,1.0,1.0
1946-05-29,0.016923662437787253,1.0,1.0
1946-05-31,0.011745813129343283,1.0,1.0
1946-06-03,0.01593925759554514,1.0,1.0
1946-06-04,0.017915721159545553,1.0,1.0
1946-06-05,0.019959722331329678,1.0,1.0
1946-06-06,0.012558563779765905,1.0,1.0
1946-06-07,0.010159023403499334,1.0,1.0
1946-06-10,0.009484845765325071,1.0,1.0
1946-06-11,0.026841587128745046,1.0,1.0
1946-06-12,0.014424172420080435,1.0,1.0
1946-06-13,0.013330635925916637,1.0,1.0
1946-06-14,0.01106696344325091,1.0,1.0
1946-06-17,0.009723402305343434,1.0,1.0
1946-06-18,0.15125119088225666,1.0,1.0
1946-06-19,0.09186847299042829,1.0,1.0
1946-06-20,0.823425926766759,0.0,1.0
1946-06-21,0.6118542583001643,0.0,1.0
1946-06-24,0.3047674571161046,0.0,1.0
1946-06-25,0.19004343601180076,1.0,1.0
1946-06-26,0.08528467279575937,1.0,1.0
1946-06-27,0.36721111028356845,0.0,1.0
1946-06-28,0.14679944129534236,1.0,1.0
1946-07-01,0.07341271274025803,1.0,1.0
1946-07-02,0.03234711015507631,1.0,1.0
1946-07-03,0.01694603992910415,1.0,1.0
1946-07-05,0.01240639226112167,1.0,1.0
1946-07-08,0.011546174129183153,1.0,1.0
1946-07-09,0.010576017937769574,1.0,1.0
1946-07-10,0.009831355329324153,1.0,1.0
1946-07-11,0.013373833077492184,1.0,1.0
1946-07-12,0.026684726602806713,1.0,1.0
1946-07-15,0.3403038169613601,0.0,1.0
1946-07-16,0.14433820298488773,1.0,1.0
1946-07-17,0.06102811120376099,1.0,1.0
1946-07-18,0.02553362900119461,1.0,1.0
1946-07-19,0.018275616534163742,1.0,1.0
1946-07-22,0.01514867065201957,1.0,1.0
1946-07-23,0.9957264726733777,0.0,0.0
1946-07-24,0.766899297010386,0.0,0.0
1946-07-25,0.5258058257319461,0.0,0.0
1946-07-26,0.2791396849415955,1.0,0.0
1946-07-29,0.11306513954636584,1.0,0.0
1946-07-30,0.0530955967929115,1.0,1.0
1946-07-31,0.06008860682154908,1.0,1.0
1946-08-01,0.028730396377334638,1.0,1.0
1946-08-02,0.014974775270627488,1.0,1.0
1946-08-05,0.015721677999362502,1.0,1.0
1946-08-06,0.013774788159250236,1.0,1.0
1946-08-07,0.018226112688278038,1.0,1.0
1946-08-08,0.013851535090788144,1.0,1.0
1946-08-09,0.012032236713317369,1.0,1.0
1946-08-12,0.010003881159689748,1.0,1.0
1946-08-13,0.012315007837727338,1.0,1.0
1946-08-14,0.010348507514739617,1.0,1.0
1946-08-15,0.02998690510490618,1.0,1.0
1946-08-16,0.03559206437727397,1.0,1.0
1946-08-19,0.01974067578208279,1.0,1.0
1946-08-20,0.01590383662912042,1.0,1.0
1946-08-21,0.025053097288804664,1.0,1.0
1946-08-22,0.2284804233847579,1.0,1.0
1946-08-23,0.10334205279146191,1.0,1.0
1946-08-26,0.06086471536486521,1.0,1.0
1946-08-27,0.9997720155136993,0.0,0.0
1946-08-28,0.916720597064623,0.0,0.0
1946-08-29,0.6418514444301986,0.0,0.0
1946-08-30,0.39640246955784125,0.0,0.0
1946-09-03,1.0,0.0,0.0
1946-09-04,0.8827789412844459,0.0,0.0
1946-09-05,0.9999947749900819,0.0,0.0
1946-09-06,0.9373873739473064,0.0,0.0
1946-09-09,0.9999999999999681,0.0,0.0
1946-09-10,0.9997847769327521,0.0,0.0
1946-09-11,0.9999358429196451,0.0,0.0
1946-09-12,0.7739359276104663,0.0,0.0
1946-09-13,0.9488759143356024,0.0,0.0
1946-09-16,0.7616555294984205,0.0,0.0
1946-09-17,0.5872980291920238,0.0,0.0
1946-09-18,0.9999691905713749,0.0,0.0
1946-09-19,0.9999783835208534,0.0,0.0
1946-09-20,0.9986615798111419,0.0,0.0
1946-09-23,0.986119577312243,0.0,0.0
1946-09-24,0.9778922174246895,0.0,0.0
1946-09-25,0.9983114732851599,0.0,0.0
1946-09-26,0.9035506019567124,0.0,0.0
1946-09-27,0.7488200459205483,0.0,0.0
1946-09-30,0.7547283330883547,0.0,0.0
1946-10-01,0.4665121501610355,0.0,0.0
1946-10-02,0.33950381645072214,0.0,0.0
1946-10-03,0.1715426572278702,1.0,0.0
1946-10-04,0.21128051915483329,1.0,0.0
1946-10-05,0.12894984785720903,1.0,0.0
1946-10-07,0.048127889302210125,1.0,1.0
1946-10-08,0.08830909229269261,1.0,1.0
1946-10-09,0.9974594881852057,0.0,0.0
1946-10-10,0.9184138759096259,0.0,0.0
1946-10-11,0.9896605500985218,0.0,0.0
1946-10-14,0.8524663990035184,0.0,0.0
1946-10-15,0.9999996772920655,0.0,0.0
1946-10-16,0.7689205452364734,0.0,0.0
1946-10-17,0.9654178303457346,0.0,0.0
1946-10-18,0.7120805929437095,0.0,0.0
1946-10-19,0.3817519232124639,0.0,0.0
1946-10-21,0.14948311651926405,1.0,0.0
1946-10-22,0.08651362299905396,1.0,0.0
1946-10-23,0.09106773972969458,1.0,0.0
1946-10-24,0.03398405822262875,1.0,1.0
1946-10-25,0.02439641006328887,1.0,1.0
1946-10-26,0.01442870985632218,1.0,1.0
1946-10-28,0.3021543645461392,0.0,1.0
1946-10-29,0.27527856940676076,0.0,1.0
1946-10-30,0.10235739421719178,1.0,1.0
1946-10-31,0.9992389713358075,0.0,0.0
1946-11-01,0.9871189164900462,0.0,0.0
1946-11-02,0.7772290054335363,0.0,0.0
1946-11-04,0.5428386040858526,0.0,0.0
1946-11-06,0.9999993885165852,0.0,0.0
1946-11-07,0.7709117383516388,0.0,0.0
1946-11-08,0.48174785964530564,0.0,0.0
1946-11-09,0.36137549032052463,0.0,0.0
1946-11-12,0.18043264692506664,1.0,0.0
1946-11-13,0.13722188584615058,1.0,0.0
1946-11-14,0.05988636692806626,1.0,1.0
1946-11-15,0.07214036003793532,1.0,1.0
1946-11-16,0.02909185905229902,1.0,1.0
1946-11-18,0.0451188268027698,1.0,1.0
1946-11-19,0.026533361573106852,1.0,1.0
1946-11-20,0.027107752708266465,1.0,1.0
1946-11-21,0.35683361838044175,0.0,1.0
1946-11-22,0.18894063467756453,1.0,1.0
1946-11-23,0.4310265171884116,0.0,1.0
1946-11-25,0.19360120115571655,1.0,1.0
1946-11-26,0.24387595718931288,1.0,1.0
1946-11-27,0.15641757872161227,1.0,1.0
1946-11-29,0.1258620812194939,1.0,1.0
1946-11-30,0.045204565849508986,1.0,1.0
1946-12-02,0.26521206286811644,0.0,1.0
1946-12-03,0.10312060005358996,1.0,1.0
1946-12-04,0.4234847536434604,0.0,1.0
1946-12-05,0.24065473766712367,1.0,1.0
1946-12-06,0.09615422191023207,1.0,1.0
1946-12-07,0.05920645035173764,1.0,1.0
1946-12-09,0.9973798490169881,0.0,0.0
1946-12-10,0.748239909957481,0.0,0.0
1946-12-11,0.3992768247694519,0.0,0.0
1946-12-12,0.49441912567820767,0.0,0.0
1946-12-13,0.20720148346464506,1.0,0.0
1946-12-14,0.09184898547001302,1.0,0.0
1946-12-16,0.03528161484927587,1.0,1.0
1946-12-17,0.022474250172543526,1.0,1.0
1946-12-18,0.013614974378333998,1.0,1.0
1946-12-19,0.07257410614845523,1.0,1.0
1946-12-20,0.02941343883472559,1.0,1.0
1946-12-21,0.015573938988885592,1.0,1.0
1946-12-23,0.0248375361225825,1.0,1.0
1946-12-24,0.015113263155009672,1.0,1.0
1946-12-26,0.025935069592422862,1.0,1.0
1946-12-27,0.015290423654539049,1.0,1.0
1946-12-28,0.012288600109736016,1.0,1.0
1946-12-30,0.011142435555734923,1.0,1.0
1946-12-31,0.01557540510661627,1.0,1.0
1947-01-02,0.018591231245430388,1.0,1.0
1947-01-03,0.012288569249202805,1.0,1.0
1947-01-04,0.010831227325618751,1.0,1.0
1947-01-06,0.017835325361622092,1.0,1.0
1947-01-07,0.024038054884649163,1.0,1.0
1947-01-08,0.013899546146440721,1.0,1.0
1947-01-09,0.011067986210914498,1.0,1.0
1947-01-10,0.06018637022783216,1.0,1.0
1947-01-11,0.16923991984826542,1.0,1.0
1947-01-13,0.5998839788538798,0.0,1.0
1947-01-14,0.2848287858978801,0.0,1.0
1947-01-15,0.14711591765273954,1.0,1.0
1947-01-16,0.054227909933466545,1.0,1.0
1947-01-17,0.26069622172271656,0.0,1.0
1947-01-18,0.22315476094608938,1.0,1.0
1947-01-20,0.28675441677530544,0.0,1.0
1947-01-21,0.12465448195704733,1.0,1.0
1947-01-22,0.046580786270771876,1.0,1.0
1947-01-23,0.03432753636900005,1.0,1.0
1947-01-24,0.017380206823906456,1.0,1.0
1947-01-25,0.01217980928754557,1.0,1.0
1947-01-27,0.01521424899137304,1.0,1.0
1947-01-28,0.015684422430724515,1.0,1.0
1947-01-29,0.03673623153600974,1.0,1.0
1947-01-30,0.019035797169525897,1.0,1.0
1947-01-31,0.01336965080147094,1.0,1.0
1947-02-01,0.01385298718067031,1.0,1.0
1947-02-03,0.011428751825673168,1.0,1.0
1947-02-04,0.010231854184201836,1.0,1.0
1947-02-05,0.010093723336975982,1.0,1.0
1947-02-06,0.01071587665822947,1.0,1.0
1947-02-07,0.06219595831518652,1.0,1.0
1947-02-08,0.027180688560033212,1.0,1.0
1947-02-10,0.028827072024456696,1.0,1.0
1947-02-11,0.01727373842540537,1.0,1.0
1947-02-13,0.04607279729509235,1.0,1.0
1947-02-14,0.022148074744835725,1.0,1.0
1947-02-15,0.013465276783776911,1.0,1.0
1947-02-17,0.010847824283051023,1.0,1.0
1947-02-18,0.010708523920977035,1.0,1.0
1947-02-19,0.02267568024376328,1.0,1.0
1947-02-20,0.01360618175981193,1.0,1.0
1947-02-21,0.01170211061393009,1.0,1.0
1947-02-24,0.019592029536199346,1.0,1.0
1947-02-25,0.09356962532310999,1.0,1.0
1947-02-26,0.15022500992631765,1.0,1.0
1947-02-27,0.17924934753825325,1.0,1.0
1947-02-28,0.07900603991595856,1.0,1.0
1947-03-01,0.030343278911125017,1.0,1.0
1947-03-03,0.019572983384634143,1.0,1.0
1947-03-04,0.012859468964814241,1.0,1.0
1947-03-05,0.03076257793495341,1.0,1.0
1947-03-06,0.01742432502698973,1.0,1.0
1947-03-07,0.995959959897091,0.0,0.0
1947-03-08,0.8098760411466088,0.0,0.0
1947-03-10,0.5309225550708373,0.0,0.0
1947-03-11,0.46947043251638215,0.0,0.0
1947-03-12,0.2694296528849415,0.0,0.0
1947-03-13,0.09999777126970329,1.0,0.0
1947-03-14,0.17946522925020608,1.0,0.0
1947-03-15,0.06725897335603348,1.0,0.0
1947-03-17,0.02921112123622293,1.0,1.0
1947-03-18,0.03392497940370295,1.0,1.0
1947-03-19,0.02132822916247403,1.0,1.0
1947-03-20,0.015205839099538822,1.0,1.0
1947-03-21,0.024668341443153063,1.0,1.0
1947-03-22,0.015119384832311535,1.0,1.0
1947-03-24,0.021427136585890388,1.0,1.0
1947-03-25,0.024993835455681183,1.0,1.0
1947-03-26,0.04343525299148167,1.0,1.0
1947-03-27,0.09314273892618917,1.0,1.0
1947-03-28,0.04054523240905579,1.0,1.0
1947-03-29,0.0213513304172006,1.0,1.0
1947-03-31,0.02704777190749932,1.0,1.0
1947-04-01,0.015471711279933383,1.0,1.0
1947-04-02,0.012172524028330259,1.0,1.0
1947-04-03,0.01350601056341104,1.0,1.0
1947-04-05,0.011760723187967994,1.0,1.0
1947-04-07,0.030950185678666912,1.0,1.0
1947-04-08,0.09782162681954931,1.0,1.0
1947-04-09,0.03835278478474027,1.0,1.0
1947-04-10,0.0188096001331568,1.0,1.0
1947-04-11,0.024026113779441298,1.0,1.0
1947-04-12,0.05866789008945381,1.0,1.0
1947-04-14,0.9979196999441434,0.0,0.0
1947-04-15,0.742144221448614,0.0,0.0
1947-04-16,0.5897249670499763,0.0,0.0
1947-04-17,0.26797818959625025,0.0,0.0
1947-04-18,0.3903109212258886,0.0,0.0
1947-04-19,0.3501251052276497,0.0,0.0
1947-04-21,0.2046450778135723,1.0,0.0
1947-04-22,0.09255141727085546,1.0,0.0
1947-04-23,0.035259697361332255,1.0,1.0
1947-04-24,0.027429393465639353,1.0,1.0
1947-04-25,0.03764121826296546,1.0,1.0
1947-04-26,0.018557356850220846,1.0,1.0
1947-04-28,0.013300369468946843,1.0,1.0
1947-04-29,0.012252198536772603,1.0,1.0
1947-04-30,0.0440134145189587,1.0,1.0
1947-05-01,0.036985852690923464,1.0,1.0
1947-05-02,0.02147630446835384,1.0,1.0
1947-05-03,0.01406059807022445,1.0,1.0
1947-05-05,0.011799758961405915,1.0,1.0
1947-05-06,0.03837592210818204,1.0,1.0
1947-05-07,0.01923277759939352,1.0,1.0
1947-05-08,0.01884651309620314,1.0,1.0
1947-05-09,0.01424670782394602,1.0,1.0
1947-05-10,0.0119320782035682,1.0,1.0
1947-05-12,0.04742472211487559,1.0,1.0
1947-05-13,0.40966684883515947,0.0,1.0
1947-05-14,0.2123637347834212,1.0,1.0
1947-05-15,0.1156116260242338,1.0,1.0
1947-05-16,0.8109851265838292,0.0,1.0
1947-05-17,0.9206949712625254,0.0,0.0
1947-05-19,0.6079222411917945,0.0,0.0
1947-05-20,0.32166042490176916,0.0,0.0
1947-05-21,0.48530923155645656,0.0,0.0
1947-05-22,0.36055326288351375,0.0,0.0
1947-05-23,0.14933622823886658,1.0,0.0
1947-05-24,0.05431408146325205,1.0,1.0
1947-05-26,0.03599007413993224,1.0,1.0
1947-05-27,0.01886192079658976,1.0,1.0
1947-05-28,0.13329501276939718,1.0,1.0
1947-05-29,0.07871034845908546,1.0,1.0
1947-06-02,0.09786307049723801,1.0,1.0
1947-06-03,0.08899250020786587,1.0,1.0
1947-06-04,0.04134231174760163,1.0,1.0
1947-06-05,0.019906128104442537,1.0,1.0
1947-06-06,0.016237461225072206,1.0,1.0
1947-06-09,0.015315448708821242,1.0,1.0
1947-06-10,0.017364123223541462,1.0,1.0
1947-06-11,0.6858703174562556,0.0,1.0
1947-06-12,0.3558252637001271,0.0,1.0
1947-06-13,0.28140451510578185,0.0,1.0
1947-06-16,0.10405012671208591,1.0,1.0
1947-06-17,0.04448582592363194,1.0,1.0
1947-06-18,0.021078614564618545,1.0,1.0
1947-06-19,0.03237843397816962,1.0,1.0
1947-06-20,0.020237450865151798,1.0,1.0
1947-06-23,0.016654475739274123,1.0,1.0
1947-06-24,0.32696803429513827,0.0,1.0
1947-06-25,0.1714142140279735,1.0,1.0
1947-06-26,0.06931419347278599,1.0,1.0
1947-06-27,0.02809836587349143,1.0,1.0
1947-06-30,0.01730155967418206,1.0,1.0
1947-07-01,0.08799688450434771,1.0,1.0
1947-07-02,0.034038042683962995,1.0,1.0
1947-07-03,0.04785021130177991,1.0,1.0
1947-07-07,0.02221248777711501,1.0,1.0
1947-07-08,0.015638134460185873,1.0,1.0
1947-07-09,0.02273782449754642,1.0,1.0
1947-07-10,0.023295605907271786,1.0,1.0
1947-07-11,0.04477911353778112,1.0,1.0
1947-07-14,0.033704162140755896,1.0,1.0
1947-07-15,0.018600915154161995,1.0,1.0
1947-07-16,0.013664673986826957,1.0,1.0
1947-07-17,0.021354324413406494,1.0,1.0
1947-07-18,0.014025004839666238,1.0,1.0
1947-07-21,0.01253660817433187,1.0,1.0
1947-07-22,0.01130096678783847,1.0,1.0
1947-07-23,0.015730623471435185,1.0,1.0
1947-07-24,0.03173901585641862,1.0,1.0
1947-07-25,0.01736118419731469,1.0,1.0
1947-07-28,0.027057862812113455,1.0,1.0
1947-07-29,0.6542149758231651,0.0,1.0
1947-07-30,0.4533293287327188,0.0,1.0
1947-07-31,0.5286957677789442,0.0,1.0
1947-08-01,0.23199122574407208,1.0,1.0
1947-08-04,0.2630732573452693,0.0,1.0
1947-08-05,0.09839603671219933,1.0,1.0
1947-08-06,0.04658772567935431,1.0,1.0
1947-08-07,0.02121472254436672,1.0,1.0
1947-08-08,0.05554961208932309,1.0,1.0
1947-08-11,0.03473072680422402,1.0,1.0
1947-08-12,0.032114600432608865,1.0,1.0
1947-08-13,0.017413014400875688,1.0,1.0
1947-08-14,0.012847455226847274,1.0,1.0
1947-08-15,0.02013245465463216,1.0,1.0
1947-08-18,0.015345514611038887,1.0,1.0
1947-08-19,0.014224465554544504,1.0,1.0
1947-08-20,0.015687460753839495,1.0,1.0
1947-08-21,0.009784464245151066,1.0,1.0
1947-08-22,0.008914461880887386,1.0,1.0
1947-08-25,0.1009056273377758,1.0,1.0
1947-08-26,0.03676459475286739,1.0,1.0
1947-08-27,0.01677935082414386,1.0,1.0
1947-08-28,0.01107815248083128,1.0,1.0
1947-08-29,0.013487557309771714,1.0,1.0
1947-09-02,0.011656918620792975,1.0,1.0
1947-09-03,0.009657864150751181,1.0,1.0
1947-09-04,0.060497371292085024,1.0,1.0
1947-09-05,0.026133394717795556,1.0,1.0
1947-09-08,0.10120733733528908,1.0,1.0
1947-09-09,0.03689939771363917,1.0,1.0
1947-09-10,0.032232315656186956,1.0,1.0
1947-09-11,0.016580753972306475,1.0,1.0
1947-09-12,0.01234429310002237,1.0,1.0
1947-09-15,0.012146214158553683,1.0,1.0
1947-09-16,0.016198773191443215,1.0,1.0
1947-09-17,0.06348111628550704,1.0,1.0
1947-09-18,0.028659571582582827,1.0,1.0
1947-09-19,0.01554866633042526,1.0,1.0
1947-09-22,0.01096398782030464,1.0,1.0
1947-09-23,0.05813924200920195,1.0,1.0
1947-09-24,0.02381001198093993,1.0,1.0
1947-09-25,0.019720845457190845,1.0,1.0
1947-09-26,0.012295731153626381,1.0,1.0
1947-09-29,0.010740836842339629,1.0,1.0
1947-09-30,0.016476339166990307,1.0,1.0
1947-10-01,0.012578852449445682,1.0,1.0
1947-10-02,0.009635941669385254,1.0,1.0
1947-10-03,0.012122949737936957,1.0,1.0
1947-10-04,0.009515935068018112,1.0,1.0
1947-10-06,0.008691526413540299,1.0,1.0
1947-10-07,0.008557313712816218,1.0,1.0
1947-10-08,0.012779189483152565,1.0,1.0
1947-10-09,0.011143478771863655,1.0,1.0
1947-10-10,0.009658496340709954,1.0,1.0
1947-10-11,0.00874988202844681,1.0,1.0
1947-10-14,0.04498902843503331,1.0,1.0
1947-10-15,0.020586277003410147,1.0,1.0
1947-10-16,0.01190035142915873,1.0,1.0
1947-10-17,0.009378818134907308,1.0,1.0
1947-10-18,0.009789356264437341,1.0,1.0
1947-10-20,0.012781055028903691,1.0,1.0
1947-10-21,0.010168286737223685,1.0,1.0
1947-10-22,0.01006307055267384,1.0,1.0
1947-10-23,0.008852722478329366,1.0,1.0
1947-10-24,0.05897226592327875,1.0,1.0
1947-10-25,0.023449867417464222,1.0,1.0
1947-10-27,0.012802527277921145,1.0,1.0
1947-10-28,0.009640621528041226,1.0,1.0
1947-10-29,0.011264527220595458,1.0,1.0
1947-10-30,0.05424441169522617,1.0,1.0
1947-10-31,0.029677327461995508,1.0,1.0
1947-11-01,0.014817169669682611,1.0,1.0
1947-11-03,0.010790578654361711,1.0,1.0
1947-11-05,0.014120002742782134,1.0,1.0
1947-11-06,0.010034910132096578,1.0,1.0
1947-11-07,0.009634063302611793,1.0,1.0
1947-11-08,0.008754895246538089,1.0,1.0
1947-11-10,0.009066872479509878,1.0,1.0
1947-11-12,0.009386753632864274,1.0,1.0
1947-11-13,0.014892825753161263,1.0,1.0
1947-11-14,0.010268955710581491,1.0,1.0
1947-11-15,0.008926247187710559,1.0,1.0
1947-11-17,0.008746237522787952,1.0,1.0
1947-11-18,0.01334364332821825,1.0,1.0
1947-11-19,0.010281974036762493,1.0,1.0
1947-11-20,0.009488348287668804,1.0,1.0
1947-11-21,0.010488339328981699,1.0,1.0
1947-11-22,0.00930792811116081,1.0,1.0
1947-11-24,0.01246133928585667,1.0,1.0
1947-11-25,0.01105695788115818,1.0,1.0
1947-11-26,0.009689059592486005,1.0,1.0
1947-11-28,0.022278415515368293,1.0,1.0
1947-11-29,0.013147253751950472,1.0,1.0
1947-12-01,0.01206041987786678,1.0,1.0
1947-12-02,0.009582309615304416,1.0,1.0
1947-12-03,0.01755499148274685,1.0,1.0
1947-12-04,0.01738989598588132,1.0,1.0
1947-12-05,0.09565864658181178,1.0,1.0
1947-12-06,0.03510785379600477,1.0,1.0
1947-12-08,0.026454297917455568,1.0,1.0
1947-12-09,0.015517417876845931,1.0,1.0
1947-12-10,0.010629287686740633,1.0,1.0
1947-12-11,0.009030413084359637,1.0,1.0
1947-12-12,0.011746048461682557,1.0,1.0
1947-12-13,0.012675057581152201,1.0,1.0
1947-12-15,0.012120291188490511,1.0,1.0
1947-12-16,0.009796764130388888,1.0,1.0
1947-12-17,0.009293196445378507,1.0,1.0
1947-12-18,0.008884723548074952,1.0,1.0
1947-12-19,0.009316155282982632,1.0,1.0
1947-12-20,0.014807458340577718,1.0,1.0
1947-12-22,0.011346800974874581,1.0,1.0
1947-12-23,0.009766768151678188,1.0,1.0
1947-12-24,0.00899472877057493,1.0,1.0
1947-12-26,0.017510155444823674,1.0,1.0
1947-12-27,0.01173045217085554,1.0,1.0
1947-12-29,0.01204086255426098,1.0,1.0
1947-12-30,0.01770353840115644,1.0,1.0
1947-12-31,0.013329146395037796,1.0,1.0
1948-01-02,0.010855362017501664,1.0,1.0
1948-01-05,0.024523616103729325,1.0,1.0
1948-01-06,0.021153406421098413,1.0,1.0
1948-01-07,0.015686444343978322,1.0,1.0
1948-01-08,0.0133493518126155,1.0,1.0
1948-01-09,0.012046734432117895,1.0,1.0
1948-01-10,0.009427035367544745,1.0,1.0
1948-01-12,0.014277434790365577,1.0,1.0
1948-01-13,0.08137766895579003,1.0,1.0
1948-01-14,0.0317531395806331,1.0,1.0
1948-01-15,0.0177250931462466,1.0,1.0
1948-01-16,0.011138871970852835,1.0,1.0
1948-01-17,0.009343228977339399,1.0,1.0
1948-01-19,0.05990170593566722,1.0,1.0
1948-01-20,0.023719526982479037,1.0,1.0
1948-01-21,0.040520764288354175,1.0,1.0
1948-01-22,0.037386320409057046,1.0,1.0
1948-01-23,0.019094934296753734,1.0,1.0
1948-01-24,0.011507250633101509,1.0,1.0
1948-01-26,0.00987627908506558,1.0,1.0
1948-01-27,0.008833948956776536,1.0,1.0
1948-01-28,0.014152310931171178,1.0,1.0
1948-01-29,0.022309858926434157,1.0,1.0
1948-01-30,0.012450089548978024,1.0,1.0
1948-01-31,0.012655794810247473,1.0,1.0
1948-02-02,0.01152360805729416,1.0,1.0
1948-02-03,0.01786922026737269,1.0,1.0
1948-02-04,0.3995171498307359,0.0,1.0
1948-02-05,0.4603271761528729,0.0,1.0
1948-02-06,0.19296400597865357,1.0,1.0
1948-02-07,0.09363699729826928,1.0,1.0
1948-02-09,0.03684486303399505,1.0,1.0
1948-02-10,0.9916168177211757,0.0,0.0
1948-02-11,0.7385048336890782,0.0,0.0
1948-02-13,0.3942709654655297,0.0,0.0
1948-02-14,0.1585178790849896,1.0,0.0
1948-02-16,0.22571716714354445,1.0,0.0
1948-02-17,0.08485121074341041,1.0,0.0
1948-02-18,0.035601793143097075,1.0,1.0
1948-02-19,0.02024961932234454,1.0,1.0
1948-02-20,0.018024590940980276,1.0,1.0
1948-02-21,0.013097260468552053,1.0,1.0
1948-02-24,0.011581944773330253,1.0,1.0
1948-02-25,0.01446149998083277,1.0,1.0
1948-02-26,0.017529375545373954,1.0,1.0
1948-02-27,0.01734085243881613,1.0,1.0
1948-02-28,0.015563565149547482,1.0,1.0
1948-03-01,0.01466291266476051,1.0,1.0
1948-03-02,0.015478674612837574,1.0,1.0
1948-03-03,0.012679682823225298,1.0,1.0
1948-03-04,0.013334710131846585,1.0,1.0
1948-03-05,0.011641361444135448,1.0,1.0
1948-03-06,0.012476987592081778,1.0,1.0
1948-03-08,0.02132446962146531,1.0,1.0
1948-03-09,0.02350313193709415,1.0,1.0
1948-03-10,0.016534266733254123,1.0,1.0
1948-03-11,0.012734933730729404,1.0,1.0
1948-03-12,0.011526045213752925,1.0,1.0
1948-03-13,0.012714243994572026,1.0,1.0
1948-03-15,0.011619336280873766,1.0,1.0
1948-03-16,0.2327533153668973,1.0,1.0
1948-03-17,0.12181635854249706,1.0,1.0
1948-03-18,0.07312923719229758,1.0,1.0
1948-03-19,0.2690574937588495,1.0,1.0
1948-03-20,0.9359390659608113,0.0,1.0
1948-03-22,0.6647144968845671,0.0,1.0
1948-03-23,0.3274640880381174,0.0,1.0
1948-03-24,0.12649040479304136,1.0,1.0
1948-03-25,0.051384950123385204,1.0,1.0
1948-03-27,0.025116342554094458,1.0,1.0
1948-03-29,0.01578719022735742,1.0,1.0
1948-03-30,0.02687828756266852,1.0,1.0
1948-03-31,0.10643279828091824,1.0,1.0
1948-04-01,0.041435752333500754,1.0,1.0
1948-04-02,0.02007858147978845,1.0,1.0
1948-04-03,0.013633762248149599,1.0,1.0
1948-04-05,0.012029057666888266,1.0,1.0
1948-04-06,0.013194092710656309,1.0,1.0
1948-04-07,0.012751550049801358,1.0,1.0
1948-04-08,0.011892673000348655,1.0,1.0
1948-04-09,0.011198289962852798,1.0,1.0
1948-04-10,0.01099371523428451,1.0,1.0
1948-04-12,0.011890231045844402,1.0,1.0
1948-04-13,0.011275247557812843,1.0,1.0
1948-04-14,0.011092814118448676,1.0,1.0
1948-04-15,0.01923765648734763,1.0,1.0
1948-04-16,0.014698757044300067,1.0,1.0
1948-04-17,0.012361836814425117,1.0,1.0
1948-04-19,0.013905890110201819,1.0,1.0
1948-04-20,0.01241974742032669,1.0,1.0
1948-04-21,0.013015743397477388,1.0,1.0
1948-04-22,0.02053856003092214,1.0,1.0
1948-04-23,0.016016452294826528,1.0,1.0
1948-04-24,0.012960261398608999,1.0,1.0
1948-04-26,0.05466464839979487,1.0,1.0
1948-04-27,0.02425466201220304,1.0,1.0
1948-04-28,0.015270225950342888,1.0,1.0
1948-04-29,0.012260477832968235,1.0,1.0
1948-04-30,0.012223859349312012,1.0,1.0
1948-05-01,0.012689631712224434,1.0,1.0
1948-05-03,0.017380902348699163,1.0,1.0
1948-05-04,0.012820159276308824,1.0,1.0
1948-05-05,0.01822290930008392,1.0,1.0
1948-05-06,0.017976326639748023,1.0,1.0
1948-05-07,0.01551466041421471,1.0,1.0
1948-05-08,0.012643965448192879,1.0,1.0
1948-05-10,0.011729076733613451,1.0,1.0
1948-05-11,0.01278271243159629,1.0,1.0
1948-05-12,0.011579378040871698,1.0,1.0
1948-05-13,0.014164088723373724,1.0,1.0
1948-05-14,0.3955716910999335,0.0,1.0
1948-05-15,0.29312431796638366,1.0,1.0
1948-05-17,0.1193897863509728,1.0,1.0
1948-05-18,0.13662282382269175,1.0,1.0
1948-05-19,0.05133818830661403,1.0,1.0
1948-05-20,0.038436798451697236,1.0,1.0
1948-05-21,0.020232766342474923,1.0,1.0
1948-05-22,0.013782475553865942,1.0,1.0
1948-05-24,0.012381372024346566,1.0,1.0
1948-05-25,0.013942693306213845,1.0,1.0
1948-05-26,0.021694376742483836,1.0,1.0
1948-05-27,0.014720579827013008,1.0,1.0
1948-05-28,0.01209290281391434,1.0,1.0
1948-06-01,0.011330985300963102,1.0,1.0
1948-06-02,0.011228245978197158,1.0,1.0
1948-06-03,0.013164258062436833,1.0,1.0
1948-06-04,0.024430666387152158,1.0,1.0
1948-06-07,0.01712681827688658,1.0,1.0
1948-06-08,0.10378431897788984,1.0,1.0
1948-06-09,0.048147477429253877,1.0,1.0
1948-06-10,0.022127650658580016,1.0,1.0
1948-06-11,0.014326394231619872,1.0,1.0
1948-06-14,0.011979862527871414,1.0,1.0
1948-06-15,0.011755322369882037,1.0,1.0
1948-06-16,0.016159508088445327,1.0,1.0
1948-06-17,0.013004468512095196,1.0,1.0
1948-06-18,0.012610504189540439,1.0,1.0
1948-06-21,0.03144963564003749,1.0,1.0
1948-06-22,0.01750284760586638,1.0,1.0
1948-06-23,0.021538371809281254,1.0,1.0
1948-06-24,0.0148038446852176,1.0,1.0
1948-06-25,0.014960351960958438,1.0,1.0
1948-06-28,0.06027050482477462,1.0,1.0
1948-06-29,0.027912655419468503,1.0,1.0
1948-06-30,0.019046019301264375,1.0,1.0
1948-07-01,0.014657533831207355,1.0,1.0
1948-07-02,0.017343954664389236,1.0,1.0
1948-07-06,0.012820499217228554,1.0,1.0
1948-07-07,0.013276760421345941,1.0,1.0
1948-07-08,0.011626489968197888,1.0,1.0
1948-07-09,0.020980191401216573,1.0,1.0
1948-07-12,0.017704754060820477,1.0,1.0
1948-07-13,0.023754723628899778,1.0,1.0
1948-07-14,0.018086426918832412,1.0,1.0
1948-07-15,0.3548577372003204,0.0,1.0
1948-07-16,0.6673967624205017,0.0,1.0
1948-07-19,0.9999909648454542,0.0,1.0
1948-07-20,0.9103622749804521,0.0,1.0
1948-07-21,0.5174406527764761,0.0,1.0
1948-07-22,0.2511613082573586,1.0,1.0
1948-07-23,0.09191892981505864,1.0,1.0
1948-07-26,0.0763550796401719,1.0,1.0
1948-07-27,0.06127421801662976,1.0,1.0
1948-07-28,0.03792580742196194,1.0,1.0
1948-07-29,0.04709033058998602,1.0,1.0
1948-07-30,0.28922426384053224,1.0,1.0
1948-08-02,0.10106335999800005,1.0,1.0
1948-08-03,0.039243548089380104,1.0,1.0
1948-08-04,0.1057361557854745,1.0,1.0
1948-08-05,0.04387426675148149,1.0,1.0
1948-08-06,0.023413461714664935,1.0,1.0
1948-08-09,0.04647041368271436,1.0,1.0
1948-08-10,0.08139134603586545,1.0,1.0
1948-08-11,0.07433410582768323,1.0,1.0
1948-08-12,0.03417484916131258,1.0,1.0
1948-08-13,0.02113131309408447,1.0,1.0
1948-08-16,0.01738533150971362,1.0,1.0
1948-08-17,0.04277420121860838,1.0,1.0
1948-08-18,0.02334630823328981,1.0,1.0
1948-08-19,0.01808625318587276,1.0,1.0
1948-08-20,0.023991651120766393,1.0,1.0
1948-08-23,0.07509079388774212,1.0,1.0
1948-08-24,0.03367075696763682,1.0,1.0
1948-08-25,0.022541587536541254,1.0,1.0
1948-08-26,0.017754576444391153,1.0,1.0
1948-08-27,0.019779358990265453,1.0,1.0
1948-08-30,0.024217049912221743,1.0,1.0
1948-08-31,0.019589387779941486,1.0,1.0
1948-09-01,0.07288343346054954,1.0,1.0
1948-09-02,0.04556659177130297,1.0,1.0
1948-09-03,0.02460409290019233,1.0,1.0
1948-09-07,0.020383112389533904,1.0,1.0
1948-09-08,0.22879142135710132,1.0,1.0
1948-09-09,0.7433789258561341,0.0,1.0
1948-09-10,0.33490289339174684,0.0,1.0
1948-09-13,0.2326592043532978,1.0,1.0
1948-09-14,0.13114077563811397,1.0,1.0
1948-09-15,0.04962862157243093,1.0,1.0
1948-09-16,0.025071979151150177,1.0,1.0
1948-09-17,0.027580364885090046,1.0,1.0
1948-09-20,0.5878715560710056,0.0,1.0
1948-09-21,0.29166585436368,1.0,1.0
1948-09-22,0.11824504823551343,1.0,1.0
1948-09-23,0.05450910695910809,1.0,1.0
1948-09-24,0.026410634216914357,1.0,1.0
1948-09-27,0.9406864243635733,0.0,1.0
1948-09-28,0.6836942372623043,0.0,1.0
1948-09-29,0.48876202896986587,0.0,1.0
1948-09-30,0.2163122626724575,1.0,1.0
1948-10-01,0.1712503629636578,1.0,1.0
1948-10-02,0.07272437410284821,1.0,1.0
1948-10-04,0.03879954389349163,1.0,1.0
1948-10-05,0.028192761975323867,1.0,1.0
1948-10-06,0.02040828871846588,1.0,1.0
1948-10-07,0.02162873177606552,1.0,1.0
1948-10-08,0.019090000152185347,1.0,1.0
1948-10-09,0.016887802164139182,1.0,1.0
1948-10-11,0.01666806445484511,1.0,1.0
1948-10-13,0.036808519865813544,1.0,1.0
1948-10-14,0.0227101697617298,1.0,1.0
1948-10-15,0.018354252276640323,1.0,1.0
1948-10-16,0.016922024875057635,1.0,1.0
1948-10-18,0.016815253012263637,1.0,1.0
1948-10-19,0.017992745884152034,1.0,1.0
1948-10-20,0.01933764225962613,1.0,1.0
1948-10-21,0.016929422086738373,1.0,1.0
1948-10-22,0.09804310990022108,1.0,1.0
1948-10-23,0.040271191452744375,1.0,1.0
1948-10-25,0.03597494530072604,1.0,1.0
1948-10-26,0.02196263902064356,1.0,1.0
1948-10-27,0.018953866509600747,1.0,1.0
1948-10-28,0.03335320054170013,1.0,1.0
1948-10-29,0.020873556026120038,1.0,1.0
1948-10-30,0.01763956376146883,1.0,1.0
1948-11-01,0.027854187359117624,1.0,1.0
1948-11-03,0.9999999982677341,0.0,1.0
1948-11-04,0.9270152304173102,0.0,1.0
1948-11-05,0.9999999944949656,0.0,1.0
1948-11-06,0.5820099890234111,0.0,1.0
1948-11-08,0.2301731990475287,1.0,1.0
1948-11-09,0.9998658661579966,0.0,1.0
1948-11-10,0.589335909411382,0.0,1.0
1948-11-12,0.24983470885960954,1.0,1.0
1948-11-13,0.08741450248822083,1.0,1.0
1948-11-15,0.1170120402834687,1.0,1.0
1948-11-16,0.04598975432092008,1.0,1.0
1948-11-17,0.029146041900241258,1.0,1.0
1948-11-18,0.020121900883133155,1.0,1.0
1948-11-19,0.01907751746393341,1.0,1.0
1948-11-20,0.01693399692178508,1.0,1.0
1948-11-22,0.030185478452052605,1.0,1.0
1948-11-23,0.022457097738730135,1.0,1.0
1948-11-24,0.2548121284839643,1.0,1.0
1948-11-26,0.08906905027396043,1.0,1.0
1948-11-27,0.03680462292176924,1.0,1.0
1948-11-29,0.04480025522987337,1.0,1.0
1948-11-30,0.028759638167353763,1.0,1.0
1948-12-01,0.19773563891415125,1.0,1.0
1948-12-02,0.07357046738772334,1.0,1.0
1948-12-03,0.03947903879921406,1.0,1.0
1948-12-04,0.038620876101323594,1.0,1.0
1948-12-06,0.022021536095406472,1.0,1.0
1948-12-07,0.0176558915710626,1.0,1.0
1948-12-08,0.017849941755151873,1.0,1.0
1948-12-09,0.01940867441935787,1.0,1.0
1948-12-10,0.017020889240347184,1.0,1.0
1948-12-11,0.025979272677319504,1.0,1.0
1948-12-13,0.019168751498779255,1.0,1.0
1948-12-14,0.025633392047519632,1.0,1.0
1948-12-15,0.023510950269007635,1.0,1.0
1948-12-16,0.02062554918752017,1.0,1.0
1948-12-17,0.01743850600539579,1.0,1.0
1948-12-18,0.016872591735553513,1.0,1.0
1948-12-20,0.01627313757009612,1.0,1.0
1948-12-21,0.0181833988850426,1.0,1.0
1948-12-22,0.016748569973649877,1.0,1.0
1948-12-23,0.01735807080851057,1.0,1.0
1948-12-24,0.024317328748990414,1.0,1.0
1948-12-27,0.025406892305308643,1.0,1.0
1948-12-28,0.04336867857722743,1.0,1.0
1948-12-29,0.07388443152853676,1.0,1.0
1948-12-30,0.030243109381403347,1.0,1.0
1948-12-31,0.0305837043496299,1.0,1.0
1949-01-03,0.24681321950050086,0.0,1.0
1949-01-04,0.08251669719742649,1.0,1.0
1949-01-05,0.08016873527453594,1.0,1.0
1949-01-06,0.7001050061358923,0.0,1.0
1949-01-07,0.3625904148422873,0.0,1.0
1949-01-08,0.11022662204279514,1.0,1.0
1949-01-10,0.0832868625468897,1.0,1.0
1949-01-11,0.032630967722014986,1.0,1.0
1949-01-12,0.021574446336598375,1.0,1.0
1949-01-13,0.028878937558988516,1.0,1.0
1949-01-14,0.057861451937001915,1.0,1.0
1949-01-15,0.02658848073049325,1.0,1.0
1949-01-17,0.019776428344025977,1.0,1.0
1949-01-18,0.018212671530266063,1.0,1.0
1949-01-19,0.01799047740043178,1.0,1.0
1949-01-20,0.019726472224586695,1.0,1.0
1949-01-21,0.019273777809519162,1.0,1.0
1949-01-22,0.017639884159519673,1.0,1.0
1949-01-24,0.02186250865648146,1.0,1.0
1949-01-25,0.03714080172742845,1.0,1.0
1949-01-26,0.026818201406926718,1.0,1.0
1949-01-27,0.026480301485861134,1.0,1.0
1949-01-28,0.02670500817094206,1.0,1.0
1949-01-29,0.019347613651182392,1.0,1.0
1949-01-31,0.01918210684542051,1.0,1.0
1949-02-01,0.020891406615540113,1.0,1.0
1949-02-02,0.018091895895703456,1.0,1.0
1949-02-03,0.02035292168229801,1.0,1.0
1949-02-04,0.18918117482351252,1.0,1.0
1949-02-05,0.5743147292565665,0.0,1.0
1949-02-07,0.3504713654126319,0.0,1.0
1949-02-08,0.11400209156999855,1.0,1.0
1949-02-09,0.05132719173861744,1.0,1.0
1949-02-10,0.16967913566553697,1.0,1.0
1949-02-11,0.054775320151116066,1.0,1.0
1949-02-14,0.025729794691920202,1.0,1.0
1949-02-15,0.020917169254027212,1.0,1.0
1949-02-16,0.02287589393515691,1.0,1.0
1949-02-17,0.03464162571957597,1.0,1.0
1949-02-18,0.02408142724796541,1.0,1.0
1949-02-19,0.020204320971997203,1.0,1.0
1949-02-21,0.021088287015158875,1.0,1.0
1949-02-23,0.04121520014958089,1.0,1.0
1949-02-24,0.07867022725667355,1.0,1.0
1949-02-25,0.03486557193761518,1.0,1.0
1949-02-26,0.0234901240232523,1.0,1.0
1949-02-28,0.0361322514245472,1.0,1.0
1949-03-01,0.025865548858134597,1.0,1.0
1949-03-02,0.01951904545695382,1.0,1.0
1949-03-03,0.018416303219304212,1.0,1.0
1949-03-04,0.01764100347079271,1.0,1.0
1949-03-05,0.03486148566294831,1.0,1.0
1949-03-07,0.024830751192077866,1.0,1.0
1949-03-08,0.020080251713483908,1.0,1.0
1949-03-09,0.019615083802607947,1.0,1.0
1949-03-10,0.01771356748690474,1.0,1.0
1949-03-11,0.03688141681741167,1.0,1.0
1949-03-12,0.02284505394087294,1.0,1.0
1949-03-14,0.018770156464736832,1.0,1.0
1949-03-15,0.03449243605196307,1.0,1.0
1949-03-16,0.028485923447419063,1.0,1.0
1949-03-17,0.021454421922853698,1.0,1.0
1949-03-18,0.020703775982197015,1.0,1.0
1949-03-19,0.018466049240299355,1.0,1.0
1949-03-21,0.019787496708521212,1.0,1.0
1949-03-22,0.043949061288572996,1.0,1.0
1949-03-23,0.052033359927378,1.0,1.0
1949-03-24,0.02679131899521794,1.0,1.0
1949-03-25,0.030717022581023923,1.0,1.0
1949-03-26,0.020267696954625995,1.0,1.0
1949-03-28,0.017866957357804164,1.0,1.0
1949-03-29,0.3194888487424333,0.0,1.0
1949-03-30,0.0983796081880228,1.0,1.0
1949-03-31,0.09390036677310483,1.0,1.0
1949-04-01,0.06872492202423447,1.0,1.0
1949-04-02,0.030027781290861418,1.0,1.0
1949-04-04,0.02004414891446726,1.0,1.0
1949-04-05,0.01792042489849908,1.0,1.0
1949-04-06,0.019650064125256175,1.0,1.0
1949-04-07,0.021133395609434228,1.0,1.0
1949-04-08,0.01806449551323366,1.0,1.0
1949-04-09,0.017886560578539327,1.0,1.0
1949-04-11,0.019796912777636795,1.0,1.0
1949-04-12,0.017761858903481014,1.0,1.0
1949-04-13,0.017931995765730773,1.0,1.0
1949-04-14,0.019359575530170772,1.0,1.0
1949-04-16,0.01833022494712809,1.0,1.0
1949-04-18,0.017427153066562496,1.0,1.0
1949-04-19,0.021802852545921236,1.0,1.0
1949-04-20,0.02047260960001043,1.0,1.0
1949-04-21,0.2819432371108138,0.0,1.0
1949-04-22,0.08531737163330844,1.0,1.0
1949-04-23,0.035736271092422014,1.0,1.0
1949-04-25,0.025665039115076674,1.0,1.0
1949-04-26,0.020279022470364196,1.0,1.0
1949-04-27,0.01794374459099436,1.0,1.0
1949-04-28,0.028448680449420772,1.0,1.0
1949-04-29,0.02017838091481577,1.0,1.0
1949-04-30,0.017998383676640674,1.0,1.0
1949-05-02,0.017364791804369874,1.0,1.0
1949-05-03,0.018518271870276874,1.0,1.0
1949-05-04,0.03945653709931256,1.0,1.0
1949-05-05,0.022362192824699458,1.0,1.0
1949-05-06,0.024818190022965696,1.0,1.0
1949-05-07,0.01941222154102071,1.0,1.0
1949-05-09,0.020696567783618253,1.0,1.0
1949-05-10,0.01990347894952355,1.0,1.0
1949-05-11,0.017789734921118246,1.0,1.0
1949-05-12,0.017698001786200464,1.0,1.0
1949-05-13,0.017286352802220493,1.0,1.0
1949-05-14,0.01758345963870286,1.0,1.0
1949-05-16,0.01754355545476509,1.0,1.0
1949-05-17,0.02057551124739392,1.0,1.0
1949-05-18,0.02031947725490417,1.0,1.0
1949-05-19,0.032803168452496874,1.0,1.0
1949-05-20,0.028313424299316017,1.0,1.0
1949-05-21,0.01991046185598738,1.0,1.0
1949-05-23,0.05457509377719455,1.0,1.0
1949-05-24,0.046000407659501696,1.0,1.0
1949-05-25,0.021354580636407335,1.0,1.0
1949-05-26,0.016547318930367143,1.0,1.0
1949-05-27,0.017353290045089394,1.0,1.0
1949-05-31,0.8336261655150574,0.0,1.0
1949-06-01,0.33845873030868845,0.0,1.0
1949-06-02,0.09626446357391284,1.0,1.0
1949-06-03,0.056950297407636276,1.0,1.0
1949-06-06,0.43916085453664117,0.0,1.0
1949-06-07,0.12841769173885237,1.0,1.0
1949-06-08,0.05835074591036077,1.0,1.0
1949-06-09,0.025226746337604886,1.0,1.0
1949-06-10,0.04141397440697846,1.0,1.0
1949-06-13,0.7348950894058421,0.0,1.0
1949-06-14,0.2609143233647353,0.0,1.0
1949-06-15,0.6271576706232387,0.0,1.0
1949-06-16,0.21453433071651198,0.0,1.0
1949-06-17,0.06185671833672209,1.0,1.0
1949-06-20,0.10218654802683802,1.0,1.0
1949-06-21,0.03451283978026563,1.0,1.0
1949-06-22,0.020657799693958007,1.0,1.0
1949-06-23,0.022073806062671723,1.0,1.0
1949-06-24,0.016681416684202744,1.0,1.0
1949-06-27,0.01604324449646632,1.0,1.0
1949-06-28,0.04904494590457175,1.0,1.0
1949-06-29,0.029203095471943347,1.0,1.0
1949-06-30,0.021573591295056548,1.0,1.0
1949-07-01,0.025526008036047924,1.0,1.0
1949-07-05,0.019940153753536177,1.0,1.0
1949-07-06,0.03254543998551238,1.0,1.0
1949-07-07,0.019457074592799845,1.0,1.0
1949-07-08,0.016328802686877694,1.0,1.0
1949-07-11,0.015465404316490947,1.0,1.0
1949-07-12,0.0182908352179994,1.0,1.0
1949-07-13,0.038738164729987416,1.0,1.0
1949-07-14,0.020825849576874233,1.0,1.0
1949-07-15,0.01965154725905266,1.0,1.0
1949-07-18,0.016909781844505083,1.0,1.0
1949-07-19,0.02473944489972614,1.0,1.0
1949-07-20,0.019149543332600927,1.0,1.0
1949-07-21,0.022197666526704584,1.0,1.0
1949-07-22,0.016917962816031765,1.0,1.0
1949-07-25,0.016030689996695158,1.0,1.0
1949-07-26,0.020038645063177228,1.0,1.0
1949-07-27,0.016257126890902394,1.0,1.0
1949-07-28,0.01715813537328395,1.0,1.0
1949-07-29,0.016524418198529563,1.0,1.0
1949-08-01,0.018921318118648223,1.0,1.0
1949-08-02,0.01674796018741854,1.0,1.0
1949-08-03,0.015884275043110855,1.0,1.0
1949-08-04,0.01580801891582403,1.0,1.0
1949-08-05,0.05505714878484432,1.0,1.0
1949-08-08,0.07108416214259114,1.0,1.0
1949-08-09,0.03673772128918372,1.0,1.0
1949-08-10,0.026678326859870878,1.0,1.0
1949-08-11,0.020942334885081213,1.0,1.0
1949-08-12,0.019870321225959015,1.0,1.0
1949-08-15,0.019596257831246335,1.0,1.0
1949-08-16,0.01746200466493809,1.0,1.0
1949-08-17,0.04454409148756443,1.0,1.0
1949-08-18,0.023542446521325287,1.0,1.0
1949-08-19,0.02543832132299793,1.0,1.0
1949-08-22,0.02289493690992926,1.0,1.0
1949-08-23,0.14311214461523286,1.0,1.0
1949-08-24,0.044081865822254894,1.0,1.0
1949-08-25,0.02193682415495447,1.0,1.0
1949-08-26,0.016726754154455216,1.0,1.0
1949-08-29,0.035017015593087446,1.0,1.0
1949-08-30,0.02115162907554127,1.0,1.0
1949-08-31,0.016493527261719446,1.0,1.0
1949-09-01,0.023205997623225026,1.0,1.0
1949-09-02,0.017026387778749538,1.0,1.0
1949-09-06,0.0169855635312393,1.0,1.0
1949-09-07,0.021835932618074337,1.0,1.0
1949-09-08,0.016882745172793423,1.0,1.0
1949-09-09,0.01664462356410051,1.0,1.0
1949-09-12,0.02900904213050876,1.0,1.0
1949-09-13,0.15252498554230404,1.0,1.0
1949-09-14,0.04909527754899613,1.0,1.0
1949-09-15,0.037257860907931185,1.0,1.0
1949-09-16,0.020660643175539582,1.0,1.0
1949-09-19,0.03348126824863606,1.0,1.0
1949-09-20,0.9471049109928424,0.0,1.0
1949-09-21,0.8411123345036942,0.0,1.0
1949-09-22,0.37525871103141417,0.0,1.0
1949-09-23,0.12051980612945269,1.0,1.0
1949-09-26,0.04608534899932158,1.0,1.0
1949-09-27,0.04978235343506452,1.0,1.0
1949-09-28,0.049560913273858316,1.0,1.0
1949-09-29,0.023242210969736353,1.0,1.0
1949-09-30,0.017796224408734268,1.0,1.0
1949-10-01,0.022672074739401776,1.0,1.0
1949-10-03,0.01992689109357055,1.0,1.0
1949-10-04,0.030289154522810145,1.0,1.0
1949-10-05,0.02031951336625029,1.0,1.0
1949-10-06,0.016979525543949155,1.0,1.0
1949-10-07,0.015602908773608015,1.0,1.0
1949-10-08,0.015317770520276552,1.0,1.0
1949-10-10,0.01629161635896556,1.0,1.0
1949-10-11,0.028871516972424825,1.0,1.0
1949-10-13,0.018277061278197476,1.0,1.0
1949-10-14,0.01883000983103526,1.0,1.0
1949-10-15,0.01689816135399407,1.0,1.0
1949-10-17,0.07019201940202233,1.0,1.0
1949-10-18,0.046232545461104765,1.0,1.0
1949-10-19,0.024640053607170143,1.0,1.0
1949-10-20,0.01862339483810894,1.0,1.0
1949-10-21,0.01685194091238877,1.0,1.0
1949-10-22,0.01573281425104766,1.0,1.0
1949-10-24,0.015616312797460655,1.0,1.0
1949-10-25,0.017395675287521388,1.0,1.0
1949-10-26,0.029821543346425398,1.0,1.0
1949-10-27,0.02082011769143273,1.0,1.0
1949-10-28,0.027289237456653598,1.0,1.0
1949-10-29,0.01797407310215607,1.0,1.0
1949-10-31,0.02185555327639823,1.0,1.0
1949-11-01,0.026790936727036144,1.0,1.0
1949-11-02,0.03892975927149579,1.0,1.0
1949-11-03,0.022528930536196402,1.0,1.0
1949-11-04,0.01703386190326596,1.0,1.0
1949-11-05,0.015620185213599055,1.0,1.0
1949-11-07,0.017542768621633696,1.0,1.0
1949-11-09,0.016445398543918733,1.0,1.0
1949-11-10,0.01645329918066183,1.0,1.0
1949-11-12,0.015771325755146004,1.0,1.0
1949-11-14,0.03324232622012617,1.0,1.0
1949-11-15,0.03746797151769193,1.0,1.0
1949-11-16,0.026225657894428604,1.0,1.0
1949-11-17,0.030933148519637254,1.0,1.0
1949-11-18,0.055573986092369014,1.0,1.0
1949-11-19,0.024282103815664712,1.0,1.0
1949-11-21,0.03268026692841335,1.0,1.0
1949-11-22,0.020218243386735318,1.0,1.0
1949-11-23,0.016858429401413823,1.0,1.0
1949-11-25,0.028906123303499662,1.0,1.0
1949-11-26,0.018550620338191107,1.0,1.0
1949-11-28,0.02252578081088598,1.0,1.0
1949-11-29,0.0183965376321536,1.0,1.0
1949-11-30,0.017105812046411595,1.0,1.0
1949-12-01,0.02172391116190625,1.0,1.0
1949-12-02,0.04038591280978777,1.0,1.0
1949-12-03,0.030752944471198695,1.0,1.0
1949-12-05,0.01907162838660323,1.0,1.0
1949-12-06,0.01755391635944795,1.0,1.0
1949-12-07,0.016248673177153897,1.0,1.0
1949-12-08,0.015985955428258414,1.0,1.0
1949-12-09,0.016300400719550048,1.0,1.0
1949-12-10,0.01601213518832914,1.0,1.0
1949-12-12,0.020673374689285838,1.0,1.0
1949-12-13,0.022685376444583523,1.0,1.0
1949-12-14,0.01859949996048847,1.0,1.0
1949-12-15,0.016664495154626282,1.0,1.0
1949-12-16,0.016861843839393324,1.0,1.0
1949-12-17,0.016671213216085008,1.0,1.0
1949-12-19,0.018394718016683263,1.0,1.0
1949-12-20,0.028953652963402597,1.0,1.0
1949-12-21,0.020289167763575845,1.0,1.0
1949-12-22,0.02938148453742273,1.0,1.0
1949-12-23,0.01875466612816304,1.0,1.0
1949-12-27,0.02766437217538351,1.0,1.0
1949-12-28,0.02179598258159583,1.0,1.0
1949-12-29,0.017276108516980616,1.0,1.0
1949-12-30,0.018945086217659238,1.0,1.0
1949-12-31,0.017343511938538773,1.0,1.0
1950-01-03,0.03121983294043197,1.0,1.0
1950-01-04,0.06119526583739068,1.0,1.0
1950-01-05,0.028052303526837144,1.0,1.0
1950-01-06,0.018706110695161537,1.0,1.0
1950-01-07,0.02332442475607809,1.0,1.0
1950-01-09,0.017415150677232892,1.0,1.0
1950-01-10,0.021666927677927692,1.0,1.0
1950-01-11,0.019160101122319508,1.0,1.0
1950-01-12,0.7120776843298531,0.0,1.0
1950-01-13,0.32292209104820413,0.0,1.0
1950-01-14,0.08793712927462916,1.0,1.0
1950-01-16,0.031032046758884147,1.0,1.0
1950-01-17,0.03154362368573203,1.0,1.0
1950-01-18,0.020022376789343183,1.0,1.0
1950-01-19,0.016818720218628593,1.0,1.0
1950-01-20,0.01634497612298287,1.0,1.0
1950-01-21,0.016008400297871712,1.0,1.0
1950-01-23,0.018092739190750058,1.0,1.0
1950-01-24,0.021086046459442818,1.0,1.0
1950-01-25,0.03325543512287699,1.0,1.0
1950-01-26,0.019441766796625706,1.0,1.0
1950-01-27,0.017895161854634252,1.0,1.0
1950-01-28,0.01716726430008192,1.0,1.0
1950-01-30,0.02385302568680425,1.0,1.0
1950-01-31,0.01752796338667731,1.0,1.0
1950-02-01,0.01651232219019496,1.0,1.0
1950-02-02,0.04132875363451517,1.0,1.0
1950-02-03,0.022299487231001676,1.0,1.0
1950-02-04,0.01751852881588925,1.0,1.0
1950-02-06,0.019084167761607516,1.0,1.0
1950-02-07,0.02390477203642139,1.0,1.0
1950-02-08,0.0175348620697339,1.0,1.0
1950-02-09,0.01837035730361358,1.0,1.0
1950-02-10,0.018945701758734085,1.0,1.0
1950-02-11,0.017343642076941005,1.0,1.0
1950-02-14,0.0330133092981289,1.0,1.0
1950-02-15,0.019429648969904338,1.0,1.0
1950-02-16,0.01844133164211129,1.0,1.0
1950-02-17,0.023249407409262134,1.0,1.0
1950-02-18,0.019672260858711557,1.0,1.0
1950-02-20,0.018114344272507504,1.0,1.0
1950-02-21,0.018017476674400318,1.0,1.0
1950-02-23,0.016358163683275393,1.0,1.0
1950-02-24,0.017123610727584462,1.0,1.0
1950-02-25,0.01704597017843242,1.0,1.0
1950-02-27,0.016152804797294917,1.0,1.0
1950-02-28,0.02107292822007345,1.0,1.0
1950-03-01,0.018034651788899465,1.0,1.0
1950-03-02,0.016490287010012806,1.0,1.0
1950-03-03,0.017365181075489865,1.0,1.0
1950-03-04,0.01667658048729743,1.0,1.0
1950-03-06,0.01615348865521543,1.0,1.0
1950-03-07,0.035883420670838044,1.0,1.0
1950-03-08,0.02009033772355966,1.0,1.0
1950-03-09,0.034121476099899586,1.0,1.0
1950-03-10,0.0204746847790977,1.0,1.0
1950-03-11,0.017257246462048015,1.0,1.0
1950-03-13,0.01682661174992821,1.0,1.0
1950-03-14,0.019979642946846978,1.0,1.0
1950-03-15,0.10186886118628487,1.0,1.0
1950-03-16,0.03501124618089632,1.0,1.0
1950-03-17,0.02227998537090753,1.0,1.0
1950-03-18,0.017337688466287967,1.0,1.0
1950-03-20,0.017721975076738557,1.0,1.0
1950-03-21,0.016426746364747495,1.0,1.0
1950-03-22,0.02031519535704762,1.0,1.0
1950-03-23,0.01686542079633826,1.0,1.0
1950-03-24,0.01660386399218549,1.0,1.0
1950-03-25,0.016519001132182742,1.0,1.0
1950-03-27,0.05131306109448251,1.0,1.0
1950-03-28,0.02411804944556582,1.0,1.0
1950-03-29,0.02346467967278526,1.0,1.0
1950-03-30,0.07130433092681165,1.0,1.0
1950-03-31,0.027589313705424747,1.0,1.0
1950-04-01,0.01880345472474029,1.0,1.0
1950-04-03,0.03393961783303035,1.0,1.0
1950-04-04,0.01963143697996586,1.0,1.0
1950-04-05,0.01762780605244696,1.0,1.0
1950-04-06,0.03768948465016395,1.0,1.0
1950-04-08,0.020709729535851235,1.0,1.0
1950-04-10,0.016970671711166962,1.0,1.0
1950-04-11,0.02945393553400464,1.0,1.0
1950-04-12,0.04492084070784496,1.0,1.0
1950-04-13,0.021830988562254287,1.0,1.0
1950-04-14,0.018711879724054997,1.0,1.0
1950-04-15,0.02447280624806753,1.0,1.0
1950-04-17,0.018515118407330375,1.0,1.0
1950-04-18,0.01817428222003172,1.0,1.0
1950-04-19,0.01637476896750898,1.0,1.0
1950-04-20,0.03757283742054133,1.0,1.0
1950-04-21,0.01932810933370662,1.0,1.0
1950-04-22,0.015710845955480477,1.0,1.0
1950-04-24,0.04517596628644249,1.0,1.0
1950-04-25,0.01991908386606159,1.0,1.0
1950-04-26,0.0179573682536164,1.0,1.0
1950-04-27,0.01987247439605512,1.0,1.0
1950-04-28,0.02122796126960623,1.0,1.0
1950-04-29,0.02072823984249875,1.0,1.0
1950-05-01,0.02039482452090216,1.0,1.0
1950-05-02,0.025211265169222178,1.0,1.0
1950-05-03,0.02483388688733532,1.0,1.0
1950-05-04,0.03162897236793646,1.0,1.0
1950-05-05,0.01947833717503356,1.0,1.0
1950-05-06,0.01949973928540845,1.0,1.0
1950-05-08,0.01634001679347808,1.0,1.0
1950-05-09,0.01629034585261274,1.0,1.0
1950-05-10,0.01564892030148156,1.0,1.0
1950-05-11,0.015275474653211128,1.0,1.0
1950-05-12,0.02261458217000964,1.0,1.0
1950-05-13,0.016159991504234677,1.0,1.0
1950-05-15,0.015228785490971267,1.0,1.0
1950-05-16,0.023681094578487348,1.0,1.0
1950-05-17,0.01778286180031973,1.0,1.0
1950-05-18,0.01616188204711087,1.0,1.0
1950-05-19,0.020495427130734753,1.0,1.0
1950-05-20,0.015906732971971344,1.0,1.0
1950-05-22,0.02416796742952975,1.0,1.0
1950-05-23,0.017147388132806456,1.0,1.0
1950-05-24,0.016721418512434732,1.0,1.0
1950-05-25,0.015914299019532525,1.0,1.0
1950-05-26,0.01565390626751313,1.0,1.0
1950-05-27,0.015905495021607017,1.0,1.0
1950-05-29,0.015872983561272862,1.0,1.0
1950-05-31,0.015247610346958658,1.0,1.0
1950-06-01,0.01641744928819158,1.0,1.0
1950-06-02,0.01546299022244851,1.0,1.0
1950-06-05,0.05618936043152886,1.0,1.0
1950-06-06,0.03219107538508826,1.0,1.0
1950-06-07,0.019571278504636504,1.0,1.0
1950-06-08,0.02813124120014268,1.0,1.0
1950-06-09,0.02131239021211905,1.0,1.0
1950-06-12,0.018207436371708782,1.0,1.0
1950-06-13,0.02724971798808364,1.0,1.0
1950-06-14,0.1320392544104858,1.0,1.0
1950-06-15,0.03433399139633575,1.0,1.0
1950-06-16,0.01826376732453233,1.0,1.0
1950-06-19,0.0223001598049249,1.0,1.0
1950-06-20,0.020433595811803863,1.0,1.0
1950-06-21,0.031617318948805595,1.0,1.0
1950-06-22,0.02831922187136024,1.0,1.0
1950-06-23,0.017093157324518,1.0,1.0
1950-06-26,0.9999999999999996,0.0,1.0
1950-06-27,0.6777474682344667,0.0,1.0
1950-06-28,0.4647528603827243,0.0,1.0
1950-06-29,0.9999998970017269,0.0,1.0
1950-06-30,0.6645528380012604,0.0,1.0
1950-07-03,0.23798971326852536,0.0,1.0
1950-07-05,0.09288574633352664,1.0,1.0
1950-07-06,0.03948744955665674,1.0,1.0
1950-07-07,0.14449753527864923,1.0,1.0
1950-07-10,0.0586785095029828,1.0,1.0
1950-07-11,0.391793953947693,0.0,1.0
1950-07-12,0.998079131440997,0.0,1.0
1950-07-13,0.6349219426275555,0.0,1.0
1950-07-14,0.46476095042845,0.0,1.0
1950-07-17,0.2768058074751903,0.0,1.0
1950-07-18,0.9637228944710007,0.0,1.0
1950-07-19,0.8931668437085578,0.0,1.0
1950-07-20,0.7330438718032478,0.0,1.0
1950-07-21,0.15869541606968388,1.0,1.0
1950-07-24,0.07280295239471155,1.0,1.0
1950-07-25,0.31115879846472244,0.0,1.0
1950-07-26,0.06638214791777476,1.0,1.0
1950-07-27,0.09668770540767825,1.0,1.0
1950-07-28,0.050341744241995764,1.0,1.0
1950-07-31,0.02226739696185515,1.0,1.0
1950-08-01,0.0278636357858413,1.0,1.0
1950-08-02,0.017626783858747882,1.0,1.0
1950-08-03,0.01579868241172842,1.0,1.0
1950-08-04,0.01825573996114123,1.0,1.0
1950-08-07,0.05930947867936552,1.0,1.0
1950-08-08,0.02173929948696977,1.0,1.0
1950-08-09,0.020129249249336078,1.0,1.0
1950-08-10,0.015877917796371252,1.0,1.0
1950-08-11,0.02967419178355912,1.0,1.0
1950-08-14,0.01720545688110385,1.0,1.0
1950-08-15,0.015630933236265344,1.0,1.0
1950-08-16,0.01568434441445931,1.0,1.0
1950-08-17,0.03948870193203636,1.0,1.0
1950-08-18,0.023956372407497997,1.0,1.0
1950-08-21,0.016353860000833075,1.0,1.0
1950-08-22,0.0175074152125112,1.0,1.0
1950-08-23,0.023837198695844886,1.0,1.0
1950-08-24,0.016730820089991494,1.0,1.0
1950-08-25,0.13679423603158003,1.0,1.0
1950-08-28,0.03445314016140454,1.0,1.0
1950-08-29,0.018085682330394696,1.0,1.0
1950-08-30,0.019872071890707717,1.0,1.0
1950-08-31,0.017276148882477537,1.0,1.0
1950-09-01,0.01816286426193739,1.0,1.0
1950-09-05,0.01782921355512995,1.0,1.0
1950-09-06,0.02967340182668146,1.0,1.0
1950-09-07,0.01828900157242553,1.0,1.0
1950-09-08,0.02732098350556059,1.0,1.0
1950-09-11,0.03930988427296846,1.0,1.0
1950-09-12,0.0655079574218049,1.0,1.0
1950-09-13,0.0650921384301267,1.0,1.0
1950-09-14,0.02526793903023565,1.0,1.0
1950-09-15,0.017919485647153097,1.0,1.0
1950-09-18,0.01578818290173482,1.0,1.0
1950-09-19,0.020394225539989583,1.0,1.0
1950-09-20,0.02734103393119845,1.0,1.0
1950-09-21,0.030161072025073236,1.0,1.0
1950-09-22,0.021231151068126057,1.0,1.0
1950-09-25,0.018657968722220173,1.0,1.0
1950-09-26,0.16200326437364307,1.0,1.0
1950-09-27,0.17337547331683645,0.0,1.0
1950-09-28,0.039771963168994985,1.0,1.0
1950-09-29,0.01877953230126153,1.0,1.0
1950-10-02,0.03650908550350651,1.0,1.0
1950-10-03,0.021499390624933338,1.0,1.0
1950-10-04,0.06958503476584846,1.0,1.0
1950-10-05,0.03196515442963915,1.0,1.0
1950-10-06,0.0308375421060719,1.0,1.0
1950-10-07,0.017866520881070748,1.0,1.0
1950-10-09,0.058837958040253074,1.0,1.0
1950-10-10,0.062160349047997034,1.0,1.0
1950-10-11,0.029241875402715386,1.0,1.0
1950-10-13,0.018791272685248498,1.0,1.0
1950-10-14,0.027535115809404966,1.0,1.0
1950-10-16,0.019433816949328008,1.0,1.0
1950-10-17,0.02809206547475867,1.0,1.0
1950-10-18,0.025276818163344622,1.0,1.0
1950-10-19,0.018764425051215332,1.0,1.0
1950-10-20,0.019414595025759682,1.0,1.0
1950-10-21,0.017272790247663757,1.0,1.0
1950-10-23,0.01783377253487164,1.0,1.0
1950-10-24,0.016909796570395916,1.0,1.0
1950-10-25,0.018478233185731448,1.0,1.0
1950-10-26,0.9259000633336752,0.0,1.0
1950-10-27,0.28903131100907464,0.0,1.0
1950-10-28,0.06687937764601182,1.0,1.0
1950-10-30,0.10244758310440237,1.0,1.0
1950-10-31,0.06748827349805553,1.0,1.0
1950-11-01,0.027489268324929688,1.0,1.0
1950-11-02,0.04028093908739568,1.0,1.0
1950-11-03,0.02145552947957033,1.0,1.0
1950-11-04,0.023818552235311426,1.0,1.0
1950-11-06,0.9576882011461931,0.0,1.0
1950-11-08,0.7749465928389814,0.0,1.0
1950-11-09,0.5984022792561007,0.0,1.0
1950-11-10,0.20159320633544456,1.0,1.0
1950-11-13,0.05456939782970079,1.0,1.0
1950-11-14,0.023236140918424117,1.0,1.0
1950-11-15,0.020095212941892673,1.0,1.0
1950-11-16,0.020186587656361877,1.0,1.0
1950-11-17,0.031273101886741574,1.0,1.0
1950-11-18,0.022337302373580337,1.0,1.0
1950-11-20,0.01797347232574821,1.0,1.0
1950-11-21,0.017430920612216436,1.0,1.0
1950-11-22,0.04848273346280844,1.0,1.0
1950-11-24,0.03434576808616876,1.0,1.0
1950-11-25,0.021109471440522613,1.0,1.0
1950-11-27,0.022612508900736593,1.0,1.0
1950-11-28,0.9994907703683602,0.0,1.0
1950-11-29,0.5915250779815706,0.0,1.0
1950-11-30,0.20413905286448059,1.0,1.0
1950-12-01,0.07917166784958671,1.0,1.0
1950-12-02,0.056771239584068066,1.0,1.0
1950-12-04,0.9994787757924158,0.0,1.0
1950-12-05,0.828281929602147,0.0,1.0
1950-12-06,0.33930804468411707,0.0,1.0
1950-12-07,0.08753700228450313,1.0,1.0
1950-12-08,0.029207137080885025,1.0,1.0
1950-12-09,0.019930013296777217,1.0,1.0
1950-12-11,0.037592109858426655,1.0,1.0
1950-12-12,0.020342716270085798,1.0,1.0
1950-12-13,0.017577627877939192,1.0,1.0
1950-12-14,0.10033084675718887,1.0,1.0
1950-12-15,0.04549389939148739,1.0,1.0
1950-12-16,0.24685692067373133,0.0,1.0
1950-12-18,0.14690778655287062,1.0,1.0
1950-12-19,0.04712784110264445,1.0,1.0
1950-12-20,0.022139506536003863,1.0,1.0
1950-12-21,0.017555978889957375,1.0,1.0
1950-12-22,0.017588162815193986,1.0,1.0
1950-12-26,0.052215845253152315,1.0,1.0
1950-12-27,0.6599088472402823,0.0,1.0
1950-12-28,0.18320267470709709,1.0,1.0
1950-12-29,0.04839248153461528,1.0,1.0
1950-12-30,0.021952068727331686,1.0,1.0
1951-01-02,0.2042024615028832,1.0,1.0
1951-01-03,0.06300428857669185,1.0,1.0
1951-01-04,0.03550905238980351,1.0,1.0
1951-01-05,0.020094036803044522,1.0,1.0
1951-01-06,0.01843884560653549,1.0,1.0
1951-01-08,0.01949648407257395,1.0,1.0
1951-01-09,0.02126647311590305,1.0,1.0
1951-01-10,0.23671015736296122,0.0,1.0
1951-01-11,0.4902522997582383,0.0,1.0
1951-01-12,0.14124468182302655,1.0,1.0
1951-01-13,0.038421231687402524,1.0,1.0
1951-01-15,0.024416042322553743,1.0,1.0
1951-01-16,0.02612497550166966,1.0,1.0
1951-01-17,0.02239373401711734,1.0,1.0
1951-01-18,0.02262611083005701,1.0,1.0
1951-01-19,0.019525978785170397,1.0,1.0
1951-01-20,0.017112693249491343,1.0,1.0
1951-01-22,0.08930173233359681,1.0,1.0
1951-01-23,0.030208128704225946,1.0,1.0
1951-01-24,0.024572610280857703,1.0,1.0
1951-01-25,0.04357451546849818,1.0,1.0
1951-01-26,0.05312515602373881,1.0,1.0
1951-01-27,0.06220726603097411,1.0,1.0
1951-01-29,0.03531304496999784,1.0,1.0
1951-01-30,0.019950343726808883,1.0,1.0
1951-01-31,0.02138802073850733,1.0,1.0
1951-02-01,0.022639321595357274,1.0,1.0
1951-02-02,0.028062324320095797,1.0,1.0
1951-02-03,0.019726915043597058,1.0,1.0
1951-02-05,0.017964594648630917,1.0,1.0
1951-02-06,0.02303288667821825,1.0,1.0
1951-02-07,0.022260299739692766,1.0,1.0
1951-02-08,0.021174957438508286,1.0,1.0
1951-02-09,0.01968829297264054,1.0,1.0
1951-02-10,0.017142105891576474,1.0,1.0
1951-02-13,0.016773795736012502,1.0,1.0
1951-02-14,0.021682506253140874,1.0,1.0
1951-02-15,0.020881425904532163,1.0,1.0
1951-02-16,0.01867811110210498,1.0,1.0
1951-02-17,0.017116367453100877,1.0,1.0
1951-02-19,0.14603497057499948,1.0,1.0
1951-02-20,0.046123453561587834,1.0,1.0
1951-02-21,0.024032033985787158,1.0,1.0
1951-02-23,0.018091521238564136,1.0,1.0
1951-02-24,0.016928685531847353,1.0,1.0
1951-02-26,0.017252227094609576,1.0,1.0
1951-02-27,0.058729297849410965,1.0,1.0
1951-02-28,0.02370626150041367,1.0,1.0
1951-03-01,0.018566987584409823,1.0,1.0
1951-03-02,0.018631171965175504,1.0,1.0
1951-03-03,0.0176998742734004,1.0,1.0
1951-03-05,0.03170588881267268,1.0,1.0
1951-03-06,0.02224732745215121,1.0,1.0
1951-03-07,0.019042508613266385,1.0,1.0
1951-03-08,0.017845857128589496,1.0,1.0
1951-03-09,0.017015283797930884,1.0,1.0
1951-03-10,0.01958992534460232,1.0,1.0
1951-03-12,0.07969296324900657,1.0,1.0
1951-03-13,0.5857006090833097,0.0,1.0
1951-03-14,0.3781696471421676,0.0,1.0
1951-03-15,0.19133118913266042,1.0,1.0
1951-03-16,0.5261597920259915,0.0,1.0
1951-03-17,0.1691583909806566,1.0,1.0
1951-03-19,0.10858781639359437,1.0,1.0
1951-03-20,0.04797061968827726,1.0,1.0
1951-03-21,0.033469738315945984,1.0,1.0
1951-03-22,0.024560928814260072,1.0,1.0
1951-03-24,0.15428393130775614,1.0,1.0
1951-03-26,0.0536810339121797,1.0,1.0
1951-03-27,0.02890530498385309,1.0,1.0
1951-03-28,0.18495111120361796,1.0,1.0
1951-03-29,0.06191784600445195,1.0,1.0
1951-03-30,0.039633587060358424,1.0,1.0
1951-03-31,0.03241452882351074,1.0,1.0
1951-04-02,0.04449057738968825,1.0,1.0
1951-04-03,0.03175809805965965,1.0,1.0
1951-04-04,0.02589822990824206,1.0,1.0
1951-04-05,0.1482832732410029,1.0,1.0
1951-04-06,0.05392084453677745,1.0,1.0
1951-04-07,0.031136784039863273,1.0,1.0
1951-04-09,0.02371342798146448,1.0,1.0
1951-04-10,0.025237348552973892,1.0,1.0
1951-04-11,0.025415525022069632,1.0,1.0
1951-04-12,0.05051811031307094,1.0,1.0
1951-04-13,0.13117751229940366,1.0,1.0
1951-04-14,0.0504215082240095,1.0,1.0
1951-04-16,0.049560566239316615,1.0,1.0
1951-04-17,0.027501297141719984,1.0,1.0
1951-04-18,0.023582139481836694,1.0,1.0
1951-04-19,0.03608032392499155,1.0,1.0
1951-04-20,0.02593105529031855,1.0,1.0
1951-04-21,0.022653292329467407,1.0,1.0
1951-04-23,0.022508736994437856,1.0,1.0
1951-04-24,0.03509681340266726,1.0,1.0
1951-04-25,0.024140920956577952,1.0,1.0
1951-04-26,0.04108176447457691,1.0,1.0
1951-04-27,0.05207948259689924,1.0,1.0
1951-04-28,0.028083145914320665,1.0,1.0
1951-04-30,0.023701377936325967,1.0,1.0
1951-05-01,0.022141469083361134,1.0,1.0
1951-05-02,0.021473728058093094,1.0,1.0
1951-05-03,0.0317296870429482,1.0,1.0
1951-05-04,0.023775443387084,1.0,1.0
1951-05-05,0.028385480108645358,1.0,1.0
1951-05-07,0.026999526884816057,1.0,1.0
1951-05-08,0.023225287785555288,1.0,1.0
1951-05-09,0.021449333544481294,1.0,1.0
1951-05-10,0.038403551054936876,1.0,1.0
1951-05-11,0.04622675690670644,1.0,1.0
1951-05-12,0.05327346519681084,1.0,1.0
1951-05-14,0.03076528027049644,1.0,1.0
1951-05-15,0.5389821134858953,0.0,1.0
1951-05-16,0.2227626067126299,0.0,1.0
1951-05-17,0.1547750312050832,1.0,1.0
1951-05-18,0.786697010407219,0.0,1.0
1951-05-19,0.28558421444787935,0.0,1.0
1951-05-21,0.13544636082791162,1.0,1.0
1951-05-22,0.06490622794173023,1.0,1.0
1951-05-23,0.07215796967984228,1.0,1.0
1951-05-24,0.050717512245701334,1.0,1.0
1951-05-25,0.027989007730279007,1.0,1.0
1951-05-26,0.02247482374448995,1.0,1.0
1951-05-28,0.02471889178176541,1.0,1.0
1951-05-29,0.032843134398337644,1.0,1.0
1951-05-31,0.028553950887220975,1.0,1.0
1951-06-01,0.025848960199467304,1.0,1.0
1951-06-04,0.1117411018937072,1.0,1.0
1951-06-05,0.042493672397433305,1.0,1.0
1951-06-06,0.05079474457165552,1.0,1.0
1951-06-07,0.03206385313950567,1.0,1.0
1951-06-08,0.027744200323237465,1.0,1.0
1951-06-11,0.02589536337072896,1.0,1.0
1951-06-12,0.0341624975279128,1.0,1.0
1951-06-13,0.024149029708890976,1.0,1.0
1951-06-14,0.04787929064843302,1.0,1.0
1951-06-15,0.03666477886885057,1.0,1.0
1951-06-18,0.02607530938475794,1.0,1.0
1951-06-19,0.024416323241228704,1.0,1.0
1951-06-20,0.035810663161619224,1.0,1.0
1951-06-21,0.04855238280089462,1.0,1.0
1951-06-22,0.08848816763793614,1.0,1.0
1951-06-25,0.6536430175285414,0.0,1.0
1951-06-26,0.2210904848366104,0.0,1.0
1951-06-27,0.07838416005296968,1.0,1.0
1951-06-28,0.2324279710157949,0.0,1.0
1951-06-29,0.19654397437213353,1.0,1.0
1951-07-02,0.08122275929089141,1.0,1.0
1951-07-03,0.05043675419662446,1.0,1.0
1951-07-05,0.2724159689314303,0.0,1.0
1951-07-06,0.08852462924393527,1.0,1.0
1951-07-09,0.0369716890885397,1.0,1.0
1951-07-10,0.03593082239020478,1.0,1.0
1951-07-11,0.024360944210261002,1.0,1.0
1951-07-12,0.023837690473073405,1.0,1.0
1951-07-13,0.03074969371745737,1.0,1.0
1951-07-16,0.06738256184797282,1.0,1.0
1951-07-17,0.04283313659094332,1.0,1.0
1951-07-18,0.027447235513403837,1.0,1.0
1951-07-19,0.02258216149637828,1.0,1.0
1951-07-20,0.021230874606987932,1.0,1.0
1951-07-23,0.037763249275157555,1.0,1.0
1951-07-24,0.09631169882366607,1.0,1.0
1951-07-25,0.045304563889953894,1.0,1.0
1951-07-26,0.030584335494435448,1.0,1.0
1951-07-27,0.02344722134276352,1.0,1.0
1951-07-30,0.027063399392998348,1.0,1.0
1951-07-31,0.05224835434580098,1.0,1.0
1951-08-01,0.039021869131663015,1.0,1.0
1951-08-02,0.06529574882484013,1.0,1.0
1951-08-03,0.031211058287387673,1.0,1.0
1951-08-06,0.031862275892706245,1.0,1.0
1951-08-07,0.02461922798359707,1.0,1.0
1951-08-08,0.02525082653816708,1.0,1.0
1951-08-09,0.03156474632874661,1.0,1.0
1951-08-10,0.02710609158490162,1.0,1.0
1951-08-13,0.0223390619137461,1.0,1.0
1951-08-14,0.022982003149049055,1.0,1.0
1951-08-15,0.022739760400549355,1.0,1.0
1951-08-16,0.025016393936289096,1.0,1.0
1951-08-17,0.02214412778565571,1.0,1.0
1951-08-20,0.02278624801701277,1.0,1.0
1951-08-21,0.03163529780145421,1.0,1.0
1951-08-22,0.039148441371328224,1.0,1.0
1951-08-23,0.03271449711522374,1.0,1.0
1951-08-24,0.024263425186702776,1.0,1.0
1951-08-27,0.02472356708990223,1.0,1.0
1951-08-28,0.020325303894887705,1.0,1.0
1951-08-29,0.03140552043247749,1.0,1.0
1951-08-30,0.030724248869684914,1.0,1.0
1951-08-31,0.022096593546480445,1.0,1.0
1951-09-04,0.020090859216680818,1.0,1.0
1951-09-05,0.0313200497376562,1.0,1.0
1951-09-06,0.02276915295355378,1.0,1.0
1951-09-07,0.02186003785573562,1.0,1.0
1951-09-10,0.021779251358212577,1.0,1.0
1951-09-11,0.033400698280148744,1.0,1.0
1951-09-12,0.02947476900875325,1.0,1.0
1951-09-13,0.022022977678485742,1.0,1.0
1951-09-14,0.02124925995759435,1.0,1.0
1951-09-17,0.02672640011598866,1.0,1.0
1951-09-18,0.02282053972247574,1.0,1.0
1951-09-19,0.020393579177302744,1.0,1.0
1951-09-20,0.02238024525303319,1.0,1.0
1951-09-21,0.05984099345742977,1.0,1.0
1951-09-24,0.04965734491694485,1.0,1.0
1951-09-25,0.0275423249269489,1.0,1.0
1951-09-26,0.021231746116033397,1.0,1.0
1951-09-27,0.034900878703054326,1.0,1.0
1951-09-28,0.024419715084966914,1.0,1.0
1951-10-01,0.026466629838493665,1.0,1.0
1951-10-02,0.028773533138537886,1.0,1.0
1951-10-03,0.027442538814691882,1.0,1.0
1951-10-04,0.024033750790318227,1.0,1.0
1951-10-05,0.02045238516920648,1.0,1.0
1951-10-06,0.020168732755313813,1.0,1.0
1951-10-08,0.021474490781642083,1.0,1.0
1951-10-09,0.034408643990002784,1.0,1.0
1951-10-10,0.028109077191503316,1.0,1.0
1951-10-11,0.02368825207864344,1.0,1.0
1951-10-13,0.020664390314482677,1.0,1.0
1951-10-15,0.019647082349344848,1.0,1.0
1951-10-16,0.02924101834553143,1.0,1.0
1951-10-17,0.027518661733574867,1.0,1.0
1951-10-18,0.023862429425287865,1.0,1.0
1951-10-19,0.3630719355147272,0.0,1.0
1951-10-20,0.3769767803636099,0.0,1.0
1951-10-22,0.9643077382345095,0.0,1.0
1951-10-23,0.4618396690970917,0.0,1.0
1951-10-24,0.20366365324933386,1.0,1.0
1951-10-25,0.11144766734138449,1.0,1.0
1951-10-26,0.11846395448627235,1.0,1.0
1951-10-27,0.7430347518285233,0.0,1.0
1951-10-29,0.39897413979752294,0.0,1.0
1951-10-30,0.12759001241638007,1.0,1.0
1951-10-31,0.11423001584962546,1.0,1.0
1951-11-01,0.05725003290718406,1.0,1.0
1951-11-02,0.07745224631570313,1.0,1.0
1951-11-03,0.12424289554643368,1.0,1.0
1951-11-05,0.04503389394798365,1.0,1.0
1951-11-07,0.09732720808677883,1.0,1.0
1951-11-08,0.03789312051177193,1.0,1.0
1951-11-09,0.07374108113431342,1.0,1.0
1951-11-10,0.03672757237060869,1.0,1.0
1951-11-13,0.02739809065185077,1.0,1.0
1951-11-14,0.02147462881862087,1.0,1.0
1951-11-15,0.02111502540512585,1.0,1.0
1951-11-16,0.021870430488568855,1.0,1.0
1951-11-17,0.02042670410572706,1.0,1.0
1951-11-19,0.028674089396066686,1.0,1.0
1951-11-20,0.025211397183052067,1.0,1.0
1951-11-21,0.022441570783837437,1.0,1.0
1951-11-23,0.12389736271698745,1.0,1.0
1951-11-24,0.0643915598837726,1.0,1.0
1951-11-26,0.03762562291048034,1.0,1.0
1951-11-27,0.03834198832201817,1.0,1.0
1951-11-28,0.026895941290336917,1.0,1.0
1951-11-29,0.023047188697423077,1.0,1.0
1951-11-30,0.04381331225988343,1.0,1.0
1951-12-01,0.025177727457315818,1.0,1.0
1951-12-03,0.021486678080759266,1.0,1.0
1951-12-04,0.02140084375808171,1.0,1.0
1951-12-05,0.02024430540588327,1.0,1.0
1951-12-06,0.039280686491760614,1.0,1.0
1951-12-07,0.02398080088640751,1.0,1.0
1951-12-08,0.020527605165589588,1.0,1.0
1951-12-10,0.020268628262955633,1.0,1.0
1951-12-11,0.033371059263856535,1.0,1.0
1951-12-12,0.022644588851211307,1.0,1.0
1951-12-13,0.020482581264878928,1.0,1.0
1951-12-14,0.020538523304713886,1.0,1.0
1951-12-15,0.02100959213509063,1.0,1.0
1951-12-17,0.019736938603735404,1.0,1.0
1951-12-18,0.019484174861010794,1.0,1.0
1951-12-19,0.01968160942810103,1.0,1.0
1951-12-20,0.020067780553650175,1.0,1.0
1951-12-21,0.023795081622262796,1.0,1.0
1951-12-22,0.021136817879345394,1.0,1.0
1951-12-24,0.02091415754869229,1.0,1.0
1951-12-26,0.044348245820538715,1.0,1.0
1951-12-27,0.04590307482263997,1.0,1.0
1951-12-28,0.028075673416939565,1.0,1.0
1951-12-29,0.02260753567171001,1.0,1.0
1951-12-31,0.02035448489746897,1.0,1.0
1952-01-02,0.019566535415951394,1.0,1.0
1952-01-03,0.019404936216224265,1.0,1.0
1952-01-04,0.01934937404590013,1.0,1.0
1952-01-05,0.019585111864818584,1.0,1.0
1952-01-07,0.022168458370607276,1.0,1.0
1952-01-08,0.03197910072949672,1.0,1.0
1952-01-09,0.028979311367090563,1.0,1.0
1952-01-10,0.027502969599792475,1.0,1.0
1952-01-11,0.023044851561952302,1.0,1.0
1952-01-12,0.021652567459785336,1.0,1.0
1952-01-14,0.01988810740154004,1.0,1.0
1952-01-15,0.03164392089018063,1.0,1.0
1952-01-16,0.02260284926000995,1.0,1.0
1952-01-17,0.021415749837579212,1.0,1.0
1952-01-18,0.01983045839947277,1.0,1.0
1952-01-19,0.019707272277890635,1.0,1.0
1952-01-21,0.02083010403913909,1.0,1.0
1952-01-22,0.022725986579890584,1.0,1.0
1952-01-23,0.02863897180857371,1.0,1.0
1952-01-24,0.021518462170747064,1.0,1.0
1952-01-25,0.0199233467768798,1.0,1.0
1952-01-26,0.019626276157696555,1.0,1.0
1952-01-28,0.01955748156057534,1.0,1.0
1952-01-29,0.020315932767858078,1.0,1.0
1952-01-30,0.13201491725818854,1.0,1.0
1952-01-31,0.07222102527470908,1.0,1.0
1952-02-01,0.03996929400754857,1.0,1.0
1952-02-02,0.025293252285310406,1.0,1.0
1952-02-04,0.16493941227592468,1.0,1.0
1952-02-05,0.049615038511324885,1.0,1.0
1952-02-06,0.02335579711288558,1.0,1.0
1952-02-07,0.01798859114910863,1.0,1.0
1952-02-08,0.019817461930527285,1.0,1.0
1952-02-09,0.01774723569054521,1.0,1.0
1952-02-11,0.02321092065048544,1.0,1.0
1952-02-13,0.04451014772824865,1.0,1.0
1952-02-14,0.02732613553135893,1.0,1.0
1952-02-15,0.019492351655079603,1.0,1.0
1952-02-16,0.01853538289193785,1.0,1.0
1952-02-18,0.0261095756982225,1.0,1.0
1952-02-19,0.38919969215769873,0.0,1.0
1952-02-20,0.4823742647307498,0.0,1.0
1952-02-21,0.11941063671119172,1.0,1.0
1952-02-23,0.04777470405471385,1.0,1.0
1952-02-25,0.029359965745635732,1.0,1.0
1952-02-26,0.03342783789082588,1.0,1.0
1952-02-27,0.0198010055780667,1.0,1.0
1952-02-28,0.02536788764944879,1.0,1.0
1952-02-29,0.01964629897429847,1.0,1.0
1952-03-01,0.017515284427080707,1.0,1.0
1952-03-03,0.017139694634038527,1.0,1.0
1952-03-04,0.08796888101522987,1.0,1.0
1952-03-05,0.029845369531900638,1.0,1.0
1952-03-06,0.019958529564090943,1.0,1.0
1952-03-07,0.0174255824116436,1.0,1.0
1952-03-08,0.017265590489572987,1.0,1.0
1952-03-10,0.029723323423240588,1.0,1.0
1952-03-11,0.01918118070658171,1.0,1.0
1952-03-12,0.017436360996431203,1.0,1.0
1952-03-13,0.01726230282297406,1.0,1.0
1952-03-14,0.017023076429791947,1.0,1.0
1952-03-15,0.01690714040220987,1.0,1.0
1952-03-17,0.016957155822677625,1.0,1.0
1952-03-18,0.019100149281251193,1.0,1.0
1952-03-19,0.02143898079648376,1.0,1.0
1952-03-20,0.018330732893562716,1.0,1.0
1952-03-21,0.01732357588884549,1.0,1.0
1952-03-22,0.017649989705399546,1.0,1.0
1952-03-24,0.01880075918055636,1.0,1.0
1952-03-25,0.026975581531655395,1.0,1.0
1952-03-26,0.02007311352919373,1.0,1.0
1952-03-27,0.02736453749941067,1.0,1.0
1952-03-28,0.023524432605708672,1.0,1.0
1952-03-29,0.021968404115807624,1.0,1.0
1952-03-31,0.01797368589076492,1.0,1.0
1952-04-01,0.05293410432273496,1.0,1.0
1952-04-02,0.025233598142299613,1.0,1.0
1952-04-03,0.018472439103901988,1.0,1.0
1952-04-04,0.031146226786101364,1.0,1.0
1952-04-05,0.022117507118389272,1.0,1.0
1952-04-07,0.0825013711538753,1.0,1.0
1952-04-08,0.03489748933527771,1.0,1.0
1952-04-09,0.02089605112723145,1.0,1.0
1952-04-10,0.01831472861195227,1.0,1.0
1952-04-12,0.017419894352306082,1.0,1.0
1952-04-14,0.04909128565795645,1.0,1.0
1952-04-15,0.15489233171466993,1.0,1.0
1952-04-16,0.04795692532770698,1.0,1.0
1952-04-17,0.08540583448895128,1.0,1.0
1952-04-18,0.0312962426038166,1.0,1.0
1952-04-19,0.019702364181731203,1.0,1.0
1952-04-21,0.024994153609013452,1.0,1.0
1952-04-22,0.029574646871228374,1.0,1.0
1952-04-23,0.030873766316949016,1.0,1.0
1952-04-24,0.030294325078059143,1.0,1.0
1952-04-25,0.020852267890350988,1.0,1.0
1952-04-26,0.017566077181612696,1.0,1.0
1952-04-28,0.02067068294069941,1.0,1.0
1952-04-29,0.024536639691916086,1.0,1.0
1952-04-30,0.04705584637556983,1.0,1.0
1952-05-01,0.05708378225424183,1.0,1.0
1952-05-02,0.16383295863611722,1.0,1.0
1952-05-03,0.04520032231670698,1.0,1.0
1952-05-05,0.02223428373239072,1.0,1.0
1952-05-06,0.017941033378085156,1.0,1.0
1952-05-07,0.022440534753082813,1.0,1.0
1952-05-08,0.01811243898284607,1.0,1.0
1952-05-09,0.01750135616218389,1.0,1.0
1952-05-10,0.018510252441617973,1.0,1.0
1952-05-12,0.019409356429650134,1.0,1.0
1952-05-13,0.0172915314978506,1.0,1.0
1952-05-14,0.02370774381055103,1.0,1.0
1952-05-15,0.025621635806049214,1.0,1.0
1952-05-16,0.018679125181280617,1.0,1.0
1952-05-17,0.017670165378160383,1.0,1.0
1952-05-19,0.01700429849667525,1.0,1.0
1952-05-20,0.01961643899363464,1.0,1.0
1952-05-21,0.01755757192115247,1.0,1.0
1952-05-22,0.02235203248401578,1.0,1.0
1952-05-23,0.019314716422348804,1.0,1.0
1952-05-24,0.01801564667475876,1.0,1.0
1952-05-26,0.01708231346606827,1.0,1.0
1952-05-27,0.0199753942496055,1.0,1.0
1952-05-28,0.019701364859061307,1.0,1.0
1952-05-29,0.017927680584582592,1.0,1.0
1952-06-02,0.019141078573544155,1.0,1.0
1952-06-03,0.018700894245420156,1.0,1.0
1952-06-04,0.020725282942128984,1.0,1.0
1952-06-05,0.023083789642878896,1.0,1.0
1952-06-06,0.02165603456216952,1.0,1.0
1952-06-09,0.018738584213933377,1.0,1.0
1952-06-10,0.023750193617359007,1.0,1.0
1952-06-11,0.018211344606289776,1.0,1.0
1952-06-12,0.01745790876873001,1.0,1.0
1952-06-13,0.016968157362971147,1.0,1.0
1952-06-16,0.019259299547201483,1.0,1.0
1952-06-17,0.01748935650798897,1.0,1.0
1952-06-18,0.017034204196756324,1.0,1.0
1952-06-19,0.017312769511821785,1.0,1.0
1952-06-20,0.01694128707990161,1.0,1.0
1952-06-23,0.018662852002569383,1.0,1.0
1952-06-24,0.017382857107851497,1.0,1.0
1952-06-25,0.017668878751823002,1.0,1.0
1952-06-26,0.017021099439751636,1.0,1.0
1952-06-27,0.016926857430457513,1.0,1.0
1952-06-30,0.01767037951473372,1.0,1.0
1952-07-01,0.02011573049162858,1.0,1.0
1952-07-02,0.02041705322197497,1.0,1.0
1952-07-03,0.01813569400406427,1.0,1.0
1952-07-07,0.02456655959460144,1.0,1.0
1952-07-08,0.018544566562088027,1.0,1.0
1952-07-09,0.022289575022909933,1.0,1.0
1952-07-10,0.021258984988757786,1.0,1.0
1952-07-11,0.02030854685023897,1.0,1.0
1952-07-14,0.01767682211309118,1.0,1.0
1952-07-15,0.025710946151203912,1.0,1.0
1952-07-16,0.026014174217509192,1.0,1.0
1952-07-17,0.03442856090467666,1.0,1.0
1952-07-18,0.06575047142781858,1.0,1.0
1952-07-21,0.03323100286156615,1.0,1.0
1952-07-22,0.02497515390306089,1.0,1.0
1952-07-23,0.02482015277906089,1.0,1.0
1952-07-24,0.023587342013148323,1.0,1.0
1952-07-25,0.028964953957991472,1.0,1.0
1952-07-28,0.025592945112669064,1.0,1.0
1952-07-29,0.023062619120071286,1.0,1.0
1952-07-30,0.02245260770414966,1.0,1.0
1952-07-31,0.0224358742119774,1.0,1.0
1952-08-01,0.022738880444678353,1.0,1.0
1952-08-04,0.02562103830929943,1.0,1.0
1952-08-05,0.02371647649939939,1.0,1.0
1952-08-06,0.022618538124281645,1.0,1.0
1952-08-07,0.0224668369796868,1.0,1.0
1952-08-08,0.023460646303500976,1.0,1.0
1952-08-11,0.023263924883246166,1.0,1.0
1952-08-12,0.06605284098806745,1.0,1.0
1952-08-13,0.035172290486248196,1.0,1.0
1952-08-14,0.026921675181757476,1.0,1.0
1952-08-15,0.028692951593813482,1.0,1.0
1952-08-18,0.16447945804729067,1.0,1.0
1952-08-19,0.06208928627652131,1.0,1.0
1952-08-20,0.03229204081718388,1.0,1.0
1952-08-21,0.024771334940667043,1.0,1.0
1952-08-22,0.02393260252926992,1.0,1.0
1952-08-25,0.03470676340768115,1.0,1.0
1952-08-26,0.027665904321820606,1.0,1.0
1952-08-27,0.02465292134950583,1.0,1.0
1952-08-28,0.02289586876699564,1.0,1.0
1952-08-29,0.02276338097616255,1.0,1.0
1952-09-02,0.023063906616611396,1.0,1.0
1952-09-03,0.022452925650365683,1.0,1.0
1952-09-04,0.024714837820488517,1.0,1.0
1952-09-05,0.025953334465672162,1.0,1.0
1952-09-08,0.03908109703193718,1.0,1.0
1952-09-09,0.20131224355577557,1.0,1.0
1952-09-10,0.11658568027557382,1.0,1.0
1952-09-11,0.04661172992484349,1.0,1.0
1952-09-12,0.03506398176975142,1.0,1.0
1952-09-15,0.142396475653337,1.0,1.0
1952-09-16,0.057494657094579335,1.0,1.0
1952-09-17,0.03132417784010144,1.0,1.0
1952-09-18,0.029405881304007397,1.0,1.0
1952-09-19,0.02402352754175634,1.0,1.0
1952-09-22,0.022875359755409722,1.0,1.0
1952-09-23,0.02330073059292975,1.0,1.0
1952-09-24,0.02310639976437783,1.0,1.0
1952-09-25,0.02350255730217247,1.0,1.0
1952-09-26,0.030021664544108758,1.0,1.0
1952-09-29,0.026212733432335437,1.0,1.0
1952-09-30,0.048971161613702914,1.0,1.0
1952-10-01,0.03747585428479737,1.0,1.0
1952-10-02,0.027377896921423898,1.0,1.0
1952-10-03,0.028235298843702038,1.0,1.0
1952-10-06,0.03156828306759468,1.0,1.0
1952-10-07,0.025231764103969243,1.0,1.0
1952-10-08,0.02627137773021311,1.0,1.0
1952-10-09,0.024086605120637854,1.0,1.0
1952-10-10,0.023880935724904708,1.0,1.0
1952-10-14,0.033653700009566793,1.0,1.0
1952-10-15,0.5470944091377922,0.0,1.0
1952-10-16,0.3745483305566325,0.0,1.0
1952-10-17,0.3452128653353405,0.0,1.0
1952-10-20,0.15782977375290785,1.0,1.0
1952-10-21,0.06768815220316464,1.0,1.0
1952-10-22,0.18652813378389063,1.0,1.0
1952-10-23,0.067669735208024,1.0,1.0
1952-10-24,0.03620722253970255,1.0,1.0
1952-10-27,0.025823473178548446,1.0,1.0
1952-10-28,0.02376792385809121,1.0,1.0
1952-10-29,0.023156640931934983,1.0,1.0
1952-10-30,0.023770950594044694,1.0,1.0
1952-10-31,0.14731821954117877,1.0,1.0
1952-11-03,0.06670508593918315,1.0,1.0
1952-11-05,0.03920758907194908,1.0,1.0
1952-11-06,0.027951016599020714,1.0,1.0
1952-11-07,0.02528801841835592,1.0,1.0
1952-11-10,0.024066186491150315,1.0,1.0
1952-11-12,0.02672199994123683,1.0,1.0
1952-11-13,0.023605850718137023,1.0,1.0
1952-11-14,0.023514148136047276,1.0,1.0
1952-11-17,0.022540081526939846,1.0,1.0
1952-11-18,0.17368987829356275,1.0,1.0
1952-11-19,0.09052104200890962,1.0,1.0
1952-11-20,0.046077946183805785,1.0,1.0
1952-11-21,0.02949163394090488,1.0,1.0
1952-11-24,0.031887149720309475,1.0,1.0
1952-11-25,0.024741760351055974,1.0,1.0
1952-11-26,0.029599418678590474,1.0,1.0
1952-11-28,0.027504440632034735,1.0,1.0
1952-12-01,0.023611139436253717,1.0,1.0
1952-12-02,0.022814836251526655,1.0,1.0
1952-12-03,0.023966055970457433,1.0,1.0
1952-12-04,0.03225589432873857,1.0,1.0
1952-12-05,0.024737069316710898,1.0,1.0
1952-12-08,0.024593630127097144,1.0,1.0
1952-12-09,0.024718188557528022,1.0,1.0
1952-12-10,0.023584349947334524,1.0,1.0
1952-12-11,0.023625945823919154,1.0,1.0
1952-12-12,0.02310122310880776,1.0,1.0
1952-12-15,0.022700930594068813,1.0,1.0
1952-12-16,0.02379027838513418,1.0,1.0
1952-12-17,0.025694667383739364,1.0,1.0
1952-12-18,0.0241713643359031,1.0,1.0
1952-12-19,0.024289432302106232,1.0,1.0
1952-12-22,0.024636913884735406,1.0,1.0
1952-12-23,0.03392817278170631,1.0,1.0
1952-12-24,0.025644863100081065,1.0,1.0
1952-12-26,0.023119150848084052,1.0,1.0
1952-12-29,0.023255311990294705,1.0,1.0
1952-12-30,0.025495431789853945,1.0,1.0
1952-12-31,0.023242300651350772,1.0,1.0
1953-01-02,0.022941832354929,1.0,1.0
1953-01-05,0.024804752108954994,1.0,1.0
1953-01-06,0.04547869881817101,1.0,1.0
1953-01-07,0.040363766875838036,1.0,1.0
1953-01-08,0.028631170276508407,1.0,1.0
1953-01-09,0.10478760708715201,1.0,1.0
1953-01-12,0.10732918771838927,1.0,1.0
1953-01-13,0.054211834924397996,1.0,1.0
1953-01-14,0.030572598083011434,1.0,1.0
1953-01-15,0.024300226547467146,1.0,1.0
1953-01-16,0.0344029695285498,1.0,1.0
1953-01-19,0.025366280599321923,1.0,1.0
1953-01-20,0.023130819902436386,1.0,1.0
1953-01-21,0.023718294331763125,1.0,1.0
1953-01-22,0.021143634506529056,1.0,1.0
1953-01-23,0.022958608528943908,1.0,1.0
1953-01-26,0.0238933390544651,1.0,1.0
1953-01-27,0.02074451310041299,1.0,1.0
1953-01-28,0.019986052597870414,1.0,1.0
1953-01-29,0.02046153897842489,1.0,1.0
1953-01-30,0.02316841926413113,1.0,1.0
1953-02-02,0.020584645775698057,1.0,1.0
1953-02-03,0.020303154720350557,1.0,1.0
1953-02-04,0.022156684917236266,1.0,1.0
1953-02-05,0.07989453291345278,1.0,1.0
1953-02-06,0.14100421526303783,1.0,1.0
1953-02-09,0.07668880955193685,1.0,1.0
1953-02-10,0.03890543427013552,1.0,1.0
1953-02-11,0.024558190705271214,1.0,1.0
1953-02-13,0.02309118014053418,1.0,1.0
1953-02-16,0.024162744770042432,1.0,1.0
1953-02-17,0.038850454254132534,1.0,1.0
1953-02-18,0.025313591458925103,1.0,1.0
1953-02-19,0.021454055666376592,1.0,1.0
1953-02-20,0.02014887929541974,1.0,1.0
1953-02-24,0.02676678270143562,1.0,1.0
1953-02-25,0.027811417908748467,1.0,1.0
1953-02-26,0.021729273113916467,1.0,1.0
1953-02-27,0.0212174999494678,1.0,1.0
1953-03-02,0.020458049706424748,1.0,1.0
1953-03-03,0.02099799308987822,1.0,1.0
1953-03-04,0.08807147301415362,1.0,1.0
1953-03-05,0.037025597623835386,1.0,1.0
1953-03-06,0.025224529117592726,1.0,1.0
1953-03-09,0.021440863877780856,1.0,1.0
1953-03-10,0.02015359472449063,1.0,1.0
1953-03-11,0.029588943956059002,1.0,1.0
1953-03-12,0.023086925818821928,1.0,1.0
1953-03-13,0.020646679033950684,1.0,1.0
1953-03-16,0.019963995006753457,1.0,1.0
1953-03-17,0.020286933168133545,1.0,1.0
1953-03-18,0.021091785153846746,1.0,1.0
1953-03-19,0.020427273148813995,1.0,1.0
1953-03-20,0.021848620578831437,1.0,1.0
1953-03-23,0.04848075011317518,1.0,1.0
1953-03-24,0.03304920726581316,1.0,1.0
1953-03-25,0.026727412016064468,1.0,1.0
1953-03-26,0.037818169922150875,1.0,1.0
1953-03-27,0.02446741121303958,1.0,1.0
1953-03-30,0.6336896320682793,0.0,1.0
1953-03-31,0.7782488736901632,0.0,1.0
1953-04-01,0.3021239867357701,0.0,1.0
1953-04-02,0.10315304040367582,1.0,1.0
1953-04-06,0.9924774242119137,0.0,1.0
1953-04-07,0.4455756857928627,0.0,1.0
1953-04-08,0.2139606772014327,1.0,1.0
1953-04-09,0.11130671767516188,1.0,1.0
1953-04-10,0.05050545263930223,1.0,1.0
1953-04-13,0.032983284213802394,1.0,1.0
1953-04-14,0.02334464799889721,1.0,1.0
1953-04-15,0.023973125830559983,1.0,1.0
1953-04-16,0.02633518387378985,1.0,1.0
1953-04-17,0.12814106828769756,1.0,1.0
1953-04-20,0.04715407198946513,1.0,1.0
1953-04-21,0.030444904855757023,1.0,1.0
1953-04-22,0.07846984968849295,1.0,1.0
1953-04-23,0.3715248477217617,0.0,1.0
1953-04-24,0.1246670232106002,1.0,1.0
1953-04-27,0.052595906535961835,1.0,1.0
1953-04-28,0.03166666748191425,1.0,1.0
1953-04-29,0.027681537004801686,1.0,1.0
1953-04-30,0.024756724957238574,1.0,1.0
1953-05-01,0.022645391092700008,1.0,1.0
1953-05-04,0.045696103040409705,1.0,1.0
1953-05-05,0.026235376675828113,1.0,1.0
1953-05-06,0.021301732305690282,1.0,1.0
1953-05-07,0.03256787295273945,1.0,1.0
1953-05-08,0.022952488890492197,1.0,1.0
1953-05-11,0.020883155698897978,1.0,1.0
1953-05-12,0.03670123078464571,1.0,1.0
1953-05-13,0.025975221311796463,1.0,1.0
1953-05-14,0.02425973439797699,1.0,1.0
1953-05-15,0.021137357670132022,1.0,1.0
1953-05-18,0.02434926746524731,1.0,1.0
1953-05-19,0.025558895601961635,1.0,1.0
1953-05-20,0.05041959486683084,1.0,1.0
1953-05-21,0.027786155113913646,1.0,1.0
1953-05-22,0.022749931311021685,1.0,1.0
1953-05-25,0.02299902958554315,1.0,1.0
1953-05-26,0.028496313861112864,1.0,1.0
1953-05-27,0.08325343733087535,1.0,1.0
1953-05-28,0.10929828977149425,1.0,1.0
1953-05-29,0.04216974379030192,1.0,1.0
1953-06-01,0.5233738222746341,0.0,1.0
1953-06-02,0.17716812277490612,1.0,1.0
1953-06-03,0.06442855950329747,1.0,1.0
1953-06-04,0.12668228898421519,1.0,1.0
1953-06-05,0.046746736327689595,1.0,1.0
1953-06-08,0.03221136134750536,1.0,1.0
1953-06-09,0.9501380509740139,0.0,1.0
1953-06-10,0.43430186906764584,0.0,1.0
1953-06-11,0.25125312797365934,1.0,1.0
1953-06-12,0.08451955879812487,1.0,1.0
1953-06-15,0.1415400768009879,1.0,1.0
1953-06-16,0.06960237180005259,1.0,1.0
1953-06-17,0.15396488510671252,1.0,1.0
1953-06-18,0.056123743224447895,1.0,1.0
1953-06-19,0.029876141716179652,1.0,1.0
1953-06-22,0.02658117309508996,1.0,1.0
1953-06-23,0.02677549815326028,1.0,1.0
1953-06-24,0.0240880217916511,1.0,1.0
1953-06-25,0.022471272038058994,1.0,1.0
1953-06-26,0.02206939493200181,1.0,1.0
1953-06-29,0.02387435886614926,1.0,1.0
1953-06-30,0.02350128647030599,1.0,1.0
1953-07-01,0.022170210561897313,1.0,1.0
1953-07-02,0.0213146434432339,1.0,1.0
1953-07-03,0.02035269429778165,1.0,1.0
1953-07-06,0.019956736537938162,1.0,1.0
1953-07-07,0.02087107402005242,1.0,1.0
1953-07-08,0.02052014298236848,1.0,1.0
1953-07-09,0.028891556289326693,1.0,1.0
1953-07-10,0.024661964747870305,1.0,1.0
1953-07-13,0.13373974061343313,1.0,1.0
1953-07-14,0.05538467191755888,1.0,1.0
1953-07-15,0.02904108746222922,1.0,1.0
1953-07-16,0.022933898395672815,1.0,1.0
1953-07-17,0.024569013034724065,1.0,1.0
1953-07-20,0.03929126608064032,1.0,1.0
1953-07-21,0.031733001208201904,1.0,1.0
1953-07-22,0.02337663079072204,1.0,1.0
1953-07-23,0.02120962874675297,1.0,1.0
1953-07-24,0.02117485255857036,1.0,1.0
1953-07-27,0.047260224648247876,1.0,1.0
1953-07-28,0.027602836271342798,1.0,1.0
1953-07-29,0.027249247147079506,1.0,1.0
1953-07-30,0.05074531679436615,1.0,1.0
1953-07-31,0.05393734802684593,1.0,1.0
1953-08-03,0.03064031067738862,1.0,1.0
1953-08-04,0.024198737634387117,1.0,1.0
1953-08-05,0.02138234577304574,1.0,1.0
1953-08-06,0.022411556654349483,1.0,1.0
1953-08-07,0.02235674982154458,1.0,1.0
1953-08-10,0.022961232844947593,1.0,1.0
1953-08-11,0.022794323990717586,1.0,1.0
1953-08-12,0.02328731186170833,1.0,1.0
1953-08-13,0.022316279005983028,1.0,1.0
1953-08-14,0.03029607636860952,1.0,1.0
1953-08-17,0.029311078494620786,1.0,1.0
1953-08-18,0.042145993669848926,1.0,1.0
1953-08-19,0.06397682644598146,1.0,1.0
1953-08-20,0.031977131809572554,1.0,1.0
1953-08-21,0.023283427042827577,1.0,1.0
1953-08-24,0.20760548203251028,1.0,1.0
1953-08-25,0.13928684597840268,1.0,1.0
1953-08-26,0.06703720753037717,1.0,1.0
1953-08-27,0.05308734616474127,1.0,1.0
1953-08-28,0.03602061355347907,1.0,1.0
1953-08-31,0.8723826735463477,0.0,1.0
1953-09-01,0.3800274729200419,0.0,1.0
1953-09-02,0.16620377971312122,1.0,1.0
1953-09-03,0.07386566520846358,1.0,1.0
1953-09-04,0.03420888825688438,1.0,1.0
1953-09-08,0.023875891050106148,1.0,1.0
1953-09-09,0.021923599374206997,1.0,1.0
1953-09-10,0.09661112435230668,1.0,1.0
1953-09-11,0.6484949808639608,0.0,1.0
1953-09-14,0.9926456038255856,0.0,1.0
1953-09-15,0.5544993236550131,0.0,1.0
1953-09-16,0.2764010307499454,0.0,1.0
1953-09-17,0.09174226860225025,1.0,1.0
1953-09-18,0.08562559029079812,1.0,1.0
1953-09-21,0.047436038671371875,1.0,1.0
1953-09-22,0.17344031879401817,1.0,1.0
1953-09-23,0.06343762531584489,1.0,1.0
1953-09-24,0.03224708505894993,1.0,1.0
1953-09-25,0.023768656290481725,1.0,1.0
1953-09-28,0.028045241480578374,1.0,1.0
1953-09-29,0.02239274639539987,1.0,1.0
1953-09-30,0.031249129437326575,1.0,1.0
1953-10-01,0.03042505851639396,1.0,1.0
1953-10-02,0.024618366372794565,1.0,1.0
1953-10-05,0.034721040676032634,1.0,1.0
1953-10-06,0.04629826464061879,1.0,1.0
1953-10-07,0.042589704661118825,1.0,1.0
1953-10-08,0.025974703139773198,1.0,1.0
1953-10-09,0.022199568456115953,1.0,1.0
1953-10-13,0.025594230994869425,1.0,1.0
1953-10-14,0.024427680093135472,1.0,1.0
1953-10-15,0.09428899822464884,1.0,1.0
1953-10-16,0.0504059435584833,1.0,1.0
1953-10-19,0.02781214012868067,1.0,1.0
1953-10-20,0.022583746082428555,1.0,1.0
1953-10-21,0.021694733904565274,1.0,1.0
1953-10-22,0.021591375654224185,1.0,1.0
1953-10-23,0.020895381514351576,1.0,1.0
1953-10-26,0.026402829473600814,1.0,1.0
1953-10-27,0.030383980491637978,1.0,1.0
1953-10-28,0.02293946938132412,1.0,1.0
1953-10-29,0.056757498627137186,1.0,1.0
1953-10-30,0.030013579576034594,1.0,1.0
1953-11-02,0.025223560085445327,1.0,1.0
1953-11-04,0.02173981204741084,1.0,1.0
1953-11-05,0.03159522340738934,1.0,1.0
1953-11-06,0.02359171017375352,1.0,1.0
1953-11-09,0.0234654728943652,1.0,1.0
1953-11-10,0.04455037415515649,1.0,1.0
1953-11-12,0.027038230033026932,1.0,1.0
1953-11-13,0.02223410919928063,1.0,1.0
1953-11-16,0.04486269798998552,1.0,1.0
1953-11-17,0.04331792741022235,1.0,1.0
1953-11-18,0.02615498538479431,1.0,1.0
1953-11-19,0.024790396942457542,1.0,1.0
1953-11-20,0.021907134590979878,1.0,1.0
1953-11-23,0.024010200467424154,1.0,1.0
1953-11-24,0.025628542984957266,1.0,1.0
1953-11-25,0.021995185180442817,1.0,1.0
1953-11-27,0.028595035645517297,1.0,1.0
1953-11-30,0.027852764793156914,1.0,1.0
1953-12-01,0.022381797263264818,1.0,1.0
1953-12-02,0.028722345769796768,1.0,1.0
1953-12-03,0.022509537430834448,1.0,1.0
1953-12-04,0.023550978778231285,1.0,1.0
1953-12-07,0.025185355904669637,1.0,1.0
1953-12-08,0.03275057603449928,1.0,1.0
1953-12-09,0.0246061847913292,1.0,1.0
1953-12-10,0.024761441249951558,1.0,1.0
1953-12-11,0.022692687749764334,1.0,1.0
1953-12-14,0.02663582520610327,1.0,1.0
1953-12-15,0.022926075053159505,1.0,1.0
1953-12-16,0.0453967083128927,1.0,1.0
1953-12-17,0.028916714564996192,1.0,1.0
1953-12-18,0.0228695607005724,1.0,1.0
1953-12-21,0.024990279197901318,1.0,1.0
1953-12-22,0.08451768763483405,1.0,1.0
1953-12-23,0.0398849144106065,1.0,1.0
1953-12-24,0.027104623414328313,1.0,1.0
1953-12-28,0.038240392493102564,1.0,1.0
1953-12-29,0.06764760523349767,1.0,1.0
1953-12-30,0.04641043011019993,1.0,1.0
1953-12-31,0.02687906353493105,1.0,1.0
1954-01-04,0.03512150941945325,1.0,1.0
1954-01-05,0.033865287263164345,1.0,1.0
1954-01-06,0.023747800854401424,1.0,1.0
1954-01-07,0.030793150161534354,1.0,1.0
1954-01-08,0.03711329583572432,1.0,1.0
1954-01-11,0.047405269752267346,1.0,1.0
1954-01-12,0.032146287818173115,1.0,1.0
1954-01-13,0.02799507891424292,1.0,1.0
1954-01-14,0.0252962029650521,1.0,1.0
1954-01-15,0.04660294558568334,1.0,1.0
1954-01-18,0.027183880191669167,1.0,1.0
1954-01-19,0.03602514017022292,1.0,1.0
1954-01-20,0.024901818699305613,1.0,1.0
1954-01-21,0.02273277543583514,1.0,1.0
1954-01-22,0.02131585051396888,1.0,1.0
1954-01-25,0.02196403856468992,1.0,1.0
1954-01-26,0.03483714408193654,1.0,1.0
1954-01-27,0.03262666975238804,1.0,1.0
1954-01-28,0.0242784192569373,1.0,1.0
1954-01-29,0.021562406707325434,1.0,1.0
1954-02-01,0.026157881917968816,1.0,1.0
1954-02-02,0.02535313569447496,1.0,1.0
1954-02-03,0.02775169628638215,1.0,1.0
1954-02-04,0.032648031082271475,1.0,1.0
1954-02-05,0.024784758309697834,1.0,1.0
1954-02-08,0.022827024425033482,1.0,1.0
1954-02-09,0.021782278879002567,1.0,1.0
1954-02-10,0.024340707684547238,1.0,1.0
1954-02-11,0.02461137640712053,1.0,1.0
1954-02-12,0.022464163186612183,1.0,1.0
1954-02-15,0.030620484941920045,1.0,1.0
1954-02-16,0.08727535803490646,1.0,1.0
1954-02-17,0.03824696983280614,1.0,1.0
1954-02-18,0.02945050959953388,1.0,1.0
1954-02-19,0.025822962736347457,1.0,1.0
1954-02-23,0.03181288348074302,1.0,1.0
1954-02-24,0.025282644125905814,1.0,1.0
1954-02-25,0.024114808002831015,1.0,1.0
1954-02-26,0.04589217317679278,1.0,1.0
1954-03-01,0.03270211868348898,1.0,1.0
1954-03-02,0.023916617431802168,1.0,1.0
1954-03-03,0.02205870921309731,1.0,1.0
1954-03-04,0.02119488453059444,1.0,1.0
1954-03-05,0.023185687917850528,1.0,1.0
1954-03-08,0.02635061468622842,1.0,1.0
1954-03-09,0.02213952298892141,1.0,1.0
1954-03-10,0.02163530944226196,1.0,1.0
1954-03-11,0.023917187433149162,1.0,1.0
1954-03-12,0.02368573554803618,1.0,1.0
1954-03-15,0.031053826317985072,1.0,1.0
1954-03-16,0.023876273020465258,1.0,1.0
1954-03-17,0.02154833147765164,1.0,1.0
1954-03-18,0.02536859949157663,1.0,1.0
1954-03-19,0.0234490320256653,1.0,1.0
1954-03-22,0.02289385693646854,1.0,1.0
1954-03-23,0.06360290675953846,1.0,1.0
1954-03-24,0.05744107403278767,1.0,1.0
1954-03-25,0.03294370260599506,1.0,1.0
1954-03-26,0.03257006258587563,1.0,1.0
1954-03-29,0.025720649141658183,1.0,1.0
1954-03-30,0.022545430961292183,1.0,1.0
1954-03-31,0.037005187630409074,1.0,1.0
1954-04-01,0.03956512898538618,1.0,1.0
1954-04-02,0.025569700384982078,1.0,1.0
1954-04-05,0.02223495465235682,1.0,1.0
1954-04-06,0.11584449523942388,1.0,1.0
1954-04-07,0.05645772949425464,1.0,1.0
1954-04-08,0.04808294306083713,1.0,1.0
1954-04-09,0.030900208913796433,1.0,1.0
1954-04-12,0.02521348569187106,1.0,1.0
1954-04-13,0.021793766249740505,1.0,1.0
1954-04-14,0.03303807305128101,1.0,1.0
1954-04-15,0.02584741661587801,1.0,1.0
1954-04-19,0.04552209732521811,1.0,1.0
1954-04-20,0.027489679816349886,1.0,1.0
1954-04-21,0.024659317632720786,1.0,1.0
1954-04-22,0.021719567120266643,1.0,1.0
1954-04-23,0.022796346856897277,1.0,1.0
1954-04-26,0.021280441898994532,1.0,1.0
1954-04-27,0.03437818136528944,1.0,1.0
1954-04-28,0.024225522488997633,1.0,1.0
1954-04-29,0.11250343673178384,1.0,1.0
1954-04-30,0.04437247757512242,1.0,1.0
1954-05-03,0.030029143082938466,1.0,1.0
1954-05-04,0.023045511144561825,1.0,1.0
1954-05-05,0.02264198909387007,1.0,1.0
1954-05-06,0.02569491378445012,1.0,1.0
1954-05-07,0.023864473480390135,1.0,1.0
1954-05-10,0.021629508954107642,1.0,1.0
1954-05-11,0.031267263111489224,1.0,1.0
1954-05-12,0.0399931298437809,1.0,1.0
1954-05-13,0.03346145713756198,1.0,1.0
1954-05-14,0.02833431709318374,1.0,1.0
1954-05-17,0.022668704473978233,1.0,1.0
1954-05-18,0.021156115619425025,1.0,1.0
1954-05-19,0.025445575316506038,1.0,1.0
1954-05-20,0.023038757943588103,1.0,1.0
1954-05-21,0.025537541508256018,1.0,1.0
1954-05-24,0.0223821024740635,1.0,1.0
1954-05-25,0.02640979134838374,1.0,1.0
1954-05-26,0.02742810259791117,1.0,1.0
1954-05-27,0.027334325546899886,1.0,1.0
1954-05-28,0.022630875343550235,1.0,1.0
1954-06-01,0.02115525136996598,1.0,1.0
1954-06-02,0.024901181551047567,1.0,1.0
1954-06-03,0.022066861114872167,1.0,1.0
1954-06-04,0.02543898205125423,1.0,1.0
1954-06-07,0.024920389515314056,1.0,1.0
1954-06-08,0.9782630716011181,0.0,1.0
1954-06-09,0.5920159494503404,0.0,1.0
1954-06-10,0.25646048812520555,0.0,1.0
1954-06-11,0.12153010607175534,1.0,1.0
1954-06-14,0.04748927917898387,1.0,1.0
1954-06-15,0.046017179988657245,1.0,1.0
1954-06-16,0.04461972237999437,1.0,1.0
1954-06-17,0.02960247497941577,1.0,1.0
1954-06-18,0.02341338555961738,1.0,1.0
1954-06-21,0.021341003324328867,1.0,1.0
1954-06-22,0.021001566023880675,1.0,1.0
1954-06-23,0.020745870491893272,1.0,1.0
1954-06-24,0.02697433594813274,1.0,1.0
1954-06-25,0.0224593715101825,1.0,1.0
1954-06-28,0.029026259957485596,1.0,1.0
1954-06-29,0.02367958478340774,1.0,1.0
1954-06-30,0.045375507240001174,1.0,1.0
1954-07-01,0.027676310331099546,1.0,1.0
1954-07-02,0.06268535818950675,1.0,1.0
1954-07-06,0.06452041093773081,1.0,1.0
1954-07-07,0.03269760097185037,1.0,1.0
1954-07-08,0.02747418503502193,1.0,1.0
1954-07-09,0.025800623959582967,1.0,1.0
1954-07-12,0.022065902904450447,1.0,1.0
1954-07-13,0.02800465628422094,1.0,1.0
1954-07-14,0.02279945250647955,1.0,1.0
1954-07-15,0.02180280224899174,1.0,1.0
1954-07-16,0.03287544579550105,1.0,1.0
1954-07-19,0.0328642055941007,1.0,1.0
1954-07-20,0.018948914268222844,1.0,1.0
1954-07-21,0.024437980281127973,1.0,1.0
1954-07-22,0.029373275261087,1.0,1.0
1954-07-23,0.016701632210159835,1.0,1.0
1954-07-26,0.01446887256526394,1.0,1.0
1954-07-27,0.015200686411899221,1.0,1.0
1954-07-28,0.01386853947675996,1.0,1.0
1954-07-29,0.014425231299772507,1.0,1.0
1954-07-30,0.015070344313186452,1.0,1.0
1954-08-02,0.014044120172177094,1.0,1.0
1954-08-03,0.013696559931574965,1.0,1.0
1954-08-04,0.013893267682679043,1.0,1.0
1954-08-05,0.016142455132244934,1.0,1.0
1954-08-06,0.19203792193184074,1.0,1.0
1954-08-09,0.08507382887778411,1.0,1.0
1954-08-10,0.057201100316716956,1.0,1.0
1954-08-11,0.04634450064465865,1.0,1.0
1954-08-12,0.02349136101791198,1.0,1.0
1954-08-13,0.015818264670441756,1.0,1.0
1954-08-16,0.022576031427190963,1.0,1.0
1954-08-17,0.01592862315004068,1.0,1.0
1954-08-18,0.013977848372689361,1.0,1.0
1954-08-19,0.013766651112636,1.0,1.0
1954-08-20,0.013493824322351106,1.0,1.0
1954-08-23,0.03590887671119728,1.0,1.0
1954-08-24,0.026794812695055608,1.0,1.0
1954-08-25,0.03754843812809643,1.0,1.0
1954-08-26,0.025051700279825673,1.0,1.0
1954-08-27,0.015952806899064947,1.0,1.0
1954-08-30,0.079893702009877,1.0,1.0
1954-08-31,0.6171658926373271,0.0,1.0
1954-09-01,0.30399512048752425,0.0,1.0
1954-09-02,0.1126417600730862,1.0,1.0
1954-09-03,0.048594388563159806,1.0,1.0
1954-09-07,0.023936470972256204,1.0,1.0
1954-09-08,0.01559320908001702,1.0,1.0
1954-09-09,0.01394977626035667,1.0,1.0
1954-09-10,0.01419053683410915,1.0,1.0
1954-09-13,0.019429928672057464,1.0,1.0
1954-09-14,0.015216800485610363,1.0,1.0
1954-09-15,0.01598623129601034,1.0,1.0
1954-09-16,0.014711402894021583,1.0,1.0
1954-09-17,0.018769047109319353,1.0,1.0
1954-09-20,0.02188585113333909,1.0,1.0
1954-09-21,0.019025872389767422,1.0,1.0
1954-09-22,0.019203068367939453,1.0,1.0
1954-09-23,0.016034084915875803,1.0,1.0
1954-09-24,0.0165864551633667,1.0,1.0
1954-09-27,0.014082829893783134,1.0,1.0
1954-09-28,0.013558802692569486,1.0,1.0
1954-09-29,0.02163552537330256,1.0,1.0
1954-09-30,0.024289299107338253,1.0,1.0
1954-10-01,0.015666393155379644,1.0,1.0
1954-10-04,0.01649675625775384,1.0,1.0
1954-10-05,0.014739730535394319,1.0,1.0
1954-10-06,0.013805038969702574,1.0,1.0
1954-10-07,0.016466561995827182,1.0,1.0
1954-10-08,0.014691641820980707,1.0,1.0
1954-10-11,0.03487374003518734,1.0,1.0
1954-10-12,0.02688567043724593,1.0,1.0
1954-10-13,0.017346364464276117,1.0,1.0
1954-10-14,0.1596091459624034,1.0,1.0
1954-10-15,0.06298067237642554,1.0,1.0
1954-10-18,0.024732688168495127,1.0,1.0
1954-10-19,0.01620808645381127,1.0,1.0
1954-10-20,0.01893096090484493,1.0,1.0
1954-10-21,0.014543482247821118,1.0,1.0
1954-10-22,0.01365350535888539,1.0,1.0
1954-10-25,0.029383329946873593,1.0,1.0
1954-10-26,0.018020630877897167,1.0,1.0
1954-10-27,0.014877632729817208,1.0,1.0
1954-10-28,0.017113600783408893,1.0,1.0
1954-10-29,0.04170959072668018,1.0,1.0
1954-11-01,0.021869220911529874,1.0,1.0
1954-11-03,0.6978301966430206,0.0,1.0
1954-11-04,0.45968322549577145,0.0,1.0
1954-11-05,0.13478093637609934,1.0,1.0
1954-11-08,0.08173314416321219,1.0,1.0
1954-11-09,0.029944014609487816,1.0,1.0
1954-11-10,0.017758486348463987,1.0,1.0
1954-11-11,0.02361739436645968,1.0,1.0
1954-11-12,0.01597024285359645,1.0,1.0
1954-11-15,0.015030232966900321,1.0,1.0
1954-11-16,0.0165111264651519,1.0,1.0
1954-11-17,0.014742832635895785,1.0,1.0
1954-11-18,0.024033356627944567,1.0,1.0
1954-11-19,0.01620514286203761,1.0,1.0
1954-11-22,0.017768242984924503,1.0,1.0
1954-11-23,0.06562268862895586,1.0,1.0
1954-11-24,0.024665087088349344,1.0,1.0
1954-11-26,0.025513151642591544,1.0,1.0
1954-11-29,0.016091206720412674,1.0,1.0
1954-11-30,0.03250738034251092,1.0,1.0
1954-12-01,0.030970166790102765,1.0,1.0
1954-12-02,0.025482224039432802,1.0,1.0
1954-12-03,0.03820446236760686,1.0,1.0
1954-12-06,0.028604289966448513,1.0,1.0
1954-12-07,0.016697397043660595,1.0,1.0
1954-12-08,0.014595344040948284,1.0,1.0
1954-12-09,0.019978583289209578,1.0,1.0
1954-12-10,0.017286076615351233,1.0,1.0
1954-12-13,0.016181071339920722,1.0,1.0
1954-12-14,0.04219958463231754,1.0,1.0
1954-12-15,0.021134114245956345,1.0,1.0
1954-12-16,0.038651367210164364,1.0,1.0
1954-12-17,0.02520470003770862,1.0,1.0
1954-12-20,0.0256928470767249,1.0,1.0
1954-12-21,0.01593184101041655,1.0,1.0
1954-12-22,0.014655824343387759,1.0,1.0
1954-12-23,0.013715220321347735,1.0,1.0
1954-12-27,0.03518585498663473,1.0,1.0
1954-12-28,0.0410878318909067,1.0,1.0
1954-12-29,0.035776696076561636,1.0,1.0
1954-12-30,0.018185244225213466,1.0,1.0
1954-12-31,0.019223002050543263,1.0,1.0
1955-01-03,0.050766125795574914,1.0,1.0
1955-01-04,0.03454987240204827,1.0,1.0
1955-01-05,0.9798098904258326,0.0,1.0
1955-01-06,0.951208826672803,0.0,1.0
1955-01-07,0.6770969537232271,0.0,1.0
1955-01-10,0.7515098750575175,0.0,1.0
1955-01-11,0.27353468083131166,0.0,1.0
1955-01-12,0.08995239315959569,1.0,1.0
1955-01-13,0.054374981826206314,1.0,1.0
1955-01-14,0.03353264823656731,1.0,1.0
1955-01-17,0.9138910464500671,0.0,1.0
1955-01-18,0.3588956694077262,0.0,1.0
1955-01-19,0.10179838436960108,1.0,1.0
1955-01-20,0.0342228657241772,1.0,1.0
1955-01-21,0.03067935163807446,1.0,1.0
1955-01-24,0.020695313673433184,1.0,1.0
1955-01-25,0.021201827607315066,1.0,1.0
1955-01-26,0.030043507964972613,1.0,1.0
1955-01-27,0.02056768054503844,1.0,1.0
1955-01-28,0.020780840192817406,1.0,1.0
1955-01-31,0.03148638035193798,1.0,1.0
1955-02-01,0.022925113693381315,1.0,1.0
1955-02-02,0.02147015351398908,1.0,1.0
1955-02-03,0.021356269426535353,1.0,1.0
1955-02-04,0.05743954291278236,1.0,1.0
1955-02-07,0.026015991715130127,1.0,1.0
1955-02-08,0.07852415708563087,1.0,1.0
1955-02-09,0.09604934205441701,1.0,1.0
1955-02-10,0.056841086491178944,1.0,1.0
1955-02-11,0.02541224404168426,1.0,1.0
1955-02-14,0.025618663601591707,1.0,1.0
1955-02-15,0.02038748798777368,1.0,1.0
1955-02-16,0.024773889522025066,1.0,1.0
1955-02-17,0.01965647299763775,1.0,1.0
1955-02-18,0.01900756734944513,1.0,1.0
1955-02-21,0.018912114765391057,1.0,1.0
1955-02-23,0.018836895852971262,1.0,1.0
1955-02-24,0.035413596121664434,1.0,1.0
1955-02-25,0.02395406435163321,1.0,1.0
1955-02-28,0.023246370661606938,1.0,1.0
1955-03-01,0.02004042675557803,1.0,1.0
1955-03-02,0.03423076306993404,1.0,1.0
1955-03-03,0.021654829477191533,1.0,1.0
1955-03-04,0.020546576376094076,1.0,1.0
1955-03-07,0.030040956599855693,1.0,1.0
1955-03-08,0.9062246223430526,0.0,1.0
1955-03-09,0.8696166958231324,0.0,1.0
1955-03-10,0.3679906946281693,0.0,1.0
1955-03-11,0.8974011320647637,0.0,1.0
1955-03-14,0.9998919394078196,0.0,1.0
1955-03-15,0.978426596198693,0.0,1.0
1955-03-16,0.5035056775103873,0.0,1.0
1955-03-17,0.1354153949925329,1.0,1.0
1955-03-18,0.040258392329062795,1.0,1.0
1955-03-21,0.04707229686973169,1.0,1.0
1955-03-22,0.028792683811458678,1.0,1.0
1955-03-23,0.09407926027020627,1.0,1.0
1955-03-24,0.06285051071493768,1.0,1.0
1955-03-25,0.02693996878499316,1.0,1.0
1955-03-28,0.029408579926223175,1.0,1.0
1955-03-29,0.020627679510916652,1.0,1.0
1955-03-30,0.09402511487649391,1.0,1.0
1955-03-31,0.03245172004189198,1.0,1.0
1955-04-01,0.04046352366546691,1.0,1.0
1955-04-04,0.02608092875895765,1.0,1.0
1955-04-05,0.021256282759260982,1.0,1.0
1955-04-06,0.0189942523128598,1.0,1.0
1955-04-07,0.020175380694702285,1.0,1.0
1955-04-11,0.01887732321195411,1.0,1.0
1955-04-12,0.02077726085614076,1.0,1.0
1955-04-13,0.01927290229134327,1.0,1.0
1955-04-14,0.018849615662602313,1.0,1.0
1955-04-15,0.020147525720986808,1.0,1.0
1955-04-18,0.02492203642502213,1.0,1.0
1955-04-19,0.023068580936861545,1.0,1.0
1955-04-20,0.019317199203198316,1.0,1.0
1955-04-21,0.02028966050960594,1.0,1.0
1955-04-22,0.06529661058759283,1.0,1.0
1955-04-25,0.027316747346004516,1.0,1.0
1955-04-26,0.025625275253689118,1.0,1.0
1955-04-27,0.031996630685840674,1.0,1.0
1955-04-28,0.08478795880867779,1.0,1.0
1955-04-29,0.040399238035082226,1.0,1.0
1955-05-02,0.02246814650546686,1.0,1.0
1955-05-03,0.08761462769875257,1.0,1.0
1955-05-04,0.03121260970830085,1.0,1.0
1955-05-05,0.02384702118921784,1.0,1.0
1955-05-06,0.019978136205050005,1.0,1.0
1955-05-09,0.0188534450557567,1.0,1.0
1955-05-10,0.02273222854731501,1.0,1.0
1955-05-11,0.11099952892761826,1.0,1.0
1955-05-12,0.07992818433379602,1.0,1.0
1955-05-13,0.03778445007281779,1.0,1.0
1955-05-16,0.16375249298523803,1.0,1.0
1955-05-17,0.049407496196645494,1.0,1.0
1955-05-18,0.04134842382550781,1.0,1.0
1955-05-19,0.03299572365137305,1.0,1.0
1955-05-20,0.030364834278751526,1.0,1.0
1955-05-23,0.054180897830809656,1.0,1.0
1955-05-24,0.02504653630185677,1.0,1.0
1955-05-25,0.022793876868514595,1.0,1.0
1955-05-26,0.029514947346468635,1.0,1.0
1955-05-27,0.02048638529947302,1.0,1.0
1955-05-31,0.019392158080744248,1.0,1.0
1955-06-01,0.018662537211046385,1.0,1.0
1955-06-02,0.018957156404412583,1.0,1.0
1955-06-03,0.02601937410503879,1.0,1.0
1955-06-06,0.024192540039760478,1.0,1.0
1955-06-07,0.029425526040272442,1.0,1.0
1955-06-08,0.024665841754291856,1.0,1.0
1955-06-09,0.03886212998351758,1.0,1.0
1955-06-10,0.026426011669209104,1.0,1.0
1955-06-13,0.04437783639605743,1.0,1.0
1955-06-14,0.02438724800195284,1.0,1.0
1955-06-15,0.029024816554347226,1.0,1.0
1955-06-16,0.02038509387090361,1.0,1.0
1955-06-17,0.01920178659645832,1.0,1.0
1955-06-20,0.018736353387972807,1.0,1.0
1955-06-21,0.02092386411350661,1.0,1.0
1955-06-22,0.01894545853809219,1.0,1.0
1955-06-23,0.01866897244700562,1.0,1.0
1955-06-24,0.018619606963674516,1.0,1.0
1955-06-27,0.018732213560598503,1.0,1.0
1955-06-28,0.0276976899434086,1.0,1.0
1955-06-29,0.020180028580220836,1.0,1.0
1955-06-30,0.023723327172464184,1.0,1.0
1955-07-01,0.020943365715756095,1.0,1.0
1955-07-05,0.043178553808222726,1.0,1.0
1955-07-06,0.111183108608551,1.0,1.0
1955-07-07,0.6052436863414682,0.0,1.0
1955-07-08,0.1687863484950179,1.0,1.0
1955-07-11,0.053555580702605875,1.0,1.0
1955-07-12,0.028309577328144514,1.0,1.0
1955-07-13,0.12335684954660907,1.0,1.0
1955-07-14,0.038010151217514554,1.0,1.0
1955-07-15,0.024214480914124523,1.0,1.0
1955-07-18,0.02270014939845839,1.0,1.0
1955-07-19,0.05584484515015586,1.0,1.0
1955-07-20,0.030233899582228985,1.0,1.0
1955-07-21,0.039610301777383346,1.0,1.0
1955-07-22,0.03997277134597533,1.0,1.0
1955-07-25,0.030271101578718415,1.0,1.0
1955-07-26,0.024977465506117118,1.0,1.0
1955-07-27,0.02291478689599614,1.0,1.0
1955-07-28,0.04219308070699883,1.0,1.0
1955-07-29,0.030794942296863755,1.0,1.0
1955-08-01,0.27156507294698873,1.0,1.0
1955-08-02,0.0919479951824899,1.0,1.0
1955-08-03,0.039540313389740386,1.0,1.0
1955-08-04,0.3853683627782777,0.0,1.0
1955-08-05,0.1531399589055601,1.0,1.0
1955-08-08,0.10698179949288758,1.0,1.0
1955-08-09,0.3182772183425242,0.0,1.0
1955-08-10,0.10668244455140119,1.0,1.0
1955-08-11,0.08282146881110754,1.0,1.0
1955-08-12,0.03766882069284033,1.0,1.0
1955-08-15,0.03006300085369656,1.0,1.0
1955-08-16,0.05044080067198748,1.0,1.0
1955-08-17,0.030889919303092404,1.0,1.0
1955-08-18,0.02528893924066747,1.0,1.0
1955-08-19,0.02247325724943063,1.0,1.0
1955-08-22,0.024672502687594154,1.0,1.0
1955-08-23,0.05366164225644223,1.0,1.0
1955-08-24,0.03144867417875231,1.0,1.0
1955-08-25,0.026829652551797846,1.0,1.0
1955-08-26,0.024434492058128726,1.0,1.0
1955-08-29,0.0225412715770034,1.0,1.0
1955-08-30,0.022591995453835768,1.0,1.0
1955-08-31,0.025506973571170998,1.0,1.0
1955-09-01,0.02284023090982996,1.0,1.0
1955-09-02,0.02405175102587911,1.0,1.0
1955-09-06,0.02765847707726539,1.0,1.0
1955-09-07,0.023797159654625026,1.0,1.0
1955-09-08,0.02205901588796979,1.0,1.0
1955-09-09,0.021735713826195668,1.0,1.0
1955-09-12,0.024136075975154478,1.0,1.0
1955-09-13,0.030262658444949093,1.0,1.0
1955-09-14,0.023758507646908716,1.0,1.0
1955-09-15,0.02549339301921252,1.0,1.0
1955-09-16,0.02497041146054496,1.0,1.0
1955-09-19,0.023216410277290697,1.0,1.0
1955-09-20,0.02356666770915917,1.0,1.0
1955-09-21,0.02424949353694119,1.0,1.0
1955-09-22,0.02282281985991872,1.0,1.0
1955-09-23,0.02322413180698967,1.0,1.0
1955-09-26,1.0,0.0,1.0
1955-09-27,0.9975758093992432,0.0,1.0
1955-09-28,0.8475094630420223,0.0,1.0
1955-09-29,0.5896177458947562,0.0,1.0
1955-09-30,0.35608742376391345,0.0,1.0
1955-10-03,0.999180407289669,0.0,1.0
1955-10-04,0.4977167279145892,0.0,1.0
1955-10-05,0.19845676804922532,1.0,1.0
1955-10-06,0.1132716001608464,1.0,1.0
1955-10-07,0.15845852613805061,1.0,1.0
1955-10-10,0.9998737696750366,0.0,1.0
1955-10-11,0.7584745351487419,0.0,1.0
1955-10-12,0.7978153237619451,0.0,1.0
1955-10-13,0.35603753656614556,0.0,1.0
1955-10-14,0.13941237517230887,1.0,1.0
1955-10-17,0.05367482706586371,1.0,1.0
1955-10-18,0.03231339565565213,1.0,1.0
1955-10-19,0.04518780928309177,1.0,1.0
1955-10-20,0.06410295419152974,1.0,1.0
1955-10-21,0.032522931594947714,1.0,1.0
1955-10-24,0.030635302779004007,1.0,1.0
1955-10-25,0.04581373627942082,1.0,1.0
1955-10-26,0.07152113208669933,1.0,1.0
1955-10-27,0.04284844658254699,1.0,1.0
1955-10-28,0.027163267667232847,1.0,1.0
1955-10-31,0.02534536005685239,1.0,1.0
1955-11-01,0.023312913863006348,1.0,1.0
1955-11-02,0.0219343289797928,1.0,1.0
1955-11-03,0.18722132047844575,1.0,1.0
1955-11-04,0.37008421523404056,0.0,1.0
1955-11-07,0.1544885805178526,1.0,1.0
1955-11-09,0.10650010719809867,1.0,1.0
1955-11-10,0.04950948805990119,1.0,1.0
1955-11-11,0.04927826958747208,1.0,1.0
1955-11-14,0.27092820876548357,1.0,1.0
1955-11-15,0.09124537126003338,1.0,1.0
1955-11-16,0.0510602753741488,1.0,1.0
1955-11-17,0.04786082500524095,1.0,1.0
1955-11-18,0.03341044671620669,1.0,1.0
1955-11-21,0.059494821668560224,1.0,1.0
1955-11-22,0.05994669207759834,1.0,1.0
1955-11-23,0.0315622708365557,1.0,1.0
1955-11-25,0.025096907489026692,1.0,1.0
1955-11-28,0.037893764523675544,1.0,1.0
1955-11-29,0.026615906665313074,1.0,1.0
1955-11-30,0.022847899432266037,1.0,1.0
1955-12-01,0.02572953781959502,1.0,1.0
1955-12-02,0.02282818532451315,1.0,1.0
1955-12-05,0.02583248165082926,1.0,1.0
1955-12-06,0.022769693643004598,1.0,1.0
1955-12-07,0.025211356528423427,1.0,1.0
1955-12-08,0.025097335416105978,1.0,1.0
1955-12-09,0.02294524174047424,1.0,1.0
1955-12-12,0.06460139140684577,1.0,1.0
1955-12-13,0.03394533012790593,1.0,1.0
1955-12-14,0.0656231708587386,1.0,1.0
1955-12-15,0.03387390125073782,1.0,1.0
1955-12-16,0.025332126599907835,1.0,1.0
1955-12-19,0.025044195811171857,1.0,1.0
1955-12-20,0.024964712463987588,1.0,1.0
1955-12-21,0.041838720972947295,1.0,1.0
1955-12-22,0.026631200479161857,1.0,1.0
1955-12-23,0.02276797515869915,1.0,1.0
1955-12-27,0.029633337813335284,1.0,1.0
1955-12-28,0.030692430968026416,1.0,1.0
1955-12-29,0.024370479520787067,1.0,1.0
1955-12-30,0.040778505495891626,1.0,1.0
1956-01-03,0.0734118744636191,1.0,1.0
1956-01-04,0.073043407250551,1.0,1.0
1956-01-05,0.03470882092965528,1.0,1.0
1956-01-06,0.027738838817102165,1.0,1.0
1956-01-09,0.3880968043268104,0.0,1.0
1956-01-10,0.3672362782058552,0.0,1.0
1956-01-11,0.16029896665481475,1.0,1.0
1956-01-12,0.07642424534217537,1.0,1.0
1956-01-13,0.03830519798280347,1.0,1.0
1956-01-16,0.20054608140799507,1.0,1.0
1956-01-17,0.07892263837200779,1.0,1.0
1956-01-18,0.12499034539695339,1.0,1.0
1956-01-19,0.3067256736487728,0.0,1.0
1956-01-20,0.275910943459849,0.0,1.0
1956-01-23,0.13499546966843184,1.0,1.0
1956-01-24,0.25088420882340406,1.0,1.0
1956-01-25,0.08582708542173793,1.0,1.0
1956-01-26,0.07652170028821483,1.0,1.0
1956-01-27,0.04371802519330612,1.0,1.0
1956-01-30,0.025641408546878446,1.0,1.0
1956-01-31,0.03931060321654962,1.0,1.0
1956-02-01,0.031254370005280176,1.0,1.0
1956-02-02,0.02258141476188495,1.0,1.0
1956-02-03,0.04558042497659531,1.0,1.0
1956-02-06,0.027469411393212323,1.0,1.0
1956-02-07,0.027133253841625248,1.0,1.0
1956-02-08,0.16723493543810683,1.0,1.0
1956-02-09,0.34165560901913383,0.0,1.0
1956-02-10,0.11190025240313932,1.0,1.0
1956-02-13,0.04801112982650646,1.0,1.0
1956-02-14,0.04233781208270306,1.0,1.0
1956-02-15,0.10568440272951274,1.0,1.0
1956-02-16,0.04877569500947514,1.0,1.0
1956-02-17,0.23610184733019518,1.0,1.0
1956-02-20,0.07852573626784166,1.0,1.0
1956-02-21,0.034274706978609466,1.0,1.0
1956-02-23,0.07523020022841119,1.0,1.0
1956-02-24,0.04856320851187451,1.0,1.0
1956-02-27,0.0291540768166407,1.0,1.0
1956-02-28,0.02360629028429068,1.0,1.0
1956-02-29,0.027630365266212195,1.0,1.0
1956-03-01,0.02800287065485295,1.0,1.0
1956-03-02,0.03384295207513306,1.0,1.0
1956-03-05,0.030696532537725287,1.0,1.0
1956-03-06,0.024783166678139307,1.0,1.0
1956-03-07,0.02202410447887434,1.0,1.0
1956-03-08,0.02127110477880246,1.0,1.0
1956-03-09,0.07681527536245436,1.0,1.0
1956-03-12,0.05307393592840114,1.0,1.0
1956-03-13,0.029252524783784373,1.0,1.0
1956-03-14,0.029620177663423685,1.0,1.0
1956-03-15,0.028979235088026866,1.0,1.0
1956-03-16,0.022560216362992182,1.0,1.0
1956-03-19,0.026114844475839286,1.0,1.0
1956-03-20,0.021541938928015737,1.0,1.0
1956-03-21,0.10363130385205299,1.0,1.0
1956-03-22,0.053575519186512315,1.0,1.0
1956-03-23,0.031067485687601856,1.0,1.0
1956-03-26,0.023269582564697945,1.0,1.0
1956-03-27,0.04546470408200379,1.0,1.0
1956-03-28,0.027678389353639796,1.0,1.0
1956-03-29,0.021922897163852997,1.0,1.0
1956-04-02,0.02882103130138124,1.0,1.0
1956-04-03,0.02929431404254926,1.0,1.0
1956-04-04,0.02237604514892467,1.0,1.0
1956-04-05,0.03487962892460468,1.0,1.0
1956-04-06,0.02767412582894778,1.0,1.0
1956-04-09,0.043053623823686105,1.0,1.0
1956-04-10,0.4639407308446719,0.0,1.0
1956-04-11,0.24169373440868838,1.0,1.0
1956-04-12,0.1657440315503017,1.0,1.0
1956-04-13,0.05870949911896618,1.0,1.0
1956-04-16,0.031061105906312284,1.0,1.0
1956-04-17,0.02451300736941271,1.0,1.0
1956-04-18,0.02624504956688131,1.0,1.0
1956-04-19,0.03293458764897146,1.0,1.0
1956-04-20,0.02612143673053276,1.0,1.0
1956-04-23,0.02290039502889658,1.0,1.0
1956-04-24,0.09110277762154721,1.0,1.0
1956-04-25,0.04970013632178558,1.0,1.0
1956-04-26,0.046407275025589986,1.0,1.0
1956-04-27,0.06476682032000629,1.0,1.0
1956-04-30,0.04479996739494378,1.0,1.0
1956-05-01,0.03688469376356036,1.0,1.0
1956-05-02,0.02452445727233098,1.0,1.0
1956-05-03,0.023049138946756927,1.0,1.0
1956-05-04,0.024559491533295046,1.0,1.0
1956-05-07,0.02950672654532968,1.0,1.0
1956-05-08,0.030735660762218408,1.0,1.0
1956-05-09,0.02329333548979065,1.0,1.0
1956-05-10,0.43419732612943457,0.0,1.0
1956-05-11,0.14301174283890142,1.0,1.0
1956-05-14,0.3997825302134662,0.0,1.0
1956-05-15,0.24918933673319443,1.0,1.0
1956-05-16,0.09550535573664864,1.0,1.0
1956-05-17,0.06038574712018284,1.0,1.0
1956-05-18,0.04057153977148087,1.0,1.0
1956-05-21,0.19993163861804353,1.0,1.0
1956-05-22,0.6339017412703528,0.0,1.0
1956-05-23,0.32448760313229513,0.0,1.0
1956-05-24,0.7639639657117044,0.0,1.0
1956-05-25,0.3013408769593439,0.0,1.0
1956-05-28,0.6771600561500063,0.0,1.0
1956-05-29,0.9956766835507093,0.0,1.0
1956-05-31,0.45369851479774675,0.0,1.0
1956-06-01,0.16914349223958777,1.0,1.0
1956-06-04,0.06487944882447283,1.0,1.0
1956-06-05,0.03128109061494533,1.0,1.0
1956-06-06,0.033712803913900094,1.0,1.0
1956-06-07,0.030266126546362283,1.0,1.0
1956-06-08,0.8748306815683906,0.0,1.0
1956-06-11,0.7267295284153364,0.0,1.0
1956-06-12,0.7093535246292347,0.0,1.0
1956-06-13,0.2652880779763837,1.0,1.0
1956-06-14,0.10992188654308617,1.0,1.0
1956-06-15,0.042351045051416715,1.0,1.0
1956-06-18,0.06173039242304748,1.0,1.0
1956-06-19,0.0312608552363833,1.0,1.0
1956-06-20,0.02285794736598588,1.0,1.0
1956-06-21,0.02357278832595454,1.0,1.0
1956-06-22,0.02325987080819235,1.0,1.0
1956-06-25,0.03523694822782296,1.0,1.0
1956-06-26,0.02999806764877355,1.0,1.0
1956-06-27,0.029097885449697325,1.0,1.0
1956-06-28,0.022117842512438833,1.0,1.0
1956-06-29,0.02147059101021919,1.0,1.0
1956-07-02,0.021079925538521282,1.0,1.0
1956-07-03,0.026646576772042664,1.0,1.0
1956-07-05,0.0397513144430217,1.0,1.0
1956-07-06,0.027531652666492157,1.0,1.0
1956-07-09,0.022777778014190564,1.0,1.0
1956-07-10,0.02226028553799587,1.0,1.0
1956-07-11,0.020557063773321307,1.0,1.0
1956-07-12,0.026316826509449675,1.0,1.0
1956-07-13,0.024306987330770125,1.0,1.0
1956-07-16,0.03051170857947701,1.0,1.0
1956-07-17,0.02353420599001344,1.0,1.0
1956-07-18,0.023236302367397002,1.0,1.0
1956-07-19,0.021796515365016186,1.0,1.0
1956-07-20,0.02069679186205816,1.0,1.0
1956-07-23,0.02080779709142848,1.0,1.0
1956-07-24,0.022865707504330052,1.0,1.0
1956-07-25,0.02093256360145235,1.0,1.0
1956-07-26,0.02048334677405086,1.0,1.0
1956-07-27,0.05635689124427458,1.0,1.0
1956-07-30,0.030706165564315192,1.0,1.0
1956-07-31,0.032213964510452255,1.0,1.0
1956-08-01,0.023321939404669374,1.0,1.0
1956-08-02,0.025027191696840582,1.0,1.0
1956-08-03,0.02536777181785163,1.0,1.0
1956-08-06,0.4838905787105001,0.0,1.0
1956-08-07,0.24341549855971967,1.0,1.0
1956-08-08,0.10321128204136072,1.0,1.0
1956-08-09,0.04182081029026944,1.0,1.0
1956-08-10,0.043875307504975626,1.0,1.0
1956-08-13,0.09174764200659473,1.0,1.0
1956-08-14,0.040428006638458615,1.0,1.0
1956-08-15,0.02678420923621247,1.0,1.0
1956-08-16,0.02451583320740326,1.0,1.0
1956-08-17,0.022463426318211053,1.0,1.0
1956-08-20,0.12254975046244643,1.0,1.0
1956-08-21,0.3471506387680684,0.0,1.0
1956-08-22,0.18527480692701612,1.0,1.0
1956-08-23,0.11575249397005173,1.0,1.0
1956-08-24,0.04566231487455467,1.0,1.0
1956-08-27,0.05841641410954914,1.0,1.0
1956-08-28,0.045383868568864213,1.0,1.0
1956-08-29,0.043115468954854366,1.0,1.0
1956-08-30,0.14481585991955692,1.0,1.0
1956-08-31,0.14991092069575457,1.0,1.0
1956-09-04,0.08478678505227778,1.0,1.0
1956-09-05,0.0385104872998853,1.0,1.0
1956-09-06,0.02498411349687624,1.0,1.0
1956-09-07,0.04451194696023667,1.0,1.0
1956-09-10,0.04348886553546674,1.0,1.0
1956-09-11,0.06825529163807599,1.0,1.0
1956-09-12,0.0677429766502988,1.0,1.0
1956-09-13,0.03881790986943483,1.0,1.0
1956-09-14,0.026787336709569842,1.0,1.0
1956-09-17,0.027293658868158877,1.0,1.0
1956-09-18,0.08447642631982565,1.0,1.0
1956-09-19,0.1943347499672754,1.0,1.0
1956-09-20,0.08738838970188399,1.0,1.0
1956-09-21,0.05458959672290888,1.0,1.0
1956-09-24,0.06065839346498226,1.0,1.0
1956-09-25,0.5486904428954432,0.0,1.0
1956-09-26,0.20576726571042694,1.0,1.0
1956-09-27,0.11652924863284911,1.0,1.0
1956-09-28,0.12516649935896879,1.0,1.0
1956-10-01,0.7933112370560794,0.0,1.0
1956-10-02,0.9468939339366393,0.0,1.0
1956-10-03,0.9084425706265321,0.0,1.0
1956-10-04,0.4139507187947908,0.0,1.0
1956-10-05,0.14542165790821981,1.0,1.0
1956-10-08,0.05546910852124198,1.0,1.0
1956-10-09,0.053353503983129574,1.0,1.0
1956-10-10,0.08297609926762356,1.0,1.0
1956-10-11,0.03627794188365748,1.0,1.0
1956-10-12,0.02450921404567393,1.0,1.0
1956-10-15,0.022122619927391056,1.0,1.0
1956-10-16,0.03271373844428643,1.0,1.0
1956-10-17,0.07092373667566948,1.0,1.0
1956-10-18,0.03307437160672243,1.0,1.0
1956-10-19,0.02498671671173964,1.0,1.0
1956-10-22,0.02644246551880438,1.0,1.0
1956-10-23,0.02386280122981275,1.0,1.0
1956-10-24,0.03393466687223234,1.0,1.0
1956-10-25,0.033045599118010464,1.0,1.0
1956-10-26,0.04819379056121127,1.0,1.0
1956-10-29,0.02726074590038456,1.0,1.0
1956-10-30,0.02713335118903756,1.0,1.0
1956-10-31,0.45380953637011356,0.0,1.0
1956-11-01,0.8841891534666428,0.0,1.0
1956-11-02,0.5314871642448314,0.0,1.0
1956-11-05,0.6698006617741892,0.0,1.0
1956-11-07,0.46543632439860644,0.0,1.0
1956-11-08,0.40176365037836304,0.0,1.0
1956-11-09,0.23351618065951385,1.0,1.0
1956-11-12,0.09087038854950898,1.0,1.0
1956-11-13,0.04072813009998357,1.0,1.0
1956-11-14,0.06807039444914227,1.0,1.0
1956-11-15,0.06253119431382721,1.0,1.0
1956-11-16,0.034036349162476325,1.0,1.0
1956-11-19,0.17406528671516708,1.0,1.0
1956-11-20,0.13652327575605236,1.0,1.0
1956-11-21,0.06401644590126519,1.0,1.0
1956-11-23,0.07064053710201525,1.0,1.0
1956-11-26,0.047188731159113345,1.0,1.0
1956-11-27,0.027873137185030213,1.0,1.0
1956-11-28,0.15026156895379253,1.0,1.0
1956-11-29,0.07039686601033884,1.0,1.0
1956-11-30,0.3321475232194946,0.0,1.0
1956-12-03,0.6985208824758867,0.0,1.0
1956-12-04,0.28362123291177227,0.0,1.0
1956-12-05,0.2004582377853112,1.0,1.0
1956-12-06,0.081069173982678,1.0,1.0
1956-12-07,0.036068651507253864,1.0,1.0
1956-12-10,0.03378248578779289,1.0,1.0
1956-12-11,0.041961693296996845,1.0,1.0
1956-12-12,0.06577067959157505,1.0,1.0
1956-12-13,0.04582882063925587,1.0,1.0
1956-12-14,0.02666795420084053,1.0,1.0
1956-12-17,0.02359228286757661,1.0,1.0
1956-12-18,0.021992484902110303,1.0,1.0
1956-12-19,0.02779106364267318,1.0,1.0
1956-12-20,0.055742241518537086,1.0,1.0
1956-12-21,0.03742279903797971,1.0,1.0
1956-12-26,0.02474166826847653,1.0,1.0
1956-12-27,0.023577283626269988,1.0,1.0
1956-12-28,0.021227608916017843,1.0,1.0
1956-12-31,0.02156496458676433,1.0,1.0
1957-01-02,0.06782477973745356,1.0,1.0
1957-01-03,0.0555346074022447,1.0,1.0
1957-01-04,0.02912453172454571,1.0,1.0
1957-01-07,0.04067691283253757,1.0,1.0
1957-01-08,0.029123243070429666,1.0,1.0
1957-01-09,0.027399563015119796,1.0,1.0
1957-01-10,0.02343248762099496,1.0,1.0
1957-01-11,0.02358933455312669,1.0,1.0
1957-01-14,0.06765230545100898,1.0,1.0
1957-01-15,0.28040628716547866,0.0,1.0
1957-01-16,0.10070008945235423,1.0,1.0
1957-01-17,0.05666658246937857,1.0,1.0
1957-01-18,0.2707960955761311,0.0,1.0
1957-01-21,0.1193693665341783,1.0,1.0
1957-01-22,0.04422713108823804,1.0,1.0
1957-01-23,0.029433452881166174,1.0,1.0
1957-01-24,0.019867688343394526,1.0,1.0
1957-01-25,0.03267378899804735,1.0,1.0
1957-01-28,0.05636659017815101,1.0,1.0
1957-01-29,0.026483339697965055,1.0,1.0
1957-01-30,0.02290614089548465,1.0,1.0
1957-01-31,0.023112420410589873,1.0,1.0
1957-02-01,0.027733222300256193,1.0,1.0
1957-02-04,0.022793474296376005,1.0,1.0
1957-02-05,0.2603076413848721,0.0,1.0
1957-02-06,0.0830246853758677,1.0,1.0
1957-02-07,0.047411309118562416,1.0,1.0
1957-02-08,0.03856442164574961,1.0,1.0
1957-02-11,0.8089485954328294,0.0,1.0
1957-02-12,0.4949507555820649,0.0,1.0
1957-02-13,0.7791104232798287,0.0,1.0
1957-02-14,0.3097207056356584,0.0,1.0
1957-02-15,0.3763901723718749,0.0,1.0
1957-02-18,0.1452175387382384,1.0,1.0
1957-02-19,0.04968256146566662,1.0,1.0
1957-02-20,0.027882695523651153,1.0,1.0
1957-02-21,0.02949465443271775,1.0,1.0
1957-02-25,0.02022848854835367,1.0,1.0
1957-02-26,0.01740339890215138,1.0,1.0
1957-02-27,0.019448052075024633,1.0,1.0
1957-02-28,0.020413438376129373,1.0,1.0
1957-03-01,0.037877133060022335,1.0,1.0
1957-03-04,0.03222255047366102,1.0,1.0
1957-03-05,0.022460446665245014,1.0,1.0
1957-03-06,0.01854896460129251,1.0,1.0
1957-03-07,0.021766476442073933,1.0,1.0
1957-03-08,0.025642220417998275,1.0,1.0
1957-03-11,0.03738384487812642,1.0,1.0
1957-03-12,0.022529354311873973,1.0,1.0
1957-03-13,0.022735091327867604,1.0,1.0
1957-03-14,0.018089153242438722,1.0,1.0
1957-03-15,0.01687024747238535,1.0,1.0
1957-03-18,0.02584269546853741,1.0,1.0
1957-03-19,0.01991141577210817,1.0,1.0
1957-03-20,0.01731095209441852,1.0,1.0
1957-03-21,0.017048571815607462,1.0,1.0
1957-03-22,0.019170224338727282,1.0,1.0
1957-03-25,0.027581283306761482,1.0,1.0
1957-03-26,0.01915790012907589,1.0,1.0
1957-03-27,0.01764466606782073,1.0,1.0
1957-03-28,0.017602284880678876,1.0,1.0
1957-03-29,0.018985853114232183,1.0,1.0
1957-04-01,0.017757931838756128,1.0,1.0
1957-04-02,0.02206732090057663,1.0,1.0
1957-04-03,0.018828805771259945,1.0,1.0
1957-04-04,0.021347575156669334,1.0,1.0
1957-04-05,0.017828088911631103,1.0,1.0
1957-04-08,0.017176161501727988,1.0,1.0
1957-04-09,0.03272385310770519,1.0,1.0
1957-04-10,0.025010398614910938,1.0,1.0
1957-04-11,0.01868259143010876,1.0,1.0
1957-04-12,0.017029036862787297,1.0,1.0
1957-04-15,0.018521103590974017,1.0,1.0
1957-04-16,0.017137464601307474,1.0,1.0
1957-04-17,0.016728371802996293,1.0,1.0
1957-04-18,0.025007528803048892,1.0,1.0
1957-04-22,0.018611841665915563,1.0,1.0
1957-04-23,0.0217952603919736,1.0,1.0
1957-04-24,0.017752186886684663,1.0,1.0
1957-04-25,0.023244417693321338,1.0,1.0
1957-04-26,0.020195070151367258,1.0,1.0
1957-04-29,0.01868862813554938,1.0,1.0
1957-04-30,0.01704956867897823,1.0,1.0
1957-05-01,0.020820179479841026,1.0,1.0
1957-05-02,0.02823408275699273,1.0,1.0
1957-05-03,0.02078178600946327,1.0,1.0
1957-05-06,0.019689538066791346,1.0,1.0
1957-05-07,0.020089611331661254,1.0,1.0
1957-05-08,0.018917251439518504,1.0,1.0
1957-05-09,0.017070423141485224,1.0,1.0
1957-05-10,0.018537532190761864,1.0,1.0
1957-05-13,0.02647969424503674,1.0,1.0
1957-05-14,0.030404314466518458,1.0,1.0
1957-05-15,0.020055424926900132,1.0,1.0
1957-05-16,0.019189826799048664,1.0,1.0
1957-05-17,0.017580984614449128,1.0,1.0
1957-05-20,0.017057820994155464,1.0,1.0
1957-05-21,0.016780655571836854,1.0,1.0
1957-05-22,0.023241211493788726,1.0,1.0
1957-05-23,0.019607230116590397,1.0,1.0
1957-05-24,0.0172373327895391,1.0,1.0
1957-05-27,0.07602427631310689,1.0,1.0
1957-05-28,0.035368192725988144,1.0,1.0
1957-05-29,0.03970399602453897,1.0,1.0
1957-05-31,0.02508957504607865,1.0,1.0
1957-06-03,0.022032184495733687,1.0,1.0
1957-06-04,0.02002937580360666,1.0,1.0
1957-06-05,0.017786814722534197,1.0,1.0
1957-06-06,0.0232673850010248,1.0,1.0
1957-06-07,0.018521962441509568,1.0,1.0
1957-06-10,0.04296181234571569,1.0,1.0
1957-06-11,0.12468832876993388,1.0,1.0
1957-06-12,0.04397945036950016,1.0,1.0
1957-06-13,0.023185158133932057,1.0,1.0
1957-06-14,0.018907530109089733,1.0,1.0
1957-06-17,0.017053484748460995,1.0,1.0
1957-06-18,0.027680813385445934,1.0,1.0
1957-06-19,0.09718398171099771,1.0,1.0
1957-06-20,0.0764302567632739,1.0,1.0
1957-06-21,0.06700283659774706,1.0,1.0
1957-06-24,0.08860612482191965,1.0,1.0
1957-06-25,0.049470400294703426,1.0,1.0
1957-06-26,0.02830548923818219,1.0,1.0
1957-06-27,0.0205480488029648,1.0,1.0
1957-06-28,0.017593141024140797,1.0,1.0
1957-07-01,0.016750860186900078,1.0,1.0
1957-07-02,0.033172783826095543,1.0,1.0
1957-07-03,0.036620976059750614,1.0,1.0
1957-07-05,0.03677448226807427,1.0,1.0
1957-07-08,0.022886871023982222,1.0,1.0
1957-07-09,0.022834884094478664,1.0,1.0
1957-07-10,0.02602700970472249,1.0,1.0
1957-07-11,0.028808741817221012,1.0,1.0
1957-07-12,0.02137781537635645,1.0,1.0
1957-07-15,0.017835487942185802,1.0,1.0
1957-07-16,0.03059198005681516,1.0,1.0
1957-07-17,0.04400951937527148,1.0,1.0
1957-07-18,0.025465583843138382,1.0,1.0
1957-07-19,0.018625335208864332,1.0,1.0
1957-07-22,0.020369829483023412,1.0,1.0
1957-07-23,0.018961321164849273,1.0,1.0
1957-07-24,0.016756244287232217,1.0,1.0
1957-07-25,0.016700957213179306,1.0,1.0
1957-07-26,0.023128511172879517,1.0,1.0
1957-07-29,0.1769029780876547,1.0,1.0
1957-07-30,0.05903314143311907,1.0,1.0
1957-07-31,0.027664328803182574,1.0,1.0
1957-08-01,0.023954516518348817,1.0,1.0
1957-08-02,0.01949501406460267,1.0,1.0
1957-08-05,0.07581933383009176,1.0,1.0
1957-08-06,0.2623514495991802,0.0,1.0
1957-08-07,0.15411847693723252,1.0,1.0
1957-08-08,0.07145677577901803,1.0,1.0
1957-08-09,0.030731073377206576,1.0,1.0
1957-08-12,0.18085722305007942,1.0,1.0
1957-08-13,0.062786697666478,1.0,1.0
1957-08-14,0.36740607102849626,0.0,1.0
1957-08-15,0.12139002530355074,1.0,1.0
1957-08-16,0.043260050618901494,1.0,1.0
1957-08-19,0.9434200542242175,0.0,1.0
1957-08-20,0.5673336330734264,0.0,1.0
1957-08-21,0.24511081636215007,0.0,1.0
1957-08-22,0.196403805959297,1.0,1.0
1957-08-23,0.7355173305722542,0.0,1.0
1957-08-26,0.9473939655701956,0.0,1.0
1957-08-27,0.935366233066167,0.0,1.0
1957-08-28,0.4270669033407769,0.0,1.0
1957-08-29,0.22883906701566778,0.0,1.0
1957-08-30,0.7184868589128395,0.0,1.0
1957-09-03,0.30489905891105173,0.0,1.0
1957-09-04,0.3392184461926337,0.0,1.0
1957-09-05,0.15710966666381534,1.0,1.0
1957-09-06,0.06901289928883998,1.0,1.0
1957-09-09,0.12044227254425627,1.0,1.0
1957-09-10,0.18764168796333605,1.0,1.0
1957-09-11,0.1019675322563202,1.0,1.0
1957-09-12,0.18720747609601693,1.0,1.0
1957-09-13,0.06578782199105923,1.0,1.0
1957-09-16,0.05049875138941157,1.0,1.0
1957-09-17,0.024502430853227068,1.0,1.0
1957-09-18,0.017966288186436585,1.0,1.0
1957-09-19,0.03902474788807138,1.0,1.0
1957-09-20,0.6868799563578637,0.0,1.0
1957-09-23,0.9990323185783216,0.0,1.0
1957-09-24,0.5703402343382732,0.0,1.0
1957-09-25,0.8446514386561994,0.0,1.0
1957-09-26,0.36012558995392907,0.0,1.0
1957-09-27,0.12343135027817757,1.0,1.0
1957-09-30,0.06162586493362493,1.0,1.0
1957-10-01,0.044498805396794974,1.0,1.0
1957-10-02,0.045897250308046034,1.0,1.0
1957-10-03,0.02379717073214848,1.0,1.0
1957-10-04,0.0537392399459557,1.0,1.0
1957-10-07,0.939299566486548,0.0,1.0
1957-10-08,0.7523719013406029,0.0,1.0
1957-10-09,0.2993385063608232,0.0,1.0
1957-10-10,0.9997695955689918,0.0,1.0
1957-10-11,0.5129125158818298,0.0,1.0
1957-10-14,0.25676758856296894,0.0,1.0
1957-10-15,0.23540891388784824,0.0,1.0
1957-10-16,0.23442079002523822,0.0,1.0
1957-10-17,0.9658981264725929,0.0,1.0
1957-10-18,0.7992972577188192,0.0,1.0
1957-10-21,0.9999996189882789,0.0,1.0
1957-10-22,0.6703388556535965,0.0,1.0
1957-10-23,0.9999999999974412,0.0,1.0
1957-10-24,0.4832051623455715,0.0,1.0
1957-10-25,0.22339590455417108,1.0,1.0
1957-10-28,0.11884223272231002,1.0,1.0
1957-10-29,0.05900404481584225,1.0,1.0
1957-10-30,0.055278093098191754,1.0,1.0
1957-10-31,0.02577241420355192,1.0,1.0
1957-11-01,0.4516532742253229,0.0,1.0
1957-11-04,0.1625925136911015,1.0,1.0
1957-11-06,0.05503685798138571,1.0,1.0
1957-11-07,0.0327132976759127,1.0,1.0
1957-11-08,0.1355128753925967,1.0,1.0
1957-11-11,0.05264549740858515,1.0,1.0
1957-11-12,0.27314849563087457,0.0,1.0
1957-11-13,0.10141760595725648,1.0,1.0
1957-11-14,0.08966938405027684,1.0,1.0
1957-11-15,0.9977669249412904,0.0,1.0
1957-11-18,0.7881809889639521,0.0,1.0
1957-11-19,0.542410505622174,0.0,1.0
1957-11-20,0.20626613845415642,1.0,1.0
1957-11-21,0.40824166515559895,0.0,1.0
1957-11-22,0.3178273548572576,0.0,1.0
1957-11-25,0.18121412683848245,1.0,1.0
1957-11-26,0.9998435413528758,0.0,1.0
1957-11-27,0.9999835709327678,0.0,1.0
1957-11-29,0.8312536410927289,0.0,1.0
1957-12-02,0.6903931424007235,0.0,1.0
1957-12-03,0.26694922631112084,0.0,1.0
1957-12-04,0.09592827574613715,1.0,1.0
1957-12-05,0.03696554099568326,1.0,1.0
1957-12-06,0.04893070671215344,1.0,1.0
1957-12-09,0.07949884526253498,1.0,1.0
1957-12-10,0.13057277345585078,1.0,1.0
1957-12-11,0.05339542812049638,1.0,1.0
1957-12-12,0.02525085317719526,1.0,1.0
1957-12-13,0.020474395971063125,1.0,1.0
1957-12-16,0.4935668182853474,0.0,1.0
1957-12-17,0.9764410313979718,0.0,1.0
1957-12-18,0.48589795975629496,0.0,1.0
1957-12-19,0.3781705557901473,0.0,1.0
1957-12-20,0.3848848080311702,0.0,1.0
1957-12-23,0.13565318279483488,1.0,1.0
1957-12-24,0.047339916045882224,1.0,1.0
1957-12-26,0.06729430000698061,1.0,1.0
1957-12-27,0.03863135088404499,1.0,1.0
1957-12-30,0.04484925514358425,1.0,1.0
1957-12-31,0.0688470209545051,1.0,1.0
1958-01-02,0.07838588944020886,1.0,1.0
1958-01-03,0.22459187945095985,1.0,1.0
1958-01-06,0.11752596478920437,1.0,1.0
1958-01-07,0.07673050630023863,1.0,1.0
1958-01-08,0.03242363890273519,1.0,1.0
1958-01-09,0.04738849395554864,1.0,1.0
1958-01-10,0.11416217371178605,1.0,1.0
1958-01-13,0.04239276219439241,1.0,1.0
1958-01-14,0.02553954582513794,1.0,1.0
1958-01-15,0.03582776698051403,1.0,1.0
1958-01-16,0.02084484143012861,1.0,1.0
1958-01-17,0.017093149571266574,1.0,1.0
1958-01-20,0.031491290274402776,1.0,1.0
1958-01-21,0.028971493431427332,1.0,1.0
1958-01-22,0.03267937774219271,1.0,1.0
1958-01-23,0.029138379281175523,1.0,1.0
1958-01-24,0.05256857783371479,1.0,1.0
1958-01-27,0.041264045659599735,1.0,1.0
1958-01-28,0.030475339028278692,1.0,1.0
1958-01-29,0.033207044692130754,1.0,1.0
1958-01-30,0.047243259782003985,1.0,1.0
1958-01-31,0.03242073403234321,1.0,1.0
1958-02-03,0.04445194138017078,1.0,1.0
1958-02-04,0.0888373009763918,1.0,1.0
1958-02-05,0.08053626998549868,1.0,1.0
1958-02-06,0.051641035868441695,1.0,1.0
1958-02-07,0.11234476522477832,1.0,1.0
1958-02-10,0.10853547674170064,1.0,1.0
1958-02-11,0.18548050029417418,1.0,1.0
1958-02-12,0.11923562256520971,1.0,1.0
1958-02-13,0.054773422409516805,1.0,1.0
1958-02-14,0.07431960046540363,1.0,1.0
1958-02-17,0.07997434693891378,1.0,1.0
1958-02-18,0.04105000009743753,1.0,1.0
1958-02-19,0.03054530404319236,1.0,1.0
1958-02-20,0.059194042370506156,1.0,1.0
1958-02-21,0.038582995724808944,1.0,1.0
1958-02-24,0.06035314700600446,1.0,1.0
1958-02-25,0.03927014138416561,1.0,1.0
1958-02-26,0.04932820293739688,1.0,1.0
1958-02-27,0.0641030792608716,1.0,1.0
1958-02-28,0.03813424569083937,1.0,1.0
1958-03-03,0.04154965187939711,1.0,1.0
1958-03-04,0.032352083365833124,1.0,1.0
1958-03-05,0.02988392212445764,1.0,1.0
1958-03-06,0.10470447618704476,1.0,1.0
1958-03-07,0.048617312829119734,1.0,1.0
1958-03-10,0.031728668775054154,1.0,1.0
1958-03-11,0.048188514631847645,1.0,1.0
1958-03-12,0.037208644052623426,1.0,1.0
1958-03-13,0.028745640128842887,1.0,1.0
1958-03-14,0.02999200322041529,1.0,1.0
1958-03-17,0.10492734999445463,1.0,1.0
1958-03-18,0.05955588107182106,1.0,1.0
1958-03-19,0.040354643727491035,1.0,1.0
1958-03-20,0.03079329277710102,1.0,1.0
1958-03-21,0.0415783104908762,1.0,1.0
1958-03-24,0.029953045947682333,1.0,1.0
1958-03-25,0.03265823478574327,1.0,1.0
1958-03-26,0.03525570520338965,1.0,1.0
1958-03-27,0.037650743923854126,1.0,1.0
1958-03-28,0.02857948642581074,1.0,1.0
1958-03-31,0.036023856151737525,1.0,1.0
1958-04-01,0.0446623593941816,1.0,1.0
1958-04-02,0.10855087609183274,1.0,1.0
1958-04-03,0.06608013364653861,1.0,1.0
1958-04-07,0.05845514739246242,1.0,1.0
1958-04-08,0.05580147316835255,1.0,1.0
1958-04-09,0.03448038653774479,1.0,1.0
1958-04-10,0.027655854218506953,1.0,1.0
1958-04-11,0.025600446221119292,1.0,1.0
1958-04-14,0.031822102634852516,1.0,1.0
1958-04-15,0.06537900285500454,1.0,1.0
1958-04-16,0.1162359426266509,1.0,1.0
1958-04-17,0.054028817307275774,1.0,1.0
1958-04-18,0.08794981014427503,1.0,1.0
1958-04-21,0.04927935899969677,1.0,1.0
1958-04-22,0.04763141114406249,1.0,1.0
1958-04-23,0.03155107367818274,1.0,1.0
1958-04-24,0.04480240410412635,1.0,1.0
1958-04-25,0.03535460445884724,1.0,1.0
1958-04-28,0.042954770892015326,1.0,1.0
1958-04-29,0.052057938996841635,1.0,1.0
1958-04-30,0.07740113664416223,1.0,1.0
1958-05-01,0.040308135634384755,1.0,1.0
1958-05-02,0.03173386277199939,1.0,1.0
1958-05-05,0.02694331845642794,1.0,1.0
1958-05-06,0.03310501416185304,1.0,1.0
1958-05-07,0.030886547241306735,1.0,1.0
1958-05-08,0.026533011529064978,1.0,1.0
1958-05-09,0.025547946906680608,1.0,1.0
1958-05-12,0.04057564587227788,1.0,1.0
1958-05-13,0.036464528415624024,1.0,1.0
1958-05-14,0.26077322948732257,1.0,1.0
1958-05-15,0.12053017873318699,1.0,1.0
1958-05-16,0.05440658800910096,1.0,1.0
1958-05-19,0.043461627611957175,1.0,1.0
1958-05-20,0.05728346816274024,1.0,1.0
1958-05-21,0.03739773334587228,1.0,1.0
1958-05-22,0.0338332906386512,1.0,1.0
1958-05-23,0.027749865320429678,1.0,1.0
1958-05-26,0.026812315655821782,1.0,1.0
1958-05-27,0.028827767072393314,1.0,1.0
1958-05-28,0.02605416941997023,1.0,1.0
1958-05-29,0.031614502281428265,1.0,1.0
1958-06-02,0.03038773962421007,1.0,1.0
1958-06-03,0.027464822117776094,1.0,1.0
1958-06-04,0.025964555837668973,1.0,1.0
1958-06-05,0.025113250952693216,1.0,1.0
1958-06-06,0.024941100439525264,1.0,1.0
1958-06-09,0.027528258789835378,1.0,1.0
1958-06-10,0.030775065878821308,1.0,1.0
1958-06-11,0.026935354098269852,1.0,1.0
1958-06-12,0.031219198740758885,1.0,1.0
1958-06-13,0.034277517973631405,1.0,1.0
1958-06-16,0.029445440343435225,1.0,1.0
1958-06-17,0.02672204890997005,1.0,1.0
1958-06-18,0.038545621313856956,1.0,1.0
1958-06-19,0.2886416543392107,0.0,1.0
1958-06-20,0.13242913601077966,1.0,1.0
1958-06-23,0.08449437416158688,1.0,1.0
1958-06-24,0.06119325912314204,1.0,1.0
1958-06-25,0.03563458442429607,1.0,1.0
1958-06-26,0.032277980988974025,1.0,1.0
1958-06-27,0.027373794584203637,1.0,1.0
1958-06-30,0.03504152990831035,1.0,1.0
1958-07-01,0.02803341091234983,1.0,1.0
1958-07-02,0.02592348618148744,1.0,1.0
1958-07-03,0.026257285769834802,1.0,1.0
1958-07-07,0.025782059788331074,1.0,1.0
1958-07-08,0.05070525132854281,1.0,1.0
1958-07-09,0.04683545451410307,1.0,1.0
1958-07-10,0.035106080771051304,1.0,1.0
1958-07-11,0.03807976352719394,1.0,1.0
1958-07-14,0.38920636025735195,0.0,1.0
1958-07-15,0.15069675872015137,1.0,1.0
1958-07-16,0.0633479820611987,1.0,1.0
1958-07-17,0.057156065445101205,1.0,1.0
1958-07-18,0.020694404446548208,1.0,1.0
1958-07-21,0.07015129384062838,1.0,1.0
1958-07-22,0.02849417001898247,1.0,1.0
1958-07-23,0.01930412805961717,1.0,1.0
1958-07-24,0.020002562956774116,1.0,1.0
1958-07-25,0.02451002390836871,1.0,1.0
1958-07-28,0.018470084118382586,1.0,1.0
1958-07-29,0.021625146169677027,1.0,1.0
1958-07-30,0.018298178038804673,1.0,1.0
1958-07-31,0.01701976067776776,1.0,1.0
1958-08-01,0.026764526604422932,1.0,1.0
1958-08-04,0.04171887150029664,1.0,1.0
1958-08-05,0.040898097287693704,1.0,1.0
1958-08-06,0.03634062908807565,1.0,1.0
1958-08-07,0.03148821889119643,1.0,1.0
1958-08-08,0.023427265116986475,1.0,1.0
1958-08-11,0.018303467444077317,1.0,1.0
1958-08-12,0.06357939415141482,1.0,1.0
1958-08-13,0.027016622915695048,1.0,1.0
1958-08-14,0.01836447142856925,1.0,1.0
1958-08-15,0.07977012877309948,1.0,1.0
1958-08-18,0.06347847786630363,1.0,1.0
1958-08-19,0.02689077247610777,1.0,1.0
1958-08-20,0.018251766505993024,1.0,1.0
1958-08-21,0.021396352106165296,1.0,1.0
1958-08-22,0.01696726456690912,1.0,1.0
1958-08-25,0.016115196465440712,1.0,1.0
1958-08-26,0.016821181341895045,1.0,1.0
1958-08-27,0.016288642638105314,1.0,1.0
1958-08-28,0.03047054245422828,1.0,1.0
1958-08-29,0.019174142893654524,1.0,1.0
1958-09-02,0.019554490834868703,1.0,1.0
1958-09-03,0.017783229513005417,1.0,1.0
1958-09-04,0.01909404859283288,1.0,1.0
1958-09-05,0.01841584428507613,1.0,1.0
1958-09-08,0.017388131356667936,1.0,1.0
1958-09-09,0.019466956786899667,1.0,1.0
1958-09-10,0.021650960946648687,1.0,1.0
1958-09-11,0.02399080822558687,1.0,1.0
1958-09-12,0.022732516139131433,1.0,1.0
1958-09-15,0.03564972148160166,1.0,1.0
1958-09-16,0.028553052533305354,1.0,1.0
1958-09-17,0.020391080777286155,1.0,1.0
1958-09-18,0.028852083962901905,1.0,1.0
1958-09-19,0.02671182383834285,1.0,1.0
1958-09-22,0.029758620141950437,1.0,1.0
1958-09-23,0.02701154097863247,1.0,1.0
1958-09-24,0.019516143347690192,1.0,1.0
1958-09-25,0.026168872357689717,1.0,1.0
1958-09-26,0.01813541676747819,1.0,1.0
1958-09-29,0.017802376059110024,1.0,1.0
1958-09-30,0.017031400830553385,1.0,1.0
1958-10-01,0.019706989178225647,1.0,1.0
1958-10-02,0.017142255595194673,1.0,1.0
1958-10-03,0.01742270269803836,1.0,1.0
1958-10-06,0.01991026743600253,1.0,1.0
1958-10-07,0.019756299656169898,1.0,1.0
1958-10-08,0.016632066675736017,1.0,1.0
1958-10-09,0.01624396437700972,1.0,1.0
1958-10-10,0.020527724309121306,1.0,1.0
1958-10-13,0.01769621352907822,1.0,1.0
1958-10-14,0.05236486712937063,1.0,1.0
1958-10-15,0.2782175466797775,0.0,1.0
1958-10-16,0.13467167274011257,1.0,1.0
1958-10-17,0.09871599543942756,1.0,1.0
1958-10-20,0.0474501934719872,1.0,1.0
1958-10-21,0.024576054985566205,1.0,1.0
1958-10-22,0.02515056101633488,1.0,1.0
1958-10-23,0.021108672530965215,1.0,1.0
1958-10-24,0.021104485789905095,1.0,1.0
1958-10-27,0.05927480538755379,1.0,1.0
1958-10-28,0.02884673361873011,1.0,1.0
1958-10-29,0.06776437573336765,1.0,1.0
1958-10-30,0.027919929818539715,1.0,1.0
1958-10-31,0.018472019926742456,1.0,1.0
1958-11-03,0.017757118778977697,1.0,1.0
1958-11-05,0.04908006765092851,1.0,1.0
1958-11-06,0.03164913883234365,1.0,1.0
1958-11-07,0.022250277525747608,1.0,1.0
1958-11-10,0.0248963627895379,1.0,1.0
1958-11-11,0.03085714381950324,1.0,1.0
1958-11-12,0.01916451385855316,1.0,1.0
1958-11-13,0.024822877390401885,1.0,1.0
1958-11-14,0.020896890484265917,1.0,1.0
1958-11-17,0.017052466272345548,1.0,1.0
1958-11-18,0.01853129316135978,1.0,1.0
1958-11-19,0.01629236544216118,1.0,1.0
1958-11-20,0.01605088309319587,1.0,1.0
1958-11-21,0.08446642975783004,1.0,1.0
1958-11-24,0.9988617175062134,0.0,1.0
1958-11-25,0.6370607317691769,0.0,1.0
1958-11-26,0.9457513472885846,0.0,1.0
1958-11-28,0.7217833222177135,0.0,1.0
1958-12-01,0.26807194740579937,0.0,1.0
1958-12-02,0.12360436783347342,1.0,1.0
1958-12-03,0.04174229654183494,1.0,1.0
1958-12-04,0.02201944922391409,1.0,1.0
1958-12-05,0.018468547271743414,1.0,1.0
1958-12-08,0.016320583090634937,1.0,1.0
1958-12-09,0.0189672624020823,1.0,1.0
1958-12-10,0.06487953278892221,1.0,1.0
1958-12-11,0.03558105094739026,1.0,1.0
1958-12-12,0.02352201299328301,1.0,1.0
1958-12-15,0.017622916481109953,1.0,1.0
1958-12-16,0.01672196620508903,1.0,1.0
1958-12-17,0.02271898484889953,1.0,1.0
1958-12-18,0.01823186081980697,1.0,1.0
1958-12-19,0.0192163935638641,1.0,1.0
1958-12-22,0.040945415771453976,1.0,1.0
1958-12-23,0.04300045962474246,1.0,1.0
1958-12-24,0.1661501888608909,1.0,1.0
1958-12-29,0.10900370533403743,1.0,1.0
1958-12-30,0.04114670078880994,1.0,1.0
1958-12-31,0.02446071340682933,1.0,1.0
1959-01-02,0.019133023575465605,1.0,1.0
1959-01-05,0.017259757407989934,1.0,1.0
1959-01-06,0.01779710470821308,1.0,1.0
1959-01-07,0.2094958560201275,1.0,1.0
1959-01-08,0.1507778686057418,1.0,1.0
1959-01-09,0.07174065539563793,1.0,1.0
1959-01-12,0.02907466378551997,1.0,1.0
1959-01-13,0.03540617409332063,1.0,1.0
1959-01-14,0.020598879895066195,1.0,1.0
1959-01-15,0.01781739834067613,1.0,1.0
1959-01-16,0.016735810056531613,1.0,1.0
1959-01-19,0.019000587225948933,1.0,1.0
1959-01-20,0.01497939092021155,1.0,1.0
1959-01-21,0.018066256708445135,1.0,1.0
1959-01-22,0.018540906848069083,1.0,1.0
1959-01-23,0.015300738787663134,1.0,1.0
1959-01-26,0.026884400665663236,1.0,1.0
1959-01-27,0.017766561798896144,1.0,1.0
1959-01-28,0.15795687485779084,1.0,1.0
1959-01-29,0.04978007297488116,1.0,1.0
1959-01-30,0.02478996500584034,1.0,1.0
1959-02-02,0.02354176824673777,1.0,1.0
1959-02-03,0.016363455410217092,1.0,1.0
1959-02-04,0.02052509062040421,1.0,1.0
1959-02-05,0.024725773411508962,1.0,1.0
1959-02-06,0.04925897814453831,1.0,1.0
1959-02-09,0.46689292917779046,0.0,1.0
1959-02-10,0.6461196058282139,0.0,1.0
1959-02-11,0.21743177840847658,1.0,1.0
1959-02-12,0.13725112986965685,1.0,1.0
1959-02-13,0.07798914766086756,1.0,1.0
1959-02-16,0.029312757709942565,1.0,1.0
1959-02-17,0.02465029467149457,1.0,1.0
1959-02-18,0.01897159874384601,1.0,1.0
1959-02-19,0.03569885901134275,1.0,1.0
1959-02-20,0.03992141421154572,1.0,1.0
1959-02-24,0.02135878853987367,1.0,1.0
1959-02-25,0.022765680039030265,1.0,1.0
1959-02-26,0.016347219254355345,1.0,1.0
1959-02-27,0.014712720186399927,1.0,1.0
1959-03-02,0.01738671683706219,1.0,1.0
1959-03-03,0.03263398975246477,1.0,1.0
1959-03-04,0.01848226557400682,1.0,1.0
1959-03-05,0.015213963288677974,1.0,1.0
1959-03-06,0.021736486231577225,1.0,1.0
1959-03-09,0.017004245321886595,1.0,1.0
1959-03-10,0.015404677893508483,1.0,1.0
1959-03-11,0.01449597728806297,1.0,1.0
1959-03-12,0.01603456449236881,1.0,1.0
1959-03-13,0.014723856789728857,1.0,1.0
1959-03-16,0.1371507177613367,1.0,1.0
1959-03-17,0.08395229240377428,1.0,1.0
1959-03-18,0.03528034170957075,1.0,1.0
1959-03-19,0.021795694118713054,1.0,1.0
1959-03-20,0.01608678207762339,1.0,1.0
1959-03-23,0.08604649157578302,1.0,1.0
1959-03-24,0.031144824033685736,1.0,1.0
1959-03-25,0.020893471534220075,1.0,1.0
1959-03-26,0.01800587095538961,1.0,1.0
1959-03-30,0.03779996266753732,1.0,1.0
1959-03-31,0.020963525668614702,1.0,1.0
1959-04-01,0.01660292813060722,1.0,1.0
1959-04-02,0.018985074053612078,1.0,1.0
1959-04-03,0.026805768648781814,1.0,1.0
1959-04-06,0.017129899728847552,1.0,1.0
1959-04-07,0.017021910672921598,1.0,1.0
1959-04-08,0.028713133990312553,1.0,1.0
1959-04-09,0.018601959235406966,1.0,1.0
1959-04-10,0.015219246941693455,1.0,1.0
1959-04-13,0.015134726360033199,1.0,1.0
1959-04-14,0.017900376200917296,1.0,1.0
1959-04-15,0.01638450191722044,1.0,1.0
1959-04-16,0.02110414857037249,1.0,1.0
1959-04-17,0.029255768189848905,1.0,1.0
1959-04-20,0.018613315758726573,1.0,1.0
1959-04-21,0.017105840039321835,1.0,1.0
1959-04-22,0.03818386185346353,1.0,1.0
1959-04-23,0.02539104050738434,1.0,1.0
1959-04-24,0.021050986275450708,1.0,1.0
1959-04-27,0.01682444575780972,1.0,1.0
1959-04-28,0.02160597455666019,1.0,1.0
1959-04-29,0.022512825114030986,1.0,1.0
1959-04-30,0.01957084733255845,1.0,1.0
1959-05-01,0.015465621177040735,1.0,1.0
1959-05-04,0.014913735507785178,1.0,1.0
1959-05-05,0.014371007244040439,1.0,1.0
1959-05-06,0.01661254770451478,1.0,1.0
1959-05-07,0.2656435104457546,0.0,1.0
1959-05-08,0.13613544514688358,1.0,1.0
1959-05-11,0.04804855801651591,1.0,1.0
1959-05-12,0.022149634376676997,1.0,1.0
1959-05-13,0.019445769005116968,1.0,1.0
1959-05-14,0.022436369655809217,1.0,1.0
1959-05-15,0.02459392673049131,1.0,1.0
1959-05-18,0.017941009857113346,1.0,1.0
1959-05-19,0.015159092382293573,1.0,1.0
1959-05-20,0.021054672577463157,1.0,1.0
1959-05-21,0.015999435369534926,1.0,1.0
1959-05-22,0.015406359296941955,1.0,1.0
1959-05-25,0.025920140762945142,1.0,1.0
1959-05-26,0.018537593927296803,1.0,1.0
1959-05-27,0.015245192099446091,1.0,1.0
1959-05-28,0.014854963358299484,1.0,1.0
1959-05-29,0.016126390209751037,1.0,1.0
1959-06-01,0.0166106741634885,1.0,1.0
1959-06-02,0.041758818217492694,1.0,1.0
1959-06-03,0.021454018715637,1.0,1.0
1959-06-04,0.16010711827421456,1.0,1.0
1959-06-05,0.05669192929387787,1.0,1.0
1959-06-08,0.5224041928202711,0.0,1.0
1959-06-09,0.35185187187637956,0.0,1.0
1959-06-10,0.627614724448553,0.0,1.0
1959-06-11,0.2069114144428716,1.0,1.0
1959-06-12,0.06426192397345985,1.0,1.0
1959-06-15,0.04952523809764985,1.0,1.0
1959-06-16,0.064017054385922,1.0,1.0
1959-06-17,0.0621184361683676,1.0,1.0
1959-06-18,0.02723834783236383,1.0,1.0
1959-06-19,0.017214253091730743,1.0,1.0
1959-06-22,0.015708876831134613,1.0,1.0
1959-06-23,0.015853026510708065,1.0,1.0
1959-06-24,0.016671569844985946,1.0,1.0
1959-06-25,0.018549716079037465,1.0,1.0
1959-06-26,0.01654603528474092,1.0,1.0
1959-06-29,0.02215129099822712,1.0,1.0
1959-06-30,0.01613033934496008,1.0,1.0
1959-07-01,0.026655813456555336,1.0,1.0
1959-07-02,0.01986643190902659,1.0,1.0
1959-07-06,0.019238589231889085,1.0,1.0
1959-07-07,0.018063542849980012,1.0,1.0
1959-07-08,0.015138752547332627,1.0,1.0
1959-07-09,0.01835536133058567,1.0,1.0
1959-07-10,0.015530337536278116,1.0,1.0
1959-07-13,0.08023562112380225,1.0,1.0
1959-07-14,0.030432024050348887,1.0,1.0
1959-07-15,0.017993736417644533,1.0,1.0
1959-07-16,0.02342730529114894,1.0,1.0
1959-07-17,0.022451712890774998,1.0,1.0
1959-07-20,0.03943465596695662,1.0,1.0
1959-07-21,0.04529854757284381,1.0,1.0
1959-07-22,0.025894528748482182,1.0,1.0
1959-07-23,0.0194262433029477,1.0,1.0
1959-07-24,0.018297841425078936,1.0,1.0
1959-07-27,0.02072763309225872,1.0,1.0
1959-07-28,0.021508428222344857,1.0,1.0
1959-07-29,0.020175077845311126,1.0,1.0
1959-07-30,0.02316386319161554,1.0,1.0
1959-07-31,0.01925024703045427,1.0,1.0
1959-08-03,0.0179295258949062,1.0,1.0
1959-08-04,0.021309862178747946,1.0,1.0
1959-08-05,0.031223511860895243,1.0,1.0
1959-08-06,0.02438634814366575,1.0,1.0
1959-08-07,0.04877770469972016,1.0,1.0
1959-08-10,0.9627471313198841,0.0,1.0
1959-08-11,0.833144840335332,0.0,1.0
1959-08-12,0.4174824250965102,0.0,1.0
1959-08-13,0.181307013530375,1.0,1.0
1959-08-14,0.06515705630602825,1.0,1.0
1959-08-17,0.03771210513366425,1.0,1.0
1959-08-18,0.12690375901070677,1.0,1.0
1959-08-19,0.11079380250992407,1.0,1.0
1959-08-20,0.35818401713188036,0.0,1.0
1959-08-21,0.1365245802837844,1.0,1.0
1959-08-24,0.08432590858342434,1.0,1.0
1959-08-25,0.03583569569682004,1.0,1.0
1959-08-26,0.022030558249842444,1.0,1.0
1959-08-27,0.043987783643403375,1.0,1.0
1959-08-28,0.029702785543009782,1.0,1.0
1959-08-31,0.02037685267697434,1.0,1.0
1959-09-01,0.27091964188430734,1.0,1.0
1959-09-02,0.09662039887383723,1.0,1.0
1959-09-03,0.41182137931482116,0.0,1.0
1959-09-04,0.17863654318326216,1.0,1.0
1959-09-08,0.7823459073978558,0.0,1.0
1959-09-09,0.6924725853394296,0.0,1.0
1959-09-10,0.48767354468230995,0.0,1.0
1959-09-11,0.2727802424984838,1.0,1.0
1959-09-14,0.2562795365621509,1.0,1.0
1959-09-15,0.2196706407609108,1.0,1.0
1959-09-16,0.0786704537828354,1.0,1.0
1959-09-17,0.06613123602004914,1.0,1.0
1959-09-18,0.0957979554487003,1.0,1.0
1959-09-21,0.7999606240188822,0.0,1.0
1959-09-22,0.4237828369798103,0.0,1.0
1959-09-23,0.6449850109702129,0.0,1.0
1959-09-24,0.9176749430952161,0.0,1.0
1959-09-25,0.45319063552163064,0.0,1.0
1959-09-28,0.22428964405486101,1.0,1.0
1959-09-29,0.10046752476983713,1.0,1.0
1959-09-30,0.2823632494317978,1.0,1.0
1959-10-01,0.09838923403632041,1.0,1.0
1959-10-02,0.043294895146251205,1.0,1.0
1959-10-05,0.027702603103516115,1.0,1.0
1959-10-06,0.02152612451768268,1.0,1.0
1959-10-07,0.022247356441826825,1.0,1.0
1959-10-08,0.021994980897449622,1.0,1.0
1959-10-09,0.019223128609641732,1.0,1.0
1959-10-12,0.02199996505936393,1.0,1.0
1959-10-13,0.025855293246764676,1.0,1.0
1959-10-14,0.06940231155222254,1.0,1.0
1959-10-15,0.03181915537931739,1.0,1.0
1959-10-16,0.03966675583021817,1.0,1.0
1959-10-19,0.05154643546476963,1.0,1.0
1959-10-20,0.06713587053142683,1.0,1.0
1959-10-21,0.037122648438541246,1.0,1.0
1959-10-22,0.14237615049734448,1.0,1.0
1959-10-23,0.16982732746600143,1.0,1.0
1959-10-26,0.08378087537277494,1.0,1.0
1959-10-27,0.06378685120963552,1.0,1.0
1959-10-28,0.030314632523382408,1.0,1.0
1959-10-29,0.023006509744407194,1.0,1.0
1959-10-30,0.018539689918817367,1.0,1.0
1959-11-02,0.02037471683252481,1.0,1.0
1959-11-04,0.02095241987531044,1.0,1.0
1959-11-05,0.018122974598935613,1.0,1.0
1959-11-06,0.02137677072250255,1.0,1.0
1959-11-09,0.02126826725339927,1.0,1.0
1959-11-10,0.018635985531216342,1.0,1.0
1959-11-11,0.01769567592950707,1.0,1.0
1959-11-12,0.03459196427970124,1.0,1.0
1959-11-13,0.048532317284234266,1.0,1.0
1959-11-16,0.20337196288858064,1.0,1.0
1959-11-17,0.07223771753347488,1.0,1.0
1959-11-18,0.0983668754912736,1.0,1.0
1959-11-19,0.04395520768495625,1.0,1.0
1959-11-20,0.024624360100026527,1.0,1.0
1959-11-23,0.01897325523198708,1.0,1.0
1959-11-24,0.019581146174957577,1.0,1.0
1959-11-25,0.017617465536669315,1.0,1.0
1959-11-27,0.019515535696047737,1.0,1.0
1959-11-30,0.04240011523617133,1.0,1.0
1959-12-01,0.03574707969419714,1.0,1.0
1959-12-02,0.027582794761685337,1.0,1.0
1959-12-03,0.020087788528201544,1.0,1.0
1959-12-04,0.01782131061694673,1.0,1.0
1959-12-07,0.017473552834827422,1.0,1.0
1959-12-08,0.021161426958771292,1.0,1.0
1959-12-09,0.04891157272178407,1.0,1.0
1959-12-10,0.02586561246460059,1.0,1.0
1959-12-11,0.02341440488615693,1.0,1.0
1959-12-14,0.018836317914431147,1.0,1.0
1959-12-15,0.024302521415918012,1.0,1.0
1959-12-16,0.01893398269531949,1.0,1.0
1959-12-17,0.020296309231479025,1.0,1.0
1959-12-18,0.020153236949827166,1.0,1.0
1959-12-21,0.01790636926243625,1.0,1.0
1959-12-22,0.0203832503328343,1.0,1.0
1959-12-23,0.02487851955482135,1.0,1.0
1959-12-24,0.019234887181500255,1.0,1.0
1959-12-28,0.020195047607217007,1.0,1.0
1959-12-29,0.01932922909804869,1.0,1.0
1959-12-30,0.03208674656352729,1.0,1.0
1959-12-31,0.02100874412171384,1.0,1.0
1960-01-04,0.019171216447662526,1.0,1.0
1960-01-05,0.0314027702219837,1.0,1.0
1960-01-06,0.03944761738119055,1.0,1.0
1960-01-07,0.06493038552922253,1.0,1.0
1960-01-08,0.04429144086538651,1.0,1.0
1960-01-11,0.29139768193298426,0.0,1.0
1960-01-12,0.21813487282905525,1.0,1.0
1960-01-13,0.1541145530598449,1.0,1.0
1960-01-14,0.07071541653865948,1.0,1.0
1960-01-15,0.03298482717584858,1.0,1.0
1960-01-18,0.09779603262271344,1.0,1.0
1960-01-19,0.27891549073432087,0.0,1.0
1960-01-20,0.1375891640149563,1.0,1.0
1960-01-21,0.05286895108990745,1.0,1.0
1960-01-22,0.027640234672948766,1.0,1.0
1960-01-25,0.18065625737504115,1.0,1.0
1960-01-26,0.06657826350702523,1.0,1.0
1960-01-27,0.042634089200791474,1.0,1.0
1960-01-28,0.17622551046991045,1.0,1.0
1960-01-29,0.3580679281758361,0.0,1.0
1960-02-01,0.1514526692377161,1.0,1.0
1960-02-02,0.5447594790416189,0.0,1.0
1960-02-03,0.5746896014964418,0.0,1.0
1960-02-04,0.24760070092559353,1.0,1.0
1960-02-05,0.1678148530432494,1.0,1.0
1960-02-08,0.3819276282426065,0.0,1.0
1960-02-09,0.2708027223747225,1.0,1.0
1960-02-10,0.20661989792818594,1.0,1.0
1960-02-11,0.14587466868153026,1.0,1.0
1960-02-12,0.06209586784293591,1.0,1.0
1960-02-15,0.0582739725943197,1.0,1.0
1960-02-16,0.14739684339649953,1.0,1.0
1960-02-17,0.07522830892770636,1.0,1.0
1960-02-18,0.25575604760160264,1.0,1.0
1960-02-19,0.13874838076596005,1.0,1.0
1960-02-23,0.10329381163953821,1.0,1.0
1960-02-24,0.058185734402686776,1.0,1.0
1960-02-25,0.032323127481753505,1.0,1.0
1960-02-26,0.0235878919089153,1.0,1.0
1960-02-29,0.02076773934648405,1.0,1.0
1960-03-01,0.02118524832350145,1.0,1.0
1960-03-02,0.05849591843741853,1.0,1.0
1960-03-03,0.760878475839485,0.0,1.0
1960-03-04,0.4637516583797654,0.0,1.0
1960-03-07,0.7378524722008626,0.0,1.0
1960-03-08,0.7750557869941328,0.0,1.0
1960-03-09,0.6723032406647265,0.0,1.0
1960-03-10,0.3714219047806196,0.0,1.0
1960-03-11,0.205544912420444,1.0,1.0
1960-03-14,0.07482056947908182,1.0,1.0
1960-03-15,0.05890782597906524,1.0,1.0
1960-03-16,0.03483206232517549,1.0,1.0
1960-03-17,0.026659696119291747,1.0,1.0
1960-03-18,0.020056871206701212,1.0,1.0
1960-03-21,0.01804959035236098,1.0,1.0
1960-03-22,0.01822866602685612,1.0,1.0
1960-03-23,0.02963864688027471,1.0,1.0
1960-03-24,0.02239834698604416,1.0,1.0
1960-03-25,0.019344679718091954,1.0,1.0
1960-03-28,0.022968811173838387,1.0,1.0
1960-03-29,0.02286487485611426,1.0,1.0
1960-03-30,0.02209948602264838,1.0,1.0
1960-03-31,0.04968076769172011,1.0,1.0
1960-04-01,0.026257945451096748,1.0,1.0
1960-04-04,0.0195543801371354,1.0,1.0
1960-04-05,0.02183168647027378,1.0,1.0
1960-04-06,0.05404395769125276,1.0,1.0
1960-04-07,0.027935706752060824,1.0,1.0
1960-04-08,0.025149027861823395,1.0,1.0
1960-04-11,0.0314592782107251,1.0,1.0
1960-04-12,0.021068471310786444,1.0,1.0
1960-04-13,0.019290343017426777,1.0,1.0
1960-04-14,0.017809713794433753,1.0,1.0
1960-04-18,0.017243537231868434,1.0,1.0
1960-04-19,0.05966375682029494,1.0,1.0
1960-04-20,0.3467999940012017,0.0,1.0
1960-04-21,0.13070365238436712,1.0,1.0
1960-04-22,0.06777466262393403,1.0,1.0
1960-04-25,0.23887272363226755,1.0,1.0
1960-04-26,0.0903088995778324,1.0,1.0
1960-04-27,0.04063817932039968,1.0,1.0
1960-04-28,0.11695014345175721,1.0,1.0
1960-04-29,0.06972218645163263,1.0,1.0
1960-05-02,0.065059826764957,1.0,1.0
1960-05-03,0.2379093934598428,1.0,1.0
1960-05-04,0.09326757600860738,1.0,1.0
1960-05-05,0.05729641034255589,1.0,1.0
1960-05-06,0.03244355220250666,1.0,1.0
1960-05-09,0.021429593649163543,1.0,1.0
1960-05-10,0.04370416481471876,1.0,1.0
1960-05-11,0.024636796134486022,1.0,1.0
1960-05-12,0.023585730226861012,1.0,1.0
1960-05-13,0.040861778389597744,1.0,1.0
1960-05-16,0.02616076000964611,1.0,1.0
1960-05-17,0.02075599107000069,1.0,1.0
1960-05-18,0.018671954802240723,1.0,1.0
1960-05-19,0.019333361053750657,1.0,1.0
1960-05-20,0.01762937527340272,1.0,1.0
1960-05-23,0.01892679830336938,1.0,1.0
1960-05-24,0.019036044812469306,1.0,1.0
1960-05-25,0.01880581607071215,1.0,1.0
1960-05-26,0.017694806416496303,1.0,1.0
1960-05-27,0.017433144932434003,1.0,1.0
1960-05-31,0.01708075791296622,1.0,1.0
1960-06-01,0.016982306598218748,1.0,1.0
1960-06-02,0.01791385226314845,1.0,1.0
1960-06-03,0.01721959358074304,1.0,1.0
1960-06-06,0.06576608021789643,1.0,1.0
1960-06-07,0.07901680465167295,1.0,1.0
1960-06-08,0.057857206416222426,1.0,1.0
1960-06-09,0.02876419912524269,1.0,1.0
1960-06-10,0.020662171858625372,1.0,1.0
1960-06-13,0.01833845629672263,1.0,1.0
1960-06-14,0.01836266697177937,1.0,1.0
1960-06-15,0.03811497307272071,1.0,1.0
1960-06-16,0.0257134166785039,1.0,1.0
1960-06-17,0.02178047401459206,1.0,1.0
1960-06-20,0.028923767884654547,1.0,1.0
1960-06-21,0.022794421192178272,1.0,1.0
1960-06-22,0.018619883789586764,1.0,1.0
1960-06-23,0.020000280080071754,1.0,1.0
1960-06-24,0.0178085892482248,1.0,1.0
1960-06-27,0.03949299605770848,1.0,1.0
1960-06-28,0.07433336155650402,1.0,1.0
1960-06-29,0.03432934335462925,1.0,1.0
1960-06-30,0.023750402581128472,1.0,1.0
1960-07-01,0.018982854736456112,1.0,1.0
1960-07-05,0.019835292656396712,1.0,1.0
1960-07-06,0.021093447840775256,1.0,1.0
1960-07-07,0.022110459330362868,1.0,1.0
1960-07-08,0.01860943875020939,1.0,1.0
1960-07-11,0.09386695266121549,1.0,1.0
1960-07-12,0.3237518969081192,0.0,1.0
1960-07-13,0.15185176039953438,1.0,1.0
1960-07-14,0.05951055379182665,1.0,1.0
1960-07-15,0.031380914384437894,1.0,1.0
1960-07-18,0.055154029185584014,1.0,1.0
1960-07-19,0.020064416981451987,1.0,1.0
1960-07-20,0.017184403811071506,1.0,1.0
1960-07-21,0.0678873270369047,1.0,1.0
1960-07-22,0.07933486316691833,1.0,1.0
1960-07-25,0.27439642276631987,0.0,1.0
1960-07-26,0.1358221513487036,1.0,1.0
1960-07-27,0.12129555278508625,1.0,1.0
1960-07-28,0.07940233937374011,1.0,1.0
1960-07-29,0.6023485899862325,0.0,1.0
1960-08-01,0.23708278408740457,1.0,1.0
1960-08-02,0.270033406292923,0.0,1.0
1960-08-03,0.16861386594277625,1.0,1.0
1960-08-04,0.058795431332880246,1.0,1.0
1960-08-05,0.07928275814012578,1.0,1.0
1960-08-08,0.030942717549451257,1.0,1.0
1960-08-09,0.022702954741077634,1.0,1.0
1960-08-10,0.01745326175600622,1.0,1.0
1960-08-11,0.015660760564857778,1.0,1.0
1960-08-12,0.02079288626883756,1.0,1.0
1960-08-15,0.015822157217360595,1.0,1.0
1960-08-16,0.013929420595316898,1.0,1.0
1960-08-17,0.013651809310083207,1.0,1.0
1960-08-18,0.013789793894405017,1.0,1.0
1960-08-19,0.013733187032946861,1.0,1.0
1960-08-22,0.013546414146556227,1.0,1.0
1960-08-23,0.03101870499975583,1.0,1.0
1960-08-24,0.021246545582958222,1.0,1.0
1960-08-25,0.02558473437212194,1.0,1.0
1960-08-26,0.021820557228085742,1.0,1.0
1960-08-29,0.019267040149061197,1.0,1.0
1960-08-30,0.11185934868203198,1.0,1.0
1960-08-31,0.040405395269587016,1.0,1.0
1960-09-01,0.020375741310970346,1.0,1.0
1960-09-02,0.016556090172723387,1.0,1.0
1960-09-06,0.07342963353395345,1.0,1.0
1960-09-07,0.35882225612350344,0.0,1.0
1960-09-08,0.127175654693003,1.0,1.0
1960-09-09,0.0592933720205373,1.0,1.0
1960-09-12,0.06633864504423624,1.0,1.0
1960-09-13,0.0273187558156984,1.0,1.0
1960-09-14,0.05723561596953663,1.0,1.0
1960-09-15,0.039447480448524315,1.0,1.0
1960-09-16,0.023772945251543515,1.0,1.0
1960-09-19,0.9939210037186965,0.0,1.0
1960-09-20,0.4919266932509825,0.0,1.0
1960-09-21,0.4185716013740944,0.0,1.0
1960-09-22,0.2073229760746558,1.0,1.0
1960-09-23,0.30615001463938607,0.0,1.0
1960-09-26,0.8753904075024758,0.0,1.0
1960-09-27,0.4654611162378327,0.0,1.0
1960-09-28,0.4889361831676859,0.0,1.0
1960-09-29,0.17614205721499068,1.0,1.0
1960-09-30,0.7842155244716742,0.0,1.0
1960-10-03,0.3893662755131738,0.0,1.0
1960-10-04,0.35111856049891527,0.0,1.0
1960-10-05,0.17143208113019007,1.0,1.0
1960-10-06,0.0746275915735972,1.0,1.0
1960-10-07,0.0372558077781643,1.0,1.0
1960-10-10,0.019469223022504853,1.0,1.0
1960-10-11,0.014813031391515073,1.0,1.0
1960-10-12,0.015322172954143173,1.0,1.0
1960-10-13,0.02705791046599157,1.0,1.0
1960-10-14,0.020656584570881816,1.0,1.0
1960-10-17,0.022548090633503843,1.0,1.0
1960-10-18,0.03100890147795336,1.0,1.0
1960-10-19,0.021797450909755673,1.0,1.0
1960-10-20,0.0600774272058142,1.0,1.0
1960-10-21,0.17124704454286702,1.0,1.0
1960-10-24,0.6061556515400731,0.0,1.0
1960-10-25,0.5108461564919464,0.0,1.0
1960-10-26,0.7302439671648989,0.0,1.0
1960-10-27,0.6354777479881755,0.0,1.0
1960-10-28,0.36488115310966307,0.0,1.0
1960-10-31,0.13258251458014997,1.0,1.0
1960-11-01,0.12334931487699352,1.0,1.0
1960-11-02,0.05265439038891439,1.0,1.0
1960-11-03,0.0261699344281259,1.0,1.0
1960-11-04,0.03396862169308781,1.0,1.0
1960-11-07,0.02030394511514795,1.0,1.0
1960-11-09,0.01661287803252353,1.0,1.0
1960-11-10,0.14208457447987755,1.0,1.0
1960-11-11,0.08173293388228799,1.0,1.0
1960-11-14,0.0491548529294653,1.0,1.0
1960-11-15,0.02674560893624924,1.0,1.0
1960-11-16,0.019581070816982807,1.0,1.0
1960-11-17,0.019219671498459705,1.0,1.0
1960-11-18,0.017917387468602834,1.0,1.0
1960-11-21,0.01466593925385579,1.0,1.0
1960-11-22,0.019603202747174385,1.0,1.0
1960-11-23,0.01489514634525729,1.0,1.0
1960-11-25,0.019867250731782773,1.0,1.0
1960-11-28,0.016676388302966357,1.0,1.0
1960-11-29,0.02006258337394164,1.0,1.0
1960-11-30,0.02913395842824411,1.0,1.0
1960-12-01,0.02713748280005103,1.0,1.0
1960-12-02,0.016760239713717772,1.0,1.0
1960-12-05,0.01684162087641517,1.0,1.0
1960-12-06,0.01615099645333891,1.0,1.0
1960-12-07,0.03490260757763995,1.0,1.0
1960-12-08,0.018933507865269136,1.0,1.0
1960-12-09,0.03278448417409195,1.0,1.0
1960-12-12,0.01968139465206006,1.0,1.0
1960-12-13,0.014812203306557598,1.0,1.0
1960-12-14,0.014621369363219495,1.0,1.0
1960-12-15,0.016345429692947794,1.0,1.0
1960-12-16,0.03270628262775481,1.0,1.0
1960-12-19,0.02065270343935651,1.0,1.0
1960-12-20,0.016274360963722152,1.0,1.0
1960-12-21,0.02245691961470211,1.0,1.0
1960-12-22,0.02019867483517959,1.0,1.0
1960-12-23,0.015146436014675666,1.0,1.0
1960-12-27,0.013613812940520073,1.0,1.0
1960-12-28,0.014342682383706923,1.0,1.0
1960-12-29,0.015696547814780318,1.0,1.0
1960-12-30,0.013949736122502814,1.0,1.0
1961-01-03,0.06403529090446719,1.0,1.0
1961-01-04,0.17526474056189617,1.0,1.0
1961-01-05,0.06366299332762584,1.0,1.0
1961-01-06,0.029580310636695854,1.0,1.0
1961-01-09,0.023099536148354867,1.0,1.0
1961-01-10,0.015901579903133106,1.0,1.0
1961-01-11,0.014126048721462644,1.0,1.0
1961-01-12,0.013704533557393378,1.0,1.0
1961-01-13,0.014696585756377542,1.0,1.0
1961-01-16,0.014309674601110389,1.0,1.0
1961-01-17,0.02007414465571699,1.0,1.0
1961-01-18,0.01329046109974496,1.0,1.0
1961-01-19,0.009585743128660203,1.0,1.0
1961-01-20,0.009082384627167922,1.0,1.0
1961-01-23,0.010100130178170743,1.0,1.0
1961-01-24,0.008754942467909081,1.0,1.0
1961-01-25,0.008384921067006298,1.0,1.0
1961-01-26,0.008218157899314986,1.0,1.0
1961-01-27,0.01955144152995669,1.0,1.0
1961-01-30,0.04993924861399592,1.0,1.0
1961-01-31,0.02749665112524851,1.0,1.0
1961-02-01,0.014143656294647939,1.0,1.0
1961-02-02,0.014480944644941651,1.0,1.0
1961-02-03,0.011449210652984026,1.0,1.0
1961-02-06,0.02064527490039239,1.0,1.0
1961-02-07,0.012267975439106162,1.0,1.0
1961-02-08,0.022772443427879825,1.0,1.0
1961-02-09,0.015048917166283525,1.0,1.0
1961-02-10,0.03540451809780524,1.0,1.0
1961-02-13,0.031196121906857464,1.0,1.0
1961-02-14,0.01869214372825395,1.0,1.0
1961-02-15,0.018629784936402,1.0,1.0
1961-02-16,0.015029036472000216,1.0,1.0
1961-02-17,0.012771802222322366,1.0,1.0
1961-02-20,0.010549176485650453,1.0,1.0
1961-02-21,0.008844554630075479,1.0,1.0
1961-02-23,0.009233578607148612,1.0,1.0
1961-02-24,0.008976440603703994,1.0,1.0
1961-02-27,0.014534501667915301,1.0,1.0
1961-02-28,0.009957996993829413,1.0,1.0
1961-03-01,0.00898375208777021,1.0,1.0
1961-03-02,0.011976328960327893,1.0,1.0
1961-03-03,0.009214633088015943,1.0,1.0
1961-03-06,0.008430557454888632,1.0,1.0
1961-03-07,0.02479216322809371,1.0,1.0
1961-03-08,0.013073324927653113,1.0,1.0
1961-03-09,0.009645569314105734,1.0,1.0
1961-03-10,0.008639341402542708,1.0,1.0
1961-03-13,0.008380430635835344,1.0,1.0
1961-03-14,0.012596923224406413,1.0,1.0
1961-03-15,0.010051512493776218,1.0,1.0
1961-03-16,0.023883008505367693,1.0,1.0
1961-03-17,0.01641482253321261,1.0,1.0
1961-03-20,0.011613772354043865,1.0,1.0
1961-03-21,0.010417300208264904,1.0,1.0
1961-03-22,0.00963143450540233,1.0,1.0
1961-03-23,0.01201347483381993,1.0,1.0
1961-03-24,0.010368065044896763,1.0,1.0
1961-03-27,0.009417742208122049,1.0,1.0
1961-03-28,0.008621127938645225,1.0,1.0
1961-03-29,0.01410861261752442,1.0,1.0
1961-03-30,0.009881033004831476,1.0,1.0
1961-04-03,0.015248467692136855,1.0,1.0
1961-04-04,0.010408410959461087,1.0,1.0
1961-04-05,0.011986996339251462,1.0,1.0
1961-04-06,0.00939923625824224,1.0,1.0
1961-04-07,0.010103845113337962,1.0,1.0
1961-04-10,0.016877772891318636,1.0,1.0
1961-04-11,0.0108066127922314,1.0,1.0
1961-04-12,0.015624358003736278,1.0,1.0
1961-04-13,0.010560679423889215,1.0,1.0
1961-04-14,0.008867943366456299,1.0,1.0
1961-04-17,0.009641794406151842,1.0,1.0
1961-04-18,0.02646631022377662,1.0,1.0
1961-04-19,0.025208314473099545,1.0,1.0
1961-04-20,0.013571386698255328,1.0,1.0
1961-04-21,0.01009809638060343,1.0,1.0
1961-04-24,0.9679740493049772,0.0,1.0
1961-04-25,0.9381074550254467,0.0,1.0
1961-04-26,0.544909678421115,0.0,1.0
1961-04-27,0.23820852198073778,1.0,1.0
1961-04-28,0.10783220735685445,1.0,1.0
1961-05-01,0.04558092854189329,1.0,1.0
1961-05-02,0.0320535237774634,1.0,1.0
1961-05-03,0.027328552441149706,1.0,1.0
1961-05-04,0.01475061117463743,1.0,1.0
1961-05-05,0.010000350276993003,1.0,1.0
1961-05-08,0.009246787215944166,1.0,1.0
1961-05-09,0.00846246237090421,1.0,1.0
1961-05-10,0.008631054571077636,1.0,1.0
1961-05-11,0.008450996331591248,1.0,1.0
1961-05-12,0.008227631481833572,1.0,1.0
1961-05-15,0.010249663538284898,1.0,1.0
1961-05-16,0.009831112896837453,1.0,1.0
1961-05-17,0.009051940412492446,1.0,1.0
1961-05-18,0.020429905753668123,1.0,1.0
1961-05-19,0.013319206764994533,1.0,1.0
1961-05-22,0.02387027738742768,1.0,1.0
1961-05-23,0.01467374939832279,1.0,1.0
1961-05-24,0.018894478008494833,1.0,1.0
1961-05-25,0.015071561165805578,1.0,1.0
1961-05-26,0.015094287687708909,1.0,1.0
1961-05-31,0.01012581455249991,1.0,1.0
1961-06-01,0.00907760205721195,1.0,1.0
1961-06-02,0.008417783253258617,1.0,1.0
1961-06-05,0.009874430718360418,1.0,1.0
1961-06-06,0.011053300943902429,1.0,1.0
1961-06-07,0.014202714840865042,1.0,1.0
1961-06-08,0.009970517268925864,1.0,1.0
1961-06-09,0.00890735382577847,1.0,1.0
1961-06-12,0.02397435457538203,1.0,1.0
1961-06-13,0.025306451926202223,1.0,1.0
1961-06-14,0.013103262973692702,1.0,1.0
1961-06-15,0.01589955625125257,1.0,1.0
1961-06-16,0.03720879856822626,1.0,1.0
1961-06-19,0.08601697219647181,1.0,1.0
1961-06-20,0.060244526379602356,1.0,1.0
1961-06-21,0.023691174358414637,1.0,1.0
1961-06-22,0.019880282228121476,1.0,1.0
1961-06-23,0.012057593755865034,1.0,1.0
1961-06-26,0.07772060164730951,1.0,1.0
1961-06-27,0.029633013558197425,1.0,1.0
1961-06-28,0.014332846990113422,1.0,1.0
1961-06-29,0.011017961949919292,1.0,1.0
1961-06-30,0.008944051684547927,1.0,1.0
1961-07-03,0.016568490740253933,1.0,1.0
1961-07-05,0.014427970241875044,1.0,1.0
1961-07-06,0.010180860906215955,1.0,1.0
1961-07-07,0.009360776721291122,1.0,1.0
1961-07-10,0.009053506681359168,1.0,1.0
1961-07-11,0.009350519967403692,1.0,1.0
1961-07-12,0.01930634125432339,1.0,1.0
1961-07-13,0.030773063602808612,1.0,1.0
1961-07-14,0.01999215810752526,1.0,1.0
1961-07-17,0.04021127639872832,1.0,1.0
1961-07-18,0.03908468616952601,1.0,1.0
1961-07-19,0.018320035685875882,1.0,1.0
1961-07-20,0.03408105423431258,1.0,1.0
1961-07-21,0.024547554631813472,1.0,1.0
1961-07-24,0.02342375064558187,1.0,1.0
1961-07-25,0.02700929405435893,1.0,1.0
1961-07-26,0.04590982515165232,1.0,1.0
1961-07-27,0.10194335833093784,1.0,1.0
1961-07-28,0.04718629290254792,1.0,1.0
1961-07-31,0.029050502152564803,1.0,1.0
1961-08-01,0.04722517262455914,1.0,1.0
1961-08-02,0.06369125382555556,1.0,1.0
1961-08-03,0.04120667658624496,1.0,1.0
1961-08-04,0.03559046324813808,1.0,1.0
1961-08-07,0.025196548244624434,1.0,1.0
1961-08-08,0.021712230710221617,1.0,1.0
1961-08-09,0.021596247146795585,1.0,1.0
1961-08-10,0.02147741931160171,1.0,1.0
1961-08-11,0.020507451926542915,1.0,1.0
1961-08-14,0.04323451392451879,1.0,1.0
1961-08-15,0.0341655718366973,1.0,1.0
1961-08-16,0.025433085625974395,1.0,1.0
1961-08-17,0.025998427699499106,1.0,1.0
1961-08-18,0.022284335256150714,1.0,1.0
1961-08-21,0.020760775267310634,1.0,1.0
1961-08-22,0.021165751048344682,1.0,1.0
1961-08-23,0.05220512462787626,1.0,1.0
1961-08-24,0.06715811223622674,1.0,1.0
1961-08-25,0.03548555532907232,1.0,1.0
1961-08-28,0.02572459778661099,1.0,1.0
1961-08-29,0.02419777630599034,1.0,1.0
1961-08-30,0.023354465730408138,1.0,1.0
1961-08-31,0.021950867594781393,1.0,1.0
1961-09-01,0.02067515078519745,1.0,1.0
1961-09-05,0.03002793697694163,1.0,1.0
1961-09-06,0.03305171548844038,1.0,1.0
1961-09-07,0.030814680009757723,1.0,1.0
1961-09-08,0.07079883967076762,1.0,1.0
1961-09-11,0.15304472699021468,1.0,1.0
1961-09-12,0.15671721602944902,1.0,1.0
1961-09-13,0.06898301764267971,1.0,1.0
1961-09-14,0.12571962671140396,1.0,1.0
1961-09-15,0.056053080760205536,1.0,1.0
1961-09-18,0.0917033164667671,1.0,1.0
1961-09-19,0.1652526411691813,1.0,1.0
1961-09-20,0.07809283751494812,1.0,1.0
1961-09-21,0.04015755104906709,1.0,1.0
1961-09-22,0.04470175984545894,1.0,1.0
1961-09-25,0.6107853310975311,0.0,1.0
1961-09-26,0.2887466551853983,1.0,1.0
1961-09-27,0.28824412419601514,1.0,1.0
1961-09-28,0.1177890888640888,1.0,1.0
1961-09-29,0.05343535178836036,1.0,1.0
1961-10-02,0.03187269385284878,1.0,1.0
1961-10-03,0.026375382409923785,1.0,1.0
1961-10-04,0.03140202909705672,1.0,1.0
1961-10-05,0.046800805728499734,1.0,1.0
1961-10-06,0.029021313566238945,1.0,1.0
1961-10-09,0.023919040970569693,1.0,1.0
1961-10-10,0.02148889244411087,1.0,1.0
1961-10-11,0.02177151513605488,1.0,1.0
1961-10-12,0.02173784081251867,1.0,1.0
1961-10-13,0.02403033411237175,1.0,1.0
1961-10-16,0.02977902006780566,1.0,1.0
1961-10-17,0.023365603555062724,1.0,1.0
1961-10-18,0.024023538980460755,1.0,1.0
1961-10-19,0.02133705572882437,1.0,1.0
1961-10-20,0.021250466441542312,1.0,1.0
1961-10-23,0.05227191447279186,1.0,1.0
1961-10-24,0.035842879967340355,1.0,1.0
1961-10-25,0.028825684937309578,1.0,1.0
1961-10-26,0.022875618026627652,1.0,1.0
1961-10-27,0.0244522600953706,1.0,1.0
1961-10-30,0.021644607016073188,1.0,1.0
1961-10-31,0.02101646895405288,1.0,1.0
1961-11-01,0.020360607212805304,1.0,1.0
1961-11-02,0.024073362680146922,1.0,1.0
1961-11-03,0.02694551816398584,1.0,1.0
1961-11-06,0.03923484898429849,1.0,1.0
1961-11-08,0.11135244302468389,1.0,1.0
1961-11-09,0.053414977605723155,1.0,1.0
1961-11-10,0.0341814332838217,1.0,1.0
1961-11-13,0.02543837497023811,1.0,1.0
1961-11-14,0.02686186293961856,1.0,1.0
1961-11-15,0.023738017085153287,1.0,1.0
1961-11-16,0.022532017067573237,1.0,1.0
1961-11-17,0.021645732619913028,1.0,1.0
1961-11-20,0.020557234989557433,1.0,1.0
1961-11-21,0.020502568707391356,1.0,1.0
1961-11-22,0.022184631110658104,1.0,1.0
1961-11-24,0.020881233061950177,1.0,1.0
1961-11-27,0.02131874575612582,1.0,1.0
1961-11-28,0.02146482143268596,1.0,1.0
1961-11-29,0.022353414053528784,1.0,1.0
1961-11-30,0.04013354704612927,1.0,1.0
1961-12-01,0.03468323728715006,1.0,1.0
1961-12-04,0.024789468120530813,1.0,1.0
1961-12-05,0.024693516120336975,1.0,1.0
1961-12-06,0.0216314634404477,1.0,1.0
1961-12-07,0.03249193738533711,1.0,1.0
1961-12-08,0.026659828809086683,1.0,1.0
1961-12-11,0.023425142275351526,1.0,1.0
1961-12-12,0.021596695743984647,1.0,1.0
1961-12-13,0.024721889802916515,1.0,1.0
1961-12-14,0.07035560306622257,1.0,1.0
1961-12-15,0.03888926407112815,1.0,1.0
1961-12-18,0.04180996860006831,1.0,1.0
1961-12-19,0.07344158743424258,1.0,1.0
1961-12-20,0.04591718722501663,1.0,1.0
1961-12-21,0.04257082620239237,1.0,1.0
1961-12-22,0.02808476545728474,1.0,1.0
1961-12-26,0.023093796698119225,1.0,1.0
1961-12-27,0.03709945667397573,1.0,1.0
1961-12-28,0.026631873166508818,1.0,1.0
1961-12-29,0.026104240389692127,1.0,1.0
1962-01-02,0.09132968782570437,1.0,1.0
1962-01-03,0.043742880721393936,1.0,1.0
1962-01-04,0.12604487608499726,1.0,1.0
1962-01-05,0.6845536598798977,0.0,1.0
1962-01-08,0.6531546560078455,0.0,1.0
1962-01-09,0.3158667894174008,0.0,1.0
1962-01-10,0.16354144039456864,1.0,1.0
1962-01-11,0.09022672288388013,1.0,1.0
1962-01-12,0.04443242428673862,1.0,1.0
1962-01-15,0.0363543346733498,1.0,1.0
1962-01-16,0.053796067452852654,1.0,1.0
1962-01-17,0.22555446275627106,1.0,1.0
1962-01-18,0.09461346299677613,1.0,1.0
1962-01-19,0.05516545365197982,1.0,1.0
1962-01-22,0.03350831550879369,1.0,1.0
1962-01-23,0.07283513738746804,1.0,1.0
1962-01-24,0.03755720458953878,1.0,1.0
1962-01-25,0.029752850658496203,1.0,1.0
1962-01-26,0.03189586427885608,1.0,1.0
1962-01-29,0.03477852917217382,1.0,1.0
1962-01-30,0.025905274542435436,1.0,1.0
1962-01-31,0.05378538684661772,1.0,1.0
1962-02-01,0.0383464249215287,1.0,1.0
1962-02-02,0.044107691058922247,1.0,1.0
1962-02-05,0.0279583392113771,1.0,1.0
1962-02-06,0.022735509158766196,1.0,1.0
1962-02-07,0.031713387308616524,1.0,1.0
1962-02-08,0.023892048213616242,1.0,1.0
1962-02-09,0.0240040356691003,1.0,1.0
1962-02-12,0.02298625692281286,1.0,1.0
1962-02-13,0.021874346894022435,1.0,1.0
1962-02-14,0.022400375652903596,1.0,1.0
1962-02-15,0.022828436457828033,1.0,1.0
1962-02-16,0.027025907624959374,1.0,1.0
1962-02-19,0.02911816984700785,1.0,1.0
1962-02-20,0.02387694201398222,1.0,1.0
1962-02-21,0.04175065761548906,1.0,1.0
1962-02-23,0.03405827240816258,1.0,1.0
1962-02-26,0.04901544063966312,1.0,1.0
1962-02-27,0.029626454408601652,1.0,1.0
1962-02-28,0.02322464967492963,1.0,1.0
1962-03-01,0.021805939266333646,1.0,1.0
1962-03-02,0.02270140472489683,1.0,1.0
1962-03-05,0.026333322309004596,1.0,1.0
1962-03-06,0.03267524422873917,1.0,1.0
1962-03-07,0.027669461059869872,1.0,1.0
1962-03-08,0.035782392146671824,1.0,1.0
1962-03-09,0.025705451371784923,1.0,1.0
1962-03-12,0.02328104900925527,1.0,1.0
1962-03-13,0.02150206799898477,1.0,1.0
1962-03-14,0.02205086234815001,1.0,1.0
1962-03-15,0.02076630982639118,1.0,1.0
1962-03-16,0.022686595343963223,1.0,1.0
1962-03-19,0.025733171623960712,1.0,1.0
1962-03-20,0.029323690457688147,1.0,1.0
1962-03-21,0.029350945085097762,1.0,1.0
1962-03-22,0.026934781667987448,1.0,1.0
1962-03-23,0.022665829773406657,1.0,1.0
1962-03-26,0.07730403276242677,1.0,1.0
1962-03-27,0.05323121106580996,1.0,1.0
1962-03-28,0.035849211652060856,1.0,1.0
1962-03-29,0.028119673029492795,1.0,1.0
1962-03-30,0.06461224439895286,1.0,1.0
1962-04-02,0.04949567047028541,1.0,1.0
1962-04-03,0.1289755634378866,1.0,1.0
1962-04-04,0.11857050909782685,1.0,1.0
1962-04-05,0.07007180447950567,1.0,1.0
1962-04-06,0.04071765758867504,1.0,1.0
1962-04-09,0.10546021012494464,1.0,1.0
1962-04-10,0.0502251491654318,1.0,1.0
1962-04-11,0.03710554320086496,1.0,1.0
1962-04-12,0.2276751337079977,1.0,1.0
1962-04-13,0.0944534272849827,1.0,1.0
1962-04-16,0.07079403142728986,1.0,1.0
1962-04-17,0.04344004211757396,1.0,1.0
1962-04-18,0.03379081859048891,1.0,1.0
1962-04-19,0.02796181093206829,1.0,1.0
1962-04-23,0.02592573445184067,1.0,1.0
1962-04-24,0.025174661863270022,1.0,1.0
1962-04-25,0.24775784782513238,1.0,1.0
1962-04-26,0.4589105480253553,0.0,1.0
1962-04-27,0.7495717167037295,0.0,1.0
1962-04-30,0.9927334647762323,0.0,1.0
1962-05-01,0.7358318174885276,0.0,1.0
1962-05-02,0.39738759855184025,0.0,1.0
1962-05-03,0.2768461141323102,1.0,1.0
1962-05-04,0.20126566885659997,1.0,1.0
1962-05-07,0.11847569892810894,1.0,1.0
1962-05-08,0.517186360970238,0.0,1.0
1962-05-09,0.9061795061907697,0.0,1.0
1962-05-10,0.9293119938775057,0.0,1.0
1962-05-11,0.9872112469119502,0.0,1.0
1962-05-14,0.7119563253024619,0.0,1.0
1962-05-15,0.9634870756911734,0.0,1.0
1962-05-16,0.5911550970906929,0.0,1.0
1962-05-17,0.5065767148750223,0.0,1.0
1962-05-18,0.24805917943529826,1.0,1.0
1962-05-21,0.15815233431708078,1.0,1.0
1962-05-22,0.9913103009156745,0.0,1.0
1962-05-23,0.9995725392291063,0.0,1.0
1962-05-24,0.8945566128731236,0.0,1.0
1962-05-25,0.998687549235715,0.0,1.0
1962-05-28,1.0,0.0,1.0
1962-05-29,1.0,0.0,1.0
1962-05-31,0.9999851056905312,0.0,1.0
1962-06-01,0.6977486810601086,0.0,1.0
1962-06-04,0.99999999963377,0.0,1.0
1962-06-05,0.6408495574908053,0.0,1.0
1962-06-06,0.8267342341522225,0.0,1.0
1962-06-07,0.45032692561694493,0.0,1.0
1962-06-08,0.1991646984970737,1.0,1.0
1962-06-11,0.513249347952215,0.0,1.0
1962-06-12,0.9999766360020278,0.0,1.0
1962-06-13,0.9946839566782518,0.0,1.0
1962-06-14,0.9997737795885457,0.0,1.0
1962-06-15,0.9999969992396472,0.0,1.0
1962-06-18,0.729291123442156,0.0,1.0
1962-06-19,0.4377864097452904,0.0,1.0
1962-06-20,0.9165839516341262,0.0,1.0
1962-06-21,0.9998943631328671,0.0,1.0
1962-06-22,0.9972910115909654,0.0,1.0
1962-06-25,0.7018564012349533,0.0,1.0
1962-06-26,0.4547588647657365,0.0,1.0
1962-06-27,0.2282991350425945,1.0,1.0
1962-06-28,0.999998944234854,0.0,1.0
1962-06-29,0.6742372953251058,0.0,1.0
1962-07-02,0.9920655564065539,0.0,1.0
1962-07-03,0.8627776684491957,0.0,1.0
1962-07-05,0.5399292454019246,0.0,1.0
1962-07-06,0.8069623648422551,0.0,1.0
1962-07-09,0.520604892542206,0.0,1.0
1962-07-10,0.6112629525417306,0.0,1.0
1962-07-11,0.5188521343880953,0.0,1.0
1962-07-12,0.2618560000426058,1.0,1.0
1962-07-13,0.14888886331866677,1.0,1.0
1962-07-16,0.06659045643577058,1.0,1.0
1962-07-17,0.9373156198686452,0.0,1.0
1962-07-18,0.918960066929485,0.0,1.0
1962-07-19,0.5404765311310287,0.0,1.0
1962-07-20,0.23016926664930243,0.0,1.0
1962-07-23,0.08119055233489338,1.0,1.0
1962-07-24,0.10927039493773141,1.0,1.0
1962-07-25,0.03712569614627634,1.0,1.0
1962-07-26,0.01741010647621034,1.0,1.0
1962-07-27,0.01668077935393372,1.0,1.0
1962-07-30,0.0310861431897559,1.0,1.0
1962-07-31,0.019592601174686818,1.0,1.0
1962-08-01,0.030066403940710265,1.0,1.0
1962-08-02,0.014046824134540859,1.0,1.0
1962-08-03,0.008597241412500865,1.0,1.0
1962-08-06,0.016163773029704138,1.0,1.0
1962-08-07,0.020137622893088084,1.0,1.0
1962-08-08,0.010934679493875861,1.0,1.0
1962-08-09,0.008352816776691308,1.0,1.0
1962-08-10,0.006923432370004629,1.0,1.0
1962-08-13,0.006578871174429682,1.0,1.0
1962-08-14,0.0190785581053721,1.0,1.0
1962-08-15,0.01631989346225021,1.0,1.0
1962-08-16,0.009254550570235422,1.0,1.0
1962-08-17,0.010089646337876476,1.0,1.0
1962-08-20,0.010418229322376718,1.0,1.0
1962-08-21,0.010611861339407162,1.0,1.0
1962-08-22,0.03665884380956959,1.0,1.0
1962-08-23,0.016354557710382335,1.0,1.0
1962-08-24,0.010094729395651616,1.0,1.0
1962-08-27,0.007749639838207333,1.0,1.0
1962-08-28,0.061458241739448874,1.0,1.0
1962-08-29,0.025477165299809305,1.0,1.0
1962-08-30,0.012078943835609002,1.0,1.0
1962-08-31,0.015748174766337893,1.0,1.0
1962-09-04,0.05117080918098146,1.0,1.0
1962-09-05,0.05233862217126275,1.0,1.0
1962-09-06,0.02127752129592663,1.0,1.0
1962-09-07,0.010770132461854844,1.0,1.0
1962-09-10,0.007626349660582076,1.0,1.0
1962-09-11,0.006859848034323189,1.0,1.0
1962-09-12,0.007432895712621168,1.0,1.0
1962-09-13,0.00820260123131537,1.0,1.0
1962-09-14,0.0071790155860617525,1.0,1.0
1962-09-17,0.006757374904486184,1.0,1.0
1962-09-18,0.006846788718631812,1.0,1.0
1962-09-19,0.007525988438013617,1.0,1.0
1962-09-20,0.017343402587603973,1.0,1.0
1962-09-21,0.2657274252721046,0.0,1.0
1962-09-24,0.9703430653468491,0.0,0.0
1962-09-25,0.6526252280171294,0.0,0.0
1962-09-26,0.9307608594610929,0.0,0.0
1962-09-27,0.7422789492042519,0.0,0.0
1962-09-28,0.46054357548763675,0.0,0.0
1962-10-01,0.8007338990981748,0.0,0.0
1962-10-02,0.7008688353576897,0.0,0.0
1962-10-03,0.3235110962101158,0.0,0.0
1962-10-04,0.20100876225290726,1.0,0.0
1962-10-05,0.09254745674903558,1.0,0.0
1962-10-08,0.03226857320305212,1.0,1.0
1962-10-09,0.014306898747153053,1.0,1.0
1962-10-10,0.00882455716639328,1.0,1.0
1962-10-11,0.009209490777774047,1.0,1.0
1962-10-12,0.008215752873342454,1.0,1.0
1962-10-15,0.008089814058144955,1.0,1.0
1962-10-16,0.00917360343851409,1.0,1.0
1962-10-17,0.011843338609670007,1.0,1.0
1962-10-18,0.0411798677121761,1.0,1.0
1962-10-19,0.29506641948725437,0.0,1.0
1962-10-22,0.5797538195497367,0.0,1.0
1962-10-23,0.9999732093513278,0.0,0.0
1962-10-24,0.999988277435894,0.0,0.0
1962-10-25,0.8491353409661523,0.0,0.0
1962-10-26,0.5188984587310013,0.0,0.0
1962-10-29,0.9930240150681766,0.0,0.0
1962-10-30,0.9624835053100291,0.0,0.0
1962-10-31,0.5869773388927356,0.0,0.0
1962-11-01,0.5091422180984578,0.0,0.0
1962-11-02,0.4851409220763694,0.0,0.0
1962-11-05,0.43786579777612245,0.0,0.0
1962-11-07,0.24029102486868686,0.0,0.0
1962-11-08,0.15969962908497307,1.0,0.0
1962-11-09,0.14158995970216698,1.0,0.0
1962-11-12,0.3361471894966942,0.0,0.0
1962-11-13,0.13582040458417988,1.0,0.0
1962-11-14,0.20701473867115353,0.0,0.0
1962-11-15,0.08616677403721217,1.0,0.0
1962-11-16,0.03098195181787731,1.0,1.0
1962-11-19,0.022007862810088166,1.0,1.0
1962-11-20,0.031729104559740366,1.0,1.0
1962-11-21,0.021473051747270423,1.0,1.0
1962-11-23,0.04948102317444812,1.0,1.0
1962-11-26,0.023770614885922876,1.0,1.0
1962-11-27,0.01849337660472567,1.0,1.0
1962-11-28,0.016910144318080408,1.0,1.0
1962-11-29,0.010756633152900406,1.0,1.0
1962-11-30,0.009054637518854386,1.0,1.0
1962-12-03,0.010689058786454831,1.0,1.0
1962-12-04,0.02841966312247321,1.0,1.0
1962-12-05,0.014272909423213239,1.0,1.0
1962-12-06,0.008602711323492288,1.0,1.0
1962-12-07,0.00703710976840387,1.0,1.0
1962-12-10,0.11851775906923008,1.0,1.0
1962-12-11,0.040200468355217386,1.0,1.0
1962-12-12,0.018783717284529197,1.0,1.0
1962-12-13,0.01393777414673693,1.0,1.0
1962-12-14,0.008546659254914478,1.0,1.0
1962-12-17,0.010316863356907137,1.0,1.0
1962-12-18,0.012811794528999021,1.0,1.0
1962-12-19,0.014675307450628753,1.0,1.0
1962-12-20,0.009125091711124893,1.0,1.0
1962-12-21,0.008597891730046964,1.0,1.0
1962-12-24,0.00739152292745907,1.0,1.0
1962-12-26,0.009357485128339978,1.0,1.0
1962-12-27,0.008190316078722587,1.0,1.0
1962-12-28,0.0069273264506979765,1.0,1.0
1962-12-31,0.0066160229615939955,1.0,1.0
1963-01-02,0.012349095194680137,1.0,1.0
1963-01-03,0.20806055402909307,0.0,1.0
1963-01-04,0.10559279411898581,1.0,1.0
1963-01-07,0.03592250117143459,1.0,1.0
1963-01-08,0.03498526446004003,1.0,1.0
1963-01-09,0.016327778189387875,1.0,1.0
1963-01-10,0.009207481265491034,1.0,1.0
1963-01-11,0.007312221020008181,1.0,1.0
1963-01-14,0.008833115752805962,1.0,1.0
1963-01-15,0.007602105743711079,1.0,1.0
1963-01-16,0.017814051304812163,1.0,1.0
1963-01-17,0.014505907654694722,1.0,1.0
1963-01-18,0.008787160381276285,1.0,1.0
1963-01-21,0.0070205226631328945,1.0,1.0
1963-01-22,0.006678709783382237,1.0,1.0
1963-01-23,0.0065109207994788415,1.0,1.0
1963-01-24,0.006373232722375265,1.0,1.0
1963-01-25,0.006465418309399484,1.0,1.0
1963-01-28,0.00708505764265512,1.0,1.0
1963-01-29,0.006639849188965919,1.0,1.0
1963-01-30,0.012849674215243453,1.0,1.0
1963-01-31,0.009435799702727309,1.0,1.0
1963-02-01,0.007225831714326297,1.0,1.0
1963-02-04,0.007695988362730893,1.0,1.0
1963-02-05,0.007099364023226934,1.0,1.0
1963-02-06,0.007843611073828312,1.0,1.0
1963-02-07,0.008723922833191802,1.0,1.0
1963-02-08,0.00707379938880236,1.0,1.0
1963-02-11,0.011662365889362635,1.0,1.0
1963-02-12,0.007922638330457964,1.0,1.0
1963-02-13,0.008041989214604278,1.0,1.0
1963-02-14,0.0071037373435025915,1.0,1.0
1963-02-15,0.0065335914818873,1.0,1.0
1963-02-18,0.0063745642950305825,1.0,1.0
1963-02-19,0.009847035558957412,1.0,1.0
1963-02-20,0.013312456270584699,1.0,1.0
1963-02-21,0.008309465071507033,1.0,1.0
1963-02-25,0.014991551928917355,1.0,1.0
1963-02-26,0.00880585965976542,1.0,1.0
1963-02-27,0.017078726768934755,1.0,1.0
1963-02-28,0.09375136086315718,1.0,1.0
1963-03-01,0.04439300401390329,1.0,1.0
1963-03-04,0.04207291299669553,1.0,1.0
1963-03-05,0.01730431753214946,1.0,1.0
1963-03-06,0.009477229255871902,1.0,1.0
1963-03-07,0.009745671284211246,1.0,1.0
1963-03-08,0.007285317143976143,1.0,1.0
1963-03-11,0.006649897552543519,1.0,1.0
1963-03-12,0.006523228554203582,1.0,1.0
1963-03-13,0.006687047376417402,1.0,1.0
1963-03-14,0.010493749851471796,1.0,1.0
1963-03-15,0.008299488719235007,1.0,1.0
1963-03-18,0.010872417447839601,1.0,1.0
1963-03-19,0.009187771325043947,1.0,1.0
1963-03-20,0.011742058291419779,1.0,1.0
1963-03-21,0.00866485980908407,1.0,1.0
1963-03-22,0.008056420668568674,1.0,1.0
1963-03-25,0.006900253030576112,1.0,1.0
1963-03-26,0.006643592956190121,1.0,1.0
1963-03-27,0.0071415612898370505,1.0,1.0
1963-03-28,0.007217708028807054,1.0,1.0
1963-03-29,0.006724901804671952,1.0,1.0
1963-04-01,0.006956962668412937,1.0,1.0
1963-04-02,0.006733569698666763,1.0,1.0
1963-04-03,0.010594723837452464,1.0,1.0
1963-04-04,0.010757677106315266,1.0,1.0
1963-04-05,0.009850880389772467,1.0,1.0
1963-04-08,0.007770336114172142,1.0,1.0
1963-04-09,0.007164569388734886,1.0,1.0
1963-04-10,0.008177512861074699,1.0,1.0
1963-04-11,0.010382621826166208,1.0,1.0
1963-04-15,0.008201912921251756,1.0,1.0
1963-04-16,0.006868061906413826,1.0,1.0
1963-04-17,0.007810280799143403,1.0,1.0
1963-04-18,0.006756101272377086,1.0,1.0
1963-04-19,0.007647671976490381,1.0,1.0
1963-04-22,0.006747075265310654,1.0,1.0
1963-04-23,0.006963790783541969,1.0,1.0
1963-04-24,0.006662144388087853,1.0,1.0
1963-04-25,0.006450149296677177,1.0,1.0
1963-04-26,0.006685627231550532,1.0,1.0
1963-04-29,0.006878688635133967,1.0,1.0
1963-04-30,0.006518119222415383,1.0,1.0
1963-05-01,0.00650754107503631,1.0,1.0
1963-05-02,0.006504465466469797,1.0,1.0
1963-05-03,0.007317089770636088,1.0,1.0
1963-05-06,0.015696962938877613,1.0,1.0
1963-05-07,0.00937081061010132,1.0,1.0
1963-05-08,0.013427784470634823,1.0,1.0
1963-05-09,0.00954010156101355,1.0,1.0
1963-05-10,0.007589540755152054,1.0,1.0
1963-05-13,0.0067653752629217075,1.0,1.0
1963-05-14,0.008226732510999481,1.0,1.0
1963-05-15,0.007004798587418906,1.0,1.0
1963-05-16,0.00785722626162106,1.0,1.0
1963-05-17,0.006769519538206215,1.0,1.0
1963-05-20,0.009708870902922865,1.0,1.0
1963-05-21,0.007366635469129075,1.0,1.0
1963-05-22,0.0066826587051702305,1.0,1.0
1963-05-23,0.006834686843568804,1.0,1.0
1963-05-24,0.007017958750329789,1.0,1.0
1963-05-27,0.007074625227145041,1.0,1.0
1963-05-28,0.006550187790015083,1.0,1.0
1963-05-29,0.007295202562683276,1.0,1.0
1963-05-31,0.008568900474476842,1.0,1.0
1963-06-03,0.007407015682451296,1.0,1.0
1963-06-04,0.00680675521324447,1.0,1.0
1963-06-05,0.00796015781607295,1.0,1.0
1963-06-06,0.006916341667533593,1.0,1.0
1963-06-07,0.007520866454768116,1.0,1.0
1963-06-10,0.013349738839885631,1.0,1.0
1963-06-11,0.008333810626953961,1.0,1.0
1963-06-12,0.008352850140196953,1.0,1.0
1963-06-13,0.00859939937132725,1.0,1.0
1963-06-14,0.006992642023822381,1.0,1.0
1963-06-17,0.009654506035211083,1.0,1.0
1963-06-18,0.00725929193460022,1.0,1.0
1963-06-19,0.006608968445384395,1.0,1.0
1963-06-20,0.006900571340239395,1.0,1.0
1963-06-21,0.006799765317015104,1.0,1.0
1963-06-24,0.006913504066250166,1.0,1.0
1963-06-25,0.007910112750284267,1.0,1.0
1963-06-26,0.03366690832605203,1.0,1.0
1963-06-27,0.02479396118320121,1.0,1.0
1963-06-28,0.012953996106767491,1.0,1.0
1963-07-01,0.020866840703710227,1.0,1.0
1963-07-02,0.019926101742980713,1.0,1.0
1963-07-03,0.014785500886894825,1.0,1.0
1963-07-05,0.009735007730781247,1.0,1.0
1963-07-08,0.01693961073160735,1.0,1.0
1963-07-09,0.010890891520356884,1.0,1.0
1963-07-10,0.008754072462208592,1.0,1.0
1963-07-11,0.007912950917523764,1.0,1.0
1963-07-12,0.0074043977133527615,1.0,1.0
1963-07-15,0.01507161171502403,1.0,1.0
1963-07-16,0.009333208092886753,1.0,1.0
1963-07-17,0.009763144532824527,1.0,1.0
1963-07-18,0.014053790828101688,1.0,1.0
1963-07-19,0.010286135221849041,1.0,1.0
1963-07-22,0.024048723984597634,1.0,1.0
1963-07-23,0.01221321504094289,1.0,1.0
1963-07-24,0.010153300666737855,1.0,1.0
1963-07-25,0.008330421456101217,1.0,1.0
1963-07-26,0.00805461630381284,1.0,1.0
1963-07-29,0.007388023834827548,1.0,1.0
1963-07-30,0.0156739007670985,1.0,1.0
1963-07-31,0.01057351568369662,1.0,1.0
1963-08-01,0.008651743570695751,1.0,1.0
1963-08-02,0.007868128507227954,1.0,1.0
1963-08-05,0.009908242923601785,1.0,1.0
1963-08-06,0.011147685548006173,1.0,1.0
1963-08-07,0.00964300248126933,1.0,1.0
1963-08-08,0.007837274011125935,1.0,1.0
1963-08-09,0.0103222039790013,1.0,1.0
1963-08-12,0.0081867656105448,1.0,1.0
1963-08-13,0.007658539695416544,1.0,1.0
1963-08-14,0.007574954292699524,1.0,1.0
1963-08-15,0.008345844559481869,1.0,1.0
1963-08-16,0.007473207718148112,1.0,1.0
1963-08-19,0.0075770024985209105,1.0,1.0
1963-08-20,0.007607848633615763,1.0,1.0
1963-08-21,0.007913728458179455,1.0,1.0
1963-08-22,0.00810293527741642,1.0,1.0
1963-08-23,0.007931774828257628,1.0,1.0
1963-08-26,0.007381441081459093,1.0,1.0
1963-08-27,0.011786257650718926,1.0,1.0
1963-08-28,0.015895992986502693,1.0,1.0
1963-08-29,0.009658357585624857,1.0,1.0
1963-08-30,0.0091110706375369,1.0,1.0
1963-09-03,0.007810165990525658,1.0,1.0
1963-09-04,0.007530170227651254,1.0,1.0
1963-09-05,0.008668348217341379,1.0,1.0
1963-09-06,0.009630962013343753,1.0,1.0
1963-09-09,0.01127286492979017,1.0,1.0
1963-09-10,0.01051561692618893,1.0,1.0
1963-09-11,0.008242810467011145,1.0,1.0
1963-09-12,0.007997349669432809,1.0,1.0
1963-09-13,0.007499757161733367,1.0,1.0
1963-09-16,0.008204326331712745,1.0,1.0
1963-09-17,0.007535750784770519,1.0,1.0
1963-09-18,0.01165518641762156,1.0,1.0
1963-09-19,0.01065315259642002,1.0,1.0
1963-09-20,0.008217714540528949,1.0,1.0
1963-09-23,0.013582369635532054,1.0,1.0
1963-09-24,0.009665411064158138,1.0,1.0
1963-09-25,0.016861307170098924,1.0,1.0
1963-09-26,0.038560654495568704,1.0,1.0
1963-09-27,0.018681564245954827,1.0,1.0
1963-09-30,0.023318728535480216,1.0,1.0
1963-10-01,0.017831552161455683,1.0,1.0
1963-10-02,0.010182747198165157,1.0,1.0
1963-10-03,0.012346505266766459,1.0,1.0
1963-10-04,0.008820541663684626,1.0,1.0
1963-10-07,0.009247620940306433,1.0,1.0
1963-10-08,0.00861833994116748,1.0,1.0
1963-10-09,0.01733506855804314,1.0,1.0
1963-10-10,0.010063272052077908,1.0,1.0
1963-10-11,0.007954759362168384,1.0,1.0
1963-10-14,0.007424066668892591,1.0,1.0
1963-10-15,0.007226344020126842,1.0,1.0
1963-10-16,0.0174279395070117,1.0,1.0
1963-10-17,0.010058102387917156,1.0,1.0
1963-10-18,0.007970113707247962,1.0,1.0
1963-10-21,0.007447255962584695,1.0,1.0
1963-10-22,0.014271073080494292,1.0,1.0
1963-10-23,0.009286534860823648,1.0,1.0
1963-10-24,0.008347181868560838,1.0,1.0
1963-10-25,0.016620313892983407,1.0,1.0
1963-10-28,0.011105768443825052,1.0,1.0
1963-10-29,0.008612957120491496,1.0,1.0
1963-10-30,0.027213487992445207,1.0,1.0
1963-10-31,0.01300992988419997,1.0,1.0
1963-11-01,0.010163130302112662,1.0,1.0
1963-11-04,0.012849647413305278,1.0,1.0
1963-11-06,0.029791142617756616,1.0,1.0
1963-11-07,0.014505105962717405,1.0,1.0
1963-11-08,0.01197164505843446,1.0,1.0
1963-11-11,0.008566864106953558,1.0,1.0
1963-11-12,0.011004392455837753,1.0,1.0
1963-11-13,0.008297767924122883,1.0,1.0
1963-11-14,0.011605924261831334,1.0,1.0
1963-11-15,0.0271207092012309,1.0,1.0
1963-11-18,0.04004905880428679,1.0,1.0
1963-11-19,0.016637900056583464,1.0,1.0
1963-11-20,0.018124812315957996,1.0,1.0
1963-11-21,0.1636043591403627,1.0,1.0
1963-11-22,0.99998726337733,0.0,0.0
1963-11-26,0.999999999895487,0.0,0.0
1963-11-27,0.6699811526651127,0.0,0.0
1963-11-29,0.8113277754281447,0.0,0.0
1963-12-02,0.48395617314194894,0.0,0.0
1963-12-03,0.19903398770032615,1.0,0.0
1963-12-04,0.0695076472611666,1.0,1.0
1963-12-05,0.03414115659455232,1.0,1.0
1963-12-06,0.02018587581233599,1.0,1.0
1963-12-09,0.011739070641893463,1.0,1.0
1963-12-10,0.008473645087577792,1.0,1.0
1963-12-11,0.00837351866672055,1.0,1.0
1963-12-12,0.007764458823996291,1.0,1.0
1963-12-13,0.007314537280409201,1.0,1.0
1963-12-16,0.007343347093885466,1.0,1.0
1963-12-17,0.008348977971573818,1.0,1.0
1963-12-18,0.008633444023048116,1.0,1.0
1963-12-19,0.010553504249347596,1.0,1.0
1963-12-20,0.009539959850931597,1.0,1.0
1963-12-23,0.017534772790872448,1.0,1.0
1963-12-24,0.01025098019476294,1.0,1.0
1963-12-26,0.009591602585624045,1.0,1.0
1963-12-27,0.00783365409805001,1.0,1.0
1963-12-30,0.007330372019661763,1.0,1.0
1963-12-31,0.009573412563992335,1.0,1.0
1964-01-02,0.011014120307718594,1.0,1.0
1964-01-03,0.00824812551970585,1.0,1.0
1964-01-06,0.007586521053490199,1.0,1.0
1964-01-07,0.007288586193558329,1.0,1.0
1964-01-08,0.007589297797535712,1.0,1.0
1964-01-09,0.007554527367170214,1.0,1.0
1964-01-10,0.007601169090088789,1.0,1.0
1964-01-13,0.007911666517579406,1.0,1.0
1964-01-14,0.007356321651436274,1.0,1.0
1964-01-15,0.007328855170079463,1.0,1.0
1964-01-16,0.0077190441707117126,1.0,1.0
1964-01-17,0.0075035978762285,1.0,1.0
1964-01-20,0.008608628461298737,1.0,1.0
1964-01-21,0.007749044897192646,1.0,1.0
1964-01-22,0.008878241121475823,1.0,1.0
1964-01-23,0.007648906821437152,1.0,1.0
1964-01-24,0.0073931239722221384,1.0,1.0
1964-01-27,0.007756068464392619,1.0,1.0
1964-01-28,0.007497844529003904,1.0,1.0
1964-01-29,0.01572771224784493,1.0,1.0
1964-01-30,0.009588538768970992,1.0,1.0
1964-01-31,0.008685793375517826,1.0,1.0
1964-02-03,0.007755095004253405,1.0,1.0
1964-02-04,0.008094071857939323,1.0,1.0
1964-02-05,0.007907525593579181,1.0,1.0
1964-02-06,0.007529311378263076,1.0,1.0
1964-02-07,0.008003624052300996,1.0,1.0
1964-02-10,0.008168236569896495,1.0,1.0
1964-02-11,0.007961453413773297,1.0,1.0
1964-02-12,0.007758627231479406,1.0,1.0
1964-02-13,0.007345362227430573,1.0,1.0
1964-02-14,0.007480482511244769,1.0,1.0
1964-02-17,0.00734702035619818,1.0,1.0
1964-02-18,0.007357592337190224,1.0,1.0
1964-02-19,0.007216828446637181,1.0,1.0
1964-02-20,0.0071841712447875,1.0,1.0
1964-02-24,0.007175346046052288,1.0,1.0
1964-02-25,0.0072436539397370886,1.0,1.0
1964-02-26,0.0074751439335350315,1.0,1.0
1964-02-27,0.009347825723486062,1.0,1.0
1964-02-28,0.007850514660506593,1.0,1.0
1964-03-02,0.007462488550783426,1.0,1.0
1964-03-03,0.007466519195806805,1.0,1.0
1964-03-04,0.008530876800314984,1.0,1.0
1964-03-05,0.007712211928693565,1.0,1.0
1964-03-06,0.0077795872166762335,1.0,1.0
1964-03-09,0.007476757933796394,1.0,1.0
1964-03-10,0.007540615468434054,1.0,1.0
1964-03-11,0.008208673059335906,1.0,1.0
1964-03-12,0.007486595179285271,1.0,1.0
1964-03-13,0.007263227117265214,1.0,1.0
1964-03-16,0.00728756272524405,1.0,1.0
1964-03-17,0.007250818894196811,1.0,1.0
1964-03-18,0.007193357079060109,1.0,1.0
1964-03-19,0.00769819485674511,1.0,1.0
1964-03-20,0.011600444497336711,1.0,1.0
1964-03-23,0.008531834418132824,1.0,1.0
1964-03-24,0.008696925464211205,1.0,1.0
1964-03-25,0.007747454634541511,1.0,1.0
1964-03-26,0.007545839797884653,1.0,1.0
1964-03-30,0.007853809190130224,1.0,1.0
1964-03-31,0.008567983787071028,1.0,1.0
1964-04-01,0.008131554431274694,1.0,1.0
1964-04-02,0.010188066346517071,1.0,1.0
1964-04-03,0.008104604227627248,1.0,1.0
1964-04-06,0.0074501132637985355,1.0,1.0
1964-04-07,0.0101321924403184,1.0,1.0
1964-04-08,0.008125867369471226,1.0,1.0
1964-04-09,0.00760013440989279,1.0,1.0
1964-04-10,0.007335863885396473,1.0,1.0
1964-04-13,0.007689185014764219,1.0,1.0
1964-04-14,0.007360098342737601,1.0,1.0
1964-04-15,0.007219059682825944,1.0,1.0
1964-04-16,0.007199212847295194,1.0,1.0
1964-04-17,0.007968778994637,1.0,1.0
1964-04-20,0.007822753593063338,1.0,1.0
1964-04-21,0.007546401558255574,1.0,1.0
1964-04-22,0.007614075510201338,1.0,1.0
1964-04-23,0.008332616299072762,1.0,1.0
1964-04-24,0.026695497219399577,1.0,1.0
1964-04-27,0.024746974833383503,1.0,1.0
1964-04-28,0.01850373876725407,1.0,1.0
1964-04-29,0.015703366117331245,1.0,1.0
1964-04-30,0.011647467484211768,1.0,1.0
1964-05-01,0.016534047045303944,1.0,1.0
1964-05-04,0.011498287717821406,1.0,1.0
1964-05-05,0.009981884400272614,1.0,1.0
1964-05-06,0.008168661193973118,1.0,1.0
1964-05-07,0.00743758649086772,1.0,1.0
1964-05-08,0.00835591982934512,1.0,1.0
1964-05-11,0.007763596937601648,1.0,1.0
1964-05-12,0.007794351085677852,1.0,1.0
1964-05-13,0.009119579836815411,1.0,1.0
1964-05-14,0.008435657434613802,1.0,1.0
1964-05-15,0.007517533149486019,1.0,1.0
1964-05-18,0.010012722696100502,1.0,1.0
1964-05-19,0.013032982324768894,1.0,1.0
1964-05-20,0.010068924781005576,1.0,1.0
1964-05-21,0.007983910345214552,1.0,1.0
1964-05-22,0.007446329612645693,1.0,1.0
1964-05-25,0.007939958262165335,1.0,1.0
1964-05-26,0.008433213904183402,1.0,1.0
1964-05-27,0.008434468910922855,1.0,1.0
1964-05-28,0.007525077176499644,1.0,1.0
1964-06-01,0.010310673255797535,1.0,1.0
1964-06-02,0.015307202231976192,1.0,1.0
1964-06-03,0.011787125343800173,1.0,1.0
1964-06-04,0.06525862080988877,1.0,1.0
1964-06-05,0.02708218536439644,1.0,1.0
1964-06-08,0.02138590462608135,1.0,1.0
1964-06-09,0.014911744675874519,1.0,1.0
1964-06-10,0.010208209731834873,1.0,1.0
1964-06-11,0.008397548442078467,1.0,1.0
1964-06-12,0.009112012641467333,1.0,1.0
1964-06-15,0.00920893042819157,1.0,1.0
1964-06-16,0.009783604177647735,1.0,1.0
1964-06-17,0.009980423901462776,1.0,1.0
1964-06-18,0.00811375477902939,1.0,1.0
1964-06-19,0.00742668048696298,1.0,1.0
1964-06-22,0.007425309879363048,1.0,1.0
1964-06-23,0.010755098644714052,1.0,1.0
1964-06-24,0.008831349844901266,1.0,1.0
1964-06-25,0.007688858045978532,1.0,1.0
1964-06-26,0.007529527340318363,1.0,1.0
1964-06-29,0.007302089568764993,1.0,1.0
1964-06-30,0.007298197397952695,1.0,1.0
1964-07-01,0.010642919321240785,1.0,1.0
1964-07-02,0.00907767447686791,1.0,1.0
1964-07-06,0.008755404791094004,1.0,1.0
1964-07-07,0.0075985661702699814,1.0,1.0
1964-07-08,0.007401907823259483,1.0,1.0
1964-07-09,0.007229520809196974,1.0,1.0
1964-07-10,0.00723503002427779,1.0,1.0
1964-07-13,0.0076127788828713825,1.0,1.0
1964-07-14,0.009516722584786915,1.0,1.0
1964-07-15,0.00852983339139635,1.0,1.0
1964-07-16,0.007965963196773639,1.0,1.0
1964-07-17,0.008657578936660802,1.0,1.0
1964-07-20,0.01015054320683516,1.0,1.0
1964-07-21,0.00929137360470375,1.0,1.0
1964-07-22,0.009579700571399334,1.0,1.0
1964-07-23,0.009286965930773992,1.0,1.0
1964-07-24,0.009206466253869486,1.0,1.0
1964-07-27,0.01597496346282074,1.0,1.0
1964-07-28,0.013194825283973673,1.0,1.0
1964-07-29,0.009881820520902689,1.0,1.0
1964-07-30,0.009004045996638975,1.0,1.0
1964-07-31,0.008818249100774823,1.0,1.0
1964-08-03,0.010841972782063407,1.0,1.0
1964-08-04,0.10931176713209532,1.0,1.0
1964-08-05,0.036857725386773656,1.0,1.0
1964-08-06,0.07702081149772211,1.0,1.0
1964-08-07,0.03686283474546144,1.0,1.0
1964-08-10,0.016546872117884016,1.0,1.0
1964-08-11,0.01110448328006137,1.0,1.0
1964-08-12,0.011671528622610275,1.0,1.0
1964-08-13,0.009841974204976855,1.0,1.0
1964-08-14,0.00977433667514441,1.0,1.0
1964-08-17,0.009252184531625652,1.0,1.0
1964-08-18,0.008902009613474733,1.0,1.0
1964-08-19,0.009436605758859882,1.0,1.0
1964-08-20,0.014916838627111722,1.0,1.0
1964-08-21,0.01035720751550279,1.0,1.0
1964-08-24,0.010850017560140835,1.0,1.0
1964-08-25,0.017431675219808693,1.0,1.0
1964-08-26,0.012814444763367952,1.0,1.0
1964-08-27,0.01195465835976654,1.0,1.0
1964-08-28,0.010143659504247785,1.0,1.0
1964-08-31,0.010782987521535775,1.0,1.0
1964-09-01,0.011051056395625402,1.0,1.0
1964-09-02,0.009393531550599262,1.0,1.0
1964-09-03,0.00909385702007642,1.0,1.0
1964-09-04,0.008893729778128415,1.0,1.0
1964-09-08,0.00874346263066364,1.0,1.0
1964-09-09,0.008758799177907263,1.0,1.0
1964-09-10,0.008738392387555392,1.0,1.0
1964-09-11,0.009299698705162234,1.0,1.0
1964-09-14,0.010999751840773564,1.0,1.0
1964-09-15,0.011423421273481095,1.0,1.0
1964-09-16,0.009727206625342282,1.0,1.0
1964-09-17,0.012660552765104355,1.0,1.0
1964-09-18,0.01384116436096496,1.0,1.0
1964-09-21,0.011335464359379504,1.0,1.0
1964-09-22,0.009504415845066085,1.0,1.0
1964-09-23,0.009103587349492449,1.0,1.0
1964-09-24,0.008808656048653427,1.0,1.0
1964-09-25,0.008795392760644125,1.0,1.0
1964-09-28,0.008762836489964053,1.0,1.0
1964-09-29,0.009017983629187518,1.0,1.0
1964-09-30,0.009132520299424088,1.0,1.0
1964-10-01,0.009880901696106836,1.0,1.0
1964-10-02,0.009190820581768091,1.0,1.0
1964-10-05,0.01003744291273822,1.0,1.0
1964-10-06,0.009214247939149198,1.0,1.0
1964-10-07,0.009186473263141386,1.0,1.0
1964-10-08,0.009003453347921101,1.0,1.0
1964-10-09,0.008827919942093906,1.0,1.0
1964-10-12,0.00878909509450907,1.0,1.0
1964-10-13,0.010963141346569658,1.0,1.0
1964-10-14,0.010712024294001104,1.0,1.0
1964-10-15,0.027600436912372014,1.0,1.0
1964-10-16,0.02322144421120467,1.0,1.0
1964-10-19,0.012557667938771763,1.0,1.0
1964-10-20,0.009952137210305679,1.0,1.0
1964-10-21,0.009547245500511305,1.0,1.0
1964-10-22,0.010184248998059182,1.0,1.0
1964-10-23,0.009162147603484175,1.0,1.0
1964-10-26,0.010163451811939452,1.0,1.0
1964-10-27,0.009497141703424547,1.0,1.0
1964-10-28,0.012848923509870642,1.0,1.0
1964-10-29,0.009884308038124014,1.0,1.0
1964-10-30,0.009045325237727882,1.0,1.0
1964-11-02,0.01018439269659697,1.0,1.0
1964-11-04,0.00950293475327178,1.0,1.0
1964-11-05,0.009139158652455322,1.0,1.0
1964-11-06,0.00886400605916769,1.0,1.0
1964-11-09,0.009188847239078986,1.0,1.0
1964-11-10,0.014040369516900523,1.0,1.0
1964-11-11,0.010398119683712041,1.0,1.0
1964-11-12,0.009181860323075995,1.0,1.0
1964-11-13,0.008829364712853848,1.0,1.0
1964-11-16,0.010118323612942825,1.0,1.0
1964-11-17,0.010727132532092436,1.0,1.0
1964-11-18,0.009419334853245141,1.0,1.0
1964-11-19,0.009155459648242086,1.0,1.0
1964-11-20,0.00883153979108195,1.0,1.0
1964-11-23,0.010977213843339854,1.0,1.0
1964-11-24,0.01183409364900604,1.0,1.0
1964-11-25,0.011435696650425705,1.0,1.0
1964-11-27,0.012633490356599506,1.0,1.0
1964-11-30,0.04588337607328522,1.0,1.0
1964-12-01,0.13130655982170056,1.0,1.0
1964-12-02,0.04498317185264662,1.0,1.0
1964-12-03,0.020622493383232663,1.0,1.0
1964-12-04,0.011914623651341534,1.0,1.0
1964-12-07,0.009836109865398037,1.0,1.0
1964-12-08,0.013390819672421622,1.0,1.0
1964-12-09,0.027479565104067506,1.0,1.0
1964-12-10,0.014257212835338174,1.0,1.0
1964-12-11,0.01030621072745471,1.0,1.0
1964-12-14,0.011608510915785677,1.0,1.0
1964-12-15,0.013652048494869793,1.0,1.0
1964-12-16,0.011380342252148163,1.0,1.0
1964-12-17,0.010260158585701487,1.0,1.0
1964-12-18,0.011005110368458162,1.0,1.0
1964-12-21,0.009350311348511603,1.0,1.0
1964-12-22,0.0094373067757657,1.0,1.0
1964-12-23,0.010561372345812876,1.0,1.0
1964-12-24,0.009389369334189166,1.0,1.0
1964-12-28,0.009716904562552258,1.0,1.0
1964-12-29,0.01219343651596434,1.0,1.0
1964-12-30,0.013189486448434526,1.0,1.0
1964-12-31,0.012215968196391043,1.0,1.0
1965-01-04,0.016442708265881577,1.0,1.0
1965-01-05,0.013282700970565543,1.0,1.0
1965-01-06,0.01065599464874894,1.0,1.0
1965-01-07,0.010384340807277785,1.0,1.0
1965-01-08,0.009164020459497421,1.0,1.0
1965-01-11,0.008878541223303392,1.0,1.0
1965-01-12,0.009074857189246312,1.0,1.0
1965-01-13,0.00912870270053171,1.0,1.0
1965-01-14,0.009037654782455103,1.0,1.0
1965-01-15,0.009991444851956778,1.0,1.0
1965-01-18,0.009380252736244663,1.0,1.0
1965-01-19,0.00888680918033135,1.0,1.0
1965-01-20,0.009096466764131035,1.0,1.0
1965-01-21,0.008052828852410734,1.0,1.0
1965-01-22,0.007734593711968639,1.0,1.0
1965-01-25,0.00749581852410159,1.0,1.0
1965-01-26,0.00742172074128695,1.0,1.0
1965-01-27,0.007695881394951454,1.0,1.0
1965-01-28,0.007699148196548712,1.0,1.0
1965-01-29,0.007470505798175226,1.0,1.0
1965-02-01,0.007514371571106725,1.0,1.0
1965-02-02,0.007485587073304522,1.0,1.0
1965-02-03,0.0074155880695610825,1.0,1.0
1965-02-04,0.007579207028207248,1.0,1.0
1965-02-05,0.009331722650845203,1.0,1.0
1965-02-08,0.01089046523847933,1.0,1.0
1965-02-09,0.008818785251152667,1.0,1.0
1965-02-10,0.034663218490763335,1.0,1.0
1965-02-11,0.10339139683789204,1.0,1.0
1965-02-12,0.054640468822518766,1.0,1.0
1965-02-15,0.02151122169204452,1.0,1.0
1965-02-16,0.016141499257893172,1.0,1.0
1965-02-17,0.009766163756740115,1.0,1.0
1965-02-18,0.008496540027508973,1.0,1.0
1965-02-19,0.0077591056798400684,1.0,1.0
1965-02-23,0.009205413128661783,1.0,1.0
1965-02-24,0.011949152933844099,1.0,1.0
1965-02-25,0.008661207518816808,1.0,1.0
1965-02-26,0.007934047146100333,1.0,1.0
1965-03-01,0.008434342239536456,1.0,1.0
1965-03-02,0.007708675585323605,1.0,1.0
1965-03-03,0.007847720918925752,1.0,1.0
1965-03-04,0.00991687957189837,1.0,1.0
1965-03-05,0.00946797044067906,1.0,1.0
1965-03-08,0.008039016525199881,1.0,1.0
1965-03-09,0.008618024603666143,1.0,1.0
1965-03-10,0.008371752892924838,1.0,1.0
1965-03-11,0.0085163493361866,1.0,1.0
1965-03-12,0.008090860442633721,1.0,1.0
1965-03-15,0.007625707917408595,1.0,1.0
1965-03-16,0.00820471039952901,1.0,1.0
1965-03-17,0.008590860729674943,1.0,1.0
1965-03-18,0.009793805410947385,1.0,1.0
1965-03-19,0.008272953306336935,1.0,1.0
1965-03-22,0.00784942165735574,1.0,1.0
1965-03-23,0.007596286698781747,1.0,1.0
1965-03-24,0.007480995657759585,1.0,1.0
1965-03-25,0.009786362414330035,1.0,1.0
1965-03-26,0.02403968524396113,1.0,1.0
1965-03-29,0.014768875102456185,1.0,1.0
1965-03-30,0.009455447017934535,1.0,1.0
1965-03-31,0.008113209987635867,1.0,1.0
1965-04-01,0.007598360436339523,1.0,1.0
1965-04-02,0.007639222422287267,1.0,1.0
1965-04-05,0.007611709164363983,1.0,1.0
1965-04-06,0.007777452644313559,1.0,1.0
1965-04-07,0.007540455063184914,1.0,1.0
1965-04-08,0.009590984303175561,1.0,1.0
1965-04-09,0.010878012745107975,1.0,1.0
1965-04-12,0.009803466909992451,1.0,1.0
1965-04-13,0.00803937148787663,1.0,1.0
1965-04-14,0.007588607965863675,1.0,1.0
1965-04-15,0.007859187711495243,1.0,1.0
1965-04-19,0.008294137669187275,1.0,1.0
1965-04-20,0.00792902123420294,1.0,1.0
1965-04-21,0.009229453718297245,1.0,1.0
1965-04-22,0.009376094744518181,1.0,1.0
1965-04-23,0.007924045684122423,1.0,1.0
1965-04-26,0.007720004489198284,1.0,1.0
1965-04-27,0.007502000943341449,1.0,1.0
1965-04-28,0.007789105842175885,1.0,1.0
1965-04-29,0.007965090837691697,1.0,1.0
1965-04-30,0.007542374475855058,1.0,1.0
1965-05-03,0.007450535748039949,1.0,1.0
1965-05-04,0.007666076902583877,1.0,1.0
1965-05-05,0.007627764300922876,1.0,1.0
1965-05-06,0.007617184016886743,1.0,1.0
1965-05-07,0.007915745620565124,1.0,1.0
1965-05-10,0.008290950840148756,1.0,1.0
1965-05-11,0.008217269182745584,1.0,1.0
1965-05-12,0.008400896176881814,1.0,1.0
1965-05-13,0.008156427431765074,1.0,1.0
1965-05-14,0.008654155293386112,1.0,1.0
1965-05-17,0.015779762330743765,1.0,1.0
1965-05-18,0.010268825850516448,1.0,1.0
1965-05-19,0.008243408375071358,1.0,1.0
1965-05-20,0.015227467490333376,1.0,1.0
1965-05-21,0.016204005167517136,1.0,1.0
1965-05-24,0.03245803320509809,1.0,1.0
1965-05-25,0.018856936072680467,1.0,1.0
1965-05-26,0.013499235748030575,1.0,1.0
1965-05-27,0.020132461209871295,1.0,1.0
1965-05-28,0.015918953720819473,1.0,1.0
1965-06-01,0.02892926980510534,1.0,1.0
1965-06-02,0.04881482696560176,1.0,1.0
1965-06-03,0.023294318259926814,1.0,1.0
1965-06-04,0.011863843254729313,1.0,1.0
1965-06-07,0.012185150747424862,1.0,1.0
1965-06-08,0.08308032404851487,1.0,1.0
1965-06-09,0.21414039536656923,1.0,1.0
1965-06-10,0.1114959042630791,1.0,1.0
1965-06-11,0.04278256962202799,1.0,1.0
1965-06-14,0.3918371632635316,0.0,1.0
1965-06-15,0.16524268449600113,1.0,1.0
1965-06-16,0.13053092076339878,1.0,1.0
1965-06-17,0.060495236347106955,1.0,1.0
1965-06-18,0.03676351463308737,1.0,1.0
1965-06-21,0.023234571432461864,1.0,1.0
1965-06-22,0.011765110172923244,1.0,1.0
1965-06-23,0.021465916836070714,1.0,1.0
1965-06-24,0.28538108146747165,0.0,1.0
1965-06-25,0.21717796977154896,1.0,1.0
1965-06-28,0.9823868900498117,0.0,0.0
1965-06-29,0.7528703816681606,0.0,0.0
1965-06-30,0.998453335775455,0.0,0.0
1965-07-01,0.6546171921923364,0.0,0.0
1965-07-02,0.45983777504209944,0.0,0.0
1965-07-06,0.19376390361504053,1.0,0.0
1965-07-07,0.08811361758914403,1.0,1.0
1965-07-08,0.061933944052455434,1.0,1.0
1965-07-09,0.0255243600804427,1.0,1.0
1965-07-12,0.012643213596636524,1.0,1.0
1965-07-13,0.009779020364016448,1.0,1.0
1965-07-14,0.008450187767797608,1.0,1.0
1965-07-15,0.008322553729268864,1.0,1.0
1965-07-16,0.007978041511567908,1.0,1.0
1965-07-19,0.008126227490950022,1.0,1.0
1965-07-20,0.13886338863464187,1.0,1.0
1965-07-21,0.09159704714701078,1.0,1.0
1965-07-22,0.0349293216572935,1.0,1.0
1965-07-23,0.014970577097701965,1.0,1.0
1965-07-26,0.009273083677888984,1.0,1.0
1965-07-27,0.008501444077228216,1.0,1.0
1965-07-28,0.0071635101330756795,1.0,1.0
1965-07-29,0.012477494821048112,1.0,1.0
1965-07-30,0.013560615612871137,1.0,1.0
1965-08-02,0.008649947350415502,1.0,1.0
1965-08-03,0.007183875671814169,1.0,1.0
1965-08-04,0.007791837874654117,1.0,1.0
1965-08-05,0.0070539301721175745,1.0,1.0
1965-08-06,0.0073618803427166,1.0,1.0
1965-08-09,0.007606778136355953,1.0,1.0
1965-08-10,0.006961715862866973,1.0,1.0
1965-08-11,0.007228103482936044,1.0,1.0
1965-08-12,0.0071262698250668804,1.0,1.0
1965-08-13,0.00792848611477574,1.0,1.0
1965-08-16,0.006983719141751013,1.0,1.0
1965-08-17,0.006740245886379831,1.0,1.0
1965-08-18,0.0067571270761805115,1.0,1.0
1965-08-19,0.008203459601779442,1.0,1.0
1965-08-20,0.007524305543772115,1.0,1.0
1965-08-23,0.0075941600111508745,1.0,1.0
1965-08-24,0.006934118622619121,1.0,1.0
1965-08-25,0.006712180359663936,1.0,1.0
1965-08-26,0.007374125433521588,1.0,1.0
1965-08-27,0.006828997959603837,1.0,1.0
1965-08-30,0.006743450132119631,1.0,1.0
1965-08-31,0.006966128025410214,1.0,1.0
1965-09-01,0.00676585146508778,1.0,1.0
1965-09-02,0.008912448655474322,1.0,1.0
1965-09-03,0.008787596290750507,1.0,1.0
1965-09-07,0.007721970920251289,1.0,1.0
1965-09-08,0.007230681616633473,1.0,1.0
1965-09-09,0.0069574048455746705,1.0,1.0
1965-09-10,0.006853250561988144,1.0,1.0
1965-09-13,0.006878542764655289,1.0,1.0
1965-09-14,0.01091209928092008,1.0,1.0
1965-09-15,0.009569235931590826,1.0,1.0
1965-09-16,0.009689538264826018,1.0,1.0
1965-09-17,0.007567530844183994,1.0,1.0
1965-09-20,0.0069506973766942405,1.0,1.0
1965-09-21,0.008576780794468997,1.0,1.0
1965-09-22,0.008773482738941121,1.0,1.0
1965-09-23,0.010986771542943545,1.0,1.0
1965-09-24,0.007998503915590234,1.0,1.0
1965-09-27,0.009926149700247836,1.0,1.0
1965-09-28,0.009288122742823491,1.0,1.0
1965-09-29,0.012918927645147281,1.0,1.0
1965-09-30,0.008869728488847423,1.0,1.0
1965-10-01,0.007627839123052733,1.0,1.0
1965-10-04,0.0070705194149864765,1.0,1.0
1965-10-05,0.00928359070364672,1.0,1.0
1965-10-06,0.00784464001803106,1.0,1.0
1965-10-07,0.007286440129118523,1.0,1.0
1965-10-08,0.008432398922291116,1.0,1.0
1965-10-11,0.00994740952072582,1.0,1.0
1965-10-12,0.007899192731890969,1.0,1.0
1965-10-13,0.00710803174145003,1.0,1.0
1965-10-14,0.007593051911835032,1.0,1.0
1965-10-15,0.007008921762562786,1.0,1.0
1965-10-18,0.006987784241653224,1.0,1.0
1965-10-19,0.006722202020091951,1.0,1.0
1965-10-20,0.006826976691301898,1.0,1.0
1965-10-21,0.006688387234669485,1.0,1.0
1965-10-22,0.0069501218331940355,1.0,1.0
1965-10-25,0.01038966300336048,1.0,1.0
1965-10-26,0.009734574245475767,1.0,1.0
1965-10-27,0.008239709402652633,1.0,1.0
1965-10-28,0.009527003108541907,1.0,1.0
1965-10-29,0.007678252149789193,1.0,1.0
1965-11-01,0.007469282025950488,1.0,1.0
1965-11-03,0.006858841042151605,1.0,1.0
1965-11-04,0.00674332112658301,1.0,1.0
1965-11-05,0.0066542870558914625,1.0,1.0
1965-11-08,0.009329781377509993,1.0,1.0
1965-11-09,0.009083735281018383,1.0,1.0
1965-11-10,0.007837002299237391,1.0,1.0
1965-11-11,0.007226804282251001,1.0,1.0
1965-11-12,0.008411894156892712,1.0,1.0
1965-11-15,0.00711821772910963,1.0,1.0
1965-11-16,0.007410553297981526,1.0,1.0
1965-11-17,0.006850821429391798,1.0,1.0
1965-11-18,0.009549300082696163,1.0,1.0
1965-11-19,0.007527962148622762,1.0,1.0
1965-11-22,0.013606987681479272,1.0,1.0
1965-11-23,0.008606089597361722,1.0,1.0
1965-11-24,0.007233321225584297,1.0,1.0
1965-11-26,0.0070186403795692125,1.0,1.0
1965-11-29,0.007565156489783463,1.0,1.0
1965-11-30,0.007735744155755314,1.0,1.0
1965-12-01,0.007180438790113138,1.0,1.0
1965-12-02,0.008348143825256785,1.0,1.0
1965-12-03,0.007126106280307102,1.0,1.0
1965-12-06,0.025713473940483598,1.0,1.0
1965-12-07,0.03751748000340651,1.0,1.0
1965-12-08,0.01625528600155546,1.0,1.0
1965-12-09,0.009772336376793105,1.0,1.0
1965-12-10,0.007826424028794144,1.0,1.0
1965-12-13,0.006958189458335142,1.0,1.0
1965-12-14,0.006749811557811235,1.0,1.0
1965-12-15,0.006697998081989562,1.0,1.0
1965-12-16,0.006660646278067362,1.0,1.0
1965-12-17,0.0066962317603694345,1.0,1.0
1965-12-20,0.01315235642290519,1.0,1.0
1965-12-21,0.009149620193823071,1.0,1.0
1965-12-22,0.007344499028707812,1.0,1.0
1965-12-23,0.007735399832001325,1.0,1.0
1965-12-27,0.018519795059803154,1.0,1.0
1965-12-28,0.010412288387137321,1.0,1.0
1965-12-29,0.00805655918863867,1.0,1.0
1965-12-30,0.007725807798218224,1.0,1.0
1965-12-31,0.0071601242098285785,1.0,1.0
1966-01-03,0.008154096881231159,1.0,1.0
1966-01-04,0.0070493761624651,1.0,1.0
1966-01-05,0.009411811049869228,1.0,1.0
1966-01-06,0.007443198138323494,1.0,1.0
1966-01-07,0.006851586723402801,1.0,1.0
1966-01-10,0.006758371444159993,1.0,1.0
1966-01-11,0.006707710322548642,1.0,1.0
1966-01-12,0.00746814879921403,1.0,1.0
1966-01-13,0.006973602587946655,1.0,1.0
1966-01-14,0.006729189214533826,1.0,1.0
1966-01-17,0.007158605281646212,1.0,1.0
1966-01-18,0.006812287976316766,1.0,1.0
1966-01-19,0.008637657618044888,1.0,1.0
1966-01-20,0.009014216218087522,1.0,1.0
1966-01-21,0.007013688359269313,1.0,1.0
1966-01-24,0.006677606829485915,1.0,1.0
1966-01-25,0.006394922648676233,1.0,1.0
1966-01-26,0.00687389667673171,1.0,1.0
1966-01-27,0.006629716296002737,1.0,1.0
1966-01-28,0.008823879743482425,1.0,1.0
1966-01-31,0.011849488722368564,1.0,1.0
1966-02-01,0.0323024937253586,1.0,1.0
1966-02-02,0.015592970897589948,1.0,1.0
1966-02-03,0.008865595569722384,1.0,1.0
1966-02-04,0.010186517275703643,1.0,1.0
1966-02-07,0.007986497325448054,1.0,1.0
1966-02-08,0.006951059743829953,1.0,1.0
1966-02-09,0.009116494975394383,1.0,1.0
1966-02-10,0.008049083036393031,1.0,1.0
1966-02-11,0.0068538754090640055,1.0,1.0
1966-02-14,0.006960244516039312,1.0,1.0
1966-02-15,0.010566264184741271,1.0,1.0
1966-02-16,0.007522845822676901,1.0,1.0
1966-02-17,0.012656716013050814,1.0,1.0
1966-02-18,0.009672253417643835,1.0,1.0
1966-02-21,0.015383632130753925,1.0,1.0
1966-02-23,0.014167561958392187,1.0,1.0
1966-02-24,0.016550378803684724,1.0,1.0
1966-02-25,0.009790311755436558,1.0,1.0
1966-02-28,0.007243130278436202,1.0,1.0
1966-03-01,0.15607006863565553,1.0,1.0
1966-03-02,0.3349827799888591,0.0,1.0
1966-03-03,0.13387454115686775,1.0,1.0
1966-03-04,0.057309661543217476,1.0,1.0
1966-03-07,0.3760180458818182,0.0,1.0
1966-03-08,0.13872876973181028,1.0,1.0
1966-03-09,0.11862755526223043,1.0,1.0
1966-03-10,0.04074203158649625,1.0,1.0
1966-03-11,0.01707297401293122,1.0,1.0
1966-03-14,0.1058954230991142,1.0,1.0
1966-03-15,0.1130263871478007,1.0,1.0
1966-03-16,0.05094331842469413,1.0,1.0
1966-03-17,0.020270291882847957,1.0,1.0
1966-03-18,0.012728648196557297,1.0,1.0
1966-03-21,0.018526334891349264,1.0,1.0
1966-03-22,0.010077983685814192,1.0,1.0
1966-03-23,0.01001300821749465,1.0,1.0
1966-03-24,0.007333331180619019,1.0,1.0
1966-03-25,0.007065309570591297,1.0,1.0
1966-03-28,0.006479256939219691,1.0,1.0
1966-03-29,0.00998255438717272,1.0,1.0
1966-03-30,0.03526652434719819,1.0,1.0
1966-03-31,0.019843198535838415,1.0,1.0
1966-04-01,0.02017979991448434,1.0,1.0
1966-04-04,0.028381452661729246,1.0,1.0
1966-04-05,0.017932246014523524,1.0,1.0
1966-04-06,0.009806477418925381,1.0,1.0
1966-04-07,0.007655332663334148,1.0,1.0
1966-04-11,0.006622789173033956,1.0,1.0
1966-04-12,0.008332567339102448,1.0,1.0
1966-04-13,0.006816244866014798,1.0,1.0
1966-04-14,0.006770403652552685,1.0,1.0
1966-04-15,0.006375879500990937,1.0,1.0
1966-04-18,0.010299541020725994,1.0,1.0
1966-04-19,0.007469584866037509,1.0,1.0
1966-04-20,0.008553783146371676,1.0,1.0
1966-04-21,0.007489221209561062,1.0,1.0
1966-04-22,0.007759703474543206,1.0,1.0
1966-04-25,0.007689868655949487,1.0,1.0
1966-04-26,0.007213821451794281,1.0,1.0
1966-04-27,0.008548961814683328,1.0,1.0
1966-04-28,0.01873314345587119,1.0,1.0
1966-04-29,0.009877232734894542,1.0,1.0
1966-05-02,0.007878426102333181,1.0,1.0
1966-05-03,0.07853015654758709,1.0,1.0
1966-05-04,0.05583707156942619,1.0,1.0
1966-05-05,0.8762132561453312,0.0,1.0
1966-05-06,0.5643488034421533,0.0,1.0
1966-05-09,0.9783206466936099,0.0,0.0
1966-05-10,0.8157575915978394,0.0,0.0
1966-05-11,0.4364402851411796,0.0,0.0
1966-05-12,0.8302619623472364,0.0,0.0
1966-05-13,0.8518571944003853,0.0,0.0
1966-05-16,0.986636675092784,0.0,0.0
1966-05-17,0.9149335265212761,0.0,0.0
1966-05-18,0.9955543202871051,0.0,0.0
1966-05-19,0.6795816132703761,0.0,0.0
1966-05-20,0.3723531556835729,0.0,0.0
1966-05-23,0.3040764933691312,0.0,0.0
1966-05-24,0.18519438815205078,1.0,0.0
1966-05-25,0.06985004129001891,1.0,1.0
1966-05-26,0.024855254836897052,1.0,1.0
1966-05-27,0.012154918299688242,1.0,1.0
1966-05-31,0.22225862676768962,1.0,1.0
1966-06-01,0.07664070256099392,1.0,1.0
1966-06-02,0.02804458740218785,1.0,1.0
1966-06-03,0.01237964365696457,1.0,1.0
1966-06-06,0.026813605987021195,1.0,1.0
1966-06-07,0.03606635952917992,1.0,1.0
1966-06-08,0.014715341465269078,1.0,1.0
1966-06-09,0.0159123683101955,1.0,1.0
1966-06-10,0.04338098671962714,1.0,1.0
1966-06-13,0.02100096010903887,1.0,1.0
1966-06-14,0.01121982765818389,1.0,1.0
1966-06-15,0.011472722307137084,1.0,1.0
1966-06-16,0.009378494304783618,1.0,1.0
1966-06-17,0.007232091463740813,1.0,1.0
1966-06-20,0.006803250584702718,1.0,1.0
1966-06-21,0.007011428801293965,1.0,1.0
1966-06-22,0.00648867866085498,1.0,1.0
1966-06-23,0.009814278092160792,1.0,1.0
1966-06-24,0.007356198429539563,1.0,1.0
1966-06-27,0.01613023240388658,1.0,1.0
1966-06-28,0.016239006402374266,1.0,1.0
1966-06-29,0.06944596239398848,1.0,1.0
1966-06-30,0.028265016875717214,1.0,1.0
1966-07-01,0.04424184652187943,1.0,1.0
1966-07-05,0.017073470089066126,1.0,1.0
1966-07-06,0.12403596020005286,1.0,1.0
1966-07-07,0.04539498440138473,1.0,1.0
1966-07-08,0.017452094626542954,1.0,1.0
1966-07-11,0.010531684057284661,1.0,1.0
1966-07-12,0.013970420497311719,1.0,1.0
1966-07-13,0.020644350994637267,1.0,1.0
1966-07-14,0.014127410033874641,1.0,1.0
1966-07-15,0.008885145897037802,1.0,1.0
1966-07-18,0.00769695454946519,1.0,1.0
1966-07-19,0.022460170612156938,1.0,1.0
1966-07-20,0.05677427505727195,1.0,1.0
1966-07-21,0.022958187483308145,1.0,1.0
1966-07-22,0.012475869836957988,1.0,1.0
1966-07-25,0.8939237881644645,0.0,1.0
1966-07-26,0.576565583645207,0.0,1.0
1966-07-27,0.2942758399969072,0.0,1.0
1966-07-28,0.1445059793313459,1.0,1.0
1966-07-29,0.05749821680613585,1.0,1.0
1966-08-01,0.668115531040889,0.0,1.0
1966-08-02,0.31317982219882834,0.0,1.0
1966-08-03,0.3169908835392986,0.0,1.0
1966-08-04,0.2738033249423328,0.0,1.0
1966-08-05,0.09698281391551578,1.0,1.0
1966-08-08,0.0388386231796353,1.0,1.0
1966-08-09,0.018719455754188007,1.0,1.0
1966-08-10,0.016270011344016774,1.0,1.0
1966-08-11,0.01006153275135774,1.0,1.0
1966-08-12,0.007988949584685849,1.0,1.0
1966-08-15,0.012999307944878375,1.0,1.0
1966-08-16,0.1692446374356583,1.0,1.0
1966-08-17,0.11889429846294501,1.0,1.0
1966-08-18,0.499572036138806,0.0,1.0
1966-08-19,0.4705420744477942,0.0,1.0
1966-08-22,0.9909675826523304,0.0,0.0
1966-08-23,0.6755157927583603,0.0,0.0
1966-08-24,0.7381876283753869,0.0,0.0
1966-08-25,0.9251196991333447,0.0,0.0
1966-08-26,0.9999030767759127,0.0,0.0
1966-08-29,0.9999963045767655,0.0,0.0
1966-08-30,0.9884352734956168,0.0,0.0
1966-08-31,0.9881006963203324,0.0,0.0
1966-09-01,0.7553245988680535,0.0,0.0
1966-09-02,0.4593714595432499,0.0,0.0
1966-09-06,0.2988372169147744,0.0,0.0
1966-09-07,0.4005094498303723,0.0,0.0
1966-09-08,0.20757529863615043,1.0,0.0
1966-09-09,0.07632692081853552,1.0,1.0
1966-09-12,0.9617563232150651,0.0,0.0
1966-09-13,0.6955558464731874,0.0,0.0
1966-09-14,0.5855253178271944,0.0,0.0
1966-09-15,0.5688243513109562,0.0,0.0
1966-09-16,0.25065389305005964,0.0,0.0
1966-09-19,0.14342910748284052,1.0,0.0
1966-09-20,0.12648705552387035,1.0,0.0
1966-09-21,0.9065705692447119,0.0,0.0
1966-09-22,0.543778500461575,0.0,0.0
1966-09-23,0.28080568760537383,0.0,0.0
1966-09-26,0.10161495848219737,1.0,0.0
1966-09-27,0.03723775014768093,1.0,1.0
1966-09-28,0.20009470482556188,1.0,1.0
1966-09-29,0.42498263690221744,0.0,1.0
1966-09-30,0.17176148767181784,1.0,1.0
1966-10-03,0.9970876642565832,0.0,0.0
1966-10-04,0.6645692095115476,0.0,0.0
1966-10-05,0.494772590639927,0.0,0.0
1966-10-06,0.6657409948124278,0.0,0.0
1966-10-07,0.9090369939231909,0.0,0.0
1966-10-10,0.9869573831408923,0.0,0.0
1966-10-11,0.7017944062554671,0.0,0.0
1966-10-12,0.9999490566182502,0.0,0.0
1966-10-13,0.6735364182413781,0.0,0.0
1966-10-14,0.37788645027201484,0.0,0.0
1966-10-17,0.4500246623410329,0.0,0.0
1966-10-18,0.90529169006593,0.0,0.0
1966-10-19,0.79767775233374,0.0,0.0
1966-10-20,0.49276091297404556,0.0,0.0
1966-10-21,0.21048949403720416,1.0,0.0
1966-10-24,0.07442706693655039,1.0,1.0
1966-10-25,0.034998640644614804,1.0,1.0
1966-10-26,0.03679690435208977,1.0,1.0
1966-10-27,0.033935266120713486,1.0,1.0
1966-10-28,0.014866999092869123,1.0,1.0
1966-10-31,0.00953902369977574,1.0,1.0
1966-11-01,0.018494211471019165,1.0,1.0
1966-11-02,0.010259508839750249,1.0,1.0
1966-11-03,0.0106422373787657,1.0,1.0
1966-11-04,0.009112058909588038,1.0,1.0
1966-11-07,0.007866917834502685,1.0,1.0
1966-11-09,0.01655454810858122,1.0,1.0
1966-11-10,0.015161446206653018,1.0,1.0
1966-11-11,0.009289799183928901,1.0,1.0
1966-11-14,0.01481377705307522,1.0,1.0
1966-11-15,0.010680152715917117,1.0,1.0
1966-11-16,0.02022693186447799,1.0,1.0
1966-11-17,0.028073970339198916,1.0,1.0
1966-11-18,0.030099377447996036,1.0,1.0
1966-11-21,0.34086193014919314,0.0,1.0
1966-11-22,0.20841371834724198,1.0,1.0
1966-11-23,0.13334783982784829,1.0,1.0
1966-11-25,0.09426226179834624,1.0,1.0
1966-11-28,0.03434622386205507,1.0,1.0
1966-11-29,0.019250862752118757,1.0,1.0
1966-11-30,0.010482816664536383,1.0,1.0
1966-12-01,0.011930685051884013,1.0,1.0
1966-12-02,0.008442855947683731,1.0,1.0
1966-12-05,0.007377915928696951,1.0,1.0
1966-12-06,0.012096124914191991,1.0,1.0
1966-12-07,0.0317254672370499,1.0,1.0
1966-12-08,0.015789731304423377,1.0,1.0
1966-12-09,0.009669275451877155,1.0,1.0
1966-12-12,0.0267568925223947,1.0,1.0
1966-12-13,0.016173088278171776,1.0,1.0
1966-12-14,0.009800208347705243,1.0,1.0
1966-12-15,0.06491796132621552,1.0,1.0
1966-12-16,0.02434760719094503,1.0,1.0
1966-12-19,0.014905712219566759,1.0,1.0
1966-12-20,0.013829809822196212,1.0,1.0
1966-12-21,0.011777877664102534,1.0,1.0
1966-12-22,0.009396875118361422,1.0,1.0
1966-12-23,0.00941967711685224,1.0,1.0
1966-12-27,0.015201586280250926,1.0,1.0
1966-12-28,0.016371886241112184,1.0,1.0
1966-12-29,0.014460968392066625,1.0,1.0
1966-12-30,0.009627562904855256,1.0,1.0
1967-01-03,0.007709346386640647,1.0,1.0
1967-01-04,0.007197558429899653,1.0,1.0
1967-01-05,0.06952397489189585,1.0,1.0
1967-01-06,0.04643095531737066,1.0,1.0
1967-01-09,0.04382187546381161,1.0,1.0
1967-01-10,0.01802076799609413,1.0,1.0
1967-01-11,0.02428909396161704,1.0,1.0
1967-01-12,0.01620662740909691,1.0,1.0
1967-01-13,0.016409149285170174,1.0,1.0
1967-01-16,0.011157482547550904,1.0,1.0
1967-01-17,0.04445225721645826,1.0,1.0
1967-01-18,0.023568304261016467,1.0,1.0
1967-01-19,0.01181047844612685,1.0,1.0
1967-01-20,0.008191958021214031,1.0,1.0
1967-01-23,0.00708876989846805,1.0,1.0
1967-01-24,0.0062770487128332286,1.0,1.0
1967-01-25,0.016245948625763982,1.0,1.0
1967-01-26,0.009204320714869355,1.0,1.0
1967-01-27,0.008588780591780022,1.0,1.0
1967-01-30,0.00927937613854966,1.0,1.0
1967-01-31,0.007266837891438399,1.0,1.0
1967-02-01,0.006926657311964628,1.0,1.0
1967-02-02,0.006703849156820374,1.0,1.0
1967-02-03,0.010893418979984162,1.0,1.0
1967-02-06,0.008201599224415901,1.0,1.0
1967-02-07,0.007445143812264496,1.0,1.0
1967-02-08,0.016429052494497085,1.0,1.0
1967-02-09,0.013528759326270786,1.0,1.0
1967-02-10,0.008554960582170718,1.0,1.0
1967-02-13,0.006663974754119025,1.0,1.0
1967-02-14,0.011305859097752231,1.0,1.0
1967-02-15,0.0075601360158683165,1.0,1.0
1967-02-16,0.010009189563356983,1.0,1.0
1967-02-17,0.007194248897068285,1.0,1.0
1967-02-20,0.01116038931503692,1.0,1.0
1967-02-21,0.007636938923948821,1.0,1.0
1967-02-23,0.006362333909309999,1.0,1.0
1967-02-24,0.005962639443907819,1.0,1.0
1967-02-27,0.05738270349095994,1.0,1.0
1967-02-28,0.025672962530449723,1.0,1.0
1967-03-01,0.04051180160145411,1.0,1.0
1967-03-02,0.022292819525303164,1.0,1.0
1967-03-03,0.011094145088509247,1.0,1.0
1967-03-06,0.008143832868952743,1.0,1.0
1967-03-07,0.006552421390761169,1.0,1.0
1967-03-08,0.006058046992466578,1.0,1.0
1967-03-09,0.0061918803813889615,1.0,1.0
1967-03-10,0.006607138775434763,1.0,1.0
1967-03-13,0.010425601493143364,1.0,1.0
1967-03-14,0.0077990296151699695,1.0,1.0
1967-03-15,0.017136799362040288,1.0,1.0
1967-03-16,0.025586263805232292,1.0,1.0
1967-03-17,0.012115717561976193,1.0,1.0
1967-03-20,0.007947224443562982,1.0,1.0
1967-03-21,0.008184742352555991,1.0,1.0
1967-03-22,0.006862740694927088,1.0,1.0
1967-03-23,0.01038007195165966,1.0,1.0
1967-03-27,0.007550737360867243,1.0,1.0
1967-03-28,0.006334892186337775,1.0,1.0
1967-03-29,0.006547276543135702,1.0,1.0
1967-03-30,0.006055808645104266,1.0,1.0
1967-03-31,0.010724130287428336,1.0,1.0
1967-04-03,0.07948939139058007,1.0,1.0
1967-04-04,0.030548512208941784,1.0,1.0
1967-04-05,0.02123072992513087,1.0,1.0
1967-04-06,0.010854235854159218,1.0,1.0
1967-04-07,0.017044867189185683,1.0,1.0
1967-04-10,0.14840740928664126,1.0,1.0
1967-04-11,0.09506544962120164,1.0,1.0
1967-04-12,0.03794900598504181,1.0,1.0
1967-04-13,0.025795251113532206,1.0,1.0
1967-04-14,0.0441333966832169,1.0,1.0
1967-04-17,0.02853131403160837,1.0,1.0
1967-04-18,0.03137381285454994,1.0,1.0
1967-04-19,0.013987067821672085,1.0,1.0
1967-04-20,0.008475672214357905,1.0,1.0
1967-04-21,0.006886273277729224,1.0,1.0
1967-04-24,0.0063961865655914885,1.0,1.0
1967-04-25,0.008196109706858573,1.0,1.0
1967-04-26,0.007038072708056039,1.0,1.0
1967-04-27,0.01365372585291668,1.0,1.0
1967-04-28,0.00829860670825039,1.0,1.0
1967-05-01,0.0068987760695684765,1.0,1.0
1967-05-02,0.006281095455137145,1.0,1.0
1967-05-03,0.006230241115236258,1.0,1.0
1967-05-04,0.006415898422165255,1.0,1.0
1967-05-05,0.005975938047559249,1.0,1.0
1967-05-08,0.005939163798928386,1.0,1.0
1967-05-09,0.04460807492666265,1.0,1.0
1967-05-10,0.019995944342020008,1.0,1.0
1967-05-11,0.013049445460012899,1.0,1.0
1967-05-12,0.009371596800289948,1.0,1.0
1967-05-15,0.021510547913517742,1.0,1.0
1967-05-16,0.013500372090589196,1.0,1.0
1967-05-17,0.010290434378056199,1.0,1.0
1967-05-18,0.008275052291666399,1.0,1.0
1967-05-19,0.010191719800620481,1.0,1.0
1967-05-22,0.009836539716602805,1.0,1.0
1967-05-23,0.011144389483194933,1.0,1.0
1967-05-24,0.10484097093465464,1.0,1.0
1967-05-25,0.12559268912880617,1.0,1.0
1967-05-26,0.04993366164071987,1.0,1.0
1967-05-29,0.034366421679048534,1.0,1.0
1967-05-31,0.6970526636618724,0.0,1.0
1967-06-01,0.7957791260608288,0.0,1.0
1967-06-02,0.5786375027818809,0.0,1.0
1967-06-05,0.9823795739590565,0.0,0.0
1967-06-06,0.9990615945469957,0.0,0.0
1967-06-07,0.8928207623945724,0.0,0.0
1967-06-08,0.6793317327931954,0.0,0.0
1967-06-09,0.3698132308639298,0.0,0.0
1967-06-12,0.21925530413295596,0.0,0.0
1967-06-13,0.11849921357841711,1.0,0.0
1967-06-14,0.049341659548541784,1.0,1.0
1967-06-15,0.02003262856492065,1.0,1.0
1967-06-16,0.010405526308405336,1.0,1.0
1967-06-19,0.007302876381845644,1.0,1.0
1967-06-20,0.006438853743104542,1.0,1.0
1967-06-21,0.007316496170228554,1.0,1.0
1967-06-22,0.007262104998472424,1.0,1.0
1967-06-23,0.006253430705181651,1.0,1.0
1967-06-26,0.008903739779243473,1.0,1.0
1967-06-27,0.009277321960558653,1.0,1.0
1967-06-28,0.006893079989639568,1.0,1.0
1967-06-29,0.010387211308488404,1.0,1.0
1967-06-30,0.00802332762511405,1.0,1.0
1967-07-03,0.007137568676264671,1.0,1.0
1967-07-05,0.008283594938547353,1.0,1.0
1967-07-06,0.006856411612964143,1.0,1.0
1967-07-07,0.007568574052705526,1.0,1.0
1967-07-10,0.007670783166738854,1.0,1.0
1967-07-11,0.007546250734389579,1.0,1.0
1967-07-12,0.006518135820596839,1.0,1.0
1967-07-13,0.006025348300248522,1.0,1.0
1967-07-14,0.0065482805403995325,1.0,1.0
1967-07-17,0.006027223636270284,1.0,1.0
1967-07-18,0.010311683960134738,1.0,1.0
1967-07-19,0.007210553735658765,1.0,1.0
1967-07-20,0.0062374210419798995,1.0,1.0
1967-07-21,0.006114967559165507,1.0,1.0
1967-07-24,0.008608055671886486,1.0,1.0
1967-07-25,0.006853135653497686,1.0,1.0
1967-07-26,0.007312918916520349,1.0,1.0
1967-07-27,0.006966471264730575,1.0,1.0
1967-07-28,0.006295271742766867,1.0,1.0
1967-07-31,0.0063492574873773525,1.0,1.0
1967-08-01,0.009336446350832682,1.0,1.0
1967-08-02,0.00767582929543278,1.0,1.0
1967-08-03,0.007382088245303838,1.0,1.0
1967-08-04,0.006642377337710498,1.0,1.0
1967-08-07,0.006882109552775923,1.0,1.0
1967-08-08,0.00622513641862607,1.0,1.0
1967-08-09,0.006013682172935353,1.0,1.0
1967-08-10,0.007460899658321752,1.0,1.0
1967-08-11,0.010932749872345425,1.0,1.0
1967-08-14,0.013574678499257252,1.0,1.0
1967-08-15,0.008371982767617888,1.0,1.0
1967-08-16,0.00820968266344164,1.0,1.0
1967-08-17,0.006655654840799724,1.0,1.0
1967-08-18,0.00619518319139693,1.0,1.0
1967-08-21,0.01084858437069851,1.0,1.0
1967-08-22,0.014660590000697284,1.0,1.0
1967-08-23,0.009328798646629194,1.0,1.0
1967-08-24,0.01316270387781222,1.0,1.0
1967-08-25,0.012847088121339431,1.0,1.0
1967-08-28,0.008209264497957336,1.0,1.0
1967-08-29,0.00688385246283759,1.0,1.0
1967-08-30,0.0065858613891395254,1.0,1.0
1967-08-31,0.009954292766441757,1.0,1.0
1967-09-01,0.007232705538757545,1.0,1.0
1967-09-05,0.00851390954467354,1.0,1.0
1967-09-06,0.006794124005001425,1.0,1.0
1967-09-07,0.006470824430087518,1.0,1.0
1967-09-08,0.006179231330447678,1.0,1.0
1967-09-11,0.006019686454636549,1.0,1.0
1967-09-12,0.0075825783413472165,1.0,1.0
1967-09-13,0.02170199050850821,1.0,1.0
1967-09-14,0.011027805055421017,1.0,1.0
1967-09-15,0.0075755020413334016,1.0,1.0
1967-09-18,0.006706762569757516,1.0,1.0
1967-09-19,0.009966732443015712,1.0,1.0
1967-09-20,0.0072451429881499625,1.0,1.0
1967-09-21,0.008893479917979966,1.0,1.0
1967-09-22,0.007223639818262783,1.0,1.0
1967-09-25,0.007972955967223335,1.0,1.0
1967-09-26,0.030288949775525778,1.0,1.0
1967-09-27,0.013855815164183093,1.0,1.0
1967-09-28,0.008470082334994147,1.0,1.0
1967-09-29,0.006850002323946657,1.0,1.0
1967-10-02,0.009381138167315364,1.0,1.0
1967-10-03,0.007579148864136515,1.0,1.0
1967-10-04,0.007044417484911121,1.0,1.0
1967-10-05,0.006370814770843552,1.0,1.0
1967-10-06,0.008630604805931212,1.0,1.0
1967-10-09,0.0068862704193151155,1.0,1.0
1967-10-10,0.019167201929951642,1.0,1.0
1967-10-11,0.01700725667830247,1.0,1.0
1967-10-12,0.021558178522981686,1.0,1.0
1967-10-13,0.011200482297892288,1.0,1.0
1967-10-16,0.02919038539411953,1.0,1.0
1967-10-17,0.015459914237324972,1.0,1.0
1967-10-18,0.009255428560466284,1.0,1.0
1967-10-19,0.006985318912788594,1.0,1.0
1967-10-20,0.006786296147711519,1.0,1.0
1967-10-23,0.01076620764434212,1.0,1.0
1967-10-24,0.01557051464173328,1.0,1.0
1967-10-25,0.009035290876872621,1.0,1.0
1967-10-26,0.00821946459831929,1.0,1.0
1967-10-27,0.0067466539242791775,1.0,1.0
1967-10-30,0.006919406278020353,1.0,1.0
1967-10-31,0.0306264636937291,1.0,1.0
1967-11-01,0.1991715078493465,1.0,1.0
1967-11-02,0.12718413123491906,1.0,1.0
1967-11-03,0.0803725597855595,1.0,1.0
1967-11-06,0.04034899131072801,1.0,1.0
1967-11-08,0.02494001970502273,1.0,1.0
1967-11-09,0.01417807796689085,1.0,1.0
1967-11-10,0.01237472648647373,1.0,1.0
1967-11-13,0.010539326698542576,1.0,1.0
1967-11-14,0.022716263605615003,1.0,1.0
1967-11-15,0.01319331494134138,1.0,1.0
1967-11-16,0.025485467236240924,1.0,1.0
1967-11-17,0.013500477513038815,1.0,1.0
1967-11-20,0.24516913289267878,0.0,1.0
1967-11-21,0.8777683224058374,0.0,0.0
1967-11-22,0.6995312817879886,0.0,0.0
1967-11-24,0.38716980513736277,0.0,0.0
1967-11-27,0.17739785457920004,1.0,0.0
1967-11-28,0.08589080452666187,1.0,0.0
1967-11-29,0.03283069062681207,1.0,1.0
1967-11-30,0.023969339745063902,1.0,1.0
1967-12-01,0.0159721911896808,1.0,1.0
1967-12-04,0.014322183345312338,1.0,1.0
1967-12-05,0.008613424979456602,1.0,1.0
1967-12-06,0.007542039558658626,1.0,1.0
1967-12-07,0.006838772117545392,1.0,1.0
1967-12-08,0.006599770727288904,1.0,1.0
1967-12-11,0.006927117556810306,1.0,1.0
1967-12-12,0.006369980425309146,1.0,1.0
1967-12-13,0.007206279084723131,1.0,1.0
1967-12-14,0.00635979600566139,1.0,1.0
1967-12-15,0.012646519542430503,1.0,1.0
1967-12-18,0.0103794362717818,1.0,1.0
1967-12-19,0.007855534188150926,1.0,1.0
1967-12-20,0.009305056759033913,1.0,1.0
1967-12-21,0.007214144807927831,1.0,1.0
1967-12-22,0.006865641114006121,1.0,1.0
1967-12-26,0.006239842349283611,1.0,1.0
1967-12-27,0.010134514749872836,1.0,1.0
1967-12-28,0.007549196797934434,1.0,1.0
1967-12-29,0.010270884658012402,1.0,1.0
1968-01-02,0.009059417130187809,1.0,1.0
1968-01-03,0.01412892318839736,1.0,1.0
1968-01-04,0.011134925584883382,1.0,1.0
1968-01-05,0.012097458345685114,1.0,1.0
1968-01-08,0.014049895457349543,1.0,1.0
1968-01-09,0.009462662618827994,1.0,1.0
1968-01-10,0.007074424525152336,1.0,1.0
1968-01-11,0.006507849564769175,1.0,1.0
1968-01-12,0.006196667089264922,1.0,1.0
1968-01-15,0.006666428540000734,1.0,1.0
1968-01-16,0.012574994976103912,1.0,1.0
1968-01-17,0.008610182709457638,1.0,1.0
1968-01-18,0.0069200677038887696,1.0,1.0
1968-01-19,0.008711406596895021,1.0,1.0
1968-01-22,0.2284415455134607,1.0,1.0
1968-01-23,0.15883577255940745,1.0,1.0
1968-01-24,0.09335615803747097,1.0,1.0
1968-01-25,0.037246919369945244,1.0,1.0
1968-01-26,0.017225831318181173,1.0,1.0
1968-01-29,0.01128651793253637,1.0,1.0
1968-01-30,0.016479419519719703,1.0,1.0
1968-01-31,0.04044698826777413,1.0,1.0
1968-02-01,0.019111312482326375,1.0,1.0
1968-02-02,0.014457278707328419,1.0,1.0
1968-02-05,0.01554113885700833,1.0,1.0
1968-02-06,0.009447419704352577,1.0,1.0
1968-02-07,0.007411327749059062,1.0,1.0
1968-02-08,0.23815777220607706,1.0,1.0
1968-02-09,0.6361471955690602,0.0,1.0
1968-02-13,0.8266808147416139,0.0,1.0
1968-02-14,0.9115773045323324,0.0,0.0
1968-02-15,0.6583150657856336,0.0,0.0
1968-02-16,0.4561709835771095,0.0,0.0
1968-02-19,0.22899630088894646,1.0,0.0
1968-02-20,0.13812610337886688,1.0,0.0
1968-02-21,0.06377983401883584,1.0,1.0
1968-02-23,0.04525178978562239,1.0,1.0
1968-02-26,0.07061263970699695,1.0,1.0
1968-02-27,0.03328256139188398,1.0,1.0
1968-02-28,0.030375172208197777,1.0,1.0
1968-02-29,0.06886477570733796,1.0,1.0
1968-03-01,0.045783630117937096,1.0,1.0
1968-03-04,0.6766546278909454,0.0,1.0
1968-03-05,0.48636819803352327,0.0,1.0
1968-03-06,0.9751108139326446,0.0,0.0
1968-03-07,0.7753805992446673,0.0,0.0
1968-03-08,0.49111699318639873,0.0,0.0
1968-03-11,0.8094485207040627,0.0,0.0
1968-03-12,0.5163699495175469,0.0,0.0
1968-03-13,0.27510843596371104,0.0,0.0
1968-03-14,0.9975647432708548,0.0,0.0
1968-03-15,0.8931391996134682,0.0,0.0
1968-03-18,0.7342266575043168,0.0,0.0
1968-03-19,0.6551152374142787,0.0,0.0
1968-03-20,0.3689454889144388,0.0,0.0
1968-03-21,0.4346761850569977,0.0,0.0
1968-03-22,0.19985134987989794,1.0,0.0
1968-03-25,0.08610544068578081,1.0,0.0
1968-03-26,0.05703647414653405,1.0,1.0
1968-03-27,0.060872110957353114,1.0,1.0
1968-03-28,0.026557759109715074,1.0,1.0
1968-03-29,0.023983482997036266,1.0,1.0
1968-04-01,0.9876869859149557,0.0,0.0
1968-04-02,0.7808946743923348,0.0,0.0
1968-04-03,0.7159966005947542,0.0,0.0
1968-04-04,0.46677284886258275,0.0,0.0
1968-04-05,0.35587781788537703,0.0,0.0
1968-04-08,0.9413941887725384,0.0,0.0
1968-04-10,0.8186410424640378,0.0,0.0
1968-04-11,0.789133501708919,0.0,0.0
1968-04-15,0.4942360421222827,0.0,0.0
1968-04-16,0.23577082863764534,1.0,0.0
1968-04-17,0.10110801184619836,1.0,0.0
1968-04-18,0.042632230969788194,1.0,1.0
1968-04-19,0.27259580198984934,0.0,1.0
1968-04-22,0.18148315038660592,1.0,1.0
1968-04-23,0.44772771773344044,0.0,1.0
1968-04-24,0.2137764510107244,1.0,1.0
1968-04-25,0.09336721558608634,1.0,1.0
1968-04-26,0.04070186471120358,1.0,1.0
1968-04-29,0.01933056166054557,1.0,1.0
1968-04-30,0.01075023413097268,1.0,1.0
1968-05-01,0.008483154381798884,1.0,1.0
1968-05-02,0.0111051769201169,1.0,1.0
1968-05-03,0.007941348638048904,1.0,1.0
1968-05-06,0.00782797967973033,1.0,1.0
1968-05-07,0.009905816882381515,1.0,1.0
1968-05-08,0.007552075358301786,1.0,1.0
1968-05-09,0.012778561733135399,1.0,1.0
1968-05-10,0.009526363344762517,1.0,1.0
1968-05-13,0.008356711817594481,1.0,1.0
1968-05-14,0.00735518541572311,1.0,1.0
1968-05-15,0.006964615916219476,1.0,1.0
1968-05-16,0.010633549803630803,1.0,1.0
1968-05-17,0.01714115930005341,1.0,1.0
1968-05-20,0.016771223053626848,1.0,1.0
1968-05-21,0.014484336349276095,1.0,1.0
1968-05-22,0.009849078546282242,1.0,1.0
1968-05-23,0.008201564519722314,1.0,1.0
1968-05-24,0.007499690650365441,1.0,1.0
1968-05-27,0.006945594461803428,1.0,1.0
1968-05-28,0.01029648316147497,1.0,1.0
1968-05-29,0.008317561050471912,1.0,1.0
1968-05-31,0.014511773368091306,1.0,1.0
1968-06-03,0.08169394542957563,1.0,1.0
1968-06-04,0.04424494271414355,1.0,1.0
1968-06-05,0.03286568608996535,1.0,1.0
1968-06-06,0.04287462168694629,1.0,1.0
1968-06-07,0.03219987594905118,1.0,1.0
1968-06-10,0.015132261724267264,1.0,1.0
1968-06-11,0.009610385328905274,1.0,1.0
1968-06-13,0.011856702728799785,1.0,1.0
1968-06-14,0.00915980170356708,1.0,1.0
1968-06-17,0.08231230043095265,1.0,1.0
1968-06-18,0.03563224400799916,1.0,1.0
1968-06-20,0.02157916988782032,1.0,1.0
1968-06-21,0.011517952672794386,1.0,1.0
1968-06-24,0.011839884738214257,1.0,1.0
1968-06-25,0.013281523754469336,1.0,1.0
1968-06-27,0.009782563254016679,1.0,1.0
1968-06-28,0.010334328672307448,1.0,1.0
1968-07-01,0.009197752445827358,1.0,1.0
1968-07-02,0.008576978424647913,1.0,1.0
1968-07-03,0.06243953585267132,1.0,1.0
1968-07-08,0.11146412795726147,1.0,1.0
1968-07-09,0.045489106941533165,1.0,1.0
1968-07-11,0.019753580056471612,1.0,1.0
1968-07-12,0.011330309752175947,1.0,1.0
1968-07-15,0.00896162483248143,1.0,1.0
1968-07-16,0.014252783241789222,1.0,1.0
1968-07-18,0.01240592192227346,1.0,1.0
1968-07-19,0.06285837043523575,1.0,1.0
1968-07-22,0.48996275611023643,0.0,1.0
1968-07-23,0.2707271305540363,0.0,1.0
1968-07-25,0.779924101245836,0.0,1.0
1968-07-26,0.4918657339586693,0.0,1.0
1968-07-29,0.596970037526663,0.0,1.0
1968-07-30,0.30858258060998744,0.0,1.0
1968-08-01,0.22802968171140253,1.0,1.0
1968-08-02,0.17654919668300084,1.0,1.0
1968-08-05,0.07521106648777293,1.0,1.0
1968-08-06,0.03810986782100495,1.0,1.0
1968-08-08,0.021309887663154274,1.0,1.0
1968-08-09,0.01204839400465981,1.0,1.0
1968-08-12,0.032960117286304026,1.0,1.0
1968-08-13,0.019482131079694216,1.0,1.0
1968-08-15,0.016646062246172905,1.0,1.0
1968-08-16,0.015596077263802438,1.0,1.0
1968-08-19,0.011084956874707421,1.0,1.0
1968-08-20,0.008586292930142223,1.0,1.0
1968-08-22,0.010132552711740538,1.0,1.0
1968-08-23,0.00822087215993342,1.0,1.0
1968-08-26,0.007760558444832888,1.0,1.0
1968-08-27,0.008408750178392493,1.0,1.0
1968-08-29,0.008119259234257622,1.0,1.0
1968-08-30,0.007660349698882086,1.0,1.0
1968-09-03,0.008328572926689504,1.0,1.0
1968-09-04,0.011762413145265447,1.0,1.0
1968-09-05,0.016014579410192856,1.0,1.0
1968-09-06,0.012127652790635596,1.0,1.0
1968-09-09,0.008863174309768256,1.0,1.0
1968-09-10,0.013821245949300788,1.0,1.0
1968-09-12,0.010848519291042576,1.0,1.0
1968-09-13,0.009464437241582057,1.0,1.0
1968-09-16,0.00910382710722829,1.0,1.0
1968-09-17,0.008105999609482805,1.0,1.0
1968-09-19,0.007539651665009259,1.0,1.0
1968-09-20,0.007295975363373978,1.0,1.0
1968-09-23,0.010509620746275957,1.0,1.0
1968-09-24,0.009419972559200167,1.0,1.0
1968-09-26,0.009133671860590229,1.0,1.0
1968-09-27,0.007836777870098502,1.0,1.0
1968-09-30,0.008732979285760428,1.0,1.0
1968-10-01,0.007752764291984528,1.0,1.0
1968-10-03,0.008148914268736606,1.0,1.0
1968-10-04,0.0078534406829812,1.0,1.0
1968-10-07,0.0075848758117873566,1.0,1.0
1968-10-08,0.007558210948905542,1.0,1.0
1968-10-10,0.011271090733664276,1.0,1.0
1968-10-11,0.008675131175331339,1.0,1.0
1968-10-14,0.007733095093807417,1.0,1.0
1968-10-15,0.007473847524156561,1.0,1.0
1968-10-17,0.009440114360659935,1.0,1.0
1968-10-18,0.014295538947271138,1.0,1.0
1968-10-21,0.009613748563696577,1.0,1.0
1968-10-22,0.010890859195918543,1.0,1.0
1968-10-24,0.01990294104659735,1.0,1.0
1968-10-25,0.012419321210434677,1.0,1.0
1968-10-28,0.011845550813911237,1.0,1.0
1968-10-29,0.018429179989411196,1.0,1.0
1968-10-31,0.011018823642673268,1.0,1.0
1968-11-01,0.012058661116814506,1.0,1.0
1968-11-04,0.008896827928640069,1.0,1.0
1968-11-06,0.00782719830586784,1.0,1.0
1968-11-07,0.007784130747468064,1.0,1.0
1968-11-08,0.009975104392243661,1.0,1.0
1968-11-12,0.016192742435723648,1.0,1.0
1968-11-13,0.014651651533184477,1.0,1.0
1968-11-14,0.009700104911812703,1.0,1.0
1968-11-15,0.011164943796116773,1.0,1.0
1968-11-18,0.008580850246575246,1.0,1.0
1968-11-19,0.008100544894664982,1.0,1.0
1968-11-21,0.007737989371991486,1.0,1.0
1968-11-22,0.009090412415807839,1.0,1.0
1968-11-25,0.008186106354770104,1.0,1.0
1968-11-26,0.012780677735994138,1.0,1.0
1968-11-27,0.010818947110318082,1.0,1.0
1968-11-29,0.012047631352750611,1.0,1.0
1968-12-02,0.010060458471036315,1.0,1.0
1968-12-03,0.008659137992913126,1.0,1.0
1968-12-05,0.009772180837828427,1.0,1.0
1968-12-06,0.008427219165777234,1.0,1.0
1968-12-09,0.00858586970973768,1.0,1.0
1968-12-10,0.00864635051026291,1.0,1.0
1968-12-12,0.0078923298041293,1.0,1.0
1968-12-13,0.00780725503134381,1.0,1.0
1968-12-16,0.010852143644318538,1.0,1.0
1968-12-17,0.01392418067194762,1.0,1.0
1968-12-19,0.009751256791824769,1.0,1.0
1968-12-20,0.014078682230363937,1.0,1.0
1968-12-23,0.07814559789182704,1.0,1.0
1968-12-24,0.03477052634307351,1.0,1.0
1968-12-26,0.016624648092185636,1.0,1.0
1968-12-27,0.014985622345604705,1.0,1.0
1968-12-30,0.0777326397995151,1.0,1.0
1968-12-31,0.03197332787014074,1.0,1.0
1969-01-02,0.015649163182112638,1.0,1.0
1969-01-03,0.010214790488976205,1.0,1.0
1969-01-06,0.3751344413910285,0.0,1.0
1969-01-07,0.8748124655617769,0.0,1.0
1969-01-08,0.7260969169068796,0.0,1.0
1969-01-09,0.4591975039918236,0.0,1.0
1969-01-10,0.25932040850320953,0.0,1.0
1969-01-13,0.2694733198074693,0.0,1.0
1969-01-14,0.1977658702979722,1.0,1.0
1969-01-15,0.11685127046865583,1.0,1.0
1969-01-16,0.06481008534520022,1.0,1.0
1969-01-17,0.02894443091867555,1.0,1.0
1969-01-20,0.01680187102754998,1.0,1.0
1969-01-21,0.01116267510525205,1.0,1.0
1969-01-22,0.009855961521333056,1.0,1.0
1969-01-23,0.010918296041325798,1.0,1.0
1969-01-24,0.008810748403491449,1.0,1.0
1969-01-27,0.007857062842940231,1.0,1.0
1969-01-28,0.00744767628599175,1.0,1.0
1969-01-29,0.007267554681562794,1.0,1.0
1969-01-30,0.007382455968288621,1.0,1.0
1969-01-31,0.008222303375662302,1.0,1.0
1969-02-03,0.00794990355828558,1.0,1.0
1969-02-04,0.007537141021395355,1.0,1.0
1969-02-05,0.007318588435344786,1.0,1.0
1969-02-06,0.007804939508725129,1.0,1.0
1969-02-07,0.007383752702425313,1.0,1.0
1969-02-11,0.0072417488921910295,1.0,1.0
1969-02-12,0.007438644086433138,1.0,1.0
1969-02-13,0.007305720134405359,1.0,1.0
1969-02-14,0.007721387253259353,1.0,1.0
1969-02-17,0.1466293608760305,1.0,1.0
1969-02-18,0.5012942406512982,0.0,1.0
1969-02-19,0.5512890036581085,0.0,1.0
1969-02-20,0.7057819732287943,0.0,1.0
1969-02-24,0.9394619722551664,0.0,0.0
1969-02-25,0.876769696855767,0.0,0.0
1969-02-26,0.6336176820668606,0.0,0.0
1969-02-27,0.4586289764294986,0.0,0.0
1969-02-28,0.21841757996226704,1.0,0.0
1969-03-03,0.11507498362229057,1.0,0.0
1969-03-04,0.15723054973078923,1.0,0.0
1969-03-05,0.06770899418793924,1.0,1.0
1969-03-06,0.33865355655487467,0.0,1.0
1969-03-07,0.16461434008212217,1.0,1.0
1969-03-10,0.07204433421470313,1.0,1.0
1969-03-11,0.033859379835857045,1.0,1.0
1969-03-12,0.02081333221543515,1.0,1.0
1969-03-13,0.0364390232149154,1.0,1.0
1969-03-14,0.032738020099768624,1.0,1.0
1969-03-17,0.01581743778029239,1.0,1.0
1969-03-18,0.010268699260845584,1.0,1.0
1969-03-19,0.014916352168575073,1.0,1.0
1969-03-20,0.014771043022369272,1.0,1.0
1969-03-21,0.010964810241061884,1.0,1.0
1969-03-24,0.009078360080809294,1.0,1.0
1969-03-25,0.007396372425097743,1.0,1.0
1969-03-26,0.011157856583050421,1.0,1.0
1969-03-27,0.014278109915317111,1.0,1.0
1969-03-28,0.010526953980996186,1.0,1.0
1969-04-01,0.008754398081153613,1.0,1.0
1969-04-02,0.022851391172526422,1.0,1.0
1969-04-03,0.012928046578330674,1.0,1.0
1969-04-07,0.04405321244650765,1.0,1.0
1969-04-08,0.019794738438512944,1.0,1.0
1969-04-09,0.024595049197270888,1.0,1.0
1969-04-10,0.01574705442362735,1.0,1.0
1969-04-11,0.00966786059711368,1.0,1.0
1969-04-14,0.008430950640343318,1.0,1.0
1969-04-15,0.007720832334412407,1.0,1.0
1969-04-16,0.03906444150390205,1.0,1.0
1969-04-17,0.017742112922512095,1.0,1.0
1969-04-18,0.011885155473701298,1.0,1.0
1969-04-21,0.031018901032310826,1.0,1.0
1969-04-22,0.015003490936294972,1.0,1.0
1969-04-23,0.009410191465519227,1.0,1.0
1969-04-24,0.008897863877166045,1.0,1.0
1969-04-25,0.008888688485417712,1.0,1.0
1969-04-28,0.008055744812548143,1.0,1.0
1969-04-29,0.01735953791366696,1.0,1.0
1969-04-30,0.02699962261375753,1.0,1.0
1969-05-01,0.014557434812714183,1.0,1.0
1969-05-02,0.011628412074598101,1.0,1.0
1969-05-05,0.010127932853210729,1.0,1.0
1969-05-06,0.00950398937553432,1.0,1.0
1969-05-07,0.00895729142761576,1.0,1.0
1969-05-08,0.008081282219048892,1.0,1.0
1969-05-09,0.007059262503908903,1.0,1.0
1969-05-12,0.007807845917129933,1.0,1.0
1969-05-13,0.008083763160139262,1.0,1.0
1969-05-14,0.012700025763376277,1.0,1.0
1969-05-15,0.011458731398740768,1.0,1.0
1969-05-16,0.008307667030227657,1.0,1.0
1969-05-19,0.037558105339409786,1.0,1.0
1969-05-20,0.07678026299935378,1.0,1.0
1969-05-21,0.036932974476714196,1.0,1.0
1969-05-22,0.017199642987631773,1.0,1.0
1969-05-23,0.010442476828625615,1.0,1.0
1969-05-26,0.009235555434102235,1.0,1.0
1969-05-27,0.029456694556582383,1.0,1.0
1969-05-28,0.018097210186879636,1.0,1.0
1969-05-29,0.010704018926652199,1.0,1.0
1969-06-02,0.01629214185117706,1.0,1.0
1969-06-03,0.013870215275344645,1.0,1.0
1969-06-04,0.009199900700966617,1.0,1.0
1969-06-05,0.007443884517532244,1.0,1.0
1969-06-06,0.020331444871874414,1.0,1.0
1969-06-09,0.07855216595412438,1.0,1.0
1969-06-10,0.11777532060361612,1.0,1.0
1969-06-11,0.2920029160644382,0.0,1.0
1969-06-12,0.88929369198862,0.0,0.0
1969-06-13,0.6420731090797928,0.0,0.0
1969-06-16,0.45139289364675445,0.0,0.0
1969-06-17,0.3495891626678277,0.0,0.0
1969-06-18,0.1770742653564642,1.0,0.0
1969-06-19,0.28503367561968607,0.0,0.0
1969-06-20,0.3195995144395926,0.0,0.0
1969-06-23,0.30444766259771416,0.0,0.0
1969-06-24,0.44294237483245147,0.0,0.0
1969-06-25,0.2868228945863291,0.0,0.0
1969-06-26,0.12066001137999852,1.0,0.0
1969-06-27,0.047928295818182205,1.0,1.0
1969-06-30,0.025823153864421532,1.0,1.0
1969-07-01,0.016078188900731292,1.0,1.0
1969-07-02,0.025859924409094882,1.0,1.0
1969-07-03,0.026093179156408394,1.0,1.0
1969-07-07,0.037788736632213694,1.0,1.0
1969-07-08,0.4510482356598334,0.0,1.0
1969-07-09,0.5256109703543683,0.0,1.0
1969-07-10,0.982248791298491,0.0,0.0
1969-07-11,0.7876341605208571,0.0,0.0
1969-07-14,0.9774027892521752,0.0,0.0
1969-07-15,0.8457116599849652,0.0,0.0
1969-07-16,0.8674758653943693,0.0,0.0
1969-07-17,0.663793925637512,0.0,0.0
1969-07-18,0.6954953884772255,0.0,0.0
1969-07-22,0.9880420888025956,0.0,0.0
1969-07-23,0.8805492935998948,0.0,0.0
1969-07-24,0.7191842969615271,0.0,0.0
1969-07-25,0.8770662784948933,0.0,0.0
1969-07-28,0.9999588737524976,0.0,0.0
1969-07-29,0.9653058666192906,0.0,0.0
1969-07-30,0.7991411150545722,0.0,0.0
1969-07-31,0.9995925688836843,0.0,0.0
1969-08-01,0.9994465673193557,0.0,0.0
1969-08-04,0.8961655840312032,0.0,0.0
1969-08-05,0.6740850497697612,0.0,0.0
1969-08-06,0.5035074410049011,0.0,0.0
1969-08-07,0.2437019260565399,1.0,0.0
1969-08-08,0.10257828673378246,1.0,0.0
1969-08-11,0.0902401101613514,1.0,0.0
1969-08-12,0.14347448060116713,1.0,0.0
1969-08-13,0.05755650567090253,1.0,1.0
1969-08-14,0.04876431754322046,1.0,1.0
1969-08-15,0.04872517671333066,1.0,1.0
1969-08-18,0.039976180426752723,1.0,1.0
1969-08-19,0.02488963600100903,1.0,1.0
1969-08-20,0.013104317027900237,1.0,1.0
1969-08-21,0.00908047226351671,1.0,1.0
1969-08-22,0.012312007314035358,1.0,1.0
1969-08-25,0.05256054059260064,1.0,1.0
1969-08-26,0.07415010168263568,1.0,1.0
1969-08-27,0.03173558832654188,1.0,1.0
1969-08-28,0.017777592422907176,1.0,1.0
1969-08-29,0.019767652574677903,1.0,1.0
1969-09-02,0.011964275987569746,1.0,1.0
1969-09-03,0.02703890455347657,1.0,1.0
1969-09-04,0.0662552256476327,1.0,1.0
1969-09-05,0.06962310356222375,1.0,1.0
1969-09-08,0.2376037117694271,0.0,1.0
1969-09-09,0.17316988251597087,1.0,1.0
1969-09-10,0.800736945868379,0.0,1.0
1969-09-11,0.7491005833398208,0.0,1.0
1969-09-12,0.4415479918398016,0.0,1.0
1969-09-15,0.28192521469750015,0.0,1.0
1969-09-16,0.11590105232729453,1.0,1.0
1969-09-17,0.06048237550206814,1.0,1.0
1969-09-18,0.02671634053730161,1.0,1.0
1969-09-19,0.015121046681426456,1.0,1.0
1969-09-22,0.010980759044964993,1.0,1.0
1969-09-23,0.008574645847965242,1.0,1.0
1969-09-24,0.008879962420230413,1.0,1.0
1969-09-25,0.026277755852038214,1.0,1.0
1969-09-26,0.03988470570914346,1.0,1.0
1969-09-29,0.05752875189440225,1.0,1.0
1969-09-30,0.03247035517165909,1.0,1.0
1969-10-01,0.038504610458908586,1.0,1.0
1969-10-02,0.04317813073849946,1.0,1.0
1969-10-03,0.02050169068427413,1.0,1.0
1969-10-06,0.01165918240540815,1.0,1.0
1969-10-07,0.010418180902654083,1.0,1.0
1969-10-08,0.01619857951228315,1.0,1.0
1969-10-09,0.011019719303453135,1.0,1.0
1969-10-10,0.01355930266994199,1.0,1.0
1969-10-13,0.07962355074387634,1.0,1.0
1969-10-14,0.25822382106579467,0.0,1.0
1969-10-15,0.10559460149023997,1.0,1.0
1969-10-16,0.07234761103975211,1.0,1.0
1969-10-17,0.03159831874263767,1.0,1.0
1969-10-20,0.01634962409299249,1.0,1.0
1969-10-21,0.022284787069626503,1.0,1.0
1969-10-22,0.018640755072575364,1.0,1.0
1969-10-23,0.015085123315522623,1.0,1.0
1969-10-24,0.01729027780104303,1.0,1.0
1969-10-27,0.011278178039899356,1.0,1.0
1969-10-28,0.01136035091620146,1.0,1.0
1969-10-29,0.04594417781051664,1.0,1.0
1969-10-30,0.02044511396038122,1.0,1.0
1969-10-31,0.012672296002130495,1.0,1.0
1969-11-03,0.009428925889452482,1.0,1.0
1969-11-04,0.007880093484481475,1.0,1.0
1969-11-05,0.0090732657237172,1.0,1.0
1969-11-06,0.007758573992778141,1.0,1.0
1969-11-07,0.0120259393110281,1.0,1.0
1969-11-10,0.008761927777049696,1.0,1.0
1969-11-11,0.011205019591743817,1.0,1.0
1969-11-12,0.009619414289823902,1.0,1.0
1969-11-13,0.01792156576334316,1.0,1.0
1969-11-14,0.01736476121737903,1.0,1.0
1969-11-17,0.0401099274706502,1.0,1.0
1969-11-18,0.01950077620001485,1.0,1.0
1969-11-19,0.022639871849169033,1.0,1.0
1969-11-20,0.1389603633201197,1.0,1.0
1969-11-21,0.145351277932656,1.0,1.0
1969-11-24,0.3996074235107869,0.0,1.0
1969-11-25,0.2098200326839899,1.0,1.0
1969-11-26,0.09229511461120095,1.0,1.0
1969-11-28,0.05858026542601937,1.0,1.0
1969-12-01,0.08349418907349711,1.0,1.0
1969-12-02,0.09085109451159327,1.0,1.0
1969-12-03,0.44146000680391584,0.0,1.0
1969-12-04,0.2248444044905043,0.0,1.0
1969-12-05,0.12891422732187918,1.0,1.0
1969-12-08,0.5735985324543225,0.0,1.0
1969-12-09,0.32172703517500967,0.0,1.0
1969-12-10,0.14145951801482215,1.0,1.0
1969-12-11,0.0556859550828216,1.0,1.0
1969-12-12,0.025243076908990265,1.0,1.0
1969-12-15,0.017164173019213823,1.0,1.0
1969-12-16,0.07565257155480609,1.0,1.0
1969-12-17,0.06088044179296799,1.0,1.0
1969-12-18,0.5267711213539109,0.0,1.0
1969-12-19,0.44845344389201436,0.0,1.0
1969-12-22,0.6739879158919777,0.0,1.0
1969-12-23,0.5382912431217173,0.0,1.0
1969-12-24,0.709654816498065,0.0,1.0
1969-12-26,0.6093809507185437,0.0,1.0
1969-12-29,0.6160650996430866,0.0,1.0
1969-12-30,0.3509419070849452,0.0,1.0
1969-12-31,0.20032277158760378,1.0,1.0
1970-01-02,0.38070749380441815,0.0,1.0
1970-01-05,0.22837421609194408,0.0,1.0
1970-01-06,0.2544990876213199,0.0,1.0
1970-01-07,0.11402682460969715,1.0,1.0
1970-01-08,0.045443470076863786,1.0,1.0
1970-01-09,0.026864824974740173,1.0,1.0
1970-01-12,0.053428167372437524,1.0,1.0
1970-01-13,0.02309439670428206,1.0,1.0
1970-01-14,0.015239639546182609,1.0,1.0
1970-01-15,0.010168471222835655,1.0,1.0
1970-01-16,0.03406034462743946,1.0,1.0
1970-01-19,0.33407281528306265,0.0,1.0
1970-01-20,0.14218159751242376,1.0,1.0
1970-01-21,0.05604384557965058,1.0,1.0
1970-01-22,0.02397240804706568,1.0,1.0
1970-01-23,0.11589061224752954,1.0,1.0
1970-01-26,0.3929424366480616,0.0,1.0
1970-01-27,0.36785576580588814,0.0,1.0
1970-01-28,0.5940562822843353,0.0,1.0
1970-01-29,0.9329681524183693,0.0,0.0
1970-01-30,0.9151494358462554,0.0,0.0
1970-02-02,0.8126888194658412,0.0,0.0
1970-02-03,0.9127219084697971,0.0,0.0
1970-02-04,0.8622219393224811,0.0,0.0
1970-02-05,0.6777905599890923,0.0,0.0
1970-02-06,0.46507594902215454,0.0,0.0
1970-02-09,0.38831836929545516,0.0,0.0
1970-02-10,0.5692522877868774,0.0,0.0
1970-02-11,0.531004994096101,0.0,0.0
1970-02-12,0.28927405708137266,0.0,0.0
1970-02-13,0.13483094869378973,1.0,0.0
1970-02-16,0.05570783690750635,1.0,1.0
1970-02-17,0.02801532583674754,1.0,1.0
1970-02-18,0.09258838102331976,1.0,1.0
1970-02-19,0.03888519699386299,1.0,1.0
1970-02-20,0.019140892522160783,1.0,1.0
1970-02-24,0.011474735469833927,1.0,1.0
1970-02-25,0.1979951276181822,1.0,1.0
1970-02-26,0.1451701581757726,1.0,1.0
1970-02-27,0.09575134061642489,1.0,1.0
1970-03-02,0.038214606265154924,1.0,1.0
1970-03-03,0.02561734984772681,1.0,1.0
1970-03-04,0.01731670595351127,1.0,1.0
1970-03-05,0.011373325206308208,1.0,1.0
1970-03-06,0.026248107914228984,1.0,1.0
1970-03-09,0.13381483878918018,1.0,1.0
1970-03-10,0.05245665741607961,1.0,1.0
1970-03-11,0.025403409430177236,1.0,1.0
1970-03-12,0.02592338420562787,1.0,1.0
1970-03-13,0.03426526771844955,1.0,1.0
1970-03-16,0.19777466812711386,1.0,1.0
1970-03-17,0.0877242049556686,1.0,1.0
1970-03-18,0.03668535683394782,1.0,1.0
1970-03-19,0.022831952558891637,1.0,1.0
1970-03-20,0.02432412829368555,1.0,1.0
1970-03-23,0.014847219738778108,1.0,1.0
1970-03-24,0.03909269962076335,1.0,1.0
1970-03-25,0.9515183517963461,0.0,0.0
1970-03-26,0.6684035940422215,0.0,0.0
1970-03-30,0.4162105567609746,0.0,0.0
1970-03-31,0.18819809007149157,1.0,0.0
1970-04-01,0.0882849838809251,1.0,0.0
1970-04-02,0.05312802976508451,1.0,1.0
1970-04-03,0.0416370031601214,1.0,1.0
1970-04-06,0.07982852757477878,1.0,1.0
1970-04-07,0.04646346014808485,1.0,1.0
1970-04-08,0.02419539151300632,1.0,1.0
1970-04-09,0.014355702056113695,1.0,1.0
1970-04-10,0.016652829302358514,1.0,1.0
1970-04-13,0.05752578462912405,1.0,1.0
1970-04-14,0.10981842847902458,1.0,1.0
1970-04-15,0.05749517385463474,1.0,1.0
1970-04-16,0.2600618932478367,0.0,1.0
1970-04-17,0.14059456260581113,1.0,1.0
1970-04-20,0.05586034265463801,1.0,1.0
1970-04-21,0.05103408439624764,1.0,1.0
1970-04-22,0.6188260800632293,0.0,1.0
1970-04-23,0.9882667656117492,0.0,0.0
1970-04-24,0.8319109832455047,0.0,0.0
1970-04-27,0.9983233773976864,0.0,0.0
1970-04-28,0.9948522256228144,0.0,0.0
1970-04-29,0.9995533410117697,0.0,0.0
1970-04-30,0.8160655685539506,0.0,0.0
1970-05-01,0.5204451598102342,0.0,0.0
1970-05-04,0.9999869479223947,0.0,0.0
1970-05-05,0.9749829558989317,0.0,0.0
1970-05-06,0.9466262440260054,0.0,0.0
1970-05-07,0.7423539702907276,0.0,0.0
1970-05-08,0.5839335666922345,0.0,0.0
1970-05-11,0.8318154771081384,0.0,0.0
1970-05-12,0.8663147985330268,0.0,0.0
1970-05-13,0.9977702142697594,0.0,0.0
1970-05-14,0.9960484698417411,0.0,0.0
1970-05-15,0.997608617512515,0.0,0.0
1970-05-18,0.7414455938824084,0.0,0.0
1970-05-19,0.9992837293374441,0.0,0.0
1970-05-20,0.9999991671142288,0.0,0.0
1970-05-21,0.99982429858879,0.0,0.0
1970-05-22,0.7659281099923501,0.0,0.0
1970-05-25,0.9999999879162249,0.0,0.0
1970-05-26,0.9892058025572162,0.0,0.0
1970-05-27,1.0,0.0,0.0
1970-05-28,0.9999924259577156,0.0,0.0
1970-05-29,0.9999958572341232,0.0,0.0
1970-06-01,0.9975524040207857,0.0,0.0
1970-06-02,0.7412485301372064,0.0,0.0
1970-06-03,0.8006909289748901,0.0,0.0
1970-06-04,0.9911768122384744,0.0,0.0
1970-06-05,0.9985239789686117,0.0,0.0
1970-06-08,0.7428660416968007,0.0,0.0
1970-06-09,0.4231446831890584,0.0,0.0
1970-06-10,0.6702609500300005,0.0,0.0
1970-06-11,0.9658670996042429,0.0,0.0
1970-06-12,0.7812736752902132,0.0,0.0
1970-06-15,0.47247910489792727,0.0,0.0
1970-06-16,0.9987050030364699,0.0,0.0
1970-06-17,0.7866274939257596,0.0,0.0
1970-06-18,0.5482319878779376,0.0,0.0
1970-06-19,0.3726503711037747,0.0,0.0
1970-06-22,0.34380039200546125,0.0,0.0
1970-06-23,0.9999327747318822,0.0,0.0
1970-06-24,0.9769470589478154,0.0,0.0
1970-06-25,0.7163301519532534,0.0,0.0
1970-06-26,0.7363016043869861,0.0,0.0
1970-06-29,0.7798009877192585,0.0,0.0
1970-06-30,0.5260903202621248,0.0,0.0
1970-07-01,0.26348448714965944,0.0,0.0
1970-07-02,0.12960075098174423,1.0,0.0
1970-07-06,0.867971274761473,0.0,0.0
1970-07-07,0.8664935263173199,0.0,0.0
1970-07-08,0.9998649742118513,0.0,0.0
1970-07-09,0.9923971532213389,0.0,0.0
1970-07-10,0.8343754729326773,0.0,0.0
1970-07-13,0.528417774494618,0.0,0.0
1970-07-14,0.27113439287056423,0.0,0.0
1970-07-15,0.3059166171648901,0.0,0.0
1970-07-16,0.6484677216307866,0.0,0.0
1970-07-17,0.9701869892248999,0.0,0.0
1970-07-20,0.697071837405993,0.0,0.0
1970-07-21,0.8386903855690182,0.0,0.0
1970-07-22,0.519949352412408,0.0,0.0
1970-07-23,0.7209992787387685,0.0,0.0
1970-07-24,0.4459225997354354,0.0,0.0
1970-07-27,0.2236553295444085,0.0,0.0
1970-07-28,0.09203962226674405,1.0,0.0
1970-07-29,0.04156710460131342,1.0,1.0
1970-07-30,0.019282827455291876,1.0,1.0
1970-07-31,0.012285125709152887,1.0,1.0
1970-08-03,0.15726962806441935,1.0,1.0
1970-08-04,0.06177256471709603,1.0,1.0
1970-08-05,0.027748594171554255,1.0,1.0
1970-08-06,0.01670108734484193,1.0,1.0
1970-08-07,0.011278154054073506,1.0,1.0
1970-08-10,0.34364179680218393,0.0,1.0
1970-08-11,0.267473150129705,0.0,1.0
1970-08-12,0.1809084652025383,1.0,1.0
1970-08-13,0.29785247701310047,0.0,1.0
1970-08-14,0.13762285046998393,1.0,1.0
1970-08-17,0.05425939012610327,1.0,1.0
1970-08-18,0.09979735662473539,1.0,1.0
1970-08-19,0.1061741644350829,1.0,1.0
1970-08-20,0.08068254181623197,1.0,1.0
1970-08-21,0.9621093795743729,0.0,0.0
1970-08-24,0.9998955993668046,0.0,0.0
1970-08-25,0.7679307133942017,0.0,0.0
1970-08-26,0.4604936385726948,0.0,0.0
1970-08-27,0.22197525663733117,0.0,0.0
1970-08-28,0.256847930766211,0.0,0.0
1970-08-31,0.16283813080396473,1.0,0.0
1970-09-01,0.13997047151591074,1.0,0.0
1970-09-02,0.05612827881940726,1.0,1.0
1970-09-03,0.3568955784050563,0.0,1.0
1970-09-04,0.4771630446484975,0.0,1.0
1970-09-08,0.24233129095486688,0.0,1.0
1970-09-09,0.12104264789622389,1.0,1.0
1970-09-10,0.09427749448484882,1.0,1.0
1970-09-11,0.04219364968568122,1.0,1.0
1970-09-14,0.034880218910488085,1.0,1.0
1970-09-15,0.10350096338005256,1.0,1.0
1970-09-16,0.05853716629084122,1.0,1.0
1970-09-17,0.05607197569328097,1.0,1.0
1970-09-18,0.029526210827881257,1.0,1.0
1970-09-21,0.05900115033294372,1.0,1.0
1970-09-22,0.034605248191957864,1.0,1.0
1970-09-23,0.18511859077473894,1.0,1.0
1970-09-24,0.6064138413488682,0.0,1.0
1970-09-25,0.3119893233632107,0.0,1.0
1970-09-28,0.13353840798829647,1.0,1.0
1970-09-29,0.0776290803986807,1.0,1.0
1970-09-30,0.03399622381662421,1.0,1.0
1970-10-01,0.016585126410570788,1.0,1.0
1970-10-02,0.047580345945700896,1.0,1.0
1970-10-05,0.3073164820672801,0.0,1.0
1970-10-06,0.131098353729941,1.0,1.0
1970-10-07,0.05264926195540523,1.0,1.0
1970-10-08,0.22546472630892306,0.0,1.0
1970-10-09,0.382726390082139,0.0,1.0
1970-10-12,0.5635387766983516,0.0,1.0
1970-10-13,0.3193833762929464,0.0,1.0
1970-10-14,0.1335033648690631,1.0,1.0
1970-10-15,0.06176228144014738,1.0,1.0
1970-10-16,0.05508217066657242,1.0,1.0
1970-10-19,0.4932445879059778,0.0,1.0
1970-10-20,0.3058197664945153,0.0,1.0
1970-10-21,0.13164549043540155,1.0,1.0
1970-10-22,0.07804093604796535,1.0,1.0
1970-10-23,0.04135399433155598,1.0,1.0
1970-10-26,0.03574215116171537,1.0,1.0
1970-10-27,0.021815743345940605,1.0,1.0
1970-10-28,0.013501574307143514,1.0,1.0
1970-10-29,0.010856287256087746,1.0,1.0
1970-10-30,0.009153541017919674,1.0,1.0
1970-11-02,0.009003735322771692,1.0,1.0
1970-11-03,0.02112238396062198,1.0,1.0
1970-11-04,0.012388986716920871,1.0,1.0
1970-11-05,0.01063241144483589,1.0,1.0
1970-11-06,0.00872290720654705,1.0,1.0
1970-11-09,0.010702117910658017,1.0,1.0
1970-11-10,0.008804279423829102,1.0,1.0
1970-11-11,0.008580073200355996,1.0,1.0
1970-11-12,0.07883026754478868,1.0,1.0
1970-11-13,0.16315806701487442,1.0,1.0
1970-11-16,0.07030682667420805,1.0,1.0
1970-11-17,0.029223601906057627,1.0,1.0
1970-11-18,0.048255563334958354,1.0,1.0
1970-11-19,0.021441352765303477,1.0,1.0
1970-11-20,0.044445843178591085,1.0,1.0
1970-11-23,0.032356169723207685,1.0,1.0
1970-11-24,0.023721269368010205,1.0,1.0
1970-11-25,0.015513684032380414,1.0,1.0
1970-11-27,0.03750549936165151,1.0,1.0
1970-11-30,0.5296392131882537,0.0,1.0
1970-12-01,0.2676669898038894,0.0,1.0
1970-12-02,0.5032594474647735,0.0,1.0
1970-12-03,0.28107178025736657,0.0,1.0
1970-12-04,0.1602032114658674,1.0,1.0
1970-12-07,0.09115192051220265,1.0,1.0
1970-12-08,0.06513789790939603,1.0,1.0
1970-12-09,0.027589009925010174,1.0,1.0
1970-12-10,0.0159711890727507,1.0,1.0
1970-12-11,0.012078662380073206,1.0,1.0
1970-12-14,0.018519984382255956,1.0,1.0
1970-12-15,0.01272768464271384,1.0,1.0
1970-12-16,0.009434029049563262,1.0,1.0
1970-12-17,0.009037124757574523,1.0,1.0
1970-12-18,0.00840388493370978,1.0,1.0
1970-12-21,0.010060778136036203,1.0,1.0
1970-12-22,0.008541721517837638,1.0,1.0
1970-12-23,0.008070495260187245,1.0,1.0
1970-12-24,0.014270461675993136,1.0,1.0
1970-12-28,0.013683102083144532,1.0,1.0
1970-12-29,0.05237113218337352,1.0,1.0
1970-12-30,0.02319355714480301,1.0,1.0
1970-12-31,0.013653640466951106,1.0,1.0
1971-01-04,0.062021715424159664,1.0,1.0
1971-01-05,0.061411151310873685,1.0,1.0
1971-01-06,0.051266847535517246,1.0,1.0
1971-01-07,0.022530535253792776,1.0,1.0
1971-01-08,0.013684189546942878,1.0,1.0
1971-01-11,0.010363236485849034,1.0,1.0
1971-01-12,0.03145509955335404,1.0,1.0
1971-01-13,0.016500548907332775,1.0,1.0
1971-01-14,0.011417395553227848,1.0,1.0
1971-01-15,0.009550848529252772,1.0,1.0
1971-01-18,0.009293864095515152,1.0,1.0
1971-01-19,0.008804902869513206,1.0,1.0
1971-01-20,0.008119555940385617,1.0,1.0
1971-01-21,0.010040117590741799,1.0,1.0
1971-01-22,0.01485627361652381,1.0,1.0
1971-01-25,0.012868493193204987,1.0,1.0
1971-01-26,0.010061606136919145,1.0,1.0
1971-01-27,0.025801984367841587,1.0,1.0
1971-01-28,0.015857316485592684,1.0,1.0
1971-01-29,0.017852765036217137,1.0,1.0
1971-02-01,0.019336868427682802,1.0,1.0
1971-02-02,0.011628299732227263,1.0,1.0
1971-02-03,0.009687696662299584,1.0,1.0
1971-02-04,0.008450528385787106,1.0,1.0
1971-02-05,0.009933409181345427,1.0,1.0
1971-02-08,0.013059154450399589,1.0,1.0
1971-02-09,0.009776439786437737,1.0,1.0
1971-02-10,0.008986557171711412,1.0,1.0
1971-02-11,0.011119828179904775,1.0,1.0
1971-02-12,0.01343542786490612,1.0,1.0
1971-02-16,0.010031224678730103,1.0,1.0
1971-02-17,0.01436455758060846,1.0,1.0
1971-02-18,0.025765620659925957,1.0,1.0
1971-02-19,0.07103597727271885,1.0,1.0
1971-02-22,0.20870463890385743,0.0,1.0
1971-02-23,0.10682869642735125,1.0,1.0
1971-02-24,0.08221436951390258,1.0,1.0
1971-02-25,0.0337105473540954,1.0,1.0
1971-02-26,0.019755528779614145,1.0,1.0
1971-03-01,0.012578212185267649,1.0,1.0
1971-03-02,0.008880416007800717,1.0,1.0
1971-03-03,0.007994023118353032,1.0,1.0
1971-03-04,0.03239835455340198,1.0,1.0
1971-03-05,0.06934357526373312,1.0,1.0
1971-03-08,0.03621858052243111,1.0,1.0
1971-03-09,0.01722295680346789,1.0,1.0
1971-03-10,0.011429553958913008,1.0,1.0
1971-03-11,0.008894346860212263,1.0,1.0
1971-03-12,0.007987988169825697,1.0,1.0
1971-03-15,0.04280699457818733,1.0,1.0
1971-03-16,0.02454427261809607,1.0,1.0
1971-03-17,0.013278222564655724,1.0,1.0
1971-03-18,0.009398935046606906,1.0,1.0
1971-03-19,0.008967347813317997,1.0,1.0
1971-03-22,0.011529423885250462,1.0,1.0
1971-03-23,0.01154901804840641,1.0,1.0
1971-03-24,0.01886461138292746,1.0,1.0
1971-03-25,0.011351102710677364,1.0,1.0
1971-03-26,0.010161591783506561,1.0,1.0
1971-03-29,0.008351584845782052,1.0,1.0
1971-03-30,0.007952985098280312,1.0,1.0
1971-03-31,0.007619754585019013,1.0,1.0
1971-04-01,0.0075151663064271,1.0,1.0
1971-04-02,0.007639094633759056,1.0,1.0
1971-04-05,0.007606454820895824,1.0,1.0
1971-04-06,0.011296685007571267,1.0,1.0
1971-04-07,0.010571142086392012,1.0,1.0
1971-04-08,0.008531493861207346,1.0,1.0
1971-04-12,0.013506327864227799,1.0,1.0
1971-04-13,0.009491930219078267,1.0,1.0
1971-04-14,0.009106400725108337,1.0,1.0
1971-04-15,0.008058794617804505,1.0,1.0
1971-04-16,0.0077386960773378035,1.0,1.0
1971-04-19,0.00894983455695292,1.0,1.0
1971-04-20,0.013395492238992314,1.0,1.0
1971-04-21,0.011491803119019414,1.0,1.0
1971-04-22,0.009414003291357682,1.0,1.0
1971-04-23,0.01068622531757906,1.0,1.0
1971-04-26,0.008619726583465,1.0,1.0
1971-04-27,0.009603800610802366,1.0,1.0
1971-04-28,0.009071965025785899,1.0,1.0
1971-04-29,0.009635705378778996,1.0,1.0
1971-04-30,0.019165304821453722,1.0,1.0
1971-05-03,0.022276042918624357,1.0,1.0
1971-05-04,0.017512689025115533,1.0,1.0
1971-05-05,0.011023773968199624,1.0,1.0
1971-05-06,0.017345125396705414,1.0,1.0
1971-05-07,0.01390440975403136,1.0,1.0
1971-05-10,0.01615296540779469,1.0,1.0
1971-05-11,0.011076517934637955,1.0,1.0
1971-05-12,0.008958309542634638,1.0,1.0
1971-05-13,0.008954390203188115,1.0,1.0
1971-05-14,0.01188961398396607,1.0,1.0
1971-05-17,0.3582749570770659,0.0,1.0
1971-05-18,0.15335655268281018,1.0,1.0
1971-05-19,0.06218682227195694,1.0,1.0
1971-05-20,0.027326123309771386,1.0,1.0
1971-05-21,0.01897008566390518,1.0,1.0
1971-05-24,0.04174099431022295,1.0,1.0
1971-05-25,0.04395905501045798,1.0,1.0
1971-05-26,0.01993655233808807,1.0,1.0
1971-05-27,0.012322425010000571,1.0,1.0
1971-05-28,0.00964744052143936,1.0,1.0
1971-06-01,0.01272110152728202,1.0,1.0
1971-06-02,0.022783499620680388,1.0,1.0
1971-06-03,0.012761734510773963,1.0,1.0
1971-06-04,0.009634126862978508,1.0,1.0
1971-06-07,0.008914678118612882,1.0,1.0
1971-06-08,0.026490701319908296,1.0,1.0
1971-06-09,0.014346452635022775,1.0,1.0
1971-06-10,0.010431157265843939,1.0,1.0
1971-06-11,0.009376764144637144,1.0,1.0
1971-06-14,0.02933307950857941,1.0,1.0
1971-06-15,0.014880938703393095,1.0,1.0
1971-06-16,0.010016546233536011,1.0,1.0
1971-06-17,0.008473895381493086,1.0,1.0
1971-06-18,0.33889338609933894,0.0,1.0
1971-06-21,0.7596768728274772,0.0,1.0
1971-06-22,0.5069719068979447,0.0,1.0
1971-06-23,0.45433386400416015,0.0,1.0
1971-06-24,0.22575187061551166,0.0,1.0
1971-06-25,0.10126592494876455,1.0,1.0
1971-06-28,0.0482573397192213,1.0,1.0
1971-06-29,0.10580981061807698,1.0,1.0
1971-06-30,0.11891317912836757,1.0,1.0
1971-07-01,0.046905507284806525,1.0,1.0
1971-07-02,0.02087622417304905,1.0,1.0
1971-07-06,0.011940898544491256,1.0,1.0
1971-07-07,0.010016772899264347,1.0,1.0
1971-07-08,0.009150386081474808,1.0,1.0
1971-07-09,0.00890504257899577,1.0,1.0
1971-07-12,0.00794382526766074,1.0,1.0
1971-07-13,0.13679374469625707,1.0,1.0
1971-07-14,0.059194317489772476,1.0,1.0
1971-07-15,0.025216749328598662,1.0,1.0
1971-07-16,0.015343366705744488,1.0,1.0
1971-07-19,0.011893292763161848,1.0,1.0
1971-07-20,0.010176756675123006,1.0,1.0
1971-07-21,0.00871762284387902,1.0,1.0
1971-07-22,0.009392715084474165,1.0,1.0
1971-07-23,0.008965065278483349,1.0,1.0
1971-07-26,0.01057471313920098,1.0,1.0
1971-07-27,0.049940898524213476,1.0,1.0
1971-07-28,0.08074371780195841,1.0,1.0
1971-07-29,0.3804370479152106,0.0,1.0
1971-07-30,0.24391820183893806,0.0,1.0
1971-08-02,0.12430555689711083,1.0,1.0
1971-08-03,0.8582498493774178,0.0,1.0
1971-08-04,0.7221966845078149,0.0,1.0
1971-08-05,0.42042339280146485,0.0,1.0
1971-08-06,0.19481045973932748,0.0,1.0
1971-08-09,0.21161175935933962,0.0,1.0
1971-08-10,0.08492720305340283,1.0,1.0
1971-08-11,0.21452659530342946,0.0,1.0
1971-08-12,0.6120553816512319,0.0,1.0
1971-08-13,0.3681211501193243,0.0,1.0
1971-08-16,0.9999999409576854,0.0,0.0
1971-08-17,0.9504637992400617,0.0,0.0
1971-08-18,0.983990645051449,0.0,0.0
1971-08-19,0.8309267744441002,0.0,0.0
1971-08-20,0.5310398248644088,0.0,0.0
1971-08-23,0.4948373187765114,0.0,0.0
1971-08-24,0.4821895766554238,0.0,0.0
1971-08-25,0.22408402797641747,0.0,0.0
1971-08-26,0.09496030230782225,1.0,0.0
1971-08-27,0.039246999905244155,1.0,1.0
1971-08-30,0.08902914217100723,1.0,1.0
1971-08-31,0.059051385387430065,1.0,1.0
1971-09-01,0.02530425706766719,1.0,1.0
1971-09-02,0.014136023067978712,1.0,1.0
1971-09-03,0.13290139494403438,1.0,1.0
1971-09-07,0.06795589370006759,1.0,1.0
1971-09-08,0.02908521908428573,1.0,1.0
1971-09-09,0.02411616566848029,1.0,1.0
1971-09-10,0.01747639728655965,1.0,1.0
1971-09-13,0.01467675772361765,1.0,1.0
1971-09-14,0.02981410786429459,1.0,1.0
1971-09-15,0.01703535338660045,1.0,1.0
1971-09-16,0.011876634749173654,1.0,1.0
1971-09-17,0.009671122067873305,1.0,1.0
1971-09-20,0.010554128846167852,1.0,1.0
1971-09-21,0.010933934852791939,1.0,1.0
1971-09-22,0.03642967406101335,1.0,1.0
1971-09-23,0.018205579111316785,1.0,1.0
1971-09-24,0.012316017670908806,1.0,1.0
1971-09-27,0.017659551052437595,1.0,1.0
1971-09-28,0.011114112691653948,1.0,1.0
1971-09-29,0.00875669007958955,1.0,1.0
1971-09-30,0.00995094281255244,1.0,1.0
1971-10-01,0.01276502836761639,1.0,1.0
1971-10-04,0.009741906527633579,1.0,1.0
1971-10-05,0.008708275811426682,1.0,1.0
1971-10-06,0.015112874897196909,1.0,1.0
1971-10-07,0.010316013194656935,1.0,1.0
1971-10-08,0.017800575019260474,1.0,1.0
1971-10-11,0.012599280592646346,1.0,1.0
1971-10-12,0.010328613184838001,1.0,1.0
1971-10-13,0.014569226564330058,1.0,1.0
1971-10-14,0.04668958001978422,1.0,1.0
1971-10-15,0.030758345161319554,1.0,1.0
1971-10-18,0.026421787894622732,1.0,1.0
1971-10-19,0.020504718340334297,1.0,1.0
1971-10-20,0.2737565278375134,0.0,1.0
1971-10-21,0.11398484514366405,1.0,1.0
1971-10-22,0.04657845190312659,1.0,1.0
1971-10-25,0.03168401469057443,1.0,1.0
1971-10-26,0.027464927571486955,1.0,1.0
1971-10-27,0.10626205157177279,1.0,1.0
1971-10-28,0.042614626121665715,1.0,1.0
1971-10-29,0.024735030531899276,1.0,1.0
1971-11-01,0.3955101033615348,0.0,1.0
1971-11-02,0.18342858229524056,1.0,1.0
1971-11-03,0.8403631036775014,0.0,1.0
1971-11-04,0.5479271037267807,0.0,1.0
1971-11-05,0.3128711690763503,0.0,1.0
1971-11-08,0.13678035685150827,1.0,1.0
1971-11-09,0.0542060532199583,1.0,1.0
1971-11-10,0.20545535605638432,0.0,1.0
1971-11-11,0.7286284425590599,0.0,1.0
1971-11-12,0.4270071938936405,0.0,1.0
1971-11-15,0.24509922927501718,0.0,1.0
1971-11-16,0.25038849377300376,0.0,1.0
1971-11-17,0.10198856324579737,1.0,1.0
1971-11-18,0.11065055623285076,1.0,1.0
1971-11-19,0.08970880763140662,1.0,1.0
1971-11-22,0.19486181719677148,1.0,1.0
1971-11-23,0.22445902598024184,0.0,1.0
1971-11-24,0.09154762869780216,1.0,1.0
1971-11-26,0.8225577959603552,0.0,1.0
1971-11-29,0.992514568354998,0.0,0.0
1971-11-30,0.8735506011793095,0.0,0.0
1971-12-01,0.9911427279422568,0.0,0.0
1971-12-02,0.7842452304532685,0.0,0.0
1971-12-03,0.856680548105525,0.0,0.0
1971-12-06,0.6747974019229709,0.0,0.0
1971-12-07,0.4182919251663723,0.0,0.0
1971-12-08,0.18862516997331544,1.0,0.0
1971-12-09,0.07551255631560275,1.0,0.0
1971-12-10,0.07031424427792152,1.0,0.0
1971-12-13,0.03339123574816694,1.0,1.0
1971-12-14,0.02328974758840816,1.0,1.0
1971-12-15,0.030300513526432236,1.0,1.0
1971-12-16,0.07799239702949037,1.0,1.0
1971-12-17,0.042135073862579635,1.0,1.0
1971-12-20,0.13641341702564697,1.0,1.0
1971-12-21,0.05596467494502273,1.0,1.0
1971-12-22,0.048121911851247756,1.0,1.0
1971-12-23,0.032496379132412406,1.0,1.0
1971-12-27,0.016055862115650316,1.0,1.0
1971-12-28,0.03143665958418756,1.0,1.0
1971-12-29,0.017094204173057764,1.0,1.0
1971-12-30,0.013933240660940547,1.0,1.0
1971-12-31,0.011352376053707411,1.0,1.0
1972-01-03,0.012057829214793299,1.0,1.0
1972-01-04,0.01050479004127347,1.0,1.0
1972-01-05,0.02959320861997168,1.0,1.0
1972-01-06,0.01837568909439333,1.0,1.0
1972-01-07,0.011278713191472183,1.0,1.0
1972-01-10,0.008943824423120647,1.0,1.0
1972-01-11,0.009288261553797115,1.0,1.0
1972-01-12,0.008366889180265492,1.0,1.0
1972-01-13,0.015746146347015513,1.0,1.0
1972-01-14,0.012070910493590891,1.0,1.0
1972-01-17,0.009885480190751257,1.0,1.0
1972-01-18,0.009655713559733102,1.0,1.0
1972-01-19,0.00891007949306913,1.0,1.0
1972-01-20,0.00827592589804962,1.0,1.0
1972-01-21,0.008677597243149256,1.0,1.0
1972-01-24,0.06575635000037781,1.0,1.0
1972-01-25,0.027924225792344593,1.0,1.0
1972-01-26,0.01573882530934192,1.0,1.0
1972-01-27,0.05203996911820515,1.0,1.0
1972-01-28,0.043900236567943667,1.0,1.0
1972-01-31,0.020611730794527668,1.0,1.0
1972-02-01,0.011969450914022886,1.0,1.0
1972-02-02,0.014272062204106685,1.0,1.0
1972-02-03,0.009904856938393065,1.0,1.0
1972-02-04,0.009394879872650655,1.0,1.0
1972-02-07,0.01085291360061291,1.0,1.0
1972-02-08,0.00864049387209562,1.0,1.0
1972-02-09,0.015069701010596829,1.0,1.0
1972-02-10,0.010060235448097653,1.0,1.0
1972-02-11,0.011978501184978821,1.0,1.0
1972-02-14,0.012899886919161174,1.0,1.0
1972-02-15,0.011559480567792421,1.0,1.0
1972-02-16,0.011558403150104564,1.0,1.0
1972-02-17,0.009039847446495062,1.0,1.0
1972-02-18,0.009390473550668025,1.0,1.0
1972-02-22,0.008215112671433248,1.0,1.0
1972-02-23,0.007732457603407642,1.0,1.0
1972-02-24,0.007620428989107471,1.0,1.0
1972-02-25,0.012173620296188337,1.0,1.0
1972-02-28,0.009096245983313477,1.0,1.0
1972-02-29,0.009572996251881552,1.0,1.0
1972-03-01,0.018765875210942962,1.0,1.0
1972-03-02,0.011300567506557672,1.0,1.0
1972-03-03,0.013101607476473296,1.0,1.0
1972-03-06,0.019213628991093485,1.0,1.0
1972-03-07,0.011469955711885598,1.0,1.0
1972-03-08,0.008972110033085548,1.0,1.0
1972-03-09,0.008016436546513248,1.0,1.0
1972-03-10,0.014105161501505524,1.0,1.0
1972-03-13,0.05116441318687119,1.0,1.0
1972-03-14,0.023964726018721436,1.0,1.0
1972-03-15,0.01305455490351316,1.0,1.0
1972-03-16,0.01148322229706667,1.0,1.0
1972-03-17,0.009363754249545943,1.0,1.0
1972-03-20,0.011350845555938485,1.0,1.0
1972-03-21,0.04502746050248489,1.0,1.0
1972-03-22,0.020539166700542132,1.0,1.0
1972-03-23,0.039362717568281164,1.0,1.0
1972-03-24,0.02092428827816157,1.0,1.0
1972-03-27,0.013716925472458529,1.0,1.0
1972-03-28,0.010078680092076202,1.0,1.0
1972-03-29,0.01738484666423218,1.0,1.0
1972-03-30,0.016963711674573664,1.0,1.0
1972-04-03,0.011076054762732856,1.0,1.0
1972-04-04,0.013646291353915655,1.0,1.0
1972-04-05,0.02289620602903434,1.0,1.0
1972-04-06,0.014960800594808279,1.0,1.0
1972-04-07,0.010541572788177219,1.0,1.0
1972-04-10,0.009251561173123236,1.0,1.0
1972-04-11,0.009174169197466117,1.0,1.0
1972-04-12,0.009144758712317916,1.0,1.0
1972-04-13,0.009764230970180672,1.0,1.0
1972-04-14,0.008282887033630443,1.0,1.0
1972-04-17,0.009311842783177158,1.0,1.0
1972-04-18,0.008210519542452978,1.0,1.0
1972-04-19,0.017190867258867332,1.0,1.0
1972-04-20,0.011958575976475823,1.0,1.0
1972-04-21,0.00984138525041969,1.0,1.0
1972-04-24,0.01969988698249162,1.0,1.0
1972-04-25,0.06880981759917314,1.0,1.0
1972-04-26,0.03367985566815137,1.0,1.0
1972-04-27,0.016387624460823605,1.0,1.0
1972-04-28,0.014106069400130714,1.0,1.0
1972-05-01,0.045208701501594444,1.0,1.0
1972-05-02,0.04099570789627842,1.0,1.0
1972-05-03,0.02197916100320238,1.0,1.0
1972-05-04,0.012839703500251654,1.0,1.0
1972-05-05,0.010540414893675647,1.0,1.0
1972-05-08,0.014504776492179695,1.0,1.0
1972-05-09,0.30039937729203847,0.0,1.0
1972-05-10,0.2111744073654858,1.0,1.0
1972-05-11,0.09955883351671511,1.0,1.0
1972-05-12,0.07082723795295244,1.0,1.0
1972-05-15,0.03889409969546369,1.0,1.0
1972-05-16,0.021133512377204008,1.0,1.0
1972-05-17,0.012378757459654463,1.0,1.0
1972-05-18,0.02734852332325904,1.0,1.0
1972-05-19,0.04323327461216348,1.0,1.0
1972-05-22,0.028385132664265122,1.0,1.0
1972-05-23,0.014617795516864651,1.0,1.0
1972-05-24,0.011659613638110376,1.0,1.0
1972-05-25,0.009101702434938713,1.0,1.0
1972-05-26,0.008116587301693413,1.0,1.0
1972-05-30,0.010182909500285602,1.0,1.0
1972-05-31,0.023686966586863267,1.0,1.0
1972-06-01,0.013379910372623986,1.0,1.0
1972-06-02,0.00948239293263833,1.0,1.0
1972-06-05,0.02772910325886893,1.0,1.0
1972-06-06,0.02728798094985746,1.0,1.0
1972-06-07,0.024078710791870798,1.0,1.0
1972-06-08,0.016431686338073594,1.0,1.0
1972-06-09,0.016639962437406876,1.0,1.0
1972-06-12,0.010567970472212525,1.0,1.0
1972-06-13,0.01027029503539659,1.0,1.0
1972-06-14,0.017280768693054945,1.0,1.0
1972-06-15,0.011116897742252746,1.0,1.0
1972-06-16,0.009108624114045545,1.0,1.0
1972-06-19,0.009011166980707206,1.0,1.0
1972-06-20,0.00908282260771435,1.0,1.0
1972-06-21,0.008090290398465991,1.0,1.0
1972-06-22,0.008487719662865729,1.0,1.0
1972-06-23,0.011629871199278035,1.0,1.0
1972-06-26,0.0232294607937725,1.0,1.0
1972-06-27,0.013628162656932591,1.0,1.0
1972-06-28,0.012971123518853333,1.0,1.0
1972-06-29,0.010556142350055258,1.0,1.0
1972-06-30,0.009949208036047277,1.0,1.0
1972-07-03,0.009276880938000219,1.0,1.0
1972-07-05,0.011718076092797647,1.0,1.0
1972-07-06,0.018664408417990243,1.0,1.0
1972-07-07,0.014302027489298904,1.0,1.0
1972-07-10,0.01868533005081922,1.0,1.0
1972-07-11,0.03326619182703811,1.0,1.0
1972-07-12,0.029665302154292483,1.0,1.0
1972-07-13,0.0330615596348181,1.0,1.0
1972-07-14,0.02036867243704438,1.0,1.0
1972-07-17,0.05806422250980685,1.0,1.0
1972-07-18,0.026046853523056454,1.0,1.0
1972-07-19,0.014277534723910844,1.0,1.0
1972-07-20,0.01274182925791729,1.0,1.0
1972-07-21,0.01782092927517144,1.0,1.0
1972-07-24,0.05296700650815296,1.0,1.0
1972-07-25,0.029280551395797282,1.0,1.0
1972-07-26,0.015639807680603246,1.0,1.0
1972-07-27,0.013339291343295782,1.0,1.0
1972-07-28,0.009488503486363483,1.0,1.0
1972-07-31,0.008451330235106101,1.0,1.0
1972-08-01,0.025415529734284657,1.0,1.0
1972-08-02,0.03303801440724567,1.0,1.0
1972-08-03,0.03221666444632786,1.0,1.0
1972-08-04,0.01770289534850074,1.0,1.0
1972-08-07,0.010943984955113343,1.0,1.0
1972-08-08,0.008648961844505304,1.0,1.0
1972-08-09,0.007900573819811676,1.0,1.0
1972-08-10,0.007877454092549037,1.0,1.0
1972-08-11,0.01830666469894604,1.0,1.0
1972-08-14,0.013407246530334226,1.0,1.0
1972-08-15,0.014300484251056164,1.0,1.0
1972-08-16,0.011997058186605682,1.0,1.0
1972-08-17,0.010374974423382897,1.0,1.0
1972-08-18,0.010083384186481548,1.0,1.0
1972-08-21,0.008700359299394595,1.0,1.0
1972-08-22,0.010635641271441143,1.0,1.0
1972-08-23,0.009285845536688686,1.0,1.0
1972-08-24,0.06397334144650897,1.0,1.0
1972-08-25,0.02933699008907696,1.0,1.0
1972-08-28,0.023004260598406767,1.0,1.0
1972-08-29,0.01228895472898155,1.0,1.0
1972-08-30,0.008654916492710206,1.0,1.0
1972-08-31,0.009148608225222937,1.0,1.0
1972-09-01,0.00894971086806242,1.0,1.0
1972-09-05,0.00927126790081116,1.0,1.0
1972-09-06,0.015697749150515136,1.0,1.0
1972-09-07,0.012669664224358576,1.0,1.0
1972-09-08,0.009409904221966069,1.0,1.0
1972-09-11,0.019383425253163885,1.0,1.0
1972-09-12,0.05689290217086755,1.0,1.0
1972-09-13,0.02654974657194569,1.0,1.0
1972-09-14,0.013501759838158149,1.0,1.0
1972-09-15,0.009471954997071234,1.0,1.0
1972-09-18,0.00865423588402309,1.0,1.0
1972-09-19,0.007615406032413863,1.0,1.0
1972-09-20,0.0072584958236834776,1.0,1.0
1972-09-21,0.007821154225053884,1.0,1.0
1972-09-22,0.007119005710706133,1.0,1.0
1972-09-25,0.010868356510415986,1.0,1.0
1972-09-26,0.008140151776356736,1.0,1.0
1972-09-27,0.09753138154386404,1.0,1.0
1972-09-28,0.059036881611831876,1.0,1.0
1972-09-29,0.024760190880720043,1.0,1.0
1972-10-02,0.01642832599579904,1.0,1.0
1972-10-03,0.010005510887423037,1.0,1.0
1972-10-04,0.009387515499866946,1.0,1.0
1972-10-05,0.06869030688503884,1.0,1.0
1972-10-06,0.045430281069846125,1.0,1.0
1972-10-09,0.02062184721229921,1.0,1.0
1972-10-10,0.01143333550092976,1.0,1.0
1972-10-11,0.013133686723665864,1.0,1.0
1972-10-12,0.03337647178198956,1.0,1.0
1972-10-13,0.03856124142934975,1.0,1.0
1972-10-16,0.12049486086803286,1.0,1.0
1972-10-17,0.07190206653048437,1.0,1.0
1972-10-18,0.043563294575618874,1.0,1.0
1972-10-19,0.020492739036009462,1.0,1.0
1972-10-20,0.04617859060949003,1.0,1.0
1972-10-23,0.06431953998449493,1.0,1.0
1972-10-24,0.029015646621543417,1.0,1.0
1972-10-25,0.014582207044887833,1.0,1.0
1972-10-26,0.010493748173797267,1.0,1.0
1972-10-27,0.00990869450081082,1.0,1.0
1972-10-30,0.007982984401016793,1.0,1.0
1972-10-31,0.02350892617542613,1.0,1.0
1972-11-01,0.05017282917661166,1.0,1.0
1972-11-02,0.027603573627318894,1.0,1.0
1972-11-03,0.034623502467467995,1.0,1.0
1972-11-06,0.017818596749309773,1.0,1.0
1972-11-08,0.01707952104242937,1.0,1.0
1972-11-09,0.010225087646721549,1.0,1.0
1972-11-10,0.008588104052938148,1.0,1.0
1972-11-13,0.007377360035639591,1.0,1.0
1972-11-14,0.017258343744907895,1.0,1.0
1972-11-15,0.013525390074623863,1.0,1.0
1972-11-16,0.012035620766952207,1.0,1.0
1972-11-17,0.009313091963469303,1.0,1.0
1972-11-20,0.007653888769452863,1.0,1.0
1972-11-21,0.009059472633065538,1.0,1.0
1972-11-22,0.011494002337707905,1.0,1.0
1972-11-24,0.008925201389819809,1.0,1.0
1972-11-27,0.010416740570645221,1.0,1.0
1972-11-28,0.008933173735836856,1.0,1.0
1972-11-29,0.007526322351442674,1.0,1.0
1972-11-30,0.007414610440750409,1.0,1.0
1972-12-01,0.011827832324659398,1.0,1.0
1972-12-04,0.009237076674858784,1.0,1.0
1972-12-05,0.008642608497062578,1.0,1.0
1972-12-06,0.008136094682711861,1.0,1.0
1972-12-07,0.00873471241020997,1.0,1.0
1972-12-08,0.007581994069946357,1.0,1.0
1972-12-11,0.007163878548297573,1.0,1.0
1972-12-12,0.010042372306382132,1.0,1.0
1972-12-13,0.008793186540745674,1.0,1.0
1972-12-14,0.009669971141972954,1.0,1.0
1972-12-15,0.007751439701771562,1.0,1.0
1972-12-18,0.06639561697831219,1.0,1.0
1972-12-19,0.04198736028775217,1.0,1.0
1972-12-20,0.025608733131144056,1.0,1.0
1972-12-21,0.030726718690018348,1.0,1.0
1972-12-22,0.022596382195526944,1.0,1.0
1972-12-26,0.012694217876515614,1.0,1.0
1972-12-27,0.010247701869619147,1.0,1.0
1972-12-29,0.035574900186816805,1.0,1.0
1973-01-02,0.04440245881406772,1.0,1.0
1973-01-03,0.02206970115972824,1.0,1.0
1973-01-04,0.013810296323787873,1.0,1.0
1973-01-05,0.009890317212613055,1.0,1.0
1973-01-08,0.007948734344214744,1.0,1.0
1973-01-09,0.0074797411986748785,1.0,1.0
1973-01-10,0.008379830857118926,1.0,1.0
1973-01-11,0.01046803347608855,1.0,1.0
1973-01-12,0.030975290907154607,1.0,1.0
1973-01-15,0.056723413088404076,1.0,1.0
1973-01-16,0.032156598644876015,1.0,1.0
1973-01-17,0.017461427515216524,1.0,1.0
1973-01-18,0.010403416479351973,1.0,1.0
1973-01-19,0.008928190486017742,1.0,1.0
1973-01-22,0.013414758404257397,1.0,1.0
1973-01-23,0.009818808840362975,1.0,1.0
1973-01-24,0.19872426702205798,1.0,1.0
1973-01-26,0.1053140592087776,1.0,1.0
1973-01-29,0.07004664421728612,1.0,1.0
1973-01-30,0.03148282373104221,1.0,1.0
1973-01-31,0.015173093701986174,1.0,1.0
1973-02-01,0.09764808998565282,1.0,1.0
1973-02-02,0.05559758501743221,1.0,1.0
1973-02-05,0.02625933395684694,1.0,1.0
1973-02-06,0.0136206115772203,1.0,1.0
1973-02-07,0.028036573680064073,1.0,1.0
1973-02-08,0.021210610662516626,1.0,1.0
1973-02-09,0.1336813679989587,1.0,1.0
1973-02-12,0.21396918191459777,1.0,1.0
1973-02-13,0.10961472990577197,1.0,1.0
1973-02-14,0.6109754521659769,0.0,1.0
1973-02-15,0.5450621755976588,0.0,1.0
1973-02-16,0.2952126105375352,0.0,1.0
1973-02-20,0.12782602958763462,1.0,1.0
1973-02-21,0.13334971062925344,1.0,1.0
1973-02-22,0.06475799872129248,1.0,1.0
1973-02-23,0.19050221377090937,1.0,1.0
1973-02-26,0.26128492872447373,0.0,1.0
1973-02-27,0.571262929392546,0.0,1.0
1973-02-28,0.39456978231588524,0.0,1.0
1973-03-01,0.25385025194744654,0.0,1.0
1973-03-02,0.22977534569097596,0.0,1.0
1973-03-05,0.10468108729691714,1.0,1.0
1973-03-06,0.2937857327546401,0.0,1.0
1973-03-07,0.13781794409056114,1.0,1.0
1973-03-08,0.05944319242589452,1.0,1.0
1973-03-09,0.031768857608576395,1.0,1.0
1973-03-12,0.014673036071285603,1.0,1.0
1973-03-13,0.01070460950768386,1.0,1.0
1973-03-14,0.007892948378713203,1.0,1.0
1973-03-15,0.016545232307027476,1.0,1.0
1973-03-16,0.01594038601041134,1.0,1.0
1973-03-19,0.11625337794907792,1.0,1.0
1973-03-20,0.056631326590871396,1.0,1.0
1973-03-21,0.3024557580822146,0.0,1.0
1973-03-22,0.9468936529243677,0.0,0.0
1973-03-23,0.7121558515226482,0.0,0.0
1973-03-26,0.5946851007091674,0.0,0.0
1973-03-27,0.8965248410336978,0.0,0.0
1973-03-28,0.631294908335606,0.0,0.0
1973-03-29,0.6586433980413863,0.0,0.0
1973-03-30,0.7213868068037383,0.0,0.0
1973-04-02,0.9001869202814978,0.0,0.0
1973-04-03,0.9131799682455554,0.0,0.0
1973-04-04,0.803382054428304,0.0,0.0
1973-04-05,0.6131044482311843,0.0,0.0
1973-04-06,0.4738759636315376,0.0,0.0
1973-04-09,0.7354619740028631,0.0,0.0
1973-04-10,0.8137823127277364,0.0,0.0
1973-04-11,0.5620679121282666,0.0,0.0
1973-04-12,0.2880769409819428,0.0,0.0
1973-04-13,0.1621789261022417,1.0,0.0
1973-04-16,0.11034804116616485,1.0,0.0
1973-04-17,0.08057469246954578,1.0,0.0
1973-04-18,0.036024434372989855,1.0,1.0
1973-04-19,0.022509863293713257,1.0,1.0
1973-04-23,0.02167124048575894,1.0,1.0
1973-04-24,0.3636077823323023,0.0,1.0
1973-04-25,0.9275354599621389,0.0,0.0
1973-04-26,0.7016642276290304,0.0,0.0
1973-04-27,0.9751222392008747,0.0,0.0
1973-04-30,0.7876394177056073,0.0,0.0
1973-05-01,0.4891335528324018,0.0,0.0
1973-05-02,0.6864707563766578,0.0,0.0
1973-05-03,0.933341801660547,0.0,0.0
1973-05-04,0.8276467799504372,0.0,0.0
1973-05-07,0.6297697553423387,0.0,0.0
1973-05-08,0.434538214137688,0.0,0.0
1973-05-09,0.29095610492778856,0.0,0.0
1973-05-10,0.2499101550266702,0.0,0.0
1973-05-11,0.5547332278378183,0.0,0.0
1973-05-14,0.9991756362791279,0.0,0.0
1973-05-15,0.8346818345047237,0.0,0.0
1973-05-16,0.5599901320660926,0.0,0.0
1973-05-17,0.6277309541116147,0.0,0.0
1973-05-18,0.9947210317690599,0.0,0.0
1973-05-21,0.9942518096748377,0.0,0.0
1973-05-22,0.892842672268674,0.0,0.0
1973-05-23,0.6671338655443153,0.0,0.0
1973-05-24,0.9999876286831542,0.0,0.0
1973-05-25,0.9348988855761688,0.0,0.0
1973-05-29,0.7380731450830322,0.0,0.0
1973-05-30,0.9774046686823249,0.0,0.0
1973-05-31,0.9359337402528457,0.0,0.0
1973-06-01,0.9198782082413267,0.0,0.0
1973-06-04,0.9521634212890198,0.0,0.0
1973-06-05,0.9741128383639851,0.0,0.0
1973-06-06,0.7893657650163131,0.0,0.0
1973-06-07,0.9200316540266875,0.0,0.0
1973-06-08,0.9125834874596872,0.0,0.0
1973-06-11,0.7030975160542746,0.0,0.0
1973-06-12,0.9291132333017721,0.0,0.0
1973-06-13,0.7763669801657099,0.0,0.0
1973-06-14,0.8703713030034728,0.0,0.0
1973-06-15,0.9591793036142461,0.0,0.0
1973-06-18,0.9899838035416801,0.0,0.0
1973-06-19,0.7968009581780708,0.0,0.0
1973-06-20,0.5393904409455638,0.0,0.0
1973-06-21,0.781356046826969,0.0,0.0
1973-06-22,0.5268315685720283,0.0,0.0
1973-06-25,0.9220684564631925,0.0,0.0
1973-06-26,0.8583429857251473,0.0,0.0
1973-06-27,0.5986669272104002,0.0,0.0
1973-06-28,0.6376637574156996,0.0,0.0
1973-06-29,0.4000988797552572,0.0,0.0
1973-07-02,0.7291661189148146,0.0,0.0
1973-07-03,0.7741457151998222,0.0,0.0
1973-07-05,0.49632286455444047,0.0,0.0
1973-07-06,0.3074121820579546,0.0,0.0
1973-07-09,0.2580809984316418,0.0,0.0
1973-07-10,0.6583153256896661,0.0,0.0
1973-07-11,0.9984882882079817,0.0,0.0
1973-07-12,0.808568736250736,0.0,0.0
1973-07-13,0.8968554896191138,0.0,0.0
1973-07-16,0.9787914350494098,0.0,0.0
1973-07-17,0.7807113294036534,0.0,0.0
1973-07-18,0.6828382765163401,0.0,0.0
1973-07-19,0.4166449010222022,0.0,0.0
1973-07-20,0.287327818504019,0.0,0.0
1973-07-23,0.12659661538192743,1.0,0.0
1973-07-24,0.06888182776666427,1.0,0.0
1973-07-25,0.29266938910494067,0.0,0.0
1973-07-26,0.12064317192686046,1.0,0.0
1973-07-27,0.05345754412862796,1.0,0.0
1973-07-30,0.027941745775665553,1.0,1.0
1973-07-31,0.0478495900541566,1.0,1.0
1973-08-01,0.2901492774506821,0.0,1.0
1973-08-02,0.12464430319284549,1.0,1.0
1973-08-03,0.04982340314687246,1.0,1.0
1973-08-06,0.022209713582841423,1.0,1.0
1973-08-07,0.012266182708372363,1.0,1.0
1973-08-08,0.041692613145509254,1.0,1.0
1973-08-09,0.018166984975313116,1.0,1.0
1973-08-10,0.031592244058746825,1.0,1.0
1973-08-13,0.10452460853166722,1.0,1.0
1973-08-14,0.1679452305263138,1.0,1.0
1973-08-15,0.06834847975078076,1.0,1.0
1973-08-16,0.04586182621051159,1.0,1.0
1973-08-17,0.01942787299731121,1.0,1.0
1973-08-20,0.028928742612537417,1.0,1.0
1973-08-21,0.0406781815248028,1.0,1.0
1973-08-22,0.0272877496118168,1.0,1.0
1973-08-23,0.12272063420662022,1.0,1.0
1973-08-24,0.05038960534850828,1.0,1.0
1973-08-27,0.037855676608417134,1.0,1.0
1973-08-28,0.02155164156748832,1.0,1.0
1973-08-29,0.03914209087095264,1.0,1.0
1973-08-30,0.01852130074901582,1.0,1.0
1973-08-31,0.014373484789884719,1.0,1.0
1973-09-04,0.010656431428656738,1.0,1.0
1973-09-05,0.008094612709191987,1.0,1.0
1973-09-06,0.009032944299821252,1.0,1.0
1973-09-07,0.007923392996521585,1.0,1.0
1973-09-10,0.02574797951984333,1.0,1.0
1973-09-11,0.024721130730990165,1.0,1.0
1973-09-12,0.014925556284845829,1.0,1.0
1973-09-13,0.010205455585545897,1.0,1.0
1973-09-14,0.02161007187670638,1.0,1.0
1973-09-17,0.012069711785145685,1.0,1.0
1973-09-18,0.009505011710212058,1.0,1.0
1973-09-19,0.6032955738321352,0.0,1.0
1973-09-20,0.6057342120089699,0.0,1.0
1973-09-21,0.41304092917900737,0.0,1.0
1973-09-24,0.2132539093230121,0.0,1.0
1973-09-25,0.11954820875672988,1.0,1.0
1973-09-26,0.08997812811564819,1.0,1.0
1973-09-27,0.03992766230579926,1.0,1.0
1973-09-28,0.028890207825931845,1.0,1.0
1973-10-01,0.0156936979752424,1.0,1.0
1973-10-02,0.014568547341890115,1.0,1.0
1973-10-03,0.009298294623151328,1.0,1.0
1973-10-04,0.0099850874524021,1.0,1.0
1973-10-05,0.05069059714398794,1.0,1.0
1973-10-08,0.028301606410972714,1.0,1.0
1973-10-09,0.014939714964848678,1.0,1.0
1973-10-10,0.03821069038582049,1.0,1.0
1973-10-11,0.4619756532859632,0.0,1.0
1973-10-12,0.25880209523012554,0.0,1.0
1973-10-15,0.5613240049173425,0.0,1.0
1973-10-16,0.30589420667962647,0.0,1.0
1973-10-17,0.16193291621124506,1.0,1.0
1973-10-18,0.06900674077891507,1.0,1.0
1973-10-19,0.030830039172729015,1.0,1.0
1973-10-22,0.09764148024371697,1.0,1.0
1973-10-23,0.046751201949564385,1.0,1.0
1973-10-24,0.02309083987945616,1.0,1.0
1973-10-25,0.012592160569142398,1.0,1.0
1973-10-26,0.016477112077435557,1.0,1.0
1973-10-29,0.011655334328474702,1.0,1.0
1973-10-30,0.2687413681784259,0.0,1.0
1973-10-31,0.3470680994613269,0.0,1.0
1973-11-01,0.26311443228531567,0.0,1.0
1973-11-02,0.1905877612186292,0.0,1.0
1973-11-05,0.8469619152979159,0.0,1.0
1973-11-06,0.7935151988737438,0.0,1.0
1973-11-07,0.6525386171259637,0.0,1.0
1973-11-08,0.7508223898433221,0.0,1.0
1973-11-09,0.9717030321908248,0.0,0.0
1973-11-12,0.952758158856225,0.0,0.0
1973-11-13,0.8022873377843988,0.0,0.0
1973-11-14,0.9972588107234548,0.0,0.0
1973-11-15,0.8618190148895414,0.0,0.0
1973-11-16,0.9047202680409988,0.0,0.0
1973-11-19,0.999999773966416,0.0,0.0
1973-11-20,0.9999547029119634,0.0,0.0
1973-11-21,0.9659715635765638,0.0,0.0
1973-11-23,0.8049619694958574,0.0,0.0
1973-11-26,0.9999994517121622,0.0,0.0
1973-11-27,0.9659640717674022,0.0,0.0
1973-11-28,0.9990496146428882,0.0,0.0
1973-11-29,0.8875755080637607,0.0,0.0
1973-11-30,0.9758038671782714,0.0,0.0
1973-12-03,0.9997517673841141,0.0,0.0
1973-12-04,0.8977690658256132,0.0,0.0
1973-12-05,0.9965639739450444,0.0,0.0
1973-12-06,0.999883408228839,0.0,0.0
1973-12-07,0.9998364245923164,0.0,0.0
1973-12-10,0.9931389712638657,0.0,0.0
1973-12-11,0.9990614708217416,0.0,0.0
1973-12-12,0.9999964842512811,0.0,0.0
1973-12-13,0.9956314443921463,0.0,0.0
1973-12-14,0.9695976723999082,0.0,0.0
1973-12-17,0.8989990022660598,0.0,0.0
1973-12-18,0.9969532496415058,0.0,0.0
1973-12-19,0.8564413908824217,0.0,0.0
1973-12-20,0.662652610995825,0.0,0.0
1973-12-21,0.7580672537978305,0.0,0.0
1973-12-24,0.6660391928279488,0.0,0.0
1973-12-26,0.9999644547089849,0.0,0.0
1973-12-27,0.9992929754872077,0.0,0.0
1973-12-28,0.8651773414809772,0.0,0.0
1973-12-31,0.6358902967169556,0.0,0.0
1974-01-02,0.38170612732973636,0.0,0.0
1974-01-03,0.9980735109335985,0.0,0.0
1974-01-04,0.9166270519190232,0.0,0.0
1974-01-07,0.802522175267855,0.0,0.0
1974-01-08,0.9948720494881089,0.0,0.0
1974-01-09,0.9999987167552449,0.0,0.0
1974-01-10,0.9773849019697312,0.0,0.0
1974-01-11,0.9655543960043905,0.0,0.0
1974-01-14,0.804215186917502,0.0,0.0
1974-01-15,0.7137765858360591,0.0,0.0
1974-01-16,0.9323917200978639,0.0,0.0
1974-01-17,0.9926990420269464,0.0,0.0
1974-01-18,0.9964801426640382,0.0,0.0
1974-01-21,0.8736844822854185,0.0,0.0
1974-01-22,0.8666678553229681,0.0,0.0
1974-01-23,0.6947060094747359,0.0,0.0
1974-01-24,0.45961224749584256,0.0,0.0
1974-01-25,0.23803901824602114,0.0,0.0
1974-01-28,0.15702798034121454,1.0,0.0
1974-01-29,0.07107899178783902,1.0,0.0
1974-01-30,0.11408088176002064,1.0,0.0
1974-01-31,0.0697781058544262,1.0,0.0
1974-02-01,0.28086144275194047,0.0,0.0
1974-02-04,0.985974487778642,0.0,0.0
1974-02-05,0.8733876051363038,0.0,0.0
1974-02-06,0.6601992332107365,0.0,0.0
1974-02-07,0.39124298456668427,0.0,0.0
1974-02-08,0.5193456676732715,0.0,0.0
1974-02-11,0.9828326499712701,0.0,0.0
1974-02-12,0.8273739396586332,0.0,0.0
1974-02-13,0.5811282322069954,0.0,0.0
1974-02-14,0.3219037443864945,0.0,0.0
1974-02-15,0.6404152763684153,0.0,0.0
1974-02-19,0.384428911699174,0.0,0.0
1974-02-20,0.6495064058847699,0.0,0.0
1974-02-21,0.8355991507904853,0.0,0.0
1974-02-22,0.7707442620491654,0.0,0.0
1974-02-25,0.5453118287245053,0.0,0.0
1974-02-26,0.5985832697798695,0.0,0.0
1974-02-27,0.40002602826474304,0.0,0.0
1974-02-28,0.20964402758982761,0.0,0.0
1974-03-01,0.1667655506795041,1.0,0.0
1974-03-04,0.07275472672091672,1.0,0.0
1974-03-05,0.6930710512922258,0.0,0.0
1974-03-06,0.5196104510216253,0.0,0.0
1974-03-07,0.6324918524505142,0.0,0.0
1974-03-08,0.5403707293816876,0.0,0.0
1974-03-11,0.6062042625969034,0.0,0.0
1974-03-12,0.35289538833400963,0.0,0.0
1974-03-13,0.22123157433598462,0.0,0.0
1974-03-14,0.09803240257877825,1.0,0.0
1974-03-15,0.05106314545329329,1.0,0.0
1974-03-18,0.2683117257497686,0.0,0.0
1974-03-19,0.3176062110431431,0.0,0.0
1974-03-20,0.15485275973089555,1.0,0.0
1974-03-21,0.0757336023891198,1.0,0.0
1974-03-22,0.03507982764821725,1.0,1.0
1974-03-25,0.017898551922168014,1.0,1.0
1974-03-26,0.011303663870364657,1.0,1.0
1974-03-27,0.14187602815485387,1.0,1.0
1974-03-28,0.9362058109752481,0.0,0.0
1974-03-29,0.906475771335729,0.0,0.0
1974-04-01,0.8769429500919166,0.0,0.0
1974-04-02,0.6624966955055969,0.0,0.0
1974-04-03,0.6003431444465896,0.0,0.0
1974-04-04,0.34994316798725356,0.0,0.0
1974-04-05,0.8199225219487193,0.0,0.0
1974-04-08,0.8935157002609011,0.0,0.0
1974-04-09,0.7396506319438074,0.0,0.0
1974-04-10,0.5095130363384107,0.0,0.0
1974-04-11,0.3052940128159762,0.0,0.0
1974-04-15,0.15153790685046445,1.0,0.0
1974-04-16,0.6501779480657905,0.0,0.0
1974-04-17,0.5201348485095731,0.0,0.0
1974-04-18,0.30291269777126373,0.0,0.0
1974-04-19,0.505721506233931,0.0,0.0
1974-04-22,0.3388737186267345,0.0,0.0
1974-04-23,0.9744776341998711,0.0,0.0
1974-04-24,0.998213973494913,0.0,0.0
1974-04-25,0.9706967663497639,0.0,0.0
1974-04-26,0.8686291486114154,0.0,0.0
1974-04-29,0.655320247164362,0.0,0.0
1974-04-30,0.4066190055017442,0.0,0.0
1974-05-01,0.978738528262534,0.0,0.0
1974-05-02,0.8414282618335948,0.0,0.0
1974-05-03,0.8396398592263208,0.0,0.0
1974-05-06,0.6243836792829461,0.0,0.0
1974-05-07,0.3691366556381419,0.0,0.0
1974-05-08,0.1795706601387735,1.0,0.0
1974-05-09,0.27117163647117365,0.0,0.0
1974-05-10,0.9071150327772884,0.0,0.0
1974-05-13,0.9198779459920989,0.0,0.0
1974-05-14,0.73185054602638,0.0,0.0
1974-05-15,0.5072508840254079,0.0,0.0
1974-05-16,0.4455059288215069,0.0,0.0
1974-05-17,0.9791265358320406,0.0,0.0
1974-05-20,0.888436582135258,0.0,0.0
1974-05-21,0.6812413412504634,0.0,0.0
1974-05-22,0.7944232843482966,0.0,0.0
1974-05-23,0.5475785716948451,0.0,0.0
1974-05-24,0.9051099405799382,0.0,0.0
1974-05-28,0.7346792214061545,0.0,0.0
1974-05-29,0.9836244849002541,0.0,0.0
1974-05-30,0.8836032169804775,0.0,0.0
1974-05-31,0.6845822808687286,0.0,0.0
1974-06-03,0.9880252060161722,0.0,0.0
1974-06-04,0.9763613561492931,0.0,0.0
1974-06-05,0.8394319904568431,0.0,0.0
1974-06-06,0.9872603838694195,0.0,0.0
1974-06-07,0.9050046485769544,0.0,0.0
1974-06-10,0.7704296404047208,0.0,0.0
1974-06-11,0.7871246489683277,0.0,0.0
1974-06-12,0.6093392474544841,0.0,0.0
1974-06-13,0.3582331565729312,0.0,0.0
1974-06-14,0.5488693795819983,0.0,0.0
1974-06-17,0.896465436686522,0.0,0.0
1974-06-18,0.8388188019068774,0.0,0.0
1974-06-19,0.8040313952499168,0.0,0.0
1974-06-20,0.805696377346922,0.0,0.0
1974-06-21,0.8580869339595396,0.0,0.0
1974-06-24,0.6325083745934972,0.0,0.0
1974-06-25,0.827563818528415,0.0,0.0
1974-06-26,0.986762533222326,0.0,0.0
1974-06-27,0.9961396356356269,0.0,0.0
1974-06-28,0.9258492187581546,0.0,0.0
1974-07-01,0.7562548350404964,0.0,0.0
1974-07-02,0.9991842541155966,0.0,0.0
1974-07-03,0.8849267440546565,0.0,0.0
1974-07-05,0.7891093999973047,0.0,0.0
1974-07-08,0.9999998727110312,0.0,0.0
1974-07-09,0.8831578666706643,0.0,0.0
1974-07-10,0.9962129518204745,0.0,0.0
1974-07-11,0.8777857353882069,0.0,0.0
1974-07-12,0.9999999999402318,0.0,0.0
1974-07-15,0.9397044560432349,0.0,0.0
1974-07-16,0.9515409528173663,0.0,0.0
1974-07-17,0.9426320503923757,0.0,0.0
1974-07-18,0.7717075382853723,0.0,0.0
1974-07-19,0.5300101846873696,0.0,0.0
1974-07-22,0.30134308430840556,0.0,0.0
1974-07-23,0.3865580024405598,0.0,0.0
1974-07-24,0.20793160136022099,0.0,0.0
1974-07-25,0.5178005042034093,0.0,0.0
1974-07-26,0.9780878190977408,0.0,0.0
1974-07-29,0.9988346865963119,0.0,0.0
1974-07-30,0.9267082531546338,0.0,0.0
1974-07-31,0.9911117099677803,0.0,0.0
1974-08-01,0.9307757515338276,0.0,0.0
1974-08-02,0.7746791750580126,0.0,0.0
1974-08-05,0.7377865463334823,0.0,0.0
1974-08-06,0.9588389225633001,0.0,0.0
1974-08-07,0.9999480062741973,0.0,0.0
1974-08-08,0.9876527961531945,0.0,0.0
1974-08-09,0.9270272164338417,0.0,0.0
1974-08-12,0.9646971242111726,0.0,0.0
1974-08-13,0.9970913049732605,0.0,0.0
1974-08-14,0.9999195463434523,0.0,0.0
1974-08-15,0.9305768931190856,0.0,0.0
1974-08-16,0.9108894091781365,0.0,0.0
1974-08-19,0.9861055259381378,0.0,0.0
1974-08-20,0.8687515946389547,0.0,0.0
1974-08-21,0.9964497166251688,0.0,0.0
1974-08-22,0.9811936612913001,0.0,0.0
1974-08-23,0.9971464509619139,0.0,0.0
1974-08-26,0.9250413030016859,0.0,0.0
1974-08-27,0.9938205729868298,0.0,0.0
1974-08-28,0.9318258591104528,0.0,0.0
1974-08-29,0.9816490183779427,0.0,0.0
1974-08-30,0.9999970958398069,0.0,0.0
1974-09-03,0.9999507421173195,0.0,0.0
1974-09-04,0.9999988249482152,0.0,0.0
1974-09-05,0.9999991446151362,0.0,0.0
1974-09-06,0.9560706967661606,0.0,0.0
1974-09-09,0.9999427755078046,0.0,0.0
1974-09-10,0.9726252769542748,0.0,0.0
1974-09-11,0.9631320716014569,0.0,0.0
1974-09-12,0.9999932519773518,0.0,0.0
1974-09-13,0.9999669909693213,0.0,0.0
1974-09-16,0.9933510049456705,0.0,0.0
1974-09-17,0.9968406148556967,0.0,0.0
1974-09-18,0.9229183692713889,0.0,0.0
1974-09-19,0.9999999414192772,0.0,0.0
1974-09-20,0.926281000659749,0.0,0.0
1974-09-23,0.9172072439005674,0.0,0.0
1974-09-24,0.998630413482033,0.0,0.0
1974-09-25,0.9414305435711406,0.0,0.0
1974-09-26,0.9969255234779293,0.0,0.0
1974-09-27,0.9999158004685637,0.0,0.0
1974-09-30,0.9999865968252531,0.0,0.0
1974-10-01,0.9309930164994481,0.0,0.0
1974-10-02,0.7924988449194608,0.0,0.0
1974-10-03,0.9924370354773124,0.0,0.0
1974-10-04,0.9060524114330082,0.0,0.0
1974-10-07,0.999999999104968,0.0,0.0
1974-10-08,0.9254698631407878,0.0,0.0
1974-10-09,0.9999999999960214,0.0,0.0
1974-10-10,0.9999994338942678,0.0,0.0
1974-10-11,0.9996069013104066,0.0,0.0
1974-10-14,0.9999210588042268,0.0,0.0
1974-10-15,0.9988110766274604,0.0,0.0
1974-10-16,0.996585361172557,0.0,0.0
1974-10-17,0.9775855494172547,0.0,0.0
1974-10-18,0.9878716505111033,0.0,0.0
1974-10-21,0.9972837938629134,0.0,0.0
1974-10-22,0.9316341112565953,0.0,0.0
1974-10-23,0.9999875015618963,0.0,0.0
1974-10-24,0.9923057872848058,0.0,0.0
1974-10-25,0.9079671775059462,0.0,0.0
1974-10-28,0.7618863826582131,0.0,0.0
1974-10-29,0.9999999281068305,0.0,0.0
1974-10-30,0.9994226955564477,0.0,0.0
1974-10-31,0.9358846295924734,0.0,0.0
1974-11-01,0.8038936657310588,0.0,0.0
1974-11-04,0.8739572658417899,0.0,0.0
1974-11-05,0.9999415472565146,0.0,0.0
1974-11-06,0.9253576983189173,0.0,0.0
1974-11-07,0.8703466685629275,0.0,0.0
1974-11-08,0.7207247711060859,0.0,0.0
1974-11-11,0.518769524141717,0.0,0.0
1974-11-12,0.9945236813230587,0.0,0.0
1974-11-13,0.942494669400069,0.0,0.0
1974-11-14,0.8416801525475355,0.0,0.0
1974-11-15,0.982232485688109,0.0,0.0
1974-11-18,0.9999999995281363,0.0,0.0
1974-11-19,0.9989268039486714,0.0,0.0
1974-11-20,0.944260263732851,0.0,0.0
1974-11-21,0.8486712927658103,0.0,0.0
1974-11-22,0.8892262036428786,0.0,0.0
1974-11-25,0.7334797533845043,0.0,0.0
1974-11-26,0.757651950793078,0.0,0.0
1974-11-27,0.6348708082150624,0.0,0.0
1974-11-29,0.40874812405952243,0.0,0.0
1974-12-02,0.9998058268396026,0.0,0.0
1974-12-03,0.9975639128638049,0.0,0.0
1974-12-04,0.91742123631276,0.0,0.0
1974-12-05,0.9992298950471544,0.0,0.0
1974-12-06,0.9993474119163324,0.0,0.0
1974-12-09,0.9385910136545733,0.0,0.0
1974-12-10,0.999765445244249,0.0,0.0
1974-12-11,0.9477495937191435,0.0,0.0
1974-12-12,0.8682146569807881,0.0,0.0
1974-12-13,0.809974520275879,0.0,0.0
1974-12-16,0.8711534125231755,0.0,0.0
1974-12-17,0.955974982402404,0.0,0.0
1974-12-18,0.8626004837968462,0.0,0.0
1974-12-19,0.7443224226999864,0.0,0.0
1974-12-20,0.9136834892247475,0.0,0.0
1974-12-23,0.9908691985070422,0.0,0.0
1974-12-24,0.9875482736986433,0.0,0.0
1974-12-26,0.9548479748985169,0.0,0.0
1974-12-27,0.8797226438939328,0.0,0.0
1974-12-30,0.7159883934870316,0.0,0.0
1974-12-31,0.99814797083336,0.0,0.0
1975-01-02,0.9999783687158298,0.0,0.0
1975-01-03,0.9607989613875506,0.0,0.0
1975-01-06,0.916858435480435,0.0,0.0
1975-01-07,0.7702566254234507,0.0,0.0
1975-01-08,0.9231473372017487,0.0,0.0
1975-01-09,0.9899831667139309,0.0,0.0
1975-01-10,0.9997478804249574,0.0,0.0
1975-01-13,0.9385687428713576,0.0,0.0
1975-01-14,0.9248426975128973,0.0,0.0
1975-01-15,0.8548087463951554,0.0,0.0
1975-01-16,0.6719867237556407,0.0,0.0
1975-01-17,0.9119080319899718,0.0,0.0
1975-01-20,0.7620810847081726,0.0,0.0
1975-01-21,0.6437417512744509,0.0,0.0
1975-01-22,0.7509974434286774,0.0,0.0
1975-01-23,0.598238174847761,0.0,0.0
1975-01-24,0.8109239235581667,0.0,0.0
1975-01-27,0.9999995602186116,0.0,0.0
1975-01-28,0.9654273088698269,0.0,0.0
1975-01-29,0.9924899388698774,0.0,0.0
1975-01-30,0.9880426712648859,0.0,0.0
1975-01-31,0.9654588952218454,0.0,0.0
1975-02-03,0.9759748664273913,0.0,0.0
1975-02-04,0.897997142389776,0.0,0.0
1975-02-05,0.9890170451699466,0.0,0.0
1975-02-06,0.9051679380633514,0.0,0.0
1975-02-07,0.7527242405485944,0.0,0.0
1975-02-10,0.5919375642147461,0.0,0.0
1975-02-11,0.370694143045703,0.0,0.0
1975-02-12,0.8585644003942826,0.0,0.0
1975-02-13,0.9504768304150698,0.0,0.0
1975-02-14,0.8610427438563327,0.0,0.0
1975-02-18,0.8331515347691452,0.0,0.0
1975-02-19,0.688191311351702,0.0,0.0
1975-02-20,0.7085773320918065,0.0,0.0
1975-02-21,0.5308232667872076,0.0,0.0
1975-02-24,0.8738582786014005,0.0,0.0
1975-02-25,0.9998455184478401,0.0,0.0
1975-02-26,0.9645268000661039,0.0,0.0
1975-02-27,0.904059937874952,0.0,0.0
1975-02-28,0.8820463392702426,0.0,0.0
1975-03-03,0.9918852847693951,0.0,0.0
1975-03-04,0.950476805441535,0.0,0.0
1975-03-05,0.9279150767943256,0.0,0.0
1975-03-06,0.9105052790314463,0.0,0.0
1975-03-07,0.862659078473486,0.0,0.0
1975-03-10,0.8061283366877149,0.0,0.0
1975-03-11,0.712137017631189,0.0,0.0
1975-03-12,0.7780266457690048,0.0,0.0
1975-03-13,0.5777754290280944,0.0,0.0
1975-03-14,0.8566581938719564,0.0,0.0
1975-03-17,0.9584895508740119,0.0,0.0
1975-03-18,0.9548746176327532,0.0,0.0
1975-03-19,0.951242222390765,0.0,0.0
1975-03-20,0.9175879023924692,0.0,0.0
1975-03-21,0.7912515784091505,0.0,0.0
1975-03-24,0.9997539549660229,0.0,0.0
1975-03-25,0.9542878782919243,0.0,0.0
1975-03-26,0.9969846727365094,0.0,0.0
1975-03-27,0.9352759229256595,0.0,0.0
1975-03-31,0.8778232325734775,0.0,0.0
1975-04-01,0.8770870277131778,0.0,0.0
1975-04-02,0.7297849745378168,0.0,0.0
1975-04-03,0.847866493395984,0.0,0.0
1975-04-04,0.7807425066782322,0.0,0.0
1975-04-07,0.741267732740339,0.0,0.0
1975-04-08,0.6111789938173661,0.0,0.0
1975-04-09,0.9925261703482502,0.0,0.0
1975-04-10,0.9768234719809061,0.0,0.0
1975-04-11,0.9194356667378268,0.0,0.0
1975-04-14,0.9881284060248644,0.0,0.0
1975-04-15,0.9437001537558132,0.0,0.0
1975-04-16,0.8425404185606716,0.0,0.0
1975-04-17,0.7804233167704007,0.0,0.0
1975-04-18,0.8302592753667761,0.0,0.0
1975-04-21,0.8845323110798524,0.0,0.0
1975-04-22,0.7479785539813251,0.0,0.0
1975-04-23,0.8625285132338479,0.0,0.0
1975-04-24,0.6842443176728489,0.0,0.0
1975-04-25,0.5966231892154407,0.0,0.0
1975-04-28,0.431435032791509,0.0,0.0
1975-04-29,0.44844455443859926,0.0,0.0
1975-04-30,0.9232054814678239,0.0,0.0
1975-05-01,0.9001799851430305,0.0,0.0
1975-05-02,0.9549460243337429,0.0,0.0
1975-05-05,0.9457856930918191,0.0,0.0
1975-05-06,0.9841166182056788,0.0,0.0
1975-05-07,0.9203313881127186,0.0,0.0
1975-05-08,0.8694317095823935,0.0,0.0
1975-05-09,0.925030216757882,0.0,0.0
1975-05-12,0.786595351678992,0.0,0.0
1975-05-13,0.7502862023312338,0.0,0.0
1975-05-14,0.6836549642555106,0.0,0.0
1975-05-15,0.6835872824565692,0.0,0.0
1975-05-16,0.7755616725862641,0.0,0.0
1975-05-19,0.5593113992936904,0.0,0.0
1975-05-20,0.405372672988159,0.0,0.0
1975-05-21,0.67535459812539,0.0,0.0
1975-05-22,0.4808263571139215,0.0,0.0
1975-05-23,0.7611804211630783,0.0,0.0
1975-05-27,0.5502704791718003,0.0,0.0
1975-05-28,0.5022148043381568,0.0,0.0
1975-05-29,0.28536254694659696,0.0,0.0
1975-05-30,0.8406969571186401,0.0,0.0
1975-06-02,0.9630534065986059,0.0,0.0
1975-06-03,0.8703175421796819,0.0,0.0
1975-06-04,0.7132352113998873,0.0,0.0
1975-06-05,0.48474404964152273,0.0,0.0
1975-06-06,0.27945494658931047,0.0,0.0
1975-06-09,0.6409584867361502,0.0,0.0
1975-06-10,0.687299322296416,0.0,0.0
1975-06-11,0.45635586632298153,0.0,0.0
1975-06-12,0.3471136655579199,0.0,0.0
1975-06-13,0.21588805534611946,0.0,0.0
1975-06-16,0.2652826668756634,0.0,0.0
1975-06-17,0.32045502051779795,0.0,0.0
1975-06-18,0.1737239720931837,1.0,0.0
1975-06-19,0.8580080498584214,0.0,0.0
1975-06-20,0.7825431144668904,0.0,0.0
1975-06-23,0.8534904088219221,0.0,0.0
1975-06-24,0.7680480006829218,0.0,0.0
1975-06-25,0.5948078854944922,0.0,0.0
1975-06-26,0.37147020521469115,0.0,0.0
1975-06-27,0.19213250573760995,1.0,0.0
1975-06-30,0.11135702225613017,1.0,0.0
1975-07-01,0.06896297180156188,1.0,0.0
1975-07-02,0.08623693524175549,1.0,0.0
1975-07-03,0.04472065711437628,1.0,0.0
1975-07-07,0.06409163952453259,1.0,0.0
1975-07-08,0.03278596119503606,1.0,1.0
1975-07-09,0.26778866525064465,0.0,1.0
1975-07-10,0.12978412218311056,1.0,1.0
1975-07-11,0.06014084208559006,1.0,1.0
1975-07-14,0.03974300400709218,1.0,1.0
1975-07-15,0.024634895179985895,1.0,1.0
1975-07-16,0.06328091800660479,1.0,1.0
1975-07-17,0.10376839652379709,1.0,1.0
1975-07-18,0.05998890629828251,1.0,1.0
1975-07-21,0.06567243795677286,1.0,1.0
1975-07-22,0.20138967466449342,1.0,1.0
1975-07-23,0.7417260555935586,0.0,1.0
1975-07-24,0.5800479893864321,0.0,1.0
1975-07-25,0.6206385325545788,0.0,1.0
1975-07-28,0.6132083740094553,0.0,1.0
1975-07-29,0.5587041230168264,0.0,1.0
1975-07-30,0.4657939049936997,0.0,1.0
1975-07-31,0.25822203810235256,0.0,1.0
1975-08-01,0.4019555451679362,0.0,1.0
1975-08-04,0.5594690781610784,0.0,1.0
1975-08-05,0.7912252257339283,0.0,1.0
1975-08-06,0.581541611506556,0.0,1.0
1975-08-07,0.35510977598118154,0.0,1.0
1975-08-08,0.2201310902066233,0.0,1.0
1975-08-11,0.1286644003633631,1.0,1.0
1975-08-12,0.0935485095293986,1.0,1.0
1975-08-13,0.32128132309886387,0.0,1.0
1975-08-14,0.2564480820497309,0.0,1.0
1975-08-15,0.21429441936123036,0.0,1.0
1975-08-18,0.11185226220657805,1.0,1.0
1975-08-19,0.7101217238547275,0.0,1.0
1975-08-20,0.9979478612335847,0.0,0.0
1975-08-21,0.9332668176178126,0.0,0.0
1975-08-22,0.9806525372945352,0.0,0.0
1975-08-25,0.9630740178616574,0.0,0.0
1975-08-26,0.9821498998173529,0.0,0.0
1975-08-27,0.9359008660375164,0.0,0.0
1975-08-28,0.9996697690221769,0.0,0.0
1975-08-29,0.9728541588542349,0.0,0.0
1975-09-02,0.9963766628597004,0.0,0.0
1975-09-03,0.9559645072646017,0.0,0.0
1975-09-04,0.8662099195491634,0.0,0.0
1975-09-05,0.8222239947540081,0.0,0.0
1975-09-08,0.6469706320491614,0.0,0.0
1975-09-09,0.9147693251046892,0.0,0.0
1975-09-10,0.9646391998018775,0.0,0.0
1975-09-11,0.9058535651948488,0.0,0.0
1975-09-12,0.7936394562746203,0.0,0.0
1975-09-15,0.7124169582761516,0.0,0.0
1975-09-16,0.7937110722833017,0.0,0.0
1975-09-17,0.6105325917661131,0.0,0.0
1975-09-18,0.9771757673251124,0.0,0.0
1975-09-19,0.9997929776279584,0.0,0.0
1975-09-22,0.9829469481571433,0.0,0.0
1975-09-23,0.9215686517910834,0.0,0.0
1975-09-24,0.9213113387798614,0.0,0.0
1975-09-25,0.8123100976386692,0.0,0.0
1975-09-26,0.6918798409106788,0.0,0.0
1975-09-29,0.8944334984923917,0.0,0.0
1975-09-30,0.9820687846238704,0.0,0.0
1975-10-01,0.9870917728056644,0.0,0.0
1975-10-02,0.969325091431754,0.0,0.0
1975-10-03,0.9999052775686499,0.0,0.0
1975-10-06,0.9857829859435031,0.0,0.0
1975-10-07,0.9270830788198468,0.0,0.0
1975-10-08,0.9619480278611909,0.0,0.0
1975-10-09,0.8968487396875526,0.0,0.0
1975-10-10,0.7648227458814694,0.0,0.0
1975-10-13,0.9213944722940327,0.0,0.0
1975-10-14,0.8030279073205513,0.0,0.0
1975-10-15,0.6220831126881645,0.0,0.0
1975-10-16,0.41116879356280184,0.0,0.0
1975-10-17,0.3447376870775542,0.0,0.0
1975-10-20,0.391067085644028,0.0,0.0
1975-10-21,0.3565078968640176,0.0,0.0
1975-10-22,0.19586336622023323,1.0,0.0
1975-10-23,0.12155682328241436,1.0,0.0
1975-10-24,0.4421820973925721,0.0,0.0
1975-10-27,0.2593606727062364,0.0,0.0
1975-10-28,0.23158305058660494,0.0,0.0
1975-10-29,0.6337345741225223,0.0,0.0
1975-10-30,0.4361237940608177,0.0,0.0
1975-10-31,0.2732083316942987,0.0,0.0
1975-11-03,0.37689882519806744,0.0,0.0
1975-11-04,0.23510504268409899,0.0,0.0
1975-11-05,0.23023129955877586,0.0,0.0
1975-11-06,0.1365365682038254,1.0,0.0
1975-11-07,0.07029292994724844,1.0,0.0
1975-11-10,0.03483007391086222,1.0,1.0
1975-11-11,0.027496915944785177,1.0,1.0
1975-11-12,0.18292231367968242,1.0,1.0
1975-11-13,0.0913795381215266,1.0,1.0
1975-11-14,0.04627167094677197,1.0,1.0
1975-11-17,0.03039827291556078,1.0,1.0
1975-11-18,0.02562601741384271,1.0,1.0
1975-11-19,0.07744913021682183,1.0,1.0
1975-11-20,0.049911622956846285,1.0,1.0
1975-11-21,0.025842694419976976,1.0,1.0
1975-11-24,0.015740203050534786,1.0,1.0
1975-11-25,0.028037303419975342,1.0,1.0
1975-11-26,0.016976682467540333,1.0,1.0
1975-11-28,0.011541632600913886,1.0,1.0
1975-12-01,0.014628432180025646,1.0,1.0
1975-12-02,0.2306145164577189,0.0,1.0
1975-12-03,0.9810101507252736,0.0,0.0
1975-12-04,0.9141937841861529,0.0,0.0
1975-12-05,0.9520832429734813,0.0,0.0
1975-12-08,0.858312017974584,0.0,0.0
1975-12-09,0.6978948184947313,0.0,0.0
1975-12-10,0.7101302150177463,0.0,0.0
1975-12-11,0.5311140689744932,0.0,0.0
1975-12-12,0.3286332691945479,0.0,0.0
1975-12-15,0.17863260158580108,1.0,0.0
1975-12-16,0.2145233706012648,1.0,0.0
1975-12-17,0.11447941264073702,1.0,0.0
1975-12-18,0.06203918972104527,1.0,0.0
1975-12-19,0.05790822204877409,1.0,0.0
1975-12-22,0.06318836127741351,1.0,0.0
1975-12-23,0.04537026266672501,1.0,0.0
1975-12-24,0.04954063577356209,1.0,0.0
1975-12-26,0.06272554796402381,1.0,0.0
1975-12-29,0.03311031961061013,1.0,1.0
1975-12-30,0.022620355393287415,1.0,1.0
1975-12-31,0.020220587757142743,1.0,1.0
1976-01-02,0.024840191985835265,1.0,1.0
1976-01-05,0.42911844004412164,0.0,1.0
1976-01-06,0.6398191273442616,0.0,1.0
1976-01-07,0.4991925135073492,0.0,1.0
1976-01-08,0.4152876403024301,0.0,1.0
1976-01-09,0.2681705557192131,0.0,1.0
1976-01-12,0.5554945460143215,0.0,1.0
1976-01-13,0.5374299914202798,0.0,1.0
1976-01-14,0.9147865975278311,0.0,0.0
1976-01-15,0.8400725267943887,0.0,0.0
1976-01-16,0.7122359861204219,0.0,0.0
1976-01-19,0.8561924543283691,0.0,0.0
1976-01-20,0.7450802216926353,0.0,0.0
1976-01-21,0.6365605325680144,0.0,0.0
1976-01-22,0.44056121209945254,0.0,0.0
1976-01-23,0.6228272557860072,0.0,0.0
1976-01-26,0.4487458186275606,0.0,0.0
1976-01-27,0.35258725283479425,0.0,0.0
1976-01-28,0.24959856497411656,0.0,0.0
1976-01-29,0.8223607797069112,0.0,0.0
1976-01-30,0.7686107610819446,0.0,0.0
1976-02-02,0.5740874292503946,0.0,0.0
1976-02-03,0.40328162849473426,0.0,0.0
1976-02-04,0.41170886002071483,0.0,0.0
1976-02-05,0.7785771288188206,0.0,0.0
1976-02-06,0.8058516351371503,0.0,0.0
1976-02-09,0.6356875722328208,0.0,0.0
1976-02-10,0.5980640973792862,0.0,0.0
1976-02-11,0.4288426165456251,0.0,0.0
1976-02-12,0.2868076532447146,0.0,0.0
1976-02-13,0.1884016093668624,1.0,0.0
1976-02-17,0.13699775545449774,1.0,0.0
1976-02-18,0.12781461320967158,1.0,0.0
1976-02-19,0.601811362307931,0.0,0.0
1976-02-20,0.5110404386183983,0.0,0.0
1976-02-23,0.3428991137253714,0.0,0.0
1976-02-24,0.22453306539818274,0.0,0.0
1976-02-25,0.11888846773486313,1.0,0.0
1976-02-26,0.34475673468501283,0.0,0.0
1976-02-27,0.3107363195453344,0.0,0.0
1976-03-01,0.1799850858448145,1.0,0.0
1976-03-02,0.12277124381973815,1.0,0.0
1976-03-03,0.09406570149997762,1.0,0.0
1976-03-04,0.14704385836695577,1.0,0.0
1976-03-05,0.07442579360643067,1.0,0.0
1976-03-08,0.10495278755239619,1.0,0.0
1976-03-09,0.05554311081507586,1.0,0.0
1976-03-10,0.03200520008649643,1.0,1.0
1976-03-11,0.03635934603422071,1.0,1.0
1976-03-12,0.054379225910971773,1.0,1.0
1976-03-15,0.13381971571695492,1.0,1.0
1976-03-16,0.1671426592808095,1.0,1.0
1976-03-17,0.08537145715421336,1.0,1.0
1976-03-18,0.05538511245403298,1.0,1.0
1976-03-19,0.028949644610088122,1.0,1.0
1976-03-22,0.016684019335106364,1.0,1.0
1976-03-23,0.06721471377145287,1.0,1.0
1976-03-24,0.10013864182607575,1.0,1.0
1976-03-25,0.07629425002867925,1.0,1.0
1976-03-26,0.03887717717602943,1.0,1.0
1976-03-29,0.027116275075936,1.0,1.0
1976-03-30,0.020967603283810057,1.0,1.0
1976-03-31,0.01900590886699497,1.0,1.0
1976-04-01,0.01613632520963506,1.0,1.0
1976-04-02,0.010903360631245447,1.0,1.0
1976-04-05,0.03495485955870501,1.0,1.0
1976-04-06,0.01992646019666342,1.0,1.0
1976-04-07,0.07424961364783064,1.0,1.0
1976-04-08,0.12515456452878496,1.0,1.0
1976-04-09,0.22167343999712386,1.0,1.0
1976-04-12,0.12292781955392199,1.0,1.0
1976-04-13,0.09122880104981655,1.0,1.0
1976-04-14,0.0771993562400095,1.0,1.0
1976-04-15,0.04274353127893874,1.0,1.0
1976-04-19,0.036175331395352825,1.0,1.0
1976-04-20,0.1733731298021606,1.0,1.0
1976-04-21,0.09724482838256086,1.0,1.0
1976-04-22,0.05278703618699521,1.0,1.0
1976-04-23,0.05013644256622561,1.0,1.0
1976-04-26,0.026441482325169064,1.0,1.0
1976-04-27,0.02301414537649676,1.0,1.0
1976-04-28,0.014204678406011223,1.0,1.0
1976-04-29,0.01011876958948578,1.0,1.0
1976-04-30,0.010517429309897268,1.0,1.0
1976-05-03,0.021285440987697874,1.0,1.0
1976-05-04,0.01781782015689831,1.0,1.0
1976-05-05,0.015798281943932433,1.0,1.0
1976-05-06,0.011457293155092915,1.0,1.0
1976-05-07,0.015817474815859624,1.0,1.0
1976-05-10,0.05228156531861116,1.0,1.0
1976-05-11,0.028138385422000388,1.0,1.0
1976-05-12,0.017339343926930307,1.0,1.0
1976-05-13,0.017946744246640375,1.0,1.0
1976-05-14,0.02573561293181969,1.0,1.0
1976-05-17,0.017411591678139,1.0,1.0
1976-05-18,0.011504732173222686,1.0,1.0
1976-05-19,0.008941845078113615,1.0,1.0
1976-05-20,0.011346681437747953,1.0,1.0
1976-05-21,0.013365040757866029,1.0,1.0
1976-05-24,0.25177677803504245,0.0,1.0
1976-05-25,0.1346320211078321,1.0,1.0
1976-05-26,0.06874393626641226,1.0,1.0
1976-05-27,0.03621092039573732,1.0,1.0
1976-05-28,0.03450509164668339,1.0,1.0
1976-06-01,0.021968245673553592,1.0,1.0
1976-06-02,0.014416467397289088,1.0,1.0
1976-06-03,0.010289126630406079,1.0,1.0
1976-06-04,0.023408238808331035,1.0,1.0
1976-06-07,0.020993689603185824,1.0,1.0
1976-06-08,0.013186382790491355,1.0,1.0
1976-06-09,0.009729552571954063,1.0,1.0
1976-06-10,0.014685100799554884,1.0,1.0
1976-06-11,0.043814280919432055,1.0,1.0
1976-06-14,0.06408177040377588,1.0,1.0
1976-06-15,0.04290563085788869,1.0,1.0
1976-06-16,0.030665885069126465,1.0,1.0
1976-06-17,0.1460830890633586,1.0,1.0
1976-06-18,0.07484718397067129,1.0,1.0
1976-06-21,0.04329270505401801,1.0,1.0
1976-06-22,0.04526477936191011,1.0,1.0
1976-06-23,0.026447484384414358,1.0,1.0
1976-06-24,0.021730540692147013,1.0,1.0
1976-06-25,0.013447146769978352,1.0,1.0
1976-06-28,0.01076079552719005,1.0,1.0
1976-06-29,0.009538017130120462,1.0,1.0
1976-06-30,0.009637330047101536,1.0,1.0
1976-07-01,0.014967273123159082,1.0,1.0
1976-07-02,0.012696667843974706,1.0,1.0
1976-07-06,0.012850195381254667,1.0,1.0
1976-07-07,0.009848367864351185,1.0,1.0
1976-07-08,0.008165236903059842,1.0,1.0
1976-07-09,0.015770683547792597,1.0,1.0
1976-07-12,0.01925754994578636,1.0,1.0
1976-07-13,0.013382300890190888,1.0,1.0
1976-07-14,0.010097040823990388,1.0,1.0
1976-07-15,0.013685167394936134,1.0,1.0
1976-07-16,0.013795828580345584,1.0,1.0
1976-07-19,0.011554666686917648,1.0,1.0
1976-07-20,0.015486586701528719,1.0,1.0
1976-07-21,0.010602503346022469,1.0,1.0
1976-07-22,0.008457729366248227,1.0,1.0
1976-07-23,0.007497594028326677,1.0,1.0
1976-07-26,0.007194642373493956,1.0,1.0
1976-07-27,0.009986931026385143,1.0,1.0
1976-07-28,0.01044223660945928,1.0,1.0
1976-07-29,0.008828259787710185,1.0,1.0
1976-07-30,0.008774311808146884,1.0,1.0
1976-08-02,0.008001912787186266,1.0,1.0
1976-08-03,0.016548271166594113,1.0,1.0
1976-08-04,0.011433600302143302,1.0,1.0
1976-08-05,0.011653214484792852,1.0,1.0
1976-08-06,0.008967503148008753,1.0,1.0
1976-08-09,0.00848263720471842,1.0,1.0
1976-08-10,0.013675694182325374,1.0,1.0
1976-08-11,0.010874263873861265,1.0,1.0
1976-08-12,0.008540884255773207,1.0,1.0
1976-08-13,0.0074997462943707915,1.0,1.0
1976-08-16,0.007125607912817675,1.0,1.0
1976-08-17,0.007370770081402056,1.0,1.0
1976-08-18,0.007551092309710557,1.0,1.0
1976-08-19,0.04158190893647719,1.0,1.0
1976-08-20,0.06603076930593581,1.0,1.0
1976-08-23,0.04458402477493363,1.0,1.0
1976-08-24,0.040669218258291465,1.0,1.0
1976-08-25,0.028868063385239718,1.0,1.0
1976-08-26,0.02729984447820618,1.0,1.0
1976-08-27,0.015803075281557343,1.0,1.0
1976-08-30,0.013451825664679989,1.0,1.0
1976-08-31,0.014662365624056248,1.0,1.0
1976-09-01,0.027406987927476104,1.0,1.0
1976-09-02,0.01598195821498071,1.0,1.0
1976-09-03,0.01181294170120467,1.0,1.0
1976-09-07,0.012334287329776863,1.0,1.0
1976-09-08,0.009204922100834498,1.0,1.0
1976-09-09,0.00992139067017795,1.0,1.0
1976-09-10,0.008148585754886549,1.0,1.0
1976-09-13,0.008015973381003082,1.0,1.0
1976-09-14,0.008008650032332686,1.0,1.0
1976-09-15,0.007146770872015168,1.0,1.0
1976-09-16,0.01386142484634114,1.0,1.0
1976-09-17,0.01982900190687291,1.0,1.0
1976-09-20,0.012380437065254213,1.0,1.0
1976-09-21,0.03973505287520037,1.0,1.0
1976-09-22,0.024469118755727163,1.0,1.0
1976-09-23,0.019263092992121325,1.0,1.0
1976-09-24,0.012368367898186615,1.0,1.0
1976-09-27,0.009916988494547094,1.0,1.0
1976-09-28,0.034731626868874196,1.0,1.0
1976-09-29,0.02737756680919499,1.0,1.0
1976-09-30,0.016406077085671055,1.0,1.0
1976-10-01,0.030022501352705372,1.0,1.0
1976-10-04,0.017820047670933616,1.0,1.0
1976-10-05,0.022228373429317685,1.0,1.0
1976-10-06,0.01733167639062677,1.0,1.0
1976-10-07,0.01513984325451954,1.0,1.0
1976-10-08,0.02424238925001585,1.0,1.0
1976-10-11,0.04056845364746065,1.0,1.0
1976-10-12,0.04597228311947788,1.0,1.0
1976-10-13,0.07550657617356994,1.0,1.0
1976-10-14,0.1649514214510154,1.0,1.0
1976-10-15,0.08443815996932132,1.0,1.0
1976-10-18,0.05554553568373064,1.0,1.0
1976-10-19,0.029332587058126976,1.0,1.0
1976-10-20,0.01728841279258753,1.0,1.0
1976-10-21,0.025542957889931564,1.0,1.0
1976-10-22,0.030007023409443556,1.0,1.0
1976-10-25,0.01705410636984163,1.0,1.0
1976-10-26,0.022784149976374127,1.0,1.0
1976-10-27,0.01808267796986668,1.0,1.0
1976-10-28,0.011855602362776075,1.0,1.0
1976-10-29,0.035099706014940064,1.0,1.0
1976-11-01,0.020049203501424875,1.0,1.0
1976-11-03,0.06144756635392647,1.0,1.0
1976-11-04,0.05458838888204143,1.0,1.0
1976-11-05,0.14202877852549523,1.0,1.0
1976-11-08,0.26629369258946817,0.0,1.0
1976-11-09,0.1641592483202934,1.0,1.0
1976-11-10,0.11011524817661951,1.0,1.0
1976-11-11,0.08652072781992373,1.0,1.0
1976-11-12,0.0508975497839487,1.0,1.0
1976-11-15,0.03377955036256996,1.0,1.0
1976-11-16,0.019657261528791426,1.0,1.0
1976-11-17,0.017583957915717725,1.0,1.0
1976-11-18,0.051064994437180135,1.0,1.0
1976-11-19,0.02708706075009474,1.0,1.0
1976-11-22,0.02243501356924743,1.0,1.0
1976-11-23,0.017099364989482793,1.0,1.0
1976-11-24,0.01406045668350038,1.0,1.0
1976-11-26,0.015300085138503087,1.0,1.0
1976-11-29,0.015695627457131295,1.0,1.0
1976-11-30,0.012184592952361802,1.0,1.0
1976-12-01,0.010348985575443856,1.0,1.0
1976-12-02,0.009146390541955644,1.0,1.0
1976-12-03,0.009802889973449145,1.0,1.0
1976-12-06,0.013829974825133177,1.0,1.0
1976-12-07,0.00962421563287667,1.0,1.0
1976-12-08,0.009873492959364991,1.0,1.0
1976-12-09,0.010459688267795069,1.0,1.0
1976-12-10,0.008337171802940108,1.0,1.0
1976-12-13,0.007132496095166669,1.0,1.0
1976-12-14,0.007507140153253225,1.0,1.0
1976-12-15,0.0067560819604132434,1.0,1.0
1976-12-16,0.00724797242097117,1.0,1.0
1976-12-17,0.008571849818628593,1.0,1.0
1976-12-20,0.01076818154959247,1.0,1.0
1976-12-21,0.00968138907052326,1.0,1.0
1976-12-22,0.009262181047749337,1.0,1.0
1976-12-23,0.0075485364893482275,1.0,1.0
1976-12-27,0.020785263962940666,1.0,1.0
1976-12-28,0.01809440406053516,1.0,1.0
1976-12-29,0.013454758935853428,1.0,1.0
1976-12-30,0.012089756210535681,1.0,1.0
1976-12-31,0.011931642611774346,1.0,1.0
1977-01-03,0.010197139134669731,1.0,1.0
1977-01-04,0.0253702645603125,1.0,1.0
1977-01-05,0.02934564299210998,1.0,1.0
1977-01-06,0.01701452343416737,1.0,1.0
1977-01-07,0.011082899704062324,1.0,1.0
1977-01-10,0.008412211916204766,1.0,1.0
1977-01-11,0.020493231415409725,1.0,1.0
1977-01-12,0.022650751337312414,1.0,1.0
1977-01-13,0.025696400172600282,1.0,1.0
1977-01-14,0.015131805827048433,1.0,1.0
1977-01-17,0.011013645251140673,1.0,1.0
1977-01-18,0.009488305623216758,1.0,1.0
1977-01-19,0.009504283394789056,1.0,1.0
1977-01-20,0.015198066979095778,1.0,1.0
1977-01-21,0.01133878531618022,1.0,1.0
1977-01-24,0.008506001398570683,1.0,1.0
1977-01-25,0.007276435272820965,1.0,1.0
1977-01-26,0.01159198661443711,1.0,1.0
1977-01-27,0.01331892676316849,1.0,1.0
1977-01-28,0.00939200067853955,1.0,1.0
1977-01-31,0.007641072804295957,1.0,1.0
1977-02-01,0.008469448139062896,1.0,1.0
1977-02-02,0.007404191922144364,1.0,1.0
1977-02-03,0.008319145744848032,1.0,1.0
1977-02-04,0.007210403804749074,1.0,1.0
1977-02-07,0.006622211542608001,1.0,1.0
1977-02-08,0.007031429426189431,1.0,1.0
1977-02-09,0.015605340799735244,1.0,1.0
1977-02-10,0.010449552564798365,1.0,1.0
1977-02-11,0.011720069416522634,1.0,1.0
1977-02-14,0.010103690693003363,1.0,1.0
1977-02-15,0.00842594651241067,1.0,1.0
1977-02-16,0.008052854011490914,1.0,1.0
1977-02-17,0.010027498647915562,1.0,1.0
1977-02-18,0.0089810870960031,1.0,1.0
1977-02-22,0.007478606525855225,1.0,1.0
1977-02-23,0.007730884361817148,1.0,1.0
1977-02-24,0.010156387046740422,1.0,1.0
1977-02-25,0.008174400792271084,1.0,1.0
1977-02-28,0.007023110669146102,1.0,1.0
1977-03-01,0.012151518024603469,1.0,1.0
1977-03-02,0.0093680151511939,1.0,1.0
1977-03-03,0.008645885961584873,1.0,1.0
1977-03-04,0.007756226953636457,1.0,1.0
1977-03-07,0.006708189405419926,1.0,1.0
1977-03-08,0.007253386774653677,1.0,1.0
1977-03-09,0.011484138516283318,1.0,1.0
1977-03-10,0.010104742687319099,1.0,1.0
1977-03-11,0.007752126933610068,1.0,1.0
1977-03-14,0.009391553607925592,1.0,1.0
1977-03-15,0.008658420827475524,1.0,1.0
1977-03-16,0.007227944255157376,1.0,1.0
1977-03-17,0.006569474968871542,1.0,1.0
1977-03-18,0.006617578065009672,1.0,1.0
1977-03-21,0.007967002818177037,1.0,1.0
1977-03-22,0.007304773453491864,1.0,1.0
1977-03-23,0.013111609819706943,1.0,1.0
1977-03-24,0.012048404461855611,1.0,1.0
1977-03-25,0.013148231924081398,1.0,1.0
1977-03-28,0.009532626741705534,1.0,1.0
1977-03-29,0.00964716835502579,1.0,1.0
1977-03-30,0.02828743718239444,1.0,1.0
1977-03-31,0.016762077711182943,1.0,1.0
1977-04-01,0.017726542164530863,1.0,1.0
1977-04-04,0.027596587828497155,1.0,1.0
1977-04-05,0.017694365700636885,1.0,1.0
1977-04-06,0.011406966528488537,1.0,1.0
1977-04-07,0.00893310060512227,1.0,1.0
1977-04-11,0.00877689737938754,1.0,1.0
1977-04-12,0.02720630145342057,1.0,1.0
1977-04-13,0.01565176670464994,1.0,1.0
1977-04-14,0.019340876935620685,1.0,1.0
1977-04-15,0.011997255224618588,1.0,1.0
1977-04-18,0.010612345676148865,1.0,1.0
1977-04-19,0.009263990516678334,1.0,1.0
1977-04-20,0.008017136821459143,1.0,1.0
1977-04-21,0.011238309276847323,1.0,1.0
1977-04-22,0.040215354302901414,1.0,1.0
1977-04-25,0.11302068627257177,1.0,1.0
1977-04-26,0.0582261025031528,1.0,1.0
1977-04-27,0.056865364468596365,1.0,1.0
1977-04-28,0.030337877670053352,1.0,1.0
1977-04-29,0.01779824174569264,1.0,1.0
1977-05-02,0.01423626774298683,1.0,1.0
1977-05-03,0.011524383289195157,1.0,1.0
1977-05-04,0.01104514112677151,1.0,1.0
1977-05-05,0.008587159970420618,1.0,1.0
1977-05-06,0.008775151078528316,1.0,1.0
1977-05-09,0.007660666808007423,1.0,1.0
1977-05-10,0.007063894393908628,1.0,1.0
1977-05-11,0.009211780414924455,1.0,1.0
1977-05-12,0.007391768790612952,1.0,1.0
1977-05-13,0.0070068969801597575,1.0,1.0
1977-05-16,0.0071706579365514245,1.0,1.0
1977-05-17,0.006671891898075462,1.0,1.0
1977-05-18,0.0075230239900392374,1.0,1.0
1977-05-19,0.007627174129612732,1.0,1.0
1977-05-20,0.007938948579132292,1.0,1.0
1977-05-23,0.02789737750678326,1.0,1.0
1977-05-24,0.02102952219128271,1.0,1.0
1977-05-25,0.02754125485512522,1.0,1.0
1977-05-26,0.015988399894388668,1.0,1.0
1977-05-27,0.017239783580829084,1.0,1.0
1977-05-31,0.012025521491620684,1.0,1.0
1977-06-01,0.013977566942312511,1.0,1.0
1977-06-02,0.009889626780076929,1.0,1.0
1977-06-03,0.01513040902929001,1.0,1.0
1977-06-06,0.012267981140768497,1.0,1.0
1977-06-07,0.010192190969936073,1.0,1.0
1977-06-08,0.009651007581840716,1.0,1.0
1977-06-09,0.007593938279206476,1.0,1.0
1977-06-10,0.006996601635437941,1.0,1.0
1977-06-13,0.006813008288082693,1.0,1.0
1977-06-14,0.015322291904084854,1.0,1.0
1977-06-15,0.01082091874189254,1.0,1.0
1977-06-16,0.008558805442326534,1.0,1.0
1977-06-17,0.007112505377048363,1.0,1.0
1977-06-20,0.007387889060234173,1.0,1.0
1977-06-21,0.007004993026580681,1.0,1.0
1977-06-22,0.006724725645953492,1.0,1.0
1977-06-23,0.006388058095463393,1.0,1.0
1977-06-24,0.007881789173862353,1.0,1.0
1977-06-27,0.006894665037347991,1.0,1.0
1977-06-28,0.011547076866190489,1.0,1.0
1977-06-29,0.00853855013844367,1.0,1.0
1977-06-30,0.007702574078587663,1.0,1.0
1977-07-01,0.007348091639656317,1.0,1.0
1977-07-05,0.006501923464148732,1.0,1.0
1977-07-06,0.00789891734642288,1.0,1.0
1977-07-07,0.007216901389647305,1.0,1.0
1977-07-08,0.006455685122236234,1.0,1.0
1977-07-11,0.006720365517897195,1.0,1.0
1977-07-12,0.006352315707829793,1.0,1.0
1977-07-13,0.006108863579813206,1.0,1.0
1977-07-15,0.008056891684962878,1.0,1.0
1977-07-18,0.009475275877282653,1.0,1.0
1977-07-19,0.010373723742101533,1.0,1.0
1977-07-20,0.007914341793043575,1.0,1.0
1977-07-21,0.006932096515565519,1.0,1.0
1977-07-22,0.006302626222713642,1.0,1.0
1977-07-25,0.010243457704946123,1.0,1.0
1977-07-26,0.01103833313915508,1.0,1.0
1977-07-27,0.1205590734426799,1.0,1.0
1977-07-28,0.06201237312590278,1.0,1.0
1977-07-29,0.03232833182699452,1.0,1.0
1977-08-01,0.01973118163345901,1.0,1.0
1977-08-02,0.018989405447203497,1.0,1.0
1977-08-03,0.01275779837153091,1.0,1.0
1977-08-04,0.01090324562433422,1.0,1.0
1977-08-05,0.008129580287757515,1.0,1.0
1977-08-08,0.010429747037237605,1.0,1.0
1977-08-09,0.007900885848504569,1.0,1.0
1977-08-10,0.010354736045989717,1.0,1.0
1977-08-11,0.011243677176674315,1.0,1.0
1977-08-12,0.009454444328583764,1.0,1.0
1977-08-15,0.00764497014475294,1.0,1.0
1977-08-16,0.007881228263998515,1.0,1.0
1977-08-17,0.006805455633570203,1.0,1.0
1977-08-18,0.006254021278686212,1.0,1.0
1977-08-19,0.00649932886109321,1.0,1.0
1977-08-22,0.006407719206175139,1.0,1.0
1977-08-23,0.0063198612962186125,1.0,1.0
1977-08-24,0.007288033224233745,1.0,1.0
1977-08-25,0.014435932015890367,1.0,1.0
1977-08-26,0.009590567825063514,1.0,1.0
1977-08-29,0.012546763521057817,1.0,1.0
1977-08-30,0.011196858904291425,1.0,1.0
1977-08-31,0.00819236802435435,1.0,1.0
1977-09-01,0.0065779650358467855,1.0,1.0
1977-09-02,0.008091719904643682,1.0,1.0
1977-09-06,0.006572136180905685,1.0,1.0
1977-09-07,0.0060416232838301715,1.0,1.0
1977-09-08,0.00883173233432725,1.0,1.0
1977-09-09,0.01536952935157302,1.0,1.0
1977-09-12,0.011204423143782085,1.0,1.0
1977-09-13,0.007931687498370551,1.0,1.0
1977-09-14,0.007047633709184533,1.0,1.0
1977-09-15,0.006417379992255271,1.0,1.0
1977-09-16,0.0064692731872059775,1.0,1.0
1977-09-19,0.008670806483823594,1.0,1.0
1977-09-20,0.00675816931015389,1.0,1.0
1977-09-21,0.011173851186445963,1.0,1.0
1977-09-22,0.007995834407337083,1.0,1.0
1977-09-23,0.006470128975529443,1.0,1.0
1977-09-26,0.005968469205960372,1.0,1.0
1977-09-27,0.005715450070913202,1.0,1.0
1977-09-28,0.005392429674196263,1.0,1.0
1977-09-29,0.006535382501147928,1.0,1.0
1977-09-30,0.0086758747916541,1.0,1.0
1977-10-03,0.007110332378948545,1.0,1.0
1977-10-04,0.009353898113875322,1.0,1.0
1977-10-05,0.008367408946492811,1.0,1.0
1977-10-06,0.007267269881714142,1.0,1.0
1977-10-07,0.0061262611395592826,1.0,1.0
1977-10-10,0.005862929613172433,1.0,1.0
1977-10-11,0.010566681740842835,1.0,1.0
1977-10-12,0.03048670693788382,1.0,1.0
1977-10-13,0.02904438725813343,1.0,1.0
1977-10-14,0.0162117374193042,1.0,1.0
1977-10-17,0.010491043162952542,1.0,1.0
1977-10-18,0.007621599614707503,1.0,1.0
1977-10-19,0.02102673101735216,1.0,1.0
1977-10-20,0.012691963534962443,1.0,1.0
1977-10-21,0.009306239909514543,1.0,1.0
1977-10-24,0.014289271721077525,1.0,1.0
1977-10-25,0.02023671689741112,1.0,1.0
1977-10-26,0.02836764709286064,1.0,1.0
1977-10-27,0.01744845108931952,1.0,1.0
1977-10-28,0.011725363464884134,1.0,1.0
1977-10-31,0.008641516873660835,1.0,1.0
1977-11-01,0.01947336278811093,1.0,1.0
1977-11-02,0.017902914588034936,1.0,1.0
1977-11-03,0.011088712994948902,1.0,1.0
1977-11-04,0.017260152150352617,1.0,1.0
1977-11-07,0.019256810526599756,1.0,1.0
1977-11-08,0.01185439007136898,1.0,1.0
1977-11-09,0.0100368003867002,1.0,1.0
1977-11-10,0.19525674022932402,0.0,1.0
1977-11-11,0.3472677873095574,0.0,1.0
1977-11-14,0.25071474140130784,0.0,1.0
1977-11-15,0.1816726535162347,0.0,1.0
1977-11-16,0.10736654355718636,1.0,1.0
1977-11-17,0.058183954898415276,1.0,1.0
1977-11-18,0.03124916231634286,1.0,1.0
1977-11-21,0.017529879501474048,1.0,1.0
1977-11-22,0.02073345637524293,1.0,1.0
1977-11-23,0.016431377291810084,1.0,1.0
1977-11-25,0.01109049012560281,1.0,1.0
1977-11-28,0.011154458842602202,1.0,1.0
1977-11-29,0.0643456466020842,1.0,1.0
1977-11-30,0.03351451469608284,1.0,1.0
1977-12-01,0.018298577513648343,1.0,1.0
1977-12-02,0.011205851297599018,1.0,1.0
1977-12-05,0.00937473974862138,1.0,1.0
1977-12-06,0.07941242857226634,1.0,1.0
1977-12-07,0.041923620960605444,1.0,1.0
1977-12-08,0.022762820352634352,1.0,1.0
1977-12-09,0.019871270728330243,1.0,1.0
1977-12-12,0.0119166561023014,1.0,1.0
1977-12-13,0.008341960758393897,1.0,1.0
1977-12-14,0.007088707345227966,1.0,1.0
1977-12-15,0.007389009617278677,1.0,1.0
1977-12-16,0.006322545807391709,1.0,1.0
1977-12-19,0.010142151542368059,1.0,1.0
1977-12-20,0.008795962277833224,1.0,1.0
1977-12-21,0.008997424211709707,1.0,1.0
1977-12-22,0.009987343278290253,1.0,1.0
1977-12-23,0.014585343390120676,1.0,1.0
1977-12-27,0.009517532222856782,1.0,1.0
1977-12-28,0.007142250868605896,1.0,1.0
1977-12-29,0.006463700294663318,1.0,1.0
1977-12-30,0.0058301761458417105,1.0,1.0
1978-01-03,0.03261841224309791,1.0,1.0
1978-01-04,0.021875961531082153,1.0,1.0
1978-01-05,0.023556541285124688,1.0,1.0
1978-01-06,0.06768632019156036,1.0,1.0
1978-01-09,0.14259137816745768,1.0,1.0
1978-01-10,0.1129828246262559,1.0,1.0
1978-01-11,0.07891559799342032,1.0,1.0
1978-01-12,0.04096141736344854,1.0,1.0
1978-01-13,0.021962477487621302,1.0,1.0
1978-01-16,0.015016247206257086,1.0,1.0
1978-01-17,0.012033540783862937,1.0,1.0
1978-01-18,0.0123008581743887,1.0,1.0
1978-01-19,0.0098121844242873,1.0,1.0
1978-01-20,0.007787307446509432,1.0,1.0
1978-01-23,0.010384321185161952,1.0,1.0
1978-01-24,0.007540898652053599,1.0,1.0
1978-01-25,0.00631608785330584,1.0,1.0
1978-01-26,0.011146200499801643,1.0,1.0
1978-01-27,0.007924435094134178,1.0,1.0
1978-01-30,0.010733088581828462,1.0,1.0
1978-01-31,0.007850189780107967,1.0,1.0
1978-02-01,0.010831642718387187,1.0,1.0
1978-02-02,0.008410128734306533,1.0,1.0
1978-02-03,0.00745029699840018,1.0,1.0
1978-02-06,0.00620336724490365,1.0,1.0
1978-02-07,0.009153773161208823,1.0,1.0
1978-02-08,0.008679082312233967,1.0,1.0
1978-02-09,0.008000764554374307,1.0,1.0
1978-02-10,0.006632524959236785,1.0,1.0
1978-02-13,0.006448647619214929,1.0,1.0
1978-02-14,0.011452363772868358,1.0,1.0
1978-02-15,0.008790735074488732,1.0,1.0
1978-02-16,0.01358394335212081,1.0,1.0
1978-02-17,0.009245530094814736,1.0,1.0
1978-02-21,0.0085242945687238,1.0,1.0
1978-02-22,0.006679555938640184,1.0,1.0
1978-02-23,0.005930633629564669,1.0,1.0
1978-02-24,0.009029768324613911,1.0,1.0
1978-02-27,0.011259464842401224,1.0,1.0
1978-02-28,0.014849642716904069,1.0,1.0
1978-03-01,0.009422911010946224,1.0,1.0
1978-03-02,0.007067654968517353,1.0,1.0
1978-03-03,0.005802141272550583,1.0,1.0
1978-03-06,0.007078810693527193,1.0,1.0
1978-03-07,0.0068540431683329585,1.0,1.0
1978-03-08,0.006842086825843396,1.0,1.0
1978-03-09,0.005797476070857428,1.0,1.0
1978-03-10,0.012944306375451381,1.0,1.0
1978-03-13,0.008530162748599518,1.0,1.0
1978-03-14,0.00726781529560764,1.0,1.0
1978-03-15,0.006149021825370722,1.0,1.0
1978-03-16,0.006151514347895505,1.0,1.0
1978-03-17,0.008332466386926965,1.0,1.0
1978-03-20,0.008251703504710856,1.0,1.0
1978-03-21,0.016626264516978462,1.0,1.0
1978-03-22,0.011157194306964218,1.0,1.0
1978-03-23,0.0077365183521346725,1.0,1.0
1978-03-27,0.007519635142769897,1.0,1.0
1978-03-28,0.008088928025697589,1.0,1.0
1978-03-29,0.006389430613245586,1.0,1.0
1978-03-30,0.005858305316807283,1.0,1.0
1978-03-31,0.0055941315025459706,1.0,1.0
1978-04-03,0.008704680577444704,1.0,1.0
1978-04-04,0.007263737674812215,1.0,1.0
1978-04-05,0.010188338320668539,1.0,1.0
1978-04-06,0.0074864558502197535,1.0,1.0
1978-04-07,0.0070782382222996,1.0,1.0
1978-04-10,0.006174028892937946,1.0,1.0
1978-04-11,0.00569399224406146,1.0,1.0
1978-04-12,0.005160894187056439,1.0,1.0
1978-04-13,0.0109660612817453,1.0,1.0
1978-04-14,0.14913527538405208,0.0,1.0
1978-04-17,0.3177798999448152,0.0,1.0
1978-04-18,0.39278153144361994,0.0,1.0
1978-04-19,0.2467155229018198,0.0,1.0
1978-04-20,0.1910828366940572,0.0,1.0
1978-04-21,0.10195343187086037,1.0,1.0
1978-04-24,0.17942248786213388,0.0,1.0
1978-04-25,0.14726041336734905,0.0,1.0
1978-04-26,0.0769731963548353,1.0,1.0
1978-04-27,0.08194892215934729,1.0,1.0
1978-04-28,0.07716912953892448,1.0,1.0
1978-05-01,0.06985065544862648,1.0,1.0
1978-05-02,0.039047949012828057,1.0,1.0
1978-05-03,0.036288514617910016,1.0,1.0
1978-05-04,0.019697412559997584,1.0,1.0
1978-05-05,0.017038145600356627,1.0,1.0
1978-05-08,0.011367567355076921,1.0,1.0
1978-05-09,0.008113698158826833,1.0,1.0
1978-05-10,0.0062686714704811314,1.0,1.0
1978-05-11,0.016370988182877636,1.0,1.0
1978-05-12,0.018027156334554043,1.0,1.0
1978-05-15,0.01454189105292924,1.0,1.0
1978-05-16,0.013365394666974215,1.0,1.0
1978-05-17,0.009210929451464277,1.0,1.0
1978-05-18,0.012254769741510949,1.0,1.0
1978-05-19,0.010114217041189378,1.0,1.0
1978-05-22,0.013038818419823824,1.0,1.0
1978-05-23,0.01810446328426506,1.0,1.0
1978-05-24,0.028511032863755184,1.0,1.0
1978-05-25,0.016592451731633425,1.0,1.0
1978-05-26,0.010619929627515805,1.0,1.0
1978-05-30,0.007667069928365841,1.0,1.0
1978-05-31,0.006816520936934558,1.0,1.0
1978-06-01,0.005677438426885494,1.0,1.0
1978-06-02,0.008095829780175872,1.0,1.0
1978-06-05,0.05738779978642372,1.0,1.0
1978-06-06,0.0341024512677142,1.0,1.0
1978-06-07,0.019085474791284494,1.0,1.0
1978-06-08,0.011678104411573359,1.0,1.0
1978-06-09,0.008172154304141647,1.0,1.0
1978-06-12,0.006939266710172076,1.0,1.0
1978-06-13,0.005722537813515556,1.0,1.0
1978-06-14,0.005200458099075188,1.0,1.0
1978-06-15,0.012691600283963782,1.0,1.0
1978-06-16,0.017764556568165883,1.0,1.0
1978-06-19,0.011330364446341711,1.0,1.0
1978-06-20,0.019598840162862997,1.0,1.0
1978-06-21,0.018251265642605676,1.0,1.0
1978-06-22,0.011276301175275462,1.0,1.0
1978-06-23,0.00853263555428688,1.0,1.0
1978-06-26,0.032433184171664055,1.0,1.0
1978-06-27,0.018153983173681547,1.0,1.0
1978-06-28,0.012090102939242368,1.0,1.0
1978-06-29,0.00831928699636404,1.0,1.0
1978-06-30,0.0064451270376939,1.0,1.0
1978-07-03,0.006172334486079705,1.0,1.0
1978-07-05,0.011775704361218095,1.0,1.0
1978-07-06,0.008001687780807495,1.0,1.0
1978-07-07,0.008052697650645223,1.0,1.0
1978-07-10,0.0067639636057911165,1.0,1.0
1978-07-11,0.007615708746746158,1.0,1.0
1978-07-12,0.006581002626299668,1.0,1.0
1978-07-13,0.005548204336020041,1.0,1.0
1978-07-14,0.019001850503863216,1.0,1.0
1978-07-17,0.011714884206616682,1.0,1.0
1978-07-18,0.015019929904315768,1.0,1.0
1978-07-19,0.026844700718145875,1.0,1.0
1978-07-20,0.0150680022468978,1.0,1.0
1978-07-21,0.0107603388116055,1.0,1.0
1978-07-24,0.007635548524947206,1.0,1.0
1978-07-25,0.008834555979380735,1.0,1.0
1978-07-26,0.008819324485352945,1.0,1.0
1978-07-27,0.0081508951487309,1.0,1.0
1978-07-28,0.007384989543689925,1.0,1.0
1978-07-31,0.008989345199963783,1.0,1.0
1978-08-01,0.006699292040429581,1.0,1.0
1978-08-02,0.2600837894727752,0.0,1.0
1978-08-03,0.15890137978704738,0.0,1.0
1978-08-04,0.09355565357483761,1.0,1.0
1978-08-07,0.04980393161247878,1.0,1.0
1978-08-08,0.03103514471846181,1.0,1.0
1978-08-09,0.021028887996223745,1.0,1.0
1978-08-10,0.017917279598186595,1.0,1.0
1978-08-11,0.011634324288130004,1.0,1.0
1978-08-14,0.007909827332259353,1.0,1.0
1978-08-15,0.006362470737376674,1.0,1.0
1978-08-16,0.008376255978093095,1.0,1.0
1978-08-17,0.00811866647456634,1.0,1.0
1978-08-18,0.0067193451627865115,1.0,1.0
1978-08-21,0.01098332757872443,1.0,1.0
1978-08-22,0.008035567031784905,1.0,1.0
1978-08-23,0.008412162591445099,1.0,1.0
1978-08-24,0.005053019688401193,1.0,1.0
1978-08-25,0.004249437720841355,1.0,1.0
1978-08-28,0.006948469018558382,1.0,1.0
1978-08-29,0.007508163676287009,1.0,1.0
1978-08-30,0.005428226814403455,1.0,1.0
1978-08-31,0.004707131650928929,1.0,1.0
1978-09-01,0.004538344881592438,1.0,1.0
1978-09-05,0.004950147603680788,1.0,1.0
1978-09-06,0.007472943587568413,1.0,1.0
1978-09-07,0.005388144479071971,1.0,1.0
1978-09-08,0.016691500033477302,1.0,1.0
1978-09-11,0.009870455716602776,1.0,1.0
1978-09-12,0.006480836058138114,1.0,1.0
1978-09-13,0.006944168832392682,1.0,1.0
1978-09-14,0.016492887375942584,1.0,1.0
1978-09-15,0.024590872586909656,1.0,1.0
1978-09-18,0.0422497497023159,1.0,1.0
1978-09-19,0.03958833769440055,1.0,1.0
1978-09-20,0.04996873065412338,1.0,1.0
1978-09-21,0.02571693854502396,1.0,1.0
1978-09-22,0.01390721228552541,1.0,1.0
1978-09-25,0.008393407684598822,1.0,1.0
1978-09-26,0.00853879371353303,1.0,1.0
1978-09-27,0.013353896456090943,1.0,1.0
1978-09-28,0.008278675205137887,1.0,1.0
1978-09-29,0.006845320127209218,1.0,1.0
1978-10-02,0.005418053191505831,1.0,1.0
1978-10-03,0.005016261744901462,1.0,1.0
1978-10-04,0.004667818344364503,1.0,1.0
1978-10-05,0.004173962814974769,1.0,1.0
1978-10-06,0.003952750934578288,1.0,1.0
1978-10-09,0.007532008884011266,1.0,1.0
1978-10-10,0.005597062567153114,1.0,1.0
1978-10-11,0.008244127305360928,1.0,1.0
1978-10-12,0.0074351844326058,1.0,1.0
1978-10-13,0.00599378767051336,1.0,1.0
1978-10-16,0.1164710288056598,1.0,1.0
1978-10-17,0.5454210313495333,0.0,1.0
1978-10-18,0.6052001307000302,0.0,1.0
1978-10-19,0.801556792483794,0.0,1.0
1978-10-20,0.9776468803845892,0.0,0.0
1978-10-23,0.9242093988695815,0.0,0.0
1978-10-24,0.8708184459310658,0.0,0.0
1978-10-25,0.7484291515220374,0.0,0.0
1978-10-26,0.9639117329004022,0.0,0.0
1978-10-27,0.9975181684138538,0.0,0.0
1978-10-30,0.9566075338935248,0.0,0.0
1978-10-31,0.9949063255571161,0.0,0.0
1978-11-01,0.9999999920835707,0.0,0.0
1978-11-02,0.9842960844434062,0.0,0.0
1978-11-03,0.9444438421336134,0.0,0.0
1978-11-06,0.9228182992822107,0.0,0.0
1978-11-07,0.9827578960157812,0.0,0.0
1978-11-08,0.9354484650787611,0.0,0.0
1978-11-09,0.8412421560130595,0.0,0.0
1978-11-10,0.7250811386762542,0.0,0.0
1978-11-13,0.946554040400301,0.0,0.0
1978-11-14,0.9485699338858349,0.0,0.0
1978-11-15,0.8707823139852767,0.0,0.0
1978-11-16,0.8670594356186683,0.0,0.0
1978-11-17,0.8508684922046698,0.0,0.0
1978-11-20,0.8256797880225016,0.0,0.0
1978-11-21,0.6751529927771334,0.0,0.0
1978-11-22,0.5474188516289445,0.0,0.0
1978-11-24,0.3914320982534992,0.0,0.0
1978-11-27,0.23408198299724564,0.0,0.0
1978-11-28,0.22162879397850227,0.0,0.0
1978-11-29,0.4900350056040784,0.0,0.0
1978-11-30,0.4611577613904014,0.0,0.0
1978-12-01,0.7775858618341465,0.0,0.0
1978-12-04,0.6031194124372344,0.0,0.0
1978-12-05,0.7195072669778726,0.0,0.0
1978-12-06,0.5338105995907441,0.0,0.0
1978-12-07,0.3854625387481792,0.0,0.0
1978-12-08,0.26492485639700786,0.0,0.0
1978-12-11,0.16000214064446264,1.0,0.0
1978-12-12,0.10922934521126741,1.0,0.0
1978-12-13,0.07980873554640755,1.0,0.0
1978-12-14,0.04045986950492076,1.0,1.0
1978-12-15,0.03750207899274218,1.0,1.0
1978-12-18,0.745096422129842,0.0,1.0
1978-12-19,0.6598633181574804,0.0,1.0
1978-12-20,0.49332659540102286,0.0,1.0
1978-12-21,0.3070310176222929,0.0,1.0
1978-12-22,0.6988338181510068,0.0,1.0
1978-12-26,0.6968847480395384,0.0,1.0
1978-12-27,0.6857476498773708,0.0,1.0
1978-12-28,0.5415667785952939,0.0,1.0
1978-12-29,0.35616427611819995,0.0,1.0
1979-01-02,0.24967777786887965,0.0,1.0
1979-01-03,0.30997704218390054,0.0,1.0
1979-01-04,0.30226460150095213,0.0,1.0
1979-01-05,0.21811040876335908,0.0,1.0
1979-01-08,0.12639846242409494,1.0,1.0
1979-01-09,0.07673526720011493,1.0,1.0
1979-01-10,0.05276688560424204,1.0,1.0
1979-01-11,0.030296896895519936,1.0,1.0
1979-01-12,0.02537713807036575,1.0,1.0
1979-01-15,0.01904383089318751,1.0,1.0
1979-01-16,0.03961621775017898,1.0,1.0
1979-01-17,0.020868261152957528,1.0,1.0
1979-01-18,0.012960235316104384,1.0,1.0
1979-01-19,0.007961107601483419,1.0,1.0
1979-01-22,0.005594461100003552,1.0,1.0
1979-01-23,0.006124549963053148,1.0,1.0
1979-01-24,0.005589293467067997,1.0,1.0
1979-01-25,0.009194592598406891,1.0,1.0
1979-01-26,0.00847977816185588,1.0,1.0
1979-01-29,0.006340511232588905,1.0,1.0
1979-01-30,0.0056627635071393005,1.0,1.0
1979-01-31,0.017350779788537083,1.0,1.0
1979-02-01,0.009968767898843156,1.0,1.0
1979-02-02,0.007512976845416367,1.0,1.0
1979-02-05,0.030755330310357057,1.0,1.0
1979-02-06,0.01642630766561916,1.0,1.0
1979-02-07,0.024512070334955727,1.0,1.0
1979-02-08,0.016269667797200484,1.0,1.0
1979-02-09,0.009794786587923581,1.0,1.0
1979-02-12,0.006673249824072283,1.0,1.0
1979-02-13,0.007743584413673189,1.0,1.0
1979-02-14,0.005698683986267004,1.0,1.0
1979-02-15,0.004597177682915578,1.0,1.0
1979-02-16,0.004041585539714986,1.0,1.0
1979-02-20,0.004891251991323466,1.0,1.0
1979-02-21,0.004646727459303754,1.0,1.0
1979-02-22,0.005952611205234972,1.0,1.0
1979-02-23,0.0072922268136919955,1.0,1.0
1979-02-26,0.005661134045757196,1.0,1.0
1979-02-27,0.07430854540628416,1.0,1.0
1979-02-28,0.03744016018207568,1.0,1.0
1979-03-01,0.027462566969325815,1.0,1.0
1979-03-02,0.014874336795614415,1.0,1.0
1979-03-05,0.02417902738330686,1.0,1.0
1979-03-06,0.014265541904212814,1.0,1.0
1979-03-07,0.011853250008424552,1.0,1.0
1979-03-08,0.017678734475502302,1.0,1.0
1979-03-09,0.010271270630107266,1.0,1.0
1979-03-12,0.00690032128665812,1.0,1.0
1979-03-13,0.005428556692736094,1.0,1.0
1979-03-14,0.004674704664838674,1.0,1.0
1979-03-15,0.004309641868548839,1.0,1.0
1979-03-16,0.006289685978190272,1.0,1.0
1979-03-19,0.005411809930282659,1.0,1.0
1979-03-20,0.006319305476034868,1.0,1.0
1979-03-21,0.006931194632508345,1.0,1.0
1979-03-22,0.0059009921851205386,1.0,1.0
1979-03-23,0.004848859080461057,1.0,1.0
1979-03-26,0.005779025814819138,1.0,1.0
1979-03-27,0.019651672929900714,1.0,1.0
1979-03-28,0.01311628335352666,1.0,1.0
1979-03-29,0.008205424154673657,1.0,1.0
1979-03-30,0.006660204070682046,1.0,1.0
1979-04-02,0.008648101215395276,1.0,1.0
1979-04-03,0.02675029822080635,1.0,1.0
1979-04-04,0.015303584575995623,1.0,1.0
1979-04-05,0.011446916576962224,1.0,1.0
1979-04-06,0.007487211624858861,1.0,1.0
1979-04-09,0.006244425182176004,1.0,1.0
1979-04-10,0.005740838312218391,1.0,1.0
1979-04-11,0.011036274213965705,1.0,1.0
1979-04-12,0.007795744986033387,1.0,1.0
1979-04-16,0.012548361823370465,1.0,1.0
1979-04-17,0.008023347683573871,1.0,1.0
1979-04-18,0.006889214446665886,1.0,1.0
1979-04-19,0.006293376425013681,1.0,1.0
1979-04-20,0.005012753270695483,1.0,1.0
1979-04-23,0.004640663963880461,1.0,1.0
1979-04-24,0.005170648660563352,1.0,1.0
1979-04-25,0.004781925774151527,1.0,1.0
1979-04-26,0.005568624108905279,1.0,1.0
1979-04-27,0.005066391688892867,1.0,1.0
1979-04-30,0.00450601592646724,1.0,1.0
1979-05-01,0.004205217203519616,1.0,1.0
1979-05-02,0.004044364076710086,1.0,1.0
1979-05-03,0.003975546717595805,1.0,1.0
1979-05-04,0.0102173338973803,1.0,1.0
1979-05-07,0.14805021373541008,0.0,1.0
1979-05-08,0.07574412056321841,1.0,1.0
1979-05-09,0.04072350766253969,1.0,1.0
1979-05-10,0.047216543437830535,1.0,1.0
1979-05-11,0.024301055125388042,1.0,1.0
1979-05-14,0.017381308091241277,1.0,1.0
1979-05-15,0.010127468738243214,1.0,1.0
1979-05-16,0.0069342539617882,1.0,1.0
1979-05-17,0.032763625688355016,1.0,1.0
1979-05-18,0.01734212719622548,1.0,1.0
1979-05-21,0.010668937642886251,1.0,1.0
1979-05-22,0.008146187684938744,1.0,1.0
1979-05-23,0.007039347721122143,1.0,1.0
1979-05-24,0.0053790390824515035,1.0,1.0
1979-05-25,0.004817310758336337,1.0,1.0
1979-05-29,0.004555605268663343,1.0,1.0
1979-05-30,0.010506898869316142,1.0,1.0
1979-05-31,0.00695670535786187,1.0,1.0
1979-06-01,0.005316167836808443,1.0,1.0
1979-06-04,0.004617398524725443,1.0,1.0
1979-06-05,0.013492535855631453,1.0,1.0
1979-06-06,0.011615581275827066,1.0,1.0
1979-06-07,0.00949163351565688,1.0,1.0
1979-06-08,0.006881218544662606,1.0,1.0
1979-06-11,0.005476096016996163,1.0,1.0
1979-06-12,0.009039051606865434,1.0,1.0
1979-06-13,0.007355425216962721,1.0,1.0
1979-06-14,0.005809090350685654,1.0,1.0
1979-06-15,0.004780221953719628,1.0,1.0
1979-06-18,0.00619279345850992,1.0,1.0
1979-06-19,0.004962576522521597,1.0,1.0
1979-06-20,0.004419264480818992,1.0,1.0
1979-06-21,0.00458783882606028,1.0,1.0
1979-06-22,0.004830221583144796,1.0,1.0
1979-06-25,0.005889564760452254,1.0,1.0
1979-06-26,0.006050855622352395,1.0,1.0
1979-06-27,0.006174171925631198,1.0,1.0
1979-06-28,0.006133197639288744,1.0,1.0
1979-06-29,0.00493222475616081,1.0,1.0
1979-07-02,0.010360183868199806,1.0,1.0
1979-07-03,0.006918085788310035,1.0,1.0
1979-07-05,0.005788432145562595,1.0,1.0
1979-07-06,0.011598032336920167,1.0,1.0
1979-07-09,0.011871218268174161,1.0,1.0
1979-07-10,0.00857275511760249,1.0,1.0
1979-07-11,0.008793399648458794,1.0,1.0
1979-07-12,0.011201132916980014,1.0,1.0
1979-07-13,0.008397928160464755,1.0,1.0
1979-07-16,0.0066524127014438075,1.0,1.0
1979-07-17,0.01337766706615793,1.0,1.0
1979-07-18,0.009238521537672573,1.0,1.0
1979-07-19,0.0063840928918628345,1.0,1.0
1979-07-20,0.0052017572162242585,1.0,1.0
1979-07-23,0.005031174910322032,1.0,1.0
1979-07-24,0.004691381992339858,1.0,1.0
1979-07-25,0.01076672874541405,1.0,1.0
1979-07-26,0.007080351288196467,1.0,1.0
1979-07-27,0.005390282391315149,1.0,1.0
1979-07-30,0.004610143571023724,1.0,1.0
1979-07-31,0.0054956126700572115,1.0,1.0
1979-08-01,0.0050173430303522715,1.0,1.0
1979-08-02,0.004416813201551827,1.0,1.0
1979-08-03,0.004213897351410969,1.0,1.0
1979-08-06,0.004124950850082764,1.0,1.0
1979-08-07,0.012779253390504428,1.0,1.0
1979-08-08,0.00855765387339675,1.0,1.0
1979-08-09,0.006754210337178804,1.0,1.0
1979-08-10,0.008784709956070655,1.0,1.0
1979-08-13,0.011117396558041056,1.0,1.0
1979-08-14,0.007269765649404802,1.0,1.0
1979-08-15,0.007881289474541099,1.0,1.0
1979-08-16,0.006064955052841816,1.0,1.0
1979-08-17,0.005068114719378251,1.0,1.0
1979-08-20,0.005235506926753956,1.0,1.0
1979-08-21,0.004522506317105888,1.0,1.0
1979-08-22,0.0042161539197291455,1.0,1.0
1979-08-23,0.004064907070469716,1.0,1.0
1979-08-24,0.0037899836892379755,1.0,1.0
1979-08-27,0.00446419323394461,1.0,1.0
1979-08-28,0.004054948907530694,1.0,1.0
1979-08-29,0.003781574295700162,1.0,1.0
1979-08-30,0.003668687811412989,1.0,1.0
1979-08-31,0.003805586296397476,1.0,1.0
1979-09-04,0.045048002006092276,1.0,1.0
1979-09-05,0.10190840530099333,1.0,1.0
1979-09-06,0.05919612232064275,1.0,1.0
1979-09-07,0.045994574726413336,1.0,1.0
1979-09-10,0.027284069251858403,1.0,1.0
1979-09-11,0.02385785069127821,1.0,1.0
1979-09-12,0.013725152121213573,1.0,1.0
1979-09-13,0.008248796935032639,1.0,1.0
1979-09-14,0.010988090520373294,1.0,1.0
1979-09-17,0.0071371152279793345,1.0,1.0
1979-09-18,0.009569486550567573,1.0,1.0
1979-09-19,0.006445834923519394,1.0,1.0
1979-09-20,0.04984068098588831,1.0,1.0
1979-09-21,0.025619516251867088,1.0,1.0
1979-09-24,0.026406184746788672,1.0,1.0
1979-09-25,0.014204296906309642,1.0,1.0
1979-09-26,0.008638400546035126,1.0,1.0
1979-09-27,0.005893873227281758,1.0,1.0
1979-09-28,0.007708375366020461,1.0,1.0
1979-10-01,0.007920287746882472,1.0,1.0
1979-10-02,0.008891734403192558,1.0,1.0
1979-10-03,0.006029072095476749,1.0,1.0
1979-10-04,0.0058762914379846985,1.0,1.0
1979-10-05,0.008130545577437977,1.0,1.0
1979-10-08,0.026009009904458827,1.0,1.0
1979-10-09,0.9990487583558381,0.0,0.0
1979-10-10,0.9988463637075924,0.0,0.0
1979-10-11,0.9596989523894941,0.0,0.0
1979-10-12,0.8963714554231959,0.0,0.0
1979-10-15,0.9403459538964442,0.0,0.0
1979-10-16,0.857482759324149,0.0,0.0
1979-10-17,0.7243751026051202,0.0,0.0
1979-10-18,0.5391182836171272,0.0,0.0
1979-10-19,0.9742398618339947,0.0,0.0
1979-10-22,0.9874211784103983,0.0,0.0
1979-10-23,0.9461377395553352,0.0,0.0
1979-10-24,0.8619029315665402,0.0,0.0
1979-10-25,0.7489974453531077,0.0,0.0
1979-10-26,0.6416530608798658,0.0,0.0
1979-10-29,0.4463320203594413,0.0,0.0
1979-10-30,0.8419438111852254,0.0,0.0
1979-10-31,0.7732868033524807,0.0,0.0
1979-11-01,0.7063534182375526,0.0,0.0
1979-11-02,0.5175424840169841,0.0,0.0
1979-11-05,0.4449569350360979,0.0,0.0
1979-11-06,0.3551392312832403,0.0,0.0
1979-11-07,0.5426557752938381,0.0,0.0
1979-11-08,0.3959684090898482,0.0,0.0
1979-11-09,0.5171029314500096,0.0,0.0
1979-11-12,0.8539868348444067,0.0,0.0
1979-11-13,0.7407415860886957,0.0,0.0
1979-11-14,0.5771054911591114,0.0,0.0
1979-11-15,0.48062879887092824,0.0,0.0
1979-11-16,0.3079450982310251,0.0,0.0
1979-11-19,0.18539635452569278,0.0,0.0
1979-11-20,0.12066631202597365,1.0,0.0
1979-11-21,0.060902085498711504,1.0,0.0
1979-11-23,0.04725420715522213,1.0,0.0
1979-11-26,0.5357979484918421,0.0,0.0
1979-11-27,0.3557695605314415,0.0,0.0
1979-11-28,0.2218047601682648,0.0,0.0
1979-11-29,0.11680297582311777,1.0,0.0
1979-11-30,0.07623810109545079,1.0,0.0
1979-12-03,0.04288858500854634,1.0,0.0
1979-12-04,0.03674495944084105,1.0,0.0
1979-12-05,0.022496697975564542,1.0,1.0
1979-12-06,0.017439068960463374,1.0,1.0
1979-12-07,0.011611893168527614,1.0,1.0
1979-12-10,0.007431587518345775,1.0,1.0
1979-12-11,0.005723167847931303,1.0,1.0
1979-12-12,0.0045405874191884925,1.0,1.0
1979-12-13,0.004019416112054595,1.0,1.0
1979-12-14,0.009156246558806275,1.0,1.0
1979-12-17,0.006982512367041858,1.0,1.0
1979-12-18,0.012251136660708312,1.0,1.0
1979-12-19,0.007810469272921847,1.0,1.0
1979-12-20,0.005527454600772845,1.0,1.0
1979-12-21,0.006698797359958576,1.0,1.0
1979-12-24,0.004994377807329597,1.0,1.0
1979-12-26,0.0042084069075196875,1.0,1.0
1979-12-27,0.0038437551364744558,1.0,1.0
1979-12-28,0.0036788415815544756,1.0,1.0
1979-12-31,0.0036003058931550085,1.0,1.0
1980-01-02,0.16848864620079512,0.0,1.0
1980-01-03,0.14363567549871312,1.0,1.0
1980-01-04,0.25179864613066827,0.0,1.0
1980-01-07,0.14670542260634747,0.0,1.0
1980-01-08,0.6641779900375644,0.0,1.0
1980-01-09,0.468432260135455,0.0,1.0
1980-01-10,0.421893378891711,0.0,1.0
1980-01-11,0.2531307811535573,0.0,1.0
1980-01-14,0.14410163372841484,0.0,1.0
1980-01-15,0.08963599732198892,1.0,1.0
1980-01-16,0.04498764969313242,1.0,1.0
1980-01-17,0.0255131133018844,1.0,1.0
1980-01-18,0.014071813040426654,1.0,1.0
1980-01-21,0.014773564604180478,1.0,1.0
1980-01-22,0.012801572746652562,1.0,1.0
1980-01-23,0.049865673523419425,1.0,1.0
1980-01-24,0.02618170270243456,1.0,1.0
1980-01-25,0.014170115749224457,1.0,1.0
1980-01-28,0.01875855446696651,1.0,1.0
1980-01-29,0.016694472112537575,1.0,1.0
1980-01-30,0.019045241006501814,1.0,1.0
1980-01-31,0.018566612008409575,1.0,1.0
1980-02-01,0.014528015194840357,1.0,1.0
1980-02-04,0.010908101545371666,1.0,1.0
1980-02-05,0.00705942082705694,1.0,1.0
1980-02-06,0.008959963519588486,1.0,1.0
1980-02-07,0.006832472397829132,1.0,1.0
1980-02-08,0.017821761921544676,1.0,1.0
1980-02-11,0.017834898254398986,1.0,1.0
1980-02-12,0.012965492521074415,1.0,1.0
1980-02-13,0.008210478315127724,1.0,1.0
1980-02-14,0.040762668995188996,1.0,1.0
1980-02-15,0.049106393588413136,1.0,1.0
1980-02-19,0.04731954369391941,1.0,1.0
1980-02-20,0.1132978792353602,1.0,1.0
1980-02-21,0.1272432709661921,1.0,1.0
1980-02-22,0.08383084764660641,1.0,1.0
1980-02-25,0.24435899800120162,0.0,1.0
1980-02-26,0.15722466007443375,1.0,1.0
1980-02-27,0.29095650148059893,0.0,1.0
1980-02-28,0.1624399010059099,1.0,1.0
1980-02-29,0.1568738689528997,1.0,1.0
1980-03-03,0.18089167369593268,0.0,1.0
1980-03-04,0.09673234405448014,1.0,1.0
1980-03-05,0.3694280131192212,0.0,1.0
1980-03-06,0.9851132696150526,0.0,0.0
1980-03-07,0.9956008751668467,0.0,0.0
1980-03-10,0.9704747534133144,0.0,0.0
1980-03-11,0.964548492907901,0.0,0.0
1980-03-12,0.9316815290858598,0.0,0.0
1980-03-13,0.9342865926679415,0.0,0.0
1980-03-14,0.855566033272289,0.0,0.0
1980-03-17,0.9999682540756025,0.0,0.0
1980-03-18,0.9885073391447173,0.0,0.0
1980-03-19,0.9375621456912869,0.0,0.0
1980-03-20,0.9419614301186771,0.0,0.0
1980-03-21,0.9135601924859539,0.0,0.0
1980-03-24,0.9999710983092757,0.0,0.0
1980-03-25,0.9683686471843987,0.0,0.0
1980-03-26,0.9233600757880582,0.0,0.0
1980-03-27,0.9912927725528186,0.0,0.0
1980-03-28,0.9999496103198909,0.0,0.0
1980-03-31,0.9910473367761782,0.0,0.0
1980-04-01,0.9414168252341286,0.0,0.0
1980-04-02,0.9016337710945901,0.0,0.0
1980-04-03,0.8163207792440639,0.0,0.0
1980-04-07,0.9909946927058733,0.0,0.0
1980-04-08,0.9665230042729476,0.0,0.0
1980-04-09,0.991234063306138,0.0,0.0
1980-04-10,0.9633893078988882,0.0,0.0
1980-04-11,0.8899171631354014,0.0,0.0
1980-04-14,0.9044963702973121,0.0,0.0
1980-04-15,0.7996367972061423,0.0,0.0
1980-04-16,0.8455919649246054,0.0,0.0
1980-04-17,0.7619593042089721,0.0,0.0
1980-04-18,0.6330505555894176,0.0,0.0
1980-04-21,0.6357577767320018,0.0,0.0
1980-04-22,0.9999188399733355,0.0,0.0
1980-04-23,0.9583955647255584,0.0,0.0
1980-04-24,0.9201030888068051,0.0,0.0
1980-04-25,0.8313754534934685,0.0,0.0
1980-04-28,0.6951328301014464,0.0,0.0
1980-04-29,0.5129391214331549,0.0,0.0
1980-04-30,0.3350889432711644,0.0,0.0
1980-05-01,0.2749481523770902,0.0,0.0
1980-05-02,0.15163844837152685,1.0,0.0
1980-05-05,0.11385356632906399,1.0,0.0
1980-05-06,0.05857742843670564,1.0,0.0
1980-05-07,0.051473725657809485,1.0,0.0
1980-05-08,0.044808376175964726,1.0,1.0
1980-05-09,0.08851614109793164,1.0,1.0
1980-05-12,0.04566840580120779,1.0,1.0
1980-05-13,0.06797657398831707,1.0,1.0
1980-05-14,0.04608449897019769,1.0,1.0
1980-05-15,0.024474504555762982,1.0,1.0
1980-05-16,0.014889406617927639,1.0,1.0
1980-05-19,0.009455080478776006,1.0,1.0
1980-05-20,0.006805821173536665,1.0,1.0
1980-05-21,0.00541887439547652,1.0,1.0
1980-05-22,0.014599010372089409,1.0,1.0
1980-05-23,0.045856486819374265,1.0,1.0
1980-05-27,0.032143632665275534,1.0,1.0
1980-05-28,0.022244648005485073,1.0,1.0
1980-05-29,0.09825971668204254,1.0,1.0
1980-05-30,0.06929512004346824,1.0,1.0
1980-06-02,0.03900634272089457,1.0,1.0
1980-06-03,0.02215487153053651,1.0,1.0
1980-06-04,0.11214779386807641,1.0,1.0
1980-06-05,0.05833611137720469,1.0,1.0
1980-06-06,0.032959401374214665,1.0,1.0
1980-06-09,0.01917703715259824,1.0,1.0
1980-06-10,0.017672888194275416,1.0,1.0
1980-06-11,0.02511218085228526,1.0,1.0
1980-06-12,0.01543422116205124,1.0,1.0
1980-06-13,0.009849759412028073,1.0,1.0
1980-06-16,0.006884494567809063,1.0,1.0
1980-06-17,0.005492419758867733,1.0,1.0
1980-06-18,0.004821135630695974,1.0,1.0
1980-06-19,0.021853359266642468,1.0,1.0
1980-06-20,0.015513675023585196,1.0,1.0
1980-06-23,0.010295708467120926,1.0,1.0
1980-06-24,0.008714729446594374,1.0,1.0
1980-06-25,0.01925479023994503,1.0,1.0
1980-06-26,0.013223799756231254,1.0,1.0
1980-06-27,0.008722618123144737,1.0,1.0
1980-06-30,0.048528840262754475,1.0,1.0
1980-07-01,0.03068346694113156,1.0,1.0
1980-07-02,0.022404137371270796,1.0,1.0
1980-07-03,0.0556219412894208,1.0,1.0
1980-07-07,0.04330185647365019,1.0,1.0
1980-07-08,0.025787670003361598,1.0,1.0
1980-07-09,0.014415387821867076,1.0,1.0
1980-07-10,0.016318363940291358,1.0,1.0
1980-07-11,0.0138469518642381,1.0,1.0
1980-07-14,0.08867544470920267,1.0,1.0
1980-07-15,0.05779109731306588,1.0,1.0
1980-07-16,0.030349166051252353,1.0,1.0
1980-07-17,0.0743570119999753,1.0,1.0
1980-07-18,0.04024802027444971,1.0,1.0
1980-07-21,0.022628653669080602,1.0,1.0
1980-07-22,0.014220365744170483,1.0,1.0
1980-07-23,0.009388903218212778,1.0,1.0
1980-07-24,0.006835859187402225,1.0,1.0
1980-07-25,0.01003409216947618,1.0,1.0
1980-07-28,0.007723582189833791,1.0,1.0
1980-07-29,0.00878238231864005,1.0,1.0
1980-07-30,0.006343720563814529,1.0,1.0
1980-07-31,0.006201583986033533,1.0,1.0
1980-08-01,0.005444289056751078,1.0,1.0
1980-08-04,0.005657170523300225,1.0,1.0
1980-08-05,0.0049150003054842335,1.0,1.0
1980-08-06,0.006102157374883149,1.0,1.0
1980-08-07,0.026138657542665727,1.0,1.0
1980-08-08,0.015127707241859177,1.0,1.0
1980-08-11,0.017024351516535186,1.0,1.0
1980-08-12,0.01827241683824948,1.0,1.0
1980-08-13,0.012163809993728332,1.0,1.0
1980-08-14,0.044217571540798147,1.0,1.0
1980-08-15,0.025422166042301367,1.0,1.0
1980-08-18,0.23729587709012243,0.0,1.0
1980-08-19,0.18353871358113458,0.0,1.0
1980-08-20,0.17913077941918004,0.0,1.0
1980-08-21,0.34528373864855555,0.0,1.0
1980-08-22,0.23522141801099158,0.0,1.0
1980-08-25,0.16335469071194675,1.0,1.0
1980-08-26,0.088088060071399,1.0,1.0
1980-08-27,0.10551843816977531,1.0,1.0
1980-08-28,0.17701277039494515,0.0,1.0
1980-08-29,0.09487830392289605,1.0,1.0
1980-09-02,0.09350379142941578,1.0,1.0
1980-09-03,0.48423920667613807,0.0,1.0
1980-09-04,0.3445505066379993,0.0,1.0
1980-09-05,0.22031586802305128,0.0,1.0
1980-09-08,0.3634238604456539,0.0,1.0
1980-09-09,0.2402636596183694,0.0,1.0
1980-09-10,0.16609763728176938,1.0,1.0
1980-09-11,0.11367735092160441,1.0,1.0
1980-09-12,0.058421150969873784,1.0,1.0
1980-09-15,0.030372197457387427,1.0,1.0
1980-09-16,0.029187165447104663,1.0,1.0
1980-09-17,0.08401283876189447,1.0,1.0
1980-09-18,0.05018975442597546,1.0,1.0
1980-09-19,0.031972678548693054,1.0,1.0
1980-09-22,0.02563172524695669,1.0,1.0
1980-09-23,0.023890111152544222,1.0,1.0
1980-09-24,0.017211165884157675,1.0,1.0
1980-09-25,0.04078851102278452,1.0,1.0
1980-09-26,0.4982797410298963,0.0,1.0
1980-09-29,0.9904541537360864,0.0,0.0
1980-09-30,0.9884268786209925,0.0,0.0
1980-10-01,0.9811107562404511,0.0,0.0
1980-10-02,0.9420007808487981,0.0,0.0
1980-10-03,0.9340667422371678,0.0,0.0
1980-10-06,0.9801019785872462,0.0,0.0
1980-10-07,0.9380449916497122,0.0,0.0
1980-10-08,0.8604943465081192,0.0,0.0
1980-10-09,0.7534750937983884,0.0,0.0
1980-10-10,0.6284343017834847,0.0,0.0
1980-10-13,0.656512357002401,0.0,0.0
1980-10-14,0.46409479629197514,0.0,0.0
1980-10-15,0.49509210626526606,0.0,0.0
1980-10-16,0.643317557044977,0.0,0.0
1980-10-17,0.5278546917359422,0.0,0.0
1980-10-20,0.39055120695225315,0.0,0.0
1980-10-21,0.3141451087211587,0.0,0.0
1980-10-22,0.17661609860002284,0.0,0.0
1980-10-23,0.6814609261285367,0.0,0.0
1980-10-24,0.4938468196760326,0.0,0.0
1980-10-27,0.7517803806904971,0.0,0.0
1980-10-28,0.572427877182708,0.0,0.0
1980-10-29,0.3892350934769109,0.0,0.0
1980-10-30,0.6891344865819928,0.0,0.0
1980-10-31,0.6557779635422883,0.0,0.0
1980-11-03,0.6779756276803833,0.0,0.0
1980-11-05,0.8958824332694675,0.0,0.0
1980-11-06,0.985744282024024,0.0,0.0
1980-11-07,0.9297485581645824,0.0,0.0
1980-11-10,0.8327001097467229,0.0,0.0
1980-11-11,0.8592556306941631,0.0,0.0
1980-11-12,0.9952160136933009,0.0,0.0
1980-11-13,0.9892749930786858,0.0,0.0
1980-11-14,0.9442427723207873,0.0,0.0
1980-11-17,0.8632766267753115,0.0,0.0
1980-11-18,0.9164440807904295,0.0,0.0
1980-11-19,0.8330995313644989,0.0,0.0
1980-11-20,0.7929026498637312,0.0,0.0
1980-11-21,0.7851738775916827,0.0,0.0
1980-11-24,0.7121534253642906,0.0,0.0
1980-11-25,0.6130184560220782,0.0,0.0
1980-11-26,0.45340856353134523,0.0,0.0
1980-11-28,0.2822893412561943,0.0,0.0
1980-12-01,0.9461082436692531,0.0,0.0
1980-12-02,0.8722676025489992,0.0,0.0
1980-12-03,0.7402204099980297,0.0,0.0
1980-12-04,0.5668008925203609,0.0,0.0
1980-12-05,0.9491850766283342,0.0,0.0
1980-12-08,0.999805175218731,0.0,0.0
1980-12-09,0.9599936814727787,0.0,0.0
1980-12-10,0.9889957647699308,0.0,0.0
1980-12-11,0.9820952928507183,0.0,0.0
1980-12-12,0.9805227979069385,0.0,0.0
1980-12-15,0.9198089660500768,0.0,0.0
1980-12-16,0.8589409037337912,0.0,0.0
1980-12-17,0.9365345164874896,0.0,0.0
1980-12-18,0.8512534262062653,0.0,0.0
1980-12-19,0.7444252738367584,0.0,0.0
1980-12-22,0.8165674280041283,0.0,0.0
1980-12-23,0.6855029556744764,0.0,0.0
1980-12-24,0.5069913300325573,0.0,0.0
1980-12-26,0.3440255616953241,0.0,0.0
1980-12-29,0.43725804493414533,0.0,0.0
1980-12-30,0.26483050082318504,0.0,0.0
1980-12-31,0.15201864115451175,1.0,0.0
1981-01-02,0.09399828776192576,1.0,0.0
1981-01-05,0.08768960475542235,1.0,0.0
1981-01-06,0.045073814677983555,1.0,1.0
1981-01-07,0.9375828482106295,0.0,0.0
1981-01-08,0.9709544145403926,0.0,0.0
1981-01-09,0.907770397112457,0.0,0.0
1981-01-12,0.7927239026152876,0.0,0.0
1981-01-13,0.6578268697336033,0.0,0.0
1981-01-14,0.46970838957794775,0.0,0.0
1981-01-15,0.31748925621530005,0.0,0.0
1981-01-16,0.19854691224200985,0.0,0.0
1981-01-19,0.11403176750402637,1.0,0.0
1981-01-20,0.6456730100684721,0.0,0.0
1981-01-21,0.4938792128416764,0.0,0.0
1981-01-22,0.4772718018756751,0.0,0.0
1981-01-23,0.29915981498645927,0.0,0.0
1981-01-26,0.2137174907803003,0.0,0.0
1981-01-27,0.2080923619511061,0.0,0.0
1981-01-28,0.13867732746707837,1.0,0.0
1981-01-29,0.07331997997324471,1.0,0.0
1981-01-30,0.0488637993195425,1.0,0.0
1981-02-02,0.7390630340032097,0.0,0.0
1981-02-03,0.7412914953458648,0.0,0.0
1981-02-04,0.5616218004174139,0.0,0.0
1981-02-05,0.5180850657935177,0.0,0.0
1981-02-06,0.4235552577568493,0.0,0.0
1981-02-09,0.4808532243722645,0.0,0.0
1981-02-10,0.3081466034285492,0.0,0.0
1981-02-11,0.27330466964471833,0.0,0.0
1981-02-12,0.22230402831671547,0.0,0.0
1981-02-13,0.13391723338320924,1.0,0.0
1981-02-17,0.0762955934906146,1.0,0.0
1981-02-18,0.04373875127230191,1.0,1.0
1981-02-19,0.16175665567415962,1.0,1.0
1981-02-20,0.08954744755320357,1.0,1.0
1981-02-23,0.0635017666595762,1.0,1.0
1981-02-24,0.034805567225065184,1.0,1.0
1981-02-25,0.02682014802681311,1.0,1.0
1981-02-26,0.039418704457642006,1.0,1.0
1981-02-27,0.04032931139334766,1.0,1.0
1981-03-02,0.02794165298329159,1.0,1.0
1981-03-03,0.037298144124020494,1.0,1.0
1981-03-04,0.021322409044264645,1.0,1.0
1981-03-05,0.017814591665923536,1.0,1.0
1981-03-06,0.011924677118028276,1.0,1.0
1981-03-09,0.012077978528944764,1.0,1.0
1981-03-10,0.011237450105214833,1.0,1.0
1981-03-11,0.009614788306190766,1.0,1.0
1981-03-12,0.2236961085967187,0.0,1.0
1981-03-13,0.12445160570255688,1.0,1.0
1981-03-16,0.1258846525134322,1.0,1.0
1981-03-17,0.08447476516486235,1.0,1.0
1981-03-18,0.04608849852591216,1.0,1.0
1981-03-19,0.03387771311953365,1.0,1.0
1981-03-20,0.024392654135443274,1.0,1.0
1981-03-23,0.029358109369474972,1.0,1.0
1981-03-24,0.024787770245238386,1.0,1.0
1981-03-25,0.07686458419855481,1.0,1.0
1981-03-26,0.05211827937990917,1.0,1.0
1981-03-27,0.07342383423162056,1.0,1.0
1981-03-30,0.04477683055671701,1.0,1.0
1981-03-31,0.050439828394123865,1.0,1.0
1981-04-01,0.03160291749242148,1.0,1.0
1981-04-02,0.018932112989272727,1.0,1.0
1981-04-03,0.015944011478581092,1.0,1.0
1981-04-06,0.033666371329693245,1.0,1.0
1981-04-07,0.019700618986354206,1.0,1.0
1981-04-08,0.013067724785628631,1.0,1.0
1981-04-09,0.009829806882362771,1.0,1.0
1981-04-10,0.007733121132835151,1.0,1.0
1981-04-13,0.018634923801246577,1.0,1.0
1981-04-14,0.0167025239176279,1.0,1.0
1981-04-15,0.021947900769685193,1.0,1.0
1981-04-16,0.015110835800297148,1.0,1.0
1981-04-20,0.012069472258757055,1.0,1.0
1981-04-21,0.02059571121563619,1.0,1.0
1981-04-22,0.013292751531929277,1.0,1.0
1981-04-23,0.009488507656421742,1.0,1.0
1981-04-24,0.010128536318889362,1.0,1.0
1981-04-27,0.007933435403625072,1.0,1.0
1981-04-28,0.015913460889507618,1.0,1.0
1981-04-29,0.02535337993620439,1.0,1.0
1981-04-30,0.015436634825898736,1.0,1.0
1981-05-01,0.011083259927400451,1.0,1.0
1981-05-04,0.06593672926135907,1.0,1.0
1981-05-05,0.04363292097236267,1.0,1.0
1981-05-06,0.02636407393347909,1.0,1.0
1981-05-07,0.021860620292398967,1.0,1.0
1981-05-08,0.013604234108997047,1.0,1.0
1981-05-11,0.056528081961783855,1.0,1.0
1981-05-12,0.03953722552355229,1.0,1.0
1981-05-13,0.022722448988370354,1.0,1.0
1981-05-14,0.01669742985374956,1.0,1.0
1981-05-15,0.013700801729825981,1.0,1.0
1981-05-18,0.00961761089784623,1.0,1.0
1981-05-19,0.008709528396481796,1.0,1.0
1981-05-20,0.007154598016720547,1.0,1.0
1981-05-21,0.006611965233912473,1.0,1.0
1981-05-22,0.006185518597414547,1.0,1.0
1981-05-26,0.009749639995739592,1.0,1.0
1981-05-27,0.009743148107382362,1.0,1.0
1981-05-28,0.00806083560387161,1.0,1.0
1981-05-29,0.008898116353747303,1.0,1.0
1981-06-01,0.007878030698410145,1.0,1.0
1981-06-02,0.04454697394545836,1.0,1.0
1981-06-03,0.025229931181548666,1.0,1.0
1981-06-04,0.015325633445778197,1.0,1.0
1981-06-05,0.016229485360662353,1.0,1.0
1981-06-08,0.010963220564848119,1.0,1.0
1981-06-09,0.009590530509171982,1.0,1.0
1981-06-10,0.007736076313487061,1.0,1.0
1981-06-11,0.013114711419220944,1.0,1.0
1981-06-12,0.009437527716530215,1.0,1.0
1981-06-15,0.007512212178450362,1.0,1.0
1981-06-16,0.02300887551699551,1.0,1.0
1981-06-17,0.018650645135109355,1.0,1.0
1981-06-18,0.04584058246301666,1.0,1.0
1981-06-19,0.027185173875366925,1.0,1.0
1981-06-22,0.017384863460266756,1.0,1.0
1981-06-23,0.01967152926762183,1.0,1.0
1981-06-24,0.017408526197163713,1.0,1.0
1981-06-25,0.011411669685615916,1.0,1.0
1981-06-26,0.009033349376584593,1.0,1.0
1981-06-29,0.01098812812306055,1.0,1.0
1981-06-30,0.012856014043241656,1.0,1.0
1981-07-01,0.022965920411112003,1.0,1.0
1981-07-02,0.03343942267077293,1.0,1.0
1981-07-06,0.060923403905828954,1.0,1.0
1981-07-07,0.03490304921292604,1.0,1.0
1981-07-08,0.02008523419342813,1.0,1.0
1981-07-09,0.016454239381399904,1.0,1.0
1981-07-10,0.010942860883590538,1.0,1.0
1981-07-13,0.008248617451860462,1.0,1.0
1981-07-14,0.007186160745393081,1.0,1.0
1981-07-15,0.006852792266480912,1.0,1.0
1981-07-16,0.006261738244222265,1.0,1.0
1981-07-17,0.006152894075103046,1.0,1.0
1981-07-20,0.05552363624204064,1.0,1.0
1981-07-21,0.04013393940209363,1.0,1.0
1981-07-22,0.04830913528562111,1.0,1.0
1981-07-23,0.026883605110867195,1.0,1.0
1981-07-24,0.02393058627918064,1.0,1.0
1981-07-27,0.022270544267698124,1.0,1.0
1981-07-28,0.018436754755997292,1.0,1.0
1981-07-29,0.012085582371774496,1.0,1.0
1981-07-30,0.010486174889137277,1.0,1.0
1981-07-31,0.01158554946694051,1.0,1.0
1981-08-03,0.00994327546364092,1.0,1.0
1981-08-04,0.008452569294997193,1.0,1.0
1981-08-05,0.014645483292027372,1.0,1.0
1981-08-06,0.010055122285594992,1.0,1.0
1981-08-07,0.00989120917052395,1.0,1.0
1981-08-10,0.00811966696671141,1.0,1.0
1981-08-11,0.010879693254730103,1.0,1.0
1981-08-12,0.008975239186666038,1.0,1.0
1981-08-13,0.007294409134765135,1.0,1.0
1981-08-14,0.010704054003214652,1.0,1.0
1981-08-17,0.021447772065678456,1.0,1.0
1981-08-18,0.0411757735541954,1.0,1.0
1981-08-19,0.023407307700105115,1.0,1.0
1981-08-20,0.014406077685745797,1.0,1.0
1981-08-21,0.022909036616944677,1.0,1.0
1981-08-24,0.9587823634893575,0.0,0.0
1981-08-25,0.9138137333513779,0.0,0.0
1981-08-26,0.8157961190517413,0.0,0.0
1981-08-27,0.8533930640077872,0.0,0.0
1981-08-28,0.733506639208138,0.0,0.0
1981-08-31,0.8100759219355611,0.0,0.0
1981-09-01,0.6570493673002042,0.0,0.0
1981-09-02,0.4789892209388358,0.0,0.0
1981-09-03,0.9149477539898253,0.0,0.0
1981-09-04,0.9231709564061049,0.0,0.0
1981-09-08,0.9929163721222485,0.0,0.0
1981-09-09,0.9491080714798932,0.0,0.0
1981-09-10,0.9691333029464391,0.0,0.0
1981-09-11,0.9590540408560615,0.0,0.0
1981-09-14,0.9348486165001557,0.0,0.0
1981-09-15,0.8909807424762094,0.0,0.0
1981-09-16,0.8743458347000935,0.0,0.0
1981-09-17,0.9552822265762662,0.0,0.0
1981-09-18,0.9431996268527624,0.0,0.0
1981-09-21,0.8772632673274633,0.0,0.0
1981-09-22,0.8044684588895926,0.0,0.0
1981-09-23,0.8796590699006713,0.0,0.0
1981-09-24,0.7892888092527324,0.0,0.0
1981-09-25,0.9958359321480874,0.0,0.0
1981-09-28,0.9967885791890728,0.0,0.0
1981-09-29,0.9712865364201396,0.0,0.0
1981-09-30,0.9106605369349686,0.0,0.0
1981-10-01,0.8421847143040223,0.0,0.0
1981-10-02,0.9740964028441864,0.0,0.0
1981-10-05,0.9163604418189688,0.0,0.0
1981-10-06,0.8176065651944008,0.0,0.0
1981-10-07,0.9155828062137564,0.0,0.0
1981-10-08,0.8768565832120927,0.0,0.0
1981-10-09,0.7994042552213885,0.0,0.0
1981-10-12,0.6603793989277826,0.0,0.0
1981-10-13,0.4965616053352671,0.0,0.0
1981-10-14,0.8143682679144968,0.0,0.0
1981-10-15,0.6987671601797669,0.0,0.0
1981-10-16,0.5598868439461984,0.0,0.0
1981-10-19,0.39439872212475113,0.0,0.0
1981-10-20,0.36076955487306817,0.0,0.0
1981-10-21,0.2209841121850996,0.0,0.0
1981-10-22,0.14292548328442886,1.0,0.0
1981-10-23,0.1358015985311051,1.0,0.0
1981-10-26,0.09116895863627104,1.0,0.0
1981-10-27,0.08198067789398417,1.0,0.0
1981-10-28,0.04436720635613287,1.0,1.0
1981-10-29,0.029105197517918565,1.0,1.0
1981-10-30,0.33128946830777584,0.0,1.0
1981-11-02,0.7585490871702749,0.0,1.0
1981-11-03,0.6117776073581636,0.0,1.0
1981-11-04,0.4277465112813096,0.0,1.0
1981-11-05,0.3758284027941031,0.0,1.0
1981-11-06,0.28029851977327086,0.0,1.0
1981-11-09,0.16697151182319678,1.0,1.0
1981-11-10,0.10774818725949999,1.0,1.0
1981-11-11,0.057566164388271175,1.0,1.0
1981-11-12,0.03162802949534424,1.0,1.0
1981-11-13,0.059270863199057534,1.0,1.0
1981-11-16,0.13700234312791987,1.0,1.0
1981-11-17,0.08353453409748841,1.0,1.0
1981-11-18,0.055814099793216575,1.0,1.0
1981-11-19,0.03287469176089066,1.0,1.0
1981-11-20,0.02917040251364638,1.0,1.0
1981-11-23,0.017351928471440656,1.0,1.0
1981-11-24,0.029148512550638685,1.0,1.0
1981-11-25,0.017660642421070665,1.0,1.0
1981-11-27,0.014901199606069582,1.0,1.0
1981-11-30,0.014361818070501423,1.0,1.0
1981-12-01,0.010361956119768756,1.0,1.0
1981-12-02,0.019746905747200102,1.0,1.0
1981-12-03,0.012645238487924503,1.0,1.0
1981-12-04,0.011107600288027071,1.0,1.0
1981-12-07,0.014493889361024515,1.0,1.0
1981-12-08,0.012444703102675495,1.0,1.0
1981-12-09,0.009311441111828848,1.0,1.0
1981-12-10,0.007086184077802544,1.0,1.0
1981-12-11,0.008394300959110725,1.0,1.0
1981-12-14,0.05982733220086913,1.0,1.0
1981-12-15,0.03240634908969236,1.0,1.0
1981-12-16,0.021674247046103837,1.0,1.0
1981-12-17,0.014143777113414848,1.0,1.0
1981-12-18,0.011836146728043275,1.0,1.0
1981-12-21,0.010574827714971816,1.0,1.0
1981-12-22,0.009247732253804538,1.0,1.0
1981-12-23,0.008536002326150987,1.0,1.0
1981-12-24,0.006768509275495452,1.0,1.0
1981-12-28,0.006478693856531563,1.0,1.0
1981-12-29,0.008064745633241088,1.0,1.0
1981-12-30,0.006812140595754172,1.0,1.0
1981-12-31,0.006058336404277087,1.0,1.0
1982-01-04,0.005516379692110935,1.0,1.0
1982-01-05,0.15973316791920575,1.0,1.0
1982-01-06,0.15322260163438442,1.0,1.0
1982-01-07,0.09097690075623559,1.0,1.0
1982-01-08,0.0531861765129027,1.0,1.0
1982-01-11,0.7250922129218508,0.0,1.0
1982-01-12,0.6292087526927835,0.0,1.0
1982-01-13,0.778394889054179,0.0,0.0
1982-01-14,0.641561263891758,0.0,0.0
1982-01-15,0.5101776218457406,0.0,0.0
1982-01-18,0.37556500309840807,0.0,0.0
1982-01-19,0.4012384864248193,0.0,0.0
1982-01-20,0.32675414875062,0.0,0.0
1982-01-21,0.19675228842987616,1.0,0.0
1982-01-22,0.12627023694772269,1.0,0.0
1982-01-25,0.0814984719329726,1.0,0.0
1982-01-26,0.04593746683201426,1.0,1.0
1982-01-27,0.02647919929548604,1.0,1.0
1982-01-28,0.6397778630205441,0.0,1.0
1982-01-29,0.659162886480612,0.0,1.0
1982-02-01,0.9385379050077196,0.0,0.0
1982-02-02,0.85431624822918,0.0,0.0
1982-02-03,0.8548216087645795,0.0,0.0
1982-02-04,0.7333213954647267,0.0,0.0
1982-02-05,0.646378380486033,0.0,0.0
1982-02-08,0.9799596078217068,0.0,0.0
1982-02-09,0.9660972950589297,0.0,0.0
1982-02-10,0.9161605341141865,0.0,0.0
1982-02-11,0.8205643757500296,0.0,0.0
1982-02-12,0.6758914520968295,0.0,0.0
1982-02-16,0.5523671226779986,0.0,0.0
1982-02-17,0.3851341387765859,0.0,0.0
1982-02-18,0.23268756981208305,0.0,0.0
1982-02-19,0.1608723585942439,1.0,0.0
1982-02-22,0.3367783382195544,0.0,0.0
1982-02-23,0.21497508282812683,0.0,0.0
1982-02-24,0.3318491800756731,0.0,0.0
1982-02-25,0.20093957872770873,1.0,0.0
1982-02-26,0.11878506115267581,1.0,0.0
1982-03-01,0.06595168871048199,1.0,1.0
1982-03-02,0.04400212065581981,1.0,1.0
1982-03-03,0.1735493100616538,1.0,1.0
1982-03-04,0.24610803460324868,0.0,1.0
1982-03-05,0.21170002097223653,1.0,1.0
1982-03-08,0.5823921134083138,0.0,1.0
1982-03-09,0.4695363992887291,0.0,1.0
1982-03-10,0.3281002246769852,0.0,1.0
1982-03-11,0.20217732266109903,1.0,1.0
1982-03-12,0.19775499867193286,1.0,1.0
1982-03-15,0.12233737195583294,1.0,1.0
1982-03-16,0.06864379497205113,1.0,1.0
1982-03-17,0.04025456778096648,1.0,1.0
1982-03-18,0.05019243374963644,1.0,1.0
1982-03-19,0.029174697474056564,1.0,1.0
1982-03-22,0.1684443161536504,1.0,1.0
1982-03-23,0.10972153032808368,1.0,1.0
1982-03-24,0.07589542860762674,1.0,1.0
1982-03-25,0.04312684315037054,1.0,1.0
1982-03-26,0.05299118737840905,1.0,1.0
1982-03-29,0.029866187702607547,1.0,1.0
1982-03-30,0.01813789650206878,1.0,1.0
1982-03-31,0.01322625033033957,1.0,1.0
1982-04-01,0.03246085735899629,1.0,1.0
1982-04-02,0.038275133286446585,1.0,1.0
1982-04-05,0.025551531349932516,1.0,1.0
1982-04-06,0.01753473966897681,1.0,1.0
1982-04-07,0.011782015703011607,1.0,1.0
1982-04-08,0.010535548253229533,1.0,1.0
1982-04-12,0.008973222468351572,1.0,1.0
1982-04-13,0.007633516503667439,1.0,1.0
1982-04-14,0.007270187140663324,1.0,1.0
1982-04-15,0.007058543437471922,1.0,1.0
1982-04-16,0.007227090427840054,1.0,1.0
1982-04-19,0.006844666436989876,1.0,1.0
1982-04-20,0.014998910138130572,1.0,1.0
1982-04-21,0.010611742661756601,1.0,1.0
1982-04-22,0.01551284617037239,1.0,1.0
1982-04-23,0.021508265991306404,1.0,1.0
1982-04-26,0.014877475119933732,1.0,1.0
1982-04-27,0.023436708172326133,1.0,1.0
1982-04-28,0.022055119136371253,1.0,1.0
1982-04-29,0.030898553184969535,1.0,1.0
1982-04-30,0.01857752518859572,1.0,1.0
1982-05-03,0.012529317512627501,1.0,1.0
1982-05-04,0.011057010146048834,1.0,1.0
1982-05-05,0.008532572853736998,1.0,1.0
1982-05-06,0.010852508343072833,1.0,1.0
1982-05-07,0.010919418573570271,1.0,1.0
1982-05-10,0.015090716316905034,1.0,1.0
1982-05-11,0.015041422483201412,1.0,1.0
1982-05-12,0.01209035801474771,1.0,1.0
1982-05-13,0.013732843966019278,1.0,1.0
1982-05-14,0.010331218814253805,1.0,1.0
1982-05-17,0.023698598970609944,1.0,1.0
1982-05-18,0.029035947511602305,1.0,1.0
1982-05-19,0.031514175358628646,1.0,1.0
1982-05-20,0.02381783354922555,1.0,1.0
1982-05-21,0.014954725748011582,1.0,1.0
1982-05-24,0.010785992317652515,1.0,1.0
1982-05-25,0.009590237073077655,1.0,1.0
1982-05-26,0.03340531763169651,1.0,1.0
1982-05-27,0.02569006065373109,1.0,1.0
1982-05-28,0.01915122568675365,1.0,1.0
1982-06-01,0.01518782923445531,1.0,1.0
1982-06-02,0.010917901417305337,1.0,1.0
1982-06-03,0.009134292320895793,1.0,1.0
1982-06-04,0.056965431528970836,1.0,1.0
1982-06-07,0.03352020265112896,1.0,1.0
1982-06-08,0.025102143936565926,1.0,1.0
1982-06-09,0.025587831679090775,1.0,1.0
1982-06-10,0.016649927882518446,1.0,1.0
1982-06-11,0.05139687364377975,1.0,1.0
1982-06-14,0.09305890543837722,1.0,1.0
1982-06-15,0.06117957583782859,1.0,1.0
1982-06-16,0.04801287828464973,1.0,1.0
1982-06-17,0.07504840475328303,1.0,1.0
1982-06-18,0.05754705343788503,1.0,1.0
1982-06-21,0.03306269837553223,1.0,1.0
1982-06-22,0.027305166497028483,1.0,1.0
1982-06-23,0.07431742432054018,1.0,1.0
1982-06-24,0.04360318886857552,1.0,1.0
1982-06-25,0.03643874668892291,1.0,1.0
1982-06-28,0.028822756118449915,1.0,1.0
1982-06-29,0.017604383674329684,1.0,1.0
1982-06-30,0.01436348084861334,1.0,1.0
1982-07-01,0.019144452454573118,1.0,1.0
1982-07-02,0.0223525852855407,1.0,1.0
1982-07-06,0.017975551869705276,1.0,1.0
1982-07-07,0.013002163801605767,1.0,1.0
1982-07-08,0.009566637912998393,1.0,1.0
1982-07-09,0.01609227926429184,1.0,1.0
1982-07-12,0.014048674525544194,1.0,1.0
1982-07-13,0.010457566043274,1.0,1.0
1982-07-14,0.00990076500078222,1.0,1.0
1982-07-15,0.007989829480419264,1.0,1.0
1982-07-16,0.007576595935356017,1.0,1.0
1982-07-19,0.007537846886832388,1.0,1.0
1982-07-20,0.00776546043350846,1.0,1.0
1982-07-21,0.00697714971030221,1.0,1.0
1982-07-22,0.006547963661127965,1.0,1.0
1982-07-23,0.0073320800754350405,1.0,1.0
1982-07-26,0.011175856390226316,1.0,1.0
1982-07-27,0.016405040245080663,1.0,1.0
1982-07-28,0.09042593497844065,1.0,1.0
1982-07-29,0.05250561088960024,1.0,1.0
1982-07-30,0.03766486745187633,1.0,1.0
1982-08-02,0.10621750601864648,1.0,1.0
1982-08-03,0.1135845621456335,1.0,1.0
1982-08-04,0.3115306976325253,0.0,1.0
1982-08-05,0.30870451738938176,0.0,1.0
1982-08-06,0.4427228805949042,0.0,1.0
1982-08-09,0.40575138104266983,0.0,1.0
1982-08-10,0.26498845293391005,0.0,1.0
1982-08-11,0.173987448384241,1.0,1.0
1982-08-12,0.10844940622099813,1.0,1.0
1982-08-13,0.11185771063514229,1.0,1.0
1982-08-16,0.0654529406239593,1.0,1.0
1982-08-17,0.9998857869061726,0.0,0.0
1982-08-18,0.9602446192993189,0.0,0.0
1982-08-19,0.8899059194563066,0.0,0.0
1982-08-20,0.9997331787521805,0.0,0.0
1982-08-23,0.9997251144213245,0.0,0.0
1982-08-24,0.9640083750942574,0.0,0.0
1982-08-25,0.9934207058903224,0.0,0.0
1982-08-26,0.9746925636419319,0.0,0.0
1982-08-27,0.9696567829226567,0.0,0.0
1982-08-30,0.9114993314492132,0.0,0.0
1982-08-31,0.9456358154109277,0.0,0.0
1982-09-01,0.9314736380767918,0.0,0.0
1982-09-02,0.9666044436996819,0.0,0.0
1982-09-03,0.988999154086901,0.0,0.0
1982-09-07,0.9743736408600905,0.0,0.0
1982-09-08,0.9330243032575999,0.0,0.0
1982-09-09,0.8456760724934714,0.0,0.0
1982-09-10,0.8088115771466897,0.0,0.0
1982-09-13,0.7478976029401148,0.0,0.0
1982-09-14,0.6783236087668206,0.0,0.0
1982-09-15,0.6013775127522699,0.0,0.0
1982-09-16,0.4355960699890709,0.0,0.0
1982-09-17,0.46778806122304933,0.0,0.0
1982-09-20,0.3113253949625814,0.0,0.0
1982-09-21,0.6284976579230054,0.0,0.0
1982-09-22,0.512423322253631,0.0,0.0
1982-09-23,0.35682836429733056,0.0,0.0
1982-09-24,0.2375883861383622,0.0,0.0
1982-09-27,0.13771991094299596,1.0,0.0
1982-09-28,0.08188531467064998,1.0,0.0
1982-09-29,0.16008293721886102,1.0,0.0
1982-09-30,0.16596518197630944,1.0,0.0
1982-10-01,0.18566523000501642,1.0,0.0
1982-10-04,0.1146990613412114,1.0,0.0
1982-10-05,0.0690616516155609,1.0,0.0
1982-10-06,0.9575170110701812,0.0,0.0
1982-10-07,0.9936594342462185,0.0,0.0
1982-10-08,0.9938301850996272,0.0,0.0
1982-10-11,0.9985756551049831,0.0,0.0
1982-10-12,0.9592792441150184,0.0,0.0
1982-10-13,0.9871069808914467,0.0,0.0
1982-10-14,0.9853900234339809,0.0,0.0
1982-10-15,0.9535626389158435,0.0,0.0
1982-10-18,0.9928161427891039,0.0,0.0
1982-10-19,0.9480441244575916,0.0,0.0
1982-10-20,0.987936964885947,0.0,0.0
1982-10-21,0.939226114410535,0.0,0.0
1982-10-22,0.85538796243882,0.0,0.0
1982-10-25,0.9999926473631203,0.0,0.0
1982-10-26,0.9664247744645079,0.0,0.0
1982-10-27,0.9280021906948233,0.0,0.0
1982-10-28,0.9304095800216402,0.0,0.0
1982-10-29,0.8435728731669333,0.0,0.0
1982-11-01,0.8544897472746489,0.0,0.0
1982-11-02,0.9302663329179643,0.0,0.0
1982-11-03,0.9999857454678536,0.0,0.0
1982-11-04,0.9663753115904999,0.0,0.0
1982-11-05,0.9113409157934631,0.0,0.0
1982-11-08,0.9109574354955594,0.0,0.0
1982-11-09,0.9653204122996235,0.0,0.0
1982-11-10,0.9614244255333583,0.0,0.0
1982-11-11,0.9010646411038079,0.0,0.0
1982-11-12,0.9067830215319292,0.0,0.0
1982-11-15,0.9838346233112913,0.0,0.0
1982-11-16,0.9865467223251834,0.0,0.0
1982-11-17,0.9906702376385299,0.0,0.0
1982-11-18,0.9485323885279284,0.0,0.0
1982-11-19,0.9141054697295098,0.0,0.0
1982-11-22,0.9918152691667603,0.0,0.0
1982-11-23,0.9703463270646435,0.0,0.0
1982-11-24,0.9304985951522483,0.0,0.0
1982-11-26,0.876817186397381,0.0,0.0
1982-11-29,0.8020177339684234,0.0,0.0
1982-11-30,0.9984593038219307,0.0,0.0
1982-12-01,0.9597677142730339,0.0,0.0
1982-12-02,0.890076837869584,0.0,0.0
1982-12-03,0.7816020285720827,0.0,0.0
1982-12-06,0.9430014346443906,0.0,0.0
1982-12-07,0.8836614345392475,0.0,0.0
1982-12-08,0.8054097347739382,0.0,0.0
1982-12-09,0.8731830917032479,0.0,0.0
1982-12-10,0.8160148738370959,0.0,0.0
1982-12-13,0.6724074014280733,0.0,0.0
1982-12-14,0.899980482473829,0.0,0.0
1982-12-15,0.9795916142875669,0.0,0.0
1982-12-16,0.9269358071453367,0.0,0.0
1982-12-17,0.9546033319236307,0.0,0.0
1982-12-20,0.9335317871608124,0.0,0.0
1982-12-21,0.9517241654835289,0.0,0.0
1982-12-22,0.8777074291729577,0.0,0.0
1982-12-23,0.7900104453800968,0.0,0.0
1982-12-27,0.8773707830033111,0.0,0.0
1982-12-28,0.8548020582090514,0.0,0.0
1982-12-29,0.7321934348521195,0.0,0.0
1982-12-30,0.6510397326098588,0.0,0.0
1982-12-31,0.4847417156481395,0.0,0.0
1983-01-03,0.7528516287888558,0.0,0.0
1983-01-04,0.9105298121504273,0.0,0.0
1983-01-05,0.8282197443794502,0.0,0.0
1983-01-06,0.9891658444040354,0.0,0.0
1983-01-07,0.941043642979367,0.0,0.0
1983-01-10,0.9325656112380147,0.0,0.0
1983-01-11,0.8824672562339827,0.0,0.0
1983-01-12,0.80273975669206,0.0,0.0
1983-01-13,0.7121540391712037,0.0,0.0
1983-01-14,0.5960661571269736,0.0,0.0
1983-01-17,0.42157924352587023,0.0,0.0
1983-01-18,0.27561460854290654,0.0,0.0
1983-01-19,0.25271593522320906,0.0,0.0
1983-01-20,0.16134953818506484,1.0,0.0
1983-01-21,0.4358373500598749,0.0,0.0
1983-01-24,0.9955309367471554,0.0,0.0
1983-01-25,0.9793511399577697,0.0,0.0
1983-01-26,0.9236454939146419,0.0,0.0
1983-01-27,0.9773679653300058,0.0,0.0
1983-01-28,0.9209499452911085,0.0,0.0
1983-01-31,0.8496613197954509,0.0,0.0
1983-02-01,0.8959318241341824,0.0,0.0
1983-02-02,0.7871390487505544,0.0,0.0
1983-02-03,0.7020312859276733,0.0,0.0
1983-02-04,0.7706721908682073,0.0,0.0
1983-02-07,0.6447472785926055,0.0,0.0
1983-02-08,0.5948825220115348,0.0,0.0
1983-02-09,0.4585653609548917,0.0,0.0
1983-02-10,0.6661162219211775,0.0,0.0
1983-02-11,0.4922645254541195,0.0,0.0
1983-02-14,0.4358587980234178,0.0,0.0
1983-02-15,0.2932242954738076,0.0,0.0
1983-02-16,0.22039219092634618,0.0,0.0
1983-02-17,0.155900342553957,1.0,0.0
1983-02-18,0.09752702478756879,1.0,0.0
1983-02-22,0.20379217267339356,1.0,0.0
1983-02-23,0.16279894089392657,1.0,0.0
1983-02-24,0.40535085263931625,0.0,0.0
1983-02-25,0.25898221097004337,0.0,0.0
1983-02-28,0.2961291064860681,0.0,0.0
1983-03-01,0.5334279911394397,0.0,0.0
1983-03-02,0.4838926411671055,0.0,0.0
1983-03-03,0.40321502999613346,0.0,0.0
1983-03-04,0.25914367236598485,0.0,0.0
1983-03-07,0.15421596200511292,1.0,0.0
1983-03-08,0.3051009358358789,0.0,0.0
1983-03-09,0.27652645307215745,0.0,0.0
1983-03-10,0.20129569839902295,1.0,0.0
1983-03-11,0.13010018738119394,1.0,0.0
1983-03-14,0.08778133969788479,1.0,0.0
1983-03-15,0.050890894500896774,1.0,1.0
1983-03-16,0.049230154233800144,1.0,1.0
1983-03-17,0.030835214225863505,1.0,1.0
1983-03-18,0.01974103120118917,1.0,1.0
1983-03-21,0.01835246117340723,1.0,1.0
1983-03-22,0.01368209514807566,1.0,1.0
1983-03-23,0.02909656883763412,1.0,1.0
1983-03-24,0.020098890853189354,1.0,1.0
1983-03-25,0.015195518556223604,1.0,1.0
1983-03-28,0.015543483373762516,1.0,1.0
1983-03-29,0.011963072477984097,1.0,1.0
1983-03-30,0.017639612120368294,1.0,1.0
1983-03-31,0.013291640207136003,1.0,1.0
1983-04-04,0.010462551049929426,1.0,1.0
1983-04-05,0.012197786330152319,1.0,1.0
1983-04-06,0.014581741383110951,1.0,1.0
1983-04-07,0.01155816367821134,1.0,1.0
1983-04-08,0.01154065641888909,1.0,1.0
1983-04-11,0.028495910587988647,1.0,1.0
1983-04-12,0.020284228216038657,1.0,1.0
1983-04-13,0.01890707185146913,1.0,1.0
1983-04-14,0.020794509195925067,1.0,1.0
1983-04-15,0.016303469931187458,1.0,1.0
1983-04-18,0.014763711437193957,1.0,1.0
1983-04-19,0.015699941150705485,1.0,1.0
1983-04-20,0.026652405727706375,1.0,1.0
1983-04-21,0.018481723773705317,1.0,1.0
1983-04-22,0.01326046204024395,1.0,1.0
1983-04-25,0.021495017821921168,1.0,1.0
1983-04-26,0.06501762740002148,1.0,1.0
1983-04-27,0.03852560176688385,1.0,1.0
1983-04-28,0.03758370187317984,1.0,1.0
1983-04-29,0.03264608065902478,1.0,1.0
1983-05-02,0.07136769637670153,1.0,1.0
1983-05-03,0.04124197219955721,1.0,1.0
1983-05-04,0.038079494076910615,1.0,1.0
1983-05-05,0.035955582501444885,1.0,1.0
1983-05-06,0.05354929240216036,1.0,1.0
1983-05-09,0.03158009719227313,1.0,1.0
1983-05-10,0.02018071023874504,1.0,1.0
1983-05-11,0.018894247284298834,1.0,1.0
1983-05-12,0.015109129285442129,1.0,1.0
1983-05-13,0.012472640051158258,1.0,1.0
1983-05-16,0.022275668019414416,1.0,1.0
1983-05-17,0.015878877752373,1.0,1.0
1983-05-18,0.01168827593375878,1.0,1.0
1983-05-19,0.01419113113643339,1.0,1.0
1983-05-20,0.010860211601457333,1.0,1.0
1983-05-23,0.012202542819967145,1.0,1.0
1983-05-24,0.02749471400783021,1.0,1.0
1983-05-25,0.020301938836690476,1.0,1.0
1983-05-26,0.01481228656096252,1.0,1.0
1983-05-27,0.013037715403887398,1.0,1.0
1983-05-31,0.03270106146830695,1.0,1.0
1983-06-01,0.020483158696533256,1.0,1.0
1983-06-02,0.020647214025867784,1.0,1.0
1983-06-03,0.015401624405972971,1.0,1.0
1983-06-06,0.012051187926435029,1.0,1.0
1983-06-07,0.020509447855727524,1.0,1.0
1983-06-08,0.025415550907377953,1.0,1.0
1983-06-09,0.01697892272633343,1.0,1.0
1983-06-10,0.015850023661371143,1.0,1.0
1983-06-13,0.02859102159501264,1.0,1.0
1983-06-14,0.02011803488007271,1.0,1.0
1983-06-15,0.022557420857593463,1.0,1.0
1983-06-16,0.031229394352916134,1.0,1.0
1983-06-17,0.01982080087464422,1.0,1.0
1983-06-20,0.014051857503676875,1.0,1.0
1983-06-21,0.014409060998185681,1.0,1.0
1983-06-22,0.011138901676351759,1.0,1.0
1983-06-23,0.009782879806783431,1.0,1.0
1983-06-24,0.00858061619557553,1.0,1.0
1983-06-27,0.02367657212299237,1.0,1.0
1983-06-28,0.19421946429680897,1.0,1.0
1983-06-29,0.12257788137036423,1.0,1.0
1983-06-30,0.10404498246345224,1.0,1.0
1983-07-01,0.07070924133895524,1.0,1.0
1983-07-05,0.15600718121418167,1.0,1.0
1983-07-06,0.14976753686596922,1.0,1.0
1983-07-07,0.10114905897055215,1.0,1.0
1983-07-08,0.061525447657093744,1.0,1.0
1983-07-11,0.04021126781169679,1.0,1.0
1983-07-12,0.11681852290532124,1.0,1.0
1983-07-13,0.07125856659997067,1.0,1.0
1983-07-14,0.04255153895556127,1.0,1.0
1983-07-15,0.059181849232781546,1.0,1.0
1983-07-18,0.04121530635921215,1.0,1.0
1983-07-19,0.027877316240178404,1.0,1.0
1983-07-20,0.49197656966733216,0.0,1.0
1983-07-21,0.3297477170131198,0.0,1.0
1983-07-22,0.20347499957462287,1.0,1.0
1983-07-25,0.12278877605431329,1.0,1.0
1983-07-26,0.07331791140419613,1.0,1.0
1983-07-27,0.24936106029771235,1.0,1.0
1983-07-28,0.5842568655637831,0.0,1.0
1983-07-29,0.7999301126672983,0.0,1.0
1983-08-01,0.710097587816165,0.0,1.0
1983-08-02,0.5489121788171659,0.0,1.0
1983-08-03,0.4170728980022607,0.0,1.0
1983-08-04,0.5504255236918614,0.0,1.0
1983-08-05,0.38900541070802314,0.0,1.0
1983-08-08,0.6956831402613912,0.0,1.0
1983-08-09,0.5418372283551788,0.0,1.0
1983-08-10,0.47187535325471147,0.0,1.0
1983-08-11,0.3128136955997293,0.0,1.0
1983-08-12,0.21867656225300602,1.0,1.0
1983-08-15,0.18648861646729736,1.0,1.0
1983-08-16,0.12072117746304346,1.0,1.0
1983-08-17,0.11305670668246584,1.0,1.0
1983-08-18,0.07351007702683136,1.0,1.0
1983-08-19,0.04259166950439038,1.0,1.0
1983-08-22,0.0256609308527103,1.0,1.0
1983-08-23,0.03743897129233525,1.0,1.0
1983-08-24,0.04504036965388289,1.0,1.0
1983-08-25,0.03010381805694452,1.0,1.0
1983-08-26,0.02389641365746565,1.0,1.0
1983-08-29,0.01584152609801937,1.0,1.0
1983-08-30,0.011554718669235171,1.0,1.0
1983-08-31,0.01706510921177906,1.0,1.0
1983-09-01,0.012173962853709376,1.0,1.0
1983-09-02,0.011575083011315053,1.0,1.0
1983-09-06,0.03682748653637367,1.0,1.0
1983-09-07,0.022569970350906486,1.0,1.0
1983-09-08,0.015069260848156903,1.0,1.0
1983-09-09,0.011496798024568959,1.0,1.0
1983-09-12,0.01666872377290909,1.0,1.0
1983-09-13,0.01613803334881233,1.0,1.0
1983-09-14,0.011826588360426387,1.0,1.0
1983-09-15,0.011479893439907891,1.0,1.0
1983-09-16,0.014011335734142226,1.0,1.0
1983-09-19,0.019170557088194908,1.0,1.0
1983-09-20,0.017676693880098054,1.0,1.0
1983-09-21,0.014490348637290082,1.0,1.0
1983-09-22,0.014271242782951546,1.0,1.0
1983-09-23,0.011025739057728535,1.0,1.0
1983-09-26,0.008950376058592809,1.0,1.0
1983-09-27,0.015468710377245629,1.0,1.0
1983-09-28,0.012261301164429592,1.0,1.0
1983-09-29,0.011260710274539096,1.0,1.0
1983-09-30,0.013606973835026518,1.0,1.0
1983-10-03,0.01125685504869295,1.0,1.0
1983-10-04,0.009270997291671754,1.0,1.0
1983-10-05,0.010383446918987408,1.0,1.0
1983-10-06,0.02352494353052903,1.0,1.0
1983-10-07,0.015948980203436523,1.0,1.0
1983-10-10,0.015420742489390803,1.0,1.0
1983-10-11,0.03297679023326001,1.0,1.0
1983-10-12,0.028824778340066616,1.0,1.0
1983-10-13,0.018506844591632845,1.0,1.0
1983-10-14,0.012903996985280566,1.0,1.0
1983-10-17,0.009917139546980522,1.0,1.0
1983-10-18,0.05710669163501996,1.0,1.0
1983-10-19,0.05891640053510335,1.0,1.0
1983-10-20,0.03474247011516154,1.0,1.0
1983-10-21,0.03343657786345669,1.0,1.0
1983-10-24,0.021515793538809953,1.0,1.0
1983-10-25,0.014777806186948845,1.0,1.0
1983-10-26,0.014529155681711037,1.0,1.0
1983-10-27,0.012108651299399201,1.0,1.0
1983-10-28,0.016191294963932183,1.0,1.0
1983-10-31,0.011896601836543588,1.0,1.0
1983-11-01,0.00946435614266082,1.0,1.0
1983-11-02,0.011421387544063664,1.0,1.0
1983-11-03,0.01265970283649309,1.0,1.0
1983-11-04,0.013298222531039265,1.0,1.0
1983-11-07,0.011896678868758077,1.0,1.0
1983-11-08,0.009996131308664218,1.0,1.0
1983-11-09,0.016659589842534548,1.0,1.0
1983-11-10,0.012476144816509221,1.0,1.0
1983-11-11,0.02362367575058164,1.0,1.0
1983-11-14,0.016584441666042445,1.0,1.0
1983-11-15,0.015786741586458965,1.0,1.0
1983-11-16,0.012243257662474746,1.0,1.0
1983-11-17,0.009570285195647392,1.0,1.0
1983-11-18,0.009548175209220732,1.0,1.0
1983-11-21,0.009326388011397416,1.0,1.0
1983-11-22,0.00862728747444838,1.0,1.0
1983-11-23,0.0077006621328699325,1.0,1.0
1983-11-25,0.00727829022067311,1.0,1.0
1983-11-28,0.00800014906679679,1.0,1.0
1983-11-29,0.009611294622947963,1.0,1.0
1983-11-30,0.012453862419482003,1.0,1.0
1983-12-01,0.009693658012443247,1.0,1.0
1983-12-02,0.011999004511863844,1.0,1.0
1983-12-05,0.009480859468452884,1.0,1.0
1983-12-06,0.008551341589689272,1.0,1.0
1983-12-07,0.007739751690601013,1.0,1.0
1983-12-08,0.009008726829137961,1.0,1.0
1983-12-09,0.007914883540381995,1.0,1.0
1983-12-12,0.0073214866733157195,1.0,1.0
1983-12-13,0.008128804575902114,1.0,1.0
1983-12-14,0.016174549908506555,1.0,1.0
1983-12-15,0.02162663538971204,1.0,1.0
1983-12-16,0.015008829352777014,1.0,1.0
1983-12-19,0.011142086543166368,1.0,1.0
1983-12-20,0.009661034658610144,1.0,1.0
1983-12-21,0.011029495862669386,1.0,1.0
1983-12-22,0.009400485192024252,1.0,1.0
1983-12-23,0.008151876057580184,1.0,1.0
1983-12-27,0.009469517716221289,1.0,1.0
1983-12-28,0.008223897000596208,1.0,1.0
1983-12-29,0.0078055298996008195,1.0,1.0
1983-12-30,0.007333422483769218,1.0,1.0
1984-01-03,0.008610312447393386,1.0,1.0
1984-01-04,0.03079771802918585,1.0,1.0
1984-01-05,0.051118499267540425,1.0,1.0
1984-01-06,0.032670438846287626,1.0,1.0
1984-01-09,0.02116197069123145,1.0,1.0
1984-01-10,0.01673577839671609,1.0,1.0
1984-01-11,0.012220043917269996,1.0,1.0
1984-01-12,0.009685043761539038,1.0,1.0
1984-01-13,0.009554887021133468,1.0,1.0
1984-01-16,0.008220990182619337,1.0,1.0
1984-01-17,0.007716173806522023,1.0,1.0
1984-01-18,0.007529707555403821,1.0,1.0
1984-01-19,0.008051194300482414,1.0,1.0
1984-01-20,0.010435814414178552,1.0,1.0
1984-01-23,0.017460955075653244,1.0,1.0
1984-01-24,0.012870318879379295,1.0,1.0
1984-01-25,0.01357404075416028,1.0,1.0
1984-01-26,0.012695581467134717,1.0,1.0
1984-01-27,0.010485176880894074,1.0,1.0
1984-01-30,0.015923315898734608,1.0,1.0
1984-01-31,0.011499839815333894,1.0,1.0
1984-02-01,0.011539219634225065,1.0,1.0
1984-02-02,0.009531225400545846,1.0,1.0
1984-02-03,0.03361642303423562,1.0,1.0
1984-02-06,0.16016292947561891,1.0,1.0
1984-02-07,0.09266066821331789,1.0,1.0
1984-02-08,0.3697907442124036,0.0,1.0
1984-02-09,0.2808803274773843,0.0,1.0
1984-02-10,0.18978481352673773,1.0,1.0
1984-02-13,0.21479297965199248,1.0,1.0
1984-02-14,0.1941648739164256,1.0,1.0
1984-02-15,0.11717443045942652,1.0,1.0
1984-02-16,0.06348380056700104,1.0,1.0
1984-02-17,0.03989018140937824,1.0,1.0
1984-02-21,0.0382574441523874,1.0,1.0
1984-02-22,0.02516546111362837,1.0,1.0
1984-02-23,0.017073609973392002,1.0,1.0
1984-02-24,0.16679232038725814,1.0,1.0
1984-02-27,0.20423148540518996,1.0,1.0
1984-02-28,0.41238572041697336,0.0,1.0
1984-02-29,0.26901665927392476,0.0,1.0
1984-03-01,0.1994366892105148,1.0,1.0
1984-03-02,0.14771009300477772,1.0,1.0
1984-03-05,0.13404816516652543,1.0,1.0
1984-03-06,0.15795382494855112,1.0,1.0
1984-03-07,0.20930353445831806,1.0,1.0
1984-03-08,0.12760935366228085,1.0,1.0
1984-03-09,0.08831623158245322,1.0,1.0
1984-03-12,0.09099298256254074,1.0,1.0
1984-03-13,0.056126377742567735,1.0,1.0
1984-03-14,0.033275441798343526,1.0,1.0
1984-03-15,0.022537298634575074,1.0,1.0
1984-03-16,0.028729041616931145,1.0,1.0
1984-03-19,0.036254385736211064,1.0,1.0
1984-03-20,0.02585331615763289,1.0,1.0
1984-03-21,0.017127031464254403,1.0,1.0
1984-03-22,0.028011112960251865,1.0,1.0
1984-03-23,0.018162091264375298,1.0,1.0
1984-03-26,0.012787017255636742,1.0,1.0
1984-03-27,0.010054533322796237,1.0,1.0
1984-03-28,0.027901867294411974,1.0,1.0
1984-03-29,0.018146148288079013,1.0,1.0
1984-03-30,0.01303231380844489,1.0,1.0
1984-04-02,0.014857409102719436,1.0,1.0
1984-04-03,0.012226520683868706,1.0,1.0
1984-04-04,0.009658212688430068,1.0,1.0
1984-04-05,0.04841169123064883,1.0,1.0
1984-04-06,0.02884928929575957,1.0,1.0
1984-04-09,0.018498354098525037,1.0,1.0
1984-04-10,0.012947707542702986,1.0,1.0
1984-04-11,0.01339182460729942,1.0,1.0
1984-04-12,0.03296281601494916,1.0,1.0
1984-04-13,0.020711746405280233,1.0,1.0
1984-04-16,0.015602962318267001,1.0,1.0
1984-04-17,0.012540082356913179,1.0,1.0
1984-04-18,0.012984859693815682,1.0,1.0
1984-04-19,0.009952107659988135,1.0,1.0
1984-04-23,0.012598697498882223,1.0,1.0
1984-04-24,0.011329503862202894,1.0,1.0
1984-04-25,0.009354463611999283,1.0,1.0
1984-04-26,0.014349886634451612,1.0,1.0
1984-04-27,0.01083163557389636,1.0,1.0
1984-04-30,0.008789582476232412,1.0,1.0
1984-05-01,0.014569528396369172,1.0,1.0
1984-05-02,0.011480238018024995,1.0,1.0
1984-05-03,0.009926500250149989,1.0,1.0
1984-05-04,0.0193797312248902,1.0,1.0
1984-05-07,0.013307086126906554,1.0,1.0
1984-05-08,0.012651974010760356,1.0,1.0
1984-05-09,0.010271655492702363,1.0,1.0
1984-05-10,0.00868177498681642,1.0,1.0
1984-05-11,0.014228681878450266,1.0,1.0
1984-05-14,0.01514744638863677,1.0,1.0
1984-05-15,0.011263343445391464,1.0,1.0
1984-05-16,0.00914803432029658,1.0,1.0
1984-05-17,0.017623815550860088,1.0,1.0
1984-05-18,0.017170613165785886,1.0,1.0
1984-05-21,0.016841348581566586,1.0,1.0
1984-05-22,0.018208276077522626,1.0,1.0
1984-05-23,0.015243862853061157,1.0,1.0
1984-05-24,0.0475742076316709,1.0,1.0
1984-05-25,0.028655318175609096,1.0,1.0
1984-05-29,0.03255330625674344,1.0,1.0
1984-05-30,0.020419934116019514,1.0,1.0
1984-05-31,0.014234192999745019,1.0,1.0
1984-06-01,0.06082387899967221,1.0,1.0
1984-06-04,0.0536120018775055,1.0,1.0
1984-06-05,0.03594773633361349,1.0,1.0
1984-06-06,0.02802519442845639,1.0,1.0
1984-06-07,0.01788107664320905,1.0,1.0
1984-06-08,0.012517277628163112,1.0,1.0
1984-06-11,0.02823481118930968,1.0,1.0
1984-06-12,0.021753097372017506,1.0,1.0
1984-06-13,0.014673096516082342,1.0,1.0
1984-06-14,0.02469429157789453,1.0,1.0
1984-06-15,0.021900135699316987,1.0,1.0
1984-06-18,0.04702236236516377,1.0,1.0
1984-06-19,0.03255170391817471,1.0,1.0
1984-06-20,0.04090745354094435,1.0,1.0
1984-06-21,0.02492419165181299,1.0,1.0
1984-06-22,0.01618880038557605,1.0,1.0
1984-06-25,0.012048085328635,1.0,1.0
1984-06-26,0.01541400724059215,1.0,1.0
1984-06-27,0.016709995526133847,1.0,1.0
1984-06-28,0.015001628321506462,1.0,1.0
1984-06-29,0.011271957908495963,1.0,1.0
1984-07-02,0.00934564733208078,1.0,1.0
1984-07-03,0.008397544504362017,1.0,1.0
1984-07-05,0.009581425431307956,1.0,1.0
1984-07-06,0.009301320078948254,1.0,1.0
1984-07-09,0.00932563374815398,1.0,1.0
1984-07-10,0.008748934383476832,1.0,1.0
1984-07-11,0.031482340491148536,1.0,1.0
1984-07-12,0.023017495653582687,1.0,1.0
1984-07-13,0.01660230662259517,1.0,1.0
1984-07-16,0.011941390663675243,1.0,1.0
1984-07-17,0.009970241704858268,1.0,1.0
1984-07-18,0.011191521404368453,1.0,1.0
1984-07-19,0.013426797637016978,1.0,1.0
1984-07-20,0.013857965740735922,1.0,1.0
1984-07-23,0.014870626061523045,1.0,1.0
1984-07-24,0.016462274781717523,1.0,1.0
1984-07-25,0.012969858087344851,1.0,1.0
1984-07-26,0.013960508645793023,1.0,1.0
1984-07-27,0.015136368261462115,1.0,1.0
1984-07-30,0.013404939555786139,1.0,1.0
1984-07-31,0.010385473724782301,1.0,1.0
1984-08-01,0.1180384319880107,1.0,1.0
1984-08-02,0.8001762944173991,0.0,1.0
1984-08-03,0.997771887968858,0.0,0.0
1984-08-06,0.964114871638976,0.0,0.0
1984-08-07,0.9029983257134033,0.0,0.0
1984-08-08,0.8415412036035906,0.0,0.0
1984-08-09,0.9728768103515977,0.0,0.0
1984-08-10,0.9189987426715233,0.0,0.0
1984-08-13,0.833400537653844,0.0,0.0
1984-08-14,0.7524402313821443,0.0,0.0
1984-08-15,0.7213299842527315,0.0,0.0
1984-08-16,0.5596396752425933,0.0,0.0
1984-08-17,0.3941379876178718,0.0,0.0
1984-08-20,0.2604380223454286,0.0,0.0
1984-08-21,0.4495379546122206,0.0,0.0
1984-08-22,0.3171626391779089,0.0,0.0
1984-08-23,0.19593123397385825,1.0,0.0
1984-08-24,0.11603311241412849,1.0,0.0
1984-08-27,0.08413625320642926,1.0,0.0
1984-08-28,0.05498572837155333,1.0,0.0
1984-08-29,0.033076130230199376,1.0,1.0
1984-08-30,0.022599256649156466,1.0,1.0
1984-08-31,0.015247562718519606,1.0,1.0
1984-09-04,0.020895954854438216,1.0,1.0
1984-09-05,0.016247927393318453,1.0,1.0
1984-09-06,0.0156703768151304,1.0,1.0
1984-09-07,0.015696047080434396,1.0,1.0
1984-09-10,0.011826305656041008,1.0,1.0
1984-09-11,0.009690828289047125,1.0,1.0
1984-09-12,0.008482793798482139,1.0,1.0
1984-09-13,0.03690637434669599,1.0,1.0
1984-09-14,0.02797230483484434,1.0,1.0
1984-09-17,0.01809162423238583,1.0,1.0
1984-09-18,0.01726059092677693,1.0,1.0
1984-09-19,0.014424628229310982,1.0,1.0
1984-09-20,0.011225955760929758,1.0,1.0
1984-09-21,0.01563314713479725,1.0,1.0
1984-09-24,0.012820122280864392,1.0,1.0
1984-09-25,0.010085622560754173,1.0,1.0
1984-09-26,0.008913846502325112,1.0,1.0
1984-09-27,0.00833215227396488,1.0,1.0
1984-09-28,0.009170731917292771,1.0,1.0
1984-10-01,0.01399190348327493,1.0,1.0
1984-10-02,0.015661901783288516,1.0,1.0
1984-10-03,0.01644340070321541,1.0,1.0
1984-10-04,0.012086631973255841,1.0,1.0
1984-10-05,0.009871286746170186,1.0,1.0
1984-10-08,0.009801869214741946,1.0,1.0
1984-10-09,0.008970541479700084,1.0,1.0
1984-10-10,0.008112865788641722,1.0,1.0
1984-10-11,0.008320423843616212,1.0,1.0
1984-10-12,0.011203479482632955,1.0,1.0
1984-10-15,0.013248379615417907,1.0,1.0
1984-10-16,0.011978418615251571,1.0,1.0
1984-10-17,0.010481716042441603,1.0,1.0
1984-10-18,0.09140610417038143,1.0,1.0
1984-10-19,0.05298924706016494,1.0,1.0
1984-10-22,0.03567928325323758,1.0,1.0
1984-10-23,0.022874732639006936,1.0,1.0
1984-10-24,0.015422551902122685,1.0,1.0
1984-10-25,0.014858497828849352,1.0,1.0
1984-10-26,0.015694046235910496,1.0,1.0
1984-10-29,0.012855594787547721,1.0,1.0
1984-10-30,0.01882008224683968,1.0,1.0
1984-10-31,0.014678800986093232,1.0,1.0
1984-11-01,0.014461814911490036,1.0,1.0
1984-11-02,0.01095325590291703,1.0,1.0
1984-11-05,0.011435622894244931,1.0,1.0
1984-11-06,0.01598762197815182,1.0,1.0
1984-11-07,0.016685560370239196,1.0,1.0
1984-11-08,0.012685995311564979,1.0,1.0
1984-11-09,0.011949508593704302,1.0,1.0
1984-11-12,0.010082089772533206,1.0,1.0
1984-11-13,0.01350263447375662,1.0,1.0
1984-11-14,0.010604726453346834,1.0,1.0
1984-11-15,0.009123478628691041,1.0,1.0
1984-11-16,0.014839720462963873,1.0,1.0
1984-11-19,0.01682331290380349,1.0,1.0
1984-11-20,0.013436220331093726,1.0,1.0
1984-11-21,0.010567085093381418,1.0,1.0
1984-11-23,0.024288394815509682,1.0,1.0
1984-11-26,0.02182834616032904,1.0,1.0
1984-11-27,0.016606559701202714,1.0,1.0
1984-11-28,0.01766298824181669,1.0,1.0
1984-11-29,0.017931723178287434,1.0,1.0
1984-11-30,0.013691857420448716,1.0,1.0
1984-12-03,0.012756553638570246,1.0,1.0
1984-12-04,0.010166481357751035,1.0,1.0
1984-12-05,0.013003108011114517,1.0,1.0
1984-12-06,0.010459375367771405,1.0,1.0
1984-12-07,0.009265034950660432,1.0,1.0
1984-12-10,0.008404802833327427,1.0,1.0
1984-12-11,0.007848973520546086,1.0,1.0
1984-12-12,0.007864631943455793,1.0,1.0
1984-12-13,0.00859928910554322,1.0,1.0
1984-12-14,0.008875055754308256,1.0,1.0
1984-12-17,0.00898659460437206,1.0,1.0
1984-12-18,0.26353271034658615,0.0,1.0
1984-12-19,0.16788691518357668,1.0,1.0
1984-12-20,0.11258631717257511,1.0,1.0
1984-12-21,0.07271600409976317,1.0,1.0
1984-12-24,0.05446353070720727,1.0,1.0
1984-12-26,0.033149249966322056,1.0,1.0
1984-12-27,0.024497743365559668,1.0,1.0
1984-12-28,0.016601158108644067,1.0,1.0
1984-12-31,0.013522109545479038,1.0,1.0
1985-01-02,0.02000695885306107,1.0,1.0
1985-01-03,0.01529246357283321,1.0,1.0
1985-01-04,0.013309071349760134,1.0,1.0
1985-01-07,0.01062428918733359,1.0,1.0
1985-01-08,0.008995547067483999,1.0,1.0
1985-01-09,0.010151892416354096,1.0,1.0
1985-01-10,0.05239076844020554,1.0,1.0
1985-01-11,0.03144193123584052,1.0,1.0
1985-01-14,0.06733563729381103,1.0,1.0
1985-01-15,0.040579579483757594,1.0,1.0
1985-01-16,0.02694765376664963,1.0,1.0
1985-01-17,0.01789217594221229,1.0,1.0
1985-01-18,0.013346228644110615,1.0,1.0
1985-01-21,0.1129850950174639,1.0,1.0
1985-01-22,0.06588938744844187,1.0,1.0
1985-01-23,0.06852623538668486,1.0,1.0
1985-01-24,0.04115630082121742,1.0,1.0
1985-01-25,0.027283865811797918,1.0,1.0
1985-01-28,0.017895226096461225,1.0,1.0
1985-01-29,0.019213959840633513,1.0,1.0
1985-01-30,0.013779620509615278,1.0,1.0
1985-01-31,0.010589268457876345,1.0,1.0
1985-02-01,0.010567970207516085,1.0,1.0
1985-02-04,0.015783724320296965,1.0,1.0
1985-02-05,0.012142941816701381,1.0,1.0
1985-02-06,0.009735443977134377,1.0,1.0
1985-02-07,0.012271684286013222,1.0,1.0
1985-02-08,0.010038797291282318,1.0,1.0
1985-02-11,0.013769571166763011,1.0,1.0
1985-02-12,0.010655953272121717,1.0,1.0
1985-02-13,0.02792774399093429,1.0,1.0
1985-02-14,0.01965858932083734,1.0,1.0
1985-02-15,0.016002678908437765,1.0,1.0
1985-02-19,0.012091150209080323,1.0,1.0
1985-02-20,0.00973078797540967,1.0,1.0
1985-02-21,0.010950455934221578,1.0,1.0
1985-02-22,0.010483002509147602,1.0,1.0
1985-02-25,0.009488595309810489,1.0,1.0
1985-02-26,0.012492741697077446,1.0,1.0
1985-02-27,0.01036556356217844,1.0,1.0
1985-02-28,0.008919885592062592,1.0,1.0
1985-03-01,0.01545191271053672,1.0,1.0
1985-03-04,0.014546929930332159,1.0,1.0
1985-03-05,0.011001893531295659,1.0,1.0
1985-03-06,0.014801505535993872,1.0,1.0
1985-03-07,0.014718873225185844,1.0,1.0
1985-03-08,0.011950726316058017,1.0,1.0
1985-03-11,0.010180825256129695,1.0,1.0
1985-03-12,0.009129651921890539,1.0,1.0
1985-03-13,0.014560657285401988,1.0,1.0
1985-03-14,0.01134818686928498,1.0,1.0
1985-03-15,0.011228418652851877,1.0,1.0
1985-03-18,0.009480295042500647,1.0,1.0
1985-03-19,0.02042363354404356,1.0,1.0
1985-03-20,0.014800894816894469,1.0,1.0
1985-03-21,0.011180019144653957,1.0,1.0
1985-03-22,0.009720584402148376,1.0,1.0
1985-03-25,0.011130017641861218,1.0,1.0
1985-03-26,0.009279304771048782,1.0,1.0
1985-03-27,0.009842362779019466,1.0,1.0
1985-03-28,0.008556824241389512,1.0,1.0
1985-03-29,0.009331247599209173,1.0,1.0
1985-04-01,0.008555637738827527,1.0,1.0
1985-04-02,0.008893659028731866,1.0,1.0
1985-04-03,0.012468328087205662,1.0,1.0
1985-04-04,0.010072289294108479,1.0,1.0
1985-04-08,0.010357636951811043,1.0,1.0
1985-04-09,0.008819211174256028,1.0,1.0
1985-04-10,0.009693389669346271,1.0,1.0
1985-04-11,0.009290059797521639,1.0,1.0
1985-04-12,0.008305037219736307,1.0,1.0
1985-04-15,0.00785080475862482,1.0,1.0
1985-04-16,0.007553287506778345,1.0,1.0
1985-04-17,0.007469942699036855,1.0,1.0
1985-04-18,0.008805691149935096,1.0,1.0
1985-04-19,0.008013650769203743,1.0,1.0
1985-04-22,0.008265810336460896,1.0,1.0
1985-04-23,0.009031642145401544,1.0,1.0
1985-04-24,0.008160722351350163,1.0,1.0
1985-04-25,0.008695476262473786,1.0,1.0
1985-04-26,0.010091416844550134,1.0,1.0
1985-04-29,0.014709714677719298,1.0,1.0
1985-04-30,0.013945305061875883,1.0,1.0
1985-05-01,0.015362134176221962,1.0,1.0
1985-05-02,0.011474598444138923,1.0,1.0
1985-05-03,0.011280383825622709,1.0,1.0
1985-05-06,0.009299797495268776,1.0,1.0
1985-05-07,0.00893592913371511,1.0,1.0
1985-05-08,0.008105299760754484,1.0,1.0
1985-05-09,0.010361145344431378,1.0,1.0
1985-05-10,0.024865301325617113,1.0,1.0
1985-05-13,0.01650439911857365,1.0,1.0
1985-05-14,0.013205390421906797,1.0,1.0
1985-05-15,0.010671745304974799,1.0,1.0
1985-05-16,0.010491413456006191,1.0,1.0
1985-05-17,0.014482965488546733,1.0,1.0
1985-05-20,0.025128528410644793,1.0,1.0
1985-05-21,0.016696670060282023,1.0,1.0
1985-05-22,0.015886826979876582,1.0,1.0
1985-05-23,0.0141729260577387,1.0,1.0
1985-05-24,0.01126753256221625,1.0,1.0
1985-05-28,0.009635639202382631,1.0,1.0
1985-05-29,0.008556944790502076,1.0,1.0
1985-05-30,0.007915940498191942,1.0,1.0
1985-05-31,0.010418590786305923,1.0,1.0
1985-06-03,0.00884893271570228,1.0,1.0
1985-06-04,0.008568829967037395,1.0,1.0
1985-06-05,0.00791130265506031,1.0,1.0
1985-06-06,0.008016249322801023,1.0,1.0
1985-06-07,0.010330582649847719,1.0,1.0
1985-06-10,0.009002327777491518,1.0,1.0
1985-06-11,0.008561873906343324,1.0,1.0
1985-06-12,0.010714771826460178,1.0,1.0
1985-06-13,0.022787843265434867,1.0,1.0
1985-06-14,0.020897244038368037,1.0,1.0
1985-06-17,0.015367568393337987,1.0,1.0
1985-06-18,0.012191292013960024,1.0,1.0
1985-06-19,0.010313101607377464,1.0,1.0
1985-06-20,0.00889763034103203,1.0,1.0
1985-06-21,0.01584780467890197,1.0,1.0
1985-06-24,0.011688903001915368,1.0,1.0
1985-06-25,0.01006259166892653,1.0,1.0
1985-06-26,0.008720024899163542,1.0,1.0
1985-06-27,0.00963116682860121,1.0,1.0
1985-06-28,0.008743237126605581,1.0,1.0
1985-07-01,0.008216088851033414,1.0,1.0
1985-07-02,0.007878194856576275,1.0,1.0
1985-07-03,0.007887094739281566,1.0,1.0
1985-07-05,0.008745568606554642,1.0,1.0
1985-07-08,0.008765063619251128,1.0,1.0
1985-07-09,0.00906887465566295,1.0,1.0
1985-07-10,0.009850031143878973,1.0,1.0
1985-07-11,0.009015230062063782,1.0,1.0
1985-07-12,0.008240702429071784,1.0,1.0
1985-07-15,0.007954971257060397,1.0,1.0
1985-07-16,0.013423420613137164,1.0,1.0
1985-07-17,0.011108794887210826,1.0,1.0
1985-07-18,0.01207501811693913,1.0,1.0
1985-07-19,0.010093142529839205,1.0,1.0
1985-07-22,0.010370579900863982,1.0,1.0
1985-07-23,0.015319559035863227,1.0,1.0
1985-07-24,0.015624900612547957,1.0,1.0
1985-07-25,0.011566976117216368,1.0,1.0
1985-07-26,0.00946111969329578,1.0,1.0
1985-07-29,0.03455843578222775,1.0,1.0
1985-07-30,0.021555990338487627,1.0,1.0
1985-07-31,0.01661206915559535,1.0,1.0
1985-08-01,0.01591893497007068,1.0,1.0
1985-08-02,0.012414486472404231,1.0,1.0
1985-08-05,0.012541508538771942,1.0,1.0
1985-08-06,0.02912451195117679,1.0,1.0
1985-08-07,0.020290349505203878,1.0,1.0
1985-08-08,0.018448977266660248,1.0,1.0
1985-08-09,0.013817209517893522,1.0,1.0
1985-08-12,0.011849432095077788,1.0,1.0
1985-08-13,0.010015592769485732,1.0,1.0
1985-08-14,0.008643112886917369,1.0,1.0
1985-08-15,0.006856276385491798,1.0,1.0
1985-08-16,0.008550609519056021,1.0,1.0
1985-08-19,0.0073886164063369985,1.0,1.0
1985-08-20,0.008907062951347917,1.0,1.0
1985-08-21,0.008603816056774516,1.0,1.0
1985-08-22,0.011928200709469048,1.0,1.0
1985-08-23,0.009294792506133801,1.0,1.0
1985-08-26,0.007774700589787843,1.0,1.0
1985-08-27,0.0073992382661800336,1.0,1.0
1985-08-28,0.007113476684429327,1.0,1.0
1985-08-29,0.0066433057310966515,1.0,1.0
1985-08-30,0.0064545093175276775,1.0,1.0
1985-09-03,0.007421331548886178,1.0,1.0
1985-09-04,0.007564536081836317,1.0,1.0
1985-09-05,0.006916014330040294,1.0,1.0
1985-09-06,0.007128708193671626,1.0,1.0
1985-09-09,0.006652973888606065,1.0,1.0
1985-09-10,0.010217275803464078,1.0,1.0
1985-09-11,0.019107013458992156,1.0,1.0
1985-09-12,0.021252067014439716,1.0,1.0
1985-09-13,0.01884054897443308,1.0,1.0
1985-09-16,0.012978675237637259,1.0,1.0
1985-09-17,0.019281501825399255,1.0,1.0
1985-09-18,0.012858827105925365,1.0,1.0
1985-09-19,0.015230233968094486,1.0,1.0
1985-09-20,0.01303740466512321,1.0,1.0
1985-09-23,0.016314071833637353,1.0,1.0
1985-09-24,0.0182273511761449,1.0,1.0
1985-09-25,0.02720809142398035,1.0,1.0
1985-09-26,0.01694679301192692,1.0,1.0
1985-09-30,0.012052370240838722,1.0,1.0
1985-10-01,0.030844554924358145,1.0,1.0
1985-10-02,0.021675850834832536,1.0,1.0
1985-10-03,0.014118777993156787,1.0,1.0
1985-10-04,0.013052076902285461,1.0,1.0
1985-10-07,0.014240115313557069,1.0,1.0
1985-10-08,0.010528553806883096,1.0,1.0
1985-10-09,0.008884088578707906,1.0,1.0
1985-10-10,0.007730612132282999,1.0,1.0
1985-10-11,0.010156251293235675,1.0,1.0
1985-10-14,0.015760835043420914,1.0,1.0
1985-10-15,0.011296462051045677,1.0,1.0
1985-10-16,0.013653547503930483,1.0,1.0
1985-10-17,0.009973594908524713,1.0,1.0
1985-10-18,0.008583558170861332,1.0,1.0
1985-10-21,0.007517994871663871,1.0,1.0
1985-10-22,0.007950162014641313,1.0,1.0
1985-10-23,0.007954533733539496,1.0,1.0
1985-10-24,0.007408266461980112,1.0,1.0
1985-10-25,0.008617639961265291,1.0,1.0
1985-10-28,0.007407750972467427,1.0,1.0
1985-10-29,0.00925189240166236,1.0,1.0
1985-10-30,0.008508039142115039,1.0,1.0
1985-10-31,0.00742101410350101,1.0,1.0
1985-11-01,0.0094399676168753,1.0,1.0
1985-11-04,0.007875722768536247,1.0,1.0
1985-11-05,0.008574222063814026,1.0,1.0
1985-11-06,0.007684589128701263,1.0,1.0
1985-11-07,0.006938356590669478,1.0,1.0
1985-11-08,0.00868457856652359,1.0,1.0
1985-11-11,0.03439484424491818,1.0,1.0
1985-11-12,0.02379983024463538,1.0,1.0
1985-11-13,0.018345672169612918,1.0,1.0
1985-11-14,0.01922793338080879,1.0,1.0
1985-11-15,0.014187540544859687,1.0,1.0
1985-11-18,0.010381682829013196,1.0,1.0
1985-11-19,0.008304435253023474,1.0,1.0
1985-11-20,0.007257939013481026,1.0,1.0
1985-11-21,0.01429272965390146,1.0,1.0
1985-11-22,0.01038225149753473,1.0,1.0
1985-11-25,0.010803792583778083,1.0,1.0
1985-11-26,0.008554037171746695,1.0,1.0
1985-11-27,0.011114085506204862,1.0,1.0
1985-11-29,0.008712541395036438,1.0,1.0
1985-12-02,0.012016918324228538,1.0,1.0
1985-12-03,0.009277382272061697,1.0,1.0
1985-12-04,0.03363460933088206,1.0,1.0
1985-12-05,0.020439911185824486,1.0,1.0
1985-12-06,0.017037442536808826,1.0,1.0
1985-12-09,0.014157045358922876,1.0,1.0
1985-12-10,0.010245738697263505,1.0,1.0
1985-12-11,0.013429620248722067,1.0,1.0
1985-12-12,0.010078815718535347,1.0,1.0
1985-12-13,0.028562955250023944,1.0,1.0
1985-12-16,0.025378376822939582,1.0,1.0
1985-12-17,0.021918638211286628,1.0,1.0
1985-12-18,0.01693175220946153,1.0,1.0
1985-12-19,0.011656184556785668,1.0,1.0
1985-12-20,0.009707227342257667,1.0,1.0
1985-12-23,0.01822711487056952,1.0,1.0
1985-12-24,0.016285703449573252,1.0,1.0
1985-12-26,0.011469359411943311,1.0,1.0
1985-12-27,0.014272238897575796,1.0,1.0
1985-12-30,0.011154128222723832,1.0,1.0
1985-12-31,0.009114998431562247,1.0,1.0
1986-01-02,0.010733440183497046,1.0,1.0
1986-01-03,0.010192515161035094,1.0,1.0
1986-01-06,0.008261299378997255,1.0,1.0
1986-01-07,0.0253815153791503,1.0,1.0
1986-01-08,0.3716087768290551,0.0,1.0
1986-01-09,0.4709155143216865,0.0,1.0
1986-01-10,0.30953907840230627,0.0,1.0
1986-01-13,0.19159389603272453,1.0,1.0
1986-01-14,0.10952371402733242,1.0,1.0
1986-01-15,0.08815889953809884,1.0,1.0
1986-01-16,0.055353156914777595,1.0,1.0
1986-01-17,0.03285802436822923,1.0,1.0
1986-01-20,0.022877239168964707,1.0,1.0
1986-01-21,0.021391119139688483,1.0,1.0
1986-01-22,0.02779650615544829,1.0,1.0
1986-01-23,0.017675630686695174,1.0,1.0
1986-01-24,0.02132531554190981,1.0,1.0
1986-01-27,0.015551049441951095,1.0,1.0
1986-01-28,0.020181729970958944,1.0,1.0
1986-01-29,0.013650400415202761,1.0,1.0
1986-01-30,0.01115360145179233,1.0,1.0
1986-01-31,0.015068957042028614,1.0,1.0
1986-02-03,0.018505803942930173,1.0,1.0
1986-02-04,0.01331643541472653,1.0,1.0
1986-02-05,0.009802824687105948,1.0,1.0
1986-02-06,0.008255975671136354,1.0,1.0
1986-02-07,0.008278226428585894,1.0,1.0
1986-02-10,0.009416382945475539,1.0,1.0
1986-02-11,0.00781631943766583,1.0,1.0
1986-02-12,0.007035886122759094,1.0,1.0
1986-02-13,0.007994528074483368,1.0,1.0
1986-02-14,0.00982400047725127,1.0,1.0
1986-02-18,0.017527736112171878,1.0,1.0
1986-02-19,0.023372279742667892,1.0,1.0
1986-02-20,0.022462143501750867,1.0,1.0
1986-02-21,0.027246799923410066,1.0,1.0
1986-02-24,0.016969461136419704,1.0,1.0
1986-02-25,0.011938851970800827,1.0,1.0
1986-02-26,0.008621892639330954,1.0,1.0
1986-02-27,0.016357158484905623,1.0,1.0
1986-02-28,0.011030628706378203,1.0,1.0
1986-03-03,0.009472359429574284,1.0,1.0
1986-03-04,0.00756571877335833,1.0,1.0
1986-03-05,0.006692559808428027,1.0,1.0
1986-03-06,0.006474276551510999,1.0,1.0
1986-03-07,0.005828196539274743,1.0,1.0
1986-03-10,0.00605344084865225,1.0,1.0
1986-03-11,0.05965995390255933,1.0,1.0
1986-03-12,0.03748519339586818,1.0,1.0
1986-03-13,0.02226079067600047,1.0,1.0
1986-03-14,0.027812905240729224,1.0,1.0
1986-03-17,0.027307324172870198,1.0,1.0
1986-03-18,0.018769531294354415,1.0,1.0
1986-03-19,0.01263587994406028,1.0,1.0
1986-03-20,0.009721903368977299,1.0,1.0
1986-03-21,0.013459851603990209,1.0,1.0
1986-03-24,0.010233047287040027,1.0,1.0
1986-03-25,0.008309802576762768,1.0,1.0
1986-03-26,0.01279398458078247,1.0,1.0
1986-03-27,0.01249016356459428,1.0,1.0
1986-03-31,0.008897124492654722,1.0,1.0
1986-04-01,0.023251511322232042,1.0,1.0
1986-04-02,0.014486779276850213,1.0,1.0
1986-04-03,0.023502858484354024,1.0,1.0
1986-04-04,0.07741120522777852,1.0,1.0
1986-04-07,0.04821073925943205,1.0,1.0
1986-04-08,0.2636990504008287,1.0,1.0
1986-04-09,0.15819599710734775,1.0,1.0
1986-04-10,0.154588618552259,1.0,1.0
1986-04-11,0.08869948515967149,1.0,1.0
1986-04-14,0.05807259862729367,1.0,1.0
1986-04-15,0.03308419408432835,1.0,1.0
1986-04-16,0.14822143511220467,1.0,1.0
1986-04-17,0.08798964135974063,1.0,1.0
1986-04-18,0.05033454195561007,1.0,1.0
1986-04-21,0.04097706228093302,1.0,1.0
1986-04-22,0.039766411664719635,1.0,1.0
1986-04-23,0.02741866867910991,1.0,1.0
1986-04-24,0.01682885439148289,1.0,1.0
1986-04-25,0.01117078671328717,1.0,1.0
1986-04-28,0.008303015697542718,1.0,1.0
1986-04-29,0.014826256122294657,1.0,1.0
1986-04-30,0.15022553024887736,1.0,1.0
1986-05-01,0.08897310862698331,1.0,1.0
1986-05-02,0.050365414143891764,1.0,1.0
1986-05-05,0.06332796997369186,1.0,1.0
1986-05-06,0.03663213646614914,1.0,1.0
1986-05-07,0.025464112655900286,1.0,1.0
1986-05-08,0.018015918743583572,1.0,1.0
1986-05-09,0.012262678231346198,1.0,1.0
1986-05-12,0.009134280527345932,1.0,1.0
1986-05-13,0.008394865635435313,1.0,1.0
1986-05-14,0.007321005911220174,1.0,1.0
1986-05-15,0.016650218005080594,1.0,1.0
1986-05-16,0.014831156662136528,1.0,1.0
1986-05-19,0.010105893502748023,1.0,1.0
1986-05-20,0.014943214325608729,1.0,1.0
1986-05-21,0.01053890542996483,1.0,1.0
1986-05-22,0.04579274144493904,1.0,1.0
1986-05-23,0.03136250041350898,1.0,1.0
1986-05-27,0.05395094432745861,1.0,1.0
1986-05-28,0.040515213218229464,1.0,1.0
1986-05-29,0.02561402558933757,1.0,1.0
1986-05-30,0.016139416190620842,1.0,1.0
1986-06-02,0.01753078225265106,1.0,1.0
1986-06-03,0.011516674670496862,1.0,1.0
1986-06-04,0.010516566063001047,1.0,1.0
1986-06-05,0.008717594333739453,1.0,1.0
1986-06-06,0.006966938076859013,1.0,1.0
1986-06-09,0.1280384296922329,1.0,1.0
1986-06-10,0.07602032312514692,1.0,1.0
1986-06-11,0.05293316742785925,1.0,1.0
1986-06-12,0.030433201248489052,1.0,1.0
1986-06-13,0.07304688048742965,1.0,1.0
1986-06-16,0.041142047655784664,1.0,1.0
1986-06-17,0.03192236554447212,1.0,1.0
1986-06-18,0.01902278608345891,1.0,1.0
1986-06-19,0.01272994052666987,1.0,1.0
1986-06-20,0.01295484960653645,1.0,1.0
1986-06-23,0.011942553619769094,1.0,1.0
1986-06-24,0.01250319866163203,1.0,1.0
1986-06-25,0.012165522000643891,1.0,1.0
1986-06-26,0.00880945916230526,1.0,1.0
1986-06-27,0.007278940881858975,1.0,1.0
1986-06-30,0.007268600957410434,1.0,1.0
1986-07-01,0.007031738071568795,1.0,1.0
1986-07-02,0.006424044497905537,1.0,1.0
1986-07-03,0.0061003211040703085,1.0,1.0
1986-07-07,0.8007663273213285,0.0,1.0
1986-07-08,0.9258476550895354,0.0,1.0
1986-07-09,0.8697451339711518,0.0,1.0
1986-07-10,0.753377034463396,0.0,1.0
1986-07-11,0.6026588959341315,0.0,1.0
1986-07-14,0.8718029002201781,0.0,1.0
1986-07-15,0.9677410443798038,0.0,0.0
1986-07-16,0.9141548544087296,0.0,0.0
1986-07-17,0.8369785567232653,0.0,0.0
1986-07-18,0.706315333231172,0.0,0.0
1986-07-21,0.5516711310750393,0.0,0.0
1986-07-22,0.46902416316229273,0.0,0.0
1986-07-23,0.30989052997409544,1.0,0.0
1986-07-24,0.20110991055235639,1.0,0.0
1986-07-25,0.15878734181094825,1.0,0.0
1986-07-28,0.4510377103718531,0.0,0.0
1986-07-29,0.38374351769226345,1.0,0.0
1986-07-30,0.2661382512185585,1.0,0.0
1986-07-31,0.1609080674288127,1.0,0.0
1986-08-01,0.10739202417219734,1.0,0.0
1986-08-04,0.06026833693110844,1.0,1.0
1986-08-05,0.03511054895935715,1.0,1.0
1986-08-06,0.02138229662917328,1.0,1.0
1986-08-07,0.013827557480579695,1.0,1.0
1986-08-08,0.009599139007950066,1.0,1.0
1986-08-11,0.0333032760509286,1.0,1.0
1986-08-12,0.04261974630133401,1.0,1.0
1986-08-13,0.042105357981811725,1.0,1.0
1986-08-14,0.025928557885154548,1.0,1.0
1986-08-15,0.01654934880196471,1.0,1.0
1986-08-18,0.011130897075419019,1.0,1.0
1986-08-19,0.00894504357966227,1.0,1.0
1986-08-20,0.016290103747310755,1.0,1.0
1986-08-21,0.011052092398044541,1.0,1.0
1986-08-22,0.008372989259701494,1.0,1.0
1986-08-25,0.01173683529012203,1.0,1.0
1986-08-26,0.043537768017535734,1.0,1.0
1986-08-27,0.025378735222237506,1.0,1.0
1986-08-28,0.015868264881476572,1.0,1.0
1986-08-29,0.010782435013345467,1.0,1.0
1986-09-02,0.038094964697266843,1.0,1.0
1986-09-03,0.023058156471783598,1.0,1.0
1986-09-04,0.04246046820830572,1.0,1.0
1986-09-05,0.08013670201952645,1.0,1.0
1986-09-08,0.11320481805058742,1.0,1.0
1986-09-09,0.06796164710500767,1.0,1.0
1986-09-10,0.045581627410880676,1.0,1.0
1986-09-11,0.9999872016879295,1.0,1.0
1986-09-12,0.9963216570637762,1.0,1.0
1986-09-15,0.9450974870321556,1.0,1.0
1986-09-16,0.8609611812604616,1.0,1.0
1986-09-17,0.7397100305278953,1.0,1.0
1986-09-18,0.5749109748640169,1.0,1.0
1986-09-19,0.40125250220287423,1.0,1.0
1986-09-22,0.41756754338580776,1.0,1.0
1986-09-23,0.28907739263410615,1.0,1.0
1986-09-24,0.18438758752605022,1.0,1.0
1986-09-25,0.4228629196179367,1.0,1.0
1986-09-26,0.268366646798887,1.0,1.0
1986-09-29,0.2919395028632329,1.0,1.0
1986-09-30,0.21616834126162032,1.0,1.0
1986-10-01,0.1834539442711117,1.0,1.0
1986-10-02,0.10427674047173416,1.0,1.0
1986-10-03,0.0586732351688454,1.0,1.0
1986-10-06,0.03531801994311826,1.0,1.0
1986-10-07,0.02165117841879232,1.0,1.0
1986-10-08,0.020273443078177047,1.0,1.0
1986-10-09,0.013940155903896632,1.0,1.0
1986-10-10,0.009942744777362381,1.0,1.0
1986-10-13,0.007805211743396317,1.0,1.0
1986-10-14,0.006968057418403729,1.0,1.0
1986-10-15,0.0170785947999447,1.0,1.0
1986-10-16,0.011848366577143667,1.0,1.0
1986-10-17,0.009467226221644299,1.0,1.0
1986-10-20,0.016202817593507574,1.0,1.0
1986-10-21,0.011021239146706626,1.0,1.0
1986-10-22,0.008368735697277956,1.0,1.0
1986-10-23,0.015400961360341326,1.0,1.0
1986-10-24,0.011273080486174926,1.0,1.0
1986-10-27,0.008638013563200741,1.0,1.0
1986-10-28,0.007229991071425825,1.0,1.0
1986-10-29,0.00810392330667417,1.0,1.0
1986-10-30,0.01362648747330909,1.0,1.0
1986-10-31,0.009637556562662849,1.0,1.0
1986-11-03,0.009573525608726763,1.0,1.0
1986-11-04,0.00773293323796843,1.0,1.0
1986-11-05,0.006778223177941583,1.0,1.0
1986-11-06,0.006524356728369541,1.0,1.0
1986-11-07,0.006041176151251637,1.0,1.0
1986-11-10,0.00578086425454935,1.0,1.0
1986-11-11,0.005981171887243084,1.0,1.0
1986-11-12,0.006024400923295911,1.0,1.0
1986-11-13,0.02084959692983506,1.0,1.0
1986-11-14,0.014898337420080628,1.0,1.0
1986-11-17,0.013542649729457583,1.0,1.0
1986-11-18,0.33303419707897786,1.0,1.0
1986-11-19,0.20252377992341802,1.0,1.0
1986-11-20,0.4374935275154152,1.0,1.0
1986-11-21,0.5536405739600635,1.0,1.0
1986-11-24,0.42548757078899974,1.0,1.0
1986-11-25,0.2774942340476073,1.0,1.0
1986-11-26,0.16462200945183705,1.0,1.0
1986-11-28,0.09399099944103079,1.0,1.0
1986-12-01,0.05378422690307333,1.0,1.0
1986-12-02,0.20005099634814208,1.0,1.0
1986-12-03,0.1141998026169062,1.0,1.0
1986-12-04,0.06572680965761989,1.0,1.0
1986-12-05,0.05342388730913993,1.0,1.0
1986-12-08,0.030843393403590432,1.0,1.0
1986-12-09,0.027012002517668655,1.0,1.0
1986-12-10,0.019386068387176204,1.0,1.0
1986-12-11,0.02580766197608602,1.0,1.0
1986-12-12,0.01896039994944833,1.0,1.0
1986-12-15,0.012379738132242482,1.0,1.0
1986-12-16,0.011326911309894524,1.0,1.0
1986-12-17,0.01461516906604725,1.0,1.0
1986-12-18,0.011419846992694592,1.0,1.0
1986-12-19,0.013453838780908145,1.0,1.0
1986-12-22,0.010690387790953071,1.0,1.0
1986-12-23,0.017531027930531767,1.0,1.0
1986-12-24,0.012367944519714132,1.0,1.0
1986-12-26,0.009026286941317588,1.0,1.0
1986-12-29,0.014013693886796878,1.0,1.0
1986-12-30,0.012613526239089214,1.0,1.0
1986-12-31,0.010332549670592822,1.0,1.0
1987-01-02,0.07243125060871136,1.0,1.0
1987-01-05,0.7600105779293929,1.0,1.0
1987-01-06,0.6237560242739459,1.0,1.0
1987-01-07,0.6609254618801284,1.0,1.0
1987-01-08,0.5964248269811437,1.0,1.0
1987-01-09,0.47091057658343255,1.0,1.0
1987-01-12,0.3796496346383663,1.0,1.0
1987-01-13,0.23767930106793866,1.0,1.0
1987-01-14,0.22522399698690523,1.0,1.0
1987-01-15,0.20282431998467787,1.0,1.0
1987-01-16,0.1159336586553815,1.0,1.0
1987-01-19,0.11723522697221167,1.0,1.0
1987-01-20,0.06601867495300175,1.0,1.0
1987-01-21,0.04603317323191378,1.0,1.0
1987-01-22,0.23651298306079316,1.0,1.0
1987-01-23,0.30923418102754757,1.0,1.0
1987-01-26,0.20466168899488604,1.0,1.0
1987-01-27,0.300605277136151,1.0,1.0
1987-01-28,0.2090429804863394,1.0,1.0
1987-01-29,0.13338999835048537,1.0,1.0
1987-01-30,0.0746098940146235,1.0,1.0
1987-02-02,0.07632258147262304,1.0,1.0
1987-02-03,0.04276504527868361,1.0,1.0
1987-02-04,0.0654381171415212,1.0,1.0
1987-02-05,0.049128870422348016,1.0,1.0
1987-02-06,0.029377881098578522,1.0,1.0
1987-02-09,0.02439767593451059,1.0,1.0
1987-02-10,0.0328708593817309,1.0,1.0
1987-02-11,0.03178613415142313,1.0,1.0
1987-02-12,0.022804269234861396,1.0,1.0
1987-02-13,0.03858786294439471,1.0,1.0
1987-02-17,0.13686783094562918,1.0,1.0
1987-02-18,0.07427213064449958,1.0,1.0
1987-02-19,0.04055890104572638,1.0,1.0
1987-02-20,0.023657871051274558,1.0,1.0
1987-02-23,0.029056815550768243,1.0,1.0
1987-02-24,0.01789995893051197,1.0,1.0
1987-02-25,0.01351138804127734,1.0,1.0
1987-02-26,0.01090059937446766,1.0,1.0
1987-02-27,0.009444334285343494,1.0,1.0
1987-03-02,0.008742459496646487,1.0,1.0
1987-03-03,0.007926253427862469,1.0,1.0
1987-03-04,0.020594685947167176,1.0,1.0
1987-03-05,0.016604200227748257,1.0,1.0
1987-03-06,0.01173243386699646,1.0,1.0
1987-03-09,0.01413972140118016,1.0,1.0
1987-03-10,0.015193428362948708,1.0,1.0
1987-03-11,0.011171315097506055,1.0,1.0
1987-03-12,0.009302512247830668,1.0,1.0
1987-03-13,0.009498380439717057,1.0,1.0
1987-03-16,0.011596178846729858,1.0,1.0
1987-03-17,0.022261145728842285,1.0,1.0
1987-03-18,0.014410212664045841,1.0,1.0
1987-03-19,0.011581985424035978,1.0,1.0
1987-03-20,0.018798004246109053,1.0,1.0
1987-03-23,0.016176201052569998,1.0,1.0
1987-03-24,0.011447405009480199,1.0,1.0
1987-03-25,0.009919756081354408,1.0,1.0
1987-03-26,0.008447502505102978,1.0,1.0
1987-03-27,0.03302783697426047,1.0,1.0
1987-03-30,0.5673104335811867,0.0,1.0
1987-03-31,0.4416754210352512,0.0,1.0
1987-04-01,0.2706858040849767,1.0,1.0
1987-04-02,0.16244202646694925,1.0,1.0
1987-04-03,0.5537660363599138,0.0,1.0
1987-04-06,0.38128145158323445,1.0,1.0
1987-04-07,0.6108190066127168,0.0,1.0
1987-04-08,0.4139958338942777,0.0,1.0
1987-04-09,0.6001296941643749,0.0,1.0
1987-04-10,0.4266157970847185,0.0,1.0
1987-04-13,0.9179863334215707,0.0,1.0
1987-04-14,0.9979769073356296,0.0,1.0
1987-04-15,0.9810637842215413,0.0,1.0
1987-04-16,0.9240245160453189,0.0,1.0
1987-04-20,0.8040180036977159,0.0,1.0
1987-04-21,0.9310985884604509,0.0,1.0
1987-04-22,0.9572588303130413,0.0,1.0
1987-04-23,0.8447285837516498,0.0,1.0
1987-04-24,0.9497841131704264,0.0,1.0
1987-04-27,0.8329026286672827,0.0,1.0
1987-04-28,0.68023828211002,0.0,1.0
1987-04-29,0.545590847181048,0.0,1.0
1987-04-30,0.5544662377532914,0.0,1.0
1987-05-01,0.37065168791717595,1.0,1.0
1987-05-04,0.22615155084980776,1.0,1.0
1987-05-05,0.5519433170325765,0.0,1.0
1987-05-06,0.3610730651335906,1.0,1.0
1987-05-07,0.21945084276125576,1.0,1.0
1987-05-08,0.13444156246113287,1.0,1.0
1987-05-11,0.08811281325086685,1.0,1.0
1987-05-12,0.04867342558609162,1.0,1.0
1987-05-13,0.027787974457156774,1.0,1.0
1987-05-14,0.017151991221652556,1.0,1.0
1987-05-15,0.21933451078416363,1.0,1.0
1987-05-18,0.1707291734010471,1.0,1.0
1987-05-19,0.7595741081565991,0.0,1.0
1987-05-20,0.6409636291777023,0.0,1.0
1987-05-21,0.5081621551354376,0.0,1.0
1987-05-22,0.34270523264070113,1.0,1.0
1987-05-26,0.8742055192839389,0.0,1.0
1987-05-27,0.7137593103021198,0.0,1.0
1987-05-28,0.5627070263301553,0.0,1.0
1987-05-29,0.3726647560926648,1.0,1.0
1987-06-01,0.22202918359553978,1.0,1.0
1987-06-02,0.14828231298997185,1.0,1.0
1987-06-03,0.22697836154685871,1.0,1.0
1987-06-04,0.1406753258090676,1.0,1.0
1987-06-05,0.08434468880870187,1.0,1.0
1987-06-08,0.07201429051656917,1.0,1.0
1987-06-09,0.03975890563739491,1.0,1.0
1987-06-10,0.023084890233741513,1.0,1.0
1987-06-11,0.015565532304122026,1.0,1.0
1987-06-12,0.017499589941768503,1.0,1.0
1987-06-15,0.013093830882146912,1.0,1.0
1987-06-16,0.011061417490352029,1.0,1.0
1987-06-17,0.00895143299396813,1.0,1.0
1987-06-18,0.007999997598794297,1.0,1.0
1987-06-19,0.007694168405814654,1.0,1.0
1987-06-22,0.009175794322539227,1.0,1.0
1987-06-23,0.0090683454712797,1.0,1.0
1987-06-24,0.009788245819720513,1.0,1.0
1987-06-25,0.009894779561514543,1.0,1.0
1987-06-26,0.010441970627732182,1.0,1.0
1987-06-29,0.00865689327446049,1.0,1.0
1987-06-30,0.019890898508661724,1.0,1.0
1987-07-01,0.014305133193504432,1.0,1.0
1987-07-02,0.013178661690918215,1.0,1.0
1987-07-06,0.010630843919814604,1.0,1.0
1987-07-07,0.010610738836291189,1.0,1.0
1987-07-08,0.008898724845305933,1.0,1.0
1987-07-09,0.008172743447521945,1.0,1.0
1987-07-10,0.0076333151112315326,1.0,1.0
1987-07-13,0.007675444335555989,1.0,1.0
1987-07-14,0.012228000290962581,1.0,1.0
1987-07-15,0.009659229114224734,1.0,1.0
1987-07-16,0.00982077853036477,1.0,1.0
1987-07-17,0.009297153177151005,1.0,1.0
1987-07-20,0.01505814592309113,1.0,1.0
1987-07-21,0.01941651903526832,1.0,1.0
1987-07-22,0.01333717888884218,1.0,1.0
1987-07-23,0.011084842249579523,1.0,1.0
1987-07-24,0.00953928504568972,1.0,1.0
1987-07-27,0.008821869417666356,1.0,1.0
1987-07-28,0.008810177619790983,1.0,1.0
1987-07-29,0.01282283830370404,1.0,1.0
1987-07-30,0.013298785371395288,1.0,1.0
1987-07-31,0.010142133433371935,1.0,1.0
1987-08-03,0.009974125798587922,1.0,1.0
1987-08-04,0.009392932975826935,1.0,1.0
1987-08-05,0.01094719566591221,1.0,1.0
1987-08-06,0.018997401566281165,1.0,1.0
1987-08-07,0.013753609675766146,1.0,1.0
1987-08-10,0.031989331121513684,1.0,1.0
1987-08-11,0.06195343469262905,1.0,1.0
1987-08-12,0.03655207340517098,1.0,1.0
1987-08-13,0.026363993667743252,1.0,1.0
1987-08-14,0.016309915375993734,1.0,1.0
1987-08-17,0.011491407099723459,1.0,1.0
1987-08-18,0.05206377991520957,1.0,1.0
1987-08-19,0.028420726974464416,1.0,1.0
1987-08-20,0.06095027780919912,1.0,1.0
1987-08-21,0.03373042931460171,1.0,1.0
1987-08-24,0.02833550071891049,1.0,1.0
1987-08-25,0.02527823038987725,1.0,1.0
1987-08-26,0.02014940766125373,1.0,1.0
1987-08-27,0.025525564058777015,1.0,1.0
1987-08-28,0.048351158217262595,1.0,1.0
1987-08-31,0.035407434401103846,1.0,1.0
1987-09-01,0.16157555964948137,1.0,1.0
1987-09-02,0.12776479310879876,1.0,1.0
1987-09-03,0.08259478016227953,1.0,1.0
1987-09-04,0.09181035693876165,1.0,1.0
1987-09-08,0.17758322195968945,1.0,1.0
1987-09-09,0.09366158764066544,1.0,1.0
1987-09-10,0.08131618293078734,1.0,1.0
1987-09-11,0.13052534678434513,1.0,1.0
1987-09-14,0.06832943051817135,1.0,1.0
1987-09-15,0.1616082257250865,1.0,1.0
1987-09-16,0.14288725666133484,1.0,1.0
1987-09-17,0.07510679796114048,1.0,1.0
1987-09-18,0.04084293998985159,1.0,1.0
1987-09-21,0.095507112377736,1.0,1.0
1987-09-22,0.6061126346182334,0.0,1.0
1987-09-23,0.4397122567840803,0.0,1.0
1987-09-24,0.2780441258707411,1.0,1.0
1987-09-25,0.1508856826747638,1.0,1.0
1987-09-28,0.10431894620979384,1.0,1.0
1987-09-29,0.06142192985097462,1.0,1.0
1987-09-30,0.03306495385148944,1.0,1.0
1987-10-01,0.07379659889552567,1.0,1.0
1987-10-02,0.04019918421057839,1.0,1.0
1987-10-05,0.022773231092837895,1.0,1.0
1987-10-06,0.5234862119801432,0.0,1.0
1987-10-07,0.36496387246813833,0.0,1.0
1987-10-08,0.5656350848201018,0.0,1.0
1987-10-09,0.5221073727189623,0.0,1.0
1987-10-12,0.45388975155437566,0.0,1.0
1987-10-13,0.5303362787762949,0.0,1.0
1987-10-14,0.987534377963278,0.0,0.0
1987-10-15,0.9980481587740497,0.0,0.0
1987-10-16,0.9999999995622333,0.0,0.0
1987-10-19,1.0,0.0,0.0
1987-10-20,0.9149194907314528,0.0,0.0
1987-10-21,1.0,0.0,0.0
1987-10-22,0.9999997024557218,0.0,0.0
1987-10-23,0.9188383814327657,0.0,0.0
1987-10-26,1.0,0.0,0.0
1987-10-27,0.9764162729568653,0.0,0.0
1987-10-28,0.8543277129137247,0.0,0.0
1987-10-29,0.9999999772316561,0.0,0.0
1987-10-30,0.9999917133822173,0.0,0.0
1987-11-02,0.9570291651961308,0.0,0.0
1987-11-03,0.989427888797282,0.0,0.0
1987-11-04,0.9057439194508712,0.0,0.0
1987-11-05,0.9855522431933865,0.0,0.0
1987-11-06,0.9531821430190713,0.0,0.0
1987-11-09,0.9987535812955652,0.0,0.0
1987-11-10,0.9908677390240342,0.0,0.0
1987-11-11,0.926766107423475,0.0,0.0
1987-11-12,0.9953841655317834,0.0,0.0
1987-11-13,0.9311282476282836,0.0,0.0
1987-11-16,0.7797264348025678,0.0,0.0
1987-11-17,0.9039438677552593,0.0,0.0
1987-11-18,0.8162011246790543,0.0,0.0
1987-11-19,0.9806179012570642,0.0,0.0
1987-11-20,0.8702186620803342,0.0,0.0
1987-11-23,0.6967437282383043,0.0,0.0
1987-11-24,0.744627378318246,0.0,0.0
1987-11-25,0.6307642109406747,0.0,0.0
1987-11-27,0.7311401072742694,0.0,0.0
1987-11-30,0.9999982547881039,0.0,0.0
1987-12-01,0.8979259096433735,0.0,0.0
1987-12-02,0.7399291842224788,0.0,0.0
1987-12-03,0.9996593475078471,0.0,0.0
1987-12-04,0.9535990370520759,0.0,0.0
1987-12-07,0.9650664495999091,0.0,0.0
1987-12-08,0.9951203153362499,0.0,0.0
1987-12-09,0.9793338904920792,0.0,0.0
1987-12-10,0.9853256677786375,0.0,0.0
1987-12-11,0.8786620656084801,0.0,0.0
1987-12-14,0.9980146429861201,0.0,0.0
1987-12-15,0.8894279595829018,0.0,0.0
1987-12-16,0.9786998797077541,0.0,0.0
1987-12-17,0.9714449781652494,0.0,0.0
1987-12-18,0.9942588819870919,0.0,0.0
1987-12-21,0.8806991202959349,0.0,0.0
1987-12-22,0.7065041299538013,0.0,0.0
1987-12-23,0.7169633048468675,0.0,0.0
1987-12-24,0.5178705458773443,0.0,0.0
1987-12-28,0.9821997475425254,0.0,0.0
1987-12-29,0.8739581507693137,0.0,0.0
1987-12-30,0.8547391947587154,0.0,0.0
1987-12-31,0.6823519691519725,0.0,0.0
1988-01-04,0.9997120800954973,0.0,0.0
1988-01-05,0.9537671110790235,0.0,0.0
1988-01-06,0.8133990817792873,0.0,0.0
1988-01-07,0.688440315180581,0.0,0.0
1988-01-08,0.9999999999950964,0.0,0.0
1988-01-11,0.9273621385563514,0.0,0.0
1988-01-12,0.8750747858937605,0.0,0.0
1988-01-13,0.6965296428792055,0.0,0.0
1988-01-14,0.4832689707896675,0.0,0.0
1988-01-15,0.9510651942530114,0.0,0.0
1988-01-18,0.8062684514777809,0.0,0.0
1988-01-19,0.7182406165177297,0.0,0.0
1988-01-20,0.9934766398681572,0.0,0.0
1988-01-21,0.8745128155826556,0.0,0.0
1988-01-22,0.8551799865615242,0.0,0.0
1988-01-25,0.9668211338972237,0.0,0.0
1988-01-26,0.8963558882076862,0.0,0.0
1988-01-27,0.7281623766767422,0.0,0.0
1988-01-28,0.769098018602509,0.0,0.0
1988-01-29,0.7818765195420284,0.0,0.0
1988-02-01,0.6075605863297253,0.0,0.0
1988-02-02,0.3983066976517556,0.0,0.0
1988-02-03,0.48524297346201706,0.0,0.0
1988-02-04,0.2952418509954739,1.0,0.0
1988-02-05,0.17192432169795532,1.0,0.0
1988-02-08,0.13727300870524634,1.0,0.0
1988-02-09,0.10463320646331328,1.0,1.0
1988-02-10,0.3132656067886139,1.0,1.0
1988-02-11,0.1787772510703707,1.0,1.0
1988-02-12,0.007772861523431829,1.0,1.0
1988-02-16,0.006489252564557604,1.0,1.0
1988-02-17,0.004229343658504746,1.0,1.0
1988-02-18,0.003915406337126272,1.0,1.0
1988-02-19,0.008613621558066407,1.0,1.0
1988-02-22,0.016457444855640838,1.0,1.0
1988-02-23,0.0070150070028876564,1.0,1.0
1988-02-24,0.004201605370379785,1.0,1.0
1988-02-25,0.005824565654801095,1.0,1.0
1988-02-26,0.003930344868065286,1.0,1.0
1988-02-29,0.039821777592726926,1.0,1.0
1988-03-01,0.01436961711753489,1.0,1.0
1988-03-02,0.00703507380408551,1.0,1.0
1988-03-03,0.004197549685155674,1.0,1.0
1988-03-04,0.0035014137878740695,1.0,1.0
1988-03-07,0.0031945165370787427,1.0,1.0
1988-03-08,0.004312409232357163,1.0,1.0
1988-03-09,0.003414967947484182,1.0,1.0
1988-03-10,0.037632936698633504,1.0,1.0
1988-03-11,0.013307631683454932,1.0,1.0
1988-03-14,0.006691958866373736,1.0,1.0
1988-03-15,0.004142959239534015,1.0,1.0
1988-03-16,0.005390164872199176,1.0,1.0
1988-03-17,0.00636256517026919,1.0,1.0
1988-03-18,0.004027184760260363,1.0,1.0
1988-03-21,0.006065578802048371,1.0,1.0
1988-03-22,0.003918578068736816,1.0,1.0
1988-03-23,0.003318624566642365,1.0,1.0
1988-03-24,0.055974610726926416,1.0,1.0
1988-03-25,0.12823708508041948,1.0,1.0
1988-03-28,0.049908206044672554,1.0,1.0
1988-03-29,0.024160088322886335,1.0,1.0
1988-03-30,0.01372292303492683,1.0,1.0
1988-03-31,0.006571934790361163,1.0,1.0
1988-04-04,0.009314325525347495,1.0,1.0
1988-04-05,0.006690509728929126,1.0,1.0
1988-04-06,0.16448879167180983,0.0,1.0
1988-04-07,0.05661805262888554,1.0,1.0
1988-04-08,0.045036822885891926,1.0,1.0
1988-04-11,0.016025310264769246,1.0,1.0
1988-04-12,0.007714302647396,1.0,1.0
1988-04-13,0.004425174446014992,1.0,1.0
1988-04-14,0.9987804260490543,0.0,0.0
1988-04-15,0.7727642586036348,0.0,0.0
1988-04-18,0.4385076550078147,0.0,0.0
1988-04-19,0.18958968635041445,0.0,0.0
1988-04-20,0.0988740775481766,1.0,0.0
1988-04-21,0.03254361506536539,1.0,1.0
1988-04-22,0.028026128299027106,1.0,1.0
1988-04-25,0.014652742927902234,1.0,1.0
1988-04-26,0.008159046972722673,1.0,1.0
1988-04-27,0.004532002034438099,1.0,1.0
1988-04-28,0.00413461283246327,1.0,1.0
1988-04-29,0.003673076235301601,1.0,1.0
1988-05-02,0.003234503533436811,1.0,1.0
1988-05-03,0.0036769215052016423,1.0,1.0
1988-05-04,0.005642335492243141,1.0,1.0
1988-05-05,0.005157716493128044,1.0,1.0
1988-05-06,0.004315339732471331,1.0,1.0
1988-05-09,0.0041923531022200105,1.0,1.0
1988-05-10,0.0034712865011112663,1.0,1.0
1988-05-11,0.028756848033584085,1.0,1.0
1988-05-12,0.010852466133329174,1.0,1.0
1988-05-13,0.009971188451237099,1.0,1.0
1988-05-16,0.006374602404796187,1.0,1.0
1988-05-17,0.00903388327335042,1.0,1.0
1988-05-18,0.03563640834898893,1.0,1.0
1988-05-19,0.012957689749740382,1.0,1.0
1988-05-20,0.005925468569526061,1.0,1.0
1988-05-23,0.00676589049369021,1.0,1.0
1988-05-24,0.007036451977479634,1.0,1.0
1988-05-25,0.004265094244562591,1.0,1.0
1988-05-26,0.0036126054575081486,1.0,1.0
1988-05-27,0.0037375363847582956,1.0,1.0
1988-05-31,0.5407857098541186,0.0,1.0
1988-06-01,0.7278405608634066,0.0,1.0
1988-06-02,0.4279221329951954,0.0,1.0
1988-06-03,0.18668643556113262,0.0,1.0
1988-06-06,0.06468631278088786,1.0,1.0
1988-06-07,0.028089550377208946,1.0,1.0
1988-06-08,0.18045194195073164,0.0,1.0
1988-06-09,0.06313784319912483,1.0,1.0
1988-06-10,0.02194196106025113,1.0,1.0
1988-06-13,0.00853235222066187,1.0,1.0
1988-06-14,0.008010130156891731,1.0,1.0
1988-06-15,0.004481232621581256,1.0,1.0
1988-06-16,0.01685311880493502,1.0,1.0
1988-06-17,0.007077338250303523,1.0,1.0
1988-06-20,0.005550352976722235,1.0,1.0
1988-06-21,0.006035749360382295,1.0,1.0
1988-06-22,0.012782950602223377,1.0,1.0
1988-06-23,0.006064820939158289,1.0,1.0
1988-06-24,0.004172118633954292,1.0,1.0
1988-06-27,0.017606119447583512,1.0,1.0
1988-06-28,0.0136397125646911,1.0,1.0
1988-06-29,0.007048330154428999,1.0,1.0
1988-06-30,0.007174900009620417,1.0,1.0
1988-07-01,0.00503716501394512,1.0,1.0
1988-07-05,0.008807382372802043,1.0,1.0
1988-07-06,0.014935137633538893,1.0,1.0
1988-07-07,0.006566262785270132,1.0,1.0
1988-07-08,0.00535664355891156,1.0,1.0
1988-07-11,0.0037217656546708637,1.0,1.0
1988-07-12,0.005906611996192986,1.0,1.0
1988-07-13,0.004061078474458006,1.0,1.0
1988-07-14,0.003478625982236016,1.0,1.0
1988-07-15,0.0035810306640959287,1.0,1.0
1988-07-18,0.0039018173394580334,1.0,1.0
1988-07-19,0.005834404442512325,1.0,1.0
1988-07-20,0.004264335282340602,1.0,1.0
1988-07-21,0.009644677946432305,1.0,1.0
1988-07-22,0.013740596126580854,1.0,1.0
1988-07-25,0.006384915860229398,1.0,1.0
1988-07-26,0.00402571223055775,1.0,1.0
1988-07-27,0.00672546412961052,1.0,1.0
1988-07-28,0.008340814620574588,1.0,1.0
1988-07-29,0.04869386627236325,1.0,1.0
1988-08-01,0.01670519754311574,1.0,1.0
1988-08-02,0.007030080571473054,1.0,1.0
1988-08-03,0.004399961912589439,1.0,1.0
1988-08-04,0.0036629908030294776,1.0,1.0
1988-08-05,0.0036536378634381057,1.0,1.0
1988-08-08,0.0036745705248690096,1.0,1.0
1988-08-09,0.010490183428131189,1.0,1.0
1988-08-10,0.060558428565814684,1.0,1.0
1988-08-11,0.020511089077284297,1.0,1.0
1988-08-12,0.007822936390099938,1.0,1.0
1988-08-15,0.019509906336148908,1.0,1.0
1988-08-16,0.00976065559024099,1.0,1.0
1988-08-17,0.005056539283079869,1.0,1.0
1988-08-18,0.003758647543386863,1.0,1.0
1988-08-19,0.003538563803347287,1.0,1.0
1988-08-22,0.010402524690132647,1.0,1.0
1988-08-23,0.005266096401173718,1.0,1.0
1988-08-24,0.012005051104922627,1.0,1.0
1988-08-25,0.008391290965803901,1.0,1.0
1988-08-26,0.004699089118164389,1.0,1.0
1988-08-29,0.006379590436528482,1.0,1.0
1988-08-30,0.004115946251775769,1.0,1.0
1988-08-31,0.003719270371744252,1.0,1.0
1988-09-01,0.01016294690574602,1.0,1.0
1988-09-02,0.07250156156755634,1.0,1.0
1988-09-06,0.025062910590503456,1.0,1.0
1988-09-07,0.009378119652997847,1.0,1.0
1988-09-08,0.00495762663890924,1.0,1.0
1988-09-09,0.004016305046221599,1.0,1.0
1988-09-12,0.0035322321483930107,1.0,1.0
1988-09-13,0.0034003070732179976,1.0,1.0
1988-09-14,0.004024463363235026,1.0,1.0
1988-09-15,0.003975346134134314,1.0,1.0
1988-09-16,0.004754672194095773,1.0,1.0
1988-09-19,0.004615860815043586,1.0,1.0
1988-09-20,0.0037526494744332807,1.0,1.0
1988-09-21,0.00341616592392203,1.0,1.0
1988-09-22,0.003782233213438518,1.0,1.0
1988-09-23,0.003437625128457527,1.0,1.0
1988-09-26,0.0037638773830249027,1.0,1.0
1988-09-27,0.003632442926496675,1.0,1.0
1988-09-28,0.003470998851551275,1.0,1.0
1988-09-29,0.0077020442444743036,1.0,1.0
1988-09-30,0.0045530239749234916,1.0,1.0
1988-10-03,0.00406326669685956,1.0,1.0
1988-10-04,0.00365543966794242,1.0,1.0
1988-10-05,0.0036272825218949026,1.0,1.0
1988-10-06,0.0033704069077194147,1.0,1.0
1988-10-07,0.021324538748718685,1.0,1.0
1988-10-10,0.008294576857403342,1.0,1.0
1988-10-11,0.004785403200081307,1.0,1.0
1988-10-12,0.014920660584717743,1.0,1.0
1988-10-13,0.00679809103675339,1.0,1.0
1988-10-14,0.004232156068297674,1.0,1.0
1988-10-17,0.0035714184394997107,1.0,1.0
1988-10-18,0.0052013356501346844,1.0,1.0
1988-10-19,0.006010362953808309,1.0,1.0
1988-10-20,0.03168098128329111,1.0,1.0
1988-10-21,0.011326522639619101,1.0,1.0
1988-10-24,0.006182727329581148,1.0,1.0
1988-10-25,0.0040987270759494645,1.0,1.0
1988-10-26,0.0039723770479043585,1.0,1.0
1988-10-27,0.016695199376625874,1.0,1.0
1988-10-28,0.0074102278602603345,1.0,1.0
1988-10-31,0.004399898469364073,1.0,1.0
1988-11-01,0.003563366157993753,1.0,1.0
1988-11-02,0.0033603530108223152,1.0,1.0
1988-11-03,0.003276388668292716,1.0,1.0
1988-11-04,0.0057300863161202625,1.0,1.0
1988-11-07,0.008371691633713655,1.0,1.0
1988-11-08,0.005064931760386164,1.0,1.0
1988-11-09,0.005040761066036455,1.0,1.0
1988-11-10,0.003741204338687807,1.0,1.0
1988-11-11,0.05856779011865351,1.0,1.0
1988-11-14,0.02015491365287707,1.0,1.0
1988-11-15,0.008026012280295442,1.0,1.0
1988-11-16,0.038304742157081864,1.0,1.0
1988-11-17,0.013167359393120914,1.0,1.0
1988-11-18,0.007466744035921168,1.0,1.0
1988-11-21,0.004710024252521325,1.0,1.0
1988-11-22,0.0037796356405204166,1.0,1.0
1988-11-23,0.004373305284365887,1.0,1.0
1988-11-25,0.004982207924797598,1.0,1.0
1988-11-28,0.004003792050709465,1.0,1.0
1988-11-29,0.005387422047053218,1.0,1.0
1988-11-30,0.006897964694046135,1.0,1.0
1988-12-01,0.004482406151261894,1.0,1.0
1988-12-02,0.003793474050266567,1.0,1.0
1988-12-05,0.005710613386538198,1.0,1.0
1988-12-06,0.006433093079389963,1.0,1.0
1988-12-07,0.004141472599820699,1.0,1.0
1988-12-08,0.004441035476393229,1.0,1.0
1988-12-09,0.003584012441323683,1.0,1.0
1988-12-12,0.00350170476888273,1.0,1.0
1988-12-13,0.0034643629401597004,1.0,1.0
1988-12-14,0.0037478646074990455,1.0,1.0
1988-12-15,0.003766283584709928,1.0,1.0
1988-12-16,0.004291029176451989,1.0,1.0
1988-12-19,0.004874968461131204,1.0,1.0
1988-12-20,0.00413800918956208,1.0,1.0
1988-12-21,0.0035666142049412134,1.0,1.0
1988-12-22,0.003405236806499247,1.0,1.0
1988-12-23,0.003552605050896155,1.0,1.0
1988-12-27,0.0037062264188488236,1.0,1.0
1988-12-28,0.00337738237383736,1.0,1.0
1988-12-29,0.004436431527696155,1.0,1.0
1988-12-30,0.003831827878433569,1.0,1.0
1989-01-03,0.006434508200850479,1.0,1.0
1989-01-04,0.01436119085129356,1.0,1.0
1989-01-05,0.0064651322204371696,1.0,1.0
1989-01-06,0.004313783522051874,1.0,1.0
1989-01-09,0.0035487192621233596,1.0,1.0
1989-01-10,0.003535866291640069,1.0,1.0
1989-01-11,0.003712603239555853,1.0,1.0
1989-01-12,0.0036263503534237633,1.0,1.0
1989-01-13,0.0033655952317068194,1.0,1.0
1989-01-16,0.0032859158778288,1.0,1.0
1989-01-17,0.003458733295604965,1.0,1.0
1989-01-18,0.005703832634010502,1.0,1.0
1989-01-19,0.003943260315143419,1.0,1.0
1989-01-20,0.003479024503279723,1.0,1.0
1989-01-23,0.004788114178857585,1.0,1.0
1989-01-24,0.008008678146420655,1.0,1.0
1989-01-25,0.004711334056545861,1.0,1.0
1989-01-26,0.005692098227171987,1.0,1.0
1989-01-27,0.005101645377495983,1.0,1.0
1989-01-30,0.0039837116780113355,1.0,1.0
1989-01-31,0.0051916686816119665,1.0,1.0
1989-02-01,0.0037982825128608094,1.0,1.0
1989-02-02,0.0034074058048462934,1.0,1.0
1989-02-03,0.003292363929127194,1.0,1.0
1989-02-06,0.003403925897301607,1.0,1.0
1989-02-07,0.007176812767885225,1.0,1.0
1989-02-08,0.00462413973911347,1.0,1.0
1989-02-09,0.0058288228657936095,1.0,1.0
1989-02-10,0.01654619717768595,1.0,1.0
1989-02-13,0.006908407200186247,1.0,1.0
1989-02-14,0.004315916736133899,1.0,1.0
1989-02-15,0.005051898214431567,1.0,1.0
1989-02-16,0.00377488035324485,1.0,1.0
1989-02-17,0.004048286792759971,1.0,1.0
1989-02-21,0.0036836182640981145,1.0,1.0
1989-02-22,0.02243081469165882,1.0,1.0
1989-02-23,0.008818995300085591,1.0,1.0
1989-02-24,0.02508648095428057,1.0,1.0
1989-02-27,0.009311273744767343,1.0,1.0
1989-02-28,0.005122667954691928,1.0,1.0
1989-03-01,0.00435149448549865,1.0,1.0
1989-03-02,0.005695296834903054,1.0,1.0
1989-03-03,0.004160954153669846,1.0,1.0
1989-03-06,0.00689240999172673,1.0,1.0
1989-03-07,0.004411926483768423,1.0,1.0
1989-03-08,0.003527855313056181,1.0,1.0
1989-03-09,0.0033599275484896217,1.0,1.0
1989-03-10,0.003514541574348105,1.0,1.0
1989-03-13,0.004164238946162219,1.0,1.0
1989-03-14,0.003513310284144634,1.0,1.0
1989-03-15,0.0035682130997723833,1.0,1.0
1989-03-16,0.00509085910216216,1.0,1.0
1989-03-17,0.13809432856271475,1.0,1.0
1989-03-20,0.09925593640139681,1.0,1.0
1989-03-21,0.03518329456753175,1.0,1.0
1989-03-22,0.013437813500809961,1.0,1.0
1989-03-23,0.007150901166512542,1.0,1.0
1989-03-27,0.004592674185274093,1.0,1.0
1989-03-28,0.0038165942522797483,1.0,1.0
1989-03-29,0.003445408862672539,1.0,1.0
1989-03-30,0.0032612769185426807,1.0,1.0
1989-03-31,0.0047363103381071435,1.0,1.0
1989-04-03,0.004072699229510093,1.0,1.0
1989-04-04,0.003727957133426838,1.0,1.0
1989-04-05,0.0034516893631620946,1.0,1.0
1989-04-06,0.0035606334783229803,1.0,1.0
1989-04-07,0.004008528105342692,1.0,1.0
1989-04-10,0.003433361851039668,1.0,1.0
1989-04-11,0.003563111422116899,1.0,1.0
1989-04-12,0.003333704868039188,1.0,1.0
1989-04-13,0.005559431512125243,1.0,1.0
1989-04-14,0.01366279560596845,1.0,1.0
1989-04-17,0.006097161372760769,1.0,1.0
1989-04-18,0.009955750152113469,1.0,1.0
1989-04-19,0.005401509104892367,1.0,1.0
1989-04-20,0.0040472514415510015,1.0,1.0
1989-04-21,0.004839958932771605,1.0,1.0
1989-04-24,0.00380314290201202,1.0,1.0
1989-04-25,0.004177379098236936,1.0,1.0
1989-04-26,0.0034659835383589774,1.0,1.0
1989-04-27,0.004565580253464966,1.0,1.0
1989-04-28,0.0035712061147043814,1.0,1.0
1989-05-01,0.0034135913345977303,1.0,1.0
1989-05-02,0.0034629175231518593,1.0,1.0
1989-05-03,0.0032748490146738357,1.0,1.0
1989-05-04,0.003257079228250948,1.0,1.0
1989-05-05,0.003217929314039309,1.0,1.0
1989-05-08,0.004118213895641443,1.0,1.0
1989-05-09,0.003638076814291537,1.0,1.0
1989-05-10,0.0033324518200796623,1.0,1.0
1989-05-11,0.0033744450717032577,1.0,1.0
1989-05-12,0.03818720228662842,1.0,1.0
1989-05-15,0.01729778919833328,1.0,1.0
1989-05-16,0.007477607215124693,1.0,1.0
1989-05-17,0.005603240625444443,1.0,1.0
1989-05-18,0.0038966037550065787,1.0,1.0
1989-05-19,0.00510950617196438,1.0,1.0
1989-05-22,0.003822089695537037,1.0,1.0
1989-05-23,0.007424833311765845,1.0,1.0
1989-05-24,0.0044235768504342615,1.0,1.0
1989-05-25,0.0035314794133061407,1.0,1.0
1989-05-26,0.004366582523751601,1.0,1.0
1989-05-30,0.005104418669069944,1.0,1.0
1989-05-31,0.004067533446428782,1.0,1.0
1989-06-01,0.00379637164075283,1.0,1.0
1989-06-02,0.006497745733106134,1.0,1.0
1989-06-05,0.008371210580714553,1.0,1.0
1989-06-06,0.005173377243659014,1.0,1.0
1989-06-07,0.005843646904881138,1.0,1.0
1989-06-08,0.003938262722149889,1.0,1.0
1989-06-09,0.0034184751266475217,1.0,1.0
1989-06-12,0.003348362852878007,1.0,1.0
1989-06-13,0.005032076317388227,1.0,1.0
1989-06-14,0.0037848159479459366,1.0,1.0
1989-06-15,0.009404590492985176,1.0,1.0
1989-06-16,0.005044652768760656,1.0,1.0
1989-06-19,0.003703070847500435,1.0,1.0
1989-06-20,0.003532227496014945,1.0,1.0
1989-06-21,0.0034977503979778325,1.0,1.0
1989-06-22,0.0035635452715019364,1.0,1.0
1989-06-23,0.01414258562339978,1.0,1.0
1989-06-26,0.006912228974583332,1.0,1.0
1989-06-27,0.004909468186345979,1.0,1.0
1989-06-28,0.0059137214252116925,1.0,1.0
1989-06-29,0.06939951880835338,1.0,1.0
1989-06-30,0.029526974770198135,1.0,1.0
1989-07-03,0.011175191172623403,1.0,1.0
1989-07-05,0.00566621462934553,1.0,1.0
1989-07-06,0.004133028671210766,1.0,1.0
1989-07-07,0.006134381303244646,1.0,1.0
1989-07-10,0.004726370610661707,1.0,1.0
1989-07-11,0.004149080979455842,1.0,1.0
1989-07-12,0.003609801307123523,1.0,1.0
1989-07-13,0.0033066242307362662,1.0,1.0
1989-07-14,0.0034708438351104863,1.0,1.0
1989-07-17,0.003307945621639253,1.0,1.0
1989-07-18,0.003619659122021476,1.0,1.0
1989-07-19,0.007719525425945075,1.0,1.0
1989-07-20,0.00624442336619639,1.0,1.0
1989-07-21,0.00446149588265761,1.0,1.0
1989-07-24,0.0050322028910878445,1.0,1.0
1989-07-25,0.0037060906792741994,1.0,1.0
1989-07-26,0.006743553844072012,1.0,1.0
1989-07-27,0.00869583710185802,1.0,1.0
1989-07-28,0.004717892605715531,1.0,1.0
1989-07-31,0.006693679274440108,1.0,1.0
1989-08-01,0.005402464573176803,1.0,1.0
1989-08-02,0.0038405195511399645,1.0,1.0
1989-08-03,0.003442812736224551,1.0,1.0
1989-08-04,0.00348748754031572,1.0,1.0
1989-08-07,0.010549719848215466,1.0,1.0
1989-08-08,0.0052298338014788275,1.0,1.0
1989-08-09,0.004747457101838427,1.0,1.0
1989-08-10,0.0038621924200272933,1.0,1.0
1989-08-11,0.005968991849550533,1.0,1.0
1989-08-14,0.005032931046347108,1.0,1.0
1989-08-15,0.0038027428489132097,1.0,1.0
1989-08-16,0.003306582559679401,1.0,1.0
1989-08-17,0.0034473846162292963,1.0,1.0
1989-08-18,0.003317944799070412,1.0,1.0
1989-08-21,0.013531497088244504,1.0,1.0
1989-08-22,0.005977578992333963,1.0,1.0
1989-08-23,0.0064122341923646955,1.0,1.0
1989-08-24,0.030700918511519897,1.0,1.0
1989-08-25,0.011302819316068094,1.0,1.0
1989-08-28,0.005560695168980907,1.0,1.0
1989-08-29,0.004886889799749327,1.0,1.0
1989-08-30,0.0036482653847482653,1.0,1.0
1989-08-31,0.003237057980587711,1.0,1.0
1989-09-01,0.0038540282703505495,1.0,1.0
1989-09-05,0.0035213994825467913,1.0,1.0
1989-09-06,0.006228768642405063,1.0,1.0
1989-09-07,0.004147420205368214,1.0,1.0
1989-09-08,0.003366742693306038,1.0,1.0
1989-09-11,0.0035050274563150855,1.0,1.0
1989-09-12,0.0033607616607722857,1.0,1.0
1989-09-13,0.005568529730455298,1.0,1.0
1989-09-14,0.006379259578980179,1.0,1.0
1989-09-15,0.004022413592956252,1.0,1.0
1989-09-18,0.003524988665011,1.0,1.0
1989-09-19,0.0031957937964319193,1.0,1.0
1989-09-20,0.0031728556090364003,1.0,1.0
1989-09-21,0.003184148071354901,1.0,1.0
1989-09-22,0.003188345501752669,1.0,1.0
1989-09-25,0.005073590026101399,1.0,1.0
1989-09-26,0.0036265424743270186,1.0,1.0
1989-09-27,0.003226379738285204,1.0,1.0
1989-09-28,0.005296680835433186,1.0,1.0
1989-09-29,0.003784577061623267,1.0,1.0
1989-10-02,0.0036563462762027733,1.0,1.0
1989-10-03,0.005960272307759624,1.0,1.0
1989-10-04,0.004561200236885767,1.0,1.0
1989-10-05,0.0034803146717845342,1.0,1.0
1989-10-06,0.0036071242878456997,1.0,1.0
1989-10-09,0.00325860303035351,1.0,1.0
1989-10-10,0.003316041053053476,1.0,1.0
1989-10-11,0.004465725056302039,1.0,1.0
1989-10-12,0.004166030564032793,1.0,1.0
1989-10-13,0.9999999966332664,0.0,0.0
1989-10-16,0.9491448246805385,0.0,0.0
1989-10-17,0.6798323540954475,0.0,0.0
1989-10-18,0.32908953492812937,0.0,0.0
1989-10-19,0.40485482367436,0.0,0.0
1989-10-20,0.15156089746840765,1.0,0.0
1989-10-23,0.07363129282600205,1.0,0.0
1989-10-24,0.03190757460929274,1.0,1.0
1989-10-25,0.012153822013367493,1.0,1.0
1989-10-26,0.017976369792363403,1.0,1.0
1989-10-27,0.01767110227314821,1.0,1.0
1989-10-30,0.007229981857839341,1.0,1.0
1989-10-31,0.015064480385935589,1.0,1.0
1989-11-01,0.006624899687484124,1.0,1.0
1989-11-02,0.006153406210047539,1.0,1.0
1989-11-03,0.004160592801829462,1.0,1.0
1989-11-06,0.017313654621941833,1.0,1.0
1989-11-07,0.008044305182720389,1.0,1.0
1989-11-08,0.008412689660802926,1.0,1.0
1989-11-09,0.005207679518168041,1.0,1.0
1989-11-10,0.004522672296901598,1.0,1.0
1989-11-13,0.003489501078961908,1.0,1.0
1989-11-14,0.004037304844943818,1.0,1.0
1989-11-15,0.0040918624438952104,1.0,1.0
1989-11-16,0.003358795039014134,1.0,1.0
1989-11-17,0.0032578908626696122,1.0,1.0
1989-11-20,0.004694547123969646,1.0,1.0
1989-11-21,0.0035840763122699792,1.0,1.0
1989-11-22,0.0038189906287736954,1.0,1.0
1989-11-24,0.003895601879208375,1.0,1.0
1989-11-27,0.003535421329524599,1.0,1.0
1989-11-28,0.0031982000776123753,1.0,1.0
1989-11-29,0.004284341236845712,1.0,1.0
1989-11-30,0.0038098583886253816,1.0,1.0
1989-12-01,0.007107782788398377,1.0,1.0
1989-12-04,0.00429696994419164,1.0,1.0
1989-12-05,0.004018691234022301,1.0,1.0
1989-12-06,0.003748510750036839,1.0,1.0
1989-12-07,0.0035425641727588383,1.0,1.0
1989-12-08,0.0032188599306375485,1.0,1.0
1989-12-11,0.003227855064990346,1.0,1.0
1989-12-12,0.0038509091093888864,1.0,1.0
1989-12-13,0.003376361775538908,1.0,1.0
1989-12-14,0.004265705793645073,1.0,1.0
1989-12-15,0.00403811147687573,1.0,1.0
1989-12-18,0.04485550352085905,1.0,1.0
1989-12-19,0.018132743673594808,1.0,1.0
1989-12-20,0.007243510672369494,1.0,1.0
1989-12-21,0.004978022024262606,1.0,1.0
1989-12-22,0.005410061218256582,1.0,1.0
1989-12-26,0.0037941862961475936,1.0,1.0
1989-12-27,0.003778338926552575,1.0,1.0
1989-12-28,0.0036767294383253696,1.0,1.0
1989-12-29,0.004764460356848477,1.0,1.0
1990-01-02,0.015590207614055059,1.0,1.0
1990-01-03,0.006625242306805842,1.0,1.0
1990-01-04,0.006614055061096835,1.0,1.0
1990-01-05,0.00799627547338345,1.0,1.0
1990-01-08,0.004608881932581796,1.0,1.0
1990-01-09,0.008923881152518881,1.0,1.0
1990-01-10,0.00815586675536358,1.0,1.0
1990-01-11,0.004556628443277357,1.0,1.0
1990-01-12,0.26511270512176327,0.0,1.0
1990-01-15,0.1846898984543944,0.0,1.0
1990-01-16,0.10047459806335678,1.0,1.0
1990-01-17,0.0538058256501144,1.0,1.0
1990-01-18,0.017444007912795444,1.0,1.0
1990-01-19,0.007365770946361588,1.0,1.0
1990-01-22,0.29009125881970266,0.0,1.0
1990-01-23,0.10018584705269505,1.0,1.0
1990-01-24,0.03855680931133819,1.0,1.0
1990-01-25,0.036356837209365424,1.0,1.0
1990-01-26,0.014387468675921203,1.0,1.0
1990-01-29,0.007104671521938921,1.0,1.0
1990-01-30,0.008910524470550185,1.0,1.0
1990-01-31,0.0349608367401749,1.0,1.0
1990-02-01,0.011992275286001945,1.0,1.0
1990-02-02,0.007789467875989035,1.0,1.0
1990-02-05,0.004706474751442352,1.0,1.0
1990-02-06,0.0047588827251975096,1.0,1.0
1990-02-07,0.007793260672104569,1.0,1.0
1990-02-08,0.004464820188419185,1.0,1.0
1990-02-09,0.003722130239916556,1.0,1.0
1990-02-12,0.007547219668437016,1.0,1.0
1990-02-13,0.004415785707805846,1.0,1.0
1990-02-14,0.0036257598539837605,1.0,1.0
1990-02-15,0.004997369483659924,1.0,1.0
1990-02-16,0.004848271763458261,1.0,1.0
1990-02-20,0.018235982044739966,1.0,1.0
1990-02-21,0.007700990985502025,1.0,1.0
1990-02-22,0.005193644893198876,1.0,1.0
1990-02-23,0.005153278870007152,1.0,1.0
1990-02-26,0.007411879473839743,1.0,1.0
1990-02-27,0.005140332119731772,1.0,1.0
1990-02-28,0.004440352050736912,1.0,1.0
1990-03-01,0.0036860011090509527,1.0,1.0
1990-03-02,0.005194716901956416,1.0,1.0
1990-03-05,0.004426462535378729,1.0,1.0
1990-03-06,0.007825830801988988,1.0,1.0
1990-03-07,0.004792845326365876,1.0,1.0
1990-03-08,0.005840445874069463,1.0,1.0
1990-03-09,0.005279855171856924,1.0,1.0
1990-03-12,0.003824144059001012,1.0,1.0
1990-03-13,0.005441563913030087,1.0,1.0
1990-03-14,0.003923191111682229,1.0,1.0
1990-03-15,0.0035371554785811003,1.0,1.0
1990-03-16,0.00573676186024089,1.0,1.0
1990-03-19,0.00422597258558496,1.0,1.0
1990-03-20,0.004809326896810979,1.0,1.0
1990-03-21,0.00458110749151484,1.0,1.0
1990-03-22,0.013577670311762949,1.0,1.0
1990-03-23,0.006651430103903126,1.0,1.0
1990-03-26,0.00419602573405681,1.0,1.0
1990-03-27,0.005336553018800497,1.0,1.0
1990-03-28,0.0038227462506348203,1.0,1.0
1990-03-29,0.003952686801439014,1.0,1.0
1990-03-30,0.0036431369989476194,1.0,1.0
1990-04-02,0.004102210352632392,1.0,1.0
1990-04-03,0.01058243016968507,1.0,1.0
1990-04-04,0.007780029821751019,1.0,1.0
1990-04-05,0.004644473878616098,1.0,1.0
1990-04-06,0.004045733455908839,1.0,1.0
1990-04-09,0.003535148142261173,1.0,1.0
1990-04-10,0.0033705170241653164,1.0,1.0
1990-04-11,0.0033195423441023542,1.0,1.0
1990-04-12,0.004442421310102936,1.0,1.0
1990-04-16,0.0035883857149134313,1.0,1.0
1990-04-17,0.0034299408974615927,1.0,1.0
1990-04-18,0.009350434303192587,1.0,1.0
1990-04-19,0.008337097106963712,1.0,1.0
1990-04-20,0.009748323990327065,1.0,1.0
1990-04-23,0.016831789039164456,1.0,1.0
1990-04-24,0.007565990001278972,1.0,1.0
1990-04-25,0.004923082796203383,1.0,1.0
1990-04-26,0.003730432948361608,1.0,1.0
1990-04-27,0.009744230556774884,1.0,1.0
1990-04-30,0.005561971729113134,1.0,1.0
1990-05-01,0.004263397440785328,1.0,1.0
1990-05-02,0.0042323225807955715,1.0,1.0
1990-05-03,0.0036908843289010164,1.0,1.0
1990-05-04,0.00486104599290892,1.0,1.0
1990-05-07,0.004452458230663928,1.0,1.0
1990-05-08,0.003846359329393376,1.0,1.0
1990-05-09,0.0034359256264872816,1.0,1.0
1990-05-10,0.0035965951238259093,1.0,1.0
1990-05-11,0.061785618763251,1.0,1.0
1990-05-14,0.028407102926782977,1.0,1.0
1990-05-15,0.01013376115580937,1.0,1.0
1990-05-16,0.005220006366657943,1.0,1.0
1990-05-17,0.0038313279138893486,1.0,1.0
1990-05-18,0.0034293011194973613,1.0,1.0
1990-05-21,0.006000169530505241,1.0,1.0
1990-05-22,0.004013469802965822,1.0,1.0
1990-05-23,0.003534406804322324,1.0,1.0
1990-05-24,0.003415581980662869,1.0,1.0
1990-05-25,0.0076097955421479775,1.0,1.0
1990-05-29,0.015542021004610058,1.0,1.0
1990-05-30,0.00650869085055325,1.0,1.0
1990-05-31,0.004128999846991697,1.0,1.0
1990-06-01,0.004129291145117977,1.0,1.0
1990-06-04,0.008162275360904381,1.0,1.0
1990-06-05,0.004803199663873765,1.0,1.0
1990-06-06,0.004276971497082067,1.0,1.0
1990-06-07,0.004483432099627861,1.0,1.0
1990-06-08,0.010687655181573545,1.0,1.0
1990-06-11,0.006908545426238875,1.0,1.0
1990-06-12,0.009687381751881384,1.0,1.0
1990-06-13,0.005452505075141619,1.0,1.0
1990-06-14,0.0051444701647920385,1.0,1.0
1990-06-15,0.003864403366424776,1.0,1.0
1990-06-18,0.02241048023404322,1.0,1.0
1990-06-19,0.008644056738769033,1.0,1.0
1990-06-20,0.004689884557906787,1.0,1.0
1990-06-21,0.0037529911948005717,1.0,1.0
1990-06-22,0.009586170445907514,1.0,1.0
1990-06-25,0.009688156841350179,1.0,1.0
1990-06-26,0.0051660710983510326,1.0,1.0
1990-06-27,0.0049041628465248625,1.0,1.0
1990-06-28,0.004859640045385331,1.0,1.0
1990-06-29,0.0037237488649027387,1.0,1.0
1990-07-02,0.0035392900470056794,1.0,1.0
1990-07-03,0.0033604504280963063,1.0,1.0
1990-07-05,0.00881696618780237,1.0,1.0
1990-07-06,0.005933435463677306,1.0,1.0
1990-07-09,0.004044775248488781,1.0,1.0
1990-07-10,0.005402561477706825,1.0,1.0
1990-07-11,0.00800166614491094,1.0,1.0
1990-07-12,0.009135632102285272,1.0,1.0
1990-07-13,0.005292362528106395,1.0,1.0
1990-07-16,0.004081492956207156,1.0,1.0
1990-07-17,0.004344831056507463,1.0,1.0
1990-07-18,0.007783109715782151,1.0,1.0
1990-07-19,0.004470120612085519,1.0,1.0
1990-07-20,0.007276725580854129,1.0,1.0
1990-07-23,0.08516690428698476,1.0,1.0
1990-07-24,0.02589758817490073,1.0,1.0
1990-07-25,0.009836397601248902,1.0,1.0
1990-07-26,0.005437719924479877,1.0,1.0
1990-07-27,0.006036898446439709,1.0,1.0
1990-07-30,0.004127328290200641,1.0,1.0
1990-07-31,0.0035060761631258283,1.0,1.0
1990-08-01,0.003550046577491103,1.0,1.0
1990-08-02,0.012326533923197219,1.0,1.0
1990-08-03,0.09456098001625929,1.0,1.0
1990-08-06,0.9963756868133817,0.0,0.0
1990-08-07,0.6713328477602335,0.0,0.0
1990-08-08,0.4997431080486524,0.0,0.0
1990-08-09,0.23023930305010856,0.0,0.0
1990-08-10,0.19817667299304054,0.0,0.0
1990-08-13,0.08154828095716977,1.0,0.0
1990-08-14,0.025073325419760647,1.0,1.0
1990-08-15,0.009462296271419994,1.0,1.0
1990-08-16,0.22481996369855745,0.0,1.0
1990-08-17,0.37657210773250493,0.0,1.0
1990-08-20,0.13093876991179126,0.0,1.0
1990-08-21,0.5524295045020832,0.0,1.0
1990-08-22,0.7064817651415783,0.0,1.0
1990-08-23,0.9996483371942173,0.0,0.0
1990-08-24,0.8967140085623899,0.0,0.0
1990-08-27,0.9995819327012765,0.0,0.0
1990-08-28,0.653951366686762,0.0,0.0
1990-08-29,0.35700887352750654,0.0,0.0
1990-08-30,0.42619974424315404,0.0,0.0
1990-08-31,0.2452645356258318,0.0,0.0
1990-09-04,0.07663560524833796,1.0,0.0
1990-09-05,0.024745206965283522,1.0,1.0
1990-09-06,0.024936338596151467,1.0,1.0
1990-09-07,0.013754261425824288,1.0,1.0
1990-09-10,0.007360459279117767,1.0,1.0
1990-09-11,0.004856645904698538,1.0,1.0
1990-09-12,0.004085479482697425,1.0,1.0
1990-09-13,0.011306029060596853,1.0,1.0
1990-09-14,0.008122424386529744,1.0,1.0
1990-09-17,0.004837981795259959,1.0,1.0
1990-09-18,0.0039454776431762035,1.0,1.0
1990-09-19,0.0051522042343370095,1.0,1.0
1990-09-20,0.03685733262069363,1.0,1.0
1990-09-21,0.013121137628983846,1.0,1.0
1990-09-24,0.26285403201219504,0.0,1.0
1990-09-25,0.1574092622215062,0.0,1.0
1990-09-26,0.12297779672572143,0.0,1.0
1990-09-27,0.2182028588163972,0.0,1.0
1990-09-28,0.26571356818158753,0.0,1.0
1990-10-01,0.9626257677098344,0.0,0.0
1990-10-02,0.5991561716384435,0.0,0.0
1990-10-03,0.5191977768677982,0.0,0.0
1990-10-04,0.1988592021568631,0.0,0.0
1990-10-05,0.07495422284093217,1.0,0.0
1990-10-08,0.02684470495126611,1.0,1.0
1990-10-09,0.6969235809796825,0.0,1.0
1990-10-10,0.8072549046907802,0.0,1.0
1990-10-11,0.9085285896184097,0.0,0.0
1990-10-12,0.7758511268470316,0.0,0.0
1990-10-15,0.5149035118756369,0.0,0.0
1990-10-16,0.5751451592287329,0.0,0.0
1990-10-17,0.23055621462054537,0.0,0.0
1990-10-18,0.7352715437633625,0.0,0.0
1990-10-19,0.836587322306647,0.0,0.0
1990-10-22,0.5369687165404049,0.0,0.0
1990-10-23,0.2566241621361115,0.0,0.0
1990-10-24,0.08132176480276081,1.0,0.0
1990-10-25,0.03728137226807511,1.0,1.0
1990-10-26,0.12653629979675168,0.0,1.0
1990-10-29,0.08410090612742287,1.0,1.0
1990-10-30,0.028548236924753483,1.0,1.0
1990-10-31,0.01017800778716401,1.0,1.0
1990-11-01,0.007983617015474493,1.0,1.0
1990-11-02,0.02622853254598564,1.0,1.0
1990-11-05,0.01764316068575139,1.0,1.0
1990-11-06,0.01178701068236543,1.0,1.0
1990-11-07,0.04932306127888008,1.0,1.0
1990-11-08,0.017485669395613385,1.0,1.0
1990-11-09,0.07375073854468801,1.0,1.0
1990-11-12,0.25590307685556324,0.0,1.0
1990-11-13,0.09104849596054437,1.0,1.0
1990-11-14,0.042027740074744926,1.0,1.0
1990-11-15,0.029185309894558583,1.0,1.0
1990-11-16,0.010448916714857174,1.0,1.0
1990-11-19,0.0066083120136923995,1.0,1.0
1990-11-20,0.012774366618615023,1.0,1.0
1990-11-21,0.006003987006691684,1.0,1.0
1990-11-23,0.0046125364089915875,1.0,1.0
1990-11-26,0.004033779338975696,1.0,1.0
1990-11-27,0.004997370060671173,1.0,1.0
1990-11-28,0.0039901322185024865,1.0,1.0
1990-11-29,0.004416023172423255,1.0,1.0
1990-11-30,0.024426498132451686,1.0,1.0
1990-12-03,0.01209426961865383,1.0,1.0
1990-12-04,0.008097460291963595,1.0,1.0
1990-12-05,0.012543147480799415,1.0,1.0
1990-12-06,0.006361389881065979,1.0,1.0
1990-12-07,0.005141024147886135,1.0,1.0
1990-12-10,0.004092398968606067,1.0,1.0
1990-12-11,0.005427227465510575,1.0,1.0
1990-12-12,0.007306924805151573,1.0,1.0
1990-12-13,0.004707228723128249,1.0,1.0
1990-12-14,0.00694949958388377,1.0,1.0
1990-12-17,0.005321134428789795,1.0,1.0
1990-12-18,0.010674159870917847,1.0,1.0
1990-12-19,0.005457302950182913,1.0,1.0
1990-12-20,0.0041059550065810765,1.0,1.0
1990-12-21,0.003911849883535376,1.0,1.0
1990-12-24,0.004424737733581831,1.0,1.0
1990-12-26,0.003923723059543338,1.0,1.0
1990-12-27,0.005483104666400643,1.0,1.0
1990-12-28,0.0041405498022590624,1.0,1.0
1990-12-31,0.004162965542131405,1.0,1.0
1991-01-02,0.008613658994684319,1.0,1.0
1991-01-03,0.01945769600001715,1.0,1.0
1991-01-04,0.008376372058099664,1.0,1.0
1991-01-07,0.05892698648821198,1.0,1.0
1991-01-08,0.020371829954132566,1.0,1.0
1991-01-09,0.018158043343750555,1.0,1.0
1991-01-10,0.013361313459475825,1.0,1.0
1991-01-11,0.0061603510281454275,1.0,1.0
1991-01-14,0.010805930340248087,1.0,1.0
1991-01-15,0.005760886710015277,1.0,1.0
1991-01-16,0.008229830895719424,1.0,1.0
1991-01-17,0.9706287264507836,0.0,0.0
1991-01-18,0.7351633401479876,0.0,0.0
1991-01-21,0.3473255976899728,0.0,0.0
1991-01-22,0.1652692068084425,0.0,0.0
1991-01-23,0.06085642979481369,1.0,0.0
1991-01-24,0.07970907054879729,1.0,0.0
1991-01-25,0.026270489175002663,1.0,1.0
1991-01-28,0.00958386304557436,1.0,1.0
1991-01-29,0.005176852571428073,1.0,1.0
1991-01-30,0.02083373072342173,1.0,1.0
1991-01-31,0.014821016576142479,1.0,1.0
1991-02-01,0.006593492394655491,1.0,1.0
1991-02-04,0.026638615152019797,1.0,1.0
1991-02-05,0.02032807454863725,1.0,1.0
1991-02-06,0.07307329261600826,1.0,1.0
1991-02-07,0.027371453651554748,1.0,1.0
1991-02-08,0.02272383794858851,1.0,1.0
1991-02-11,0.43396417457565306,0.0,1.0
1991-02-12,0.19424610197801298,0.0,1.0
1991-02-13,0.09562402154157378,1.0,1.0
1991-02-14,0.10339175513587108,1.0,1.0
1991-02-15,0.08403277543417022,1.0,1.0
1991-02-19,0.027017224097902515,1.0,1.0
1991-02-20,0.03360069397192327,1.0,1.0
1991-02-21,0.013921293899755854,1.0,1.0
1991-02-22,0.00901968241984231,1.0,1.0
1991-02-25,0.008301230774981672,1.0,1.0
1991-02-26,0.021612993676361252,1.0,1.0
1991-02-27,0.027663209238879376,1.0,1.0
1991-02-28,0.01232478181128975,1.0,1.0
1991-03-01,0.013768729606880905,1.0,1.0
1991-03-04,0.008831778663832448,1.0,1.0
1991-03-05,0.10238201333926386,1.0,1.0
1991-03-06,0.03313456019637244,1.0,1.0
1991-03-07,0.013741354915345397,1.0,1.0
1991-03-08,0.009498522043224582,1.0,1.0
1991-03-11,0.01106497553265538,1.0,1.0
1991-03-12,0.01662742374109794,1.0,1.0
1991-03-13,0.021821006602356044,1.0,1.0
1991-03-14,0.011279054827679666,1.0,1.0
1991-03-15,0.00867993363448488,1.0,1.0
1991-03-18,0.008319999916058708,1.0,1.0
1991-03-19,0.032754652211645106,1.0,1.0
1991-03-20,0.014467680023471433,1.0,1.0
1991-03-21,0.00984347684117406,1.0,1.0
1991-03-22,0.007876357319722357,1.0,1.0
1991-03-25,0.009828946558639034,1.0,1.0
1991-03-26,0.057313723574022805,1.0,1.0
1991-03-27,0.02004135888549884,1.0,1.0
1991-03-28,0.010585719318005702,1.0,1.0
1991-04-01,0.015908077060419107,1.0,1.0
1991-04-02,0.14791605510183026,1.0,1.0
1991-04-03,0.04476156225820891,1.0,1.0
1991-04-04,0.01730927618301161,1.0,1.0
1991-04-05,0.02312261292529289,1.0,1.0
1991-04-08,0.013738978171674271,1.0,1.0
1991-04-09,0.025914646901242327,1.0,1.0
1991-04-10,0.01259968750615346,1.0,1.0
1991-04-11,0.02197280116541139,1.0,1.0
1991-04-12,0.013495117353210448,1.0,1.0
1991-04-15,0.008807991146262038,1.0,1.0
1991-04-16,0.03292709481545567,1.0,1.0
1991-04-17,0.02013155051400945,1.0,1.0
1991-04-18,0.013684282309190124,1.0,1.0
1991-04-19,0.023656900768483,1.0,1.0
1991-04-22,0.027295307667629973,1.0,1.0
1991-04-23,0.012226595813911481,1.0,1.0
1991-04-24,0.008686490153466337,1.0,1.0
1991-04-25,0.013758062994976051,1.0,1.0
1991-04-26,0.009151855350829784,1.0,1.0
1991-04-29,0.035103091821072054,1.0,1.0
1991-04-30,0.014294739777670852,1.0,1.0
1991-05-01,0.024709960868480204,1.0,1.0
1991-05-02,0.011574545276914235,1.0,1.0
1991-05-03,0.008272786577448761,1.0,1.0
1991-05-06,0.007860374168290886,1.0,1.0
1991-05-07,0.009966699244218087,1.0,1.0
1991-05-08,0.007985008418281786,1.0,1.0
1991-05-09,0.018740833557672365,1.0,1.0
1991-05-10,0.10592684026026478,1.0,1.0
1991-05-13,0.033131383186926225,1.0,1.0
1991-05-14,0.05304917505609005,1.0,1.0
1991-05-15,0.05053773301148739,1.0,1.0
1991-05-16,0.03251069988680947,1.0,1.0
1991-05-17,0.013642337681342057,1.0,1.0
1991-05-20,0.008881702755369767,1.0,1.0
1991-05-21,0.010792523034750909,1.0,1.0
1991-05-22,0.008272349537497194,1.0,1.0
1991-05-23,0.0077419771269421605,1.0,1.0
1991-05-24,0.009344655761972458,1.0,1.0
1991-05-28,0.016130657205731116,1.0,1.0
1991-05-29,0.009629009566595827,1.0,1.0
1991-05-30,0.0155598616997275,1.0,1.0
1991-05-31,0.012484098492005222,1.0,1.0
1991-06-03,0.009462886554057047,1.0,1.0
1991-06-04,0.007850349890481337,1.0,1.0
1991-06-05,0.010164510497639332,1.0,1.0
1991-06-06,0.009361704495932429,1.0,1.0
1991-06-07,0.017874191121217905,1.0,1.0
1991-06-10,0.010771276345212633,1.0,1.0
1991-06-11,0.0089653104043776,1.0,1.0
1991-06-12,0.02333673179333161,1.0,1.0
1991-06-13,0.011362020505290496,1.0,1.0
1991-06-14,0.017700106756338662,1.0,1.0
1991-06-17,0.01183293464971922,1.0,1.0
1991-06-18,0.00999681189329623,1.0,1.0
1991-06-19,0.0188410788455603,1.0,1.0
1991-06-20,0.01011555674407596,1.0,1.0
1991-06-21,0.00873533674297052,1.0,1.0
1991-06-24,0.09306363290981251,1.0,1.0
1991-06-25,0.03149632418747651,1.0,1.0
1991-06-26,0.013272139635796272,1.0,1.0
1991-06-27,0.011835779897705193,1.0,1.0
1991-06-28,0.012704425443074664,1.0,1.0
1991-07-01,0.0552709389962289,1.0,1.0
1991-07-02,0.01996474003201572,1.0,1.0
1991-07-03,0.02509141438454987,1.0,1.0
1991-07-05,0.011724628661939344,1.0,1.0
1991-07-08,0.012888284583454144,1.0,1.0
1991-07-09,0.008897568146162447,1.0,1.0
1991-07-10,0.00763723935019286,1.0,1.0
1991-07-11,0.007592948570957982,1.0,1.0
1991-07-12,0.010453052576329952,1.0,1.0
1991-07-15,0.0099386912956528,1.0,1.0
1991-07-16,0.008402999144070701,1.0,1.0
1991-07-17,0.007585155091256695,1.0,1.0
1991-07-18,0.012490860499556689,1.0,1.0
1991-07-19,0.009209927429032217,1.0,1.0
1991-07-22,0.009017956805400991,1.0,1.0
1991-07-23,0.016588068103585225,1.0,1.0
1991-07-24,0.010660521756091354,1.0,1.0
1991-07-25,0.009613674152729955,1.0,1.0
1991-07-26,0.007788399316313995,1.0,1.0
1991-07-29,0.008296018395211564,1.0,1.0
1991-07-30,0.012153902422284438,1.0,1.0
1991-07-31,0.009097175891578997,1.0,1.0
1991-08-01,0.007900938753469151,1.0,1.0
1991-08-02,0.007364452375391652,1.0,1.0
1991-08-05,0.009706157171795082,1.0,1.0
1991-08-06,0.02200316012506976,1.0,1.0
1991-08-07,0.01087127943272665,1.0,1.0
1991-08-08,0.008470142648300124,1.0,1.0
1991-08-09,0.008439674737729668,1.0,1.0
1991-08-12,0.007170681436318616,1.0,1.0
1991-08-13,0.007426146284474525,1.0,1.0
1991-08-14,0.006936386735225658,1.0,1.0
1991-08-15,0.007021777615458279,1.0,1.0
1991-08-16,0.013079833190545261,1.0,1.0
1991-08-19,0.47628674530196696,0.0,1.0
1991-08-20,0.20663441456255216,0.0,1.0
1991-08-21,0.946191809390517,0.0,1.0
1991-08-22,0.4716457038190094,0.0,1.0
1991-08-23,0.18957198904456504,0.0,1.0
1991-08-26,0.056468725156156405,1.0,1.0
1991-08-27,0.01965333254103894,1.0,1.0
1991-08-28,0.015543539232088349,1.0,1.0
1991-08-29,0.008877111834572734,1.0,1.0
1991-08-30,0.007484972591765765,1.0,1.0
1991-09-03,0.012405314326653052,1.0,1.0
1991-09-04,0.011113944371264362,1.0,1.0
1991-09-05,0.008488478708808235,1.0,1.0
1991-09-06,0.007161956843992107,1.0,1.0
1991-09-09,0.007006214634450911,1.0,1.0
1991-09-10,0.017605200803578653,1.0,1.0
1991-09-11,0.009393114171595015,1.0,1.0
1991-09-12,0.009429955437900194,1.0,1.0
1991-09-13,0.015746918739693083,1.0,1.0
1991-09-16,0.009704943200269527,1.0,1.0
1991-09-17,0.007486154187500696,1.0,1.0
1991-09-18,0.007327283589127796,1.0,1.0
1991-09-19,0.007136843190808145,1.0,1.0
1991-09-20,0.00688017815641989,1.0,1.0
1991-09-23,0.00845430113336824,1.0,1.0
1991-09-24,0.00785110908504934,1.0,1.0
1991-09-25,0.0072797984654519934,1.0,1.0
1991-09-26,0.00686704271990275,1.0,1.0
1991-09-27,0.007147513300821839,1.0,1.0
1991-09-30,0.007995760346548893,1.0,1.0
1991-10-01,0.007183874445163566,1.0,1.0
1991-10-02,0.0075272036910409915,1.0,1.0
1991-10-03,0.015228163582456789,1.0,1.0
1991-10-04,0.012698899313789334,1.0,1.0
1991-10-07,0.011560143335184122,1.0,1.0
1991-10-08,0.00804939060174668,1.0,1.0
1991-10-09,0.014370207701195641,1.0,1.0
1991-10-10,0.01184532976121114,1.0,1.0
1991-10-11,0.00807715600747856,1.0,1.0
1991-10-14,0.019119854957127348,1.0,1.0
1991-10-15,0.02679992316371126,1.0,1.0
1991-10-16,0.014768070894067474,1.0,1.0
1991-10-17,0.009567587448161118,1.0,1.0
1991-10-18,0.007421023815714146,1.0,1.0
1991-10-21,0.00974388552272981,1.0,1.0
1991-10-22,0.009027381899249952,1.0,1.0
1991-10-23,0.007319971727958125,1.0,1.0
1991-10-24,0.01250191951689175,1.0,1.0
1991-10-25,0.009007785341844547,1.0,1.0
1991-10-28,0.01841933372918191,1.0,1.0
1991-10-29,0.011475596461002697,1.0,1.0
1991-10-30,0.00910326704586924,1.0,1.0
1991-10-31,0.007248795110421609,1.0,1.0
1991-11-01,0.007632982405448528,1.0,1.0
1991-11-04,0.007882609500051312,1.0,1.0
1991-11-05,0.007589717257657627,1.0,1.0
1991-11-06,0.007082824990464556,1.0,1.0
1991-11-07,0.011695839676578751,1.0,1.0
1991-11-08,0.007903867762839486,1.0,1.0
1991-11-11,0.006986348460522494,1.0,1.0
1991-11-12,0.010944427385086095,1.0,1.0
1991-11-13,0.0077052343356779395,1.0,1.0
1991-11-14,0.007078665392279361,1.0,1.0
1991-11-15,0.9947774451363843,0.0,1.0
1991-11-18,0.5547378728402699,0.0,1.0
1991-11-19,0.6780000061759023,0.0,1.0
1991-11-20,0.26794557523811363,0.0,1.0
1991-11-21,0.08762801716882253,1.0,1.0
1991-11-22,0.05955486115190861,1.0,1.0
1991-11-25,0.02247390913766472,1.0,1.0
1991-11-26,0.012062250724123967,1.0,1.0
1991-11-27,0.008526531749387703,1.0,1.0
1991-11-29,0.007480096914295061,1.0,1.0
1991-12-02,0.025233174190223535,1.0,1.0
1991-12-03,0.011189155267774272,1.0,1.0
1991-12-04,0.007989226658773678,1.0,1.0
1991-12-05,0.00945188741947551,1.0,1.0
1991-12-06,0.007835435546174887,1.0,1.0
1991-12-09,0.0074650472382257515,1.0,1.0
1991-12-10,0.0070598559746144,1.0,1.0
1991-12-11,0.0071357964973261636,1.0,1.0
1991-12-12,0.011717880659960343,1.0,1.0
1991-12-13,0.010843190064194885,1.0,1.0
1991-12-16,0.007710644678520926,1.0,1.0
1991-12-17,0.008857700118382134,1.0,1.0
1991-12-18,0.007191334781467147,1.0,1.0
1991-12-19,0.008088767779610056,1.0,1.0
1991-12-20,0.013504055369687394,1.0,1.0
1991-12-23,0.2683653573177776,0.0,1.0
1991-12-24,0.11597502694708241,1.0,1.0
1991-12-26,0.13013379878721,1.0,1.0
1991-12-27,0.04663723711579462,1.0,1.0
1991-12-30,0.2523381691473572,0.0,1.0
1991-12-31,0.09269616372821951,1.0,1.0
1992-01-02,0.02913537956278126,1.0,1.0
1992-01-03,0.014432342888263092,1.0,1.0
1992-01-06,0.008592122506286106,1.0,1.0
1992-01-07,0.007128057799150897,1.0,1.0
1992-01-08,0.007268238088850319,1.0,1.0
1992-01-09,0.006928284810502496,1.0,1.0
1992-01-10,0.009886107382230369,1.0,1.0
1992-01-13,0.00771276980227759,1.0,1.0
1992-01-14,0.022648953246151227,1.0,1.0
1992-01-15,0.011003620314683446,1.0,1.0
1992-01-16,0.01121045383564054,1.0,1.0
1992-01-17,0.007759032718510076,1.0,1.0
1992-01-20,0.010525917600353799,1.0,1.0
1992-01-21,0.02409862053459469,1.0,1.0
1992-01-22,0.04050593281369087,1.0,1.0
1992-01-23,0.018385518353385765,1.0,1.0
1992-01-24,0.009536477956150233,1.0,1.0
1992-01-27,0.007651111105211173,1.0,1.0
1992-01-28,0.006928009966099294,1.0,1.0
1992-01-29,0.016971696181021647,1.0,1.0
1992-01-30,0.010086009111820914,1.0,1.0
1992-01-31,0.009855013658193388,1.0,1.0
1992-02-03,0.007603991141331915,1.0,1.0
1992-02-04,0.013470067601256259,1.0,1.0
1992-02-05,0.008480295501610686,1.0,1.0
1992-02-06,0.007104478024032524,1.0,1.0
1992-02-07,0.008460184363195776,1.0,1.0
1992-02-10,0.007299396522714612,1.0,1.0
1992-02-11,0.006237542890510414,1.0,1.0
1992-02-12,0.010225936044264866,1.0,1.0
1992-02-13,0.012900784402770172,1.0,1.0
1992-02-14,0.007930303772924413,1.0,1.0
1992-02-18,0.022460594793189667,1.0,1.0
1992-02-19,0.009444895665157655,1.0,1.0
1992-02-20,0.021114262458053135,1.0,1.0
1992-02-21,0.011967779218203384,1.0,1.0
1992-02-24,0.00727783737600643,1.0,1.0
1992-02-25,0.007629296361113672,1.0,1.0
1992-02-26,0.01692363674595704,1.0,1.0
1992-02-27,0.00849400497110475,1.0,1.0
1992-02-28,0.007086645250852405,1.0,1.0
1992-03-02,0.0061841309104736,1.0,1.0
1992-03-03,0.006001538966598565,1.0,1.0
1992-03-04,0.009972164877027853,1.0,1.0
1992-03-05,0.01376295895555734,1.0,1.0
1992-03-06,0.010335383959905102,1.0,1.0
1992-03-09,0.006893624210665548,1.0,1.0
1992-03-10,0.007375867595394979,1.0,1.0
1992-03-11,0.01031643255745158,1.0,1.0
1992-03-12,0.0070697212950574006,1.0,1.0
1992-03-13,0.0068900923493712555,1.0,1.0
1992-03-16,0.006144952606454607,1.0,1.0
1992-03-17,0.00854541878147928,1.0,1.0
1992-03-18,0.0065250577942799984,1.0,1.0
1992-03-19,0.006114964052246204,1.0,1.0
1992-03-20,0.006039361654612108,1.0,1.0
1992-03-23,0.006601259201188281,1.0,1.0
1992-03-24,0.006692741224849898,1.0,1.0
1992-03-25,0.006334220411542924,1.0,1.0
1992-03-26,0.006179056877511919,1.0,1.0
1992-03-27,0.017213811452878456,1.0,1.0
1992-03-30,0.008817792576618461,1.0,1.0
1992-03-31,0.006555360280177802,1.0,1.0
1992-04-01,0.006082810937517943,1.0,1.0
1992-04-02,0.014668091654634436,1.0,1.0
1992-04-03,0.007790747972323048,1.0,1.0
1992-04-06,0.01105790575726893,1.0,1.0
1992-04-07,0.1101096074737219,1.0,1.0
1992-04-08,0.0779197507527358,1.0,1.0
1992-04-09,0.13211277462346574,1.0,1.0
1992-04-10,0.04738622415231635,1.0,1.0
1992-04-13,0.01650416476337831,1.0,1.0
1992-04-14,0.03186546867964245,1.0,1.0
1992-04-15,0.017735033978400275,1.0,1.0
1992-04-16,0.009353037052703605,1.0,1.0
1992-04-20,0.047381313147144076,1.0,1.0
1992-04-21,0.015186631156589527,1.0,1.0
1992-04-22,0.007899681934175702,1.0,1.0
1992-04-23,0.006467052762125117,1.0,1.0
1992-04-24,0.007882186562832122,1.0,1.0
1992-04-27,0.006777800595374608,1.0,1.0
1992-04-28,0.006240147983606951,1.0,1.0
1992-04-29,0.009057142358082785,1.0,1.0
1992-04-30,0.011075559812749892,1.0,1.0
1992-05-01,0.008666543070915668,1.0,1.0
1992-05-04,0.01327928303547834,1.0,1.0
1992-05-05,0.007521305989922647,1.0,1.0
1992-05-06,0.0062761013369802676,1.0,1.0
1992-05-07,0.006339231074091709,1.0,1.0
1992-05-08,0.006072985291179872,1.0,1.0
1992-05-11,0.006965655914037487,1.0,1.0
1992-05-12,0.007944527021268204,1.0,1.0
1992-05-13,0.006430805873263291,1.0,1.0
1992-05-14,0.011105213727063332,1.0,1.0
1992-05-15,0.009875570423933609,1.0,1.0
1992-05-18,0.00783225571305366,1.0,1.0
1992-05-19,0.008857499049911786,1.0,1.0
1992-05-20,0.006635622987799079,1.0,1.0
1992-05-21,0.008944959936530801,1.0,1.0
1992-05-22,0.006782223746035313,1.0,1.0
1992-05-26,0.009746351234811655,1.0,1.0
1992-05-27,0.006842272830678497,1.0,1.0
1992-05-28,0.010305440287521301,1.0,1.0
1992-05-29,0.006869689457240515,1.0,1.0
1992-06-01,0.006884624972910152,1.0,1.0
1992-06-02,0.008922680763563938,1.0,1.0
1992-06-03,0.006590033999220617,1.0,1.0
1992-06-04,0.006934295618145628,1.0,1.0
1992-06-05,0.006258097658532959,1.0,1.0
1992-06-08,0.006262656586535622,1.0,1.0
1992-06-09,0.011853570493188347,1.0,1.0
1992-06-10,0.011702939580788715,1.0,1.0
1992-06-11,0.00724085809850664,1.0,1.0
1992-06-12,0.006377863281600176,1.0,1.0
1992-06-15,0.006072096933247692,1.0,1.0
1992-06-16,0.007637529527873692,1.0,1.0
1992-06-17,0.04833782696709228,1.0,1.0
1992-06-18,0.01813281513176747,1.0,1.0
1992-06-19,0.011077596123630715,1.0,1.0
1992-06-22,0.007675027400265989,1.0,1.0
1992-06-23,0.006553330522366283,1.0,1.0
1992-06-24,0.006262826127995724,1.0,1.0
1992-06-25,0.006286809848344713,1.0,1.0
1992-06-26,0.006016192402008986,1.0,1.0
1992-06-29,0.021638897767413654,1.0,1.0
1992-06-30,0.009263395034103311,1.0,1.0
1992-07-01,0.014159991047920584,1.0,1.0
1992-07-02,0.008520164946762816,1.0,1.0
1992-07-06,0.006995912559859193,1.0,1.0
1992-07-07,0.016195528392864183,1.0,1.0
1992-07-08,0.008135610208622638,1.0,1.0
1992-07-09,0.011970290320108991,1.0,1.0
1992-07-10,0.007282835489840882,1.0,1.0
1992-07-13,0.006263974074930697,1.0,1.0
1992-07-14,0.007642995053059573,1.0,1.0
1992-07-15,0.006476348649123752,1.0,1.0
1992-07-16,0.006055827131672804,1.0,1.0
1992-07-17,0.007916870056222547,1.0,1.0
1992-07-20,0.008055893172677506,1.0,1.0
1992-07-21,0.006435443009944914,1.0,1.0
1992-07-22,0.009404861619591743,1.0,1.0
1992-07-23,0.006820467793072343,1.0,1.0
1992-07-24,0.006194780927405269,1.0,1.0
1992-07-27,0.006000585281221487,1.0,1.0
1992-07-28,0.019993666507416574,1.0,1.0
1992-07-29,0.018903788302851377,1.0,1.0
1992-07-30,0.009292927461388411,1.0,1.0
1992-07-31,0.006684580521065093,1.0,1.0
1992-08-03,0.0062419202571991125,1.0,1.0
1992-08-04,0.006159425474942552,1.0,1.0
1992-08-05,0.007871321557951668,1.0,1.0
1992-08-06,0.007284884703841137,1.0,1.0
1992-08-07,0.004244880063424889,1.0,1.0
1992-08-10,0.003858893776431617,1.0,1.0
1992-08-11,0.0038749134242751218,1.0,1.0
1992-08-12,0.004187257597609884,1.0,1.0
1992-08-13,0.0038383801585569802,1.0,1.0
1992-08-14,0.004346993720391153,1.0,1.0
1992-08-17,0.003930581964512904,1.0,1.0
1992-08-18,0.003776385659061836,1.0,1.0
1992-08-19,0.00562380320599293,1.0,1.0
1992-08-20,0.004234723445013003,1.0,1.0
1992-08-21,0.006544868134581987,1.0,1.0
1992-08-24,0.01402253311309294,1.0,1.0
1992-08-25,0.00630107895359362,1.0,1.0
1992-08-26,0.005057965151759067,1.0,1.0
1992-08-27,0.0041388818533551735,1.0,1.0
1992-08-28,0.003915487813403486,1.0,1.0
1992-08-31,0.0038775203779505742,1.0,1.0
1992-09-01,0.004246022064430281,1.0,1.0
1992-09-02,0.004560344647623434,1.0,1.0
1992-09-03,0.00393849573643359,1.0,1.0
1992-09-04,0.003997702104942813,1.0,1.0
1992-09-08,0.0052901068992104415,1.0,1.0
1992-09-09,0.00453508753353251,1.0,1.0
1992-09-10,0.006287473783505408,1.0,1.0
1992-09-11,0.0043621143081994836,1.0,1.0
1992-09-14,0.015730087936584196,1.0,1.0
1992-09-15,0.0200709953258327,1.0,1.0
1992-09-16,0.007949860900328364,1.0,1.0
1992-09-17,0.00478523530049741,1.0,1.0
1992-09-18,0.004719239452916435,1.0,1.0
1992-09-21,0.004060315813209301,1.0,1.0
1992-09-22,0.0098882482585862,1.0,1.0
1992-09-23,0.005294479622926806,1.0,1.0
1992-09-24,0.004441947259779923,1.0,1.0
1992-09-25,0.009960407896365011,1.0,1.0
1992-09-28,0.0055508013260230455,1.0,1.0
1992-09-29,0.004182802083462251,1.0,1.0
1992-09-30,0.004163763548230574,1.0,1.0
1992-10-01,0.004666192998912827,1.0,1.0
1992-10-02,0.016275241491211328,1.0,1.0
1992-10-05,0.012626912772901257,1.0,1.0
1992-10-06,0.005998019201494784,1.0,1.0
1992-10-07,0.00575122078798298,1.0,1.0
1992-10-08,0.006610803116564374,1.0,1.0
1992-10-09,0.011938152086131491,1.0,1.0
1992-10-12,0.010669795360505682,1.0,1.0
1992-10-13,0.006281495627598324,1.0,1.0
1992-10-14,0.004364575346649184,1.0,1.0
1992-10-15,0.003884525016250526,1.0,1.0
1992-10-16,0.004247989796362319,1.0,1.0
1992-10-19,0.006934152557732386,1.0,1.0
1992-10-20,0.004559427683645947,1.0,1.0
1992-10-21,0.00396890265443228,1.0,1.0
1992-10-22,0.003943034738071106,1.0,1.0
1992-10-23,0.003884572583501981,1.0,1.0
1992-10-26,0.005955828431204747,1.0,1.0
1992-10-27,0.004280924102592314,1.0,1.0
1992-10-28,0.004444462154561044,1.0,1.0
1992-10-29,0.004056062366799511,1.0,1.0
1992-10-30,0.004262634588293276,1.0,1.0
1992-11-02,0.0058919109722578526,1.0,1.0
1992-11-03,0.005457666203943857,1.0,1.0
1992-11-04,0.005183484013941152,1.0,1.0
1992-11-05,0.004584990147645817,1.0,1.0
1992-11-06,0.003938935264024562,1.0,1.0
1992-11-09,0.0040385780019303015,1.0,1.0
1992-11-10,0.0038379203477795928,1.0,1.0
1992-11-11,0.006318742913807004,1.0,1.0
1992-11-12,0.004370315653940258,1.0,1.0
1992-11-13,0.003893496577335716,1.0,1.0
1992-11-16,0.004243047562867335,1.0,1.0
1992-11-17,0.004550031038762942,1.0,1.0
1992-11-18,0.006143564429297787,1.0,1.0
1992-11-19,0.004426936154689023,1.0,1.0
1992-11-20,0.005292489098393722,1.0,1.0
1992-11-23,0.004503998121948143,1.0,1.0
1992-11-24,0.004940678073498351,1.0,1.0
1992-11-25,0.004439067010827236,1.0,1.0
1992-11-27,0.004003181971002456,1.0,1.0
1992-11-30,0.004037298337960681,1.0,1.0
1992-12-01,0.0038426136488804016,1.0,1.0
1992-12-02,0.003972437235514255,1.0,1.0
1992-12-03,0.003784068958587245,1.0,1.0
1992-12-04,0.004392391727857401,1.0,1.0
1992-12-07,0.005083347539630372,1.0,1.0
1992-12-08,0.0042866745852128026,1.0,1.0
1992-12-09,0.0042527430347421465,1.0,1.0
1992-12-10,0.004317473200381326,1.0,1.0
1992-12-11,0.004019200233036582,1.0,1.0
1992-12-14,0.003956083132960672,1.0,1.0
1992-12-15,0.003954332980492907,1.0,1.0
1992-12-16,0.004371947436463374,1.0,1.0
1992-12-17,0.006627196043684575,1.0,1.0
1992-12-18,0.01047965814888016,1.0,1.0
1992-12-21,0.0054928994978527615,1.0,1.0
1992-12-22,0.004209345567330289,1.0,1.0
1992-12-23,0.003977741293998773,1.0,1.0
1992-12-24,0.003837381223972787,1.0,1.0
1992-12-28,0.003792295104965557,1.0,1.0
1992-12-29,0.00377414196710799,1.0,1.0
1992-12-30,0.0037942121881018817,1.0,1.0
1992-12-31,0.0039121904123308815,1.0,1.0
1993-01-04,0.004173454584036587,1.0,1.0
1993-01-05,0.004026463223112638,1.0,1.0
1993-01-06,0.0038173174564332395,1.0,1.0
1993-01-07,0.006452185645760825,1.0,1.0
1993-01-08,0.0052002749409502235,1.0,1.0
1993-01-11,0.004510398687971243,1.0,1.0
1993-01-12,0.003928481179127999,1.0,1.0
1993-01-13,0.004403334455094129,1.0,1.0
1993-01-14,0.005562084081214139,1.0,1.0
1993-01-15,0.004492111925249253,1.0,1.0
1993-01-18,0.003920580380137696,1.0,1.0
1993-01-19,0.004108062548745305,1.0,1.0
1993-01-20,0.004158889170578031,1.0,1.0
1993-01-21,0.004273075480516263,1.0,1.0
1993-01-22,0.0039724834445375124,1.0,1.0
1993-01-25,0.005467248437539565,1.0,1.0
1993-01-26,0.004161186941077592,1.0,1.0
1993-01-27,0.005089149525893833,1.0,1.0
1993-01-28,0.004081951529469615,1.0,1.0
1993-01-29,0.003819112249457203,1.0,1.0
1993-02-01,0.006076698951765808,1.0,1.0
1993-02-02,0.004331017394672448,1.0,1.0
1993-02-03,0.007267172382134544,1.0,1.0
1993-02-04,0.005576647433213311,1.0,1.0
1993-02-05,0.0044976390452656076,1.0,1.0
1993-02-08,0.003957032690615441,1.0,1.0
1993-02-09,0.0055189700710635,1.0,1.0
1993-02-10,0.004067766776535701,1.0,1.0
1993-02-11,0.003812952547571824,1.0,1.0
1993-02-12,0.005154541697454283,1.0,1.0
1993-02-16,0.7066864726812372,0.0,1.0
1993-02-17,0.3644964884160018,0.0,1.0
1993-02-18,0.1271234563860695,1.0,1.0
1993-02-19,0.041899790753347245,1.0,1.0
1993-02-22,0.014082710224631353,1.0,1.0
1993-02-23,0.006274112874862122,1.0,1.0
1993-02-24,0.02006258383873535,1.0,1.0
1993-02-25,0.008694598467715567,1.0,1.0
1993-02-26,0.005044959045441876,1.0,1.0
1993-03-01,0.0039967421361929625,1.0,1.0
1993-03-02,0.010491787808316399,1.0,1.0
1993-03-03,0.0061959327758824905,1.0,1.0
1993-03-04,0.004995518264010507,1.0,1.0
1993-03-05,0.0040258632532765995,1.0,1.0
1993-03-08,0.02481645297153793,1.0,1.0
1993-03-09,0.009023176664163721,1.0,1.0
1993-03-10,0.005750838349546699,1.0,1.0
1993-03-11,0.004715386470425146,1.0,1.0
1993-03-12,0.006270915619784208,1.0,1.0
1993-03-15,0.0044272929073448375,1.0,1.0
1993-03-16,0.0037477626688069,1.0,1.0
1993-03-17,0.005938263548607055,1.0,1.0
1993-03-18,0.005538884279158979,1.0,1.0
1993-03-19,0.005129913285835836,1.0,1.0
1993-03-22,0.004704454809301705,1.0,1.0
1993-03-23,0.0038265232551846977,1.0,1.0
1993-03-24,0.003699400686612693,1.0,1.0
1993-03-25,0.004862243948981622,1.0,1.0
1993-03-26,0.0044823103732523776,1.0,1.0
1993-03-29,0.004229866677484663,1.0,1.0
1993-03-30,0.004031471454077575,1.0,1.0
1993-03-31,0.003641303855288046,1.0,1.0
1993-04-01,0.004085911873470782,1.0,1.0
1993-04-02,0.11822372458006096,1.0,1.0
1993-04-05,0.03524952269136002,1.0,1.0
1993-04-06,0.01431644265344561,1.0,1.0
1993-04-07,0.006625032178644212,1.0,1.0
1993-04-08,0.004557057511176803,1.0,1.0
1993-04-12,0.013282059005876336,1.0,1.0
1993-04-13,0.006398490440743956,1.0,1.0
1993-04-14,0.004266552419688227,1.0,1.0
1993-04-15,0.003816663617072534,1.0,1.0
1993-04-16,0.0035695921571662135,1.0,1.0
1993-04-19,0.004064540291115426,1.0,1.0
1993-04-20,0.004777995782606349,1.0,1.0
1993-04-21,0.003967623479467191,1.0,1.0
1993-04-22,0.006113224945386302,1.0,1.0
1993-04-23,0.00587819991347929,1.0,1.0
1993-04-26,0.010967668604230877,1.0,1.0
1993-04-27,0.010008962822772225,1.0,1.0
1993-04-28,0.005177100516965214,1.0,1.0
1993-04-29,0.003968829698633657,1.0,1.0
1993-04-30,0.003935718178724076,1.0,1.0
1993-05-03,0.004456223462066159,1.0,1.0
1993-05-04,0.004703174742275983,1.0,1.0
1993-05-05,0.004001524861177456,1.0,1.0
1993-05-06,0.004029619056796592,1.0,1.0
1993-05-07,0.003727847891216914,1.0,1.0
1993-05-10,0.003599634054258471,1.0,1.0
1993-05-11,0.003735799727154993,1.0,1.0
1993-05-12,0.0035453000087430934,1.0,1.0
1993-05-13,0.011793134708163212,1.0,1.0
1993-05-14,0.005645846282209096,1.0,1.0
1993-05-17,0.004059055139043742,1.0,1.0
1993-05-18,0.0036198597347551443,1.0,1.0
1993-05-19,0.01847084687470213,1.0,1.0
1993-05-20,0.010221702051826327,1.0,1.0
1993-05-21,0.009743943752094513,1.0,1.0
1993-05-24,0.005328868541559635,1.0,1.0
1993-05-25,0.004090586598015071,1.0,1.0
1993-05-26,0.007720473815386844,1.0,1.0
1993-05-27,0.004739275911666179,1.0,1.0
1993-05-28,0.004512320121624507,1.0,1.0
1993-06-01,0.0056259835765742425,1.0,1.0
1993-06-02,0.004022053510473845,1.0,1.0
1993-06-03,0.003827696913621866,1.0,1.0
1993-06-04,0.004993589573660393,1.0,1.0
1993-06-07,0.006148784273491567,1.0,1.0
1993-06-08,0.007256097956478286,1.0,1.0
1993-06-09,0.004604396178470837,1.0,1.0
1993-06-10,0.003867717890422413,1.0,1.0
1993-06-11,0.003929291451476619,1.0,1.0
1993-06-14,0.003604317637254522,1.0,1.0
1993-06-15,0.0036402091293884628,1.0,1.0
1993-06-16,0.0035462688633533575,1.0,1.0
1993-06-17,0.0035710850084705527,1.0,1.0
1993-06-18,0.007763170707136255,1.0,1.0
1993-06-21,0.004975570713346259,1.0,1.0
1993-06-22,0.00393209750865654,1.0,1.0
1993-06-23,0.004404627021156213,1.0,1.0
1993-06-24,0.005165072659889903,1.0,1.0
1993-06-25,0.0041840453852056,1.0,1.0
1993-06-28,0.008575616575886484,1.0,1.0
1993-06-29,0.005092061646456589,1.0,1.0
1993-06-30,0.0039042096309210065,1.0,1.0
1993-07-01,0.0038128857665895607,1.0,1.0
1993-07-02,0.004521007011586534,1.0,1.0
1993-07-06,0.0068069074638335315,1.0,1.0
1993-07-07,0.0043472733596543345,1.0,1.0
1993-07-08,0.00825057949951876,1.0,1.0
1993-07-09,0.004697652211290634,1.0,1.0
1993-07-12,0.003820145972211585,1.0,1.0
1993-07-13,0.0035971859768992136,1.0,1.0
1993-07-14,0.003946913119889718,1.0,1.0
1993-07-15,0.003774857987309301,1.0,1.0
1993-07-16,0.00587240460829677,1.0,1.0
1993-07-19,0.004202752026409672,1.0,1.0
1993-07-20,0.0038044887605467813,1.0,1.0
1993-07-21,0.003625605794213076,1.0,1.0
1993-07-22,0.004869169267111339,1.0,1.0
1993-07-23,0.004431663989425084,1.0,1.0
1993-07-26,0.004537418113518063,1.0,1.0
1993-07-27,0.004024145507140785,1.0,1.0
1993-07-28,0.0036573630199698893,1.0,1.0
1993-07-29,0.004295062193687826,1.0,1.0
1993-07-30,0.004311867557705045,1.0,1.0
1993-08-02,0.0040780644245025765,1.0,1.0
1993-08-03,0.0036458624567776276,1.0,1.0
1993-08-04,0.0035256527333460044,1.0,1.0
1993-08-05,0.0035279036751131834,1.0,1.0
1993-08-06,0.00337572155176889,1.0,1.0
1993-08-09,0.0038456800527771878,1.0,1.0
1993-08-10,0.003614473916693394,1.0,1.0
1993-08-11,0.0034316466116131434,1.0,1.0
1993-08-12,0.003757875338646513,1.0,1.0
1993-08-13,0.0034811033019221645,1.0,1.0
1993-08-16,0.003991766356368167,1.0,1.0
1993-08-17,0.003701153175237513,1.0,1.0
1993-08-18,0.004300245067190313,1.0,1.0
1993-08-19,0.0035919212116408725,1.0,1.0
1993-08-20,0.003411732484235247,1.0,1.0
1993-08-23,0.0034723465300701122,1.0,1.0
1993-08-24,0.006042371459358287,1.0,1.0
1993-08-25,0.004036481949233654,1.0,1.0
1993-08-26,0.0035165712842980005,1.0,1.0
1993-08-27,0.0034392488757803296,1.0,1.0
1993-08-30,0.003520927036690439,1.0,1.0
1993-08-31,0.003836404694278988,1.0,1.0
1993-09-01,0.0034670872751422434,1.0,1.0
1993-09-02,0.003587739698582197,1.0,1.0
1993-09-03,0.0034002939280102598,1.0,1.0
1993-09-07,0.005911773127832425,1.0,1.0
1993-09-08,0.006262738022833053,1.0,1.0
1993-09-09,0.004449633531145606,1.0,1.0
1993-09-10,0.006402762057486298,1.0,1.0
1993-09-13,0.004137246118236312,1.0,1.0
1993-09-14,0.00499244716508108,1.0,1.0
1993-09-15,0.004029656769388717,1.0,1.0
1993-09-16,0.0038391592725445203,1.0,1.0
1993-09-17,0.003532804187013555,1.0,1.0
1993-09-20,0.004825406605440991,1.0,1.0
1993-09-21,0.005483956916227247,1.0,1.0
1993-09-22,0.006596224859491013,1.0,1.0
1993-09-23,0.004836688936498237,1.0,1.0
1993-09-24,0.0037234708985461225,1.0,1.0
1993-09-27,0.005457316937497748,1.0,1.0
1993-09-28,0.0038836907298908014,1.0,1.0
1993-09-29,0.0036691571455570583,1.0,1.0
1993-09-30,0.0034973812152120387,1.0,1.0
1993-10-01,0.003598727900440958,1.0,1.0
1993-10-04,0.003403380377926312,1.0,1.0
1993-10-05,0.0033942743985251457,1.0,1.0
1993-10-06,0.0033851795577250553,1.0,1.0
1993-10-07,0.0037681897758448366,1.0,1.0
1993-10-08,0.0034716341841437093,1.0,1.0
1993-10-11,0.00342069498346701,1.0,1.0
1993-10-12,0.0034431890996564646,1.0,1.0
1993-10-13,0.003421291248295694,1.0,1.0
1993-10-14,0.006194352690297176,1.0,1.0
1993-10-15,0.00471621748035322,1.0,1.0
1993-10-18,0.004182173572554748,1.0,1.0
1993-10-19,0.006637094955728207,1.0,1.0
1993-10-20,0.004321343135943292,1.0,1.0
1993-10-21,0.0036421975381646914,1.0,1.0
1993-10-22,0.003729850081800508,1.0,1.0
1993-10-25,0.003439541572731565,1.0,1.0
1993-10-26,0.0035051289530706026,1.0,1.0
1993-10-27,0.0034873556728280066,1.0,1.0
1993-10-28,0.004089491308418448,1.0,1.0
1993-10-29,0.003643136938530881,1.0,1.0
1993-11-01,0.0035620817135441885,1.0,1.0
1993-11-02,0.003459845612762332,1.0,1.0
1993-11-03,0.015136232388191923,1.0,1.0
1993-11-04,0.035035165024674825,1.0,1.0
1993-11-05,0.013413379026521675,1.0,1.0
1993-11-08,0.006186737600525334,1.0,1.0
1993-11-09,0.00412442890417348,1.0,1.0
1993-11-10,0.004789325758033251,1.0,1.0
1993-11-11,0.0037649619343276077,1.0,1.0
1993-11-12,0.003961170578829889,1.0,1.0
1993-11-15,0.004267193837526833,1.0,1.0
1993-11-16,0.003909621116501563,1.0,1.0
1993-11-17,0.004805452278504074,1.0,1.0
1993-11-18,0.004425216961872657,1.0,1.0
1993-11-19,0.004044858769322421,1.0,1.0
1993-11-22,0.010808544744827142,1.0,1.0
1993-11-23,0.006441348099700251,1.0,1.0
1993-11-24,0.004860609731533792,1.0,1.0
1993-11-26,0.003848875005612538,1.0,1.0
1993-11-29,0.003659666577723796,1.0,1.0
1993-11-30,0.0034768289296365574,1.0,1.0
1993-12-01,0.003576545479451832,1.0,1.0
1993-12-02,0.003484462241328943,1.0,1.0
1993-12-03,0.0037311647402832075,1.0,1.0
1993-12-06,0.003599868951680872,1.0,1.0
1993-12-07,0.003407966947725827,1.0,1.0
1993-12-08,0.0034027985965515467,1.0,1.0
1993-12-09,0.004125817920547044,1.0,1.0
1993-12-10,0.0035831981937480568,1.0,1.0
1993-12-13,0.003449934488904937,1.0,1.0
1993-12-14,0.00490403873025647,1.0,1.0
1993-12-15,0.0039831219764171425,1.0,1.0
1993-12-16,0.003603141566759499,1.0,1.0
1993-12-17,0.004607289395773733,1.0,1.0
1993-12-20,0.0037258634447341595,1.0,1.0
1993-12-21,0.0037134051722092815,1.0,1.0
1993-12-22,0.0035950654848925846,1.0,1.0
1993-12-23,0.003421501886249933,1.0,1.0
1993-12-27,0.004247578270908257,1.0,1.0
1993-12-28,0.003662258902233092,1.0,1.0
1993-12-29,0.0034244771772155387,1.0,1.0
1993-12-30,0.0036485103380516745,1.0,1.0
1993-12-31,0.0034826008629601484,1.0,1.0
1994-01-03,0.00418687650957271,1.0,1.0
1994-01-04,0.003657304081715437,1.0,1.0
1994-01-05,0.0034863481646872454,1.0,1.0
1994-01-06,0.003423331994062834,1.0,1.0
1994-01-07,0.003915189253607084,1.0,1.0
1994-01-10,0.006246861063748913,1.0,1.0
1994-01-11,0.004262053757564787,1.0,1.0
1994-01-12,0.0035771592391303114,1.0,1.0
1994-01-13,0.0035559777597191956,1.0,1.0
1994-01-14,0.003926691238884548,1.0,1.0
1994-01-17,0.003789399796974056,1.0,1.0
1994-01-18,0.003457365389818881,1.0,1.0
1994-01-19,0.0034237020097440314,1.0,1.0
1994-01-20,0.00342482426418702,1.0,1.0
1994-01-21,0.0033931493606937954,1.0,1.0
1994-01-24,0.004270932912436718,1.0,1.0
1994-01-25,0.003907253141118367,1.0,1.0
1994-01-26,0.003875065843260456,1.0,1.0
1994-01-27,0.005450476565873629,1.0,1.0
1994-01-28,0.004345627118355566,1.0,1.0
1994-01-31,0.0044695110138563456,1.0,1.0
1994-02-01,0.004008819133640534,1.0,1.0
1994-02-02,0.003953411786144925,1.0,1.0
1994-02-03,0.0036975476534587383,1.0,1.0
1994-02-04,0.3946407561595248,0.0,1.0
1994-02-07,0.1473858914194927,1.0,1.0
1994-02-08,0.044792285567480015,1.0,1.0
1994-02-09,0.016416714595983452,1.0,1.0
1994-02-10,0.01106407910450621,1.0,1.0
1994-02-11,0.0053382507952561345,1.0,1.0
1994-02-14,0.0038274949941084595,1.0,1.0
1994-02-15,0.003983640070036936,1.0,1.0
1994-02-16,0.003465680675996082,1.0,1.0
1994-02-17,0.0042894373604941876,1.0,1.0
1994-02-18,0.004657930625606773,1.0,1.0
1994-02-22,0.004887626413622632,1.0,1.0
1994-02-23,0.003847443932447091,1.0,1.0
1994-02-24,0.016713397673992887,1.0,1.0
1994-02-25,0.007396731139538304,1.0,1.0
1994-02-28,0.004752046335508143,1.0,1.0
1994-03-01,0.005021433172775257,1.0,1.0
1994-03-02,0.003869672449384305,1.0,1.0
1994-03-03,0.003741532717418495,1.0,1.0
1994-03-04,0.00392838703954142,1.0,1.0
1994-03-07,0.0043254050249602995,1.0,1.0
1994-03-08,0.0038502691485430007,1.0,1.0
1994-03-09,0.0034589483414124733,1.0,1.0
1994-03-10,0.00512230141966038,1.0,1.0
1994-03-11,0.004284959302590364,1.0,1.0
1994-03-14,0.0037137540150376284,1.0,1.0
1994-03-15,0.003398041416163933,1.0,1.0
1994-03-16,0.00415143258517351,1.0,1.0
1994-03-17,0.0036927254535565166,1.0,1.0
1994-03-18,0.0033894565633320168,1.0,1.0
1994-03-21,0.004438165908594314,1.0,1.0
1994-03-22,0.0035861226270670144,1.0,1.0
1994-03-23,0.0033645777923278692,1.0,1.0
1994-03-24,0.00900319955855721,1.0,1.0
1994-03-25,0.007359032594146435,1.0,1.0
1994-03-28,0.005659263883094765,1.0,1.0
1994-03-29,0.08880580310343726,1.0,1.0
1994-03-30,0.21998883645368295,1.0,1.0
1994-03-31,0.0712939786005311,1.0,1.0
1994-04-04,0.21416854544123226,1.0,1.0
1994-04-05,0.9070729069259394,0.0,1.0
1994-04-06,0.5551713054386966,0.0,1.0
1994-04-07,0.2746540820423332,0.0,1.0
1994-04-08,0.16539243903739304,1.0,1.0
1994-04-11,0.05378058184917921,1.0,1.0
1994-04-12,0.023583015748376096,1.0,1.0
1994-04-13,0.01313576436770584,1.0,1.0
1994-04-14,0.005880190662989835,1.0,1.0
1994-04-15,0.003966882958008874,1.0,1.0
1994-04-18,0.007106516579331026,1.0,1.0
1994-04-19,0.004721009886445068,1.0,1.0
1994-04-20,0.004540999310826339,1.0,1.0
1994-04-21,0.02199973210111052,1.0,1.0
1994-04-22,0.008339578645728514,1.0,1.0
1994-04-25,0.010289732408217265,1.0,1.0
1994-04-26,0.005124891751528022,1.0,1.0
1994-04-28,0.005389618520036129,1.0,1.0
1994-04-29,0.00445989768735173,1.0,1.0
1994-05-02,0.004274435593372931,1.0,1.0
1994-05-03,0.0035593951847569883,1.0,1.0
1994-05-04,0.003499178632267265,1.0,1.0
1994-05-05,0.0034224420845621988,1.0,1.0
1994-05-06,0.007945450022383534,1.0,1.0
1994-05-09,0.02135574992348914,1.0,1.0
1994-05-10,0.010387827970561238,1.0,1.0
1994-05-11,0.016387464102358192,1.0,1.0
1994-05-12,0.00734314681677654,1.0,1.0
1994-05-13,0.004349525774010603,1.0,1.0
1994-05-16,0.0037301846839919066,1.0,1.0
1994-05-17,0.005667031575953369,1.0,1.0
1994-05-18,0.011292844708840859,1.0,1.0
1994-05-19,0.007082407500146659,1.0,1.0
1994-05-20,0.004659771253991636,1.0,1.0
1994-05-23,0.004203582791673095,1.0,1.0
1994-05-24,0.0039071668725966634,1.0,1.0
1994-05-25,0.003581492907775283,1.0,1.0
1994-05-26,0.003394232256908149,1.0,1.0
1994-05-27,0.003311352914961531,1.0,1.0
1994-05-31,0.0034453380740171917,1.0,1.0
1994-06-01,0.003455757984170572,1.0,1.0
1994-06-02,0.0033491734384240653,1.0,1.0
1994-06-03,0.0038379854464881177,1.0,1.0
1994-06-06,0.0034400317691247835,1.0,1.0
1994-06-07,0.0036397028978515144,1.0,1.0
1994-06-08,0.004306709422149384,1.0,1.0
1994-06-09,0.0035561706222764985,1.0,1.0
1994-06-10,0.003460917990224342,1.0,1.0
1994-06-13,0.003328152074132524,1.0,1.0
1994-06-14,0.004166722693960734,1.0,1.0
1994-06-15,0.00399747615359909,1.0,1.0
1994-06-16,0.003546663540606246,1.0,1.0
1994-06-17,0.005819331396868926,1.0,1.0
1994-06-20,0.009788842666240251,1.0,1.0
1994-06-21,0.012823643921151135,1.0,1.0
1994-06-22,0.00624451075243462,1.0,1.0
1994-06-23,0.009371024450520037,1.0,1.0
1994-06-24,0.03530833566115402,1.0,1.0
1994-06-27,0.021993330227424675,1.0,1.0
1994-06-28,0.008969030160438549,1.0,1.0
1994-06-29,0.00517445969046457,1.0,1.0
1994-06-30,0.0051181442309578455,1.0,1.0
1994-07-01,0.004226476815437128,1.0,1.0
1994-07-05,0.0035643612188802683,1.0,1.0
1994-07-06,0.0033891478965609504,1.0,1.0
1994-07-07,0.003909511613952131,1.0,1.0
1994-07-08,0.0034881203286832385,1.0,1.0
1994-07-11,0.003769542039149669,1.0,1.0
1994-07-12,0.0034090057634991837,1.0,1.0
1994-07-13,0.0036325808569227947,1.0,1.0
1994-07-14,0.0072893996899059356,1.0,1.0
1994-07-15,0.00433391470344623,1.0,1.0
1994-07-18,0.0036007068069023296,1.0,1.0
1994-07-19,0.003730107657365686,1.0,1.0
1994-07-20,0.004758029251658341,1.0,1.0
1994-07-21,0.0037215211878135076,1.0,1.0
1994-07-22,0.003397000239566808,1.0,1.0
1994-07-25,0.0033454276473272077,1.0,1.0
1994-07-26,0.0034693230016707983,1.0,1.0
1994-07-27,0.003648101675601232,1.0,1.0
1994-07-28,0.003474199386223056,1.0,1.0
1994-07-29,0.0068518135614299945,1.0,1.0
1994-08-01,0.005148004941235695,1.0,1.0
1994-08-02,0.003774663319934869,1.0,1.0
1994-08-03,0.0034196252756246454,1.0,1.0
1994-08-04,0.004543828138880351,1.0,1.0
1994-08-05,0.004380605347554567,1.0,1.0
1994-08-08,0.0037271702862735267,1.0,1.0
1994-08-09,0.0035050561017859532,1.0,1.0
1994-08-10,0.0042725401105040885,1.0,1.0
1994-08-11,0.00404635726871082,1.0,1.0
1994-08-12,0.004443732106520291,1.0,1.0
1994-08-15,0.00371763957564851,1.0,1.0
1994-08-16,0.004596052759451914,1.0,1.0
1994-08-17,0.0037592139294280505,1.0,1.0
1994-08-18,0.004159750017093891,1.0,1.0
1994-08-19,0.0036220946189380048,1.0,1.0
1994-08-22,0.0037314294397376904,1.0,1.0
1994-08-23,0.004344120196309753,1.0,1.0
1994-08-24,0.005368257854393141,1.0,1.0
1994-08-25,0.004000470869510147,1.0,1.0
1994-08-26,0.009113468558291073,1.0,1.0
1994-08-29,0.004927680402479757,1.0,1.0
1994-08-30,0.004096669267605759,1.0,1.0
1994-08-31,0.0036902782399524763,1.0,1.0
1994-09-01,0.00471511929077204,1.0,1.0
1994-09-02,0.004347192139676052,1.0,1.0
1994-09-06,0.003669024404118791,1.0,1.0
1994-09-07,0.0035180796439730207,1.0,1.0
1994-09-08,0.0039741751670275645,1.0,1.0
1994-09-09,0.009209338261212523,1.0,1.0
1994-09-12,0.0062928562937652035,1.0,1.0
1994-09-13,0.004367245479527563,1.0,1.0
1994-09-14,0.0037904224861577103,1.0,1.0
1994-09-15,0.010281076987796196,1.0,1.0
1994-09-16,0.007223393897012709,1.0,1.0
1994-09-19,0.004573912550798842,1.0,1.0
1994-09-20,0.031691129709688376,1.0,1.0
1994-09-21,0.015495299125514783,1.0,1.0
1994-09-22,0.0067192664050800995,1.0,1.0
1994-09-23,0.004977836640638306,1.0,1.0
1994-09-26,0.0038822024441299823,1.0,1.0
1994-09-27,0.0035634819485621254,1.0,1.0
1994-09-28,0.004454986678467791,1.0,1.0
1994-09-29,0.004442216752620858,1.0,1.0
1994-09-30,0.003752481592588005,1.0,1.0
1994-10-03,0.003923843804329795,1.0,1.0
1994-10-04,0.03297598894752766,1.0,1.0
1994-10-05,0.013471178925473882,1.0,1.0
1994-10-06,0.006551695474882495,1.0,1.0
1994-10-07,0.005491132294989906,1.0,1.0
1994-10-10,0.006091771887175609,1.0,1.0
1994-10-11,0.016139454846188128,1.0,1.0
1994-10-12,0.006742877872931082,1.0,1.0
1994-10-13,0.0045961649008414785,1.0,1.0
1994-10-14,0.0037592428536401654,1.0,1.0
1994-10-17,0.003581094244842586,1.0,1.0
1994-10-18,0.0037201978400177205,1.0,1.0
1994-10-19,0.00412641352913513,1.0,1.0
1994-10-20,0.006072835369085913,1.0,1.0
1994-10-21,0.005115885931634504,1.0,1.0
1994-10-24,0.007544259767388324,1.0,1.0
1994-10-25,0.004518259143939965,1.0,1.0
1994-10-26,0.003844204055364839,1.0,1.0
1994-10-27,0.004735125456383782,1.0,1.0
1994-10-28,0.02672096160692777,1.0,1.0
1994-10-31,0.010098663230471669,1.0,1.0
1994-11-01,0.010031861543676978,1.0,1.0
1994-11-02,0.005617110518978267,1.0,1.0
1994-11-03,0.0041066737944951215,1.0,1.0
1994-11-04,0.009296232408547773,1.0,1.0
1994-11-07,0.004991444956841197,1.0,1.0
1994-11-08,0.00454499148219258,1.0,1.0
1994-11-09,0.0038077701191613694,1.0,1.0
1994-11-10,0.00391453502552847,1.0,1.0
1994-11-11,0.004469297165844252,1.0,1.0
1994-11-14,0.005168953571072483,1.0,1.0
1994-11-15,0.003997474605309827,1.0,1.0
1994-11-16,0.0035827694943789488,1.0,1.0
1994-11-17,0.004535151855115571,1.0,1.0
1994-11-18,0.004758174905090383,1.0,1.0
1994-11-21,0.007138593050139626,1.0,1.0
1994-11-22,0.12377994297490615,1.0,1.0
1994-11-23,0.03837165029317638,1.0,1.0
1994-11-25,0.016590655667082836,1.0,1.0
1994-11-28,0.007325422094982291,1.0,1.0
1994-11-29,0.004557502152180267,1.0,1.0
1994-11-30,0.004008835625657274,1.0,1.0
1994-12-01,0.011485579825313303,1.0,1.0
1994-12-02,0.008049305252147605,1.0,1.0
1994-12-05,0.004611151747058833,1.0,1.0
1994-12-06,0.0039444066717439245,1.0,1.0
1994-12-07,0.005076596033596341,1.0,1.0
1994-12-08,0.03186052120340378,1.0,1.0
1994-12-09,0.010894864787878288,1.0,1.0
1994-12-12,0.0058727669339764706,1.0,1.0
1994-12-13,0.004136025503301343,1.0,1.0
1994-12-14,0.00839844848581165,1.0,1.0
1994-12-15,0.0050021172718203765,1.0,1.0
1994-12-16,0.004410708053988352,1.0,1.0
1994-12-19,0.003990028719993501,1.0,1.0
1994-12-20,0.0036411950154163417,1.0,1.0
1994-12-21,0.004617418629063183,1.0,1.0
1994-12-22,0.003777113418803983,1.0,1.0
1994-12-23,0.003589120583844369,1.0,1.0
1994-12-27,0.003995054610689792,1.0,1.0
1994-12-28,0.004453921410113468,1.0,1.0
1994-12-29,0.003827147572890435,1.0,1.0
1994-12-30,0.0036846159378423195,1.0,1.0
1995-01-03,0.0038796172501228397,1.0,1.0
1995-01-04,0.0037527117665059665,1.0,1.0
1995-01-05,0.0035614153158949413,1.0,1.0
1995-01-06,0.0034992440916700018,1.0,1.0
1995-01-09,0.003446076783845445,1.0,1.0
1995-01-10,0.0034848128638098096,1.0,1.0
1995-01-11,0.003530034612285931,1.0,1.0
1995-01-12,0.0034668815026790115,1.0,1.0
1995-01-13,0.006256558999235197,1.0,1.0
1995-01-16,0.006829669352854769,1.0,1.0
1995-01-17,0.004386225204445855,1.0,1.0
1995-01-18,0.0038495482928018695,1.0,1.0
1995-01-19,0.005224554513144,1.0,1.0
1995-01-20,0.005358158433789492,1.0,1.0
1995-01-23,0.003941024630225779,1.0,1.0
1995-01-24,0.0035841194763835908,1.0,1.0
1995-01-25,0.0035125088932233773,1.0,1.0
1995-01-26,0.003452928006058075,1.0,1.0
1995-01-27,0.0037753552616985988,1.0,1.0
1995-01-30,0.004553786267751727,1.0,1.0
1995-01-31,0.004084431015562411,1.0,1.0
1995-02-01,0.00361543214094839,1.0,1.0
1995-02-02,0.003974041750640566,1.0,1.0
1995-02-03,0.015532677192347948,1.0,1.0
1995-02-06,0.0085846560489552,1.0,1.0
1995-02-07,0.0050372121734251945,1.0,1.0
1995-02-08,0.0042181225550999,1.0,1.0
1995-02-09,0.004152880869593365,1.0,1.0
1995-02-10,0.004124100846256483,1.0,1.0
1995-02-13,0.004032160224862977,1.0,1.0
1995-02-14,0.004001618874354867,1.0,1.0
1995-02-15,0.004717043471654365,1.0,1.0
1995-02-16,0.004207207779332782,1.0,1.0
1995-02-17,0.006246733024099392,1.0,1.0
1995-02-21,0.004524102119997601,1.0,1.0
1995-02-22,0.0045639652730357135,1.0,1.0
1995-02-23,0.004738298662421038,1.0,1.0
1995-02-24,0.004182268030786789,1.0,1.0
1995-02-27,0.009098290074610877,1.0,1.0
1995-02-28,0.008832028396011587,1.0,1.0
1995-03-01,0.005792445355137481,1.0,1.0
1995-03-02,0.004550888493347163,1.0,1.0
1995-03-03,0.004123730775846454,1.0,1.0
1995-03-06,0.00419601060269034,1.0,1.0
1995-03-07,0.008059071213522501,1.0,1.0
1995-03-08,0.004911623942029503,1.0,1.0
1995-03-09,0.004182662314267805,1.0,1.0
1995-03-10,0.012178425691760662,1.0,1.0
1995-03-13,0.005667944791542817,1.0,1.0
1995-03-14,0.005500847993829201,1.0,1.0
1995-03-15,0.004595300100269769,1.0,1.0
1995-03-16,0.005275896622142172,1.0,1.0
1995-03-17,0.0043468250648538015,1.0,1.0
1995-03-20,0.004067291487711889,1.0,1.0
1995-03-21,0.004435183459285784,1.0,1.0
1995-03-22,0.004088098904433193,1.0,1.0
1995-03-23,0.004012241828118681,1.0,1.0
1995-03-24,0.00838494595532571,1.0,1.0
1995-03-27,0.0058204708639964685,1.0,1.0
1995-03-28,0.004389758388027601,1.0,1.0
1995-03-29,0.004331303762690186,1.0,1.0
1995-03-30,0.004162951431747638,1.0,1.0
1995-03-31,0.004547505588851332,1.0,1.0
1995-04-03,0.00412303892681037,1.0,1.0
1995-04-04,0.004707833713453912,1.0,1.0
1995-04-05,0.004139224322555093,1.0,1.0
1995-04-06,0.0040252576114045745,1.0,1.0
1995-04-07,0.004054122011108031,1.0,1.0
1995-04-10,0.004131036408117032,1.0,1.0
1995-04-11,0.004275312882377218,1.0,1.0
1995-04-12,0.004325734321730913,1.0,1.0
1995-04-13,0.00435962757294113,1.0,1.0
1995-04-17,0.0059044008693603985,1.0,1.0
1995-04-18,0.00522321343027836,1.0,1.0
1995-04-19,0.004897741722961997,1.0,1.0
1995-04-20,0.004207389950586506,1.0,1.0
1995-04-21,0.004889918122906308,1.0,1.0
1995-04-24,0.006450694492146235,1.0,1.0
1995-04-25,0.004620792155498916,1.0,1.0
1995-04-26,0.004138027618187447,1.0,1.0
1995-04-27,0.004086106416519076,1.0,1.0
1995-04-28,0.004040909993747318,1.0,1.0
1995-05-01,0.004178415255229859,1.0,1.0
1995-05-02,0.004030626773295441,1.0,1.0
1995-05-03,0.008540090961383162,1.0,1.0
1995-05-04,0.005077367563305675,1.0,1.0
1995-05-05,0.004347880193590238,1.0,1.0
1995-05-08,0.005618772764766072,1.0,1.0
1995-05-09,0.0043268945866914875,1.0,1.0
1995-05-10,0.004083685111013448,1.0,1.0
1995-05-11,0.0041096716520764714,1.0,1.0
1995-05-12,0.004115090415568169,1.0,1.0
1995-05-15,0.004532537051938144,1.0,1.0
1995-05-16,0.004110875105913848,1.0,1.0
1995-05-17,0.004364229280871451,1.0,1.0
1995-05-18,0.027435128083467406,1.0,1.0
1995-05-19,0.009049281010035697,1.0,1.0
1995-05-22,0.008081685076729711,1.0,1.0
1995-05-23,0.00886819486179125,1.0,1.0
1995-05-24,0.005068485714264322,1.0,1.0
1995-05-25,0.004269477926417469,1.0,1.0
1995-05-26,0.00913815460784083,1.0,1.0
1995-05-30,0.005478845695687818,1.0,1.0
1995-05-31,0.029629585229844976,1.0,1.0
1995-06-01,0.009342042820043965,1.0,1.0
1995-06-02,0.005114514768804446,1.0,1.0
1995-06-05,0.005642257232696522,1.0,1.0
1995-06-06,0.004378175411154616,1.0,1.0
1995-06-07,0.004852773847009298,1.0,1.0
1995-06-08,0.004285770446258206,1.0,1.0
1995-06-09,0.007832255946607582,1.0,1.0
1995-06-12,0.005734656924836205,1.0,1.0
1995-06-13,0.008962233496179469,1.0,1.0
1995-06-14,0.005007276749895388,1.0,1.0
1995-06-15,0.004289312402949586,1.0,1.0
1995-06-16,0.0046051199845549735,1.0,1.0
1995-06-19,0.008489771595449789,1.0,1.0
1995-06-20,0.004913701009452447,1.0,1.0
1995-06-21,0.004237508837953608,1.0,1.0
1995-06-22,0.013020120857666215,1.0,1.0
1995-06-23,0.006688222995489701,1.0,1.0
1995-06-26,0.01465260043488336,1.0,1.0
1995-06-27,0.007694557734870005,1.0,1.0
1995-06-28,0.005044828571586652,1.0,1.0
1995-06-29,0.004255008536809644,1.0,1.0
1995-06-30,0.004221704641097404,1.0,1.0
1995-07-03,0.004314081443444503,1.0,1.0
1995-07-05,0.004103378129741254,1.0,1.0
1995-07-06,0.012130068617006537,1.0,1.0
1995-07-07,0.007398521778370128,1.0,1.0
1995-07-10,0.004729919827843925,1.0,1.0
1995-07-11,0.0049380931602251476,1.0,1.0
1995-07-12,0.012122709812717462,1.0,1.0
1995-07-13,0.00565548880465353,1.0,1.0
1995-07-14,0.004541140424543897,1.0,1.0
1995-07-17,0.004567825157719522,1.0,1.0
1995-07-18,0.008948001312786972,1.0,1.0
1995-07-19,0.0951968735559529,1.0,1.0
1995-07-20,0.030697185268949462,1.0,1.0
1995-07-21,0.009516351814109087,1.0,1.0
1995-07-24,0.0075104507549425825,1.0,1.0
1995-07-25,0.007576899978820976,1.0,1.0
1995-07-26,0.004855252301131916,1.0,1.0
1995-07-27,0.006193951255541166,1.0,1.0
1995-07-28,0.005050478914665442,1.0,1.0
1995-07-31,0.004358204342521456,1.0,1.0
1995-08-01,0.005762897893962059,1.0,1.0
1995-08-02,0.004729803249191841,1.0,1.0
1995-08-03,0.00429055107633385,1.0,1.0
1995-08-04,0.003889615441448439,1.0,1.0
1995-08-07,0.0039308054105848655,1.0,1.0
1995-08-08,0.0038341339301340384,1.0,1.0
1995-08-09,0.0038293925140655202,1.0,1.0
1995-08-10,0.004296007543893894,1.0,1.0
1995-08-11,0.004694236028081028,1.0,1.0
1995-08-14,0.006425672173044124,1.0,1.0
1995-08-15,0.004511739890843348,1.0,1.0
1995-08-16,0.004574507997409905,1.0,1.0
1995-08-17,0.003989376699196607,1.0,1.0
1995-08-18,0.003843445559630692,1.0,1.0
1995-08-21,0.004185714754026416,1.0,1.0
1995-08-22,0.003927269021798567,1.0,1.0
1995-08-23,0.0043825513085289465,1.0,1.0
1995-08-24,0.004015460115486604,1.0,1.0
1995-08-25,0.004295327634346251,1.0,1.0
1995-08-28,0.0045393885393694615,1.0,1.0
1995-08-29,0.0039663847988353285,1.0,1.0
1995-08-30,0.0040844699237453696,1.0,1.0
1995-08-31,0.004110453237917175,1.0,1.0
1995-09-01,0.0040227488144955505,1.0,1.0
1995-09-05,0.008743174445254394,1.0,1.0
1995-09-06,0.005253447011053143,1.0,1.0
1995-09-07,0.004104902843466211,1.0,1.0
1995-09-08,0.00471107334741694,1.0,1.0
1995-09-11,0.004105561462957645,1.0,1.0
1995-09-12,0.003990820341052341,1.0,1.0
1995-09-13,0.004319387809704207,1.0,1.0
1995-09-14,0.005160372920508919,1.0,1.0
1995-09-15,0.00438108874529455,1.0,1.0
1995-09-18,0.004124717766931085,1.0,1.0
1995-09-19,0.004079074023163331,1.0,1.0
1995-09-20,0.00443640351015813,1.0,1.0
1995-09-21,0.006569339093067653,1.0,1.0
1995-09-22,0.005170181263825436,1.0,1.0
1995-09-25,0.004407581250254552,1.0,1.0
1995-09-26,0.004094508781931001,1.0,1.0
1995-09-27,0.004527494228204531,1.0,1.0
1995-09-28,0.00792708883685962,1.0,1.0
1995-09-29,0.004835156966893667,1.0,1.0
1995-10-02,0.006806564500877306,1.0,1.0
1995-10-03,0.0047217672035709726,1.0,1.0
1995-10-04,0.005415815669831308,1.0,1.0
1995-10-05,0.0043406776566919485,1.0,1.0
1995-10-06,0.003940681721255001,1.0,1.0
1995-10-09,0.015274677442592758,1.0,1.0
1995-10-10,0.006932228069464037,1.0,1.0
1995-10-11,0.006072768861986707,1.0,1.0
1995-10-12,0.007408522881400074,1.0,1.0
1995-10-13,0.004868700152790345,1.0,1.0
1995-10-16,0.004365281528726502,1.0,1.0
1995-10-17,0.0052296171031669565,1.0,1.0
1995-10-18,0.004188899759127782,1.0,1.0
1995-10-19,0.004112764975754677,1.0,1.0
1995-10-20,0.006016712080848066,1.0,1.0
1995-10-23,0.005314416308975508,1.0,1.0
1995-10-24,0.00412213932392285,1.0,1.0
1995-10-25,0.009756649776776205,1.0,1.0
1995-10-26,0.014931886384782432,1.0,1.0
1995-10-27,0.0068773078803416165,1.0,1.0
1995-10-30,0.006199842059761109,1.0,1.0
1995-10-31,0.004920700191870089,1.0,1.0
1995-11-01,0.00491657409489276,1.0,1.0
1995-11-02,0.010694762685643887,1.0,1.0
1995-11-03,0.005542907159329623,1.0,1.0
1995-11-06,0.004764993932514283,1.0,1.0
1995-11-07,0.005620720020546921,1.0,1.0
1995-11-08,0.006548800428677686,1.0,1.0
1995-11-09,0.005062845668441429,1.0,1.0
1995-11-10,0.0042358206682427835,1.0,1.0
1995-11-13,0.00409313162149696,1.0,1.0
1995-11-14,0.006960380789996691,1.0,1.0
1995-11-15,0.005642325029761898,1.0,1.0
1995-11-16,0.0054625733883795075,1.0,1.0
1995-11-17,0.004568875760093615,1.0,1.0
1995-11-20,0.006248372522053825,1.0,1.0
1995-11-21,0.0044046113248684335,1.0,1.0
1995-11-22,0.004340682254581125,1.0,1.0
1995-11-24,0.004188666136020658,1.0,1.0
1995-11-27,0.00391980101996974,1.0,1.0
1995-11-28,0.0065385347269488,1.0,1.0
1995-11-29,0.0048783443606665675,1.0,1.0
1995-11-30,0.0040966472670665045,1.0,1.0
1995-12-01,0.003881464349056026,1.0,1.0
1995-12-04,0.009929249130993028,1.0,1.0
1995-12-05,0.0057866610354307835,1.0,1.0
1995-12-06,0.004262477647655273,1.0,1.0
1995-12-07,0.007250586892727603,1.0,1.0
1995-12-08,0.004579942907526764,1.0,1.0
1995-12-11,0.004077653499868704,1.0,1.0
1995-12-12,0.00435387179189366,1.0,1.0
1995-12-13,0.0045016762277628325,1.0,1.0
1995-12-14,0.00939215807597693,1.0,1.0
1995-12-15,0.0057225016132184114,1.0,1.0
1995-12-18,0.12655654570708744,0.0,1.0
1995-12-19,0.07219242976343841,1.0,1.0
1995-12-20,0.02861489579004756,1.0,1.0
1995-12-21,0.01352676045589749,1.0,1.0
1995-12-22,0.0061998138816334964,1.0,1.0
1995-12-26,0.004553644793103908,1.0,1.0
1995-12-27,0.0039715788299760696,1.0,1.0
1995-12-28,0.003905780471245769,1.0,1.0
1995-12-29,0.004270021857373329,1.0,1.0
1996-01-02,0.0051469145589439855,1.0,1.0
1996-01-03,0.004190791903976325,1.0,1.0
1996-01-04,0.008898425868558664,1.0,1.0
1996-01-05,0.00513363295874853,1.0,1.0
1996-01-08,0.004195522653512813,1.0,1.0
1996-01-09,0.09003963754559123,1.0,1.0
1996-01-10,0.32835206743213013,0.0,1.0
1996-01-11,0.1565345580455742,0.0,1.0
1996-01-12,0.040287925293973376,1.0,1.0
1996-01-15,0.018079812709941245,1.0,1.0
1996-01-16,0.01719900695943836,1.0,1.0
1996-01-17,0.0067943325927240054,1.0,1.0
1996-01-18,0.004842419578872519,1.0,1.0
1996-01-19,0.005191861617294768,1.0,1.0
1996-01-22,0.004598612411684082,1.0,1.0
1996-01-23,0.004009141968260917,1.0,1.0
1996-01-24,0.010409232353159423,1.0,1.0
1996-01-25,0.00657940123508027,1.0,1.0
1996-01-26,0.006042347699756296,1.0,1.0
1996-01-29,0.004671763746315812,1.0,1.0
1996-01-30,0.008267599487704261,1.0,1.0
1996-01-31,0.008585449825164286,1.0,1.0
1996-02-01,0.005468029036724119,1.0,1.0
1996-02-02,0.004542171484833487,1.0,1.0
1996-02-05,0.006090187453021457,1.0,1.0
1996-02-06,0.006020693674534162,1.0,1.0
1996-02-07,0.00445592789893719,1.0,1.0
1996-02-08,0.006426417626156881,1.0,1.0
1996-02-09,0.004198721352905801,1.0,1.0
1996-02-12,0.004691675078823427,1.0,1.0
1996-02-13,0.004183147903831347,1.0,1.0
1996-02-14,0.005128743110257933,1.0,1.0
1996-02-15,0.004643982292412878,1.0,1.0
1996-02-16,0.0048741486130695925,1.0,1.0
1996-02-20,0.015383342492114623,1.0,1.0
1996-02-21,0.016115793422971734,1.0,1.0
1996-02-22,0.06144459114397417,1.0,1.0
1996-02-23,0.016296933153368637,1.0,1.0
1996-02-26,0.024901535273809852,1.0,1.0
1996-02-27,0.010981911466983617,1.0,1.0
1996-02-28,0.005610681426831011,1.0,1.0
1996-02-29,0.00667137143826272,1.0,1.0
1996-03-01,0.004374218077055666,1.0,1.0
1996-03-04,0.007921690487204777,1.0,1.0
1996-03-05,0.006587622744899442,1.0,1.0
1996-03-06,0.0053456217943782984,1.0,1.0
1996-03-07,0.0040064266322710805,1.0,1.0
1996-03-08,0.9833085933419619,0.0,0.0
1996-03-11,0.6927586813437374,0.0,0.0
1996-03-12,0.32954163449275137,0.0,0.0
1996-03-13,0.10072752721345465,1.0,0.0
1996-03-14,0.028415841951911772,1.0,1.0
1996-03-15,0.009001297828738717,1.0,1.0
1996-03-18,0.03721238063098818,1.0,1.0
1996-03-19,0.01153296098258623,1.0,1.0
1996-03-20,0.0061542690131407285,1.0,1.0
1996-03-21,0.004281516096586221,1.0,1.0
1996-03-22,0.0037954804114430254,1.0,1.0
1996-03-25,0.004273601807508542,1.0,1.0
1996-03-26,0.0039117385410675,1.0,1.0
1996-03-27,0.004455263746153238,1.0,1.0
1996-03-28,0.003789001521826772,1.0,1.0
1996-03-29,0.003999260129867568,1.0,1.0
1996-04-01,0.009952861986840596,1.0,1.0
1996-04-02,0.005031011267181928,1.0,1.0
1996-04-03,0.003910210659540904,1.0,1.0
1996-04-04,0.0036732389490293314,1.0,1.0
1996-04-08,0.09479471466131273,1.0,1.0
1996-04-09,0.025381360764967463,1.0,1.0
1996-04-10,0.04487914074920799,1.0,1.0
1996-04-11,0.019056058964638706,1.0,1.0
1996-04-12,0.01245318711914464,1.0,1.0
1996-04-15,0.009599124333450218,1.0,1.0
1996-04-16,0.005803100688310365,1.0,1.0
1996-04-17,0.005807310622016658,1.0,1.0
1996-04-18,0.0047620219521917065,1.0,1.0
1996-04-19,0.003919474916782354,1.0,1.0
1996-04-22,0.004761624933781043,1.0,1.0
1996-04-23,0.005102122223119587,1.0,1.0
1996-04-24,0.0039653813719068105,1.0,1.0
1996-04-25,0.004236469544795141,1.0,1.0
1996-04-26,0.003745312145663133,1.0,1.0
1996-04-29,0.0036299504470380154,1.0,1.0
1996-04-30,0.0036177461121828227,1.0,1.0
1996-05-01,0.003672340999106916,1.0,1.0
1996-05-02,0.07462513362874866,1.0,1.0
1996-05-03,0.0201252536783621,1.0,1.0
1996-05-06,0.007613035526847334,1.0,1.0
1996-05-07,0.005797398450354986,1.0,1.0
1996-05-08,0.00545361889684221,1.0,1.0
1996-05-09,0.00410809493128856,1.0,1.0
1996-05-10,0.010891215973568121,1.0,1.0
1996-05-13,0.025317198756710818,1.0,1.0
1996-05-14,0.012502556196894334,1.0,1.0
1996-05-15,0.005561629381376059,1.0,1.0
1996-05-16,0.004024217215293651,1.0,1.0
1996-05-17,0.0045997000017174135,1.0,1.0
1996-05-20,0.004948608680436535,1.0,1.0
1996-05-21,0.003975378464353263,1.0,1.0
1996-05-22,0.0049921073447219905,1.0,1.0
1996-05-23,0.004429592623712159,1.0,1.0
1996-05-24,0.0038846116483293174,1.0,1.0
1996-05-28,0.009950163105390932,1.0,1.0
1996-05-29,0.009280805549794161,1.0,1.0
1996-05-30,0.005824645363220458,1.0,1.0
1996-05-31,0.004393138023075363,1.0,1.0
1996-06-03,0.0042539108184271104,1.0,1.0
1996-06-04,0.005453357965027449,1.0,1.0
1996-06-05,0.006138158365684233,1.0,1.0
1996-06-06,0.00907596574603621,1.0,1.0
1996-06-07,0.005233257664779754,1.0,1.0
1996-06-10,0.004129995129320174,1.0,1.0
1996-06-11,0.00386838769658259,1.0,1.0
1996-06-12,0.0037663334811306997,1.0,1.0
1996-06-13,0.004231570750144233,1.0,1.0
1996-06-14,0.0050258811236709245,1.0,1.0
1996-06-17,0.004287261998657716,1.0,1.0
1996-06-18,0.008218384726188497,1.0,1.0
1996-06-19,0.004794083786933871,1.0,1.0
1996-06-20,0.004560016671372427,1.0,1.0
1996-06-21,0.004937696495197366,1.0,1.0
1996-06-24,0.0041164042149106975,1.0,1.0
1996-06-25,0.004218526114424289,1.0,1.0
1996-06-26,0.008823457484900448,1.0,1.0
1996-06-27,0.006315791061233014,1.0,1.0
1996-06-28,0.0065074693378091315,1.0,1.0
1996-07-01,0.00675723874604913,1.0,1.0
1996-07-02,0.004969954983972596,1.0,1.0
1996-07-03,0.004771662785356254,1.0,1.0
1996-07-05,0.3457805475679971,0.0,1.0
1996-07-08,0.21650153400282127,0.0,1.0
1996-07-09,0.05857917286438529,1.0,1.0
1996-07-10,0.017173580360532025,1.0,1.0
1996-07-11,0.2880488723788186,0.0,1.0
1996-07-12,0.0770749617673297,1.0,1.0
1996-07-15,0.9879868077069166,0.0,0.0
1996-07-16,0.6263939750192627,0.0,0.0
1996-07-17,0.6524774804549527,0.0,0.0
1996-07-18,0.780265204034572,0.0,0.0
1996-07-19,0.51465076190163,0.0,0.0
1996-07-22,0.373879872274111,0.0,0.0
1996-07-23,0.6067699742125333,0.0,0.0
1996-07-24,0.22784258367238122,0.0,0.0
1996-07-25,0.11632761160035411,1.0,0.0
1996-07-26,0.0578854576136767,1.0,0.0
1996-07-29,0.03475156205921084,1.0,1.0
1996-07-30,0.01217461802801188,1.0,1.0
1996-07-31,0.008334121862125987,1.0,1.0
1996-08-01,0.0472127128620128,1.0,1.0
1996-08-02,0.35860432534835585,0.0,1.0
1996-08-05,0.11367740001790069,1.0,1.0
1996-08-06,0.030716011873517152,1.0,1.0
1996-08-07,0.011772216091522632,1.0,1.0
1996-08-08,0.0073232985500178,1.0,1.0
1996-08-09,0.006838981356470198,1.0,1.0
1996-08-12,0.007076884561453613,1.0,1.0
1996-08-13,0.013790126209827175,1.0,1.0
1996-08-14,0.00786274263036561,1.0,1.0
1996-08-15,0.005944606590647241,1.0,1.0
1996-08-16,0.006155505680101218,1.0,1.0
1996-08-19,0.00559363688757016,1.0,1.0
1996-08-20,0.005897614453304577,1.0,1.0
1996-08-21,0.005761354979182039,1.0,1.0
1996-08-22,0.01017989203952175,1.0,1.0
1996-08-23,0.008195826893973097,1.0,1.0
1996-08-26,0.007670420171022717,1.0,1.0
1996-08-27,0.006552519158847713,1.0,1.0
1996-08-28,0.005734215469181754,1.0,1.0
1996-08-29,0.018413397053777265,1.0,1.0
1996-08-30,0.014612215170395824,1.0,1.0
1996-09-03,0.007367148545564351,1.0,1.0
1996-09-04,0.005853987425792613,1.0,1.0
1996-09-05,0.0198233532191335,1.0,1.0
1996-09-06,0.019965888004304284,1.0,1.0
1996-09-09,0.019656164393611786,1.0,1.0
1996-09-10,0.008440931556363078,1.0,1.0
1996-09-11,0.006776505494517337,1.0,1.0
1996-09-12,0.007679627333277375,1.0,1.0
1996-09-13,0.0275154344959828,1.0,1.0
1996-09-16,0.011775001217745782,1.0,1.0
1996-09-17,0.007128658311386219,1.0,1.0
1996-09-18,0.006315147815873387,1.0,1.0
1996-09-19,0.005659004896390686,1.0,1.0
1996-09-20,0.006530747533010747,1.0,1.0
1996-09-23,0.006259587839479885,1.0,1.0
1996-09-24,0.005716503190052418,1.0,1.0
1996-09-25,0.005510987867674912,1.0,1.0
1996-09-26,0.005512762825693641,1.0,1.0
1996-09-27,0.005460385873576873,1.0,1.0
1996-09-30,0.005502175631303828,1.0,1.0
1996-10-01,0.005492095869805595,1.0,1.0
1996-10-02,0.008409384127597626,1.0,1.0
1996-10-03,0.006604946370899748,1.0,1.0
1996-10-04,0.01690631027668957,1.0,1.0
1996-10-07,0.007881824241798717,1.0,1.0
1996-10-08,0.008200499180017041,1.0,1.0
1996-10-09,0.009057745770650666,1.0,1.0
1996-10-10,0.0070343788263458875,1.0,1.0
1996-10-11,0.008438589443413785,1.0,1.0
1996-10-14,0.006874423373033757,1.0,1.0
1996-10-15,0.0062198065156149765,1.0,1.0
1996-10-16,0.0056017138612588484,1.0,1.0
1996-10-17,0.005589742952779821,1.0,1.0
1996-10-18,0.005854934565088291,1.0,1.0
1996-10-21,0.006428938422233729,1.0,1.0
1996-10-22,0.010835482232195031,1.0,1.0
1996-10-23,0.0066851468132216926,1.0,1.0
1996-10-24,0.008362132321297287,1.0,1.0
1996-10-25,0.006724206112888421,1.0,1.0
1996-10-28,0.010094126844085234,1.0,1.0
1996-10-29,0.0065626717692423816,1.0,1.0
1996-10-30,0.005780506153581002,1.0,1.0
1996-10-31,0.007402905394923366,1.0,1.0
1996-11-01,0.006377169162281702,1.0,1.0
1996-11-04,0.005812339767288261,1.0,1.0
1996-11-05,0.010368834769861092,1.0,1.0
1996-11-06,0.03915231584175675,1.0,1.0
1996-11-07,0.013928590972141235,1.0,1.0
1996-11-08,0.007669505875085767,1.0,1.0
1996-11-11,0.005923863852551724,1.0,1.0
1996-11-12,0.00624965770941722,1.0,1.0
1996-11-13,0.0056557296423312255,1.0,1.0
1996-11-14,0.007205639125281064,1.0,1.0
1996-11-15,0.005816199733922215,1.0,1.0
1996-11-18,0.005982168156165609,1.0,1.0
1996-11-19,0.006857850495123873,1.0,1.0
1996-11-20,0.005794783416230233,1.0,1.0
1996-11-21,0.006091222762484631,1.0,1.0
1996-11-22,0.008844272551331044,1.0,1.0
1996-11-25,0.014581651087587683,1.0,1.0
1996-11-26,0.008057766524172321,1.0,1.0
1996-11-27,0.006025757018471848,1.0,1.0
1996-11-29,0.005737236509455494,1.0,1.0
1996-12-02,0.005511313012363305,1.0,1.0
1996-12-03,0.011847228705034912,1.0,1.0
1996-12-04,0.00830313601369674,1.0,1.0
1996-12-05,0.006254942512744106,1.0,1.0
1996-12-06,0.012179547238899609,1.0,1.0
1996-12-09,0.040248603535142244,1.0,1.0
1996-12-10,0.01511329560080205,1.0,1.0
1996-12-11,0.022720592062461065,1.0,1.0
1996-12-12,0.07406937057070034,1.0,1.0
1996-12-13,0.02406819998652321,1.0,1.0
1996-12-16,0.046700824587624645,1.0,1.0
1996-12-17,0.016446545997438913,1.0,1.0
1996-12-18,0.013816784665469463,1.0,1.0
1996-12-19,0.07056356903174345,1.0,1.0
1996-12-20,0.020202916671856835,1.0,1.0
1996-12-23,0.010866489274917013,1.0,1.0
1996-12-24,0.007684686991839415,1.0,1.0
1996-12-26,0.0075927429792153125,1.0,1.0
1996-12-27,0.005916140718045981,1.0,1.0
1996-12-30,0.0063920492223826526,1.0,1.0
1996-12-31,0.02223868972781986,1.0,1.0
1997-01-02,0.019719884298723657,1.0,1.0
1997-01-03,0.05050539787509989,1.0,1.0
1997-01-06,0.015122128964331473,1.0,1.0
1997-01-07,0.011334212172200438,1.0,1.0
1997-01-08,0.009188358631428356,1.0,1.0
1997-01-09,0.00958848271096071,1.0,1.0
1997-01-10,0.007500514451431037,1.0,1.0
1997-01-13,0.006036630927732076,1.0,1.0
1997-01-14,0.017301597277795906,1.0,1.0
1997-01-15,0.008922807091559867,1.0,1.0
1997-01-16,0.006313137646366588,1.0,1.0
1997-01-17,0.008553282979132293,1.0,1.0
1997-01-20,0.006255556325894073,1.0,1.0
1997-01-21,0.007212288759316942,1.0,1.0
1997-01-22,0.006585962930437818,1.0,1.0
1997-01-23,0.015282830819431823,1.0,1.0
1997-01-24,0.026118676593842885,1.0,1.0
1997-01-27,0.020370006357201105,1.0,1.0
1997-01-28,0.008635019202679952,1.0,1.0
1997-01-29,0.008809783408228213,1.0,1.0
1997-01-30,0.024024873008833426,1.0,1.0
1997-01-31,0.007265967330617487,1.0,1.0
1997-02-03,0.004809919815035023,1.0,1.0
1997-02-04,0.004197428134526824,1.0,1.0
1997-02-05,0.03177045999163644,1.0,1.0
1997-02-06,0.010331096915305767,1.0,1.0
1997-02-07,0.012077290646909688,1.0,1.0
1997-02-10,0.010682299562567584,1.0,1.0
1997-02-11,0.005752135944813886,1.0,1.0
1997-02-12,0.03742912857643945,1.0,1.0
1997-02-13,0.027300195319559968,1.0,1.0
1997-02-14,0.010234528590985371,1.0,1.0
1997-02-18,0.00797617343231666,1.0,1.0
1997-02-19,0.005883423359899543,1.0,1.0
1997-02-20,0.02537108898734623,1.0,1.0
1997-02-21,0.010048640135935937,1.0,1.0
1997-02-24,0.009702316437834249,1.0,1.0
1997-02-25,0.0053631859971312095,1.0,1.0
1997-02-26,0.009504557069123341,1.0,1.0
1997-02-27,0.03930937222522241,1.0,1.0
1997-02-28,0.017282528857257725,1.0,1.0
1997-03-03,0.007550015997139393,1.0,1.0
1997-03-04,0.00567177965049694,1.0,1.0
1997-03-05,0.014862515306059353,1.0,1.0
1997-03-06,0.007692025332022871,1.0,1.0
1997-03-07,0.0068047640889934025,1.0,1.0
1997-03-10,0.008424037796561019,1.0,1.0
1997-03-11,0.005665355737728977,1.0,1.0
1997-03-12,0.01060588401356788,1.0,1.0
1997-03-13,0.13938727849862415,1.0,1.0
1997-03-14,0.037537448382382835,1.0,1.0
1997-03-17,0.012009190883352986,1.0,1.0
1997-03-18,0.013145221001412187,1.0,1.0
1997-03-19,0.01111174786323605,1.0,1.0
1997-03-20,0.006155459242254982,1.0,1.0
1997-03-21,0.004489156026085635,1.0,1.0
1997-03-24,0.004765752051554992,1.0,1.0
1997-03-25,0.0043451954165361914,1.0,1.0
1997-03-26,0.004165402109394454,1.0,1.0
1997-03-27,0.24324217000034823,0.0,1.0
1997-03-31,0.9678282036809173,0.0,0.0
1997-04-01,0.506501598280195,0.0,0.0
1997-04-02,0.5276854645959668,0.0,0.0
1997-04-03,0.1723923151127524,0.0,0.0
1997-04-04,0.13251950750412503,1.0,0.0
1997-04-07,0.054088432055928594,1.0,1.0
1997-04-08,0.01700895465580557,1.0,1.0
1997-04-09,0.011369212603478972,1.0,1.0
1997-04-10,0.007572299886374751,1.0,1.0
1997-04-11,0.8727471655987851,0.0,0.0
1997-04-14,0.45344502046020707,0.0,0.0
1997-04-15,0.36432016303990294,0.0,0.0
1997-04-16,0.16565698150804395,0.0,0.0
1997-04-17,0.044898372349154406,1.0,1.0
1997-04-18,0.01455943125277732,1.0,1.0
1997-04-21,0.02287578111821753,1.0,1.0
1997-04-22,0.04833158030930169,1.0,1.0
1997-04-23,0.014150231294665323,1.0,1.0
1997-04-24,0.006983863684521658,1.0,1.0
1997-04-25,0.015478686360437432,1.0,1.0
1997-04-28,0.011305790316047082,1.0,1.0
1997-04-29,0.6440390283529499,0.0,1.0
1997-04-30,0.38506274070480734,0.0,1.0
1997-05-01,0.11581017200831815,1.0,1.0
1997-05-02,0.534972517173746,0.0,1.0
1997-05-05,0.9536860073874586,0.0,0.0
1997-05-06,0.5348006511605755,0.0,0.0
1997-05-07,0.5577608974457954,0.0,0.0
1997-05-08,0.19997619433797045,0.0,0.0
1997-05-09,0.06165754888406566,1.0,0.0
1997-05-12,0.07338886684585248,1.0,0.0
1997-05-13,0.02730955040520305,1.0,1.0
1997-05-14,0.00974412421113375,1.0,1.0
1997-05-15,0.006719907640420415,1.0,1.0
1997-05-16,0.023725244124342463,1.0,1.0
1997-05-19,0.008618689785311029,1.0,1.0
1997-05-20,0.010099807590291646,1.0,1.0
1997-05-21,0.005674879410051616,1.0,1.0
1997-05-22,0.005104692414752585,1.0,1.0
1997-05-23,0.01788958688114613,1.0,1.0
1997-05-27,0.007345733916970414,1.0,1.0
1997-05-28,0.004990131396612056,1.0,1.0
1997-05-29,0.004972763855865291,1.0,1.0
1997-05-30,0.0052409052468878675,1.0,1.0
1997-06-02,0.00440306886843267,1.0,1.0
1997-06-03,0.004433209522881092,1.0,1.0
1997-06-04,0.005674607847544068,1.0,1.0
1997-06-05,0.0048795196989325435,1.0,1.0
1997-06-06,0.0261794972126375,1.0,1.0
1997-06-09,0.010333742160004867,1.0,1.0
1997-06-10,0.005403599149113074,1.0,1.0
1997-06-11,0.004782037123737917,1.0,1.0
1997-06-12,0.01896813151519674,1.0,1.0
1997-06-13,0.016895192214591903,1.0,1.0
1997-06-16,0.006864056746504148,1.0,1.0
1997-06-17,0.004644860629327207,1.0,1.0
1997-06-18,0.005366954466745544,1.0,1.0
1997-06-19,0.009326037723860264,1.0,1.0
1997-06-20,0.005296374873585131,1.0,1.0
1997-06-23,0.20855878457471003,0.0,1.0
1997-06-24,0.41092209127131135,0.0,1.0
1997-06-25,0.22057985279000036,0.0,1.0
1997-06-26,0.08389824095140183,1.0,1.0
1997-06-27,0.024643195673093136,1.0,1.0
1997-06-30,0.008939705866661702,1.0,1.0
1997-07-01,0.00630620681982586,1.0,1.0
1997-07-02,0.014980338367887713,1.0,1.0
1997-07-03,0.02317886129648331,1.0,1.0
1997-07-07,0.01027258891699575,1.0,1.0
1997-07-08,0.0077862180530468604,1.0,1.0
1997-07-09,0.016050100627210837,1.0,1.0
1997-07-10,0.008390297844255972,1.0,1.0
1997-07-11,0.005613685332195663,1.0,1.0
1997-07-14,0.004444773459876005,1.0,1.0
1997-07-15,0.006364224597426849,1.0,1.0
1997-07-16,0.014051086295345674,1.0,1.0
1997-07-17,0.009861995113986846,1.0,1.0
1997-07-18,0.06055849223688179,1.0,1.0
1997-07-21,0.02190706168926733,1.0,1.0
1997-07-22,0.2750739429388162,0.0,1.0
1997-07-23,0.0767748913380718,1.0,1.0
1997-07-24,0.021424677125281278,1.0,1.0
1997-07-25,0.00827070067138408,1.0,1.0
1997-07-28,0.005586237119973946,1.0,1.0
1997-07-29,0.005304717067952151,1.0,1.0
1997-07-30,0.012243284907369326,1.0,1.0
1997-07-31,0.005848496758186728,1.0,1.0
1997-08-01,0.009660099459833567,1.0,1.0
1997-08-04,0.006572830040442865,1.0,1.0
1997-08-05,0.006016017940379511,1.0,1.0
1997-08-06,0.008413164654914927,1.0,1.0
1997-08-07,0.013768792024324761,1.0,1.0
1997-08-08,0.26386000071750154,0.0,1.0
1997-08-11,0.06769947622191581,1.0,1.0
1997-08-12,0.056824273882341916,1.0,1.0
1997-08-13,0.018899274386821232,1.0,1.0
1997-08-14,0.00844214642312903,1.0,1.0
1997-08-15,0.4601534514553223,0.0,1.0
1997-08-18,0.200309478103828,0.0,1.0
1997-08-19,0.22269291720870618,0.0,1.0
1997-08-20,0.2339018752294626,0.0,1.0
1997-08-21,0.2974895949947072,0.0,1.0
1997-08-22,0.08976919239999952,1.0,1.0
1997-08-25,0.025037057022924,1.0,1.0
1997-08-26,0.01647884440821206,1.0,1.0
1997-08-27,0.007788708203113501,1.0,1.0
1997-08-28,0.014531998661967433,1.0,1.0
1997-08-29,0.008206438496165537,1.0,1.0
1997-09-02,0.6434180038031622,0.0,1.0
1997-09-03,0.21031666825023423,0.0,1.0
1997-09-04,0.054489874826127646,1.0,1.0
1997-09-05,0.01598287573813382,1.0,1.0
1997-09-08,0.007995068727953395,1.0,1.0
1997-09-09,0.0061509082586861325,1.0,1.0
1997-09-10,0.035580639500006284,1.0,1.0
1997-09-11,0.02091740706248289,1.0,1.0
1997-09-12,0.028728425776129662,1.0,1.0
1997-09-15,0.012565406034986232,1.0,1.0
1997-09-16,0.45950034960349834,0.0,1.0
1997-09-17,0.1352401792884829,1.0,1.0
1997-09-18,0.036211924497012236,1.0,1.0
1997-09-19,0.01233758062193205,1.0,1.0
1997-09-22,0.008051182035988874,1.0,1.0
1997-09-23,0.0070740387599801035,1.0,1.0
1997-09-24,0.010211176699285047,1.0,1.0
1997-09-25,0.011342788510707953,1.0,1.0
1997-09-26,0.00892296803527042,1.0,1.0
1997-09-29,0.009191445016527734,1.0,1.0
1997-09-30,0.00851666573177362,1.0,1.0
1997-10-01,0.007972623655858095,1.0,1.0
1997-10-02,0.007306183315189103,1.0,1.0
1997-10-03,0.006732835405762879,1.0,1.0
1997-10-06,0.00801382457129059,1.0,1.0
1997-10-07,0.011424563575705206,1.0,1.0
1997-10-08,0.011603620396991648,1.0,1.0
1997-10-09,0.007479247007767242,1.0,1.0
1997-10-10,0.006935501291146615,1.0,1.0
1997-10-13,0.005781006189178069,1.0,1.0
1997-10-14,0.005584172296933079,1.0,1.0
1997-10-15,0.006767869220934383,1.0,1.0
1997-10-16,0.023550844443325607,1.0,1.0
1997-10-17,0.07323931496041582,1.0,1.0
1997-10-20,0.05354416370628451,1.0,1.0
1997-10-21,0.15961793840794583,1.0,1.0
1997-10-22,0.04774231374551105,1.0,1.0
1997-10-23,0.4595078963663626,0.0,1.0
1997-10-24,0.2699997299748599,0.0,1.0
1997-10-27,1.0,0.0,0.0
1997-10-28,0.9999999428975905,0.0,0.0
1997-10-29,0.46807879967055865,0.0,0.0
1997-10-30,0.7799596451159897,0.0,0.0
1997-10-31,0.5650042284282868,0.0,0.0
1997-11-03,0.9709724527206087,0.0,0.0
1997-11-04,0.4415771707276533,0.0,0.0
1997-11-05,0.13001236146166373,1.0,0.0
1997-11-06,0.048943198452083406,1.0,1.0
1997-11-07,0.1033209656272008,1.0,1.0
1997-11-10,0.04084705878170979,1.0,1.0
1997-11-11,0.012950440070647435,1.0,1.0
1997-11-12,0.39693566259177854,0.0,1.0
1997-11-13,0.1747925914545848,0.0,1.0
1997-11-14,0.13973288844253248,1.0,1.0
1997-11-17,0.4567295835207843,0.0,1.0
1997-11-18,0.26443257102598255,0.0,1.0
1997-11-19,0.07608872936746881,1.0,1.0
1997-11-20,0.09945296438134926,1.0,1.0
1997-11-21,0.02635143150016041,1.0,1.0
1997-11-24,0.22774451763485676,0.0,1.0
1997-11-25,0.06089675121202239,1.0,1.0
1997-11-26,0.01730743707307293,1.0,1.0
1997-11-28,0.008440216810504211,1.0,1.0
1997-12-01,0.10527107429149374,1.0,1.0
1997-12-02,0.03329102191487323,1.0,1.0
1997-12-03,0.013500576343408843,1.0,1.0
1997-12-04,0.007914667757829319,1.0,1.0
1997-12-05,0.012830538297323486,1.0,1.0
1997-12-08,0.00703798004338744,1.0,1.0
1997-12-09,0.012438918658174458,1.0,1.0
1997-12-10,0.016225410556331983,1.0,1.0
1997-12-11,0.13780266308564676,1.0,1.0
1997-12-12,0.04148331069484634,1.0,1.0
1997-12-15,0.017936427832388017,1.0,1.0
1997-12-16,0.010300911208393134,1.0,1.0
1997-12-17,0.006966384077151662,1.0,1.0
1997-12-18,0.02550395214841728,1.0,1.0
1997-12-19,0.018583691227125613,1.0,1.0
1997-12-22,0.01026758593539608,1.0,1.0
1997-12-23,0.03968681305492427,1.0,1.0
1997-12-24,0.020851503719290225,1.0,1.0
1997-12-26,0.009095075797092412,1.0,1.0
1997-12-29,0.06186987400813381,1.0,1.0
1997-12-30,0.23488379770670725,0.0,1.0
1997-12-31,0.06000284406469191,1.0,1.0
1998-01-02,0.01723213324277013,1.0,1.0
1998-01-05,0.008002918480866096,1.0,1.0
1998-01-06,0.02399500210927081,1.0,1.0
1998-01-07,0.012034295418193832,1.0,1.0
1998-01-08,0.01697372322769496,1.0,1.0
1998-01-09,0.9947692366008011,0.0,0.0
1998-01-12,0.5645479075521501,0.0,0.0
1998-01-13,0.6117541057454051,0.0,0.0
1998-01-14,0.23783411337248866,0.0,0.0
1998-01-15,0.10050276740281835,1.0,0.0
1998-01-16,0.06671419483722561,1.0,0.0
1998-01-20,0.17461406744649347,0.0,0.0
1998-01-21,0.07948572799233569,1.0,0.0
1998-01-22,0.05001849231896479,1.0,1.0
1998-01-23,0.023796393043254652,1.0,1.0
1998-01-26,0.010664656654695404,1.0,1.0
1998-01-27,0.014038575282633501,1.0,1.0
1998-01-28,0.01669160184149404,1.0,1.0
1998-01-29,0.01236943911270088,1.0,1.0
1998-01-30,0.00910325771227434,1.0,1.0
1998-02-02,0.2015193557312229,0.0,1.0
1998-02-03,0.06363975532335926,1.0,1.0
1998-02-04,0.019803476974730422,1.0,1.0
1998-02-05,0.010521584050803652,1.0,1.0
1998-02-06,0.011984819188145234,1.0,1.0
1998-02-09,0.008486938262294345,1.0,1.0
1998-02-10,0.012296105681694798,1.0,1.0
1998-02-11,0.008252397856950392,1.0,1.0
1998-02-12,0.007866300863251031,1.0,1.0
1998-02-13,0.008286870413644886,1.0,1.0
1998-02-17,0.007385443660268389,1.0,1.0
1998-02-18,0.011740112992406388,1.0,1.0
1998-02-19,0.009098328768930955,1.0,1.0
1998-02-20,0.008146535878301426,1.0,1.0
1998-02-23,0.00822870243745731,1.0,1.0
1998-02-24,0.015254128986671616,1.0,1.0
1998-02-25,0.026209678508851704,1.0,1.0
1998-02-26,0.013854066791965023,1.0,1.0
1998-02-27,0.00858893482789793,1.0,1.0
1998-03-02,0.007991954954150178,1.0,1.0
1998-03-03,0.007729427133710437,1.0,1.0
1998-03-04,0.009618497613690347,1.0,1.0
1998-03-05,0.028314357467791932,1.0,1.0
1998-03-06,0.21367010524178054,0.0,1.0
1998-03-09,0.06756783938949742,1.0,1.0
1998-03-10,0.05156820754357198,1.0,1.0
1998-03-11,0.019689111051832107,1.0,1.0
1998-03-12,0.009823653957387676,1.0,1.0
1998-03-13,0.007945793984925523,1.0,1.0
1998-03-16,0.013449354613228352,1.0,1.0
1998-03-17,0.008475141103962656,1.0,1.0
1998-03-18,0.008551193441791725,1.0,1.0
1998-03-19,0.008114249846515412,1.0,1.0
1998-03-20,0.009140371503705618,1.0,1.0
1998-03-23,0.00917009308852959,1.0,1.0
1998-03-24,0.013297561689362242,1.0,1.0
1998-03-25,0.009538496212532459,1.0,1.0
1998-03-26,0.007855469439983819,1.0,1.0
1998-03-27,0.00945292671651188,1.0,1.0
1998-03-30,0.008492524770703606,1.0,1.0
1998-03-31,0.01163157129352287,1.0,1.0
1998-04-01,0.010374842611790816,1.0,1.0
1998-04-02,0.013542593241116185,1.0,1.0
1998-04-03,0.008556613682723757,1.0,1.0
1998-04-06,0.008789541308794249,1.0,1.0
1998-04-07,0.028972336908240852,1.0,1.0
1998-04-08,0.016968791426294507,1.0,1.0
1998-04-09,0.015514381935708445,1.0,1.0
1998-04-13,0.009063512769694452,1.0,1.0
1998-04-14,0.010431163870333828,1.0,1.0
1998-04-15,0.008407440932664084,1.0,1.0
1998-04-16,0.019876408033125178,1.0,1.0
1998-04-17,0.02736965839677161,1.0,1.0
1998-04-20,0.011517922189084569,1.0,1.0
1998-04-21,0.008210782614444157,1.0,1.0
1998-04-22,0.0076141481878487915,1.0,1.0
1998-04-23,0.03391994639561044,1.0,1.0
1998-04-24,0.042219980035337,1.0,1.0
1998-04-27,0.7299172136647035,0.0,1.0
1998-04-28,0.261785520932662,0.0,1.0
1998-04-29,0.12620862631162064,1.0,1.0
1998-04-30,0.19438908906092714,0.0,1.0
1998-05-01,0.06534017422978049,1.0,1.0
1998-05-04,0.01996964589288438,1.0,1.0
1998-05-05,0.016163461706538134,1.0,1.0
1998-05-06,0.02203548196875019,1.0,1.0
1998-05-07,0.02507256225178087,1.0,1.0
1998-05-08,0.02812866470706037,1.0,1.0
1998-05-11,0.013250083188197927,1.0,1.0
1998-05-12,0.01013238037008819,1.0,1.0
1998-05-13,0.00798169844152258,1.0,1.0
1998-05-14,0.007941869170490036,1.0,1.0
1998-05-15,0.016229179830392564,1.0,1.0
1998-05-18,0.012290646780465082,1.0,1.0
1998-05-19,0.008883232170587452,1.0,1.0
1998-05-20,0.008586542764000582,1.0,1.0
1998-05-21,0.009279531740570704,1.0,1.0
1998-05-22,0.011759970936871679,1.0,1.0
1998-05-26,0.10437270331431751,1.0,1.0
1998-05-27,0.03600067567700038,1.0,1.0
1998-05-28,0.016487083942398874,1.0,1.0
1998-05-29,0.012098807883057656,1.0,1.0
1998-06-01,0.009936771889119362,1.0,1.0
1998-06-02,0.0077665048298122714,1.0,1.0
1998-06-03,0.016146780908524325,1.0,1.0
1998-06-04,0.02003722907146352,1.0,1.0
1998-06-05,0.060404822097004776,1.0,1.0
1998-06-08,0.019331705212805913,1.0,1.0
1998-06-09,0.009949476859759372,1.0,1.0
1998-06-10,0.014971649031235795,1.0,1.0
1998-06-11,0.09992349083232353,1.0,1.0
1998-06-12,0.027951424155394238,1.0,1.0
1998-06-15,0.44617146301041954,0.0,1.0
1998-06-16,0.25078663453716604,0.0,1.0
1998-06-17,0.4401932197445909,0.0,1.0
1998-06-18,0.13502979856959987,1.0,1.0
1998-06-19,0.047837245256759586,1.0,1.0
1998-06-22,0.016827959849892774,1.0,1.0
1998-06-23,0.04376014500099181,1.0,1.0
1998-06-24,0.043188614849116534,1.0,1.0
1998-06-25,0.017975965347477828,1.0,1.0
1998-06-26,0.00978103834523488,1.0,1.0
1998-06-29,0.009406861804014678,1.0,1.0
1998-06-30,0.008372826129522223,1.0,1.0
1998-07-01,0.021466236630292675,1.0,1.0
1998-07-02,0.011153509472837372,1.0,1.0
1998-07-06,0.014038683290123009,1.0,1.0
1998-07-07,0.00929588943504482,1.0,1.0
1998-07-08,0.014429239983758942,1.0,1.0
1998-07-09,0.012783326604961447,1.0,1.0
1998-07-10,0.00869466338720036,1.0,1.0
1998-07-13,0.0074579416266382145,1.0,1.0
1998-07-14,0.012286056193152992,1.0,1.0
1998-07-15,0.008520735307737032,1.0,1.0
1998-07-16,0.01004170350957994,1.0,1.0
1998-07-17,0.00781591908992266,1.0,1.0
1998-07-20,0.007695562356822337,1.0,1.0
1998-07-21,0.12373969257116893,1.0,1.0
1998-07-22,0.03901044842235236,1.0,1.0
1998-07-23,0.6308917805522637,0.0,1.0
1998-07-24,0.21992280076124537,0.0,1.0
1998-07-27,0.05891209484130552,1.0,1.0
1998-07-28,0.21147033668714416,0.0,1.0
1998-07-29,0.07636385561858294,1.0,1.0
1998-07-30,0.13189374785131966,1.0,1.0
1998-07-31,0.6734786624968163,0.0,1.0
1998-08-03,0.39023036716748644,0.0,1.0
1998-08-04,0.9999887747997538,0.0,0.0
1998-08-05,0.5294049119799104,0.0,0.0
1998-08-06,0.33711170691049636,0.0,0.0
1998-08-07,0.10057122273222269,1.0,0.0
1998-08-10,0.04361674721453245,1.0,1.0
1998-08-11,0.24800072977015192,0.0,1.0
1998-08-12,0.36143081916543746,0.0,1.0
1998-08-13,0.22728960242688667,0.0,1.0
1998-08-14,0.16720805916291942,1.0,1.0
1998-08-17,0.25223595073614263,0.0,1.0
1998-08-18,0.415391620147955,0.0,1.0
1998-08-19,0.15866796252023282,1.0,1.0
1998-08-20,0.07382869708333395,1.0,1.0
1998-08-21,0.09699884888715729,1.0,1.0
1998-08-24,0.028463382165571063,1.0,1.0
1998-08-25,0.010808473680039309,1.0,1.0
1998-08-26,0.02755786473452297,1.0,1.0
1998-08-27,0.9999918174073131,0.0,0.0
1998-08-28,0.9617319471939694,0.0,0.0
1998-08-31,1.0,0.0,0.0
1998-09-01,0.9999940053207991,0.0,0.0
1998-09-02,0.49774928050754313,0.0,0.0
1998-09-03,0.43095201060355576,0.0,0.0
1998-09-04,0.2409739900686103,0.0,0.0
1998-09-08,0.9999999990875581,0.0,0.0
1998-09-09,0.9712598903161179,0.0,0.0
1998-09-10,0.9988876317829627,0.0,0.0
1998-09-11,0.9986581446696071,0.0,0.0
1998-09-14,0.977021247812435,0.0,0.0
1998-09-15,0.5610075140738363,0.0,0.0
1998-09-16,0.2743811090538713,0.0,0.0
1998-09-17,0.9720373103513873,0.0,0.0
1998-09-18,0.4855724772245492,0.0,0.0
1998-09-21,0.14817459047215403,1.0,0.0
1998-09-22,0.05429094915972006,1.0,1.0
1998-09-23,0.9968841571048394,0.0,0.0
1998-09-24,0.9904780083212862,0.0,0.0
1998-09-25,0.4834541202445629,0.0,0.0
1998-09-28,0.15352795348495862,1.0,0.0
1998-09-29,0.042408765969470595,1.0,1.0
1998-09-30,0.9526052419584135,0.0,0.0
1998-10-01,0.999987161271086,0.0,0.0
1998-10-02,0.8449405097429997,0.0,0.0
1998-10-05,0.969839398815328,0.0,0.0
1998-10-06,0.5687866091288468,0.0,0.0
1998-10-07,0.8970406202691418,0.0,0.0
1998-10-08,0.9392037124717719,0.0,0.0
1998-10-09,0.9979912166006442,0.0,0.0
1998-10-12,0.9150570677020274,0.0,0.0
1998-10-13,0.542868456991935,0.0,0.0
1998-10-14,0.4914125179496205,0.0,0.0
1998-10-15,0.9999992095598457,0.0,0.0
1998-10-16,0.6945317534727471,0.0,0.0
1998-10-19,0.3596276405506837,0.0,0.0
1998-10-20,0.10334603688128577,1.0,0.0
1998-10-21,0.03518328624387145,1.0,1.0
1998-10-22,0.0217847660253994,1.0,1.0
1998-10-23,0.015122349586873618,1.0,1.0
1998-10-26,0.008530829313822668,1.0,1.0
1998-10-27,0.009490160864121947,1.0,1.0
1998-10-28,0.006672107037854844,1.0,1.0
1998-10-29,0.05252504107030788,1.0,1.0
1998-10-30,0.05422803000035004,1.0,1.0
1998-11-02,0.08342495619773901,1.0,1.0
1998-11-03,0.024175971942684935,1.0,1.0
1998-11-04,0.01773918687691927,1.0,1.0
1998-11-05,0.03280303024808958,1.0,1.0
1998-11-06,0.016197861701141448,1.0,1.0
1998-11-09,0.019095800995561633,1.0,1.0
1998-11-10,0.009211291185511604,1.0,1.0
1998-11-11,0.012196981615415157,1.0,1.0
1998-11-12,0.008272572343186698,1.0,1.0
1998-11-13,0.007604642209882073,1.0,1.0
1998-11-16,0.00944851353890116,1.0,1.0
1998-11-17,0.006853288631474088,1.0,1.0
1998-11-18,0.007054861177161439,1.0,1.0
1998-11-19,0.008209696237992973,1.0,1.0
1998-11-20,0.00990838120725661,1.0,1.0
1998-11-23,0.21330686090824375,0.0,1.0
1998-11-24,0.07367912509884511,1.0,1.0
1998-11-25,0.022809023252442356,1.0,1.0
1998-11-27,0.011416949514444769,1.0,1.0
1998-11-30,0.7154492972659476,0.0,1.0
1998-12-01,0.38526115254238635,0.0,1.0
1998-12-02,0.11969027130493906,1.0,1.0
1998-12-03,0.39841030845632097,0.0,1.0
1998-12-04,0.8342040737612613,0.0,1.0
1998-12-07,0.49065700825932246,0.0,1.0
1998-12-08,0.19138408736335444,0.0,1.0
1998-12-09,0.050320604724135264,1.0,1.0
1998-12-10,0.20017508000297538,0.0,1.0
1998-12-11,0.053894602320117724,1.0,1.0
1998-12-14,0.7103596488481952,0.0,1.0
1998-12-15,0.8044127249578463,0.0,1.0
1998-12-16,0.32706190725175227,0.0,1.0
1998-12-17,0.42103288491109886,0.0,1.0
1998-12-18,0.16303234096523525,1.0,1.0
1998-12-21,0.17640832588249356,0.0,1.0
1998-12-22,0.04691777845133196,1.0,1.0
1998-12-23,0.3025738195241678,0.0,1.0
1998-12-24,0.08447386436694969,1.0,1.0
1998-12-28,0.023519973839779072,1.0,1.0
1998-12-29,0.027816502671897336,1.0,1.0
1998-12-30,0.015174343998553916,1.0,1.0
1998-12-31,0.008651805762628166,1.0,1.0
1999-01-04,0.006907051888993278,1.0,1.0
1999-01-05,0.016130316878216238,1.0,1.0
1999-01-06,0.31803075665470626,0.0,1.0
1999-01-07,0.08971061501385237,1.0,1.0
1999-01-08,0.02775942574470588,1.0,1.0
1999-01-11,0.015530934300063935,1.0,1.0
1999-01-12,0.27202371057597236,0.0,1.0
1999-01-13,0.10706799547661607,1.0,1.0
1999-01-14,0.40714467071506244,0.0,1.0
1999-01-15,0.9403692778493407,0.0,1.0
1999-01-19,0.5531959461929541,0.0,1.0
1999-01-20,0.1788387303049678,0.0,1.0
1999-01-21,0.6740225458149952,0.0,1.0
1999-01-22,0.3584721985657253,0.0,1.0
1999-01-25,0.1335747370855507,1.0,1.0
1999-01-26,0.16264913218539517,1.0,1.0
1999-01-27,0.08397142381123249,1.0,1.0
1999-01-28,0.20007792745771838,0.0,1.0
1999-01-29,0.1026317088328837,1.0,1.0
1999-02-01,0.035260026704636835,1.0,1.0
1999-02-02,0.08964238266703181,1.0,1.0
1999-02-03,0.0514559606534846,1.0,1.0
1999-02-04,0.49105196762503117,0.0,1.0
1999-02-05,0.39464981485088324,0.0,1.0
1999-02-08,0.14354102364678747,1.0,1.0
1999-02-09,0.911842597888987,0.0,0.0
1999-02-10,0.5635929864937267,0.0,0.0
1999-02-11,0.9867292267275022,0.0,0.0
1999-02-12,0.9907489204061826,0.0,0.0
1999-02-16,0.7380998133806541,0.0,0.0
1999-02-17,0.8566123289632487,0.0,0.0
1999-02-18,0.6418411216054474,0.0,0.0
1999-02-19,0.2889384593810841,0.0,0.0
1999-02-22,0.9502221440954147,0.0,0.0
1999-02-23,0.6140814615413857,0.0,0.0
1999-02-24,0.7167658351484922,0.0,0.0
1999-02-25,0.4926834916189237,0.0,0.0
1999-02-26,0.2498768677906789,0.0,0.0
1999-03-01,0.08261593163309143,1.0,0.0
1999-03-02,0.048132774011594874,1.0,1.0
1999-03-03,0.016848608329612883,1.0,1.0
1999-03-04,0.03442187424668794,1.0,1.0
1999-03-05,0.32817113946471577,0.0,1.0
1999-03-08,0.14539361888465116,1.0,1.0
1999-03-09,0.050826638062482596,1.0,1.0
1999-03-10,0.020524890192991127,1.0,1.0
1999-03-11,0.013191316505754206,1.0,1.0
1999-03-12,0.008484944722497282,1.0,1.0
1999-03-15,0.011601050592453381,1.0,1.0
1999-03-16,0.007098272946095078,1.0,1.0
1999-03-17,0.00821937500430203,1.0,1.0
1999-03-18,0.021619294214213935,1.0,1.0
1999-03-19,0.06394371940113477,1.0,1.0
1999-03-22,0.025376088104842664,1.0,1.0
1999-03-23,0.9406475033319268,0.0,0.0
1999-03-24,0.6381968036949752,0.0,0.0
1999-03-25,0.8556661183418237,0.0,0.0
1999-03-26,0.5734102447494716,0.0,0.0
1999-03-29,0.9036865990695099,0.0,0.0
1999-03-30,0.6738905861516153,0.0,0.0
1999-03-31,0.5446118657726546,0.0,0.0
1999-04-01,0.2533420524940163,0.0,0.0
1999-04-05,0.6477645930403618,0.0,0.0
1999-04-06,0.31683150442824193,0.0,0.0
1999-04-07,0.11707976620106321,1.0,0.0
1999-04-08,0.12205389750793305,1.0,0.0
1999-04-09,0.0423561213160855,1.0,1.0
1999-04-12,0.02621787938211981,1.0,1.0
1999-04-13,0.01300000597816673,1.0,1.0
1999-04-14,0.0639369470999964,1.0,1.0
1999-04-15,0.02650592561324514,1.0,1.0
1999-04-16,0.011953365496155284,1.0,1.0
1999-04-19,0.8028278029967412,0.0,1.0
1999-04-20,0.7807666183687417,0.0,1.0
1999-04-21,0.9945382506462904,0.0,0.0
1999-04-22,0.9080267796783427,0.0,0.0
1999-04-23,0.5519609532900287,0.0,0.0
1999-04-26,0.2431029443515306,0.0,0.0
1999-04-27,0.079142925109679,1.0,0.0
1999-04-28,0.06322550999113855,1.0,1.0
1999-04-29,0.028126880212048514,1.0,1.0
1999-04-30,0.01535197524287792,1.0,1.0
1999-05-03,0.01977581485573073,1.0,1.0
1999-05-04,0.0961917677145196,1.0,1.0
1999-05-05,0.06835302573317005,1.0,1.0
1999-05-06,0.09820603603850044,1.0,1.0
1999-05-07,0.054332937750515224,1.0,1.0
1999-05-10,0.018684783916358173,1.0,1.0
1999-05-11,0.026314344913258035,1.0,1.0
1999-05-12,0.013858361395452858,1.0,1.0
1999-05-13,0.007404251384928952,1.0,1.0
1999-05-14,0.4284789204777161,0.0,1.0
1999-05-17,0.15790338041874968,1.0,1.0
1999-05-18,0.06299958881098731,1.0,1.0
1999-05-19,0.03376205149981563,1.0,1.0
1999-05-20,0.01565469332434014,1.0,1.0
1999-05-21,0.011929502813982636,1.0,1.0
1999-05-24,0.2608439397455632,0.0,1.0
1999-05-25,0.7612243239759261,0.0,1.0
1999-05-26,0.7591249663563213,0.0,1.0
1999-05-27,0.8699426987065205,0.0,0.0
1999-05-28,0.8686262896411636,0.0,0.0
1999-06-01,0.6898621524897446,0.0,0.0
1999-06-02,0.3217882004708682,0.0,0.0
1999-06-03,0.10967286453308388,1.0,0.0
1999-06-04,0.564013686768208,0.0,0.0
1999-06-07,0.30104774726834727,0.0,0.0
1999-06-08,0.3894403551659436,0.0,0.0
1999-06-09,0.13937675933341287,1.0,0.0
1999-06-10,0.19384070041481055,0.0,0.0
1999-06-11,0.1274943170435841,1.0,0.0
1999-06-14,0.05518029100345085,1.0,1.0
1999-06-15,0.021963912657501396,1.0,1.0
1999-06-16,0.450960041073692,0.0,1.0
1999-06-17,0.22611570907286732,0.0,1.0
1999-06-18,0.07382370837491027,1.0,1.0
1999-06-21,0.03077817732869062,1.0,1.0
1999-06-22,0.03301293343664476,1.0,1.0
1999-06-23,0.013253484770049367,1.0,1.0
1999-06-24,0.046727816468458055,1.0,1.0
1999-06-25,0.016744621009641383,1.0,1.0
1999-06-28,0.026889667513382506,1.0,1.0
1999-06-29,0.06212540280758219,1.0,1.0
1999-06-30,0.14032723557649396,1.0,1.0
1999-07-01,0.053347018893325805,1.0,1.0
1999-07-02,0.026238708835993503,1.0,1.0
1999-07-06,0.011010010726802221,1.0,1.0
1999-07-07,0.006630108039277443,1.0,1.0
1999-07-08,0.0053973773000194365,1.0,1.0
1999-07-09,0.006036223888969713,1.0,1.0
1999-07-12,0.005850579196327046,1.0,1.0
1999-07-13,0.0065474886462076,1.0,1.0
1999-07-14,0.005985540078324478,1.0,1.0
1999-07-15,0.008591896539196706,1.0,1.0
1999-07-16,0.006732549701016054,1.0,1.0
1999-07-19,0.01232696120579701,1.0,1.0
1999-07-20,0.5584445294005618,0.0,1.0
1999-07-21,0.23354595205384196,0.0,1.0
1999-07-22,0.37097794214795365,0.0,1.0
1999-07-23,0.15216560997885328,1.0,1.0
1999-07-26,0.14182020939912982,1.0,1.0
1999-07-27,0.11613532572093281,1.0,1.0
1999-07-28,0.036685171514909055,1.0,1.0
1999-07-29,0.27963469447632117,0.0,1.0
1999-07-30,0.17031507023167217,1.0,1.0
1999-08-02,0.06131878533528811,1.0,1.0
1999-08-03,0.054524603616687345,1.0,1.0
1999-08-04,0.1653956605595624,1.0,1.0
1999-08-05,0.07129872288047197,1.0,1.0
1999-08-06,0.07612259159901898,1.0,1.0
1999-08-09,0.033509562730127056,1.0,1.0
1999-08-10,0.058370963550970406,1.0,1.0
1999-08-11,0.15974989049248461,1.0,1.0
1999-08-12,0.05683597639934576,1.0,1.0
1999-08-13,0.5764604179228492,0.0,1.0
1999-08-16,0.25889824341340417,0.0,1.0
1999-08-17,0.1713330274184493,1.0,1.0
1999-08-18,0.1087920689805538,1.0,1.0
1999-08-19,0.07377354321986838,1.0,1.0
1999-08-20,0.04520877990892666,1.0,1.0
1999-08-23,0.18974412889659945,1.0,1.0
1999-08-24,0.06446852396589359,1.0,1.0
1999-08-25,0.06678767338663708,1.0,1.0
1999-08-26,0.10488495263826546,1.0,1.0
1999-08-27,0.10222797091403178,1.0,1.0
1999-08-30,0.5082788551952719,0.0,1.0
1999-08-31,0.22658909036898045,0.0,1.0
1999-09-01,0.11302943032813002,1.0,1.0
1999-09-02,0.0869211172591295,1.0,1.0
1999-09-03,0.974184839798609,0.0,0.0
1999-09-07,0.7247017458859424,0.0,0.0
1999-09-08,0.4693197435404287,0.0,0.0
1999-09-09,0.19574913856823775,1.0,0.0
1999-09-10,0.07349939823016155,1.0,1.0
1999-09-13,0.042287881642015246,1.0,1.0
1999-09-14,0.02303384656682879,1.0,1.0
1999-09-15,0.0606840368512257,1.0,1.0
1999-09-16,0.02349171261801557,1.0,1.0
1999-09-17,0.03376394954530044,1.0,1.0
1999-09-20,0.013682235855964406,1.0,1.0
1999-09-21,0.2821823081178942,0.0,1.0
1999-09-22,0.10294148686121779,1.0,1.0
1999-09-23,0.9120833682438722,0.0,0.0
1999-09-24,0.6067780932352201,0.0,0.0
1999-09-27,0.2943248725235321,0.0,0.0
1999-09-28,0.11455312991151113,1.0,0.0
1999-09-29,0.0785939923966993,1.0,0.0
1999-09-30,0.04991481614590552,1.0,1.0
1999-10-01,0.019548562097228286,1.0,1.0
1999-10-04,0.0893330155571867,1.0,1.0
1999-10-05,0.03149399761399023,1.0,1.0
1999-10-06,0.1770249066763755,1.0,1.0
1999-10-07,0.07976984405641785,1.0,1.0
1999-10-08,0.06772883012960414,1.0,1.0
1999-10-11,0.023988933298900963,1.0,1.0
1999-10-12,0.20758185962677533,1.0,1.0
1999-10-13,0.856007876595413,0.0,1.0
1999-10-14,0.5146394386901212,0.0,1.0
1999-10-15,0.9972688780208516,0.0,0.0
1999-10-18,0.7279212040460936,0.0,0.0
1999-10-19,0.4742444820657764,0.0,0.0
1999-10-20,0.8172545631535006,0.0,0.0
1999-10-21,0.4817660655119347,0.0,0.0
1999-10-22,0.49402757319237095,0.0,0.0
1999-10-25,0.25042324496719975,0.0,0.0
1999-10-26,0.1868805185063532,1.0,0.0
1999-10-27,0.1085186303188306,1.0,0.0
1999-10-28,0.9985870268037352,0.0,0.0
1999-10-29,0.9692691478345123,0.0,0.0
1999-11-01,0.7238798689604209,0.0,0.0
1999-11-02,0.4127541712716033,0.0,0.0
1999-11-03,0.2084291390627537,1.0,0.0
1999-11-04,0.09326697333427374,1.0,0.0
1999-11-05,0.04877912263647006,1.0,1.0
1999-11-08,0.022457767446788724,1.0,1.0
1999-11-09,0.021232381828010186,1.0,1.0
1999-11-10,0.01185464386989126,1.0,1.0
1999-11-11,0.007712325716946606,1.0,1.0
1999-11-12,0.01566266324743584,1.0,1.0
1999-11-15,0.008350680895250862,1.0,1.0
1999-11-16,0.10515346296049492,1.0,1.0
1999-11-17,0.057661252055568615,1.0,1.0
1999-11-18,0.053426899598395035,1.0,1.0
1999-11-19,0.020219848579879948,1.0,1.0
1999-11-22,0.009685772982019614,1.0,1.0
1999-11-23,0.03909966627186379,1.0,1.0
1999-11-24,0.02616975093077846,1.0,1.0
1999-11-26,0.011433941656084592,1.0,1.0
1999-11-29,0.011736115661597869,1.0,1.0
1999-11-30,0.04464671406082181,1.0,1.0
1999-12-01,0.019727847530607176,1.0,1.0
1999-12-02,0.025890951056593326,1.0,1.0
1999-12-03,0.08517853848407939,1.0,1.0
1999-12-06,0.0374238180364389,1.0,1.0
1999-12-07,0.019051400685888696,1.0,1.0
1999-12-08,0.009565790465040991,1.0,1.0
1999-12-09,0.006802074287388478,1.0,1.0
1999-12-10,0.006750685217752392,1.0,1.0
1999-12-13,0.00576505437123207,1.0,1.0
1999-12-14,0.03528368514277002,1.0,1.0
1999-12-15,0.0167433615880525,1.0,1.0
1999-12-16,0.010767353001169174,1.0,1.0
1999-12-17,0.007022550348810662,1.0,1.0
1999-12-20,0.005997970973677839,1.0,1.0
1999-12-21,0.029590006533987554,1.0,1.0
1999-12-22,0.01299934759607037,1.0,1.0
1999-12-23,0.02944631583115459,1.0,1.0
1999-12-27,0.013383342864530641,1.0,1.0
1999-12-28,0.007714200426671577,1.0,1.0
1999-12-29,0.007919817418234748,1.0,1.0
1999-12-30,0.006093271437047005,1.0,1.0
1999-12-31,0.00651572186768685,1.0,1.0
2000-01-03,0.010589093667399942,1.0,1.0
2000-01-04,0.9999895832643777,0.0,0.0
2000-01-05,0.7398161936376063,0.0,0.0
2000-01-06,0.5514245416798463,0.0,0.0
2000-01-07,0.9996680588004637,0.0,0.0
2000-01-10,0.973019841159329,0.0,0.0
2000-01-11,0.9799839366855523,0.0,0.0
2000-01-12,0.8062619915333425,0.0,0.0
2000-01-13,0.8715013045156952,0.0,0.0
2000-01-14,0.7592750582809608,0.0,0.0
2000-01-18,0.4327773573334844,0.0,0.0
2000-01-19,0.18551981416756555,1.0,0.0
2000-01-20,0.07642202403621157,1.0,0.0
2000-01-21,0.026811525888504495,1.0,1.0
2000-01-24,0.919056768358451,0.0,0.0
2000-01-25,0.631351624238051,0.0,0.0
2000-01-26,0.35269009931270334,0.0,0.0
2000-01-27,0.16557788832726023,1.0,0.0
2000-01-28,0.9946339299996352,0.0,0.0
2000-01-31,0.9420380953318903,0.0,0.0
2000-02-01,0.9617454818603557,0.0,0.0
2000-02-02,0.8301462252379159,0.0,0.0
2000-02-03,0.915392757179747,0.0,0.0
2000-02-04,0.7567750145147082,0.0,0.0
2000-02-07,0.5546940040889304,0.0,0.0
2000-02-08,0.6339959866229106,0.0,0.0
2000-02-09,0.9616053630305762,0.0,0.0
2000-02-10,0.8574986352538346,0.0,0.0
2000-02-11,0.9806362715246009,0.0,0.0
2000-02-14,0.8653629686185005,0.0,0.0
2000-02-15,0.7510329615157171,0.0,0.0
2000-02-16,0.638138965203851,0.0,0.0
2000-02-17,0.4385728242846883,1.0,0.0
2000-02-18,0.9980937977726788,0.0,0.0
2000-02-22,0.8952453270282792,0.0,0.0
2000-02-23,0.8983206617543142,0.0,0.0
2000-02-24,0.7296689797275115,0.0,0.0
2000-02-25,0.7878897096169587,0.0,0.0
2000-02-28,0.673404608359263,0.0,0.0
2000-02-29,0.9506633849851183,0.0,0.0
2000-03-01,0.955766372780445,0.0,0.0
2000-03-02,0.823976079624858,0.0,0.0
2000-03-03,0.9956128103991261,0.0,0.0
2000-03-06,0.9382266357347012,0.0,0.0
2000-03-07,0.9983661996667967,0.0,0.0
2000-03-08,0.9238197151234652,0.0,0.0
2000-03-09,0.9983093010486612,0.0,0.0
2000-03-10,0.9195479438356668,0.0,0.0
2000-03-13,0.9690064372696621,0.0,0.0
2000-03-14,0.999299300168528,0.0,0.0
2000-03-15,0.9383415473401031,0.0,0.0
2000-03-16,0.9999999851338376,0.0,0.0
2000-03-17,0.9200362120520885,0.0,0.0
2000-03-20,0.9848954689956132,0.0,0.0
2000-03-21,0.9949772783541915,0.0,0.0
2000-03-22,0.9675349809967008,0.0,0.0
2000-03-23,0.9693317690940839,0.0,0.0
2000-03-24,0.8430143099726362,0.0,0.0
2000-03-27,0.6975280762893794,0.0,0.0
2000-03-28,0.8661244839772758,0.0,0.0
2000-03-29,0.8608326540987667,0.0,0.0
2000-03-30,0.9789899908955434,0.0,0.0
2000-03-31,0.9494779458700999,0.0,0.0
2000-04-03,0.987413129279896,0.0,0.0
2000-04-04,0.9730113432311516,0.0,0.0
2000-04-05,0.8502577449355088,0.0,0.0
2000-04-06,0.9222954914260446,0.0,0.0
2000-04-07,0.9450090020596509,0.0,0.0
2000-04-10,0.9956868076520539,0.0,0.0
2000-04-11,0.964169158936853,0.0,0.0
2000-04-12,0.9999752464846672,0.0,0.0
2000-04-13,0.9964064445787555,0.0,0.0
2000-04-14,1.0,0.0,0.0
2000-04-17,0.9999547141466106,0.0,0.0
2000-04-18,0.9999998357870196,0.0,0.0
2000-04-19,0.9528721952850031,0.0,0.0
2000-04-20,0.8145891042699807,0.0,0.0
2000-04-24,0.834695909350893,0.0,0.0
2000-04-25,0.9999986311832618,0.0,0.0
2000-04-26,0.980048253555974,0.0,0.0
2000-04-27,0.9046797207650082,0.0,0.0
2000-04-28,0.7370058505113162,0.0,0.0
2000-05-01,0.8430116810713154,0.0,0.0
2000-05-02,0.9939319056512337,0.0,0.0
2000-05-03,0.9986931157148214,0.0,0.0
2000-05-04,0.8969728159007692,0.0,0.0
2000-05-05,0.943650697510697,0.0,0.0
2000-05-08,0.9235480363349432,0.0,0.0
2000-05-09,0.9412126749578364,0.0,0.0
2000-05-10,0.9998465096336084,0.0,0.0
2000-05-11,0.9973469625304803,0.0,0.0
2000-05-12,0.9299752340828001,0.0,0.0
2000-05-15,0.994654108928653,0.0,0.0
2000-05-16,0.9687393457849139,0.0,0.0
2000-05-17,0.9772630175696913,0.0,0.0
2000-05-18,0.9594211157231938,0.0,0.0
2000-05-19,0.9994305480704052,0.0,0.0
2000-05-22,0.942451544688964,0.0,0.0
2000-05-23,0.9992448245466803,0.0,0.0
2000-05-24,0.9857321568299383,0.0,0.0
2000-05-25,0.9779002039941613,0.0,0.0
2000-05-26,0.8669909427830619,0.0,0.0
2000-05-30,0.9999989546399971,0.0,0.0
2000-05-31,0.90826521849876,0.0,0.0
2000-06-01,0.9985932915959158,0.0,0.0
2000-06-02,0.9999389000888815,0.0,0.0
2000-06-05,0.9168766274974088,0.0,0.0
2000-06-06,0.8815145315723237,0.0,0.0
2000-06-07,0.8757414736021005,0.0,0.0
2000-06-08,0.7828672662383319,0.0,0.0
2000-06-09,0.5702495051946578,0.0,0.0
2000-06-12,0.7254069333576438,0.0,0.0
2000-06-13,0.8493988935667957,0.0,0.0
2000-06-14,0.6726798476469711,0.0,0.0
2000-06-15,0.4833922450944418,1.0,0.0
2000-06-16,0.43685381648708926,1.0,0.0
2000-06-19,0.7649024287816234,0.0,0.0
2000-06-20,0.5799673235524205,0.0,0.0
2000-06-21,0.372472444577685,1.0,0.0
2000-06-22,0.9170871570548642,0.0,0.0
2000-06-23,0.902172428641952,0.0,0.0
2000-06-26,0.8393885124379167,0.0,0.0
2000-06-27,0.7286476090826616,0.0,0.0
2000-06-28,0.6152129517459642,0.0,0.0
2000-06-29,0.5417161546022019,0.0,0.0
2000-06-30,0.4154921182614038,1.0,0.0
2000-07-03,0.3753337329031961,1.0,0.0
2000-07-05,0.8213008460702883,0.0,0.0
2000-07-06,0.7494984928447734,0.0,0.0
2000-07-07,0.8658340061648702,0.0,0.0
2000-07-10,0.6890769934041717,0.0,0.0
2000-07-11,0.46426493724594137,1.0,0.0
2000-07-12,0.6012562780715772,0.0,0.0
2000-07-13,0.4172432965851279,1.0,0.0
2000-07-14,0.38078775927333447,1.0,0.0
2000-07-17,0.20768951331162414,1.0,0.0
2000-07-18,0.4709098653967838,1.0,0.0
2000-07-19,0.639302642829372,0.0,0.0
2000-07-20,0.7592085971966236,0.0,0.0
2000-07-21,0.8923344224817997,0.0,0.0
2000-07-24,0.9595271260137855,0.0,0.0
2000-07-25,0.8500554067152273,0.0,0.0
2000-07-26,0.9272381773609066,0.0,0.0
2000-07-27,0.8978133908638634,0.0,0.0
2000-07-28,0.9987136087690998,0.0,0.0
2000-07-31,0.9535331005764669,0.0,0.0
2000-08-01,0.8578221424246211,0.0,0.0
2000-08-02,0.6796083373482896,0.0,0.0
2000-08-03,0.6939901136745699,0.0,0.0
2000-08-04,0.6210763005539651,0.0,0.0
2000-08-07,0.6636016833235294,0.0,0.0
2000-08-08,0.43906136199816437,1.0,0.0
2000-08-09,0.3441876553528086,1.0,0.0
2000-08-10,0.4294056031609115,1.0,0.0
2000-08-11,0.3591517384581226,1.0,0.0
2000-08-14,0.45698496536229305,1.0,0.0
2000-08-15,0.32150263731755047,1.0,0.0
2000-08-16,0.17842452871566095,1.0,0.0
2000-08-17,0.21239840886742578,1.0,0.0
2000-08-18,0.11900408865007292,1.0,1.0
2000-08-21,0.06293875522144089,1.0,1.0
2000-08-22,0.032360073081700504,1.0,1.0
2000-08-23,0.02251559522548231,1.0,1.0
2000-08-24,0.015124744453751624,1.0,1.0
2000-08-25,0.01139435912556631,1.0,1.0
2000-08-28,0.011012498871792257,1.0,1.0
2000-08-29,0.009588584130097139,1.0,1.0
2000-08-30,0.009227780615829158,1.0,1.0
2000-08-31,0.024996912548746728,1.0,1.0
2000-09-01,0.01657687232636372,1.0,1.0
2000-09-05,0.035009654128364015,1.0,1.0
2000-09-06,0.1009908684737638,1.0,1.0
2000-09-07,0.0774306208771442,1.0,1.0
2000-09-08,0.08505953209945666,1.0,1.0
2000-09-11,0.055583047018803,1.0,1.0
2000-09-12,0.04025867767867445,1.0,1.0
2000-09-13,0.022670200223874552,1.0,1.0
2000-09-14,0.014479535339110429,1.0,1.0
2000-09-15,0.057956868340313626,1.0,1.0
2000-09-18,0.49858512783628345,1.0,1.0
2000-09-19,0.5878850088551989,0.0,1.0
2000-09-20,0.4216873197512739,1.0,1.0
2000-09-21,0.30932106242317325,1.0,1.0
2000-09-22,0.17157757552016917,1.0,1.0
2000-09-25,0.12258023671364617,1.0,1.0
2000-09-26,0.15637479739900953,1.0,1.0
2000-09-27,0.08209603599315962,1.0,1.0
2000-09-28,0.8386326084754075,0.0,1.0
2000-09-29,0.920311077422075,0.0,1.0
2000-10-02,0.8679134917993222,0.0,1.0
2000-10-03,0.9367049666771036,0.0,1.0
2000-10-04,0.8469164394365576,0.0,1.0
2000-10-05,0.6852043474537781,0.0,1.0
2000-10-06,0.9923442202042292,0.0,1.0
2000-10-09,0.925737556499862,0.0,1.0
2000-10-10,0.9735870821468647,0.0,1.0
2000-10-11,0.9951330802281608,0.0,0.0
2000-10-12,0.9999779206055033,0.0,0.0
2000-10-13,0.9999999263971047,0.0,0.0
2000-10-16,0.9245473789156339,0.0,0.0
2000-10-17,0.995408125922512,0.0,0.0
2000-10-18,0.961077638881946,0.0,0.0
2000-10-19,0.9999991792192012,0.0,0.0
2000-10-20,0.9581244029393684,0.0,0.0
2000-10-23,0.8434090367564929,0.0,0.0
2000-10-24,0.6674328853908664,0.0,0.0
2000-10-25,0.9983512344964771,0.0,0.0
2000-10-26,0.9206112820906365,0.0,0.0
2000-10-27,0.8686292034524352,0.0,0.0
2000-10-30,0.776446245470127,0.0,0.0
2000-10-31,0.9991929237667642,0.0,0.0
2000-11-01,0.9422952201664828,0.0,0.0
2000-11-02,0.9137248331642944,0.0,0.0
2000-11-03,0.7682770746403886,0.0,0.0
2000-11-06,0.5572069720156948,1.0,0.0
2000-11-07,0.3452953160822218,1.0,0.0
2000-11-08,0.9353908956777347,0.0,0.0
2000-11-09,0.9236641845870144,0.0,0.0
2000-11-10,0.9998501299548057,0.0,0.0
2000-11-13,0.9902137057451929,0.0,0.0
2000-11-14,0.9998221157463695,0.0,0.0
2000-11-15,0.9381415197188244,0.0,0.0
2000-11-16,0.9884169947550373,0.0,0.0
2000-11-17,0.9283660872582858,0.0,0.0
2000-11-20,0.999528314100656,0.0,0.0
2000-11-21,0.9239519556209215,0.0,0.0
2000-11-22,0.9976169955627522,0.0,0.0
2000-11-24,0.9980708845197301,0.0,0.0
2000-11-27,0.9223513588980101,0.0,0.0
2000-11-28,0.9863542951252814,0.0,0.0
2000-11-29,0.896988915799948,0.0,0.0
2000-11-30,0.9957404121890495,0.0,0.0
2000-12-01,0.9267974859567842,0.0,0.0
2000-12-04,0.7974900081597159,0.0,0.0
2000-12-05,0.9999999972003688,0.0,0.0
2000-12-06,0.9973499342887483,0.0,0.0
2000-12-07,0.9467780608607463,0.0,0.0
2000-12-08,0.9998142917086151,0.0,0.0
2000-12-11,0.9723651460947518,0.0,0.0
2000-12-12,0.9618353895596721,0.0,0.0
2000-12-13,0.9618727035047201,0.0,0.0
2000-12-14,0.9945700652475152,0.0,0.0
2000-12-15,0.9984633006173013,0.0,0.0
2000-12-18,0.9359023422419199,0.0,0.0
2000-12-19,0.9868700527596712,0.0,0.0
2000-12-20,0.999999801486123,0.0,0.0
2000-12-21,0.9357569934805928,0.0,0.0
2000-12-22,0.9999523250855678,0.0,0.0
2000-12-26,0.9361969120563416,0.0,0.0
2000-12-27,0.9518395321663936,0.0,0.0
2000-12-28,0.899348231818611,0.0,0.0
2000-12-29,0.9428592478898571,0.0,0.0
2001-01-02,0.9999993534384741,0.0,0.0
2001-01-03,0.999999999999841,0.0,0.0
2001-01-04,0.9881575532535685,0.0,0.0
2001-01-05,0.999988530368086,0.0,0.0
2001-01-08,0.9366746460995902,0.0,0.0
2001-01-09,0.8290599320384524,0.0,0.0
2001-01-10,0.910054404908354,0.0,0.0
2001-01-11,0.939838272380015,0.0,0.0
2001-01-12,0.8458445390616313,0.0,0.0
2001-01-16,0.7299845781120979,0.0,0.0
2001-01-17,0.5253856788350231,1.0,0.0
2001-01-18,0.5763924497895591,0.0,0.0
2001-01-19,0.4706965572549674,1.0,0.0
2001-01-22,0.2714954552352293,1.0,0.0
2001-01-23,0.5756712751272727,0.0,0.0
2001-01-24,0.36616228520372474,1.0,0.0
2001-01-25,0.3567784136400043,1.0,0.0
2001-01-26,0.19575600216342137,1.0,0.0
2001-01-29,0.16609310780801226,1.0,0.0
2001-01-30,0.1060062459205886,1.0,1.0
2001-01-31,0.0675330591211409,1.0,1.0
2001-02-01,0.03626449109200552,1.0,1.0
2001-02-02,0.500557337629779,0.0,1.0
2001-02-05,0.2878159866369694,1.0,1.0
2001-02-06,0.1450482506577063,1.0,1.0
2001-02-07,0.15515575741440313,1.0,1.0
2001-02-08,0.12555460552414058,1.0,1.0
2001-02-09,0.3772313031477385,1.0,1.0
2001-02-12,0.39595472911718166,1.0,1.0
2001-02-13,0.41659421702150873,1.0,1.0
2001-02-14,0.22926252514497716,1.0,1.0
2001-02-15,0.19247872660892162,1.0,1.0
2001-02-16,0.8327876164323549,0.0,1.0
2001-02-20,0.9895730069693172,0.0,0.0
2001-02-21,0.9969087463831455,0.0,0.0
2001-02-22,0.9339154136253489,0.0,0.0
2001-02-23,0.8276957475231371,0.0,0.0
2001-02-26,0.9755609944708107,0.0,0.0
2001-02-27,0.9689322763415612,0.0,0.0
2001-02-28,0.9854267443967307,0.0,0.0
2001-03-01,0.8888459453537206,0.0,0.0
2001-03-02,0.7879713832044244,0.0,0.0
2001-03-05,0.6176082016742925,0.0,0.0
2001-03-06,0.6068243153638584,0.0,0.0
2001-03-07,0.42890035659222975,1.0,0.0
2001-03-08,0.2448748843259988,1.0,0.0
2001-03-09,0.9897106139971061,0.0,0.0
2001-03-12,0.9999999993427077,0.0,0.0
2001-03-13,0.9898812678101929,0.0,0.0
2001-03-14,0.9998364586404418,0.0,0.0
2001-03-15,0.9209163911016734,0.0,0.0
2001-03-16,0.9974002462943683,0.0,0.0
2001-03-19,0.9950316168473768,0.0,0.0
2001-03-20,0.9997618350355784,0.0,0.0
2001-03-21,0.9979926594673283,0.0,0.0
2001-03-22,0.9329514720420545,0.0,0.0
2001-03-23,0.9935837141988281,0.0,0.0
2001-03-26,0.9599622442317952,0.0,0.0
2001-03-27,0.9987946763193813,0.0,0.0
2001-03-28,0.9999073260795003,0.0,0.0
2001-03-29,0.9424886493945407,0.0,0.0
2001-03-30,0.9285245264922399,0.0,0.0
2001-04-02,0.984141148704249,0.0,0.0
2001-04-03,0.9999998815212051,0.0,0.0
2001-04-04,0.9331642147965529,0.0,0.0
2001-04-05,0.9999999994909192,0.0,0.0
2001-04-06,0.9990689014697818,0.0,0.0
2001-04-09,0.9485204963099507,0.0,0.0
2001-04-10,0.9998583737758193,0.0,0.0
2001-04-11,0.9204885525326376,0.0,0.0
2001-04-12,0.9632731849973223,0.0,0.0
2001-04-16,0.8819282809058865,0.0,0.0
2001-04-17,0.8617191792151772,0.0,0.0
2001-04-18,0.9999996060878791,0.0,0.0
2001-04-19,0.9855558015413255,0.0,0.0
2001-04-20,0.9523659049299998,0.0,0.0
2001-04-23,0.9916188338227391,0.0,0.0
2001-04-24,0.9764867678971098,0.0,0.0
2001-04-25,0.9864859637021152,0.0,0.0
2001-04-26,0.9007759237890619,0.0,0.0
2001-04-27,0.9436771683127078,0.0,0.0
2001-04-30,0.8106559175865893,0.0,0.0
2001-05-01,0.8763532771382551,0.0,0.0
2001-05-02,0.708197122103092,0.0,0.0
2001-05-03,0.9348111412613845,0.0,0.0
2001-05-04,0.956353179409022,0.0,0.0
2001-05-07,0.8579374361701356,0.0,0.0
2001-05-08,0.6787563267756976,0.0,0.0
2001-05-09,0.5336685597457607,0.0,0.0
2001-05-10,0.3225260387623726,1.0,0.0
2001-05-11,0.28308464267864103,1.0,0.0
2001-05-14,0.14178659885124267,1.0,0.0
2001-05-15,0.06789024809296448,1.0,1.0
2001-05-16,0.9716021435870917,0.0,0.0
2001-05-17,0.8797553515593936,0.0,0.0
2001-05-18,0.7060259914212945,0.0,0.0
2001-05-21,0.9462717458414294,0.0,0.0
2001-05-22,0.8246170519077933,0.0,0.0
2001-05-23,0.9755561107454968,0.0,0.0
2001-05-24,0.8792322374496673,0.0,0.0
2001-05-25,0.8937452780172496,0.0,0.0
2001-05-29,0.907703349617691,0.0,0.0
2001-05-30,0.9880472001232957,0.0,0.0
2001-05-31,0.9240261048650118,0.0,0.0
2001-06-01,0.8052799453497053,0.0,0.0
2001-06-04,0.6302092812645147,0.0,0.0
2001-06-05,0.790589613904691,0.0,0.0
2001-06-06,0.8040135175880727,0.0,0.0
2001-06-07,0.6377069579255298,0.0,0.0
2001-06-08,0.6862526110158684,0.0,0.0
2001-06-11,0.7236619585087168,0.0,0.0
2001-06-12,0.4985770881800502,0.0,0.0
2001-06-13,0.5979198519739781,0.0,0.0
2001-06-14,0.9729984888529248,0.0,0.0
2001-06-15,0.896524022039935,0.0,0.0
2001-06-18,0.8203395835460282,0.0,0.0
2001-06-19,0.6194561845984945,0.0,0.0
2001-06-20,0.6085713854469226,0.0,0.0
2001-06-21,0.5594932673607456,0.0,0.0
2001-06-22,0.6269036773862924,0.0,0.0
2001-06-25,0.4955699969860779,0.0,0.0
2001-06-26,0.28689266759921184,1.0,0.0
2001-06-27,0.15719471270480082,1.0,0.0
2001-06-28,0.24684311429243558,1.0,0.0
2001-06-29,0.12769663266821324,1.0,1.0
2001-07-02,0.07339400492728557,1.0,1.0
2001-07-03,0.039808950469915505,1.0,1.0
2001-07-05,0.11315754236775431,1.0,1.0
2001-07-06,0.9360211575121385,0.0,1.0
2001-07-09,0.8302143091388406,0.0,1.0
2001-07-10,0.9495172824787224,0.0,0.0
2001-07-11,0.8317186091292383,0.0,0.0
2001-07-12,0.9969470390870476,0.0,0.0
2001-07-13,0.9241321843360276,0.0,0.0
2001-07-16,0.9420929948714236,0.0,0.0
2001-07-17,0.9092663267668796,0.0,0.0
2001-07-18,0.8495241481446425,0.0,0.0
2001-07-19,0.6891541862211265,0.0,0.0
2001-07-20,0.5027847328739755,0.0,0.0
2001-07-23,0.855615507661805,0.0,0.0
2001-07-24,0.979053558906767,0.0,0.0
2001-07-25,0.9703481480885543,0.0,0.0
2001-07-26,0.9495860048194793,0.0,0.0
2001-07-27,0.822508213994132,0.0,0.0
2001-07-30,0.6307294469619156,0.0,0.0
2001-07-31,0.435805980759354,1.0,0.0
2001-08-01,0.3231708431673358,1.0,0.0
2001-08-02,0.17631059068521512,1.0,0.0
2001-08-03,0.11712945508064616,1.0,1.0
2001-08-06,0.21598797822493454,1.0,1.0
2001-08-07,0.1085461734066019,1.0,1.0
2001-08-08,0.5650226271932844,0.0,1.0
2001-08-09,0.35328217804383605,1.0,1.0
2001-08-10,0.20624972662964847,1.0,1.0
2001-08-13,0.10368055357013699,1.0,1.0
2001-08-14,0.05891903486126332,1.0,1.0
2001-08-15,0.058608103926410395,1.0,1.0
2001-08-16,0.031034519827409155,1.0,1.0
2001-08-17,0.2496044302447706,1.0,1.0
2001-08-20,0.16946156103129323,1.0,1.0
2001-08-21,0.32160624814895367,1.0,1.0
2001-08-22,0.22259135339147818,1.0,1.0
2001-08-23,0.12824999554119224,1.0,1.0
2001-08-24,0.5428211739686442,0.0,1.0
2001-08-27,0.3876564761145213,1.0,1.0
2001-08-28,0.7279552314734578,0.0,1.0
2001-08-29,0.7566473626838479,0.0,1.0
2001-08-30,0.9503516168877428,0.0,0.0
2001-08-31,0.8476139953542532,0.0,0.0
2001-09-04,0.6785929578565554,0.0,0.0
2001-09-05,0.49946498020430524,0.0,0.0
2001-09-06,0.9784842275557508,0.0,0.0
2001-09-07,0.9963597571915751,0.0,0.0
2001-09-10,0.9301957517742446,0.0,0.0
2001-09-17,0.9999999999958522,0.0,0.0
2001-09-18,0.9689609331236778,0.0,0.0
2001-09-19,0.992441610814996,0.0,0.0
2001-09-20,0.9999923361340939,0.0,0.0
2001-09-21,0.9987051374828111,0.0,0.0
2001-09-24,0.9999998432968271,0.0,0.0
2001-09-25,0.9533905249736186,0.0,0.0
2001-09-26,0.9036891848909461,0.0,0.0
2001-09-27,0.8871743759907394,0.0,0.0
2001-09-28,0.9951545699773802,0.0,0.0
2001-10-01,0.9414008100425103,0.0,0.0
2001-10-02,0.9301691055795094,0.0,0.0
2001-10-03,0.997123726388716,0.0,0.0
2001-10-04,0.9301550218781482,0.0,0.0
2001-10-05,0.8010620228075395,0.0,0.0
2001-10-08,0.7663455433104465,0.0,0.0
2001-10-09,0.6431819422182332,0.0,0.0
2001-10-10,0.9887203167357285,0.0,0.0
2001-10-11,0.9921352089674035,0.0,0.0
2001-10-12,0.9443700931996579,0.0,0.0
2001-10-15,0.83028207560972,0.0,0.0
2001-10-16,0.7349668241017272,0.0,0.0
2001-10-17,0.987495071586973,0.0,0.0
2001-10-18,0.9491314605062336,0.0,0.0
2001-10-19,0.8576952344951515,0.0,0.0
2001-10-22,0.9327689134718952,0.0,0.0
2001-10-23,0.8533978210330571,0.0,0.0
2001-10-24,0.6769766505681439,0.0,0.0
2001-10-25,0.8104305776271135,0.0,0.0
2001-10-26,0.6363800543351676,0.0,0.0
2001-10-29,0.9949167582253403,0.0,0.0
2001-10-30,0.9969437580039011,0.0,0.0
2001-10-31,0.92730366609954,0.0,0.0
2001-11-01,0.994001169658355,0.0,0.0
2001-11-02,0.9213262680756095,0.0,0.0
2001-11-05,0.9491623190349101,0.0,0.0
2001-11-06,0.9643810690505736,0.0,0.0
2001-11-07,0.8740722938324682,0.0,0.0
2001-11-08,0.7083024172490252,0.0,0.0
2001-11-09,0.4899584518203973,0.0,0.0
2001-11-12,0.2911421190927758,1.0,0.0
2001-11-13,0.7631371261225229,0.0,0.0
2001-11-14,0.5683671106445843,0.0,0.0
2001-11-15,0.3527886483371998,1.0,0.0
2001-11-16,0.20675071876745882,1.0,0.0
2001-11-19,0.2429994443761221,1.0,0.0
2001-11-20,0.23149302962319537,1.0,0.0
2001-11-21,0.15333724438695012,1.0,0.0
2001-11-23,0.1919277500501796,1.0,0.0
2001-11-26,0.130453906421042,1.0,0.0
2001-11-27,0.09394982807950837,1.0,1.0
2001-11-28,0.5811796096183182,0.0,1.0
2001-11-29,0.6138170896718025,0.0,1.0
2001-11-30,0.4055661701773183,1.0,1.0
2001-12-03,0.40806725971103097,1.0,1.0
2001-12-04,0.6092442251726238,0.0,1.0
2001-12-05,0.984114916480544,0.0,0.0
2001-12-06,0.9051944119153557,0.0,0.0
2001-12-07,0.8596022878682122,0.0,0.0
2001-12-10,0.9631961943140321,0.0,0.0
2001-12-11,0.8706619166939977,0.0,0.0
2001-12-12,0.7036173212520237,0.0,0.0
2001-12-13,0.91609948039883,0.0,0.0
2001-12-14,0.7824462537685233,0.0,0.0
2001-12-17,0.7614038441063938,0.0,0.0
2001-12-18,0.6725434120500778,0.0,0.0
2001-12-19,0.4757692417825538,0.0,0.0
2001-12-20,0.5084382526511321,0.0,0.0
2001-12-21,0.34458581690751144,1.0,0.0
2001-12-24,0.18382889145381232,1.0,0.0
2001-12-26,0.10303918363423828,1.0,1.0
2001-12-27,0.06915882287049205,1.0,1.0
2001-12-28,0.03858849590234078,1.0,1.0
2001-12-31,0.07129584715352587,1.0,1.0
2002-01-02,0.04009078870365982,1.0,1.0
2002-01-03,0.04610646893327871,1.0,1.0
2002-01-04,0.034849008663385875,1.0,1.0
2002-01-07,0.03611186033806432,1.0,1.0
2002-01-08,0.023075504346533174,1.0,1.0
2002-01-09,0.020193923319905938,1.0,1.0
2002-01-10,0.013980336076490045,1.0,1.0
2002-01-11,0.026755577332622404,1.0,1.0
2002-01-14,0.03865367504002167,1.0,1.0
2002-01-15,0.02942646011766759,1.0,1.0
2002-01-16,0.2364695542103955,1.0,1.0
2002-01-17,0.24519188945331732,1.0,1.0
2002-01-18,0.34567114764564943,1.0,1.0
2002-01-22,0.33044617615857497,1.0,1.0
2002-01-23,0.2827642499900897,1.0,1.0
2002-01-24,0.15569468116625132,1.0,1.0
2002-01-25,0.07650104248598182,1.0,1.0
2002-01-28,0.03887103323290344,1.0,1.0
2002-01-29,0.9420745894285346,0.0,0.0
2002-01-30,0.914523122152643,0.0,0.0
2002-01-31,0.9364716372286157,0.0,0.0
2002-02-01,0.8908608888742692,0.0,0.0
2002-02-04,0.9988660376195945,0.0,0.0
2002-02-05,0.9423673349586986,0.0,0.0
2002-02-06,0.9206066256791933,0.0,0.0
2002-02-07,0.831529127891233,0.0,0.0
2002-02-08,0.9359198055639969,0.0,0.0
2002-02-11,0.9485943532598707,0.0,0.0
2002-02-12,0.8613350824881932,0.0,0.0
2002-02-13,0.8275258862363206,0.0,0.0
2002-02-14,0.6737473673000224,0.0,0.0
2002-02-15,0.7723383637721035,0.0,0.0
2002-02-19,0.9845560752331062,0.0,0.0
2002-02-20,0.9767674672618697,0.0,0.0
2002-02-21,0.9900627606094577,0.0,0.0
2002-02-22,0.9470127372055182,0.0,0.0
2002-02-25,0.9802661345884851,0.0,0.0
2002-02-26,0.9044501455699006,0.0,0.0
2002-02-27,0.7675015267121693,0.0,0.0
2002-02-28,0.6072935031162949,0.0,0.0
2002-03-01,0.9759005663161849,0.0,0.0
2002-03-04,0.9955152821334791,0.0,0.0
2002-03-05,0.9546826284910485,0.0,0.0
2002-03-06,0.9646642162720431,0.0,0.0
2002-03-07,0.8995293854900956,0.0,0.0
2002-03-08,0.8175528413052618,0.0,0.0
2002-03-11,0.6428732797765473,0.0,0.0
2002-03-12,0.4617511969887753,1.0,0.0
2002-03-13,0.4870247451203156,1.0,0.0
2002-03-14,0.29325719433034386,1.0,0.0
2002-03-15,0.29860573535018026,1.0,0.0
2002-03-18,0.15790493399913094,1.0,0.0
2002-03-19,0.08316238784411388,1.0,1.0
2002-03-20,0.3232081879129462,1.0,1.0
2002-03-21,0.17885138243106916,1.0,1.0
2002-03-22,0.11311927827276576,1.0,1.0
2002-03-25,0.35874832629464654,1.0,1.0
2002-03-26,0.23443314396193501,1.0,1.0
2002-03-27,0.14123478134617393,1.0,1.0
2002-03-28,0.07300415540601493,1.0,1.0
2002-04-01,0.03966183529455157,1.0,1.0
2002-04-02,0.05769860267366744,1.0,1.0
2002-04-03,0.08605986334978129,1.0,1.0
2002-04-04,0.04405747918951885,1.0,1.0
2002-04-05,0.02785817188275348,1.0,1.0
2002-04-08,0.01853747801516126,1.0,1.0
2002-04-09,0.02106761937208589,1.0,1.0
2002-04-10,0.039028095000825595,1.0,1.0
2002-04-11,0.7698962549081518,0.0,1.0
2002-04-12,0.6882183912452784,0.0,1.0
2002-04-15,0.6119506090767501,0.0,1.0
2002-04-16,0.9797185196740094,0.0,0.0
2002-04-17,0.9124457826488649,0.0,0.0
2002-04-18,0.7899954508543814,0.0,0.0
2002-04-19,0.5984142809164736,0.0,0.0
2002-04-22,0.8701788743370226,0.0,0.0
2002-04-23,0.7800503042847294,0.0,0.0
2002-04-24,0.7071257810583599,0.0,0.0
2002-04-25,0.5075279595139127,0.0,0.0
2002-04-26,0.7841738474359526,0.0,0.0
2002-04-29,0.7786820430438159,0.0,0.0
2002-04-30,0.8095231446063121,0.0,0.0
2002-05-01,0.7073160124747033,0.0,0.0
2002-05-02,0.5198720272393748,0.0,0.0
2002-05-03,0.5666159180623236,0.0,0.0
2002-05-06,0.9455307037968964,0.0,0.0
2002-05-07,0.8647864237851823,0.0,0.0
2002-05-08,0.9999931622039457,0.0,0.0
2002-05-09,0.9932856543093903,0.0,0.0
2002-05-10,0.995344922175908,0.0,0.0
2002-05-13,0.9943064417291986,0.0,0.0
2002-05-14,0.9987494833488356,0.0,0.0
2002-05-15,0.9527963197272901,0.0,0.0
2002-05-16,0.8590263483599445,0.0,0.0
2002-05-17,0.7583634916960454,0.0,0.0
2002-05-20,0.8804862021218839,0.0,0.0
2002-05-21,0.9195687865397517,0.0,0.0
2002-05-22,0.8035109895685549,0.0,0.0
2002-05-23,0.7859451709401879,0.0,0.0
2002-05-24,0.8638761206879523,0.0,0.0
2002-05-28,0.8223678625536506,0.0,0.0
2002-05-29,0.7569921782617977,0.0,0.0
2002-05-30,0.5826667359073747,0.0,0.0
2002-05-31,0.3719276115036579,1.0,0.0
2002-06-03,0.9896863017675182,0.0,0.0
2002-06-04,0.9261072970661149,0.0,0.0
2002-06-05,0.8699357307947787,0.0,0.0
2002-06-06,0.9904823760884721,0.0,0.0
2002-06-07,0.9248246842140256,0.0,0.0
2002-06-10,0.8036665615191442,0.0,0.0
2002-06-11,0.9699420516033057,0.0,0.0
2002-06-12,0.9019226123298465,0.0,0.0
2002-06-13,0.9245617064058215,0.0,0.0
2002-06-14,0.8059051081190888,0.0,0.0
2002-06-17,0.9991326044957233,0.0,0.0
2002-06-18,0.942545375679041,0.0,0.0
2002-06-19,0.9876419511244623,0.0,0.0
2002-06-20,0.9882515169767572,0.0,0.0
2002-06-21,0.9926618328856295,0.0,0.0
2002-06-24,0.9296508409912057,0.0,0.0
2002-06-25,0.9881007864211053,0.0,0.0
2002-06-26,0.92896239046758,0.0,0.0
2002-06-27,0.9767753027794914,0.0,0.0
2002-06-28,0.8976299758998106,0.0,0.0
2002-07-01,0.998570693510324,0.0,0.0
2002-07-02,0.9996544295551312,0.0,0.0
2002-07-03,0.9479369046072662,0.0,0.0
2002-07-05,0.9999967718812196,0.0,0.0
2002-07-08,0.9880992028378877,0.0,0.0
2002-07-09,0.9996778009321917,0.0,0.0
2002-07-10,0.999993023372139,0.0,0.0
2002-07-11,0.9535000942782597,0.0,0.0
2002-07-12,0.8961294730597119,0.0,0.0
2002-07-15,0.8007082588403417,0.0,0.0
2002-07-16,0.9442084964326606,0.0,0.0
2002-07-17,0.8673742035965568,0.0,0.0
2002-07-18,0.9997073902400163,0.0,0.0
2002-07-19,0.9999992285483843,0.0,0.0
2002-07-22,0.9999971648710135,0.0,0.0
2002-07-23,0.999982072716578,0.0,0.0
2002-07-24,0.9999999999997478,0.0,0.0
2002-07-25,0.961209058918257,0.0,0.0
2002-07-26,0.974813934039632,0.0,0.0
2002-07-29,0.9999999999993197,0.0,0.0
2002-07-30,0.9488757950338311,0.0,0.0
2002-07-31,0.8777011858580489,0.0,0.0
2002-08-01,0.999700225842797,0.0,0.0
2002-08-02,0.9997783924542816,0.0,0.0
2002-08-05,0.9999989405504128,0.0,0.0
2002-08-06,0.9999781687863102,0.0,0.0
2002-08-07,0.9961879838248469,0.0,0.0
2002-08-08,0.9999780676775025,0.0,0.0
2002-08-09,0.9490597742672969,0.0,0.0
2002-08-12,0.8781306871378207,0.0,0.0
2002-08-13,0.9965213941190265,0.0,0.0
2002-08-14,0.9999997106639296,0.0,0.0
2002-08-15,0.9808173086150852,0.0,0.0
2002-08-16,0.9082724954090503,0.0,0.0
2002-08-19,0.9942890428343162,0.0,0.0
2002-08-20,0.9889594109521869,0.0,0.0
2002-08-21,0.9812064828613064,0.0,0.0
2002-08-22,0.9748745883377475,0.0,0.0
2002-08-23,0.99930385314601,0.0,0.0
2002-08-26,0.9663903468141053,0.0,0.0
2002-08-27,0.9891799386593914,0.0,0.0
2002-08-28,0.9970509191769593,0.0,0.0
2002-08-29,0.9417905151277413,0.0,0.0
2002-08-30,0.8525756760527969,0.0,0.0
2002-09-03,0.9999998797022315,0.0,0.0
2002-09-04,0.9965353992923484,0.0,0.0
2002-09-05,0.9959222763736174,0.0,0.0
2002-09-06,0.9956760832576348,0.0,0.0
2002-09-09,0.9660749765220228,0.0,0.0
2002-09-10,0.9061196693191432,0.0,0.0
2002-09-11,0.7738924101568102,0.0,0.0
2002-09-12,0.9975265098549512,0.0,0.0
2002-09-13,0.9458875571857394,0.0,0.0
2002-09-16,0.8419252696530766,0.0,0.0
2002-09-17,0.9884619758199176,0.0,0.0
2002-09-18,0.9419393632092359,0.0,0.0
2002-09-19,0.999965382847594,0.0,0.0
2002-09-20,0.9477330543220462,0.0,0.0
2002-09-23,0.9821565185607373,0.0,0.0
2002-09-24,0.9919862074203863,0.0,0.0
2002-09-25,0.9995087219349947,0.0,0.0
2002-09-26,0.9951836552139112,0.0,0.0
2002-09-27,0.9999896399153495,0.0,0.0
2002-09-30,0.9903791323145347,0.0,0.0
2002-10-01,0.9999986833112028,0.0,0.0
2002-10-02,0.9997315783583457,0.0,0.0
2002-10-03,0.9864342287651574,0.0,0.0
2002-10-04,0.9994726019034489,0.0,0.0
2002-10-07,0.9990460490965117,0.0,0.0
2002-10-08,0.9913938810136038,0.0,0.0
2002-10-09,0.9999627674081828,0.0,0.0
2002-10-10,0.9999976177757673,0.0,0.0
2002-10-11,0.9999997114178242,0.0,0.0
2002-10-14,0.9643408720916697,0.0,0.0
2002-10-15,0.9999999984924088,0.0,0.0
2002-10-16,0.9998443749226013,0.0,0.0
2002-10-17,0.9995622506663314,0.0,0.0
2002-10-18,0.9529676002708108,0.0,0.0
2002-10-21,0.9813785770875624,0.0,0.0
2002-10-22,0.975058519496957,0.0,0.0
2002-10-23,0.9279123122801627,0.0,0.0
2002-10-24,0.9744634191486935,0.0,0.0
2002-10-25,0.9885728565748656,0.0,0.0
2002-10-28,0.9644786746715303,0.0,0.0
2002-10-29,0.9444119701756633,0.0,0.0
2002-10-30,0.9192814612118315,0.0,0.0
2002-10-31,0.8307204365930183,0.0,0.0
2002-11-01,0.955420287590527,0.0,0.0
2002-11-04,0.9034885573539041,0.0,0.0
2002-11-05,0.808726152020805,0.0,0.0
2002-11-06,0.7693400288064899,0.0,0.0
2002-11-07,0.9948655235757825,0.0,0.0
2002-11-08,0.9750063455823802,0.0,0.0
2002-11-11,0.9986430741167659,0.0,0.0
2002-11-12,0.9650620941686415,0.0,0.0
2002-11-13,0.8778967544555166,0.0,0.0
2002-11-14,0.9974968436859194,0.0,0.0
2002-11-15,0.9536853289904049,0.0,0.0
2002-11-18,0.9480935078768923,0.0,0.0
2002-11-19,0.8821288661409832,0.0,0.0
2002-11-20,0.9847775607377796,0.0,0.0
2002-11-21,0.9980538284019178,0.0,0.0
2002-11-22,0.949249110144304,0.0,0.0
2002-11-25,0.8547919377155521,0.0,0.0
2002-11-26,0.9924625570618028,0.0,0.0
2002-11-27,0.9998991794801604,0.0,0.0
2002-11-29,0.9542797237379356,0.0,0.0
2002-12-02,0.8613673253185931,0.0,0.0
2002-12-03,0.9656980295928145,0.0,0.0
2002-12-04,0.8997718388287788,0.0,0.0
2002-12-05,0.925244845057315,0.0,0.0
2002-12-06,0.8381794958366907,0.0,0.0
2002-12-09,0.9970953009818309,0.0,0.0
2002-12-10,0.9880545505423151,0.0,0.0
2002-12-11,0.9227223115752398,0.0,0.0
2002-12-12,0.8194677810353828,0.0,0.0
2002-12-13,0.9289633056297384,0.0,0.0
2002-12-16,0.9960567224698914,0.0,0.0
2002-12-17,0.968551420369628,0.0,0.0
2002-12-18,0.9817002358347618,0.0,0.0
2002-12-19,0.9483518527620838,0.0,0.0
2002-12-20,0.9460738739469449,0.0,0.0
2002-12-23,0.8432541570451866,0.0,0.0
2002-12-24,0.7459051562125636,0.0,0.0
2002-12-26,0.5611458422990425,0.0,0.0
2002-12-27,0.8631961519035405,0.0,0.0
2002-12-30,0.7122667781097133,0.0,0.0
2002-12-31,0.501503908037804,0.0,0.0
2003-01-02,0.9995134970119801,0.0,0.0
2003-01-03,0.9485144659885748,0.0,0.0
2003-01-06,0.9958374728254352,0.0,0.0
2003-01-07,0.961863973201969,0.0,0.0
2003-01-08,0.9794142596844787,0.0,0.0
2003-01-09,0.9944612656685862,0.0,0.0
2003-01-10,0.9361054800610549,0.0,0.0
2003-01-13,0.8299176650948729,0.0,0.0
2003-01-14,0.6923687914464042,0.0,0.0
2003-01-15,0.8567849654049259,0.0,0.0
2003-01-16,0.7295919037043523,0.0,0.0
2003-01-17,0.9005269031205363,0.0,0.0
2003-01-21,0.9740689964788419,0.0,0.0
2003-01-22,0.9588023952041298,0.0,0.0
2003-01-23,0.929523512044796,0.0,0.0
2003-01-24,0.9998917334487021,0.0,0.0
2003-01-27,0.9967514217974007,0.0,0.0
2003-01-28,0.9818338092557318,0.0,0.0
2003-01-29,0.9288154294655242,0.0,0.0
2003-01-30,0.9976613866098699,0.0,0.0
2003-01-31,0.9831629900123228,0.0,0.0
2003-02-03,0.9178037732253618,0.0,0.0
2003-02-04,0.9628772963241624,0.0,0.0
2003-02-05,0.9050314504142054,0.0,0.0
2003-02-06,0.8665982994181948,0.0,0.0
2003-02-07,0.8952907156930393,0.0,0.0
2003-02-10,0.8088851276385326,0.0,0.0
2003-02-11,0.7529237799893144,0.0,0.0
2003-02-12,0.8695909771668108,0.0,0.0
2003-02-13,0.7372356627251246,0.0,0.0
2003-02-14,0.957282188509647,0.0,0.0
2003-02-18,0.994224578649229,0.0,0.0
2003-02-19,0.9680829922373325,0.0,0.0
2003-02-20,0.9474598951921313,0.0,0.0
2003-02-21,0.9557908903165792,0.0,0.0
2003-02-24,0.9942702454514026,0.0,0.0
2003-02-25,0.9585685000147758,0.0,0.0
2003-02-26,0.9716061760900594,0.0,0.0
2003-02-27,0.9596810215136162,0.0,0.0
2003-02-28,0.881582795435703,0.0,0.0
2003-03-03,0.8267338080596844,0.0,0.0
2003-03-04,0.9440310795679092,0.0,0.0
2003-03-05,0.8906315252866224,0.0,0.0
2003-03-06,0.8712623899639493,0.0,0.0
2003-03-07,0.7892174257381958,0.0,0.0
2003-03-10,0.9976027910121875,0.0,0.0
2003-03-11,0.9766363093173779,0.0,0.0
2003-03-12,0.9099058694248795,0.0,0.0
2003-03-13,0.999987607094744,0.0,0.0
2003-03-14,0.9557070268535698,0.0,0.0
2003-03-17,0.9999939078072192,0.0,0.0
2003-03-18,0.9599151510075022,0.0,0.0
2003-03-19,0.9069477011490992,0.0,0.0
2003-03-20,0.7797096509628463,0.0,0.0
2003-03-21,0.9875520023719695,0.0,0.0
2003-03-24,0.9999989119529369,0.0,0.0
2003-03-25,0.9853308183610368,0.0,0.0
2003-03-26,0.9479210752642105,0.0,0.0
2003-03-27,0.8538762016751832,0.0,0.0
2003-03-28,0.7518198324697489,0.0,0.0
2003-03-31,0.9560904039418678,0.0,0.0
2003-04-01,0.9436078773942296,0.0,0.0
2003-04-02,0.9994219941198629,0.0,0.0
2003-04-03,0.9667907709235545,0.0,0.0
2003-04-04,0.8865425176351298,0.0,0.0
2003-04-07,0.7411658966005149,0.0,0.0
2003-04-08,0.5604790662796393,0.0,0.0
2003-04-09,0.7578282367608802,0.0,0.0
2003-04-10,0.5930265746883955,0.0,0.0
2003-04-11,0.4145560537036857,1.0,0.0
2003-04-14,0.8478248453213675,0.0,0.0
2003-04-15,0.7299702262174178,0.0,0.0
2003-04-16,0.8099916432727459,0.0,0.0
2003-04-17,0.914180877378042,0.0,0.0
2003-04-21,0.7945150557538123,0.0,0.0
2003-04-22,0.9820844135779224,0.0,0.0
2003-04-23,0.951800833904001,0.0,0.0
2003-04-24,0.9287354794504613,0.0,0.0
2003-04-25,0.9646922521658884,0.0,0.0
2003-04-28,0.9896468816501313,0.0,0.0
2003-04-29,0.9365825449304567,0.0,0.0
2003-04-30,0.8287706944399486,0.0,0.0
2003-05-01,0.6540860122189955,0.0,0.0
2003-05-02,0.846376663968435,0.0,0.0
2003-05-05,0.6927393453712367,0.0,0.0
2003-05-06,0.5878926170065627,0.0,0.0
2003-05-07,0.4410568361879841,1.0,0.0
2003-05-08,0.5017788824516021,0.0,0.0
2003-05-09,0.6604703597609008,0.0,0.0
2003-05-12,0.7279415050460998,0.0,0.0
2003-05-13,0.5430675453424383,0.0,0.0
2003-05-14,0.35305213683747466,1.0,0.0
2003-05-15,0.25169897718893514,1.0,0.0
2003-05-16,0.14528905731839079,1.0,0.0
2003-05-19,0.942465352885403,0.0,0.0
2003-05-20,0.845297417624124,0.0,0.0
2003-05-21,0.6935473920528009,0.0,0.0
2003-05-22,0.6432507083373847,0.0,0.0
2003-05-23,0.4291182459855984,1.0,0.0
2003-05-27,0.8819675052172669,0.0,0.0
2003-05-28,0.7350237722876466,0.0,0.0
2003-05-29,0.5563349343938884,0.0,0.0
2003-05-30,0.7738946138604932,0.0,0.0
2003-06-02,0.5928564032488683,0.0,0.0
2003-06-03,0.39224297103588485,1.0,0.0
2003-06-04,0.6607545061594056,0.0,0.0
2003-06-05,0.48760827250912675,0.0,0.0
2003-06-06,0.32092594416179865,1.0,0.0
2003-06-09,0.5637889583216347,0.0,0.0
2003-06-10,0.508870608290414,0.0,0.0
2003-06-11,0.6137811581462973,0.0,0.0
2003-06-12,0.39556218826256245,1.0,0.0
2003-06-13,0.4718815684858149,0.0,0.0
2003-06-16,0.9460561488369064,0.0,0.0
2003-06-17,0.8459416648187702,0.0,0.0
2003-06-18,0.6888826029034677,0.0,0.0
2003-06-19,0.9048939889383946,0.0,0.0
2003-06-20,0.7716997210254407,0.0,0.0
2003-06-23,0.9394817487004751,0.0,0.0
2003-06-24,0.8346145587846167,0.0,0.0
2003-06-25,0.7539622741618448,0.0,0.0
2003-06-26,0.7569295162981338,0.0,0.0
2003-06-27,0.7390975001342254,0.0,0.0
2003-06-30,0.5493017897604868,0.0,0.0
2003-07-01,0.4201803976437231,1.0,0.0
2003-07-02,0.5235816309282713,0.0,0.0
2003-07-03,0.4617421364308419,0.0,0.0
2003-07-07,0.8811835990377501,0.0,0.0
2003-07-08,0.7602484267991809,0.0,0.0
2003-07-09,0.6016802499006184,0.0,0.0
2003-07-10,0.8077392872053679,0.0,0.0
2003-07-11,0.751804256831576,0.0,0.0
2003-07-14,0.6339098225913754,0.0,0.0
2003-07-15,0.47491320175940394,0.0,0.0
2003-07-16,0.38723263820886283,1.0,0.0
2003-07-17,0.715966701895974,0.0,0.0
2003-07-18,0.710166241234275,0.0,0.0
2003-07-21,0.8953172783006318,0.0,0.0
2003-07-22,0.8587065223585432,0.0,0.0
2003-07-23,0.6965390219315936,0.0,0.0
2003-07-24,0.6112296968349513,0.0,0.0
2003-07-25,0.801571452446782,0.0,0.0
2003-07-28,0.6150589271577779,0.0,0.0
2003-07-29,0.4997881802874846,0.0,0.0
2003-07-30,0.30947318599282886,1.0,0.0
2003-07-31,0.16627627917990986,1.0,0.0
2003-08-01,0.23711426531146337,1.0,0.0
2003-08-04,0.11839544448668597,1.0,1.0
2003-08-05,0.5654936778205936,0.0,1.0
2003-08-06,0.35084806536197816,1.0,1.0
2003-08-07,0.36644219582788795,1.0,1.0
2003-08-08,0.20906871849016498,1.0,1.0
2003-08-11,0.11544527492236453,1.0,1.0
2003-08-12,0.13088192730200304,1.0,1.0
2003-08-13,0.08888238240562656,1.0,1.0
2003-08-14,0.05638221604564569,1.0,1.0
2003-08-15,0.029441550527742767,1.0,1.0
2003-08-18,0.037810710292072336,1.0,1.0
2003-08-19,0.02320785163524721,1.0,1.0
2003-08-20,0.015421696884906745,1.0,1.0
2003-08-21,0.012587146655639174,1.0,1.0
2003-08-22,0.03515296813806546,1.0,1.0
2003-08-25,0.020258643154611754,1.0,1.0
2003-08-26,0.0137393640887151,1.0,1.0
2003-08-27,0.010509605365905297,1.0,1.0
2003-08-28,0.012587112250700761,1.0,1.0
2003-08-29,0.011785438598346132,1.0,1.0
2003-09-02,0.04450134304419247,1.0,1.0
2003-09-03,0.02650128769742361,1.0,1.0
2003-09-04,0.016248291858889097,1.0,1.0
2003-09-05,0.01846900894509519,1.0,1.0
2003-09-08,0.02941497637345533,1.0,1.0
2003-09-09,0.03585419423176021,1.0,1.0
2003-09-10,0.13532631469342635,1.0,1.0
2003-09-11,0.0844540496847185,1.0,1.0
2003-09-12,0.04304487733483613,1.0,1.0
2003-09-15,0.02822756078872361,1.0,1.0
2003-09-16,0.07576732945654496,1.0,1.0
2003-09-17,0.04320064590091384,1.0,1.0
2003-09-18,0.07569040435913543,1.0,1.0
2003-09-19,0.042360710806160176,1.0,1.0
2003-09-22,0.12952431973041056,1.0,1.0
2003-09-23,0.08311965725146019,1.0,1.0
2003-09-24,0.6321326132346612,0.0,1.0
2003-09-25,0.6133717401840845,0.0,1.0
2003-09-26,0.6073250416280429,0.0,1.0
2003-09-29,0.5774901383002162,0.0,1.0
2003-09-30,0.6262546520244409,0.0,1.0
2003-10-01,0.9734687214918485,0.0,0.0
2003-10-02,0.9141906806010064,0.0,0.0
2003-10-03,0.8968159680132393,0.0,0.0
2003-10-06,0.7925780600727582,0.0,0.0
2003-10-07,0.6459987189141739,0.0,0.0
2003-10-08,0.5146001296722728,1.0,0.0
2003-10-09,0.3539017786257695,1.0,0.0
2003-10-10,0.19787797495720133,1.0,0.0
2003-10-13,0.14977833836583415,1.0,0.0
2003-10-14,0.0819978041910024,1.0,1.0
2003-10-15,0.04960410104324185,1.0,1.0
2003-10-16,0.0279758588773085,1.0,1.0
2003-10-17,0.0629565568518989,1.0,1.0
2003-10-20,0.035302410180968,1.0,1.0
2003-10-21,0.020337540365439215,1.0,1.0
2003-10-22,0.13326469756039525,1.0,1.0
2003-10-23,0.06686848770033275,1.0,1.0
2003-10-24,0.04508741521375576,1.0,1.0
2003-10-27,0.026340511489447275,1.0,1.0
2003-10-28,0.11308538773435606,1.0,1.0
2003-10-29,0.05769757046642438,1.0,1.0
2003-10-30,0.031306239951525934,1.0,1.0
2003-10-31,0.018694123443975513,1.0,1.0
2003-11-03,0.023600203200106404,1.0,1.0
2003-11-04,0.019575690860954134,1.0,1.0
2003-11-05,0.013260608403966466,1.0,1.0
2003-11-06,0.012645141656395232,1.0,1.0
2003-11-07,0.011889655732887807,1.0,1.0
2003-11-10,0.018618275238851165,1.0,1.0
2003-11-11,0.013788205701585971,1.0,1.0
2003-11-12,0.04132293592924663,1.0,1.0
2003-11-13,0.022745619091144444,1.0,1.0
2003-11-14,0.03191834962848677,1.0,1.0
2003-11-17,0.034193631827815464,1.0,1.0
2003-11-18,0.045873344227195405,1.0,1.0
2003-11-19,0.03642854113128129,1.0,1.0
2003-11-20,0.04083600392943842,1.0,1.0
2003-11-21,0.022645430744287626,1.0,1.0
2003-11-24,0.13917425020145546,1.0,1.0
2003-11-25,0.07163678610057007,1.0,1.0
2003-11-26,0.03943322643367274,1.0,1.0
2003-11-28,0.02178715385896163,1.0,1.0
2003-12-01,0.035172124945686584,1.0,1.0
2003-12-02,0.022596574203267855,1.0,1.0
2003-12-03,0.017177132122791552,1.0,1.0
2003-12-04,0.012234542097301593,1.0,1.0
2003-12-05,0.020467720620784766,1.0,1.0
2003-12-08,0.017623060286729945,1.0,1.0
2003-12-09,0.03353925723631593,1.0,1.0
2003-12-10,0.02208161782200769,1.0,1.0
2003-12-11,0.056192760503768834,1.0,1.0
2003-12-12,0.03049992275925218,1.0,1.0
2003-12-15,0.03354507908461308,1.0,1.0
2003-12-16,0.02211760978835647,1.0,1.0
2003-12-17,0.014150035357159698,1.0,1.0
2003-12-18,0.034639855492309565,1.0,1.0
2003-12-19,0.02002619239072286,1.0,1.0
2003-12-22,0.014028338390031207,1.0,1.0
2003-12-23,0.01130796007455124,1.0,1.0
2003-12-24,0.010141264696595131,1.0,1.0
2003-12-26,0.008969357596296785,1.0,1.0
2003-12-29,0.030527064534790233,1.0,1.0
2003-12-30,0.017873637635753625,1.0,1.0
2003-12-31,0.01236693214026865,1.0,1.0
2004-01-02,0.010580578380341397,1.0,1.0
2004-01-05,0.027399128786594347,1.0,1.0
2004-01-06,0.016584138874747602,1.0,1.0
2004-01-07,0.012321537987815377,1.0,1.0
2004-01-08,0.011004204427453729,1.0,1.0
2004-01-09,0.017347231978825556,1.0,1.0
2004-01-12,0.014701970696054126,1.0,1.0
2004-01-13,0.01540418653513813,1.0,1.0
2004-01-14,0.017476244069477093,1.0,1.0
2004-01-15,0.012117031897730713,1.0,1.0
2004-01-16,0.013855410644572571,1.0,1.0
2004-01-20,0.0105383650598859,1.0,1.0
2004-01-21,0.011839315604094961,1.0,1.0
2004-01-22,0.011384326417928017,1.0,1.0
2004-01-23,0.009980257644599085,1.0,1.0
2004-01-26,0.0228349697980535,1.0,1.0
2004-01-27,0.040426997822679646,1.0,1.0
2004-01-28,0.17377108596271848,1.0,1.0
2004-01-29,0.08838376585639426,1.0,1.0
2004-01-30,0.046911458532940035,1.0,1.0
2004-02-02,0.025782099327274044,1.0,1.0
2004-02-03,0.015888949565300365,1.0,1.0
2004-02-04,0.03273168596282886,1.0,1.0
2004-02-05,0.01907819785351662,1.0,1.0
2004-02-06,0.04795104181804458,1.0,1.0
2004-02-09,0.0264263887318691,1.0,1.0
2004-02-10,0.018794294159554588,1.0,1.0
2004-02-11,0.026403352265412395,1.0,1.0
2004-02-12,0.020880663224832674,1.0,1.0
2004-02-13,0.019890005597594736,1.0,1.0
2004-02-17,0.024958491760099833,1.0,1.0
2004-02-18,0.0189215976767079,1.0,1.0
2004-02-19,0.0179543886203463,1.0,1.0
2004-02-20,0.013857313408295041,1.0,1.0
2004-02-23,0.01424097781173648,1.0,1.0
2004-02-24,0.010895384375873743,1.0,1.0
2004-02-25,0.010425579258554156,1.0,1.0
2004-02-26,0.008890503266707256,1.0,1.0
2004-02-27,0.007963434771646414,1.0,1.0
2004-03-01,0.015764402288691193,1.0,1.0
2004-03-02,0.016917182432715797,1.0,1.0
2004-03-03,0.011501845478354956,1.0,1.0
2004-03-04,0.009979520862542748,1.0,1.0
2004-03-05,0.008569783747309845,1.0,1.0
2004-03-08,0.017367534787488093,1.0,1.0
2004-03-09,0.0197023854001176,1.0,1.0
2004-03-10,0.11595155881423615,1.0,1.0
2004-03-11,0.3325702390090017,1.0,1.0
2004-03-12,0.46130653587813547,1.0,1.0
2004-03-15,0.8194195311371804,0.0,1.0
2004-03-16,0.671925928868366,0.0,1.0
2004-03-17,0.7253206409188577,0.0,1.0
2004-03-18,0.5487997421376715,0.0,1.0
2004-03-19,0.6132522994316549,0.0,1.0
2004-03-22,0.847117627579922,0.0,1.0
2004-03-23,0.6997968260212651,0.0,1.0
2004-03-24,0.5297157461883742,1.0,1.0
2004-03-25,0.816819438285107,0.0,1.0
2004-03-26,0.6499728377219246,0.0,1.0
2004-03-29,0.7554546606356766,0.0,1.0
2004-03-30,0.5932000215684777,0.0,1.0
2004-03-31,0.38844808025299876,1.0,1.0
2004-04-01,0.2643836850550831,1.0,1.0
2004-04-02,0.22173575198448947,1.0,1.0
2004-04-05,0.16253403936868177,1.0,1.0
2004-04-06,0.09279568385886547,1.0,1.0
2004-04-07,0.06363711686435933,1.0,1.0
2004-04-08,0.034476933170676426,1.0,1.0
2004-04-12,0.022095098908216763,1.0,1.0
2004-04-13,0.12143614630842893,1.0,1.0
2004-04-14,0.0655462408136891,1.0,1.0
2004-04-15,0.03430624409401623,1.0,1.0
2004-04-16,0.021312767345025425,1.0,1.0
2004-04-19,0.013584747018317758,1.0,1.0
2004-04-20,0.08867194322450954,1.0,1.0
2004-04-21,0.0546316256900135,1.0,1.0
2004-04-22,0.12546198969045028,1.0,1.0
2004-04-23,0.06325074064631654,1.0,1.0
2004-04-26,0.03838634721644776,1.0,1.0
2004-04-27,0.02109514007879422,1.0,1.0
2004-04-28,0.10936473835605,1.0,1.0
2004-04-29,0.1180089469064713,1.0,1.0
2004-04-30,0.09594380282069313,1.0,1.0
2004-05-03,0.07616183481565475,1.0,1.0
2004-05-04,0.03888391011998065,1.0,1.0
2004-05-05,0.021801356995575685,1.0,1.0
2004-05-06,0.028213635064055748,1.0,1.0
2004-05-07,0.13892946214093346,1.0,1.0
2004-05-10,0.30078288517348933,1.0,1.0
2004-05-11,0.2645999710706939,1.0,1.0
2004-05-12,0.1383408516733404,1.0,1.0
2004-05-13,0.07107912137360015,1.0,1.0
2004-05-14,0.038664407041297436,1.0,1.0
2004-05-17,0.07900896332322165,1.0,1.0
2004-05-18,0.057254999728878826,1.0,1.0
2004-05-19,0.03211381747905063,1.0,1.0
2004-05-20,0.018387897294038277,1.0,1.0
2004-05-21,0.013376936912131427,1.0,1.0
2004-05-24,0.0102243595788656,1.0,1.0
2004-05-25,0.06924902554957146,1.0,1.0
2004-05-26,0.0361952089471988,1.0,1.0
2004-05-27,0.02313798606691948,1.0,1.0
2004-05-28,0.014348969670267386,1.0,1.0
2004-06-01,0.010368434928052306,1.0,1.0
2004-06-02,0.00892503348049547,1.0,1.0
2004-06-03,0.01963680291849478,1.0,1.0
2004-06-04,0.015315661439577478,1.0,1.0
2004-06-07,0.06873049929845591,1.0,1.0
2004-06-08,0.035076285817284794,1.0,1.0
2004-06-09,0.06124943703131143,1.0,1.0
2004-06-10,0.033333423706623844,1.0,1.0
2004-06-14,0.06005373435959923,1.0,1.0
2004-06-15,0.0423520522383016,1.0,1.0
2004-06-16,0.022903950684807904,1.0,1.0
2004-06-17,0.014941379045209358,1.0,1.0
2004-06-18,0.010682382329431998,1.0,1.0
2004-06-21,0.011214985254710366,1.0,1.0
2004-06-22,0.00958666647410353,1.0,1.0
2004-06-23,0.014392496343987577,1.0,1.0
2004-06-24,0.01149244498635317,1.0,1.0
2004-06-25,0.010082063609291316,1.0,1.0
2004-06-28,0.009514857196775367,1.0,1.0
2004-06-29,0.008537482545108301,1.0,1.0
2004-06-30,0.008767083070363932,1.0,1.0
2004-07-01,0.026416436384278822,1.0,1.0
2004-07-02,0.01807574335124256,1.0,1.0
2004-07-06,0.030981248428084654,1.0,1.0
2004-07-07,0.017777661424671475,1.0,1.0
2004-07-08,0.032376804163425976,1.0,1.0
2004-07-09,0.019041836892850755,1.0,1.0
2004-07-12,0.01248411742016954,1.0,1.0
2004-07-13,0.009542471644430745,1.0,1.0
2004-07-14,0.009789438042087128,1.0,1.0
2004-07-15,0.009841520326098752,1.0,1.0
2004-07-16,0.012614114057877504,1.0,1.0
2004-07-19,0.010054044740615414,1.0,1.0
2004-07-20,0.013430508324612223,1.0,1.0
2004-07-21,0.09283469032281115,1.0,1.0
2004-07-22,0.0465596020327461,1.0,1.0
2004-07-23,0.07522672474451289,1.0,1.0
2004-07-26,0.047183236111231326,1.0,1.0
2004-07-27,0.058400646076330366,1.0,1.0
2004-07-28,0.03130245012413299,1.0,1.0
2004-07-29,0.023585610630459924,1.0,1.0
2004-07-30,0.014459930715729886,1.0,1.0
2004-08-02,0.011005794618002626,1.0,1.0
2004-08-03,0.01708203036935308,1.0,1.0
2004-08-04,0.012585755653420268,1.0,1.0
2004-08-05,0.1269861866759399,1.0,1.0
2004-08-06,0.47298703523688057,1.0,1.0
2004-08-09,0.2163880275584336,1.0,1.0
2004-08-10,0.33025404433037403,1.0,1.0
2004-08-11,0.2022504179521301,1.0,1.0
2004-08-12,0.31460790730651106,1.0,1.0
2004-08-13,0.1718739511870748,1.0,1.0
2004-08-16,0.2769681275980681,1.0,1.0
2004-08-17,0.15217182329669943,1.0,1.0
2004-08-18,0.2274558660602872,1.0,1.0
2004-08-19,0.14102445911828446,1.0,1.0
2004-08-20,0.1018847225069693,1.0,1.0
2004-08-23,0.059794478122522386,1.0,1.0
2004-08-24,0.03164384845240668,1.0,1.0
2004-08-25,0.028361220156501065,1.0,1.0
2004-08-26,0.017242310742864878,1.0,1.0
2004-08-27,0.012345036823269968,1.0,1.0
2004-08-30,0.020675527365112245,1.0,1.0
2004-08-31,0.01500956121901926,1.0,1.0
2004-09-01,0.011184716384160583,1.0,1.0
2004-09-02,0.020043383941295533,1.0,1.0
2004-09-03,0.016893553142980498,1.0,1.0
2004-09-07,0.01603886154949477,1.0,1.0
2004-09-08,0.014988166345339546,1.0,1.0
2004-09-09,0.011330941267701147,1.0,1.0
2004-09-10,0.010645882890959395,1.0,1.0
2004-09-13,0.009167747875420728,1.0,1.0
2004-09-14,0.008279071922112639,1.0,1.0
2004-09-15,0.012841444422824009,1.0,1.0
2004-09-16,0.010405942371902652,1.0,1.0
2004-09-17,0.00921968557016359,1.0,1.0
2004-09-20,0.011275861479591504,1.0,1.0
2004-09-21,0.011774674524882756,1.0,1.0
2004-09-22,0.05438694529585288,1.0,1.0
2004-09-23,0.03473107306582998,1.0,1.0
2004-09-24,0.01983221473974251,1.0,1.0
2004-09-27,0.022398945372005603,1.0,1.0
2004-09-28,0.017710095010174034,1.0,1.0
2004-09-29,0.013681559118776485,1.0,1.0
2004-09-30,0.010273625630769957,1.0,1.0
2004-10-01,0.04001989229293312,1.0,1.0
2004-10-04,0.023731809938359535,1.0,1.0
2004-10-05,0.015371891324501435,1.0,1.0
2004-10-06,0.014523042136271931,1.0,1.0
2004-10-07,0.0314561482040165,1.0,1.0
2004-10-08,0.035507712307213744,1.0,1.0
2004-10-11,0.020418587666037907,1.0,1.0
2004-10-12,0.014581772505876002,1.0,1.0
2004-10-13,0.019385069455812122,1.0,1.0
2004-10-14,0.030116363495112312,1.0,1.0
2004-10-15,0.01946510153383584,1.0,1.0
2004-10-18,0.014672734138845471,1.0,1.0
2004-10-19,0.025202351125335323,1.0,1.0
2004-10-20,0.015460117801788055,1.0,1.0
2004-10-21,0.011693485112169628,1.0,1.0
2004-10-22,0.02535431666900468,1.0,1.0
2004-10-25,0.015769505296163545,1.0,1.0
2004-10-26,0.03968725247444012,1.0,1.0
2004-10-27,0.07920161820508445,1.0,1.0
2004-10-28,0.04077769600875877,1.0,1.0
2004-10-29,0.0226988349838226,1.0,1.0
2004-11-01,0.014349621041025603,1.0,1.0
2004-11-02,0.010674434673612405,1.0,1.0
2004-11-03,0.022310901564548177,1.0,1.0
2004-11-04,0.06784512334366252,1.0,1.0
2004-11-05,0.03855721399348408,1.0,1.0
2004-11-08,0.022582038683367882,1.0,1.0
2004-11-09,0.014308786694621833,1.0,1.0
2004-11-10,0.010655882010578084,1.0,1.0
2004-11-11,0.014854426597354087,1.0,1.0
2004-11-12,0.016890351298068786,1.0,1.0
2004-11-15,0.011711352485687856,1.0,1.0
2004-11-16,0.015150055639995894,1.0,1.0
2004-11-17,0.013635913475772985,1.0,1.0
2004-11-18,0.010253094593468083,1.0,1.0
2004-11-19,0.029602755055374158,1.0,1.0
2004-11-22,0.02142667229783053,1.0,1.0
2004-11-23,0.013772143655015577,1.0,1.0
2004-11-24,0.011461493861903154,1.0,1.0
2004-11-26,0.009260330220637374,1.0,1.0
2004-11-29,0.008985909099970643,1.0,1.0
2004-11-30,0.00982329336217089,1.0,1.0
2004-12-01,0.03912489833254252,1.0,1.0
2004-12-02,0.022401429384458986,1.0,1.0
2004-12-03,0.014241170020655843,1.0,1.0
2004-12-06,0.011001232518078849,1.0,1.0
2004-12-07,0.033264351230832205,1.0,1.0
2004-12-08,0.021165830834439642,1.0,1.0
2004-12-09,0.014911724053935971,1.0,1.0
2004-12-10,0.010929903536634672,1.0,1.0
2004-12-13,0.01431973942929536,1.0,1.0
2004-12-14,0.01160076187358444,1.0,1.0
2004-12-15,0.00970660611487965,1.0,1.0
2004-12-16,0.009642974810310635,1.0,1.0
2004-12-17,0.012153963676507182,1.0,1.0
2004-12-20,0.00998290022986889,1.0,1.0
2004-12-21,0.014734559614359308,1.0,1.0
2004-12-22,0.011449959318392421,1.0,1.0
2004-12-23,0.009256294154188915,1.0,1.0
2004-12-27,0.010666230748766038,1.0,1.0
2004-12-28,0.013633374458001906,1.0,1.0
2004-12-29,0.010312846877933487,1.0,1.0
2004-12-30,0.008777641197024656,1.0,1.0
2004-12-31,0.008473193295404536,1.0,1.0
2005-01-03,0.020398061301338546,1.0,1.0
2005-01-04,0.06459944019639571,1.0,1.0
2005-01-05,0.04568883464064283,1.0,1.0
2005-01-06,0.025986484624735153,1.0,1.0
2005-01-07,0.01725555878532263,1.0,1.0
2005-01-10,0.012845632651943323,1.0,1.0
2005-01-11,0.01637548128734481,1.0,1.0
2005-01-12,0.012182042574993147,1.0,1.0
2005-01-13,0.017939494020554864,1.0,1.0
2005-01-14,0.015604370698437989,1.0,1.0
2005-01-18,0.020355299029473358,1.0,1.0
2005-01-19,0.03385733287275161,1.0,1.0
2005-01-20,0.03603502016413578,1.0,1.0
2005-01-21,0.029224369404017132,1.0,1.0
2005-01-24,0.023082252843950646,1.0,1.0
2005-01-25,0.015148769514000812,1.0,1.0
2005-01-26,0.013520763341671332,1.0,1.0
2005-01-27,0.01018881420896048,1.0,1.0
2005-01-28,0.00995331819873606,1.0,1.0
2005-01-31,0.015748509338216934,1.0,1.0
2005-02-01,0.014745656355578899,1.0,1.0
2005-02-02,0.011306213078388713,1.0,1.0
2005-02-03,0.010324838561343986,1.0,1.0
2005-02-04,0.020161083702891883,1.0,1.0
2005-02-07,0.012496313997320827,1.0,1.0
2005-02-08,0.009505345162427148,1.0,1.0
2005-02-09,0.021196325059115898,1.0,1.0
2005-02-10,0.014077579660955814,1.0,1.0
2005-02-11,0.014340416401790379,1.0,1.0
2005-02-14,0.010338516099811372,1.0,1.0
2005-02-15,0.008717163441409874,1.0,1.0
2005-02-16,0.007799178723975745,1.0,1.0
2005-02-17,0.013859313296720964,1.0,1.0
2005-02-18,0.010195656780481793,1.0,1.0
2005-02-22,0.05735990108074112,1.0,1.0
2005-02-23,0.034705652140120676,1.0,1.0
2005-02-24,0.02932842264066394,1.0,1.0
2005-02-25,0.03038613325284368,1.0,1.0
2005-02-28,0.026356650584468153,1.0,1.0
2005-03-01,0.01878220558587745,1.0,1.0
2005-03-02,0.012495726899985304,1.0,1.0
2005-03-03,0.009605272204671778,1.0,1.0
2005-03-04,0.013162594466784621,1.0,1.0
2005-03-07,0.00999919345211685,1.0,1.0
2005-03-08,0.011629656795159775,1.0,1.0
2005-03-09,0.02212484535465352,1.0,1.0
2005-03-10,0.013992842005598461,1.0,1.0
2005-03-11,0.014277834664095141,1.0,1.0
2005-03-14,0.012524175929860933,1.0,1.0
2005-03-15,0.015261709855465547,1.0,1.0
2005-03-16,0.02163638100473112,1.0,1.0
2005-03-17,0.013730221495611861,1.0,1.0
2005-03-18,0.010559164013430291,1.0,1.0
2005-03-21,0.010394982560161962,1.0,1.0
2005-03-22,0.019480328938117908,1.0,1.0
2005-03-23,0.013206545268987867,1.0,1.0
2005-03-24,0.009897210066747507,1.0,1.0
2005-03-28,0.008339001774910548,1.0,1.0
2005-03-29,0.015842628715031868,1.0,1.0
2005-03-30,0.03605923247042384,1.0,1.0
2005-03-31,0.020540888339382068,1.0,1.0
2005-04-01,0.02033757173857088,1.0,1.0
2005-04-04,0.01340184418135554,1.0,1.0
2005-04-05,0.010582062325071763,1.0,1.0
2005-04-06,0.008714529505771687,1.0,1.0
2005-04-07,0.009189394911533623,1.0,1.0
2005-04-08,0.017146170562591066,1.0,1.0
2005-04-11,0.011977385620558712,1.0,1.0
2005-04-12,0.010849937629252184,1.0,1.0
2005-04-13,0.03431165116115771,1.0,1.0
2005-04-14,0.05923187115311176,1.0,1.0
2005-04-15,0.2386687120244557,1.0,1.0
2005-04-18,0.1291081231487025,1.0,1.0
2005-04-19,0.0887769759269733,1.0,1.0
2005-04-20,0.20350428527226713,1.0,1.0
2005-04-21,0.5763349715205963,0.0,1.0
2005-04-22,0.547946475351405,0.0,1.0
2005-04-25,0.4786323575632932,1.0,1.0
2005-04-26,0.4673096813565761,1.0,1.0
2005-04-27,0.28852313544702635,1.0,1.0
2005-04-28,0.4172947862407951,1.0,1.0
2005-04-29,0.3898316673664844,1.0,1.0
2005-05-02,0.2481557055641017,1.0,1.0
2005-05-03,0.13390190327350515,1.0,1.0
2005-05-04,0.17748910146857533,1.0,1.0
2005-05-05,0.09764205071961064,1.0,1.0
2005-05-06,0.050680465305978084,1.0,1.0
2005-05-09,0.03289193061991822,1.0,1.0
2005-05-10,0.050702961347092075,1.0,1.0
2005-05-11,0.028863193420033115,1.0,1.0
2005-05-12,0.04506343998772896,1.0,1.0
2005-05-13,0.03258916285563471,1.0,1.0
2005-05-16,0.03580461868224122,1.0,1.0
2005-05-17,0.025496557950881484,1.0,1.0
2005-05-18,0.03544718061423665,1.0,1.0
2005-05-19,0.022138678529285187,1.0,1.0
2005-05-20,0.014525149055965261,1.0,1.0
2005-05-23,0.011285991030477975,1.0,1.0
2005-05-24,0.00897557445136271,1.0,1.0
2005-05-25,0.010008683115945063,1.0,1.0
2005-05-26,0.011412898957870569,1.0,1.0
2005-05-27,0.009042896230630412,1.0,1.0
2005-05-31,0.010507275563821947,1.0,1.0
2005-06-01,0.01398385046175185,1.0,1.0
2005-06-02,0.010309009278350134,1.0,1.0
2005-06-03,0.01366110018470645,1.0,1.0
2005-06-06,0.010034201718813413,1.0,1.0
2005-06-07,0.008513187513717053,1.0,1.0
2005-06-08,0.008666785791725163,1.0,1.0
2005-06-09,0.009299484130103933,1.0,1.0
2005-06-10,0.008721439944716284,1.0,1.0
2005-06-13,0.00797005219046094,1.0,1.0
2005-06-14,0.00771455813770697,1.0,1.0
2005-06-15,0.007407395752682363,1.0,1.0
2005-06-16,0.007923305039509162,1.0,1.0
2005-06-17,0.0078042737411079845,1.0,1.0
2005-06-20,0.007566299142494836,1.0,1.0
2005-06-21,0.007763269877714717,1.0,1.0
2005-06-22,0.007379784375989488,1.0,1.0
2005-06-23,0.021195119699176184,1.0,1.0
2005-06-24,0.022922038996176532,1.0,1.0
2005-06-27,0.014612117834821334,1.0,1.0
2005-06-28,0.020762601765428164,1.0,1.0
2005-06-29,0.013598766798163159,1.0,1.0
2005-06-30,0.01530086767961232,1.0,1.0
2005-07-01,0.011149221760623704,1.0,1.0
2005-07-05,0.014816975465811004,1.0,1.0
2005-07-06,0.018241145579866523,1.0,1.0
2005-07-07,0.012325132498346625,1.0,1.0
2005-07-08,0.023676393022357717,1.0,1.0
2005-07-11,0.018944310580299904,1.0,1.0
2005-07-12,0.012510324863928675,1.0,1.0
2005-07-13,0.009579127146610147,1.0,1.0
2005-07-14,0.008189196557773509,1.0,1.0
2005-07-15,0.0075519741996215965,1.0,1.0
2005-07-18,0.010202544441521381,1.0,1.0
2005-07-19,0.011646577796142926,1.0,1.0
2005-07-20,0.010529287986375785,1.0,1.0
2005-07-21,0.015099167717970418,1.0,1.0
2005-07-22,0.012594650227739522,1.0,1.0
2005-07-25,0.012398330579538649,1.0,1.0
2005-07-26,0.009528877136194085,1.0,1.0
2005-07-27,0.008792862921136643,1.0,1.0
2005-07-28,0.009995766178407183,1.0,1.0
2005-07-29,0.013274167316242064,1.0,1.0
2005-08-01,0.009863962831823355,1.0,1.0
2005-08-02,0.01090160137225167,1.0,1.0
2005-08-03,0.008892687477712264,1.0,1.0
2005-08-04,0.015422568623939792,1.0,1.0
2005-08-05,0.02086058800201465,1.0,1.0
2005-08-08,0.014653084379190244,1.0,1.0
2005-08-09,0.01209058469563443,1.0,1.0
2005-08-10,0.009737012288451904,1.0,1.0
2005-08-11,0.010730355070130615,1.0,1.0
2005-08-12,0.012120773050419684,1.0,1.0
2005-08-15,0.009615293587708254,1.0,1.0
2005-08-16,0.029841686811425717,1.0,1.0
2005-08-17,0.017586345484143603,1.0,1.0
2005-08-18,0.012462829828689771,1.0,1.0
2005-08-19,0.009510812374662595,1.0,1.0
2005-08-22,0.008184658656613171,1.0,1.0
2005-08-23,0.008596223773822735,1.0,1.0
2005-08-24,0.01076726222718061,1.0,1.0
2005-08-25,0.008784344691914546,1.0,1.0
2005-08-26,0.012100786768236093,1.0,1.0
2005-08-29,0.011541834087994179,1.0,1.0
2005-08-30,0.010342585655513289,1.0,1.0
2005-08-31,0.01794189342428381,1.0,1.0
2005-09-01,0.012019859606283574,1.0,1.0
2005-09-02,0.010944341875182284,1.0,1.0
2005-09-06,0.02159152653578343,1.0,1.0
2005-09-07,0.014062017201583083,1.0,1.0
2005-09-08,0.01239677985806668,1.0,1.0
2005-09-09,0.01252971325305218,1.0,1.0
2005-09-12,0.009617070815230546,1.0,1.0
2005-09-13,0.014306645715799133,1.0,1.0
2005-09-14,0.01292876256982277,1.0,1.0
2005-09-15,0.009836762017278131,1.0,1.0
2005-09-16,0.010885327008035158,1.0,1.0
2005-09-19,0.012100432452450774,1.0,1.0
2005-09-20,0.01669963611987581,1.0,1.0
2005-09-21,0.02952254842620257,1.0,1.0
2005-09-22,0.01784292746081153,1.0,1.0
2005-09-23,0.011984134625811247,1.0,1.0
2005-09-26,0.009279781607423748,1.0,1.0
2005-09-27,0.008145702033785032,1.0,1.0
2005-09-28,0.007539595302290242,1.0,1.0
2005-09-29,0.011709036830145366,1.0,1.0
2005-09-30,0.009205800368624804,1.0,1.0
2005-10-03,0.008082493528494005,1.0,1.0
2005-10-04,0.017384932961806984,1.0,1.0
2005-10-05,0.09897076486704859,1.0,1.0
2005-10-06,0.06992387378891726,1.0,1.0
2005-10-07,0.03923462297113115,1.0,1.0
2005-10-10,0.036547813485890875,1.0,1.0
2005-10-11,0.02382136083448957,1.0,1.0
2005-10-12,0.026596901896674973,1.0,1.0
2005-10-13,0.01650795510592491,1.0,1.0
2005-10-14,0.018086045114362945,1.0,1.0
2005-10-17,0.012400868931977421,1.0,1.0
2005-10-18,0.024506652499792773,1.0,1.0
2005-10-19,0.054484583487800387,1.0,1.0
2005-10-20,0.15492871611355183,1.0,1.0
2005-10-21,0.08256347609689646,1.0,1.0
2005-10-24,0.22100271766016527,1.0,1.0
2005-10-25,0.13136658843136084,1.0,1.0
2005-10-26,0.08466663121184236,1.0,1.0
2005-10-27,0.15363793487093622,1.0,1.0
2005-10-28,0.28563584077314375,1.0,1.0
2005-10-31,0.24195576917960795,1.0,1.0
2005-11-01,0.14201330650725555,1.0,1.0
2005-11-02,0.1494967947028915,1.0,1.0
2005-11-03,0.08277760209434522,1.0,1.0
2005-11-04,0.043295923565495734,1.0,1.0
2005-11-07,0.024197322893928726,1.0,1.0
2005-11-08,0.01765916270543653,1.0,1.0
2005-11-09,0.011899352307720637,1.0,1.0
2005-11-10,0.013075367362467689,1.0,1.0
2005-11-11,0.0099607573267135,1.0,1.0
2005-11-14,0.008633380288060464,1.0,1.0
2005-11-15,0.01010793028843805,1.0,1.0
2005-11-16,0.008420816956797358,1.0,1.0
2005-11-17,0.01478840740859658,1.0,1.0
2005-11-18,0.01137979854050418,1.0,1.0
2005-11-21,0.010723330663523014,1.0,1.0
2005-11-22,0.00961323149491276,1.0,1.0
2005-11-23,0.008434813688011559,1.0,1.0
2005-11-25,0.007682908661708618,1.0,1.0
2005-11-28,0.018376598458140266,1.0,1.0
2005-11-29,0.01231034447667464,1.0,1.0
2005-11-30,0.011693016319064099,1.0,1.0
2005-12-01,0.024337160679081052,1.0,1.0
2005-12-02,0.015016859109362188,1.0,1.0
2005-12-05,0.012082101909768859,1.0,1.0
2005-12-06,0.009324659400748775,1.0,1.0
2005-12-07,0.0105187059770074,1.0,1.0
2005-12-08,0.00873666947989014,1.0,1.0
2005-12-09,0.007939221204362626,1.0,1.0
2005-12-12,0.0074313242252247134,1.0,1.0
2005-12-13,0.007792652377815558,1.0,1.0
2005-12-14,0.007651314115880035,1.0,1.0
2005-12-15,0.007954026291714947,1.0,1.0
2005-12-16,0.008374479625917879,1.0,1.0
2005-12-19,0.01283046358376327,1.0,1.0
2005-12-20,0.009791121565035695,1.0,1.0
2005-12-21,0.008598907984844223,1.0,1.0
2005-12-22,0.008409829459402298,1.0,1.0
2005-12-23,0.007650929078905577,1.0,1.0
2005-12-27,0.018044730283475707,1.0,1.0
2005-12-28,0.012118516454047757,1.0,1.0
2005-12-29,0.010395211869799048,1.0,1.0
2005-12-30,0.011254935636651902,1.0,1.0
2006-01-03,0.03628279792222436,1.0,1.0
2006-01-04,0.022444753494918607,1.0,1.0
2006-01-05,0.014166672765633156,1.0,1.0
2006-01-06,0.016773159029482818,1.0,1.0
2006-01-09,0.012481403516496523,1.0,1.0
2006-01-10,0.009533815677189184,1.0,1.0
2006-01-11,0.0083299075766335,1.0,1.0
2006-01-12,0.01164947950550249,1.0,1.0
2006-01-13,0.009141661858442283,1.0,1.0
2006-01-17,0.009672026409407487,1.0,1.0
2006-01-18,0.009615493496452493,1.0,1.0
2006-01-19,0.009907615090258804,1.0,1.0
2006-01-20,0.11479160380848895,1.0,1.0
2006-01-23,0.05929562026083645,1.0,1.0
2006-01-24,0.034204013449087974,1.0,1.0
2006-01-25,0.021311732083146184,1.0,1.0
2006-01-26,0.019171309981702977,1.0,1.0
2006-01-27,0.015801366251071727,1.0,1.0
2006-01-30,0.01103137166975818,1.0,1.0
2006-01-31,0.009541628456527158,1.0,1.0
2006-02-01,0.008166785807835768,1.0,1.0
2006-02-02,0.015492335053196029,1.0,1.0
2006-02-03,0.014449581813149166,1.0,1.0
2006-02-06,0.010411147072457086,1.0,1.0
2006-02-07,0.016860417352795382,1.0,1.0
2006-02-08,0.015384756504079963,1.0,1.0
2006-02-09,0.011434853228591646,1.0,1.0
2006-02-10,0.008926955667285323,1.0,1.0
2006-02-13,0.00978410760335633,1.0,1.0
2006-02-14,0.014190698508793783,1.0,1.0
2006-02-15,0.010837677002783186,1.0,1.0
2006-02-16,0.011435551214180557,1.0,1.0
2006-02-17,0.009378812445837935,1.0,1.0
2006-02-21,0.00940285234318798,1.0,1.0
2006-02-22,0.010380900733308768,1.0,1.0
2006-02-23,0.009414602736232127,1.0,1.0
2006-02-24,0.008019287704958479,1.0,1.0
2006-02-27,0.0077760596631944205,1.0,1.0
2006-02-28,0.019716810601398262,1.0,1.0
2006-03-01,0.019511096118764566,1.0,1.0
2006-03-02,0.013318173040760604,1.0,1.0
2006-03-03,0.01025683658532737,1.0,1.0
2006-03-06,0.013915184728894475,1.0,1.0
2006-03-07,0.012036848509648847,1.0,1.0
2006-03-08,0.009201251592319914,1.0,1.0
2006-03-09,0.01019006215886792,1.0,1.0
2006-03-10,0.010501511138736763,1.0,1.0
2006-03-13,0.008569505601305445,1.0,1.0
2006-03-14,0.013061112589030525,1.0,1.0
2006-03-15,0.010616676506486981,1.0,1.0
2006-03-16,0.008539637870367293,1.0,1.0
2006-03-17,0.007606480323873051,1.0,1.0
2006-03-20,0.007314679791877355,1.0,1.0
2006-03-21,0.010901746479665637,1.0,1.0
2006-03-22,0.010432285581608287,1.0,1.0
2006-03-23,0.008960516199467536,1.0,1.0
2006-03-24,0.007839382180408194,1.0,1.0
2006-03-27,0.007424321919019684,1.0,1.0
2006-03-28,0.010100639555058131,1.0,1.0
2006-03-29,0.012323998102239244,1.0,1.0
2006-03-30,0.009810637807498069,1.0,1.0
2006-03-31,0.008846456400080716,1.0,1.0
2006-04-03,0.007728044972198614,1.0,1.0
2006-04-04,0.008180295314538183,1.0,1.0
2006-04-05,0.007919411990477009,1.0,1.0
2006-04-06,0.0076187315033087325,1.0,1.0
2006-04-07,0.017186279049634694,1.0,1.0
2006-04-10,0.011720606836282151,1.0,1.0
2006-04-11,0.01658466289486058,1.0,1.0
2006-04-12,0.011352686270994047,1.0,1.0
2006-04-13,0.0088801327273228,1.0,1.0
2006-04-17,0.008595357720971,1.0,1.0
2006-04-18,0.0440551042433985,1.0,1.0
2006-04-19,0.024985185915254438,1.0,1.0
2006-04-20,0.015331468040193077,1.0,1.0
2006-04-21,0.011054151907197487,1.0,1.0
2006-04-24,0.009815966923585571,1.0,1.0
2006-04-25,0.010062842081656235,1.0,1.0
2006-04-26,0.008329240210874236,1.0,1.0
2006-04-27,0.007570866539644439,1.0,1.0
2006-04-28,0.0071536766392991885,1.0,1.0
2006-05-01,0.008367627891774601,1.0,1.0
2006-05-02,0.008514235102456384,1.0,1.0
2006-05-03,0.008550087796178992,1.0,1.0
2006-05-04,0.007944609696805657,1.0,1.0
2006-05-05,0.013209682995833257,1.0,1.0
2006-05-08,0.00991321281130739,1.0,1.0
2006-05-09,0.008312248480877747,1.0,1.0
2006-05-10,0.007990620494643079,1.0,1.0
2006-05-11,0.03199639358329304,1.0,1.0
2006-05-12,0.06375876759413014,1.0,1.0
2006-05-15,0.03390144534604206,1.0,1.0
2006-05-16,0.020206694238360166,1.0,1.0
2006-05-17,0.1036168763189878,1.0,1.0
2006-05-18,0.08131032865307172,1.0,1.0
2006-05-19,0.04453582441141322,1.0,1.0
2006-05-22,0.03285845873008025,1.0,1.0
2006-05-23,0.023259904768325325,1.0,1.0
2006-05-24,0.014466731482001978,1.0,1.0
2006-05-25,0.02386913978796128,1.0,1.0
2006-05-26,0.017306326892911738,1.0,1.0
2006-05-30,0.09167868052162421,1.0,1.0
2006-05-31,0.07454076588044645,1.0,1.0
2006-06-01,0.09631177666771687,1.0,1.0
2006-06-02,0.05006570039089057,1.0,1.0
2006-06-05,0.3396358084538445,1.0,1.0
2006-06-06,0.20940639462389704,1.0,1.0
2006-06-07,0.14700092521042388,1.0,1.0
2006-06-08,0.0769045339678946,1.0,1.0
2006-06-09,0.04921778771928267,1.0,1.0
2006-06-12,0.13691828038421497,1.0,1.0
2006-06-13,0.18702587580947802,1.0,1.0
2006-06-14,0.1061125735416489,1.0,1.0
2006-06-15,0.6381438635604798,0.0,1.0
2006-06-16,0.4923312081191373,0.0,1.0
2006-06-19,0.5139162409955284,0.0,1.0
2006-06-20,0.32952533373910403,1.0,1.0
2006-06-21,0.3127714248397189,1.0,1.0
2006-06-22,0.21790601517339536,1.0,1.0
2006-06-23,0.11649046612168419,1.0,1.0
2006-06-26,0.06655000974449932,1.0,1.0
2006-06-27,0.0778078531599436,1.0,1.0
2006-06-28,0.044342607492911024,1.0,1.0
2006-06-29,0.40885769200341393,1.0,1.0
2006-06-30,0.24358435398832295,1.0,1.0
2006-07-03,0.16337580648890346,1.0,1.0
2006-07-05,0.1554435596466212,1.0,1.0
2006-07-06,0.08168776515187431,1.0,1.0
2006-07-07,0.07333509554053068,1.0,1.0
2006-07-10,0.03862223965089541,1.0,1.0
2006-07-11,0.02267368919078017,1.0,1.0
2006-07-12,0.045850024903027836,1.0,1.0
2006-07-13,0.1177734184537643,1.0,1.0
2006-07-14,0.08440314202630081,1.0,1.0
2006-07-17,0.04729705035918304,1.0,1.0
2006-07-18,0.025872879586785563,1.0,1.0
2006-07-19,0.1516430392632756,1.0,1.0
2006-07-20,0.19393789628087435,1.0,1.0
2006-07-21,0.18569720947683527,1.0,1.0
2006-07-24,0.4103151832981968,1.0,1.0
2006-07-25,0.28765496315910943,1.0,1.0
2006-07-26,0.16382282385930969,1.0,1.0
2006-07-27,0.11517222281657497,1.0,1.0
2006-07-28,0.1465636638587847,1.0,1.0
2006-07-31,0.07816235354277473,1.0,1.0
2006-08-01,0.05704822658101953,1.0,1.0
2006-08-02,0.03681008771132461,1.0,1.0
2006-08-03,0.021164704703962093,1.0,1.0
2006-08-04,0.013981377093407224,1.0,1.0
2006-08-07,0.011678427224263578,1.0,1.0
2006-08-08,0.007908314547308294,1.0,1.0
2006-08-09,0.008517041683615922,1.0,1.0
2006-08-10,0.007671588538908735,1.0,1.0
2006-08-11,0.00819390895200353,1.0,1.0
2006-08-14,0.006846376107935927,1.0,1.0
2006-08-15,0.01925589573325753,1.0,1.0
2006-08-16,0.017811843635371,1.0,1.0
2006-08-17,0.011329823445026905,1.0,1.0
2006-08-18,0.008490483892208574,1.0,1.0
2006-08-21,0.008597728450246128,1.0,1.0
2006-08-22,0.007035104446586328,1.0,1.0
2006-08-23,0.008199533471974895,1.0,1.0
2006-08-24,0.0068617555860484986,1.0,1.0
2006-08-25,0.006347877554514644,1.0,1.0
2006-08-28,0.006902690970712716,1.0,1.0
2006-08-29,0.006437452708292019,1.0,1.0
2006-08-30,0.006041429122272021,1.0,1.0
2006-08-31,0.005875668065700831,1.0,1.0
2006-09-01,0.006342111062300616,1.0,1.0
2006-09-05,0.00603794032226569,1.0,1.0
2006-09-06,0.014859040664594059,1.0,1.0
2006-09-07,0.012385348234087133,1.0,1.0
2006-09-08,0.00905998908629161,1.0,1.0
2006-09-11,0.007321366186239623,1.0,1.0
2006-09-12,0.013146719375424963,1.0,1.0
2006-09-13,0.009789664579579183,1.0,1.0
2006-09-14,0.007905856158499617,1.0,1.0
2006-09-15,0.006752377937390987,1.0,1.0
2006-09-18,0.006197709058886604,1.0,1.0
2006-09-19,0.006517028675353461,1.0,1.0
2006-09-20,0.0070763588760672565,1.0,1.0
2006-09-21,0.008573339608985762,1.0,1.0
2006-09-22,0.008247299578354505,1.0,1.0
2006-09-25,0.009776818106555061,1.0,1.0
2006-09-26,0.009502832701392362,1.0,1.0
2006-09-27,0.007451713039915381,1.0,1.0
2006-09-28,0.00650981361737554,1.0,1.0
2006-09-29,0.006811066749185448,1.0,1.0
2006-10-02,0.007391568807252316,1.0,1.0
2006-10-03,0.0064777167047916605,1.0,1.0
2006-10-04,0.014189474464244475,1.0,1.0
2006-10-05,0.010264306715085804,1.0,1.0
2006-10-06,0.008655031369891937,1.0,1.0
2006-10-09,0.007098741228183223,1.0,1.0
2006-10-10,0.006387619296016739,1.0,1.0
2006-10-11,0.006645117374237826,1.0,1.0
2006-10-12,0.010906472459015631,1.0,1.0
2006-10-13,0.008162901221584883,1.0,1.0
2006-10-16,0.00709398667576086,1.0,1.0
2006-10-17,0.007647205834422306,1.0,1.0
2006-10-18,0.006595818692077408,1.0,1.0
2006-10-19,0.006111200669606292,1.0,1.0
2006-10-20,0.005943187868003355,1.0,1.0
2006-10-23,0.006612678430344629,1.0,1.0
2006-10-24,0.006150944959088798,1.0,1.0
2006-10-25,0.0060664739455469985,1.0,1.0
2006-10-26,0.006921854913474162,1.0,1.0
2006-10-27,0.011321055585947057,1.0,1.0
2006-10-30,0.008289820497994364,1.0,1.0
2006-10-31,0.007015746591328771,1.0,1.0
2006-11-01,0.011398583263025315,1.0,1.0
2006-11-02,0.008439383102594712,1.0,1.0
2006-11-03,0.0071530365764018045,1.0,1.0
2006-11-06,0.012655168717879795,1.0,1.0
2006-11-07,0.008990035283840412,1.0,1.0
2006-11-08,0.007369372509583047,1.0,1.0
2006-11-09,0.008607496190304946,1.0,1.0
2006-11-10,0.007158217651244455,1.0,1.0
2006-11-13,0.006480797852890102,1.0,1.0
2006-11-14,0.00760513139407467,1.0,1.0
2006-11-15,0.00684920348208435,1.0,1.0
2006-11-16,0.006240329485029985,1.0,1.0
2006-11-17,0.005967172766920661,1.0,1.0
2006-11-20,0.005917817192751117,1.0,1.0
2006-11-21,0.005805358886887677,1.0,1.0
2006-11-22,0.005849363938309041,1.0,1.0
2006-11-24,0.0064376033560418315,1.0,1.0
2006-11-27,0.030665557823584245,1.0,1.0
2006-11-28,0.01771360778723964,1.0,1.0
2006-11-29,0.017439840471553742,1.0,1.0
2006-11-30,0.01111512390828938,1.0,1.0
2006-12-01,0.009044484686100475,1.0,1.0
2006-12-04,0.011612844867669062,1.0,1.0
2006-12-05,0.008890769820408541,1.0,1.0
2006-12-06,0.007347632713149468,1.0,1.0
2006-12-07,0.007586362641569896,1.0,1.0
2006-12-08,0.00657170686142899,1.0,1.0
2006-12-11,0.006122966801188429,1.0,1.0
2006-12-12,0.006234939327216914,1.0,1.0
2006-12-13,0.005946174513418571,1.0,1.0
2006-12-14,0.007844594684365054,1.0,1.0
2006-12-15,0.006688748483070353,1.0,1.0
2006-12-18,0.007474178735902311,1.0,1.0
2006-12-19,0.006527835454673435,1.0,1.0
2006-12-20,0.006267433631488363,1.0,1.0
2006-12-21,0.006877144973397944,1.0,1.0
2006-12-22,0.007686411337653935,1.0,1.0
2006-12-26,0.00709304576787219,1.0,1.0
2006-12-27,0.008142112351450395,1.0,1.0
2006-12-28,0.007163395636641546,1.0,1.0
2006-12-29,0.00802271264130256,1.0,1.0
2007-01-03,0.006863322969210558,1.0,1.0
2007-01-04,0.006246822757290753,1.0,1.0
2007-01-05,0.009109183140804038,1.0,1.0
2007-01-08,0.007351360882205719,1.0,1.0
2007-01-09,0.006499523736681703,1.0,1.0
2007-01-10,0.006128437356392254,1.0,1.0
2007-01-11,0.007574634157720112,1.0,1.0
2007-01-12,0.007267653038185262,1.0,1.0
2007-01-16,0.006460843067787484,1.0,1.0
2007-01-17,0.006271495737178923,1.0,1.0
2007-01-18,0.0073446199733203195,1.0,1.0
2007-01-19,0.006664563701003111,1.0,1.0
2007-01-22,0.008043758352317836,1.0,1.0
2007-01-23,0.0070819388050521945,1.0,1.0
2007-01-24,0.008696082221645085,1.0,1.0
2007-01-25,0.018472506103296437,1.0,1.0
2007-01-26,0.011782594106945364,1.0,1.0
2007-01-29,0.008532683532136912,1.0,1.0
2007-01-30,0.007754974473832191,1.0,1.0
2007-01-31,0.007937179910297763,1.0,1.0
2007-02-01,0.007787665350382494,1.0,1.0
2007-02-02,0.006664254327101402,1.0,1.0
2007-02-05,0.006331941521440745,1.0,1.0
2007-02-06,0.005990147233687972,1.0,1.0
2007-02-07,0.005875373386136348,1.0,1.0
2007-02-08,0.006041879841464521,1.0,1.0
2007-02-09,0.00939700356683378,1.0,1.0
2007-02-12,0.00851286705162908,1.0,1.0
2007-02-13,0.008893320259070525,1.0,1.0
2007-02-14,0.009114358832426311,1.0,1.0
2007-02-15,0.007323693013760404,1.0,1.0
2007-02-16,0.006548160985876751,1.0,1.0
2007-02-20,0.006521919619276592,1.0,1.0
2007-02-21,0.006285657069858053,1.0,1.0
2007-02-22,0.006131234511465502,1.0,1.0
2007-02-23,0.006647370042856829,1.0,1.0
2007-02-26,0.006547411839090648,1.0,1.0
2007-02-27,0.9418447856091174,0.0,0.0
2007-02-28,0.8626015344320975,0.0,0.0
2007-03-01,0.7384079288574105,0.0,0.0
2007-03-02,0.7939990691234802,0.0,0.0
2007-03-05,0.8074159634464929,0.0,0.0
2007-03-06,0.8754763399114174,0.0,0.0
2007-03-07,0.7542916381898761,0.0,0.0
2007-03-08,0.6222096993963993,0.0,0.0
2007-03-09,0.4250273253392798,0.0,0.0
2007-03-12,0.256449963172556,1.0,0.0
2007-03-13,0.7437771271161493,0.0,0.0
2007-03-14,0.5925343707081238,0.0,0.0
2007-03-15,0.4133314025144453,1.0,0.0
2007-03-16,0.2784902735594595,1.0,0.0
2007-03-19,0.24523546413816033,1.0,0.0
2007-03-20,0.15511838924157054,1.0,0.0
2007-03-21,0.2767219213492724,1.0,0.0
2007-03-22,0.15242102372635422,1.0,0.0
2007-03-23,0.07885826025346138,1.0,1.0
2007-03-26,0.040792498877369944,1.0,1.0
2007-03-27,0.03080345800351216,1.0,1.0
2007-03-28,0.027271231448001927,1.0,1.0
2007-03-29,0.016101577509416064,1.0,1.0
2007-03-30,0.010776461707641152,1.0,1.0
2007-04-02,0.008152343263641096,1.0,1.0
2007-04-03,0.01058570700212051,1.0,1.0
2007-04-04,0.008003643378226068,1.0,1.0
2007-04-05,0.006983807389778682,1.0,1.0
2007-04-09,0.006361524053596307,1.0,1.0
2007-04-10,0.006109962826020103,1.0,1.0
2007-04-11,0.008454978891248905,1.0,1.0
2007-04-12,0.008208073766543169,1.0,1.0
2007-04-13,0.007117714658040424,1.0,1.0
2007-04-16,0.011261368356124813,1.0,1.0
2007-04-17,0.008317616002344663,1.0,1.0
2007-04-18,0.007009625662091418,1.0,1.0
2007-04-19,0.00683279098321609,1.0,1.0
2007-04-20,0.009091280027347232,1.0,1.0
2007-04-23,0.007863971168904827,1.0,1.0
2007-04-24,0.006919297441500494,1.0,1.0
2007-04-25,0.009422301230710476,1.0,1.0
2007-04-26,0.007545826008633485,1.0,1.0
2007-04-27,0.006844293106063571,1.0,1.0
2007-04-30,0.012359928277742202,1.0,1.0
2007-05-01,0.008890326316160246,1.0,1.0
2007-05-02,0.009641876723097222,1.0,1.0
2007-05-03,0.00789351038974848,1.0,1.0
2007-05-04,0.0068438739791171635,1.0,1.0
2007-05-07,0.00629643946291223,1.0,1.0
2007-05-08,0.006248051013261959,1.0,1.0
2007-05-09,0.006223384114829422,1.0,1.0
2007-05-10,0.025776515940673143,1.0,1.0
2007-05-11,0.02333802010527679,1.0,1.0
2007-05-14,0.015322654263773357,1.0,1.0
2007-05-15,0.011162644011905243,1.0,1.0
2007-05-16,0.011330447642082724,1.0,1.0
2007-05-17,0.008582071708221539,1.0,1.0
2007-05-18,0.008552915347157374,1.0,1.0
2007-05-21,0.007225725920848699,1.0,1.0
2007-05-22,0.006459761883847722,1.0,1.0
2007-05-23,0.006432193836553775,1.0,1.0
2007-05-24,0.014551960018026057,1.0,1.0
2007-05-25,0.01110270222655025,1.0,1.0
2007-05-29,0.008316215761884127,1.0,1.0
2007-05-30,0.009134787553586059,1.0,1.0
2007-05-31,0.0073348800397489205,1.0,1.0
2007-06-01,0.0069619668578907315,1.0,1.0
2007-06-04,0.006350965265354797,1.0,1.0
2007-06-05,0.007954001736003734,1.0,1.0
2007-06-06,0.013359576443319766,1.0,1.0
2007-06-07,0.07698861711605695,1.0,1.0
2007-06-08,0.06902639319226282,1.0,1.0
2007-06-11,0.03588733332095559,1.0,1.0
2007-06-12,0.045904462483023996,1.0,1.0
2007-06-13,0.06435947679782052,1.0,1.0
2007-06-14,0.03683026889776004,1.0,1.0
2007-06-15,0.024978778789805985,1.0,1.0
2007-06-18,0.015198990037458768,1.0,1.0
2007-06-19,0.010145707480297923,1.0,1.0
2007-06-20,0.026409368107973268,1.0,1.0
2007-06-21,0.01743396507440664,1.0,1.0
2007-06-22,0.035106064383487144,1.0,1.0
2007-06-25,0.02260619413445684,1.0,1.0
2007-06-26,0.015510443547728067,1.0,1.0
2007-06-27,0.01547651368192623,1.0,1.0
2007-06-28,0.010310652452831739,1.0,1.0
2007-06-29,0.008334122403368144,1.0,1.0
2007-07-02,0.01224173415278825,1.0,1.0
2007-07-03,0.009117657080520852,1.0,1.0
2007-07-05,0.007332721946696094,1.0,1.0
2007-07-06,0.006853618195930218,1.0,1.0
2007-07-09,0.0062822540757500695,1.0,1.0
2007-07-10,0.026384319418308586,1.0,1.0
2007-07-11,0.01732478999256584,1.0,1.0
2007-07-12,0.060216649356491146,1.0,1.0
2007-07-13,0.03204910409538517,1.0,1.0
2007-07-16,0.020122090040399016,1.0,1.0
2007-07-17,0.012482507575561049,1.0,1.0
2007-07-18,0.009589742744289998,1.0,1.0
2007-07-19,0.008074360119053898,1.0,1.0
2007-07-20,0.021696040598899957,1.0,1.0
2007-07-23,0.013688641934561279,1.0,1.0
2007-07-24,0.14678128395026716,1.0,1.0
2007-07-25,0.07741032633888474,1.0,1.0
2007-07-26,0.6629463873754989,0.0,1.0
2007-07-27,0.8215899817019863,0.0,1.0
2007-07-30,0.7497887728877788,0.0,1.0
2007-07-31,0.792356072545772,0.0,1.0
2007-08-01,0.6467114515099108,0.0,1.0
2007-08-02,0.4804330426671092,0.0,1.0
2007-08-03,0.9817159473954332,0.0,0.0
2007-08-06,0.9930464197796357,0.0,0.0
2007-08-07,0.9570903325504433,0.0,0.0
2007-08-08,0.9593691770674192,0.0,0.0
2007-08-09,0.9984237957020696,0.0,0.0
2007-08-10,0.9545267662141893,0.0,0.0
2007-08-13,0.8730350377749629,0.0,0.0
2007-08-14,0.9606532432625647,0.0,0.0
2007-08-15,0.9692949701216299,0.0,0.0
2007-08-16,0.9007787752093018,0.0,0.0
2007-08-17,0.9857483219452786,0.0,0.0
2007-08-20,0.9300232610419209,0.0,0.0
2007-08-21,0.8281680021426613,0.0,0.0
2007-08-22,0.8030125505049603,0.0,0.0
2007-08-23,0.650493767439675,0.0,0.0
2007-08-24,0.6284350764256763,0.0,0.0
2007-08-27,0.5634878175261292,0.0,0.0
2007-08-28,0.9509303804904916,0.0,0.0
2007-08-29,0.9860027163569098,0.0,0.0
2007-08-30,0.9402730015172847,0.0,0.0
2007-08-31,0.909238172954251,0.0,0.0
2007-09-04,0.8633042549421256,0.0,0.0
2007-09-05,0.8476705721388471,0.0,0.0
2007-09-06,0.7092634311823011,0.0,0.0
2007-09-07,0.8788065639663797,0.0,0.0
2007-09-10,0.7596935603099357,0.0,0.0
2007-09-11,0.7722432011986282,0.0,0.0
2007-09-12,0.5965288331566982,0.0,0.0
2007-09-13,0.4476323613866173,0.0,0.0
2007-09-14,0.27015091805493163,1.0,0.0
2007-09-17,0.18754291149102348,1.0,0.0
2007-09-18,0.9081556119552809,0.0,0.0
2007-09-19,0.8129553640615499,0.0,0.0
2007-09-20,0.7200872294649976,0.0,0.0
2007-09-21,0.545344532718251,0.0,0.0
2007-09-24,0.41279323456430067,0.0,0.0
2007-09-25,0.24569574799498264,1.0,0.0
2007-09-26,0.14935594716839903,1.0,0.0
2007-09-27,0.08183626252053697,1.0,1.0
2007-09-28,0.04811017490721686,1.0,1.0
2007-10-01,0.06338748928833651,1.0,1.0
2007-10-02,0.03327087933201995,1.0,1.0
2007-10-03,0.022875553936679987,1.0,1.0
2007-10-04,0.013933321514947333,1.0,1.0
2007-10-05,0.017209808918810257,1.0,1.0
2007-10-08,0.012204772232603136,1.0,1.0
2007-10-09,0.011608658171856233,1.0,1.0
2007-10-10,0.008930249434686345,1.0,1.0
2007-10-11,0.009661494958460885,1.0,1.0
2007-10-12,0.008515585178107176,1.0,1.0
2007-10-15,0.012833878274499699,1.0,1.0
2007-10-16,0.013061001274718603,1.0,1.0
2007-10-17,0.009388477386128238,1.0,1.0
2007-10-18,0.007810251815257389,1.0,1.0
2007-10-19,0.24181228076201194,1.0,1.0
2007-10-22,0.13878145053802812,1.0,1.0
2007-10-23,0.096483228518003,1.0,1.0
2007-10-24,0.055283255734921516,1.0,1.0
2007-10-25,0.030824719271737393,1.0,1.0
2007-10-26,0.04373759658465035,1.0,1.0
2007-10-29,0.024967632419820685,1.0,1.0
2007-10-30,0.02031355494210708,1.0,1.0
2007-10-31,0.0262333267414333,1.0,1.0
2007-11-01,0.5814871026856662,0.0,1.0
2007-11-02,0.38471297338020505,0.0,1.0
2007-11-05,0.2762812083587308,1.0,1.0
2007-11-06,0.25872561866581006,1.0,1.0
2007-11-07,0.9524438109925641,0.0,0.0
2007-11-08,0.8691056664822195,0.0,0.0
2007-11-09,0.9189353246418825,0.0,0.0
2007-11-12,0.9062518160826307,0.0,0.0
2007-11-13,0.9963015629303535,0.0,0.0
2007-11-14,0.9632574207595915,0.0,0.0
2007-11-15,0.9591251798409071,0.0,0.0
2007-11-16,0.8844983389164427,0.0,0.0
2007-11-19,0.9632567745303054,0.0,0.0
2007-11-20,0.8898198431950128,0.0,0.0
2007-11-21,0.93983831807763,0.0,0.0
2007-11-23,0.9527397302129192,0.0,0.0
2007-11-26,0.9912916145307427,0.0,0.0
2007-11-27,0.9735837554435538,0.0,0.0
2007-11-28,0.9989342867933293,0.0,0.0
2007-11-29,0.9556142049941627,0.0,0.0
2007-11-30,0.8943667576193802,0.0,0.0
2007-12-03,0.8153979846888015,0.0,0.0
2007-12-04,0.7160978693986026,0.0,0.0
2007-12-05,0.7669954644983945,0.0,0.0
2007-12-06,0.8283185619364843,0.0,0.0
2007-12-07,0.6733661408772329,0.0,0.0
2007-12-10,0.5307727142089983,0.0,0.0
2007-12-11,0.9647581946581812,0.0,0.0
2007-12-12,0.8977028849509141,0.0,0.0
2007-12-13,0.7743844106181517,0.0,0.0
2007-12-14,0.8413218733697732,0.0,0.0
2007-12-17,0.9224450790467791,0.0,0.0
2007-12-18,0.8406389345943402,0.0,0.0
2007-12-19,0.69231079388195,0.0,0.0
2007-12-20,0.5399429896926848,0.0,0.0
2007-12-21,0.6780260025657409,0.0,0.0
2007-12-24,0.5527999458360575,0.0,0.0
2007-12-26,0.3582022166221089,0.0,0.0
2007-12-27,0.5336396993350692,0.0,0.0
2007-12-28,0.3411849581004675,1.0,0.0
2007-12-31,0.2521991797017318,1.0,0.0
2008-01-02,0.3984870129406045,0.0,0.0
2008-01-03,0.23958209538433894,1.0,0.0
2008-01-04,0.9018760849588952,0.0,0.0
2008-01-07,0.7812162596397666,0.0,0.0
2008-01-08,0.9295190359017436,0.0,0.0
2008-01-09,0.8951180377855089,0.0,0.0
2008-01-10,0.8275381348201913,0.0,0.0
2008-01-11,0.889211446707562,0.0,0.0
2008-01-14,0.8382257221806679,0.0,0.0
2008-01-15,0.9881094759898259,0.0,0.0
2008-01-16,0.9462291972698986,0.0,0.0
2008-01-17,0.9987694281290155,0.0,0.0
2008-01-18,0.9652851429458195,0.0,0.0
2008-01-22,0.9421982393947997,0.0,0.0
2008-01-23,0.980094565554097,0.0,0.0
2008-01-24,0.9485595015159141,0.0,0.0
2008-01-25,0.9581475214472456,0.0,0.0
2008-01-28,0.9706183171650753,0.0,0.0
2008-01-29,0.9172970956450552,0.0,0.0
2008-01-30,0.8469214432445475,0.0,0.0
2008-01-31,0.9040735934912557,0.0,0.0
2008-02-01,0.916661489145546,0.0,0.0
2008-02-04,0.8931990349072905,0.0,0.0
2008-02-05,0.9989725875615376,0.0,0.0
2008-02-06,0.9734666747600343,0.0,0.0
2008-02-07,0.9281098430382664,0.0,0.0
2008-02-08,0.8408737642310309,0.0,0.0
2008-02-11,0.7199033234444625,0.0,0.0
2008-02-12,0.5714008384677066,0.0,0.0
2008-02-13,0.629288512633923,0.0,0.0
2008-02-14,0.7207497159979334,0.0,0.0
2008-02-15,0.5415454413773674,0.0,0.0
2008-02-19,0.35933825806331915,0.0,0.0
2008-02-20,0.2620661675455385,1.0,0.0
2008-02-21,0.33557820874894034,0.0,0.0
2008-02-22,0.21659385018711652,1.0,0.0
2008-02-25,0.26887797021655346,1.0,0.0
2008-02-26,0.17843601699297035,1.0,0.0
2008-02-27,0.09867382402923137,1.0,1.0
2008-02-28,0.09261042985716514,1.0,1.0
2008-02-29,0.7801790582813484,0.0,1.0
2008-03-03,0.6146921100307795,0.0,1.0
2008-03-04,0.45525363307751093,0.0,1.0
2008-03-05,0.3045021282741108,1.0,1.0
2008-03-06,0.8285324470643913,0.0,1.0
2008-03-07,0.7837289824173442,0.0,1.0
2008-03-10,0.9125635714620147,0.0,0.0
2008-03-11,0.9996681907528884,0.0,0.0
2008-03-12,0.9721484272783424,0.0,0.0
2008-03-13,0.9186635222569737,0.0,0.0
2008-03-14,0.9841003786926983,0.0,0.0
2008-03-17,0.9711907497187019,0.0,0.0
2008-03-18,0.9999839035309803,0.0,0.0
2008-03-19,0.9985952743356594,0.0,0.0
2008-03-20,0.9966669982072339,0.0,0.0
2008-03-24,0.9880804799419711,0.0,0.0
2008-03-25,0.9376478504444085,0.0,0.0
2008-03-26,0.8995392061981322,0.0,0.0
2008-03-27,0.8947605030404645,0.0,0.0
2008-03-28,0.8482199455120283,0.0,0.0
2008-03-31,0.7278707282706789,0.0,0.0
2008-04-01,0.997727791609338,0.0,0.0
2008-04-02,0.9548780976016574,0.0,0.0
2008-04-03,0.8749817347791293,0.0,0.0
2008-04-04,0.7443091336640033,0.0,0.0
2008-04-07,0.5668005356684938,0.0,0.0
2008-04-08,0.4058306172234115,0.0,0.0
2008-04-09,0.38089581643560466,0.0,0.0
2008-04-10,0.2434485252449266,1.0,0.0
2008-04-11,0.6677133496717572,0.0,0.0
2008-04-14,0.513202042368267,0.0,0.0
2008-04-15,0.3463228841347334,0.0,0.0
2008-04-16,0.7743776405616642,0.0,0.0
2008-04-17,0.6102149076747447,0.0,0.0
2008-04-18,0.7389564113015108,0.0,0.0
2008-04-21,0.5713056361814869,0.0,0.0
2008-04-22,0.5438687394712246,0.0,0.0
2008-04-23,0.36024037074093596,0.0,0.0
2008-04-24,0.24036126507340205,1.0,0.0
2008-04-25,0.1546005398095911,1.0,0.0
2008-04-28,0.08369242949375386,1.0,1.0
2008-04-29,0.0506236537599216,1.0,1.0
2008-04-30,0.0309654684967044,1.0,1.0
2008-05-01,0.06665448316434074,1.0,1.0
2008-05-02,0.03639287794976048,1.0,1.0
2008-05-05,0.024627944371978298,1.0,1.0
2008-05-06,0.01931052662819019,1.0,1.0
2008-05-07,0.0701654753799665,1.0,1.0
2008-05-08,0.039377871838186404,1.0,1.0
2008-05-09,0.028596220961455466,1.0,1.0
2008-05-12,0.0295122811783549,1.0,1.0
2008-05-13,0.017863786402096286,1.0,1.0
2008-05-14,0.012708673134888824,1.0,1.0
2008-05-15,0.015310506998344787,1.0,1.0
2008-05-16,0.011001689413870074,1.0,1.0
2008-05-19,0.009032292239755468,1.0,1.0
2008-05-20,0.012686441208489154,1.0,1.0
2008-05-21,0.04473771459811791,1.0,1.0
2008-05-22,0.026294139187761783,1.0,1.0
2008-05-23,0.043937009770884904,1.0,1.0
2008-05-27,0.030379141870261476,1.0,1.0
2008-05-28,0.019735346031885637,1.0,1.0
2008-05-29,0.015017542012882292,1.0,1.0
2008-05-30,0.011046950245567294,1.0,1.0
2008-06-02,0.017308666092256522,1.0,1.0
2008-06-03,0.014335213713488552,1.0,1.0
2008-06-04,0.010586648327121456,1.0,1.0
2008-06-05,0.054360852483334485,1.0,1.0
2008-06-06,0.8294975610055533,0.0,0.0
2008-06-09,0.6802927176993803,0.0,0.0
2008-06-10,0.5179227615822026,0.0,0.0
2008-06-11,0.7397860953046527,0.0,0.0
2008-06-12,0.5664728089968267,0.0,0.0
2008-06-13,0.6603815104634696,0.0,0.0
2008-06-16,0.4716549343180557,0.0,0.0
2008-06-17,0.34941372155179257,0.0,0.0
2008-06-18,0.3273795646391417,1.0,0.0
2008-06-19,0.19310279816895587,1.0,0.0
2008-06-20,0.4730975746655202,0.0,0.0
2008-06-23,0.3058252731824555,1.0,0.0
2008-06-24,0.2125436750197095,1.0,0.0
2008-06-25,0.1327255020562727,1.0,0.0
2008-06-26,0.9045640895976446,0.0,0.0
2008-06-27,0.8102582491463537,0.0,0.0
2008-06-30,0.6550997748309972,0.0,0.0
2008-07-01,0.4700393469998304,0.0,0.0
2008-07-02,0.8339341408186158,0.0,0.0
2008-07-03,0.692349489850353,0.0,0.0
2008-07-07,0.6225377315853059,0.0,0.0
2008-07-08,0.799580476836024,0.0,0.0
2008-07-09,0.9596286507985025,0.0,0.0
2008-07-10,0.8987938150650633,0.0,0.0
2008-07-11,0.8608045033814832,0.0,0.0
2008-07-14,0.8271396380150816,0.0,0.0
2008-07-15,0.799432440369471,0.0,0.0
2008-07-16,0.9776939973086903,0.0,0.0
2008-07-17,0.9504064344578553,0.0,0.0
2008-07-18,0.8694522521890977,0.0,0.0
2008-07-21,0.7359591287199903,0.0,0.0
2008-07-22,0.7511017575713277,0.0,0.0
2008-07-23,0.5807311307320451,0.0,0.0
2008-07-24,0.944226809798933,0.0,0.0
2008-07-25,0.8642756967445505,0.0,0.0
2008-07-28,0.949749956245024,0.0,0.0
2008-07-29,0.988179308154193,0.0,0.0
2008-07-30,0.9799353852209927,0.0,0.0
2008-07-31,0.9665499634906617,0.0,0.0
2008-08-01,0.9122090290255326,0.0,0.0
2008-08-04,0.9011185747390346,0.0,0.0
2008-08-05,0.9923850537650747,0.0,0.0
2008-08-06,0.9478834961770166,0.0,0.0
2008-08-07,0.9765710065065067,0.0,0.0
2008-08-08,0.993388985456253,0.0,0.0
2008-08-11,0.9629815307141207,0.0,0.0
2008-08-12,0.9470919056885377,0.0,0.0
2008-08-13,0.8730112201439938,0.0,0.0
2008-08-14,0.774725170754405,0.0,0.0
2008-08-15,0.621754286379161,0.0,0.0
2008-08-18,0.74345680705926,0.0,0.0
2008-08-19,0.7239136366976449,0.0,0.0
2008-08-20,0.5741227239999197,0.0,0.0
2008-08-21,0.39256235899849157,0.0,0.0
2008-08-22,0.355095577983785,0.0,0.0
2008-08-25,0.7112105032970518,0.0,0.0
2008-08-26,0.542475335504665,0.0,0.0
2008-08-27,0.4373401583215766,0.0,0.0
2008-08-28,0.5147664847591251,0.0,0.0
2008-08-29,0.5808856549220605,0.0,0.0
2008-09-02,0.44076551694220606,0.0,0.0
2008-09-03,0.2901046283165458,1.0,0.0
2008-09-04,0.9637492567822539,0.0,0.0
2008-09-05,0.9022327215528558,0.0,0.0
2008-09-08,0.9420534638552263,0.0,0.0
2008-09-09,0.9997842892868902,0.0,0.0
2008-09-10,0.9699022248900704,0.0,0.0
2008-09-11,0.9501000596717645,0.0,0.0
2008-09-12,0.8756442287195063,0.0,0.0
2008-09-15,0.999995090553715,0.0,0.0
2008-09-16,0.9897503121518549,0.0,0.0
2008-09-17,0.9999995859999161,0.0,0.0
2008-09-18,0.9999978852980471,0.0,0.0
2008-09-19,0.9999962085765683,0.0,0.0
2008-09-22,0.9999940167213514,0.0,0.0
2008-09-23,0.9917120780378929,0.0,0.0
2008-09-24,0.9536301081001858,0.0,0.0
2008-09-25,0.9652989381253368,0.0,0.0
2008-09-26,0.9006188770755955,0.0,0.0
2008-09-29,1.0,0.0,0.0
2008-09-30,0.9999997903492797,0.0,0.0
2008-10-01,0.9703480904071984,0.0,0.0
2008-10-02,0.9999951398894285,0.0,0.0
2008-10-03,0.9904917843317826,0.0,0.0
2008-10-06,0.9999915755195855,0.0,0.0
2008-10-07,0.9999999996219793,0.0,0.0
2008-10-08,0.9871861395940071,0.0,0.0
2008-10-09,0.9999999999999929,0.0,0.0
2008-10-10,0.9805945912715961,0.0,0.0
2008-10-13,1.0,0.0,0.0
2008-10-14,0.978399002789764,0.0,0.0
2008-10-15,1.0,0.0,0.0
2008-10-16,0.9999969649115871,0.0,0.0
2008-10-17,0.9694691597420177,0.0,0.0
2008-10-20,0.9999972279543863,0.0,0.0
2008-10-21,0.9997550648691151,0.0,0.0
2008-10-22,0.9999999996169935,0.0,0.0
2008-10-23,0.9651728763784505,0.0,0.0
2008-10-24,0.99976310392545,0.0,0.0
2008-10-27,0.9999426957041075,0.0,0.0
2008-10-28,1.0,0.0,0.0
2008-10-29,0.970348426873691,0.0,0.0
2008-10-30,0.9986952800062315,0.0,0.0
2008-10-31,0.9925137122337805,0.0,0.0
2008-11-03,0.951110175392755,0.0,0.0
2008-11-04,0.9997507438199232,0.0,0.0
2008-11-05,0.9999999750831575,0.0,0.0
2008-11-06,0.9999999196432207,0.0,0.0
2008-11-07,0.9986562168161572,0.0,0.0
2008-11-10,0.9868368835314161,0.0,0.0
2008-11-11,0.9967720986885233,0.0,0.0
2008-11-12,0.9999999823936675,0.0,0.0
2008-11-13,0.9999999999982574,0.0,0.0
2008-11-14,0.9999987006209601,0.0,0.0
2008-11-17,0.9988418816023389,0.0,0.0
2008-11-18,0.9685771216807298,0.0,0.0
2008-11-19,0.9999999999690417,0.0,0.0
2008-11-20,0.9999999999987415,0.0,0.0
2008-11-21,0.9999999998280598,0.0,0.0
2008-11-24,0.9999999999348597,0.0,0.0
2008-11-25,0.9750144951760245,0.0,0.0
2008-11-26,0.9999523761915471,0.0,0.0
2008-11-28,0.9775602649198369,0.0,0.0
2008-12-01,1.0,0.0,0.0
2008-12-02,0.9999863871036674,0.0,0.0
2008-12-03,0.9987248963335219,0.0,0.0
2008-12-04,0.9997013177786707,0.0,0.0
2008-12-05,0.9999680109740041,0.0,0.0
2008-12-08,0.9999730312296243,0.0,0.0
2008-12-09,0.998048346610266,0.0,0.0
2008-12-10,0.9786316493064621,0.0,0.0
2008-12-11,0.9994205404896693,0.0,0.0
2008-12-12,0.974668547908052,0.0,0.0
2008-12-15,0.9795963716157938,0.0,0.0
2008-12-16,0.9999998891214644,0.0,0.0
2008-12-17,0.9734519350657741,0.0,0.0
2008-12-18,0.9881099729091337,0.0,0.0
2008-12-19,0.9437175771929553,0.0,0.0
2008-12-22,0.9809844518856968,0.0,0.0
2008-12-23,0.9569477984169827,0.0,0.0
2008-12-24,0.8938740567115808,0.0,0.0
2008-12-26,0.8043420576028296,0.0,0.0
2008-12-29,0.7051079574059317,0.0,0.0
2008-12-30,0.9552740814722409,0.0,0.0
2008-12-31,0.9662076507058871,0.0,0.0
2009-01-02,0.9991077109484977,0.0,0.0
2009-01-05,0.9654965810275126,0.0,0.0
2009-01-06,0.9247900323156142,0.0,0.0
2009-01-07,0.9987321631032556,0.0,0.0
2009-01-08,0.9644929172765124,0.0,0.0
2009-01-09,0.9937739630022491,0.0,0.0
2009-01-12,0.9975626658016913,0.0,0.0
2009-01-13,0.9605420648769524,0.0,0.0
2009-01-14,0.9998207113133543,0.0,0.0
2009-01-15,0.9659795450948233,0.0,0.0
2009-01-16,0.9201366436786453,0.0,0.0
2009-01-20,0.9999999628525227,0.0,0.0
2009-01-21,0.9999941326353556,0.0,0.0
2009-01-22,0.9925576619258034,0.0,0.0
2009-01-23,0.9528774954011134,0.0,0.0
2009-01-26,0.8889426080073864,0.0,0.0
2009-01-27,0.8471391466948105,0.0,0.0
2009-01-28,0.9980906281595472,0.0,0.0
2009-01-29,0.9998920534913053,0.0,0.0
2009-01-30,0.9976716179482316,0.0,0.0
2009-02-02,0.9602136650597246,0.0,0.0
2009-02-03,0.9554802125303153,0.0,0.0
2009-02-04,0.9087207289491263,0.0,0.0
2009-02-05,0.9310469034892878,0.0,0.0
2009-02-06,0.9958106212084685,0.0,0.0
2009-02-09,0.8363273285546922,0.0,0.0
2009-02-10,0.9999798821794955,0.0,0.0
2009-02-11,0.9328206238715935,0.0,0.0
2009-02-12,0.7803668201215078,0.0,0.0
2009-02-13,0.6307901232776256,0.0,0.0
2009-02-17,0.9998272924438569,0.0,0.0
2009-02-18,0.9226105834815294,0.0,0.0
2009-02-19,0.86140172516897,0.0,0.0
2009-02-20,0.7928865659687169,0.0,0.0
2009-02-23,0.9973895304771672,0.0,0.0
2009-02-24,0.9999353655788403,0.0,0.0
2009-02-25,0.9569495956823446,0.0,0.0
2009-02-26,0.9399225083480272,0.0,0.0
2009-02-27,0.9659014980380978,0.0,0.0
2009-03-02,0.999996656201141,0.0,0.0
2009-03-03,0.9369981776616875,0.0,0.0
2009-03-04,0.9800699071334695,0.0,0.0
2009-03-05,0.9999726574775744,0.0,0.0
2009-03-06,0.9182207395942195,0.0,0.0
2009-03-09,0.8490998853504637,0.0,0.0
2009-03-10,0.9999999952413076,0.0,0.0
2009-03-11,0.9195833735044384,0.0,0.0
2009-03-12,0.9998746586188269,0.0,0.0
2009-03-13,0.932214545437243,0.0,0.0
2009-03-16,0.8041405858543759,0.0,0.0
2009-03-17,0.9925368226672716,0.0,0.0
2009-03-18,0.986414958835996,0.0,0.0
2009-03-19,0.9321039571567599,0.0,0.0
2009-03-20,0.9585147178992687,0.0,0.0
2009-03-23,0.9999999999386473,0.0,0.0
2009-03-24,0.9863346294923517,0.0,0.0
2009-03-25,0.9179858049022638,0.0,0.0
2009-03-26,0.9866456696420305,0.0,0.0
2009-03-27,0.9840559774085728,0.0,0.0
2009-03-30,0.9996441194052215,0.0,0.0
2009-03-31,0.9575878582029415,0.0,0.0
2009-04-01,0.938841797053799,0.0,0.0
2009-04-02,0.9961420341416569,0.0,0.0
2009-04-03,0.938078541820308,0.0,0.0
2009-04-06,0.8527216519479002,0.0,0.0
2009-04-07,0.970409787754885,0.0,0.0
2009-04-08,0.9200042869314211,0.0,0.0
2009-04-09,0.9996941185449792,0.0,0.0
2009-04-13,0.9182804402770404,0.0,0.0
2009-04-14,0.9582025875239147,0.0,0.0
2009-04-15,0.8891711669446271,0.0,0.0
2009-04-16,0.8885083369021807,0.0,0.0
2009-04-17,0.7190102950832983,0.0,0.0
2009-04-20,0.9998601872930607,0.0,0.0
2009-04-21,0.989323527057095,0.0,0.0
2009-04-22,0.9113997987538965,0.0,0.0
2009-04-23,0.7671847463808944,0.0,0.0
2009-04-24,0.8087525301268299,0.0,0.0
2009-04-27,0.6858025864587701,0.0,0.0
2009-04-28,0.4329803823927865,0.0,0.0
2009-04-29,0.7827174403553394,0.0,0.0
2009-04-30,0.5402401843774067,0.0,0.0
2009-05-01,0.3061231257328302,0.0,0.0
2009-05-04,0.9632865773369498,0.0,0.0
2009-05-05,0.8441731964490787,0.0,0.0
2009-05-06,0.806320294904738,0.0,0.0
2009-05-07,0.7889360247540229,0.0,0.0
2009-05-08,0.949284718936688,0.0,0.0
2009-05-11,0.9694992882292377,0.0,0.0
2009-05-12,0.8584282225429207,0.0,0.0
2009-05-13,0.9915250444611364,0.0,0.0
2009-05-14,0.9364611715406881,0.0,0.0
2009-05-15,0.8623297263059866,0.0,0.0
2009-05-18,0.9936203938975997,0.0,0.0
2009-05-19,0.9033649110063405,0.0,0.0
2009-05-20,0.7488516614650104,0.0,0.0
2009-05-21,0.8044106037480406,0.0,0.0
2009-05-22,0.5730541625730315,0.0,0.0
2009-05-26,0.9387178329104692,0.0,0.0
2009-05-27,0.9498449059571329,0.0,0.0
2009-05-28,0.9010842371039229,0.0,0.0
2009-05-29,0.851521412066347,0.0,0.0
2009-06-01,0.9801115324048347,0.0,0.0
2009-06-02,0.8753205672028627,0.0,0.0
2009-06-03,0.8481961835408108,0.0,0.0
2009-06-04,0.754383896181036,0.0,0.0
2009-06-05,0.5104926954144352,0.0,0.0
2009-06-08,0.27491462509400844,0.0,0.0
2009-06-09,0.13042068376367263,0.0,0.0
2009-06-10,0.05755706995341298,1.0,0.0
2009-06-11,0.027611579046081382,1.0,0.0
2009-06-12,0.012508238751662659,1.0,1.0
2009-06-15,0.10365148852171359,1.0,1.0
2009-06-16,0.09891084881872261,1.0,1.0
2009-06-17,0.04062343036019979,1.0,1.0
2009-06-18,0.021448702325419514,1.0,1.0
2009-06-19,0.010612746474519024,1.0,1.0
2009-06-22,0.3882533935586263,0.0,1.0
2009-06-23,0.18509378585358485,0.0,1.0
2009-06-24,0.09641057847786684,1.0,1.0
2009-06-25,0.2543229192566344,0.0,1.0
2009-06-26,0.1106108469940857,0.0,1.0
2009-06-29,0.05809525160210747,1.0,1.0
2009-06-30,0.03232651240153166,1.0,1.0
2009-07-01,0.015904687581467642,1.0,1.0
2009-07-02,0.3385085900199506,0.0,1.0
2009-07-06,0.1561677277119035,0.0,1.0
2009-07-07,0.30459020026382605,0.0,1.0
2009-07-08,0.14041075765772362,0.0,1.0
2009-07-09,0.05971638446174049,1.0,1.0
2009-07-10,0.026603089910397597,1.0,1.0
2009-07-13,0.14540452664138043,0.0,1.0
2009-07-14,0.06747651503067616,1.0,1.0
2009-07-15,0.6071997066514857,0.0,1.0
2009-07-16,0.43374467665796423,0.0,1.0
2009-07-17,0.21516622476293074,0.0,1.0
2009-07-20,0.1542866631126929,0.0,1.0
2009-07-21,0.06532827196942453,1.0,1.0
2009-07-22,0.026868268568187297,1.0,1.0
2009-07-23,0.13072243135125822,0.0,1.0
2009-07-24,0.055881859075054115,1.0,1.0
2009-07-27,0.023752229672795642,1.0,1.0
2009-07-28,0.011434443450652209,1.0,1.0
2009-07-29,0.0074390179601607365,1.0,1.0
2009-07-30,0.009698648131239948,1.0,1.0
2009-07-31,0.005911835629974814,1.0,1.0
2009-08-03,0.01421021967379923,1.0,1.0
2009-08-04,0.007791254669045853,1.0,1.0
2009-08-05,0.005571124095675631,1.0,1.0
2009-08-06,0.005493224845574492,1.0,1.0
2009-08-07,0.01060093495268982,1.0,1.0
2009-08-10,0.007062709091515723,1.0,1.0
2009-08-11,0.011125800122139574,1.0,1.0
2009-08-12,0.01213779613989808,1.0,1.0
2009-08-13,0.008617472217566244,1.0,1.0
2009-08-14,0.009202696770610055,1.0,1.0
2009-08-17,0.09794911181910569,1.0,1.0
2009-08-18,0.06625908936496902,1.0,1.0
2009-08-19,0.03401405268924679,1.0,1.0
2009-08-20,0.02285755277061215,1.0,1.0
2009-08-21,0.0451319441731322,1.0,1.0
2009-08-24,0.01981490329336868,1.0,1.0
2009-08-25,0.010107595395838956,1.0,1.0
2009-08-26,0.0062645202447510154,1.0,1.0
2009-08-27,0.004870893778549858,1.0,1.0
2009-08-28,0.004422168993699314,1.0,1.0
2009-08-31,0.006066212133737325,1.0,1.0
2009-09-01,0.042574955943912376,1.0,1.0
2009-09-02,0.019602865137187085,1.0,1.0
2009-09-03,0.013875130104595516,1.0,1.0
2009-09-04,0.015620645594626871,1.0,1.0
2009-09-08,0.011402406833140484,1.0,1.0
2009-09-09,0.009308876529467613,1.0,1.0
2009-09-10,0.009587458504764564,1.0,1.0
2009-09-11,0.00612568735772691,1.0,1.0
2009-09-14,0.005597653673142353,1.0,1.0
2009-09-15,0.00488795102318887,1.0,1.0
2009-09-16,0.011724537471234017,1.0,1.0
2009-09-17,0.0072656643335356815,1.0,1.0
2009-09-18,0.00526318013522757,1.0,1.0
2009-09-21,0.00466870558368481,1.0,1.0
2009-09-22,0.004989584173519497,1.0,1.0
2009-09-23,0.007229428534762431,1.0,1.0
2009-09-24,0.009136403758029363,1.0,1.0
2009-09-25,0.007346421228654151,1.0,1.0
2009-09-28,0.02007546459431083,1.0,1.0
2009-09-29,0.010142300345783294,1.0,1.0
2009-09-30,0.006889253220465406,1.0,1.0
2009-10-01,0.10956907582566207,1.0,1.0
2009-10-02,0.05294663099447145,1.0,1.0
2009-10-05,0.05619821592426821,1.0,1.0
2009-10-06,0.05318731660610645,1.0,1.0
2009-10-07,0.023207611788126893,1.0,1.0
2009-10-08,0.014767330759168492,1.0,1.0
2009-10-09,0.00905849389210571,1.0,1.0
2009-10-12,0.006110918791283508,1.0,1.0
2009-10-13,0.00491892224486426,1.0,1.0
2009-10-14,0.014741825479119272,1.0,1.0
2009-10-15,0.00830728561658147,1.0,1.0
2009-10-16,0.0077948439500331885,1.0,1.0
2009-10-19,0.0076886372223705585,1.0,1.0
2009-10-20,0.0069924772064774415,1.0,1.0
2009-10-21,0.007527676382496779,1.0,1.0
2009-10-22,0.00814298548638679,1.0,1.0
2009-10-23,0.011716780912617028,1.0,1.0
2009-10-26,0.013724383485629701,1.0,1.0
2009-10-27,0.008848525975887223,1.0,1.0
2009-10-28,0.0514472435535639,1.0,1.0
2009-10-29,0.14904097898467672,0.0,1.0
2009-10-30,0.7133155185154794,0.0,1.0
2009-11-02,0.4879901767076873,0.0,1.0
2009-11-03,0.27192995749060134,0.0,1.0
2009-11-04,0.12251099804104973,1.0,1.0
2009-11-05,0.24725045825734165,0.0,1.0
2009-11-06,0.11157482670136937,1.0,1.0
2009-11-09,0.27498292848936196,0.0,1.0
2009-11-10,0.12458333186629807,0.0,1.0
2009-11-11,0.057537676757753224,1.0,1.0
2009-11-12,0.04433041407808466,1.0,1.0
2009-11-13,0.022382360250960083,1.0,1.0
2009-11-16,0.030053315045389876,1.0,1.0
2009-11-17,0.013840165503116465,1.0,1.0
2009-11-18,0.007785779584577143,1.0,1.0
2009-11-19,0.013759300051472538,1.0,1.0
2009-11-20,0.008155956023423292,1.0,1.0
2009-11-23,0.01115726217674,1.0,1.0
2009-11-24,0.006693123038388581,1.0,1.0
2009-11-25,0.005402402255536025,1.0,1.0
2009-11-27,0.01946882839604995,1.0,1.0
2009-11-30,0.009937304590320327,1.0,1.0
2009-12-01,0.01249178024538101,1.0,1.0
2009-12-02,0.007211205862878056,1.0,1.0
2009-12-03,0.007583946254310573,1.0,1.0
2009-12-04,0.00641257540776618,1.0,1.0
2009-12-07,0.004960847352665129,1.0,1.0
2009-12-08,0.007075559924966706,1.0,1.0
2009-12-09,0.005298247879759595,1.0,1.0
2009-12-10,0.004878167304976365,1.0,1.0
2009-12-11,0.004602195067424913,1.0,1.0
2009-12-14,0.005334074499224752,1.0,1.0
2009-12-15,0.005052634496589155,1.0,1.0
2009-12-16,0.004398893569841134,1.0,1.0
2009-12-17,0.008101594706245559,1.0,1.0
2009-12-18,0.0065321475733470455,1.0,1.0
2009-12-21,0.007507398027760527,1.0,1.0
2009-12-22,0.0056281414041514655,1.0,1.0
2009-12-23,0.00480618366331319,1.0,1.0
2009-12-24,0.0046783264083268385,1.0,1.0
2009-12-28,0.004231613615910299,1.0,1.0
2009-12-29,0.0041038067860859175,1.0,1.0
2009-12-30,0.004024415376968415,1.0,1.0
2009-12-31,0.0066994020242208555,1.0,1.0
2010-01-04,0.016725189211570308,1.0,1.0
2010-01-05,0.008993278632740642,1.0,1.0
2010-01-06,0.005849978835224025,1.0,1.0
2010-01-07,0.004922513029493878,1.0,1.0
2010-01-08,0.004469985028540721,1.0,1.0
2010-01-11,0.004162327453111073,1.0,1.0
2010-01-12,0.006719843093076919,1.0,1.0
2010-01-13,0.0066459052437385325,1.0,1.0
2010-01-14,0.005037469924341663,1.0,1.0
2010-01-15,0.008113421817667726,1.0,1.0
2010-01-19,0.010642401431734658,1.0,1.0
2010-01-20,0.010517871383011343,1.0,1.0
2010-01-21,0.027545615415570778,1.0,1.0
2010-01-22,0.1043479772773327,1.0,1.0
2010-01-25,0.04551456485763299,1.0,1.0
2010-01-26,0.022189139585841372,1.0,1.0
2010-01-27,0.011954411096000999,1.0,1.0
2010-01-28,0.013901336218276198,1.0,1.0
2010-01-29,0.012382632125380252,1.0,1.0
2010-02-01,0.015907049110712997,1.0,1.0
2010-02-02,0.015398167491867322,1.0,1.0
2010-02-03,0.009433618065814697,1.0,1.0
2010-02-04,0.3955158426282787,0.0,1.0
2010-02-05,0.19798047755700765,0.0,1.0
2010-02-08,0.11490080854312758,1.0,1.0
2010-02-09,0.07485313416470978,1.0,1.0
2010-02-10,0.032104485546995576,1.0,1.0
2010-02-11,0.023919008229245326,1.0,1.0
2010-02-12,0.011291319212963311,1.0,1.0
2010-02-16,0.022771430794360233,1.0,1.0
2010-02-17,0.011729837952370564,1.0,1.0
2010-02-18,0.007574601135193946,1.0,1.0
2010-02-19,0.005111624640082511,1.0,1.0
2010-02-22,0.004086185978577454,1.0,1.0
2010-02-23,0.007715005191676138,1.0,1.0
2010-02-24,0.007161043644744718,1.0,1.0
2010-02-25,0.004910121201665503,1.0,1.0
2010-02-26,0.004000076244620612,1.0,1.0
2010-03-01,0.006551864790962099,1.0,1.0
2010-03-02,0.004759081829323111,1.0,1.0
2010-03-03,0.003937595589219885,1.0,1.0
2010-03-04,0.0037935478375318524,1.0,1.0
2010-03-05,0.008294041398140153,1.0,1.0
2010-03-08,0.005268377179416122,1.0,1.0
2010-03-09,0.004172663118096237,1.0,1.0
2010-03-10,0.004129853620523641,1.0,1.0
2010-03-11,0.003941537634498579,1.0,1.0
2010-03-12,0.0036362573004005364,1.0,1.0
2010-03-15,0.003521427162587793,1.0,1.0
2010-03-16,0.004392342089785216,1.0,1.0
2010-03-17,0.004278509918122579,1.0,1.0
2010-03-18,0.0037930140382721536,1.0,1.0
2010-03-19,0.004338599670997061,1.0,1.0
2010-03-22,0.004476031741152165,1.0,1.0
2010-03-23,0.0049093428391420646,1.0,1.0
2010-03-24,0.0048191783342818074,1.0,1.0
2010-03-25,0.004131925711409689,1.0,1.0
2010-03-26,0.0036995786460343886,1.0,1.0
2010-03-29,0.004023191230805421,1.0,1.0
2010-03-30,0.003658858925135707,1.0,1.0
2010-03-31,0.0037971291476693765,1.0,1.0
2010-04-01,0.00443804078054611,1.0,1.0
2010-04-05,0.005457360060405274,1.0,1.0
2010-04-06,0.004233343579492555,1.0,1.0
2010-04-07,0.004237204567268499,1.0,1.0
2010-04-08,0.0038515381178774876,1.0,1.0
2010-04-09,0.004236344717333481,1.0,1.0
2010-04-12,0.0037918979468895145,1.0,1.0
2010-04-13,0.003572363287008045,1.0,1.0
2010-04-14,0.006529351707325735,1.0,1.0
2010-04-15,0.004607845197980219,1.0,1.0
2010-04-16,0.011735194433585743,1.0,1.0
2010-04-19,0.006720713607729845,1.0,1.0
2010-04-20,0.006334795075204324,1.0,1.0
2010-04-21,0.004552712929719239,1.0,1.0
2010-04-22,0.004035120359577571,1.0,1.0
2010-04-23,0.004414937072559949,1.0,1.0
2010-04-26,0.004218537831034732,1.0,1.0
2010-04-27,0.04577248490612883,1.0,1.0
2010-04-28,0.022092048223259695,1.0,1.0
2010-04-29,0.021790966198133685,1.0,1.0
2010-04-30,0.04084522014047192,1.0,1.0
2010-05-03,0.03740925331065859,1.0,1.0
2010-05-04,0.2335301543777801,0.0,1.0
2010-05-05,0.13339382973315211,0.0,1.0
2010-05-06,0.8908856345857362,0.0,0.0
2010-05-07,0.9150647645545383,0.0,0.0
2010-05-10,0.9999475993332065,0.0,0.0
2010-05-11,0.937170115963213,0.0,0.0
2010-05-12,0.9247878623599316,0.0,0.0
2010-05-13,0.8661397077781647,0.0,0.0
2010-05-14,0.9205431752295539,0.0,0.0
2010-05-17,0.7705347045413239,0.0,0.0
2010-05-18,0.7507438937200825,0.0,0.0
2010-05-19,0.563898799060371,0.0,0.0
2010-05-20,0.9985439881229413,0.0,0.0
2010-05-21,0.9699495282273314,0.0,0.0
2010-05-24,0.9294473389772968,0.0,0.0
2010-05-25,0.7875572966743295,0.0,0.0
2010-05-26,0.5775419609099194,0.0,0.0
2010-05-27,0.9881169593975826,0.0,0.0
2010-05-28,0.9514100520964989,0.0,0.0
2010-06-01,0.9633193718696449,0.0,0.0
2010-06-02,0.9913097252127896,0.0,0.0
2010-06-03,0.9237984978114943,0.0,0.0
2010-06-04,0.9992933384265545,0.0,0.0
2010-06-07,0.9771678532357969,0.0,0.0
2010-06-08,0.9140292785514443,0.0,0.0
2010-06-09,0.7789712742686024,0.0,0.0
2010-06-10,0.9809170750303238,0.0,0.0
2010-06-11,0.9052944811470675,0.0,0.0
2010-06-14,0.7434763684260544,0.0,0.0
2010-06-15,0.9160463141889809,0.0,0.0
2010-06-16,0.7640401578261699,0.0,0.0
2010-06-17,0.5292487528399273,0.0,0.0
2010-06-18,0.2924293123078113,0.0,0.0
2010-06-21,0.1494129600692391,0.0,0.0
2010-06-22,0.19293622932773777,0.0,0.0
2010-06-23,0.08774166278054173,1.0,0.0
2010-06-24,0.12181889120818422,0.0,0.0
2010-06-25,0.05537840822687179,1.0,0.0
2010-06-28,0.024378531673286064,1.0,0.0
2010-06-29,0.5836153290887793,0.0,0.0
2010-06-30,0.4503289870141656,0.0,0.0
2010-07-01,0.249293318969505,0.0,0.0
2010-07-02,0.12530866385685044,0.0,0.0
2010-07-06,0.054656212764386744,1.0,0.0
2010-07-07,0.6451700553831691,0.0,0.0
2010-07-08,0.49407046060497745,0.0,0.0
2010-07-09,0.3172753223251028,0.0,0.0
2010-07-12,0.1500273883541237,0.0,0.0
2010-07-13,0.20252743163806866,0.0,0.0
2010-07-14,0.08858049352857392,1.0,0.0
2010-07-15,0.03711802566807736,1.0,0.0
2010-07-16,0.4729686519863295,0.0,0.0
2010-07-19,0.26925393660084773,0.0,0.0
2010-07-20,0.20531228327511009,0.0,0.0
2010-07-21,0.18186299655635024,0.0,0.0
2010-07-22,0.48303972231693476,0.0,0.0
2010-07-23,0.34951283520960486,0.0,0.0
2010-07-26,0.27183979247132845,0.0,0.0
2010-07-27,0.12737638936525417,0.0,0.0
2010-07-28,0.07425152547487839,1.0,0.0
2010-07-29,0.03354918122445807,1.0,0.0
2010-07-30,0.014943538239758207,1.0,1.0
2010-08-02,0.04763690322232879,1.0,1.0
2010-08-03,0.02397066940619478,1.0,1.0
2010-08-04,0.013844929878727924,1.0,1.0
2010-08-05,0.007612046420540669,1.0,1.0
2010-08-06,0.005399609286991704,1.0,1.0
2010-08-09,0.004819594413368549,1.0,1.0
2010-08-10,0.005812872726520108,1.0,1.0
2010-08-11,0.17919373403960684,0.0,1.0
2010-08-12,0.08947676094570708,1.0,1.0
2010-08-13,0.04300392961616273,1.0,1.0
2010-08-16,0.01912716087751276,1.0,1.0
2010-08-17,0.018965362308250938,1.0,1.0
2010-08-18,0.009678337960369647,1.0,1.0
2010-08-19,0.024418136146413347,1.0,1.0
2010-08-20,0.01233158270181865,1.0,1.0
2010-08-23,0.008036045980562562,1.0,1.0
2010-08-24,0.015031807180713529,1.0,1.0
2010-08-25,0.008600326552612647,1.0,1.0
2010-08-26,0.007465747096008159,1.0,1.0
2010-08-27,0.019655440248057408,1.0,1.0
2010-08-30,0.029805344850118147,1.0,1.0
2010-08-31,0.013864531811283234,1.0,1.0
2010-09-01,0.27957250379460813,0.0,1.0
2010-09-02,0.1770502321073529,0.0,1.0
2010-09-03,0.14894713835399298,1.0,1.0
2010-09-07,0.1257501235203776,1.0,1.0
2010-09-08,0.06250211848204668,1.0,1.0
2010-09-09,0.02875924534082912,1.0,1.0
2010-09-10,0.014343754114392296,1.0,1.0
2010-09-13,0.015165326496146624,1.0,1.0
2010-09-14,0.00815652902434672,1.0,1.0
2010-09-15,0.0056038438557545105,1.0,1.0
2010-09-16,0.004439860681174544,1.0,1.0
2010-09-17,0.003972801197704975,1.0,1.0
2010-09-20,0.010625489940947063,1.0,1.0
2010-09-21,0.006737011390333848,1.0,1.0
2010-09-22,0.005613644574003262,1.0,1.0
2010-09-23,0.006010038119702297,1.0,1.0
2010-09-24,0.032487746700991964,1.0,1.0
2010-09-27,0.01677263586042897,1.0,1.0
2010-09-28,0.00977110589182037,1.0,1.0
2010-09-29,0.006155221788009304,1.0,1.0
2010-09-30,0.004831987707050849,1.0,1.0
2010-10-01,0.004361616416243287,1.0,1.0
2010-10-04,0.005789265257680531,1.0,1.0
2010-10-05,0.027662882691950764,1.0,1.0
2010-10-06,0.013168389354317233,1.0,1.0
2010-10-07,0.007486882753493642,1.0,1.0
2010-10-08,0.006275419098800675,1.0,1.0
2010-10-11,0.004665757093201869,1.0,1.0
2010-10-12,0.0042417688491305705,1.0,1.0
2010-10-13,0.004867688543087074,1.0,1.0
2010-10-14,0.0044904174951863355,1.0,1.0
2010-10-15,0.0040031655229343785,1.0,1.0
2010-10-18,0.004507430559194127,1.0,1.0
2010-10-19,0.014719296986013571,1.0,1.0
2010-10-20,0.012240057828933712,1.0,1.0
2010-10-21,0.006975726796837833,1.0,1.0
2010-10-22,0.005048563694505631,1.0,1.0
2010-10-25,0.004307992163657478,1.0,1.0
2010-10-26,0.003911451146518244,1.0,1.0
2010-10-27,0.003908663157559335,1.0,1.0
2010-10-28,0.0037558028387477964,1.0,1.0
2010-10-29,0.003696692453525494,1.0,1.0
2010-11-01,0.003682091707856066,1.0,1.0
2010-11-02,0.004990333520155442,1.0,1.0
2010-11-03,0.004360114386023485,1.0,1.0
2010-11-04,0.018263005515481854,1.0,1.0
2010-11-05,0.009817335385185042,1.0,1.0
2010-11-08,0.006118112668431792,1.0,1.0
2010-11-09,0.006274043408720769,1.0,1.0
2010-11-10,0.005134530839235742,1.0,1.0
2010-11-11,0.004550825314736372,1.0,1.0
2010-11-12,0.008885446870151453,1.0,1.0
2010-11-15,0.005727937059413743,1.0,1.0
2010-11-16,0.014205687769500841,1.0,1.0
2010-11-17,0.007731543931388962,1.0,1.0
2010-11-18,0.014268498073735017,1.0,1.0
2010-11-19,0.007967609848190739,1.0,1.0
2010-11-22,0.005332144570567518,1.0,1.0
2010-11-23,0.01065190426378488,1.0,1.0
2010-11-24,0.017777206247886743,1.0,1.0
2010-11-26,0.011511337760104295,1.0,1.0
2010-11-29,0.00679393752778465,1.0,1.0
2010-11-30,0.005889404380737149,1.0,1.0
2010-12-01,0.028388954267112253,1.0,1.0
2010-12-02,0.023956930212753413,1.0,1.0
2010-12-03,0.011967135191006834,1.0,1.0
2010-12-06,0.006887806942266069,1.0,1.0
2010-12-07,0.004903796905140688,1.0,1.0
2010-12-08,0.0042602911063452185,1.0,1.0
2010-12-09,0.0041155230211926686,1.0,1.0
2010-12-10,0.004509578414130926,1.0,1.0
2010-12-13,0.004020951977928314,1.0,1.0
2010-12-14,0.0037996932679577764,1.0,1.0
2010-12-15,0.004241960447642212,1.0,1.0
2010-12-16,0.0046419915640935235,1.0,1.0
2010-12-17,0.004050700047055167,1.0,1.0
2010-12-20,0.003857480162782585,1.0,1.0
2010-12-21,0.004416836299772953,1.0,1.0
2010-12-22,0.004041758088893012,1.0,1.0
2010-12-23,0.003888850922828735,1.0,1.0
2010-12-27,0.0037481981815702804,1.0,1.0
2010-12-28,0.0036997476675203413,1.0,1.0
2010-12-29,0.0036941059361286694,1.0,1.0
2010-12-30,0.0037204276952795953,1.0,1.0
2010-12-31,0.0037252263792833047,1.0,1.0
2011-01-03,0.006369330753608617,1.0,1.0
2011-01-04,0.004918177335905728,1.0,1.0
2011-01-05,0.004703677961480071,1.0,1.0
2011-01-06,0.004140663156384886,1.0,1.0
2011-01-07,0.0039702242974701315,1.0,1.0
2011-01-10,0.0037898257584615723,1.0,1.0
2011-01-11,0.003889259272772356,1.0,1.0
2011-01-12,0.004989341632111352,1.0,1.0
2011-01-13,0.004277926290105748,1.0,1.0
2011-01-14,0.00463273206595191,1.0,1.0
2011-01-18,0.004058162105595349,1.0,1.0
2011-01-19,0.007991748577920716,1.0,1.0
2011-01-20,0.005621334835223433,1.0,1.0
2011-01-21,0.004417763575838698,1.0,1.0
2011-01-24,0.004621480119781041,1.0,1.0
2011-01-25,0.004031931495305741,1.0,1.0
2011-01-26,0.0043174534004985134,1.0,1.0
2011-01-27,0.003987421756631689,1.0,1.0
2011-01-28,0.019523956010608492,1.0,1.0
2011-01-31,0.011838932482419304,1.0,1.0
2011-02-01,0.023457004803125132,1.0,1.0
2011-02-02,0.011865945452341067,1.0,1.0
2011-02-03,0.006942090760447017,1.0,1.0
2011-02-04,0.0050353099392782125,1.0,1.0
2011-02-07,0.005005979060492485,1.0,1.0
2011-02-08,0.004761157512254051,1.0,1.0
2011-02-09,0.0044646200535652415,1.0,1.0
2011-02-10,0.004084716113261586,1.0,1.0
2011-02-11,0.004654871970978022,1.0,1.0
2011-02-14,0.004258295943833682,1.0,1.0
2011-02-15,0.0043745619992358155,1.0,1.0
2011-02-16,0.004811032236665567,1.0,1.0
2011-02-17,0.004394474486622343,1.0,1.0
2011-02-18,0.0040581744874098324,1.0,1.0
2011-02-22,0.03863239814209578,1.0,1.0
2011-02-23,0.02372794791606109,1.0,1.0
2011-02-24,0.011444432097719719,1.0,1.0
2011-02-25,0.012343838633251208,1.0,1.0
2011-02-28,0.007491578048209744,1.0,1.0
2011-03-01,0.01773504725021032,1.0,1.0
2011-03-02,0.009330143592806855,1.0,1.0
2011-03-03,0.02177237842704753,1.0,1.0
2011-03-04,0.01362237497055491,1.0,1.0
2011-03-07,0.012141310319143546,1.0,1.0
2011-03-08,0.010157565651892131,1.0,1.0
2011-03-09,0.006406401685808507,1.0,1.0
2011-03-10,0.028902697285465257,1.0,1.0
2011-03-11,0.016058672292189047,1.0,1.0
2011-03-14,0.010298850073004243,1.0,1.0
2011-03-15,0.011033107397306967,1.0,1.0
2011-03-16,0.02984027757407335,1.0,1.0
2011-03-17,0.022826024688329935,1.0,1.0
2011-03-18,0.012047607418644099,1.0,1.0
2011-03-21,0.01968892164695512,1.0,1.0
2011-03-22,0.010637292501989066,1.0,1.0
2011-03-23,0.006600327466959059,1.0,1.0
2011-03-24,0.007047262483224916,1.0,1.0
2011-03-25,0.005341118099279411,1.0,1.0
2011-03-28,0.004765884553976009,1.0,1.0
2011-03-29,0.005134729376791413,1.0,1.0
2011-03-30,0.0055112341765539506,1.0,1.0
2011-03-31,0.0045356002013526445,1.0,1.0
2011-04-01,0.00451563467114974,1.0,1.0
2011-04-04,0.0040992885308126555,1.0,1.0
2011-04-05,0.003941158241893656,1.0,1.0
2011-04-06,0.0039143486949335966,1.0,1.0
2011-04-07,0.003994570193233571,1.0,1.0
2011-04-08,0.004439779663408671,1.0,1.0
2011-04-11,0.004467691384592397,1.0,1.0
2011-04-12,0.005912917131517924,1.0,1.0
2011-04-13,0.004631016694058189,1.0,1.0
2011-04-14,0.004148958584759309,1.0,1.0
2011-04-15,0.004224590311237048,1.0,1.0
2011-04-18,0.007787160365589917,1.0,1.0
2011-04-19,0.005844857282564321,1.0,1.0
2011-04-20,0.011165009763416263,1.0,1.0
2011-04-21,0.0074073996813898875,1.0,1.0
2011-04-25,0.005300611366085472,1.0,1.0
2011-04-26,0.006000598590037088,1.0,1.0
2011-04-27,0.005480896922847589,1.0,1.0
2011-04-28,0.004599360333028767,1.0,1.0
2011-04-29,0.004227820357114981,1.0,1.0
2011-05-02,0.004208615519265701,1.0,1.0
2011-05-03,0.004600082829048647,1.0,1.0
2011-05-04,0.0055384353083867,1.0,1.0
2011-05-05,0.006393797775600019,1.0,1.0
2011-05-06,0.00514804061255488,1.0,1.0
2011-05-09,0.00483209820750929,1.0,1.0
2011-05-10,0.0056328131236523075,1.0,1.0
2011-05-11,0.008272056669825206,1.0,1.0
2011-05-12,0.006071191287702282,1.0,1.0
2011-05-13,0.007021621736413938,1.0,1.0
2011-05-16,0.006917847098421991,1.0,1.0
2011-05-17,0.005075435948913531,1.0,1.0
2011-05-18,0.006539136805495869,1.0,1.0
2011-05-19,0.004918454830196756,1.0,1.0
2011-05-20,0.005658352992901852,1.0,1.0
2011-05-23,0.010403775736991307,1.0,1.0
2011-05-24,0.006462327891155357,1.0,1.0
2011-05-25,0.005175818300448004,1.0,1.0
2011-05-26,0.004781707285743607,1.0,1.0
2011-05-27,0.00456242634899245,1.0,1.0
2011-05-31,0.006356357908977718,1.0,1.0
2011-06-01,0.062048133207001005,1.0,1.0
2011-06-02,0.026927067245606444,1.0,1.0
2011-06-03,0.02328917470452737,1.0,1.0
2011-06-06,0.02259086711209851,1.0,1.0
2011-06-07,0.01106588466297201,1.0,1.0
2011-06-08,0.007764160148420903,1.0,1.0
2011-06-09,0.006604324229417736,1.0,1.0
2011-06-10,0.012410631842156659,1.0,1.0
2011-06-13,0.007104223137511399,1.0,1.0
2011-06-14,0.010901438676307868,1.0,1.0
2011-06-15,0.026901613174425278,1.0,1.0
2011-06-16,0.012697185794683865,1.0,1.0
2011-06-17,0.007320147931382167,1.0,1.0
2011-06-20,0.0058272161522477306,1.0,1.0
2011-06-21,0.012046769781402665,1.0,1.0
2011-06-22,0.008596391256443155,1.0,1.0
2011-06-23,0.005750217083181194,1.0,1.0
2011-06-24,0.008531184327260483,1.0,1.0
2011-06-27,0.007668720339493961,1.0,1.0
2011-06-28,0.011358163350582123,1.0,1.0
2011-06-29,0.008400831968846445,1.0,1.0
2011-06-30,0.008231429894223298,1.0,1.0
2011-07-01,0.013176156094188436,1.0,1.0
2011-07-05,0.007446783287542232,1.0,1.0
2011-07-06,0.005234712712090128,1.0,1.0
2011-07-07,0.007128886199541639,1.0,1.0
2011-07-08,0.006494529185016455,1.0,1.0
2011-07-11,0.027602850715953635,1.0,1.0
2011-07-12,0.014574505380163947,1.0,1.0
2011-07-13,0.0084794165812654,1.0,1.0
2011-07-14,0.007915752518921605,1.0,1.0
2011-07-15,0.006053897229796435,1.0,1.0
2011-07-18,0.007393702168568211,1.0,1.0
2011-07-19,0.0177253261836987,1.0,1.0
2011-07-20,0.009239360780153997,1.0,1.0
2011-07-21,0.01165987491870898,1.0,1.0
2011-07-22,0.00681326560849143,1.0,1.0
2011-07-25,0.006384721934272871,1.0,1.0
2011-07-26,0.005467772352227582,1.0,1.0
2011-07-27,0.04038091215367374,1.0,1.0
2011-07-28,0.019102562721006296,1.0,1.0
2011-07-29,0.011577780322751962,1.0,1.0
2011-08-01,0.007470362714328589,1.0,1.0
2011-08-02,0.14081576681497385,1.0,1.0
2011-08-03,0.06777401469406946,1.0,1.0
2011-08-04,0.9997646843569741,0.0,0.0
2011-08-05,0.9372964616580788,0.0,0.0
2011-08-08,0.9999999999605893,0.0,0.0
2011-08-09,0.9999993126741116,0.0,0.0
2011-08-10,0.9999923556221371,0.0,0.0
2011-08-11,0.9999978151907326,0.0,0.0
2011-08-12,0.9348251957609144,0.0,0.0
2011-08-15,0.9744137272290609,0.0,0.0
2011-08-16,0.9266864610825524,0.0,0.0
2011-08-17,0.7763778912654696,0.0,0.0
2011-08-18,0.9999813146100391,0.0,0.0
2011-08-19,0.9781864808899502,0.0,0.0
2011-08-22,0.8797945931120426,0.0,0.0
2011-08-23,0.9989501902876022,0.0,0.0
2011-08-24,0.9649932397750609,0.0,0.0
2011-08-25,0.9610133729975283,0.0,0.0
2011-08-26,0.9542278892403722,0.0,0.0
2011-08-29,0.9976793395818816,0.0,0.0
2011-08-30,0.9247741845840819,0.0,0.0
2011-08-31,0.7827770557220167,0.0,0.0
2011-09-01,0.7587226460682442,0.0,0.0
2011-09-02,0.9739921447282408,0.0,0.0
2011-09-06,0.9005339883341756,0.0,0.0
2011-09-07,0.9951513185244114,0.0,0.0
2011-09-08,0.9589857517539943,0.0,0.0
2011-09-09,0.9946322234838453,0.0,0.0
2011-09-12,0.9286980447507762,0.0,0.0
2011-09-13,0.8582402679460105,0.0,0.0
2011-09-14,0.8297110985520862,0.0,0.0
2011-09-15,0.8413463456339453,0.0,0.0
2011-09-16,0.6508053327838904,0.0,0.0
2011-09-19,0.5328779745637022,0.0,0.0
2011-09-20,0.3213936053527668,0.0,0.0
2011-09-21,0.9301778103796139,0.0,0.0
2011-09-22,0.9988091882913238,0.0,0.0
2011-09-23,0.9390155744747272,0.0,0.0
2011-09-26,0.9770920005044937,0.0,0.0
2011-09-27,0.9313639548679152,0.0,0.0
2011-09-28,0.9816658218106735,0.0,0.0
2011-09-29,0.9087579699629158,0.0,0.0
2011-09-30,0.9859363214906198,0.0,0.0
2011-10-03,0.9992948730465795,0.0,0.0
2011-10-04,0.9970887976797403,0.0,0.0
2011-10-05,0.984042381165364,0.0,0.0
2011-10-06,0.9783421116164643,0.0,0.0
2011-10-07,0.9247738809612196,0.0,0.0
2011-10-10,0.9988053733977346,0.0,0.0
2011-10-11,0.9253910996125276,0.0,0.0
2011-10-12,0.8475234316379368,0.0,0.0
2011-10-13,0.6505228695792534,0.0,0.0
2011-10-14,0.7137024804917435,0.0,0.0
2011-10-17,0.8861924330032528,0.0,0.0
2011-10-18,0.9472273943520166,0.0,0.0
2011-10-19,0.9239950351257524,0.0,0.0
2011-10-20,0.781376848952809,0.0,0.0
2011-10-21,0.8649460216958598,0.0,0.0
2011-10-24,0.8597692789336717,0.0,0.0
2011-10-25,0.9527002855695552,0.0,0.0
2011-10-26,0.8905710399207457,0.0,0.0
2011-10-27,0.9988201392177736,0.0,0.0
2011-10-28,0.925441954157047,0.0,0.0
2011-10-31,0.9880632963926196,0.0,0.0
2011-11-01,0.9982600512004756,0.0,0.0
2011-11-02,0.9788721206958754,0.0,0.0
2011-11-03,0.9770988351507583,0.0,0.0
2011-11-04,0.8943793851760891,0.0,0.0
2011-11-07,0.7344328436300089,0.0,0.0
2011-11-08,0.6465932425884233,0.0,0.0
2011-11-09,0.9988116970672118,0.0,0.0
2011-11-10,0.9425070912520703,0.0,0.0
2011-11-11,0.9607128526443519,0.0,0.0
2011-11-14,0.89550562505169,0.0,0.0
2011-11-15,0.7430596579217463,0.0,0.0
2011-11-16,0.803870208980113,0.0,0.0
2011-11-17,0.8511026537118442,0.0,0.0
2011-11-18,0.6499262110863427,0.0,0.0
2011-11-21,0.7996234084436522,0.0,0.0
2011-11-22,0.6006389945723055,0.0,0.0
2011-11-23,0.8839070447654198,0.0,0.0
2011-11-25,0.7167474061143655,0.0,0.0
2011-11-28,0.9873890948885339,0.0,0.0
2011-11-29,0.8999984090749119,0.0,0.0
2011-11-30,0.9999642618000685,0.0,0.0
2011-12-01,0.9304333053105223,0.0,0.0
2011-12-02,0.7829492241985448,0.0,0.0
2011-12-05,0.6725455126457647,0.0,0.0
2011-12-06,0.42145192777565893,0.0,0.0
2011-12-07,0.21330031636577543,0.0,0.0
2011-12-08,0.5709665361805446,0.0,0.0
2011-12-09,0.6848696473416085,0.0,0.0
2011-12-12,0.7096081965168092,0.0,0.0
2011-12-13,0.610355337707104,0.0,0.0
2011-12-14,0.5536321789379908,0.0,0.0
2011-12-15,0.3224885155289136,0.0,0.0
2011-12-16,0.16151297119007593,0.0,0.0
2011-12-19,0.1556833140490589,0.0,0.0
2011-12-20,0.8602156045051075,0.0,0.0
2011-12-21,0.6636933156206838,0.0,0.0
2011-12-22,0.4819040885341632,0.0,0.0
2011-12-23,0.31355758053018895,0.0,0.0
2011-12-27,0.1465981166785973,0.0,0.0
2011-12-28,0.14853872688362565,0.0,0.0
2011-12-29,0.10230346146948123,1.0,0.0
2011-12-30,0.04834389532403751,1.0,0.0
2012-01-03,0.056098675219922005,1.0,0.0
2012-01-04,0.02463890132658966,1.0,1.0
2012-01-05,0.012926696479949843,1.0,1.0
2012-01-06,0.008090854565620609,1.0,1.0
2012-01-09,0.006150728423920529,1.0,1.0
2012-01-10,0.007831605695400238,1.0,1.0
2012-01-11,0.005931473027814036,1.0,1.0
2012-01-12,0.005357964308233908,1.0,1.0
2012-01-13,0.0058913100152600895,1.0,1.0
2012-01-17,0.005411972365984067,1.0,1.0
2012-01-18,0.009396249276597754,1.0,1.0
2012-01-19,0.007153364176898944,1.0,1.0
2012-01-20,0.005669010250776591,1.0,1.0
2012-01-23,0.005114208447167575,1.0,1.0
2012-01-24,0.004911593057399215,1.0,1.0
2012-01-25,0.006795056729634075,1.0,1.0
2012-01-26,0.006848362693532824,1.0,1.0
2012-01-27,0.0055594849065946925,1.0,1.0
2012-01-30,0.005425769032919284,1.0,1.0
2012-01-31,0.005050690218534563,1.0,1.0
2012-02-01,0.008151422853808812,1.0,1.0
2012-02-02,0.0060713073576698475,1.0,1.0
2012-02-03,0.0157673717646212,1.0,1.0
2012-02-06,0.008972704531386573,1.0,1.0
2012-02-07,0.006375548030411257,1.0,1.0
2012-02-08,0.005956305062088261,1.0,1.0
2012-02-09,0.005434307998471964,1.0,1.0
2012-02-10,0.007343196793502948,1.0,1.0
2012-02-13,0.00756155224166448,1.0,1.0
2012-02-14,0.006106771386567677,1.0,1.0
2012-02-15,0.006452547671854091,1.0,1.0
2012-02-16,0.011785611125157731,1.0,1.0
2012-02-17,0.007692106444582461,1.0,1.0
2012-02-21,0.00612318242115427,1.0,1.0
2012-02-22,0.0060972445611182265,1.0,1.0
2012-02-23,0.006199296056486938,1.0,1.0
2012-02-24,0.005527819077075877,1.0,1.0
2012-02-27,0.0052652046796514635,1.0,1.0
2012-02-28,0.0052724320301260905,1.0,1.0
2012-02-29,0.006263261652140661,1.0,1.0
2012-03-01,0.006552785154233613,1.0,1.0
2012-03-02,0.006506372438422428,1.0,1.0
2012-03-05,0.006290453477701842,1.0,1.0
2012-03-06,0.02367283680977785,1.0,1.0
2012-03-07,0.016159364288935003,1.0,1.0
2012-03-08,0.015645285988086018,1.0,1.0
2012-03-09,0.010032946165267415,1.0,1.0
2012-03-12,0.0070482267409361365,1.0,1.0
2012-03-13,0.030055227420972535,1.0,1.0
2012-03-14,0.015464241565440483,1.0,1.0
2012-03-15,0.010944555536658311,1.0,1.0
2012-03-16,0.0073330084871668305,1.0,1.0
2012-03-19,0.006315292484441987,1.0,1.0
2012-03-20,0.00617918879147475,1.0,1.0
2012-03-21,0.005578785632643245,1.0,1.0
2012-03-22,0.0073594497168374936,1.0,1.0
2012-03-23,0.006282816055780945,1.0,1.0
2012-03-26,0.014775505023141067,1.0,1.0
2012-03-27,0.009440525143114074,1.0,1.0
2012-03-28,0.008055735926694467,1.0,1.0
2012-03-29,0.0064014377252484675,1.0,1.0
2012-03-30,0.005718305510595905,1.0,1.0
2012-04-02,0.006917410316725295,1.0,1.0
2012-04-03,0.006295118826410937,1.0,1.0
2012-04-04,0.01127281060949586,1.0,1.0
2012-04-05,0.007494967866355679,1.0,1.0
2012-04-09,0.013830415959347406,1.0,1.0
2012-04-10,0.05382502272602879,1.0,1.0
2012-04-11,0.03309617174320452,1.0,1.0
2012-04-12,0.04078893996518157,1.0,1.0
2012-04-13,0.04541009637068871,1.0,1.0
2012-04-16,0.021164862423526287,1.0,1.0
2012-04-17,0.03445416060782128,1.0,1.0
2012-04-18,0.018638074144864368,1.0,1.0
2012-04-19,0.012684207522887233,1.0,1.0
2012-04-20,0.008012425190067516,1.0,1.0
2012-04-23,0.01053574898323269,1.0,1.0
2012-04-24,0.007362218989658171,1.0,1.0
2012-04-25,0.015648190253661032,1.0,1.0
2012-04-26,0.01162690788524451,1.0,1.0
2012-04-27,0.007916787202546864,1.0,1.0
2012-04-30,0.007188350492391979,1.0,1.0
2012-05-01,0.006429142447623462,1.0,1.0
2012-05-02,0.005732078653803077,1.0,1.0
2012-05-03,0.008780455214686234,1.0,1.0
2012-05-04,0.027670716339405814,1.0,1.0
2012-05-07,0.013850869069666854,1.0,1.0
2012-05-08,0.009497532915613761,1.0,1.0
2012-05-09,0.008688102333050524,1.0,1.0
2012-05-10,0.006647937590208162,1.0,1.0
2012-05-11,0.006062675117121116,1.0,1.0
2012-05-14,0.011505429472281857,1.0,1.0
2012-05-15,0.009003805956028189,1.0,1.0
2012-05-16,0.007550532172464857,1.0,1.0
2012-05-17,0.026590835784485182,1.0,1.0
2012-05-18,0.019661772856985133,1.0,1.0
2012-05-21,0.04196059667922626,1.0,1.0
2012-05-22,0.01955241411776486,1.0,1.0
2012-05-23,0.010877066484766657,1.0,1.0
2012-05-24,0.007339955397341414,1.0,1.0
2012-05-25,0.0060901150059422884,1.0,1.0
2012-05-29,0.01010092589477381,1.0,1.0
2012-05-30,0.022993522666982753,1.0,1.0
2012-05-31,0.01256406112708005,1.0,1.0
2012-06-01,0.24054484757959219,0.0,1.0
2012-06-04,0.11065209273994281,1.0,1.0
2012-06-05,0.05799856364745074,1.0,1.0
2012-06-06,0.26969838534143536,0.0,1.0
2012-06-07,0.12677220965774136,1.0,1.0
2012-06-08,0.0744799901764655,1.0,1.0
2012-06-11,0.09474561712226476,1.0,1.0
2012-06-12,0.0741575389043011,1.0,1.0
2012-06-13,0.04624137913008723,1.0,1.0
2012-06-14,0.03422492266391831,1.0,1.0
2012-06-15,0.027099490225656206,1.0,1.0
2012-06-18,0.01376889305274545,1.0,1.0
2012-06-19,0.014398677558292787,1.0,1.0
2012-06-20,0.008858703544559992,1.0,1.0
2012-06-21,0.0973726129094411,1.0,1.0
2012-06-22,0.05497661388875145,1.0,1.0
2012-06-25,0.101092093543069,1.0,1.0
2012-06-26,0.04879396902417934,1.0,1.0
2012-06-27,0.03241594919192032,1.0,1.0
2012-06-28,0.016489566317168167,1.0,1.0
2012-06-29,0.1886554981235673,0.0,1.0
2012-07-02,0.08682896462955288,1.0,1.0
2012-07-03,0.048212489324445565,1.0,1.0
2012-07-05,0.02415099188173464,1.0,1.0
2012-07-06,0.021981810982012195,1.0,1.0
2012-07-09,0.012150516974002136,1.0,1.0
2012-07-10,0.011874573076271029,1.0,1.0
2012-07-11,0.007788589069095903,1.0,1.0
2012-07-12,0.007212902392398015,1.0,1.0
2012-07-13,0.02025593228541269,1.0,1.0
2012-07-16,0.011765193176156222,1.0,1.0
2012-07-17,0.009222300073429043,1.0,1.0
2012-07-18,0.008250692616231112,1.0,1.0
2012-07-19,0.006431433162212533,1.0,1.0
2012-07-20,0.01072797688338251,1.0,1.0
2012-07-23,0.013116305244021046,1.0,1.0
2012-07-24,0.014456197170664459,1.0,1.0
2012-07-25,0.00871596859509945,1.0,1.0
2012-07-26,0.019645515053509217,1.0,1.0
2012-07-27,0.06468244423985066,1.0,1.0
2012-07-30,0.02925090310859272,1.0,1.0
2012-07-31,0.01675182748678506,1.0,1.0
2012-08-01,0.01135417691736009,1.0,1.0
2012-08-02,0.010042038805628827,1.0,1.0
2012-08-03,0.04552107660192887,1.0,1.0
2012-08-06,0.021760306908796295,1.0,1.0
2012-08-07,0.013643151539279374,1.0,1.0
2012-08-08,0.006407915405066496,1.0,1.0
2012-08-09,0.004995435570689585,1.0,1.0
2012-08-10,0.0044843549427596606,1.0,1.0
2012-08-13,0.0043537009068868645,1.0,1.0
2012-08-14,0.00423553122889891,1.0,1.0
2012-08-15,0.004265447382818703,1.0,1.0
2012-08-16,0.005263269689796675,1.0,1.0
2012-08-17,0.0046581872149776635,1.0,1.0
2012-08-20,0.004363650429999048,1.0,1.0
2012-08-21,0.004521370621782474,1.0,1.0
2012-08-22,0.0042887030702350335,1.0,1.0
2012-08-23,0.005962482221520748,1.0,1.0
2012-08-24,0.0055987008659650955,1.0,1.0
2012-08-27,0.004718107296607549,1.0,1.0
2012-08-28,0.004359963688676188,1.0,1.0
2012-08-29,0.004236984217843072,1.0,1.0
2012-08-30,0.006036298433308194,1.0,1.0
2012-08-31,0.005382599455553975,1.0,1.0
2012-09-04,0.0046036871391620755,1.0,1.0
2012-09-05,0.004338103571997848,1.0,1.0
2012-09-06,0.030811334525711886,1.0,1.0
2012-09-07,0.015371052523601783,1.0,1.0
2012-09-10,0.010187927285087061,1.0,1.0
2012-09-11,0.006560706801085745,1.0,1.0
2012-09-12,0.00515467719572344,1.0,1.0
2012-09-13,0.013756191912173078,1.0,1.0
2012-09-14,0.008685844186617027,1.0,1.0
2012-09-17,0.006553631701355773,1.0,1.0
2012-09-18,0.005154512616121022,1.0,1.0
2012-09-19,0.004549368719020569,1.0,1.0
2012-09-20,0.004369958940612814,1.0,1.0
2012-09-21,0.004225061077959841,1.0,1.0
2012-09-24,0.004389637703115463,1.0,1.0
2012-09-25,0.00836441041471903,1.0,1.0
2012-09-26,0.006972582672271134,1.0,1.0
2012-09-27,0.0079786951430197,1.0,1.0
2012-09-28,0.006381684734466565,1.0,1.0
2012-10-01,0.005066050344115788,1.0,1.0
2012-10-02,0.0044877908414229254,1.0,1.0
2012-10-03,0.004462102141982538,1.0,1.0
2012-10-04,0.0054294778673877695,1.0,1.0
2012-10-05,0.004639572912783766,1.0,1.0
2012-10-08,0.004724010839583019,1.0,1.0
2012-10-09,0.008045417194745556,1.0,1.0
2012-10-10,0.006870011826534657,1.0,1.0
2012-10-11,0.005166173380272101,1.0,1.0
2012-10-12,0.004918662944440593,1.0,1.0
2012-10-15,0.00576836545617554,1.0,1.0
2012-10-16,0.007355764529951178,1.0,1.0
2012-10-17,0.005853500388343643,1.0,1.0
2012-10-18,0.005118131356965678,1.0,1.0
2012-10-19,0.02017428627713703,1.0,1.0
2012-10-22,0.010207613983952714,1.0,1.0
2012-10-23,0.01582340744826102,1.0,1.0
2012-10-24,0.009041963760214084,1.0,1.0
2012-10-25,0.0061063222371112785,1.0,1.0
2012-10-26,0.004915750540815406,1.0,1.0
2012-10-31,0.004438650690644443,1.0,1.0
2012-11-01,0.00800435300920047,1.0,1.0
2012-11-02,0.010192445887183347,1.0,1.0
2012-11-05,0.006562448457554178,1.0,1.0
2012-11-06,0.006616718616573283,1.0,1.0
2012-11-07,0.07798597272929407,1.0,1.0
2012-11-08,0.07372995239224801,1.0,1.0
2012-11-09,0.03140410154031427,1.0,1.0
2012-11-12,0.014523991169157556,1.0,1.0
2012-11-13,0.008896914157502466,1.0,1.0
2012-11-14,0.01702054405726717,1.0,1.0
2012-11-15,0.00940236480525712,1.0,1.0
2012-11-16,0.006949327274986478,1.0,1.0
2012-11-19,0.03181239752821285,1.0,1.0
2012-11-20,0.014672215725527186,1.0,1.0
2012-11-21,0.008351644865840887,1.0,1.0
2012-11-23,0.011935357311728755,1.0,1.0
2012-11-26,0.0072083977146775585,1.0,1.0
2012-11-27,0.005960489981594647,1.0,1.0
2012-11-28,0.006464959855873429,1.0,1.0
2012-11-29,0.005612895928331764,1.0,1.0
2012-11-30,0.004693036712617535,1.0,1.0
2012-12-03,0.004973586156170582,1.0,1.0
2012-12-04,0.004559484524126063,1.0,1.0
2012-12-05,0.0043203560989299086,1.0,1.0
2012-12-06,0.004337176428701052,1.0,1.0
2012-12-07,0.004313438827412653,1.0,1.0
2012-12-10,0.0042079794045825495,1.0,1.0
2012-12-11,0.005037435280772873,1.0,1.0
2012-12-12,0.00448841723601587,1.0,1.0
2012-12-13,0.005203987884669053,1.0,1.0
2012-12-14,0.004914152001745171,1.0,1.0
2012-12-17,0.008066233922635484,1.0,1.0
2012-12-18,0.010791798933810293,1.0,1.0
2012-12-19,0.008240719175940265,1.0,1.0
2012-12-20,0.006329135469377284,1.0,1.0
2012-12-21,0.007697281212688051,1.0,1.0
2012-12-24,0.005722662207040077,1.0,1.0
2012-12-26,0.00566140966719079,1.0,1.0
2012-12-27,0.004776361729204962,1.0,1.0
2012-12-28,0.00765766297552225,1.0,1.0
2012-12-31,0.02090105835744751,1.0,1.0
2013-01-02,0.21814792655235113,0.0,1.0
2013-01-03,0.09757640171701068,1.0,1.0
2013-01-04,0.04612116826664053,1.0,1.0
2013-01-07,0.021645746288132275,1.0,1.0
2013-01-08,0.011312297304326095,1.0,1.0
2013-01-09,0.007118820319015149,1.0,1.0
2013-01-10,0.006278085494638584,1.0,1.0
2013-01-11,0.004944639800502323,1.0,1.0
2013-01-14,0.004477183674319652,1.0,1.0
2013-01-15,0.004294267499318259,1.0,1.0
2013-01-16,0.004226605419633012,1.0,1.0
2013-01-17,0.004844844577496182,1.0,1.0
2013-01-18,0.004507813808212018,1.0,1.0
2013-01-22,0.004685325410830651,1.0,1.0
2013-01-23,0.004343819516376832,1.0,1.0
2013-01-24,0.004216089125475011,1.0,1.0
2013-01-25,0.004763777257789013,1.0,1.0
2013-01-28,0.0044602979091387844,1.0,1.0
2013-01-29,0.004451359011060719,1.0,1.0
2013-01-30,0.004687224179360629,1.0,1.0
2013-01-31,0.004380085090775752,1.0,1.0
2013-02-01,0.006492385149455288,1.0,1.0
2013-02-04,0.01090965928236768,1.0,1.0
2013-02-05,0.011057766543642713,1.0,1.0
2013-02-06,0.006760594086846338,1.0,1.0
2013-02-07,0.005245083703150295,1.0,1.0
2013-02-08,0.005203448624707164,1.0,1.0
2013-02-11,0.003793703047289836,1.0,1.0
2013-02-12,0.003575627120364846,1.0,1.0
2013-02-13,0.003490244043637901,1.0,1.0
2013-02-14,0.0034531048073337123,1.0,1.0
2013-02-15,0.0034946800118736574,1.0,1.0
2013-02-19,0.004369284876912422,1.0,1.0
2013-02-20,0.010941573335044448,1.0,1.0
2013-02-21,0.00813423661865667,1.0,1.0
2013-02-22,0.007637775140709665,1.0,1.0
2013-02-25,0.03146945489358915,1.0,1.0
2013-02-26,0.015769183166597513,1.0,1.0
2013-02-27,0.01721354010688175,1.0,1.0
2013-02-28,0.008542930187864343,1.0,1.0
2013-03-01,0.005351650201333556,1.0,1.0
2013-03-04,0.004488215073069328,1.0,1.0
2013-03-05,0.005998931834951232,1.0,1.0
2013-03-06,0.004389512260733852,1.0,1.0
2013-03-07,0.003857153845127701,1.0,1.0
2013-03-08,0.00398591247867137,1.0,1.0
2013-03-11,0.003732787604249339,1.0,1.0
2013-03-12,0.0036960922279210937,1.0,1.0
2013-03-13,0.003556574718065129,1.0,1.0
2013-03-14,0.003983233093205265,1.0,1.0
2013-03-15,0.003758526381136345,1.0,1.0
2013-03-18,0.0042023162673362245,1.0,1.0
2013-03-19,0.0038859938724541644,1.0,1.0
2013-03-20,0.004614088521930107,1.0,1.0
2013-03-21,0.0059997305498907865,1.0,1.0
2013-03-22,0.00511239292740815,1.0,1.0
2013-03-25,0.004320596606089735,1.0,1.0
2013-03-26,0.004816395998738108,1.0,1.0
2013-03-27,0.00394769365875187,1.0,1.0
2013-03-28,0.0038165409399289634,1.0,1.0
2013-04-01,0.004418438257531403,1.0,1.0
2013-04-02,0.003924433942826991,1.0,1.0
2013-04-03,0.007943143787277633,1.0,1.0
2013-04-04,0.005406779368857504,1.0,1.0
2013-04-05,0.0046745172423362106,1.0,1.0
2013-04-08,0.004778793707289382,1.0,1.0
2013-04-09,0.004038748374317222,1.0,1.0
2013-04-10,0.007853903632572023,1.0,1.0
2013-04-11,0.005249248865202986,1.0,1.0
2013-04-12,0.004357617301217536,1.0,1.0
2013-04-15,0.1030220285833402,1.0,1.0
2013-04-16,0.10927551258252488,1.0,1.0
2013-04-17,0.13719297425255084,1.0,1.0
2013-04-18,0.07523946764670777,1.0,1.0
2013-04-19,0.04623736245875711,1.0,1.0
2013-04-22,0.020874891567226554,1.0,1.0
2013-04-23,0.017232112959506014,1.0,1.0
2013-04-24,0.00847647634140638,1.0,1.0
2013-04-25,0.005775021779914159,1.0,1.0
2013-04-26,0.004444856461889143,1.0,1.0
2013-04-29,0.004586615504457854,1.0,1.0
2013-04-30,0.003947656990576416,1.0,1.0
2013-05-01,0.007209678934315037,1.0,1.0
2013-05-02,0.007857917450926639,1.0,1.0
2013-05-03,0.0089681654357368,1.0,1.0
2013-05-06,0.005517716337746316,1.0,1.0
2013-05-07,0.004701635734817588,1.0,1.0
2013-05-08,0.004180397049823258,1.0,1.0
2013-05-09,0.003989299835144866,1.0,1.0
2013-05-10,0.004078408927915438,1.0,1.0
2013-05-13,0.0036786316994260686,1.0,1.0
2013-05-14,0.006135289092435059,1.0,1.0
2013-05-15,0.004883382505286876,1.0,1.0
2013-05-16,0.004713932192481378,1.0,1.0
2013-05-17,0.006376011548419286,1.0,1.0
2013-05-20,0.004537750695328005,1.0,1.0
2013-05-21,0.0038468602855344083,1.0,1.0
2013-05-22,0.0059698311910858955,1.0,1.0
2013-05-23,0.004505974168026693,1.0,1.0
2013-05-24,0.0038520176841170643,1.0,1.0
2013-05-28,0.004631884125083535,1.0,1.0
2013-05-29,0.005265039368766767,1.0,1.0
2013-05-30,0.004512534953141779,1.0,1.0
2013-05-31,0.01046024910785745,1.0,1.0
2013-06-03,0.006569677428654016,1.0,1.0
2013-06-04,0.005582110243906104,1.0,1.0
2013-06-05,0.012580762119796878,1.0,1.0
2013-06-06,0.009614073273760874,1.0,1.0
2013-06-07,0.012508173489694347,1.0,1.0
2013-06-10,0.006738732469063844,1.0,1.0
2013-06-11,0.008799396391226332,1.0,1.0
2013-06-12,0.00812944951873322,1.0,1.0
2013-06-13,0.014280434487370522,1.0,1.0
2013-06-14,0.00926558582874482,1.0,1.0
2013-06-17,0.006975409105984119,1.0,1.0
2013-06-18,0.0062367364210036275,1.0,1.0
2013-06-19,0.011490328350200384,1.0,1.0
2013-06-20,0.15236963189233788,1.0,1.0
2013-06-21,0.06299198649350751,1.0,1.0
2013-06-24,0.05751394235024885,1.0,1.0
2013-06-25,0.03555784710163539,1.0,1.0
2013-06-26,0.02224923231684004,1.0,1.0
2013-06-27,0.013337137171256608,1.0,1.0
2013-06-28,0.0076847732521172375,1.0,1.0
2013-07-01,0.0061671738338399,1.0,1.0
2013-07-02,0.004488983598982998,1.0,1.0
2013-07-03,0.003817693023868889,1.0,1.0
2013-07-05,0.006290732165337083,1.0,1.0
2013-07-08,0.004992859053206097,1.0,1.0
2013-07-09,0.005056965849187394,1.0,1.0
2013-07-10,0.004018958797170383,1.0,1.0
2013-07-11,0.00836018169235496,1.0,1.0
2013-07-12,0.005425965265971088,1.0,1.0
2013-07-15,0.004190414233430849,1.0,1.0
2013-07-16,0.004176581318898787,1.0,1.0
2013-07-17,0.003803940715789643,1.0,1.0
2013-07-18,0.004022899486449215,1.0,1.0
2013-07-19,0.003644139037442378,1.0,1.0
2013-07-22,0.0035538333060495535,1.0,1.0
2013-07-23,0.003561379546707613,1.0,1.0
2013-07-24,0.0038810540262862138,1.0,1.0
2013-07-25,0.0038312567192528403,1.0,1.0
2013-07-26,0.0035782323408416416,1.0,1.0
2013-07-29,0.0038515021871308387,1.0,1.0
2013-07-30,0.0035842639999708777,1.0,1.0
2013-07-31,0.0034859166140787418,1.0,1.0
2013-08-01,0.008703576596052262,1.0,1.0
2013-08-02,0.005395042735643144,1.0,1.0
2013-08-05,0.004183698606318009,1.0,1.0
2013-08-06,0.004964210156246865,1.0,1.0
2013-08-07,0.004516073336570577,1.0,1.0
2013-08-08,0.004158097325463058,1.0,1.0
2013-08-09,0.003949949177160658,1.0,1.0
2013-08-12,0.0038031935993593927,1.0,1.0
2013-08-13,0.0036712974268516847,1.0,1.0
2013-08-14,0.004368182535510473,1.0,1.0
2013-08-15,0.015172930149520364,1.0,1.0
2013-08-16,0.008345935376283621,1.0,1.0
2013-08-19,0.0070259952231479916,1.0,1.0
2013-08-20,0.005366589289214948,1.0,1.0
2013-08-21,0.005457303109203211,1.0,1.0
2013-08-22,0.006318973775368781,1.0,1.0
2013-08-23,0.004775794528789656,1.0,1.0
2013-08-26,0.004329179983230941,1.0,1.0
2013-08-27,0.02574607300944153,1.0,1.0
2013-08-28,0.012036361749090802,1.0,1.0
2013-08-29,0.0069013698263481246,1.0,1.0
2013-08-30,0.005683273076525264,1.0,1.0
2013-09-03,0.0046897241580016015,1.0,1.0
2013-09-04,0.005444479052025526,1.0,1.0
2013-09-05,0.004267282871621325,1.0,1.0
2013-09-06,0.0038274458364669305,1.0,1.0
2013-09-09,0.0064990015562784356,1.0,1.0
2013-09-10,0.00619086726036355,1.0,1.0
2013-09-11,0.00461159410717309,1.0,1.0
2013-09-12,0.004321688292530402,1.0,1.0
2013-09-13,0.003925395632054374,1.0,1.0
2013-09-16,0.004050801747800993,1.0,1.0
2013-09-17,0.004202805965835599,1.0,1.0
2013-09-18,0.006818931504035973,1.0,1.0
2013-09-19,0.004866535901761163,1.0,1.0
2013-09-20,0.005389662856083941,1.0,1.0
2013-09-23,0.004965783346933156,1.0,1.0
2013-09-24,0.004173810747136706,1.0,1.0
2013-09-25,0.0039969200238375085,1.0,1.0
2013-09-26,0.003945442423023642,1.0,1.0
2013-09-27,0.004200761736939234,1.0,1.0
2013-09-30,0.004571415247136989,1.0,1.0
2013-10-01,0.005731341236073584,1.0,1.0
2013-10-02,0.004429504300480327,1.0,1.0
2013-10-03,0.006647227129373272,1.0,1.0
2013-10-04,0.00602166658928828,1.0,1.0
2013-10-07,0.008180231737244784,1.0,1.0
2013-10-08,0.016811242775058945,1.0,1.0
2013-10-09,0.00849329198900592,1.0,1.0
2013-10-10,0.06830136298795078,1.0,1.0
2013-10-11,0.034844153360989935,1.0,1.0
2013-10-14,0.016194201467864187,1.0,1.0
2013-10-15,0.011910881762825128,1.0,1.0
2013-10-16,0.016840630538888606,1.0,1.0
2013-10-17,0.010437326394130515,1.0,1.0
2013-10-18,0.007629930970337827,1.0,1.0
2013-10-21,0.0050680183740641925,1.0,1.0
2013-10-22,0.0045498655152618655,1.0,1.0
2013-10-23,0.004787791057492066,1.0,1.0
2013-10-24,0.004266867938590597,1.0,1.0
2013-10-25,0.003945414541480702,1.0,1.0
2013-10-28,0.0036950823928047316,1.0,1.0
2013-10-29,0.004057390040621356,1.0,1.0
2013-10-30,0.004841080232167215,1.0,1.0
2013-10-31,0.004433902146753908,1.0,1.0
2013-11-01,0.0039022499330261017,1.0,1.0
2013-11-04,0.0040052467273909926,1.0,1.0
2013-11-05,0.003932130343371549,1.0,1.0
2013-11-06,0.003763534393251574,1.0,1.0
2013-11-07,0.013825392930982842,1.0,1.0
2013-11-08,0.021291937966879535,1.0,1.0
2013-11-11,0.01006926898265037,1.0,1.0
2013-11-12,0.006168739311856683,1.0,1.0
2013-11-13,0.0065790232206992105,1.0,1.0
2013-11-14,0.0049621457237950806,1.0,1.0
2013-11-15,0.004368789880443236,1.0,1.0
2013-11-18,0.004645065594416684,1.0,1.0
2013-11-19,0.004242313407222465,1.0,1.0
2013-11-20,0.004193910885276753,1.0,1.0
2013-11-21,0.005860194193775622,1.0,1.0
2013-11-22,0.004823535844910586,1.0,1.0
2013-11-25,0.004101547934698904,1.0,1.0
2013-11-26,0.003767513226524733,1.0,1.0
2013-11-27,0.003728075898226179,1.0,1.0
2013-11-29,0.003638551871837545,1.0,1.0
2013-12-02,0.003933679563331256,1.0,1.0
2013-12-03,0.00408978184708379,1.0,1.0
2013-12-04,0.0038055898488898927,1.0,1.0
2013-12-05,0.004038237320850757,1.0,1.0
2013-12-06,0.006141200783408595,1.0,1.0
2013-12-09,0.004512749311706863,1.0,1.0
2013-12-10,0.004322900065331522,1.0,1.0
2013-12-11,0.009248489167859154,1.0,1.0
2013-12-12,0.005975213206723098,1.0,1.0
2013-12-13,0.004433495366663366,1.0,1.0
2013-12-16,0.004709064214474102,1.0,1.0
2013-12-17,0.004233933411260976,1.0,1.0
2013-12-18,0.012883793144402283,1.0,1.0
2013-12-19,0.007096185909595814,1.0,1.0
2013-12-20,0.005967302857776709,1.0,1.0
2013-12-23,0.005217800085206434,1.0,1.0
2013-12-24,0.0043156400738859095,1.0,1.0
2013-12-26,0.004116179250628565,1.0,1.0
2013-12-27,0.0037958907778798583,1.0,1.0
2013-12-30,0.003655466785808131,1.0,1.0
2013-12-31,0.0038430189789424897,1.0,1.0
2014-01-02,0.006213279443210791,1.0,1.0
2014-01-03,0.00452772730357805,1.0,1.0
2014-01-06,0.004328931875418481,1.0,1.0
2014-01-07,0.004694382577921023,1.0,1.0
2014-01-08,0.003971690884352867,1.0,1.0
2014-01-09,0.0037132955334606803,1.0,1.0
2014-01-10,0.0036824640362665825,1.0,1.0
2014-01-13,0.011049726513410806,1.0,1.0
2014-01-14,0.011979341340436848,1.0,1.0
2014-01-15,0.007421199357115271,1.0,1.0
2014-01-16,0.005028266912344908,1.0,1.0
2014-01-17,0.004648072862307456,1.0,1.0
2014-01-21,0.004056685325771877,1.0,1.0
2014-01-22,0.0037446649324354,1.0,1.0
2014-01-23,0.006020530146952427,1.0,1.0
2014-01-24,0.07764367859725896,1.0,1.0
2014-01-27,0.042734480690521985,1.0,1.0
2014-01-28,0.02291095949127965,1.0,1.0
2014-01-29,0.022598892301846994,1.0,1.0
2014-01-30,0.021831577882057192,1.0,1.0
2014-01-31,0.014043650092023826,1.0,1.0
2014-02-03,0.2431311030224619,1.0,1.0
2014-02-04,0.13387269776416114,1.0,1.0
2014-02-05,0.058020792826477936,1.0,1.0
2014-02-06,0.04898527512909951,1.0,1.0
2014-02-07,0.04848838323612135,1.0,1.0
2014-02-10,0.020400572843960196,1.0,1.0
2014-02-11,0.028400216080180375,1.0,1.0
2014-02-12,0.012425453048355262,1.0,1.0
2014-02-13,0.008166142742067794,1.0,1.0
2014-02-14,0.005117529575273945,1.0,1.0
2014-02-18,0.0037224058914159044,1.0,1.0
2014-02-19,0.0048083892554852785,1.0,1.0
2014-02-20,0.00449542587625252,1.0,1.0
2014-02-21,0.0034922693783598696,1.0,1.0
2014-02-24,0.003706349214940904,1.0,1.0
2014-02-25,0.0032009226683403762,1.0,1.0
2014-02-26,0.0029412139498559042,1.0,1.0
2014-02-27,0.003224921929139568,1.0,1.0
2014-02-28,0.002953595976768327,1.0,1.0
2014-03-03,0.004239667647598008,1.0,1.0
2014-03-04,0.015898996593289694,1.0,1.0
2014-03-05,0.007714567734939025,1.0,1.0
2014-03-06,0.004628752713391395,1.0,1.0
2014-03-07,0.0034744921616626685,1.0,1.0
2014-03-10,0.003105507618150282,1.0,1.0
2014-03-11,0.004006147586828431,1.0,1.0
2014-03-12,0.003239967370547251,1.0,1.0
2014-03-13,0.008632763490922752,1.0,1.0
2014-03-14,0.005163318190259706,1.0,1.0
2014-03-17,0.005531204521460718,1.0,1.0
2014-03-18,0.005309528119749449,1.0,1.0
2014-03-19,0.004998711166801403,1.0,1.0
2014-03-20,0.004045320335814672,1.0,1.0
2014-03-21,0.0037248702991860695,1.0,1.0
2014-03-24,0.00440228159683213,1.0,1.0
2014-03-25,0.003467944712711857,1.0,1.0
2014-03-26,0.005597943674704863,1.0,1.0
2014-03-27,0.004013460422501072,1.0,1.0
2014-03-28,0.00345204290821269,1.0,1.0
2014-03-31,0.004874460743015363,1.0,1.0
2014-04-01,0.0052110406574631465,1.0,1.0
2014-04-02,0.0037852450625010677,1.0,1.0
2014-04-03,0.0034974730432296938,1.0,1.0
2014-04-04,0.014224258518879313,1.0,1.0
2014-04-07,0.021840714477456554,1.0,1.0
2014-04-08,0.010956396837323638,1.0,1.0
2014-04-09,0.01276588701986338,1.0,1.0
2014-04-10,0.17183992016430594,1.0,1.0
2014-04-11,0.15618948524223364,1.0,1.0
2014-04-14,0.08196783641145156,1.0,1.0
2014-04-15,0.03933096024146161,1.0,1.0
2014-04-16,0.03196270657639312,1.0,1.0
2014-04-17,0.013950427002280098,1.0,1.0
2014-04-21,0.007317441182822461,1.0,1.0
2014-04-22,0.005157253316305581,1.0,1.0
2014-04-23,0.004061619236413685,1.0,1.0
2014-04-24,0.0032581677903487337,1.0,1.0
2014-04-25,0.006665038949650181,1.0,1.0
2014-04-28,0.0042268924298294,1.0,1.0
2014-04-29,0.003831921442934065,1.0,1.0
2014-04-30,0.0033075718716147847,1.0,1.0
2014-05-01,0.0029836204515295167,1.0,1.0
2014-05-02,0.002913135300558842,1.0,1.0
2014-05-05,0.002834511568209992,1.0,1.0
2014-05-06,0.0062236524902480606,1.0,1.0
2014-05-07,0.004400675218096792,1.0,1.0
2014-05-08,0.0036617307383674754,1.0,1.0
2014-05-09,0.0031581376306436975,1.0,1.0
2014-05-12,0.006337296718812031,1.0,1.0
2014-05-13,0.004156758141124735,1.0,1.0
2014-05-14,0.004463152561566187,1.0,1.0
2014-05-15,0.006354913175993538,1.0,1.0
2014-05-16,0.004298463452350464,1.0,1.0
2014-05-19,0.0037144671570229636,1.0,1.0
2014-05-20,0.005068334051981501,1.0,1.0
2014-05-21,0.0050238333068451,1.0,1.0
2014-05-22,0.0037811038946069615,1.0,1.0
2014-05-23,0.003483752203531963,1.0,1.0
2014-05-27,0.003812106845712924,1.0,1.0
2014-05-28,0.00325779869453781,1.0,1.0
2014-05-29,0.0033579342460466777,1.0,1.0
2014-05-30,0.002999020463683825,1.0,1.0
2014-06-02,0.002865945482111159,1.0,1.0
2014-06-03,0.0028515084400270933,1.0,1.0
2014-06-04,0.0028718858024317567,1.0,1.0
2014-06-05,0.003763134630044883,1.0,1.0
2014-06-06,0.0035703490882931024,1.0,1.0
2014-06-09,0.0031069848246488853,1.0,1.0
2014-06-10,0.002932042138908324,1.0,1.0
2014-06-11,0.0031974923047009616,1.0,1.0
2014-06-12,0.004330649451159657,1.0,1.0
2014-06-13,0.003458743366378912,1.0,1.0
2014-06-16,0.0030368378708143036,1.0,1.0
2014-06-17,0.0029908543180470113,1.0,1.0
2014-06-18,0.003727199919018382,1.0,1.0
2014-06-19,0.003135184988509999,1.0,1.0
2014-06-20,0.002928230910308826,1.0,1.0
2014-06-23,0.00286089429460579,1.0,1.0
2014-06-24,0.004274561233023299,1.0,1.0
2014-06-25,0.00376436509501745,1.0,1.0
2014-06-26,0.00323104848359782,1.0,1.0
2014-06-27,0.0029960236790195728,1.0,1.0
2014-06-30,0.002863804721123695,1.0,1.0
2014-07-01,0.0036659439912906976,1.0,1.0
2014-07-02,0.0031411955707440894,1.0,1.0
2014-07-03,0.003409148449022177,1.0,1.0
2014-07-07,0.004161217753196107,1.0,1.0
2014-07-08,0.005582435975540088,1.0,1.0
2014-07-09,0.004161407979263923,1.0,1.0
2014-07-10,0.004086162273357306,1.0,1.0
2014-07-11,0.003268363509332418,1.0,1.0
2014-07-14,0.003226789614535548,1.0,1.0
2014-07-15,0.003285034779226498,1.0,1.0
2014-07-16,0.003076985892347275,1.0,1.0
2014-07-17,0.008457231532381851,1.0,1.0
2014-07-18,0.009507425570894491,1.0,1.0
2014-07-21,0.005692981141596344,1.0,1.0
2014-07-22,0.004358276997903407,1.0,1.0
2014-07-23,0.0033877919759297084,1.0,1.0
2014-07-24,0.003011557009782395,1.0,1.0
2014-07-25,0.0036682073648754256,1.0,1.0
2014-07-28,0.0031716871035830907,1.0,1.0
2014-07-29,0.0032796118962966055,1.0,1.0
2014-07-30,0.002969208248519304,1.0,1.0
2014-07-31,0.04767609198917689,1.0,1.0
2014-08-01,0.02211151199588422,1.0,1.0
2014-08-04,0.013036643897628052,1.0,1.0
2014-08-05,0.011427867934921726,1.0,1.0
2014-08-06,0.006022996136063312,1.0,1.0
2014-08-07,0.0050561338133361675,1.0,1.0
2014-08-08,0.007148657613424775,1.0,1.0
2014-08-11,0.00467459817771282,1.0,1.0
2014-08-12,0.0029422218323390966,1.0,1.0
2014-08-13,0.003129757200084228,1.0,1.0
2014-08-14,0.0027342878590848364,1.0,1.0
2014-08-15,0.0024020752514674923,1.0,1.0
2014-08-18,0.00358313529811047,1.0,1.0
2014-08-19,0.002982864327350213,1.0,1.0
2014-08-20,0.0024911849665705545,1.0,1.0
2014-08-21,0.002350826630065033,1.0,1.0
2014-08-22,0.002307084791973287,1.0,1.0
2014-08-25,0.0024725818942173345,1.0,1.0
2014-08-26,0.002305845736185965,1.0,1.0
2014-08-27,0.002246424570718858,1.0,1.0
2014-08-28,0.0023345726012639467,1.0,1.0
2014-08-29,0.0023736489145314613,1.0,1.0
2014-09-02,0.0022602896927214973,1.0,1.0
2014-09-03,0.002299752629945833,1.0,1.0
2014-09-04,0.0023461461862297017,1.0,1.0
2014-09-05,0.002439678349206726,1.0,1.0
2014-09-08,0.0024371820860805533,1.0,1.0
2014-09-09,0.003540808767769017,1.0,1.0
2014-09-10,0.0029081261753241008,1.0,1.0
2014-09-11,0.002464032003507327,1.0,1.0
2014-09-12,0.003017777489073021,1.0,1.0
2014-09-15,0.0027343118322904016,1.0,1.0
2014-09-16,0.0030343672219690578,1.0,1.0
2014-09-17,0.002504404540801667,1.0,1.0
2014-09-18,0.002564873421288828,1.0,1.0
2014-09-19,0.0024468161831277253,1.0,1.0
2014-09-22,0.004836098686488555,1.0,1.0
2014-09-23,0.004416192921946154,1.0,1.0
2014-09-24,0.004187534180664146,1.0,1.0
2014-09-25,0.020570079724769763,1.0,1.0
2014-09-26,0.012899986077371377,1.0,1.0
2014-09-29,0.006497297923931574,1.0,1.0
2014-09-30,0.004411893513905325,1.0,1.0
2014-10-01,0.01279590091344952,1.0,1.0
2014-10-02,0.006059816395019198,1.0,1.0
2014-10-03,0.006782270732712841,1.0,1.0
2014-10-06,0.004190265777317877,1.0,1.0
2014-10-07,0.0176455190593623,1.0,1.0
2014-10-08,0.04136234056142206,1.0,1.0
2014-10-09,0.33686813393604265,1.0,1.0
2014-10-10,0.39570722988023044,0.0,1.0
2014-10-13,0.6074796130514611,0.0,1.0
2014-10-14,0.3585998321339807,0.0,1.0
2014-10-15,0.20866655365931952,1.0,1.0
2014-10-16,0.08858369950124245,1.0,1.0
2014-10-17,0.06872887306216721,1.0,1.0
2014-10-20,0.04290022059888235,1.0,1.0
2014-10-21,0.15495986661129504,1.0,1.0
2014-10-22,0.10873918493975201,1.0,1.0
2014-10-23,0.10417856887068527,1.0,1.0
2014-10-24,0.05034892641784871,1.0,1.0
2014-10-27,0.021062484238101437,1.0,1.0
2014-10-28,0.026076890123568116,1.0,1.0
2014-10-29,0.011464692360968115,1.0,1.0
2014-10-30,0.0065633841960536345,1.0,1.0
2014-10-31,0.008776275873198243,1.0,1.0
2014-11-03,0.004612187055555681,1.0,1.0
2014-11-04,0.003477559458010631,1.0,1.0
2014-11-05,0.0029256048411085553,1.0,1.0
2014-11-06,0.002719827528144105,1.0,1.0
2014-11-07,0.0023824460386541466,1.0,1.0
2014-11-10,0.0023426331952981863,1.0,1.0
2014-11-11,0.0022458178287097516,1.0,1.0
2014-11-12,0.002211920883316538,1.0,1.0
2014-11-13,0.002222144568486038,1.0,1.0
2014-11-14,0.0022043027563274117,1.0,1.0
2014-11-17,0.0022274054332164905,1.0,1.0
2014-11-18,0.0024668441914208234,1.0,1.0
2014-11-19,0.0024376040248366266,1.0,1.0
2014-11-20,0.0023493991550547063,1.0,1.0
2014-11-21,0.0024767765337579757,1.0,1.0
2014-11-24,0.002437537649182964,1.0,1.0
2014-11-25,0.0023276806945005833,1.0,1.0
2014-11-26,0.00229617609661882,1.0,1.0
2014-11-28,0.0025283528032362824,1.0,1.0
2014-12-01,0.004453855614428685,1.0,1.0
2014-12-02,0.003681021984798975,1.0,1.0
2014-12-03,0.002977175265188284,1.0,1.0
2014-12-04,0.002594111561720335,1.0,1.0
2014-12-05,0.0023729798632792388,1.0,1.0
2014-12-08,0.003929112157336546,1.0,1.0
2014-12-09,0.00282107667714951,1.0,1.0
2014-12-10,0.021072028661518225,1.0,1.0
2014-12-11,0.010107057310360924,1.0,1.0
2014-12-12,0.029692489246930392,1.0,1.0
2014-12-15,0.018212510053122088,1.0,1.0
2014-12-16,0.013598509192033384,1.0,1.0
2014-12-17,0.09389203418539586,1.0,1.0
2014-12-18,0.5341241575050182,0.0,1.0
2014-12-19,0.3054413325914835,1.0,1.0
2014-12-22,0.14324621275885688,1.0,1.0
2014-12-23,0.05849614133759505,1.0,1.0
2014-12-24,0.02327526780683009,1.0,1.0
2014-12-26,0.010435471470841829,1.0,1.0
2014-12-29,0.005185697294418314,1.0,1.0
2014-12-30,0.004077026623251012,1.0,1.0
2014-12-31,0.005754057940091517,1.0,1.0
2015-01-02,0.0035895408530966025,1.0,1.0
2015-01-05,0.031322817916732554,1.0,1.0
2015-01-06,0.029384724893492583,1.0,1.0
2015-01-07,0.026445400675772914,1.0,1.0
2015-01-08,0.07238800276073296,1.0,1.0
2015-01-09,0.05074206654814601,1.0,1.0
2015-01-12,0.03325299145401513,1.0,1.0
2015-01-13,0.0143756574942645,1.0,1.0
2015-01-14,0.00910893672198776,1.0,1.0
2015-01-15,0.01166408287825162,1.0,1.0
2015-01-16,0.016003654465574668,1.0,1.0
2015-01-20,0.007220420294897581,1.0,1.0
2015-01-21,0.00429738155638588,1.0,1.0
2015-01-22,0.012524080690188365,1.0,1.0
2015-01-23,0.007342674875679728,1.0,1.0
2015-01-26,0.004344931854896143,1.0,1.0
2015-01-27,0.009292706640414332,1.0,1.0
2015-01-28,0.02025133860039578,1.0,1.0
2015-01-29,0.014624877476031676,1.0,1.0
2015-01-30,0.02442290778504009,1.0,1.0
2015-02-02,0.024165706207065953,1.0,1.0
2015-02-03,0.03597181159758017,1.0,1.0
2015-02-04,0.016680877018686712,1.0,1.0
2015-02-05,0.014426747672670482,1.0,1.0
2015-02-06,0.007037227955182238,1.0,1.0
2015-02-09,0.004839677531813132,1.0,1.0
2015-02-10,0.005726521984248995,1.0,1.0
2015-02-11,0.003059094860298586,1.0,1.0
2015-02-12,0.004174430560651147,1.0,1.0
2015-02-13,0.0030759109518635466,1.0,1.0
2015-02-17,0.002439110157539668,1.0,1.0
2015-02-18,0.002224188019360964,1.0,1.0
2015-02-19,0.002161446968492166,1.0,1.0
2015-02-20,0.0025384205991331944,1.0,1.0
2015-02-23,0.002295464864048126,1.0,1.0
2015-02-24,0.002247237366658584,1.0,1.0
2015-02-25,0.002164025854837856,1.0,1.0
2015-02-26,0.002168131076966379,1.0,1.0
2015-02-27,0.0024322290454675305,1.0,1.0
2015-03-02,0.0026645280269417806,1.0,1.0
2015-03-03,0.0027411758066130817,1.0,1.0
2015-03-04,0.002734803106540563,1.0,1.0
2015-03-05,0.002322884930488187,1.0,1.0
2015-03-06,0.0076080175037975106,1.0,1.0
2015-03-09,0.004156947082241272,1.0,1.0
2015-03-10,0.01929876743837573,1.0,1.0
2015-03-11,0.007982656271596751,1.0,1.0
2015-03-12,0.010280869486528945,1.0,1.0
2015-03-13,0.006509773618682335,1.0,1.0
2015-03-16,0.008504509197327677,1.0,1.0
2015-03-17,0.004476178782414244,1.0,1.0
2015-03-18,0.00558200275835609,1.0,1.0
2015-03-19,0.0037359154986594087,1.0,1.0
2015-03-20,0.0037247369572516527,1.0,1.0
2015-03-23,0.0027887956064716023,1.0,1.0
2015-03-24,0.002960047291140438,1.0,1.0
2015-03-25,0.014222243226881323,1.0,1.0
2015-03-26,0.0065840818041028835,1.0,1.0
2015-03-27,0.003732388632355021,1.0,1.0
2015-03-30,0.006303674379654254,1.0,1.0
2015-03-31,0.0055812281555058605,1.0,1.0
2015-04-01,0.003781051982896609,1.0,1.0
2015-04-02,0.0027874911759682083,1.0,1.0
2015-04-06,0.0027877444023191827,1.0,1.0
2015-04-07,0.0024880271420189026,1.0,1.0
2015-04-08,0.0023527393163504055,1.0,1.0
2015-04-09,0.002341782014603221,1.0,1.0
2015-04-10,0.0024278735648840927,1.0,1.0
2015-04-13,0.0025620546132422966,1.0,1.0
2015-04-14,0.0022599805698816206,1.0,1.0
2015-04-15,0.0025108893575802164,1.0,1.0
2015-04-16,0.0022860992523461134,1.0,1.0
2015-04-17,0.006804726439946918,1.0,1.0
2015-04-20,0.0059708497415231964,1.0,1.0
2015-04-21,0.0034821787649059223,1.0,1.0
2015-04-22,0.002807773419119036,1.0,1.0
2015-04-23,0.00240382791829231,1.0,1.0
2015-04-24,0.002216196748870398,1.0,1.0
2015-04-27,0.0027619416357535405,1.0,1.0
2015-04-28,0.002376268652610493,1.0,1.0
2015-04-29,0.002558078567050318,1.0,1.0
2015-04-30,0.005815183757571914,1.0,1.0
2015-05-01,0.0058267747879853,1.0,1.0
2015-05-04,0.003469543362319534,1.0,1.0
2015-05-05,0.00750996036585982,1.0,1.0
2015-05-06,0.004351380058311344,1.0,1.0
2015-05-07,0.0030309554750882757,1.0,1.0
2015-05-08,0.005497637551000703,1.0,1.0
2015-05-11,0.003772148462271034,1.0,1.0
2015-05-12,0.002888087503262569,1.0,1.0
2015-05-13,0.0023788346398909426,1.0,1.0
2015-05-14,0.0038299324099594534,1.0,1.0
2015-05-15,0.0026862842410149998,1.0,1.0
2015-05-18,0.0024934423260210984,1.0,1.0
2015-05-19,0.0022854332993881366,1.0,1.0
2015-05-20,0.0021958992478597625,1.0,1.0
2015-05-21,0.0021651239922491692,1.0,1.0
2015-05-22,0.002266672582076728,1.0,1.0
2015-05-26,0.004786729150868525,1.0,1.0
2015-05-27,0.00476808695204744,1.0,1.0
2015-05-28,0.003077476508118327,1.0,1.0
2015-05-29,0.0032675591292518342,1.0,1.0
2015-06-01,0.002505774794504128,1.0,1.0
2015-06-02,0.002259167177597224,1.0,1.0
2015-06-03,0.0022897105565705404,1.0,1.0
2015-06-04,0.004026279335380614,1.0,1.0
2015-06-05,0.0027507168139475737,1.0,1.0
2015-06-08,0.003362935102385037,1.0,1.0
2015-06-09,0.0025355939875393602,1.0,1.0
2015-06-10,0.0049756635170262395,1.0,1.0
2015-06-11,0.0030955037716669043,1.0,1.0
2015-06-12,0.0034286688272031126,1.0,1.0
2015-06-15,0.003088711368209981,1.0,1.0
2015-06-16,0.0028324846649016556,1.0,1.0
2015-06-17,0.002357565102156363,1.0,1.0
2015-06-18,0.0037275659135585964,1.0,1.0
2015-06-19,0.0031652618966862933,1.0,1.0
2015-06-22,0.0029794167100561124,1.0,1.0
2015-06-23,0.002400547650467594,1.0,1.0
2015-06-24,0.0036708338570555607,1.0,1.0
2015-06-25,0.002838467009515461,1.0,1.0
2015-06-26,0.0023874562481502022,1.0,1.0
2015-06-29,0.055222619293285966,1.0,1.0
2015-06-30,0.021225639439724418,1.0,1.0
2015-07-01,0.010213140308094485,1.0,1.0
2015-07-02,0.004955236855758565,1.0,1.0
2015-07-06,0.003517137129062493,1.0,1.0
2015-07-07,0.002927369101878556,1.0,1.0
2015-07-08,0.01847235493658506,1.0,1.0
2015-07-09,0.007825986595735076,1.0,1.0
2015-07-10,0.009406793221714735,1.0,1.0
2015-07-13,0.009359993476188396,1.0,1.0
2015-07-14,0.005012910990379889,1.0,1.0
2015-07-15,0.0032308412216935155,1.0,1.0
2015-07-16,0.0033621739780249236,1.0,1.0
2015-07-17,0.00252978456266711,1.0,1.0
2015-07-20,0.00226409946791579,1.0,1.0
2015-07-21,0.0026366410448439245,1.0,1.0
2015-07-22,0.002389035420512885,1.0,1.0
2015-07-23,0.0029589952029229374,1.0,1.0
2015-07-24,0.0059694831409843815,1.0,1.0
2015-07-27,0.005344658433111679,1.0,1.0
2015-07-28,0.007468422289727919,1.0,1.0
2015-07-29,0.005189633094162127,1.0,1.0
2015-07-30,0.003138517408803848,1.0,1.0
2015-07-31,0.002547412692783794,1.0,1.0
2015-08-03,0.002547143963628743,1.0,1.0
2015-08-04,0.0023350815684730496,1.0,1.0
2015-08-05,0.0022907487839463414,1.0,1.0
2015-08-06,0.004026921168431398,1.0,1.0
2015-08-07,0.0031414004597499477,1.0,1.0
2015-08-10,0.006504590886418968,1.0,1.0
2015-08-11,0.00758343848439497,1.0,1.0
2015-08-12,0.003972300174620571,1.0,1.0
2015-08-13,0.0027830680858089226,1.0,1.0
2015-08-14,0.002487584545986667,1.0,1.0
2015-08-17,0.002633049660186132,1.0,1.0
2015-08-18,0.002557980190505658,1.0,1.0
2015-08-19,0.004056094897922556,1.0,1.0
2015-08-20,0.10232098419768355,1.0,1.0
2015-08-21,0.9575683806690215,0.0,0.0
2015-08-24,0.9999968771368934,0.0,0.0
2015-08-25,0.980888079532556,0.0,0.0
2015-08-26,0.9999843879909187,0.0,0.0
2015-08-27,0.998585709950731,0.0,0.0
2015-08-28,0.9431022871504503,0.0,0.0
2015-08-31,0.8699220875703474,0.0,0.0
2015-09-01,0.9989630013498372,0.0,0.0
2015-09-02,0.9925107700293225,0.0,0.0
2015-09-03,0.9264660252433004,0.0,0.0
2015-09-04,0.9380594296961586,0.0,0.0
2015-09-08,0.9957086764272166,0.0,0.0
2015-09-09,0.983107623747922,0.0,0.0
2015-09-10,0.9112898710494308,0.0,0.0
2015-09-11,0.756159762624761,0.0,0.0
2015-09-14,0.5345668883683516,0.0,0.0
2015-09-15,0.4749543043572866,0.0,0.0
2015-09-16,0.30618451931166335,0.0,0.0
2015-09-17,0.13244784192296086,1.0,0.0
2015-09-18,0.278071030833332,1.0,0.0
2015-09-21,0.11849409397916803,1.0,0.0
2015-09-22,0.1443741121623573,1.0,0.0
2015-09-23,0.05849646620728028,1.0,1.0
2015-09-24,0.02447800276073889,1.0,1.0
2015-09-25,0.010199877690636208,1.0,1.0
2015-09-28,0.4374519260833196,0.0,1.0
2015-09-29,0.20524145364949295,1.0,1.0
2015-09-30,0.44266029742788693,0.0,1.0
2015-10-01,0.20642767690644867,1.0,1.0
2015-10-02,0.24915686505180049,1.0,1.0
2015-10-05,0.5351836694915122,0.0,1.0
2015-10-06,0.3098544903798311,0.0,1.0
2015-10-07,0.19702431718169822,1.0,1.0
2015-10-08,0.10926807458648863,1.0,1.0
2015-10-09,0.040144760356181176,1.0,1.0
2015-10-12,0.01495686998619545,1.0,1.0
2015-10-13,0.010018937199167147,1.0,1.0
2015-10-14,0.006488344601385515,1.0,1.0
2015-10-15,0.015568630974270593,1.0,1.0
2015-10-16,0.006874366199515606,1.0,1.0
2015-10-19,0.0036678445854034557,1.0,1.0
2015-10-20,0.002687247997328046,1.0,1.0
2015-10-21,0.0035775066284749776,1.0,1.0
2015-10-22,0.010074846561233888,1.0,1.0
2015-10-23,0.009404197234800368,1.0,1.0
2015-10-26,0.004751259735426062,1.0,1.0
2015-10-27,0.0035125449940595086,1.0,1.0
2015-10-28,0.008755721629247497,1.0,1.0
2015-10-29,0.004522706399949253,1.0,1.0
2015-10-30,0.0034222726075415094,1.0,1.0
2015-11-02,0.0063521009287130625,1.0,1.0
2015-11-03,0.003620466838809005,1.0,1.0
2015-11-04,0.002778331237689228,1.0,1.0
2015-11-05,0.0023306424610099394,1.0,1.0
2015-11-06,0.0021480932294693123,1.0,1.0
2015-11-09,0.004362116338732046,1.0,1.0
2015-11-10,0.0028194225605456167,1.0,1.0
2015-11-11,0.0027697116500873436,1.0,1.0
2015-11-12,0.011560823305785006,1.0,1.0
2015-11-13,0.01280682473048994,1.0,1.0
2015-11-16,0.01795997113331615,1.0,1.0
2015-11-17,0.0075563025209723625,1.0,1.0
2015-11-18,0.018946939121896402,1.0,1.0
2015-11-19,0.007942860113853561,1.0,1.0
2015-11-20,0.0042003447557554495,1.0,1.0
2015-11-23,0.002779852583451831,1.0,1.0
2015-11-24,0.002316519976587645,1.0,1.0
2015-11-25,0.002139565307354334,1.0,1.0
2015-11-27,0.002080751113421002,1.0,1.0
2015-11-30,0.002570687476198529,1.0,1.0
2015-12-01,0.003804634456622213,1.0,1.0
2015-12-02,0.006010519472905782,1.0,1.0
2015-12-03,0.018795788658297338,1.0,1.0
2015-12-04,0.06471021702844282,1.0,1.0
2015-12-07,0.04139945951634304,1.0,1.0
2015-12-08,0.02078759388178777,1.0,1.0
2015-12-09,0.014745793409383328,1.0,1.0
2015-12-10,0.006477706790354031,1.0,1.0
2015-12-11,0.07012646912968895,1.0,1.0
2015-12-14,0.026296331246511585,1.0,1.0
2015-12-15,0.02048329593518091,1.0,1.0
2015-12-16,0.030098368162643118,1.0,1.0
2015-12-17,0.05705338357433884,1.0,1.0
2015-12-18,0.15843539088937117,1.0,1.0
2015-12-21,0.07837551299738238,1.0,1.0
2015-12-22,0.04391546651237799,1.0,1.0
2015-12-23,0.04299779305626809,1.0,1.0
2015-12-24,0.01636510048909619,1.0,1.0
2015-12-28,0.007479331960670634,1.0,1.0
2015-12-29,0.007283024087266898,1.0,1.0
2015-12-30,0.006049494102052291,1.0,1.0
2015-12-31,0.006766046939056215,1.0,1.0
2016-01-04,0.024595532322214706,1.0,1.0
2016-01-05,0.009618884795513793,1.0,1.0
2016-01-06,0.018319581103543807,1.0,1.0
2016-01-07,0.38145497263635264,0.0,1.0
2016-01-08,0.352419154108816,0.0,1.0
2016-01-11,0.15392455344828215,1.0,1.0
2016-01-12,0.0747612899768297,1.0,1.0
2016-01-13,0.8361916477142638,0.0,0.0
2016-01-14,0.8927149918384641,0.0,0.0
2016-01-15,0.9860187212004118,0.0,0.0
2016-01-19,0.9134800966298207,0.0,0.0
2016-01-20,0.8575709940887724,0.0,0.0
2016-01-21,0.6619661438461564,0.0,0.0
2016-01-22,0.9066240854705729,0.0,0.0
2016-01-25,0.9608381237144383,0.0,0.0
2016-01-26,0.9581774514436009,0.0,0.0
2016-01-27,0.9342238292788424,0.0,0.0
2016-01-28,0.80559866981079,0.0,0.0
2016-01-29,0.9889776592102733,0.0,0.0
2016-02-01,0.9177176131929213,0.0,0.0
2016-02-02,0.9839800365327643,0.0,0.0
2016-02-03,0.9120380928550325,0.0,0.0
2016-02-04,0.7458268381190467,0.0,0.0
2016-02-05,0.9567040387027486,0.0,0.0
2016-02-08,0.9676717400441316,0.0,0.0
2016-02-09,0.8657540506958011,0.0,0.0
2016-02-10,0.6561628968735894,0.0,0.0
2016-02-11,0.579923242096176,0.0,0.0
2016-02-12,0.8335214140888552,0.0,0.0
2016-02-16,0.9115305808942332,0.0,0.0
2016-02-17,0.9456068562466905,0.0,0.0
2016-02-18,0.8393118444756841,0.0,0.0
2016-02-19,0.6091024154314191,0.0,0.0
2016-02-22,0.6295891262827249,0.0,0.0
2016-02-23,0.6301947843083364,0.0,0.0
2016-02-24,0.3873558049619989,0.0,0.0
2016-02-25,0.2958908493986343,0.0,0.0
2016-02-26,0.12480388784688101,1.0,0.0
2016-02-29,0.06938049379277379,1.0,1.0
2016-03-01,0.45008587242126047,0.0,1.0
2016-03-02,0.23734291261309032,1.0,1.0
2016-03-03,0.10586233138034402,1.0,1.0
2016-03-04,0.042046388899100895,1.0,1.0
2016-03-07,0.016600316309476074,1.0,1.0
2016-03-08,0.02578254294097875,1.0,1.0
2016-03-09,0.012050249675196986,1.0,1.0
2016-03-10,0.006204164380921587,1.0,1.0
2016-03-11,0.02255999326626751,1.0,1.0
2016-03-14,0.00992959533845489,1.0,1.0
2016-03-15,0.006070749021978481,1.0,1.0
2016-03-16,0.004920842838032655,1.0,1.0
2016-03-17,0.004736780030278304,1.0,1.0
2016-03-18,0.004120111092900903,1.0,1.0
2016-03-21,0.0033847274542663152,1.0,1.0
2016-03-22,0.0031774711042774203,1.0,1.0
2016-03-23,0.005525608250930985,1.0,1.0
2016-03-24,0.003876388032082969,1.0,1.0
2016-03-28,0.0033074968879479296,1.0,1.0
2016-03-29,0.005940733264102415,1.0,1.0
2016-03-30,0.004285050541684704,1.0,1.0
2016-03-31,0.0035306339613013194,1.0,1.0
2016-04-01,0.003910531178850895,1.0,1.0
2016-04-04,0.003911272866075857,1.0,1.0
2016-04-05,0.0067162896661041,1.0,1.0
2016-04-06,0.00892898589409226,1.0,1.0
2016-04-07,0.01589804784917836,1.0,1.0
2016-04-08,0.007573742594406702,1.0,1.0
2016-04-11,0.004976021171716614,1.0,1.0
2016-04-12,0.006335026189053685,1.0,1.0
2016-04-13,0.009879672798278245,1.0,1.0
2016-04-14,0.005336924275022975,1.0,1.0
2016-04-15,0.003834593598325681,1.0,1.0
2016-04-18,0.004065868024348827,1.0,1.0
2016-04-19,0.0034510054970656036,1.0,1.0
2016-04-20,0.0031681618535602855,1.0,1.0
2016-04-21,0.0038027062075727067,1.0,1.0
2016-04-22,0.003280172596872288,1.0,1.0
2016-04-25,0.003333473554028164,1.0,1.0
2016-04-26,0.0032075657067591975,1.0,1.0
2016-04-27,0.0031094105080183045,1.0,1.0
2016-04-28,0.006346439054652679,1.0,1.0
2016-04-29,0.005206187056171031,1.0,1.0
2016-05-02,0.005169951171248536,1.0,1.0
2016-05-03,0.00887276114847893,1.0,1.0
2016-05-04,0.007240532665149934,1.0,1.0
2016-05-05,0.00451794438726191,1.0,1.0
2016-05-06,0.0037258802325410576,1.0,1.0
2016-05-09,0.003255066335453355,1.0,1.0
2016-05-10,0.007765888865036502,1.0,1.0
2016-05-11,0.00872915085329079,1.0,1.0
2016-05-12,0.005066608699584395,1.0,1.0
2016-05-13,0.006422593235630011,1.0,1.0
2016-05-16,0.007172096465969489,1.0,1.0
2016-05-17,0.009052511035259461,1.0,1.0
2016-05-18,0.005046149247155168,1.0,1.0
2016-05-19,0.004129760666506829,1.0,1.0
2016-05-20,0.004546443562577643,1.0,1.0
2016-05-23,0.003714023849327895,1.0,1.0
2016-05-24,0.01083687249516517,1.0,1.0
2016-05-25,0.007320185216521018,1.0,1.0
2016-05-26,0.004509589683640994,1.0,1.0
2016-05-27,0.0038978673687932734,1.0,1.0
2016-05-31,0.003330813373877343,1.0,1.0
2016-06-01,0.0031461914799408796,1.0,1.0
2016-06-02,0.003202411250541738,1.0,1.0
2016-06-03,0.0035613148560055753,1.0,1.0
2016-06-06,0.003812724716035383,1.0,1.0
2016-06-07,0.003283537206589245,1.0,1.0
2016-06-08,0.0032745025883240022,1.0,1.0
2016-06-09,0.0033776055463239974,1.0,1.0
2016-06-10,0.007449949975781188,1.0,1.0
2016-06-13,0.008003439523675618,1.0,1.0
2016-06-14,0.004939103462804458,1.0,1.0
2016-06-15,0.003756144932284388,1.0,1.0
2016-06-16,0.0033136023071185863,1.0,1.0
2016-06-17,0.0034430470652682733,1.0,1.0
2016-06-20,0.004094047781740777,1.0,1.0
2016-06-21,0.003409861839024436,1.0,1.0
2016-06-22,0.003324960045723613,1.0,1.0
2016-06-23,0.010786027144256756,1.0,1.0
2016-06-24,0.988132511624783,0.0,0.0
2016-06-27,0.9951749367377887,0.0,0.0
2016-06-28,0.9870142181297047,0.0,0.0
2016-06-29,0.9844315241895641,0.0,0.0
2016-06-30,0.9651962846503088,0.0,0.0
2016-07-01,0.8498963812650641,0.0,0.0
2016-07-05,0.7488595159932974,0.0,0.0
2016-07-06,0.5308093884604783,0.0,0.0
2016-07-07,0.2713523468523428,0.0,0.0
2016-07-08,0.3647985889956459,0.0,0.0
2016-07-11,0.17134992004900498,1.0,0.0
2016-07-12,0.08709033170209696,1.0,0.0
2016-07-13,0.033157459900738276,1.0,1.0
2016-07-14,0.014993988034543345,1.0,1.0
2016-07-15,0.007150197893398799,1.0,1.0
2016-07-18,0.004472965966194949,1.0,1.0
2016-07-19,0.003731632943418074,1.0,1.0
2016-07-20,0.0036083468942884147,1.0,1.0
2016-07-21,0.0037188563174589567,1.0,1.0
2016-07-22,0.003603594288224817,1.0,1.0
2016-07-25,0.003497823147933905,1.0,1.0
2016-07-26,0.003179409570524391,1.0,1.0
2016-07-27,0.003176855194585106,1.0,1.0
2016-07-28,0.003089653172936741,1.0,1.0
2016-07-29,0.003052605482414073,1.0,1.0
2016-08-01,0.00315284176691083,1.0,1.0
2016-08-02,0.004634884007342564,1.0,1.0
2016-08-03,0.0038850858492136594,1.0,1.0
2016-08-04,0.003308545054276861,1.0,1.0
2016-08-05,0.004952014045025926,1.0,1.0
2016-08-08,0.003717440839869489,1.0,1.0
2016-08-09,0.003252231766508545,1.0,1.0
2016-08-10,0.0034028138733783143,1.0,1.0
2016-08-11,0.004483745342639353,1.0,1.0
2016-08-12,0.0040601533809330485,1.0,1.0
2016-08-15,0.004068933374512563,1.0,1.0
2016-08-16,0.00522944238538322,1.0,1.0
2016-08-17,0.004241865093580702,1.0,1.0
2016-08-18,0.004047524837058119,1.0,1.0
2016-08-19,0.003961761590990295,1.0,1.0
2016-08-22,0.003854489518509577,1.0,1.0
2016-08-23,0.0038524909836796504,1.0,1.0
2016-08-24,0.005040290228438472,1.0,1.0
2016-08-25,0.0042680518930081094,1.0,1.0
2016-08-26,0.004087908165437305,1.0,1.0
2016-08-29,0.0043907019192689686,1.0,1.0
2016-08-30,0.004116750847915173,1.0,1.0
2016-08-31,0.004183643110455076,1.0,1.0
2016-09-01,0.0039042495662319613,1.0,1.0
2016-09-02,0.0043212805202472995,1.0,1.0
2016-09-06,0.004019835432988387,1.0,1.0
2016-09-07,0.0038379091884582946,1.0,1.0
2016-09-08,0.0039815019070483185,1.0,1.0
2016-09-09,0.2579508388076203,1.0,1.0
2016-09-12,0.28835396879938574,0.0,1.0
2016-09-13,0.42941855064815565,0.0,1.0
2016-09-14,0.2016506075324681,1.0,1.0
2016-09-15,0.1415420623071501,1.0,1.0
2016-09-16,0.061817190877158985,1.0,1.0
2016-09-19,0.023830190347722113,1.0,1.0
2016-09-20,0.010592062078728912,1.0,1.0
2016-09-21,0.01233087965404398,1.0,1.0
2016-09-22,0.008484753019554103,1.0,1.0
2016-09-23,0.007358821072694098,1.0,1.0
2016-09-26,0.009512717901457184,1.0,1.0
2016-09-27,0.0069398908818716675,1.0,1.0
2016-09-28,0.0055724053053147924,1.0,1.0
2016-09-29,0.009633054563888157,1.0,1.0
2016-09-30,0.00868836491519622,1.0,1.0
2016-10-03,0.005887024036480693,1.0,1.0
2016-10-04,0.005474796596853576,1.0,1.0
2016-10-05,0.005072267882964442,1.0,1.0
2016-10-06,0.004259367009305773,1.0,1.0
2016-10-07,0.0045792737019288016,1.0,1.0
2016-10-10,0.004549708796850732,1.0,1.0
2016-10-11,0.015231011918030975,1.0,1.0
2016-10-12,0.007599797693650393,1.0,1.0
2016-10-13,0.0059998812134144175,1.0,1.0
2016-10-14,0.004520411590093476,1.0,1.0
2016-10-17,0.004437603818171271,1.0,1.0
2016-10-18,0.004730873412967541,1.0,1.0
2016-10-19,0.0041319612070839055,1.0,1.0
2016-10-20,0.0040547163529170704,1.0,1.0
2016-10-21,0.0038650570598983093,1.0,1.0
2016-10-24,0.004332435659899395,1.0,1.0
2016-10-25,0.00487662000252941,1.0,1.0
2016-10-26,0.004436616041088211,1.0,1.0
2016-10-27,0.004480241233199896,1.0,1.0
2016-10-28,0.004422798051509762,1.0,1.0
2016-10-31,0.003987984046363801,1.0,1.0
2016-11-01,0.005790176034105029,1.0,1.0
2016-11-02,0.007073538504446325,1.0,1.0
2016-11-03,0.005750799337809595,1.0,1.0
2016-11-04,0.004558856757503155,1.0,1.0
2016-11-07,0.08722054173111411,1.0,1.0
2016-11-08,0.03514406172329907,1.0,1.0
2016-11-09,0.04905614099149129,1.0,1.0
2016-11-10,0.019916237659482673,1.0,1.0
2016-11-11,0.009221379458065105,1.0,1.0
2016-11-14,0.005613912413820264,1.0,1.0
2016-11-15,0.006130471702404974,1.0,1.0
2016-11-16,0.004689551595496191,1.0,1.0
2016-11-17,0.004704177981865429,1.0,1.0
2016-11-18,0.004253877290755735,1.0,1.0
2016-11-21,0.00534272794642781,1.0,1.0
2016-11-22,0.004413398954992874,1.0,1.0
2016-11-23,0.00397636150822729,1.0,1.0
2016-11-25,0.004072133994003378,1.0,1.0
2016-11-28,0.005595368042768809,1.0,1.0
2016-11-29,0.004363805704230642,1.0,1.0
2016-11-30,0.004292546241964533,1.0,1.0
2016-12-01,0.004533701232346222,1.0,1.0
2016-12-02,0.004034652537300133,1.0,1.0
2016-12-05,0.005148905502318805,1.0,1.0
2016-12-06,0.004635675354157254,1.0,1.0
2016-12-07,0.01020550481718976,1.0,1.0
2016-12-08,0.00618938506610419,1.0,1.0
2016-12-09,0.004991696235893308,1.0,1.0
2016-12-12,0.004636224142173223,1.0,1.0
2016-12-13,0.004809435769176102,1.0,1.0
2016-12-14,0.007295981570928977,1.0,1.0
2016-12-15,0.0053957013638271135,1.0,1.0
2016-12-16,0.004602191869770337,1.0,1.0
2016-12-19,0.004073624518215194,1.0,1.0
2016-12-20,0.00418006249208424,1.0,1.0
2016-12-21,0.00420639845280731,1.0,1.0
2016-12-22,0.004345194964743787,1.0,1.0
2016-12-23,0.003969521780301373,1.0,1.0
2016-12-27,0.0039004279085112035,1.0,1.0
2016-12-28,0.007209607846817259,1.0,1.0
2016-12-29,0.004964057300286231,1.0,1.0
2016-12-30,0.005390507615181695,1.0,1.0
2017-01-03,0.006206685572772632,1.0,1.0
2017-01-04,0.006346287051278696,1.0,1.0
2017-01-05,0.004920432992007041,1.0,1.0
2017-01-06,0.004244620835964911,1.0,1.0
2017-01-09,0.004544024881689428,1.0,1.0
2017-01-10,0.004023112310186292,1.0,1.0
2017-01-11,0.003960382466700739,1.0,1.0
2017-01-12,0.004254078703549705,1.0,1.0
2017-01-13,0.004017159019252396,1.0,1.0
2017-01-17,0.004860062198620308,1.0,1.0
2017-01-18,0.004175568018493739,1.0,1.0
2017-01-19,0.004546714093504425,1.0,1.0
2017-01-20,0.004165470925449419,1.0,1.0
2017-01-23,0.004306806626762655,1.0,1.0
2017-01-24,0.005629718480952694,1.0,1.0
2017-01-25,0.006385880129816063,1.0,1.0
2017-01-26,0.004750458927224629,1.0,1.0
2017-01-27,0.004214808002256854,1.0,1.0
2017-01-30,0.0059040687014011006,1.0,1.0
2017-01-31,0.004493973168793276,1.0,1.0
2017-02-01,0.0040078007632939555,1.0,1.0
2017-02-02,0.0038699418105605605,1.0,1.0
2017-02-03,0.005422115545207239,1.0,1.0
2017-02-06,0.004721061206507591,1.0,1.0
2017-02-07,0.004097404572499756,1.0,1.0
2017-02-08,0.003865502721199565,1.0,1.0
2017-02-09,0.004900468915953542,1.0,1.0
2017-02-10,0.004571353925238686,1.0,1.0
2017-02-13,0.0046139921691470374,1.0,1.0
2017-02-14,0.004534969508665042,1.0,1.0
2017-02-15,0.004707152150863317,1.0,1.0
2017-02-16,0.004391432615092305,1.0,1.0
2017-02-17,0.004116818121659709,1.0,1.0
2017-02-21,0.004760815787765489,1.0,1.0
2017-02-22,0.004394564737766254,1.0,1.0
2017-02-23,0.004226345245467753,1.0,1.0
2017-02-24,0.004040064603320959,1.0,1.0
2017-02-27,0.004005383492895066,1.0,1.0
2017-02-28,0.0047732810571807826,1.0,1.0
2017-03-01,0.015512955976826542,1.0,1.0
2017-03-02,0.011996861577485923,1.0,1.0
2017-03-03,0.006624277244421599,1.0,1.0
2017-03-06,0.005624725598088917,1.0,1.0
2017-03-07,0.005171593110655648,1.0,1.0
2017-03-08,0.004605159327665482,1.0,1.0
2017-03-09,0.00416503353981277,1.0,1.0
2017-03-10,0.004178607943099097,1.0,1.0
2017-03-13,0.004019543270106948,1.0,1.0
2017-03-14,0.004588054247493339,1.0,1.0
2017-03-15,0.006215194829325255,1.0,1.0
2017-03-16,0.004786531321655994,1.0,1.0
2017-03-17,0.004312891610393527,1.0,1.0
2017-03-20,0.004419185131166194,1.0,1.0
2017-03-21,0.023420049375632683,1.0,1.0
2017-03-22,0.010505291272817626,1.0,1.0
2017-03-23,0.006194033501753792,1.0,1.0
2017-03-24,0.0047583436297027075,1.0,1.0
2017-03-27,0.004274074245229695,1.0,1.0
2017-03-28,0.005343064218537385,1.0,1.0
2017-03-29,0.004423682559487541,1.0,1.0
2017-03-30,0.004297937345197695,1.0,1.0
2017-03-31,0.004249231038744766,1.0,1.0
2017-04-03,0.004463408759347363,1.0,1.0
2017-04-04,0.004117923908716946,1.0,1.0
2017-04-05,0.004889574603438573,1.0,1.0
2017-04-06,0.004387236094975758,1.0,1.0
2017-04-07,0.004177441357622497,1.0,1.0
2017-04-10,0.004017306314919949,1.0,1.0
2017-04-11,0.004024461864125778,1.0,1.0
2017-04-12,0.005045525037392038,1.0,1.0
2017-04-13,0.007097892409313875,1.0,1.0
2017-04-17,0.007705623334364719,1.0,1.0
2017-04-18,0.005645860361961194,1.0,1.0
2017-04-19,0.004604628283761183,1.0,1.0
2017-04-20,0.006032767202492674,1.0,1.0
2017-04-21,0.005117374279798141,1.0,1.0
2017-04-24,0.009749584796119455,1.0,1.0
2017-04-25,0.007308098969504947,1.0,1.0
2017-04-26,0.00506873135850751,1.0,1.0
2017-04-27,0.004319157528200733,1.0,1.0
2017-04-28,0.004537798386387246,1.0,1.0
2017-05-01,0.004171912911098881,1.0,1.0
2017-05-02,0.004027615751755721,1.0,1.0
2017-05-03,0.004203037499835519,1.0,1.0
2017-05-04,0.004042098769544635,1.0,1.0
2017-05-05,0.0043498291633220654,1.0,1.0
2017-05-08,0.004128193707589496,1.0,1.0
2017-05-09,0.004061798441023685,1.0,1.0
2017-05-10,0.004006702295605787,1.0,1.0
2017-05-11,0.004308729353410158,1.0,1.0
2017-05-12,0.004284868398736526,1.0,1.0
2017-05-15,0.00461275285406126,1.0,1.0
2017-05-16,0.004208771927407638,1.0,1.0
2017-05-17,0.07438827747938817,1.0,1.0
2017-05-18,0.030204643178452367,1.0,1.0
2017-05-19,0.01641609402220901,1.0,1.0
2017-05-22,0.009396870237958526,1.0,1.0
2017-05-23,0.0057798787734774,1.0,1.0
2017-05-24,0.004612251210412196,1.0,1.0
2017-05-25,0.00447107837467052,1.0,1.0
2017-05-26,0.0041179851967574135,1.0,1.0
2017-05-30,0.004234782699899901,1.0,1.0
2017-05-31,0.004074933141137505,1.0,1.0
2017-06-01,0.006516234290961918,1.0,1.0
2017-06-02,0.005008916111333629,1.0,1.0
2017-06-05,0.0045128486839365834,1.0,1.0
2017-06-06,0.004559980005589432,1.0,1.0
2017-06-07,0.004150950164312464,1.0,1.0
2017-06-08,0.004026197490639496,1.0,1.0
2017-06-09,0.004100064673432137,1.0,1.0
2017-06-12,0.0041253825145460945,1.0,1.0
2017-06-13,0.004608854730362322,1.0,1.0
2017-06-14,0.004373266411515336,1.0,1.0
2017-06-15,0.004557833680288594,1.0,1.0
2017-06-16,0.0041981250930907535,1.0,1.0
2017-06-19,0.006021974829419847,1.0,1.0
2017-06-20,0.007455777054209739,1.0,1.0
2017-06-21,0.005207554211942566,1.0,1.0
2017-06-22,0.004376895781868861,1.0,1.0
2017-06-23,0.004139896118329919,1.0,1.0
2017-06-26,0.0040134204802384785,1.0,1.0
2017-06-27,0.007402392129549138,1.0,1.0
2017-06-28,0.009057932421248992,1.0,1.0
2017-06-29,0.010252652879965907,1.0,1.0
2017-06-30,0.006046344756935448,1.0,1.0
2017-07-03,0.004693132944913152,1.0,1.0
2017-07-05,0.004188809150322245,1.0,1.0
2017-07-06,0.008625608979958206,1.0,1.0
2017-07-07,0.007007975198663546,1.0,1.0
2017-07-10,0.0049648908890481585,1.0,1.0
2017-07-11,0.0043065595324787145,1.0,1.0
2017-07-12,0.005310803478239358,1.0,1.0
2017-07-13,0.004408216122237736,1.0,1.0
2017-07-14,0.004398351628628605,1.0,1.0
2017-07-17,0.004117279338396317,1.0,1.0
2017-07-18,0.004005902315936797,1.0,1.0
2017-07-19,0.004684559434165904,1.0,1.0
2017-07-20,0.004218949921503647,1.0,1.0
2017-07-21,0.0041203752526168475,1.0,1.0
2017-07-24,0.004043558029143987,1.0,1.0
2017-07-25,0.004197349111341603,1.0,1.0
2017-07-26,0.00409381695187353,1.0,1.0
2017-07-27,0.004149537608392773,1.0,1.0
2017-07-28,0.004213095440683007,1.0,1.0
2017-07-31,0.004151779611973775,1.0,1.0
2017-08-01,0.004064182573944427,1.0,1.0
2017-08-02,0.0040679041230862675,1.0,1.0
2017-08-03,0.004252359736788452,1.0,1.0
2017-08-04,0.004106379311579286,1.0,1.0
2017-08-07,0.00400335843652042,1.0,1.0
2017-08-08,0.0042671456821146364,1.0,1.0
2017-08-09,0.004209331814980417,1.0,1.0
2017-08-10,0.023029678590095592,1.0,1.0
2017-08-11,0.011182355430754897,1.0,1.0
2017-08-14,0.01190230390445248,1.0,1.0
2017-08-15,0.006876797402988755,1.0,1.0
2017-08-16,0.0050176302094830805,1.0,1.0
2017-08-17,0.03405347715206135,1.0,1.0
2017-08-18,0.014788614090433954,1.0,1.0
2017-08-21,0.007634637855764711,1.0,1.0
2017-08-22,0.01027148472526043,1.0,1.0
2017-08-23,0.006944312064222599,1.0,1.0
2017-08-24,0.005247250381228949,1.0,1.0
2017-08-25,0.004476606956729725,1.0,1.0
2017-08-28,0.0042031581269999,1.0,1.0
2017-08-29,0.004111749437689026,1.0,1.0
2017-08-30,0.0046593752324004594,1.0,1.0
2017-08-31,0.0051725514590883,1.0,1.0
2017-09-01,0.004535416932738086,1.0,1.0
2017-09-05,0.0075399438523851645,1.0,1.0
2017-09-06,0.005336391237225497,1.0,1.0
2017-09-07,0.004579787466802391,1.0,1.0
2017-09-08,0.004463569890605022,1.0,1.0
2017-09-11,0.00822763732548352,1.0,1.0
2017-09-12,0.005855419869581117,1.0,1.0
2017-09-13,0.004657106701096718,1.0,1.0
2017-09-14,0.004426479032575765,1.0,1.0
2017-09-15,0.004209644906143621,1.0,1.0
2017-09-18,0.004171914793982,1.0,1.0
2017-09-19,0.004108739986332127,1.0,1.0
2017-09-20,0.0040878749616185366,1.0,1.0
2017-09-21,0.004518546281909277,1.0,1.0
2017-09-22,0.0042184395231119306,1.0,1.0
2017-09-25,0.004518068437685271,1.0,1.0
2017-09-26,0.004220493963150248,1.0,1.0
2017-09-27,0.005034747762498829,1.0,1.0
2017-09-28,0.004388873177495216,1.0,1.0
2017-09-29,0.004363846456201744,1.0,1.0
2017-10-02,0.004670187803896171,1.0,1.0
2017-10-03,0.004344559525916004,1.0,1.0
2017-10-04,0.004165902565846916,1.0,1.0
2017-10-05,0.0047391013080615415,1.0,1.0
2017-10-06,0.004389532951143062,1.0,1.0
2017-10-09,0.004512480932750378,1.0,1.0
2017-10-10,0.0042731879310052585,1.0,1.0
2017-10-11,0.0041454459511680785,1.0,1.0
2017-10-12,0.004329716712501238,1.0,1.0
2017-10-13,0.004164294949155707,1.0,1.0
2017-10-16,0.004113268259569457,1.0,1.0
2017-10-17,0.004106006494463375,1.0,1.0
2017-10-18,0.004084349021108322,1.0,1.0
2017-10-19,0.004091414171731923,1.0,1.0
2017-10-20,0.004773213097376592,1.0,1.0
2017-10-23,0.0053412591691663356,1.0,1.0
2017-10-24,0.004519403687303281,1.0,1.0
2017-10-25,0.005457574640307925,1.0,1.0
2017-10-26,0.0045580875890563685,1.0,1.0
2017-10-27,0.00612862068987075,1.0,1.0
2017-10-30,0.005943701644895181,1.0,1.0
2017-10-31,0.004743170566772836,1.0,1.0
2017-11-01,0.004297625940680527,1.0,1.0
2017-11-02,0.004147707150885871,1.0,1.0
2017-11-03,0.004212280526828667,1.0,1.0
2017-11-06,0.004119532897192117,1.0,1.0
2017-11-07,0.004356783139779169,1.0,1.0
2017-11-08,0.004163574280235566,1.0,1.0
2017-11-09,0.004939350244395152,1.0,1.0
2017-11-10,0.004380080893378777,1.0,1.0
2017-11-13,0.00417040291031886,1.0,1.0
2017-11-14,0.004413750438783747,1.0,1.0
2017-11-15,0.005507941200810291,1.0,1.0
2017-11-16,0.008211986476996934,1.0,1.0
2017-11-17,0.005666255951492865,1.0,1.0
2017-11-20,0.004634458431464646,1.0,1.0
2017-11-21,0.0053679654699993525,1.0,1.0
2017-11-22,0.004569397293408396,1.0,1.0
2017-11-24,0.004269253683408963,1.0,1.0
2017-11-27,0.004210320389541408,1.0,1.0
2017-11-28,0.007954227719126173,1.0,1.0
2017-11-29,0.005376243244486368,1.0,1.0
2017-11-30,0.006519161597482137,1.0,1.0
2017-12-01,0.005248157132396661,1.0,1.0
2017-12-04,0.0045999365223305475,1.0,1.0
2017-12-05,0.005150495007733713,1.0,1.0
2017-12-06,0.004540527135543879,1.0,1.0
2017-12-07,0.0045441443722875445,1.0,1.0
2017-12-08,0.004764391628650202,1.0,1.0
2017-12-11,0.00438656106069295,1.0,1.0
2017-12-12,0.00417496069327651,1.0,1.0
2017-12-13,0.004121425178229578,1.0,1.0
2017-12-14,0.005156581235908914,1.0,1.0
2017-12-15,0.007160687919651146,1.0,1.0
2017-12-18,0.006368243374144901,1.0,1.0
2017-12-19,0.005413339851779521,1.0,1.0
2017-12-20,0.004537470247931535,1.0,1.0
2017-12-21,0.004281546496511174,1.0,1.0
2017-12-22,0.004224444066586308,1.0,1.0
2017-12-26,0.00420522165937278,1.0,1.0
2017-12-27,0.004119873418351174,1.0,1.0
2017-12-28,0.0041265156718669534,1.0,1.0
2017-12-29,0.005637842457052072,1.0,1.0
2018-01-02,0.006856881464559807,1.0,1.0
2018-01-03,0.005922908799475806,1.0,1.0
2018-01-04,0.005035072414651828,1.0,1.0
2018-01-05,0.005490010710186199,1.0,1.0
2018-01-08,0.004562674238458694,1.0,1.0
2018-01-09,0.004237835399745412,1.0,1.0
2018-01-10,0.004209729462627871,1.0,1.0
2018-01-11,0.006220332849613397,1.0,1.0
2018-01-12,0.005979463058445799,1.0,1.0
2018-01-16,0.006029139892792665,1.0,1.0
2018-01-17,0.007903340437504501,1.0,1.0
2018-01-18,0.005643170612186338,1.0,1.0
2018-01-19,0.005372570135330065,1.0,1.0
2018-01-22,0.006201419511659186,1.0,1.0
2018-01-23,0.004820751386813248,1.0,1.0
2018-01-24,0.004482553932765904,1.0,1.0
2018-01-25,0.004206641251898016,1.0,1.0
2018-01-26,0.008531107329049556,1.0,1.0
2018-01-29,0.008031768183362242,1.0,1.0
2018-01-30,0.01404797038033476,1.0,1.0
2018-01-31,0.007532739614963993,1.0,1.0
2018-02-01,0.005230358317433749,1.0,1.0
2018-02-02,0.13829015156208221,1.0,1.0
2018-02-05,0.9999162114762421,0.0,0.0
2018-02-06,0.9840557571889885,0.0,0.0
2018-02-07,0.891051423036255,0.0,0.0
2018-02-08,0.9999832597808826,0.0,0.0
2018-02-09,0.9710121643931093,0.0,0.0
2018-02-12,0.9396116140707318,0.0,0.0
2018-02-13,0.7716387107590885,0.0,0.0
2018-02-14,0.815181152254667,0.0,0.0
2018-02-15,0.7591842297452401,0.0,0.0
2018-02-16,0.4827116886801235,0.0,0.0
2018-02-20,0.30855658554151427,0.0,0.0
2018-02-21,0.15575001076558156,1.0,0.0
2018-02-22,0.059832799857746075,1.0,1.0
2018-02-23,0.10093443663377252,1.0,1.0
2018-02-26,0.0790172152210024,1.0,1.0
2018-02-27,0.11246556393090501,1.0,1.0
2018-02-28,0.12071669701614049,1.0,1.0
2018-03-01,0.1468619568876019,1.0,1.0
2018-03-02,0.07134382651207336,1.0,1.0
2018-03-05,0.05367074651422883,1.0,1.0
2018-03-06,0.022369579700568756,1.0,1.0
2018-03-07,0.010756827159613406,1.0,1.0
2018-03-08,0.007237473067386838,1.0,1.0
2018-03-09,0.03809927690673253,1.0,1.0
2018-03-12,0.016514402126224764,1.0,1.0
2018-03-13,0.013855646182823006,1.0,1.0
2018-03-14,0.010753801485000046,1.0,1.0
2018-03-15,0.007305590269019333,1.0,1.0
2018-03-16,0.005837243558297569,1.0,1.0
2018-03-19,0.027040873739649994,1.0,1.0
2018-03-20,0.012295193812571723,1.0,1.0
2018-03-21,0.00757546211570177,1.0,1.0
2018-03-22,0.542067572314276,0.0,1.0
2018-03-23,0.9374376468123762,0.0,0.0
2018-03-26,0.9977649968211636,0.0,0.0
2018-03-27,0.9941020056381143,0.0,0.0
2018-03-28,0.9029958830257089,0.0,0.0
2018-03-29,0.8908754155880557,0.0,0.0
2018-04-02,0.9940379611242376,0.0,0.0
2018-04-03,0.9546107198247995,0.0,0.0
2018-04-04,0.9017403071283107,0.0,0.0
2018-04-05,0.7548565593406741,0.0,0.0
2018-04-06,0.9801985226503097,0.0,0.0
2018-04-09,0.8580639055073075,0.0,0.0
2018-04-10,0.9283898582729577,0.0,0.0
2018-04-11,0.7924373532519629,0.0,0.0
2018-04-12,0.6215030436720537,0.0,0.0
2018-04-13,0.3777032662820667,0.0,0.0
2018-04-16,0.22348570809920634,1.0,0.0
2018-04-17,0.16541006347812062,1.0,0.0
2018-04-18,0.06329532276155186,1.0,1.0
2018-04-19,0.03226033693355465,1.0,1.0
2018-04-20,0.026329838685473676,1.0,1.0
2018-04-23,0.01228686528003986,1.0,1.0
2018-04-24,0.03239580070202042,1.0,1.0
2018-04-25,0.014089831263963902,1.0,1.0
2018-04-26,0.013486535392020061,1.0,1.0
2018-04-27,0.007843136874823887,1.0,1.0
2018-04-30,0.011198066449364417,1.0,1.0
2018-05-01,0.007131045265005735,1.0,1.0
2018-05-02,0.00850908311931292,1.0,1.0
2018-05-03,0.006781538962833983,1.0,1.0
2018-05-04,0.016029423887776884,1.0,1.0
2018-05-07,0.009214736761356467,1.0,1.0
2018-05-08,0.006387312740769081,1.0,1.0
2018-05-09,0.008687697109876102,1.0,1.0
2018-05-10,0.009333536034301865,1.0,1.0
2018-05-11,0.006447417908877336,1.0,1.0
2018-05-14,0.00548949653460066,1.0,1.0
2018-05-15,0.0071675604641074295,1.0,1.0
2018-05-16,0.0063922730736676635,1.0,1.0
2018-05-17,0.005498359466931275,1.0,1.0
2018-05-18,0.00563717482706015,1.0,1.0
2018-05-21,0.006875168381330002,1.0,1.0
2018-05-22,0.00693920174504091,1.0,1.0
2018-05-23,0.005770330455443957,1.0,1.0
2018-05-24,0.005552160552783662,1.0,1.0
2018-05-25,0.005627809666979415,1.0,1.0
2018-05-29,0.013801259591544338,1.0,1.0
2018-05-30,0.022945244358408435,1.0,1.0
2018-05-31,0.01782485226172269,1.0,1.0
2018-06-01,0.018001206650789407,1.0,1.0
2018-06-04,0.010263268050044908,1.0,1.0
2018-06-05,0.006734509317031165,1.0,1.0
2018-06-06,0.00846928691985724,1.0,1.0
2018-06-07,0.006433392499930228,1.0,1.0
2018-06-08,0.005632898239507362,1.0,1.0
2018-06-11,0.005208266070152061,1.0,1.0
2018-06-12,0.005123021244875582,1.0,1.0
2018-06-13,0.005836858836615918,1.0,1.0
2018-06-14,0.0053877744180547485,1.0,1.0
2018-06-15,0.005256807314078437,1.0,1.0
2018-06-18,0.005243138581397838,1.0,1.0
2018-06-19,0.00609170736442457,1.0,1.0
2018-06-20,0.005414199651429685,1.0,1.0
2018-06-21,0.008735376192341467,1.0,1.0
2018-06-22,0.006221958176455197,1.0,1.0
2018-06-25,0.03542529325787958,1.0,1.0
2018-06-26,0.015398639424755464,1.0,1.0
2018-06-27,0.02181546352802325,1.0,1.0
2018-06-28,0.012414424678410575,1.0,1.0
2018-06-29,0.0074444996166153354,1.0,1.0
2018-07-02,0.006073909078969618,1.0,1.0
2018-07-03,0.006724531328204045,1.0,1.0
2018-07-05,0.008560271923432472,1.0,1.0
2018-07-06,0.009589483808740314,1.0,1.0
2018-07-09,0.010729074372761006,1.0,1.0
2018-07-10,0.006925559928913648,1.0,1.0
2018-07-11,0.009222596383772685,1.0,1.0
2018-07-12,0.009596181459971502,1.0,1.0
2018-07-13,0.006508906701700319,1.0,1.0
2018-07-16,0.005806872183884154,1.0,1.0
2018-07-17,0.0058285987416245725,1.0,1.0
2018-07-18,0.005359503903940815,1.0,1.0
2018-07-19,0.005965884419470471,1.0,1.0
2018-07-20,0.005498579470651124,1.0,1.0
2018-07-23,0.005173222711098401,1.0,1.0
2018-07-24,0.0051027954726778945,1.0,1.0
2018-07-25,0.007413255668842401,1.0,1.0
2018-07-26,0.006256758424634902,1.0,1.0
2018-07-27,0.010366410626404815,1.0,1.0
2018-07-30,0.011060185834348759,1.0,1.0
2018-07-31,0.007865206815541623,1.0,1.0
2018-08-01,0.006203162404834665,1.0,1.0
2018-08-02,0.006814105184661826,1.0,1.0
2018-08-03,0.005760931172749255,1.0,1.0
2018-08-06,0.005749876667237085,1.0,1.0
2018-08-07,0.005372743735541483,1.0,1.0
2018-08-08,0.005212493187966878,1.0,1.0
2018-08-09,0.005171496889397723,1.0,1.0
2018-08-10,0.007394634596999602,1.0,1.0
2018-08-13,0.009168276009791608,1.0,1.0
2018-08-14,0.009063303438609512,1.0,1.0
2018-08-15,0.0159916021821422,1.0,1.0
2018-08-16,0.014145565055520505,1.0,1.0
2018-08-17,0.008894170826661744,1.0,1.0
2018-08-20,0.007055418409500925,1.0,1.0
2018-08-21,0.006587475400808461,1.0,1.0
2018-08-22,0.006242371425613132,1.0,1.0
2018-08-23,0.006584445569343234,1.0,1.0
2018-08-24,0.007538595447571137,1.0,1.0
2018-08-27,0.00877950438060234,1.0,1.0
2018-08-28,0.007022488559087138,1.0,1.0
2018-08-29,0.0073814559988023675,1.0,1.0
2018-08-30,0.008063649162610915,1.0,1.0
2018-08-31,0.006705169167332159,1.0,1.0
2018-09-04,0.0065220341734706965,1.0,1.0
2018-09-05,0.007717308958042263,1.0,1.0
2018-09-06,0.00841030583859048,1.0,1.0
2018-09-07,0.007307208549259502,1.0,1.0
2018-09-10,0.006509795961204185,1.0,1.0
2018-09-11,0.006496189845565634,1.0,1.0
2018-09-12,0.006228480348161214,1.0,1.0
2018-09-13,0.006634167690840351,1.0,1.0
2018-09-14,0.006232629310747767,1.0,1.0
2018-09-17,0.010571393891360265,1.0,1.0
2018-09-18,0.008778291423161003,1.0,1.0
2018-09-19,0.006955868030406241,1.0,1.0
2018-09-20,0.008780756228049955,1.0,1.0
2018-09-21,0.007278263455491008,1.0,1.0
2018-09-24,0.007444286010098026,1.0,1.0
2018-09-25,0.00664563555617951,1.0,1.0
2018-09-26,0.007703877748578333,1.0,1.0
2018-09-27,0.006692757380641711,1.0,1.0
2018-09-28,0.006364373699709947,1.0,1.0
2018-10-01,0.006152241958313874,1.0,1.0
2018-10-02,0.0066188184896757195,1.0,1.0
2018-10-03,0.006257387638153094,1.0,1.0
2018-10-04,0.014389601299572258,1.0,1.0
2018-10-05,0.013715797516403401,1.0,1.0
2018-10-08,0.009161106246418691,1.0,1.0
2018-10-09,0.007568824844624056,1.0,1.0
2018-10-10,0.9865069607502136,0.0,0.0
2018-10-11,0.9942939569661733,0.0,0.0
2018-10-12,0.9602816779665961,0.0,0.0
2018-10-15,0.8386725665708074,0.0,0.0
2018-10-16,0.9795841482822125,0.0,0.0
2018-10-17,0.8435627611775529,0.0,0.0
2018-10-18,0.9253900359686484,0.0,0.0
2018-10-19,0.746468079293868,0.0,0.0
2018-10-22,0.5097569183770749,0.0,0.0
2018-10-23,0.3345335652314059,0.0,0.0
2018-10-24,0.999450308911219,0.0,0.0
2018-10-25,0.9900580215270611,0.0,0.0
2018-10-26,0.9865428614254128,0.0,0.0
2018-10-29,0.9153375994557874,0.0,0.0
2018-10-30,0.9390745595887381,0.0,0.0
2018-10-31,0.8851005743548017,0.0,0.0
2018-11-01,0.8464212346122161,0.0,0.0
2018-11-02,0.6701193803704977,0.0,0.0
2018-11-05,0.39361387632293343,0.0,0.0
2018-11-06,0.19638205483177235,1.0,0.0
2018-11-07,0.6518001212611012,0.0,0.0
2018-11-08,0.39134388998792624,0.0,0.0
2018-11-09,0.3728342477697723,0.0,0.0
2018-11-12,0.8881111623137212,0.0,0.0
2018-11-13,0.6707624222176597,0.0,0.0
2018-11-14,0.5363595636533047,0.0,0.0
2018-11-15,0.46472808478863414,0.0,0.0
2018-11-16,0.21612287686131995,1.0,0.0
2018-11-19,0.6794615502906906,0.0,0.0
2018-11-20,0.9299553916283202,0.0,0.0
2018-11-21,0.7576517418489839,0.0,0.0
2018-11-23,0.5616954434920426,0.0,0.0
2018-11-26,0.6973367166127828,0.0,0.0
2018-11-27,0.40666388780457813,0.0,0.0
2018-11-28,0.9318813356370093,0.0,0.0
2018-11-29,0.7562878374389373,0.0,0.0
2018-11-30,0.5592113986810671,0.0,0.0
2018-12-03,0.46624711054282686,0.0,0.0
2018-12-04,0.9998411906534526,0.0,0.0
2018-12-06,0.8924049653137326,0.0,0.0
2018-12-07,0.9959726778239262,0.0,0.0
2018-12-10,0.8770274350735886,0.0,0.0
2018-12-11,0.6485114559957976,0.0,0.0
2018-12-12,0.4164333198128028,0.0,0.0
2018-12-13,0.20392993806941026,1.0,0.0
2018-12-14,0.6711350231454424,0.0,0.0
2018-12-17,0.9699950377500964,0.0,0.0
2018-12-18,0.8202173502020675,0.0,0.0
2018-12-19,0.9230769322947201,0.0,0.0
2018-12-20,0.9653638372244175,0.0,0.0
2018-12-21,0.9959481858363343,0.0,0.0
2018-12-24,0.9994715127275937,0.0,0.0
2018-12-26,0.9999999993732873,0.0,0.0
2018-12-27,0.9165359595641954,0.0,0.0
2018-12-28,0.7137396113333699,0.0,0.0
2018-12-31,0.5417024642026123,0.0,0.0
2019-01-02,0.27106058940810845,1.0,0.0
2019-01-03,0.9557830661784854,0.0,0.0
2019-01-04,0.999972408273819,0.0,0.0
2019-01-07,0.9295799493745537,0.0,0.0
2019-01-08,0.8368868994684775,0.0,0.0
2019-01-09,0.6087876634019386,0.0,0.0
2019-01-10,0.33660963207911665,0.0,0.0
2019-01-11,0.14309022482475864,1.0,0.0
2019-01-14,0.07993855565326842,1.0,1.0
2019-01-15,0.05932337786277834,1.0,1.0
2019-01-16,0.024357230138277605,1.0,1.0
2019-01-17,0.016814334021320567,1.0,1.0
2019-01-18,0.027766297272954075,1.0,1.0
2019-01-22,0.09894510055180923,1.0,1.0
2019-01-23,0.03805267482177816,1.0,1.0
2019-01-24,0.016769729033429746,1.0,1.0
2019-01-25,0.015227793145986622,1.0,1.0
2019-01-28,0.01740115215039429,1.0,1.0
2019-01-29,0.010505787280800899,1.0,1.0
2019-01-30,0.032938962006911175,1.0,1.0
2019-01-31,0.02399804880925398,1.0,1.0
2019-02-01,0.0119214114634117,1.0,1.0
2019-02-04,0.010590981622599792,1.0,1.0
2019-02-05,0.008093022938290107,1.0,1.0
2019-02-06,0.007303662227428921,1.0,1.0
2019-02-07,0.015180900535036065,1.0,1.0
2019-02-08,0.009019837203061152,1.0,1.0
2019-02-11,0.007008462153918468,1.0,1.0
2019-02-12,0.02076886494278074,1.0,1.0
2019-02-13,0.010751177209438698,1.0,1.0
2019-02-14,0.008179444713895607,1.0,1.0
2019-02-15,0.01424918322531142,1.0,1.0
2019-02-19,0.008766246096697789,1.0,1.0
2019-02-20,0.006906510845259286,1.0,1.0
2019-02-21,0.00752665079089991,1.0,1.0
2019-02-22,0.007954179844922929,1.0,1.0
2019-02-25,0.006614357656153915,1.0,1.0
2019-02-26,0.006549726809799487,1.0,1.0
2019-02-27,0.0061419547890802775,1.0,1.0
2019-02-28,0.006921421857596225,1.0,1.0
2019-03-01,0.008171200431840275,1.0,1.0
2019-03-04,0.009138930727297646,1.0,1.0
2019-03-05,0.0074852704879834475,1.0,1.0
2019-03-06,0.012980527529387073,1.0,1.0
2019-03-07,0.01621245141864652,1.0,1.0
2019-03-08,0.010285123627898978,1.0,1.0
2019-03-11,0.02961648849668911,1.0,1.0
2019-03-12,0.014167973043390299,1.0,1.0
2019-03-13,0.010881045285276822,1.0,1.0
2019-03-14,0.007893694291304982,1.0,1.0
2019-03-15,0.007244781192364318,1.0,1.0
2019-03-18,0.006932722725577571,1.0,1.0
2019-03-19,0.006490126907535895,1.0,1.0
2019-03-20,0.007358581461568245,1.0,1.0
2019-03-21,0.013072022354929621,1.0,1.0
2019-03-22,0.3121687123583481,1.0,1.0
2019-03-25,0.13617916431905838,1.0,1.0
2019-03-26,0.0713351926908313,1.0,1.0
2019-03-27,0.03839137435906882,1.0,1.0
2019-03-28,0.018042889672659594,1.0,1.0
2019-03-29,0.012422432138993304,1.0,1.0
2019-04-01,0.018943505647776818,1.0,1.0
2019-04-02,0.010577081870741668,1.0,1.0
2019-04-03,0.00761451980575198,1.0,1.0
2019-04-04,0.006517500660578369,1.0,1.0
2019-04-05,0.006931463232196367,1.0,1.0
2019-04-08,0.006276979569786066,1.0,1.0
2019-04-09,0.009499083270064457,1.0,1.0
2019-04-10,0.00783890898500102,1.0,1.0
2019-04-11,0.006650596614435119,1.0,1.0
2019-04-12,0.007533362270900595,1.0,1.0
2019-04-15,0.006699241647311793,1.0,1.0
2019-04-16,0.006189341675608643,1.0,1.0
2019-04-17,0.006985851630907346,1.0,1.0
2019-04-18,0.006286686468379529,1.0,1.0
2019-04-22,0.0060516934756399245,1.0,1.0
2019-04-23,0.010205327587634276,1.0,1.0
2019-04-24,0.008060773372970365,1.0,1.0
2019-04-25,0.0070084657299456475,1.0,1.0
2019-04-26,0.007117952127399841,1.0,1.0
2019-04-29,0.0063442533773636145,1.0,1.0
2019-04-30,0.006196054252738813,1.0,1.0
2019-05-01,0.011941467684981322,1.0,1.0
2019-05-02,0.00845834230154491,1.0,1.0
2019-05-03,0.014447770941228986,1.0,1.0
2019-05-06,0.010745790379391803,1.0,1.0
2019-05-07,0.08443161865964441,1.0,1.0
2019-05-08,0.03654679083834676,1.0,1.0
2019-05-09,0.018546621756605434,1.0,1.0
2019-05-10,0.010594132800417082,1.0,1.0
2019-05-13,0.7202620724612564,0.0,1.0
2019-05-14,0.5596383747380095,0.0,1.0
2019-05-15,0.3255015108587776,1.0,1.0
2019-05-16,0.20658670414713579,1.0,1.0
2019-05-17,0.13322387738241667,1.0,1.0
2019-05-20,0.0801951978138642,1.0,1.0
2019-05-21,0.049636812351583036,1.0,1.0
2019-05-22,0.025780773664181075,1.0,1.0
2019-05-23,0.06523756422826911,1.0,1.0
2019-05-24,0.026835453719728283,1.0,1.0
2019-05-28,0.02398942022334067,1.0,1.0
2019-05-29,0.020289427308467653,1.0,1.0
2019-05-30,0.010797920329366585,1.0,1.0
2019-05-31,0.039800902497913904,1.0,1.0
2019-06-03,0.020613562154174633,1.0,1.0
2019-06-04,0.29712788861057127,1.0,1.0
2019-06-05,0.15594524485216657,1.0,1.0
2019-06-06,0.06996015629232788,1.0,1.0
2019-06-07,0.05208065559789785,1.0,1.0
2019-06-10,0.024860095012483478,1.0,1.0
2019-06-11,0.012932401214234961,1.0,1.0
2019-06-12,0.00897778010953464,1.0,1.0
2019-06-13,0.007819971177262287,1.0,1.0
2019-06-14,0.007384647319104166,1.0,1.0
2019-06-17,0.006422630439870253,1.0,1.0
2019-06-18,0.011423649293905594,1.0,1.0
2019-06-19,0.008006470949535594,1.0,1.0
2019-06-20,0.010401695329366517,1.0,1.0
2019-06-21,0.00809177074200547,1.0,1.0
2019-06-24,0.007889637821256722,1.0,1.0
2019-06-25,0.016450934745386444,1.0,1.0
2019-06-26,0.00976211131324377,1.0,1.0
2019-06-27,0.00849202513743873,1.0,1.0
2019-06-28,0.00855875749340739,1.0,1.0
2019-07-01,0.009135770824539292,1.0,1.0
2019-07-02,0.007010493655511424,1.0,1.0
2019-07-03,0.00877184193515456,1.0,1.0
2019-07-05,0.0071545708150524264,1.0,1.0
2019-07-08,0.00921596056580252,1.0,1.0
2019-07-09,0.007058561620857652,1.0,1.0
2019-07-10,0.006678486046417836,1.0,1.0
2019-07-11,0.006201760574852952,1.0,1.0
2019-07-12,0.0068115890043528695,1.0,1.0
2019-07-15,0.006372636895382508,1.0,1.0
2019-07-16,0.007057251849675149,1.0,1.0
2019-07-17,0.009795701262281471,1.0,1.0
2019-07-18,0.007511558556508466,1.0,1.0
2019-07-19,0.009291804026814433,1.0,1.0
2019-07-22,0.007144979015890107,1.0,1.0
2019-07-23,0.007735894975364416,1.0,1.0
2019-07-24,0.00810485706666542,1.0,1.0
2019-07-25,0.010223734717526163,1.0,1.0
2019-07-26,0.010594934827837292,1.0,1.0
2019-07-29,0.008706195203196886,1.0,1.0
2019-07-30,0.007329623846216596,1.0,1.0
2019-07-31,0.019680228474618578,1.0,1.0
2019-08-01,0.029046149631662986,1.0,1.0
2019-08-02,0.028784272094147093,1.0,1.0
2019-08-05,0.969348204624006,0.0,0.0
2019-08-06,0.9337623307088881,0.0,0.0
2019-08-07,0.7609370860984903,0.0,0.0
2019-08-08,0.9270015726949397,0.0,0.0
2019-08-09,0.8461720694439876,0.0,0.0
2019-08-12,0.8808081992610065,0.0,0.0
2019-08-13,0.885963639491548,0.0,0.0
2019-08-14,0.9996018918669548,0.0,0.0
2019-08-15,0.9022122391390323,0.0,0.0
2019-08-16,0.9155449443617699,0.0,0.0
2019-08-19,0.8508255124875412,0.0,0.0
2019-08-20,0.7374754440977153,0.0,0.0
2019-08-21,0.5599560401178301,0.0,0.0
2019-08-22,0.29750752780260625,1.0,0.0
2019-08-23,0.9806436778630975,0.0,0.0
2019-08-26,0.9232340760880526,0.0,0.0
2019-08-27,0.7834733017786678,0.0,0.0
2019-08-28,0.5747995870466059,0.0,0.0
2019-08-29,0.5755211439829538,0.0,0.0
2019-08-30,0.3036031499854912,1.0,0.0
2019-09-03,0.23339935871453824,1.0,0.0
2019-09-04,0.17244884736334018,1.0,0.0
2019-09-05,0.20667427625675847,1.0,0.0
2019-09-06,0.083392554343954,1.0,1.0
2019-09-09,0.03297123427604416,1.0,1.0
2019-09-10,0.01501737665503762,1.0,1.0
2019-09-11,0.013547828793004818,1.0,1.0
2019-09-12,0.008473082173435438,1.0,1.0
2019-09-13,0.00682102985132689,1.0,1.0
2019-09-16,0.0067734231698157975,1.0,1.0
2019-09-17,0.006163220405804856,1.0,1.0
2019-09-18,0.006069400185275093,1.0,1.0
2019-09-19,0.00605289841017596,1.0,1.0
2019-09-20,0.007772662113864778,1.0,1.0
2019-09-23,0.006584437220292119,1.0,1.0
2019-09-24,0.01568494358800456,1.0,1.0
2019-09-25,0.011629767113950461,1.0,1.0
2019-09-26,0.00954054422670906,1.0,1.0
2019-09-27,0.010705597847315377,1.0,1.0
2019-09-30,0.00830816472764604,1.0,1.0
2019-10-01,0.030834659834375902,1.0,1.0
2019-10-02,0.1635908306419134,1.0,1.0
2019-10-03,0.08834924942833276,1.0,1.0
2019-10-04,0.10859523767292881,1.0,1.0
2019-10-07,0.051937014595809364,1.0,1.0
2019-10-08,0.17708721208217462,1.0,1.0
2019-10-09,0.10813249573676298,1.0,1.0
2019-10-10,0.04971159956553776,1.0,1.0
2019-10-11,0.051179598011767004,1.0,1.0
2019-10-14,0.022826900585677535,1.0,1.0
2019-10-15,0.021351068958528542,1.0,1.0
2019-10-16,0.012181707836743128,1.0,1.0
2019-10-17,0.008331226358051794,1.0,1.0
2019-10-18,0.008846168266271742,1.0,1.0
2019-10-21,0.008874353031584244,1.0,1.0
2019-10-22,0.008047836422548901,1.0,1.0
2019-10-23,0.006657645823687564,1.0,1.0
2019-10-24,0.006189891072630311,1.0,1.0
2019-10-25,0.006635820341679051,1.0,1.0
2019-10-28,0.007360773015772434,1.0,1.0
2019-10-29,0.006659770305375058,1.0,1.0
2019-10-30,0.006230717611236999,1.0,1.0
2019-10-31,0.007223477222860418,1.0,1.0
2019-11-01,0.012383538855985213,1.0,1.0
2019-11-04,0.008467329658345726,1.0,1.0
2019-11-05,0.006834239853464736,1.0,1.0
2019-11-06,0.006312536159247913,1.0,1.0
2019-11-07,0.006307839060856904,1.0,1.0
2019-11-08,0.006159632761462233,1.0,1.0
2019-11-11,0.006402820076620858,1.0,1.0
2019-11-12,0.006036056130178108,1.0,1.0
2019-11-13,0.005964283761257208,1.0,1.0
2019-11-14,0.005896170248204103,1.0,1.0
2019-11-15,0.007814712660643687,1.0,1.0
2019-11-18,0.006540558274757725,1.0,1.0
2019-11-19,0.0061234172393662125,1.0,1.0
2019-11-20,0.00692682119950279,1.0,1.0
2019-11-21,0.00656021065612875,1.0,1.0
2019-11-22,0.006145749720879325,1.0,1.0
2019-11-25,0.00959909288242056,1.0,1.0
2019-11-26,0.007117394944103402,1.0,1.0
2019-11-27,0.006762522669302253,1.0,1.0
2019-11-29,0.007674485855140289,1.0,1.0
2019-12-02,0.013523527961031775,1.0,1.0
2019-12-03,0.013305297026149144,1.0,1.0
2019-12-04,0.009890997924167118,1.0,1.0
2019-12-05,0.007190476495983249,1.0,1.0
2019-12-06,0.010036921427565423,1.0,1.0
2019-12-09,0.008444064408286583,1.0,1.0
2019-12-10,0.0069181695640131,1.0,1.0
2019-12-11,0.006318158085937073,1.0,1.0
2019-12-12,0.009464343859246794,1.0,1.0
2019-12-13,0.007172120953015889,1.0,1.0
2019-12-16,0.008378362961943678,1.0,1.0
2019-12-17,0.006688738470418734,1.0,1.0
2019-12-18,0.00626312401752029,1.0,1.0
2019-12-19,0.006426151923107327,1.0,1.0
2019-12-20,0.006648960211291592,1.0,1.0
2019-12-23,0.006113587815969636,1.0,1.0
2019-12-24,0.005990256161530579,1.0,1.0
2019-12-26,0.0065253200280952425,1.0,1.0
2019-12-27,0.006280061902245082,1.0,1.0
2019-12-30,0.00859296265544943,1.0,1.0
2019-12-31,0.0068855873922931896,1.0,1.0
2020-01-02,0.009325687387765095,1.0,1.0
2020-01-03,0.011225848642166414,1.0,1.0
2020-01-06,0.007967595379197471,1.0,1.0
2020-01-07,0.007049045723924025,1.0,1.0
2020-01-08,0.006840183976314395,1.0,1.0
2020-01-09,0.007616932986517442,1.0,1.0
2020-01-10,0.007556905972485119,1.0,1.0
2020-01-13,0.008470030371643388,1.0,1.0
2020-01-14,0.006887049116402625,1.0,1.0
2020-01-15,0.006197030999738292,1.0,1.0
2020-01-16,0.009186596139870296,1.0,1.0
2020-01-17,0.007087001697350111,1.0,1.0
2020-01-21,0.007250730371980975,1.0,1.0
2020-01-22,0.006319723305026662,1.0,1.0
2020-01-23,0.006010084260232938,1.0,1.0
2020-01-24,0.014462065805349015,1.0,1.0
2020-01-27,0.07005079531280628,1.0,1.0
2020-01-28,0.0505136180787046,1.0,1.0
2020-01-29,0.021884589393084,1.0,1.0
2020-01-30,0.011626569891869665,1.0,1.0
2020-01-31,0.09814764874667417,1.0,1.0
2020-02-03,0.05570935080019596,1.0,1.0
2020-02-04,0.10324807336261983,1.0,1.0
2020-02-05,0.067538858463621,1.0,1.0
2020-02-06,0.027587834818976982,1.0,1.0
2020-02-07,0.01844276139606711,1.0,1.0
2020-02-10,0.013267866167924934,1.0,1.0
2020-02-11,0.00845637551435344,1.0,1.0
2020-02-12,0.008345435690313296,1.0,1.0
2020-02-13,0.005596338579659844,1.0,1.0
2020-02-14,0.005030223103925002,1.0,1.0
2020-02-18,0.0052283836146485565,1.0,1.0
2020-02-19,0.0058756498152013606,1.0,1.0
2020-02-20,0.006084070656151587,1.0,1.0
2020-02-21,0.017143272924910278,1.0,1.0
2020-02-24,0.9928959255649394,0.0,0.0
2020-02-25,0.9999570017376388,0.0,0.0
2020-02-26,0.92133118825237,0.0,0.0
2020-02-27,0.9999998538083972,0.0,0.0
2020-02-28,0.9413777519615394,0.0,0.0
2020-03-02,0.9999996724720275,0.0,0.0
2020-03-03,0.9998542792878221,0.0,0.0
2020-03-04,0.9999992675541922,0.0,0.0
2020-03-05,0.9999921596732292,0.0,0.0
2020-03-06,0.9931347294623758,0.0,0.0
2020-03-09,1.0,0.0,0.0
2020-03-10,0.9999999936960742,0.0,0.0
2020-03-11,0.9999999999160541,0.0,0.0
2020-03-12,1.0,0.0,0.0
2020-03-13,1.0,0.0,0.0
2020-03-16,1.0,0.0,0.0
2020-03-17,0.9999999999994142,0.0,0.0
2020-03-18,0.9999999999988162,0.0,0.0
2020-03-19,0.9626433440332044,0.0,0.0
2020-03-20,0.9999998542669266,0.0,0.0
2020-03-23,0.9995816472162944,0.0,0.0
2020-03-24,1.0,0.0,0.0
2020-03-25,0.9527218622468288,0.0,0.0
2020-03-26,0.9999999999996554,0.0,0.0
2020-03-27,0.9999955092639118,0.0,0.0
2020-03-30,0.999920124856015,0.0,0.0
2020-03-31,0.9828582095957243,0.0,0.0
2020-04-01,0.9999999908715687,0.0,0.0
2020-04-02,0.9945854416333102,0.0,0.0
2020-04-03,0.9883042317096941,0.0,0.0
2020-04-06,1.0,0.0,0.0
2020-04-07,0.8985579999611379,0.0,0.0
2020-04-08,0.9999078640057182,0.0,0.0
2020-04-09,0.9787680729123782,0.0,0.0
2020-04-13,0.9264258949080906,0.0,0.0
2020-04-14,0.999521196159662,0.0,0.0
2020-04-15,0.9979194720128314,0.0,0.0
2020-04-16,0.9072840411803775,0.0,0.0
2020-04-17,0.9979067214068075,0.0,0.0
2020-04-20,0.9869820177178045,0.0,0.0
2020-04-21,0.9999511907096598,0.0,0.0
2020-04-22,0.9972647913433627,0.0,0.0
2020-04-23,0.8878429446100655,0.0,0.0
2020-04-24,0.8819174668908605,0.0,0.0
2020-04-27,0.9341724689254285,0.0,0.0
2020-04-28,0.7921533612906902,0.0,0.0
2020-04-29,0.9979964652967148,0.0,0.0
2020-04-30,0.9681728765020866,0.0,0.0
2020-05-01,0.9998364006852818,0.0,0.0
2020-05-04,0.9066186874575045,0.0,0.0
2020-05-05,0.7955464834238684,0.0,0.0
2020-05-06,0.5993618714999446,0.0,0.0
2020-05-07,0.5885038188987396,0.0,0.0
2020-05-08,0.8391631326930892,0.0,0.0
2020-05-11,0.5826554793405188,0.0,0.0
2020-05-12,0.9484150511712276,0.0,0.0
2020-05-13,0.9880630954592228,0.0,0.0
2020-05-14,0.9365137727572562,0.0,0.0
2020-05-15,0.7800045323788135,0.0,0.0
2020-05-18,0.99951632422247,0.0,0.0
2020-05-19,0.9581160520395013,0.0,0.0
2020-05-20,0.9728631913639271,0.0,0.0
2020-05-21,0.8933113972941796,0.0,0.0
2020-05-22,0.6739694508675899,0.0,0.0
2020-05-26,0.6171112375867507,0.0,0.0
2020-05-27,0.7028289717848408,0.0,0.0
2020-05-28,0.4642330166404732,0.0,0.0
2020-05-29,0.24316929435301604,1.0,0.0
2020-06-01,0.10510919506388476,1.0,1.0
2020-06-02,0.055497635495153914,1.0,1.0
2020-06-03,0.07473244410288081,1.0,1.0
2020-06-04,0.033000127664665986,1.0,1.0
2020-06-05,0.5450776233128439,0.0,1.0
2020-06-08,0.5464557110710128,0.0,1.0
2020-06-09,0.4405096526588323,0.0,1.0
2020-06-10,0.2598483151604984,1.0,1.0
2020-06-11,0.9999999999964482,0.0,0.0
2020-06-12,0.9612893438506195,0.0,0.0
2020-06-15,0.8939824305246198,0.0,0.0
2020-06-16,0.9586109808130902,0.0,0.0
2020-06-17,0.8312562840217925,0.0,0.0
2020-06-18,0.5708607618767417,0.0,0.0
2020-06-19,0.3442176579768688,0.0,0.0
2020-06-22,0.17991713698641196,1.0,0.0
2020-06-23,0.07186296696244039,1.0,1.0
2020-06-24,0.9099428052245869,0.0,0.0
2020-06-25,0.8385403535309932,0.0,0.0
2020-06-26,0.9956470471503611,0.0,0.0
2020-06-29,0.9713012653851346,0.0,0.0
2020-06-30,0.9619188234329837,0.0,0.0
2020-07-01,0.8152593648996324,0.0,0.0
2020-07-02,0.5764149110470246,0.0,0.0
2020-07-06,0.727150069119512,0.0,0.0
2020-07-07,0.67866310865307,0.0,0.0
2020-07-08,0.4989876465531888,0.0,0.0
2020-07-09,0.30313310406900845,1.0,0.0
2020-07-10,0.23110042156295293,1.0,0.0
2020-07-13,0.27365949283270696,1.0,0.0
2020-07-14,0.28843881594162935,1.0,0.0
2020-07-15,0.2274772894798102,1.0,0.0
2020-07-16,0.10459577542617521,1.0,1.0
2020-07-17,0.03966408124914076,1.0,1.0
2020-07-20,0.030393903616152282,1.0,1.0
2020-07-21,0.013063153676116256,1.0,1.0
2020-07-22,0.008296808027311624,1.0,1.0
2020-07-23,0.022761737215574975,1.0,1.0
2020-07-24,0.018725782652837055,1.0,1.0
2020-07-27,0.014456654317147422,1.0,1.0
2020-07-28,0.015407471580967435,1.0,1.0
2020-07-29,0.026759272639673374,1.0,1.0
2020-07-30,0.013518695467033437,1.0,1.0
2020-07-31,0.009183361333602195,1.0,1.0
2020-08-03,0.010820765784010672,1.0,1.0
2020-08-04,0.0070302605120406035,1.0,1.0
2020-08-05,0.007697617415669954,1.0,1.0
2020-08-06,0.006493800937478017,1.0,1.0
2020-08-07,0.005357065726034188,1.0,1.0
2020-08-10,0.004998909682797169,1.0,1.0
2020-08-11,0.00978664507377894,1.0,1.0
2020-08-12,0.022614761565756567,1.0,1.0
2020-08-13,0.007095880424409825,1.0,1.0
2020-08-14,0.004579941298060461,1.0,1.0
2020-08-17,0.004110259357792543,1.0,1.0
2020-08-18,0.00367678412146859,1.0,1.0
2020-08-19,0.0042635122907444,1.0,1.0
2020-08-20,0.0037912719457455966,1.0,1.0
2020-08-21,0.003606384362942791,1.0,1.0
2020-08-24,0.005749001809498297,1.0,1.0
2020-08-25,0.004281918004878675,1.0,1.0
2020-08-26,0.006727695242419927,1.0,1.0
2020-08-27,0.004399841315128786,1.0,1.0
2020-08-28,0.004837198034505341,1.0,1.0
2020-08-31,0.003923643813572463,1.0,1.0
2020-09-01,0.0058968080743545224,1.0,1.0
2020-09-02,0.011536772545805304,1.0,1.0
2020-09-03,0.9979155429850775,0.0,0.0
2020-09-04,0.942563703606535,0.0,0.0
2020-09-08,0.9997524086191387,0.0,0.0
2020-09-09,0.9936195076866159,0.0,0.0
2020-09-10,0.9869970028076335,0.0,0.0
2020-09-11,0.8580602897317295,0.0,0.0
2020-09-14,0.881860785646597,0.0,0.0
2020-09-15,0.6637752254532802,0.0,0.0
2020-09-16,0.3937686016256555,0.0,0.0
2020-09-17,0.27477994239472825,1.0,0.0
2020-09-18,0.1931918383919203,1.0,0.0
2020-09-21,0.17315856626664694,1.0,0.0
2020-09-22,0.10242220910946631,1.0,1.0
2020-09-23,0.8633579960670906,0.0,0.0
2020-09-24,0.5994314745524776,0.0,0.0
2020-09-25,0.7440390945529078,0.0,0.0
2020-09-28,0.8230283083408729,0.0,0.0
2020-09-29,0.58794143970167,0.0,0.0
2020-09-30,0.35552255628859125,0.0,0.0
2020-10-01,0.17999328365061737,1.0,0.0
2020-10-02,0.13903787329674192,1.0,0.0
2020-10-05,0.3875571374843299,0.0,0.0
2020-10-06,0.44882526503451586,0.0,0.0
2020-10-07,0.6943950544468206,0.0,0.0
2020-10-08,0.462811370032468,0.0,0.0
2020-10-09,0.2859487634955536,1.0,0.0
2020-10-12,0.35521966141851546,0.0,0.0
2020-10-13,0.16348290717963151,1.0,0.0
2020-10-14,0.08353295523209689,1.0,1.0
2020-10-15,0.02834614228044206,1.0,1.0
2020-10-16,0.010910915858058484,1.0,1.0
2020-10-19,0.04426061657918518,1.0,1.0
2020-10-20,0.01602160384310865,1.0,1.0
2020-10-21,0.008354863585781086,1.0,1.0
2020-10-22,0.006085420870954487,1.0,1.0
2020-10-23,0.004432255824461542,1.0,1.0
2020-10-26,0.07055502982203705,1.0,1.0
2020-10-27,0.025685531789271333,1.0,1.0
2020-10-28,0.9940203048890213,0.0,0.0
2020-10-29,0.9389561031006711,0.0,0.0
2020-10-30,0.9505504072797395,0.0,0.0
2020-11-02,0.8853403379014163,0.0,0.0
2020-11-03,0.9567705682304583,0.0,0.0
2020-11-04,0.991801198051926,0.0,0.0
2020-11-05,0.993281133238517,0.0,0.0
2020-11-06,0.8731902664205593,0.0,0.0
2020-11-09,0.7006858032142946,0.0,0.0
2020-11-10,0.3959979304418405,0.0,0.0
2020-11-11,0.2245720503735833,1.0,0.0
2020-11-12,0.1668843520851582,1.0,0.0
2020-11-13,0.15089266073770322,1.0,0.0
2020-11-16,0.11904059765114233,1.0,0.0
2020-11-17,0.04216737829084862,1.0,1.0
2020-11-18,0.0344938156749664,1.0,1.0
2020-11-19,0.01467220484402481,1.0,1.0
2020-11-20,0.00903608806670236,1.0,1.0
2020-11-23,0.007379012437095505,1.0,1.0
2020-11-24,0.02255065948822955,1.0,1.0
2020-11-25,0.00901768031096713,1.0,1.0
2020-11-27,0.0054083747389300245,1.0,1.0
2020-11-30,0.005495631692625871,1.0,1.0
2020-12-01,0.007256564621195376,1.0,1.0
2020-12-02,0.0045381274283832,1.0,1.0
2020-12-03,0.0037709452220758433,1.0,1.0
2020-12-04,0.006552709156064094,1.0,1.0
2020-12-07,0.004369583178113599,1.0,1.0
2020-12-08,0.004088113822509552,1.0,1.0
2020-12-09,0.010056582033477717,1.0,1.0
2020-12-10,0.005400219219533659,1.0,1.0
2020-12-11,0.0042942101226444585,1.0,1.0
2020-12-14,0.004126329461810926,1.0,1.0
2020-12-15,0.01051378870968383,1.0,1.0
2020-12-16,0.005477270750097319,1.0,1.0
2020-12-17,0.00565301435637988,1.0,1.0
2020-12-18,0.004296705803117093,1.0,1.0
2020-12-21,0.004080361438773977,1.0,1.0
2020-12-22,0.0036461633801052277,1.0,1.0
2020-12-23,0.0035097980665801153,1.0,1.0
2020-12-24,0.003504503809970197,1.0,1.0
2020-12-28,0.003860617613703897,1.0,1.0
2020-12-29,0.004360574086401226,1.0,1.0
2020-12-30,0.0037793081468483008,1.0,1.0
2020-12-31,0.003771955062858782,1.0,1.0
2021-01-04,0.02135887434493252,1.0,1.0
2021-01-05,0.013127478892787805,1.0,1.0
2021-01-06,0.008807374514237612,1.0,1.0
2021-01-07,0.03900024883391064,1.0,1.0
2021-01-08,0.015521335246093906,1.0,1.0
2021-01-11,0.009459184917574633,1.0,1.0
2021-01-12,0.005426743300794517,1.0,1.0
2021-01-13,0.004026691968745668,1.0,1.0
2021-01-14,0.0037803168864172995,1.0,1.0
2021-01-15,0.007431167241829405,1.0,1.0
2021-01-19,0.007534039819234459,1.0,1.0
2021-01-20,0.012824587438603253,1.0,1.0
2021-01-21,0.006253580288179286,1.0,1.0
2021-01-22,0.004369964252859466,1.0,1.0
2021-01-25,0.003800989606305015,1.0,1.0
2021-01-26,0.004151478713217263,1.0,1.0
2021-01-27,0.45956174037915726,0.0,1.0
2021-01-28,0.2833899139054132,1.0,1.0
2021-01-29,0.6900635143889001,0.0,1.0
2021-02-01,0.8120465892948641,0.0,1.0
2021-02-02,0.8185530852077654,0.0,1.0
2021-02-03,0.5261229374464813,0.0,1.0
2021-02-04,0.4399627764477948,0.0,1.0
2021-02-05,0.2047243310088553,1.0,1.0
2021-02-08,0.11499878330014349,1.0,1.0
2021-02-09,0.03788340801956957,1.0,1.0
2021-02-10,0.013881773794437226,1.0,1.0
2021-02-11,0.006471280279646066,1.0,1.0
2021-02-12,0.013513409389660908,1.0,1.0
2021-02-16,0.010536309213256196,1.0,1.0
2021-02-17,0.009792437996495802,1.0,1.0
2021-02-18,0.014151474743152153,1.0,1.0
2021-02-19,0.010083067003920396,1.0,1.0
2021-02-22,0.031702396350918954,1.0,1.0
2021-02-23,0.01676412767840205,1.0,1.0
2021-02-24,0.02533912888441102,1.0,1.0
2021-02-25,0.9303132699391038,0.0,1.0
2021-02-26,0.738779138385918,0.0,1.0
2021-03-01,0.9928126948809188,0.0,0.0
2021-03-02,0.9415405065087803,0.0,0.0
2021-03-03,0.9673247756489586,0.0,0.0
2021-03-04,0.9821004076981463,0.0,0.0
2021-03-05,0.9810437062296963,0.0,0.0
2021-03-08,0.8781711875445848,0.0,0.0
2021-03-09,0.938787175443726,0.0,0.0
2021-03-10,0.76873717197028,0.0,0.0
2021-03-11,0.7790435850034809,0.0,0.0
2021-03-12,0.4895446027554713,0.0,0.0
2021-03-15,0.2801111686214114,1.0,0.0
2021-03-16,0.14337640390127515,1.0,1.0
2021-03-17,0.058106327158274525,1.0,1.0
2021-03-18,0.42320109322668625,1.0,1.0
2021-03-19,0.19152058246985665,1.0,1.0
2021-03-22,0.08664735479799018,1.0,1.0
2021-03-23,0.13047732165364687,1.0,1.0
2021-03-24,0.13209999239666675,1.0,1.0
2021-03-25,0.06482993808384936,1.0,1.0
2021-03-26,0.13195960009860805,1.0,1.0
2021-03-29,0.07029133307467476,1.0,1.0
2021-03-30,0.029918227134534146,1.0,1.0
2021-03-31,0.01866365304369383,1.0,1.0
2021-04-01,0.03298763267670462,1.0,1.0
2021-04-05,0.04705559930307674,1.0,1.0
2021-04-06,0.02147733612468299,1.0,1.0
2021-04-07,0.013168063240600084,1.0,1.0
2021-04-08,0.011806323650471596,1.0,1.0
2021-04-09,0.011546854366355637,1.0,1.0
2021-04-12,0.009477468386812031,1.0,1.0
2021-04-13,0.009078146239237575,1.0,1.0
2021-04-14,0.010195663864326247,1.0,1.0
2021-04-15,0.017682166724120065,1.0,1.0
2021-04-16,0.011401471435007717,1.0,1.0
2021-04-19,0.016941534992080162,1.0,1.0
2021-04-20,0.028255372286099974,1.0,1.0
2021-04-21,0.031403938820922926,1.0,1.0
2021-04-22,0.031673762304148076,1.0,1.0
2021-04-23,0.044193425762074814,1.0,1.0
2021-04-26,0.021390445400436647,1.0,1.0
2021-04-27,0.012776450023363563,1.0,1.0
2021-04-28,0.009988829833912543,1.0,1.0
2021-04-29,0.00921520656652808,1.0,1.0
2021-04-30,0.018161177890188583,1.0,1.0
2021-05-03,0.011417216710380342,1.0,1.0
2021-05-04,0.022080138904572583,1.0,1.0
2021-05-05,0.013089035009972069,1.0,1.0
2021-05-06,0.01076855284354771,1.0,1.0
2021-05-07,0.013457219576208969,1.0,1.0
2021-05-10,0.06024569499341332,1.0,1.0
2021-05-11,0.041581393440124424,1.0,1.0
2021-05-12,0.7737359086696282,0.0,1.0
2021-05-13,0.6480815144669616,0.0,1.0
2021-05-14,0.8429219497037418,0.0,1.0
2021-05-17,0.6012376646131261,0.0,1.0
2021-05-18,0.45292566282811875,1.0,1.0
2021-05-19,0.24225721302820302,1.0,1.0
2021-05-20,0.19980980717468233,1.0,1.0
2021-05-21,0.08113961848027694,1.0,1.0
2021-05-24,0.0589569587744488,1.0,1.0
2021-05-25,0.02957344332297486,1.0,1.0
2021-05-26,0.016539099424491416,1.0,1.0
2021-05-27,0.01101876338603167,1.0,1.0
2021-05-28,0.009127496435797248,1.0,1.0
2021-06-01,0.00851811744861732,1.0,1.0
2021-06-02,0.008239222886889355,1.0,1.0
2021-06-03,0.011826188877206998,1.0,1.0
2021-06-04,0.015023465110160361,1.0,1.0
2021-06-07,0.010366963158844531,1.0,1.0
2021-06-08,0.008849057955518796,1.0,1.0
2021-06-09,0.009730047141510401,1.0,1.0
2021-06-10,0.009165877290143528,1.0,1.0
2021-06-11,0.008822403866617147,1.0,1.0
2021-06-14,0.008332895384252685,1.0,1.0
2021-06-15,0.009602786174480451,1.0,1.0
2021-06-16,0.011584885456075283,1.0,1.0
2021-06-17,0.009368455756964583,1.0,1.0
2021-06-18,0.03982059992139349,1.0,1.0
2021-06-21,0.06207141607559954,1.0,1.0
2021-06-22,0.030816490245712966,1.0,1.0
2021-06-23,0.015877179278473073,1.0,1.0
2021-06-24,0.013674133298766633,1.0,1.0
2021-06-25,0.010162281955009941,1.0,1.0
2021-06-28,0.008805834859518271,1.0,1.0
2021-06-29,0.00844568750052162,1.0,1.0
2021-06-30,0.008243211423200551,1.0,1.0
2021-07-01,0.008773413867197266,1.0,1.0
2021-07-02,0.009625680467147773,1.0,1.0
2021-07-06,0.009886849453886093,1.0,1.0
2021-07-07,0.00869229560215233,1.0,1.0
2021-07-08,0.018984868272144916,1.0,1.0
2021-07-09,0.032682639148194394,1.0,1.0
2021-07-12,0.016355726921893184,1.0,1.0
2021-07-13,0.01603349079095447,1.0,1.0
2021-07-14,0.012141984796436536,1.0,1.0
2021-07-15,0.011794154768899175,1.0,1.0
2021-07-16,0.018203647109088412,1.0,1.0
2021-07-19,0.0817294540211527,1.0,1.0
2021-07-20,0.20926320420330052,1.0,1.0
2021-07-21,0.13573510757349252,1.0,1.0
2021-07-22,0.0534200772485773,1.0,1.0
2021-07-23,0.041902031578516324,1.0,1.0
2021-07-26,0.0193954516702194,1.0,1.0
2021-07-27,0.019786171087830436,1.0,1.0
2021-07-28,0.012107323261310695,1.0,1.0
2021-07-29,0.009992905429141209,1.0,1.0
2021-07-30,0.014630914504462095,1.0,1.0
2021-08-02,0.010830852489581724,1.0,1.0
2021-08-03,0.011993914563737983,1.0,1.0
2021-08-04,0.011836102140339446,1.0,1.0
2021-08-05,0.012555288871988318,1.0,1.0
2021-08-06,0.009575521767908905,1.0,1.0
2021-08-09,0.008720570633617034,1.0,1.0
2021-08-10,0.008343878377317138,1.0,1.0
2021-08-11,0.008199987829637113,1.0,1.0
2021-08-12,0.008196069355588491,1.0,1.0
2021-08-13,0.008651271652820052,1.0,1.0
2021-08-16,0.0087825956489378,1.0,1.0
2021-08-17,0.018196487757838307,1.0,1.0
2021-08-18,0.03274671713443709,1.0,1.0
2021-08-19,0.017371659523212096,1.0,1.0
2021-08-20,0.018827620942566306,1.0,1.0
2021-08-23,0.0243016490606816,1.0,1.0
2021-08-24,0.014296226976850485,1.0,1.0
2021-08-25,0.010471375729302056,1.0,1.0
2021-08-26,0.015711928462979006,1.0,1.0
2021-08-27,0.022274714047118553,1.0,1.0
2021-08-30,0.013346622388051226,1.0,1.0
2021-08-31,0.010718893536250386,1.0,1.0
2021-09-01,0.009213460605990844,1.0,1.0
2021-09-02,0.009039267759902957,1.0,1.0
2021-09-03,0.008882150136161308,1.0,1.0
2021-09-07,0.010749719016454171,1.0,1.0
2021-09-08,0.011197650935833614,1.0,1.0
2021-09-09,0.010938005647607068,1.0,1.0
2021-09-10,0.01872455140855181,1.0,1.0
2021-09-13,0.01174965793876201,1.0,1.0
2021-09-14,0.01662976735073563,1.0,1.0
2021-09-15,0.01751710929109241,1.0,1.0
2021-09-16,0.011748296153087475,1.0,1.0
2021-09-17,0.018660444517234465,1.0,1.0
2021-09-20,0.27950619678384114,1.0,1.0
2021-09-21,0.11240449603280955,1.0,1.0
2021-09-22,0.07869382508500351,1.0,1.0
2021-09-23,0.09027908947557542,1.0,1.0
2021-09-24,0.03578566182002718,1.0,1.0
2021-09-27,0.01826128810415641,1.0,1.0
2021-09-28,0.5503809369442747,0.0,1.0
2021-09-29,0.2673906335560279,1.0,1.0
2021-09-30,0.2818503717194659,1.0,1.0
2021-10-01,0.22290182413896298,1.0,1.0
2021-10-04,0.442428844085944,0.0,1.0
2021-10-05,0.3332463790310507,1.0,1.0
2021-10-06,0.14052828821761512,1.0,1.0
2021-10-07,0.09781671410284724,1.0,1.0
2021-10-08,0.04430020623954883,1.0,1.0
2021-10-11,0.03776444999277311,1.0,1.0
2021-10-12,0.018642056780075657,1.0,1.0
2021-10-13,0.01255144460578033,1.0,1.0
2021-10-14,0.06517971589852808,1.0,1.0
2021-10-15,0.03315225123273358,1.0,1.0
2021-10-18,0.01731873957868834,1.0,1.0
2021-10-19,0.014668759987638218,1.0,1.0
2021-10-20,0.01079341851982459,1.0,1.0
2021-10-21,0.009590761575439302,1.0,1.0
2021-10-22,0.010127477210488544,1.0,1.0
2021-10-25,0.010431847431119131,1.0,1.0
2021-10-26,0.009185935648514668,1.0,1.0
2021-10-27,0.017615501398665398,1.0,1.0
2021-10-28,0.025058607268650213,1.0,1.0
2021-10-29,0.013828300929849472,1.0,1.0
2021-11-01,0.011333249750960155,1.0,1.0
2021-11-02,0.009482279373878912,1.0,1.0
2021-11-03,0.012549489754534389,1.0,1.0
2021-11-04,0.010288726167361185,1.0,1.0
2021-11-05,0.009460026539643597,1.0,1.0
2021-11-08,0.008805500193171332,1.0,1.0
2021-11-09,0.010538565464142682,1.0,1.0
2021-11-10,0.030315370509101196,1.0,1.0
2021-11-11,0.015488202583177402,1.0,1.0
2021-11-12,0.014468302642743926,1.0,1.0
2021-11-15,0.010781665788876441,1.0,1.0
2021-11-16,0.009924836060416508,1.0,1.0
2021-11-17,0.011679626869313642,1.0,1.0
2021-11-18,0.009507179291547823,1.0,1.0
2021-11-19,0.010097269259620328,1.0,1.0
2021-11-22,0.013987054910871176,1.0,1.0
2021-11-23,0.010487546308158307,1.0,1.0
2021-11-24,0.009313499489708879,1.0,1.0
2021-11-26,0.5404044730024521,0.0,1.0
2021-11-29,0.433179241265557,0.0,1.0
2021-11-30,0.9135385818445942,0.0,0.0
2021-12-01,0.96282926556407,0.0,0.0
2021-12-02,0.9373298016695168,0.0,0.0
2021-12-03,0.9128295811345919,0.0,0.0
2021-12-06,0.8314837231745874,0.0,0.0
2021-12-07,0.9794192200163507,0.0,0.0
2021-12-08,0.7871764351985442,0.0,0.0
2021-12-09,0.7587766704237299,0.0,0.0
2021-12-10,0.5177019438278208,0.0,0.0
2021-12-13,0.5207105545968496,0.0,0.0
2021-12-14,0.3980270378341112,0.0,0.0
2021-12-15,0.5728968433209669,0.0,0.0
2021-12-16,0.6484604383226195,0.0,0.0
2021-12-17,0.4777428058464224,0.0,0.0
2021-12-20,0.606010582382126,0.0,0.0
2021-12-21,0.9131475445108611,0.0,0.0
2021-12-22,0.7729747105769811,0.0,0.0
2021-12-23,0.5360094553634447,0.0,0.0
2021-12-27,0.4860160696467091,0.0,0.0
2021-12-28,0.24797810167142736,1.0,0.0
2021-12-29,0.09765490747933654,1.0,1.0
2021-12-30,0.04162312703947447,1.0,1.0
2021-12-31,0.022892685423181996,1.0,1.0
2022-01-03,0.017304859158669958,1.0,1.0
2022-01-04,0.013109114768328059,1.0,1.0
2022-01-05,0.6025330408666317,0.0,1.0
2022-01-06,0.3084659022119085,1.0,1.0
2022-01-07,0.168369788066923,1.0,1.0
2022-01-10,0.06893521731163023,1.0,1.0
2022-01-11,0.05826158862333093,1.0,1.0
2022-01-12,0.02471295548812477,1.0,1.0
2022-01-13,0.14361515818561096,1.0,1.0
2022-01-14,0.05523522324403352,1.0,1.0
2022-01-18,0.6219503398663917,0.0,1.0
2022-01-19,0.6048339312800076,0.0,1.0
2022-01-20,0.654524871893292,0.0,1.0
2022-01-21,0.9759201012521722,0.0,0.0
2022-01-24,0.7877862323468794,0.0,0.0
2022-01-25,0.8864229992173588,0.0,0.0
2022-01-26,0.6514649415709896,0.0,0.0
2022-01-27,0.5176961826730134,0.0,0.0
2022-01-28,0.970440378737518,0.0,0.0
2022-01-31,0.9945789515584087,0.0,0.0
2022-02-01,0.8650450514917037,0.0,0.0
2022-02-02,0.6092043227754366,0.0,0.0
2022-02-03,0.9943612861104043,0.0,0.0
2022-02-04,0.8676540578934199,0.0,0.0
2022-02-07,0.6166307619315073,0.0,0.0
2022-02-08,0.4714043498387578,0.0,0.0
2022-02-09,0.627008443510966,0.0,0.0
2022-02-10,0.899059452078124,0.0,0.0
2022-02-11,0.9886706045449594,0.0,0.0
2022-02-14,0.841957635800731,0.0,0.0
2022-02-15,0.9440464389407297,0.0,0.0
2022-02-16,0.7293344760241195,0.0,0.0
2022-02-17,0.9925289919876104,0.0,0.0
2022-02-18,0.91495371088812,0.0,0.0
2022-02-22,0.9030049277631448,0.0,0.0
2022-02-23,0.9886825309569189,0.0,0.0
2022-02-24,0.9836181908879383,0.0,0.0
2022-02-25,0.9948977728033149,0.0,0.0
2022-02-28,0.8266256162135326,0.0,0.0
2022-03-01,0.9355406428692429,0.0,0.0
2022-03-02,0.9669338452789039,0.0,0.0
2022-03-03,0.8883255185358567,0.0,0.0
2022-03-04,0.8656387240113523,0.0,0.0
2022-03-07,0.999946359224083,0.0,0.0
2022-03-08,0.8830217998918325,0.0,0.0
2022-03-09,0.9987386519664625,0.0,0.0
2022-03-10,0.8738168689329181,0.0,0.0
2022-03-11,0.9395847473880534,0.0,0.0
2022-03-14,0.8955980708137892,0.0,0.0
2022-03-15,0.9843022329109689,0.0,0.0
2022-03-16,0.9987999341513639,0.0,0.0
2022-03-17,0.954870814145416,0.0,0.0
2022-03-18,0.9086509043815784,0.0,0.0
2022-03-21,0.6820611403141547,0.0,0.0
2022-03-22,0.6674539169022718,0.0,0.0
2022-03-23,0.7591693890640062,0.0,0.0
2022-03-24,0.7827545360145716,0.0,0.0
2022-03-25,0.4918314493453104,0.0,0.0
2022-03-28,0.2893010998640509,1.0,0.0
2022-03-29,0.3659691970973347,1.0,0.0
2022-03-30,0.29323388385893207,1.0,0.0
2022-03-31,0.6175652351031433,0.0,0.0
2022-04-01,0.33550918291507903,1.0,0.0
2022-04-04,0.22053977181052647,1.0,0.0
2022-04-05,0.523467897331714,0.0,0.0
2022-04-06,0.6356224730150278,0.0,0.0
2022-04-07,0.3465469553579343,1.0,0.0
2022-04-08,0.17800706632434554,1.0,0.0
2022-04-11,0.4694938363909342,0.0,0.0
2022-04-12,0.24469519442875984,1.0,0.0
2022-04-13,0.2991175324686805,1.0,0.0
2022-04-14,0.4497534636507561,0.0,0.0
2022-04-18,0.2196913165095524,1.0,0.0
2022-04-19,0.48794587547226675,0.0,0.0
2022-04-20,0.2547732674170934,1.0,0.0
2022-04-21,0.7090352954419412,0.0,0.0
2022-04-22,0.9989940554720332,0.0,0.0
2022-04-25,0.8687755390307816,0.0,0.0
2022-04-26,0.9998776266527576,0.0,0.0
2022-04-27,0.8358315042590032,0.0,0.0
2022-04-28,0.9926893420123826,0.0,0.0
2022-04-29,0.9999984910960227,0.0,0.0
2022-05-02,0.8821841910424183,0.0,0.0
2022-05-03,0.636684911853189,0.0,0.0
2022-05-04,0.9986052168312163,0.0,0.0
2022-05-05,0.9999997573441909,0.0,0.0
2022-05-06,0.9232976303793585,0.0,0.0
2022-05-09,0.9999964474388162,0.0,0.0
2022-05-10,0.8368710840315422,0.0,0.0
2022-05-11,0.9817387362552915,0.0,0.0
2022-05-12,0.7976957397788341,0.0,0.0
2022-05-13,0.9974370110203586,0.0,0.0
2022-05-16,0.8865585419852531,0.0,0.0
2022-05-17,0.9821356832708187,0.0,0.0
2022-05-18,0.9999999523285914,0.0,0.0
2022-05-19,0.8618481845231721,0.0,0.0
2022-05-20,0.5988680332359696,0.0,0.0
2022-05-23,0.8131005651240183,0.0,0.0
2022-05-24,0.8451886220615457,0.0,0.0
2022-05-25,0.7824617491140032,0.0,0.0
2022-05-26,0.9735899047417937,0.0,0.0
2022-05-27,0.9985080947491015,0.0,0.0
2022-05-31,0.9036774858207719,0.0,0.0
2022-06-01,0.7894342434376304,0.0,0.0
2022-06-02,0.9641176118446662,0.0,0.0
2022-06-03,0.9804434890489226,0.0,0.0
2022-06-06,0.800217840301668,0.0,0.0
2022-06-07,0.6650700630130947,0.0,0.0
2022-06-08,0.6511599230578831,0.0,0.0
2022-06-09,0.9944321793530766,0.0,0.0
2022-06-10,0.9999626987505729,0.0,0.0
2022-06-13,0.9999999762691941,0.0,0.0
2022-06-14,0.8543420234288149,0.0,0.0
2022-06-15,0.8883347165396096,0.0,0.0
2022-06-16,0.9999954157830118,0.0,0.0
2022-06-17,0.8474014170526295,0.0,0.0
2022-06-21,0.9909503454621554,0.0,0.0
2022-06-22,0.8305590942448255,0.0,0.0
2022-06-23,0.7382770379916206,0.0,0.0
2022-06-24,0.9995021055621184,0.0,0.0
2022-06-27,0.854249156035439,0.0,0.0
2022-06-28,0.9908685361686731,0.0,0.0
2022-06-29,0.8303972943699648,0.0,0.0
2022-06-30,0.7774751755532908,0.0,0.0
2022-07-01,0.6948202273686516,0.0,0.0
2022-07-05,0.4174062538507095,0.0,0.0
2022-07-06,0.1847817115516681,1.0,0.0
2022-07-07,0.4384329227618031,0.0,0.0
2022-07-08,0.20313928846917956,1.0,0.0
2022-07-11,0.39602022675145343,0.0,0.0
2022-07-12,0.34561145072347005,1.0,0.0
2022-07-13,0.17878867346789226,1.0,0.0
2022-07-14,0.08884305909984595,1.0,1.0
2022-07-15,0.40431569724588207,0.0,1.0
2022-07-18,0.2884538193790606,1.0,1.0
2022-07-19,0.9859150943596684,0.0,0.0
2022-07-20,0.872302317260788,0.0,0.0
2022-07-21,0.7388747690475644,0.0,0.0
2022-07-22,0.7820220587084367,0.0,0.0
2022-07-25,0.4866642110271785,0.0,0.0
2022-07-26,0.6556627230382407,0.0,0.0
2022-07-27,0.9948249153741812,0.0,0.0
2022-07-28,0.9255865728943783,0.0,0.0
2022-07-29,0.9105293791186779,0.0,0.0
2022-08-01,0.6887417670687779,0.0,0.0
2022-08-02,0.4745128123442988,0.0,0.0
2022-08-03,0.6876106871568062,0.0,0.0
2022-08-04,0.39324860368349995,0.0,0.0
2022-08-05,0.17499327269699538,1.0,0.0
2022-08-08,0.0691916837700956,1.0,1.0
2022-08-09,0.049779010668335254,1.0,1.0
2022-08-10,0.6221020303771088,0.0,1.0
2022-08-11,0.3355385755559457,1.0,1.0
2022-08-12,0.6215001848868841,0.0,1.0
2022-08-15,0.36512977260086904,1.0,1.0
2022-08-16,0.16057241543773818,1.0,1.0
2022-08-17,0.14692753728899072,1.0,1.0
2022-08-18,0.058627462057150435,1.0,1.0
2022-08-19,0.18901269330372672,1.0,1.0
2022-08-22,0.8611650285679671,0.0,1.0
2022-08-23,0.6275514453679237,0.0,1.0
2022-08-24,0.35679858746535775,1.0,1.0
2022-08-25,0.44660305221231555,0.0,1.0
2022-08-26,0.9998842431977542,0.0,0.0
2022-08-29,0.9283110946534009,0.0,0.0
2022-08-30,0.9084745463872775,0.0,0.0
2022-08-31,0.8136072284656182,0.0,0.0
2022-09-01,0.5511824748601275,0.0,0.0
2022-09-02,0.5314802715555694,0.0,0.0
2022-09-06,0.3394625969022287,1.0,0.0
2022-09-07,0.7216520714897693,0.0,0.0
2022-09-08,0.5252373237664534,0.0,0.0
2022-09-09,0.7257162698180962,0.0,0.0
2022-09-12,0.6247962363418166,0.0,0.0
2022-09-13,0.9999998788235209,0.0,0.0
2022-09-14,0.8854310541259524,0.0,0.0
2022-09-15,0.8583046434792446,0.0,0.0
2022-09-16,0.8177285957240087,0.0,0.0
2022-09-19,0.6243947812882628,0.0,0.0
2022-09-20,0.6754886056733376,0.0,0.0
2022-09-21,0.9112272253466969,0.0,0.0
2022-09-22,0.9009995073586679,0.0,0.0
2022-09-23,0.9834480441846979,0.0,0.0
2022-09-26,0.9415762596342908,0.0,0.0
2022-09-27,0.7584223122536868,0.0,0.0
2022-09-28,0.9656789303246351,0.0,0.0
2022-09-29,0.9971314209837165,0.0,0.0
2022-09-30,0.9814935985007243,0.0,0.0
2022-10-03,0.9986849060289333,0.0,0.0
2022-10-04,0.9999697332225955,0.0,0.0
2022-10-05,0.8871141146049685,0.0,0.0
2022-10-06,0.8125438858211553,0.0,0.0
2022-10-07,0.9996576685114952,0.0,0.0
2022-10-10,0.9365225933053795,0.0,0.0
2022-10-11,0.8393805255539216,0.0,0.0
2022-10-12,0.6162968198421271,0.0,0.0
2022-10-13,0.9762920120745087,0.0,0.0
2022-10-14,0.9992516432894609,0.0,0.0
2022-10-17,0.9995585903765406,0.0,0.0
2022-10-18,0.9481653086590254,0.0,0.0
2022-10-19,0.884859802997016,0.0,0.0
2022-10-20,0.7972493499115306,0.0,0.0
2022-10-21,0.9836477408954805,0.0,0.0
2022-10-24,0.9125908284457563,0.0,0.0
2022-10-25,0.9592142785626023,0.0,0.0
2022-10-26,0.8638377861983302,0.0,0.0
2022-10-27,0.7050945699369042,0.0,0.0
2022-10-28,0.9775884898126133,0.0,0.0
2022-10-31,0.8930630507900915,0.0,0.0
2022-11-01,0.7090121256172475,0.0,0.0
2022-11-02,0.998246184232184,0.0,0.0
2022-11-03,0.9556411493230664,0.0,0.0
2022-11-04,0.8978215132984688,0.0,0.0
2022-11-07,0.7675424104237013,0.0,0.0
2022-11-08,0.5192353951661786,0.0,0.0
2022-11-09,0.9760842648805924,0.0,0.0
2022-11-10,0.9999999999990413,0.0,0.0
2022-11-11,0.9368204928139504,0.0,0.0
2022-11-14,0.8871629843357587,0.0,0.0
2022-11-15,0.7920052174877836,0.0,0.0
2022-11-16,0.7685796047117566,0.0,0.0
2022-11-17,0.5541109984993029,0.0,0.0
2022-11-18,0.2958554289405091,1.0,0.0
2022-11-21,0.1685131640673936,1.0,0.0
2022-11-22,0.20426223886497188,1.0,0.0
2022-11-23,0.09887019823766192,1.0,1.0
2022-11-25,0.039978268803027045,1.0,1.0
2022-11-28,0.1671228719471866,1.0,1.0
2022-11-29,0.07112998904461824,1.0,1.0
2022-11-30,0.9832044350765401,0.0,0.0
2022-12-01,0.8417795782069778,0.0,0.0
2022-12-02,0.5961861522403368,0.0,0.0
2022-12-05,0.9591762322112205,0.0,0.0
2022-12-06,0.9734240192304439,0.0,0.0
2022-12-07,0.8348519173908573,0.0,0.0
2022-12-08,0.6563165448708098,0.0,0.0
2022-12-09,0.5506545001357542,0.0,0.0
2022-12-12,0.6099252431546601,0.0,0.0
2022-12-13,0.38284891528235127,1.0,0.0
2022-12-14,0.2350296973991954,1.0,0.0
2022-12-15,0.980870021185584,0.0,0.0
2022-12-16,0.9392700036604646,0.0,0.0
2022-12-19,0.8984905590663728,0.0,0.0
2022-12-20,0.6760968991649843,0.0,0.0
2022-12-21,0.7703883785233097,0.0,0.0
2022-12-22,0.907285552367795,0.0,0.0
2022-12-23,0.7179452305910111,0.0,0.0
2022-12-27,0.5161356030322195,0.0,0.0
2022-12-28,0.627735115566822,0.0,0.0
2022-12-29,0.8722891754102251,0.0,0.0
2022-12-30,0.6571507112804567,0.0,0.0
2023-01-03,0.44468872227605455,0.0,0.0
2023-01-04,0.2786807348783259,1.0,0.0
2023-01-05,0.33962061867657034,1.0,0.0
2023-01-06,0.8704927121437985,0.0,0.0
2023-01-09,0.632442157684159,0.0,0.0
2023-01-10,0.43579772917715115,0.0,0.0
2023-01-11,0.42221245409091535,0.0,0.0
2023-01-12,0.20703820162855857,1.0,0.0
2023-01-13,0.09001875237834787,1.0,1.0
2023-01-17,0.03879372800533632,1.0,1.0
2023-01-18,0.16386758667979093,1.0,1.0
2023-01-19,0.13700715733130323,1.0,1.0
2023-01-20,0.47760921720447835,0.0,1.0
2023-01-23,0.47593241775406436,0.0,1.0
2023-01-24,0.2401632978324112,1.0,1.0
2023-01-25,0.09878163249197743,1.0,1.0
2023-01-26,0.0804120567370936,1.0,1.0
2023-01-27,0.03350269523808861,1.0,1.0
2023-01-30,0.0995709538042122,1.0,1.0
2023-01-31,0.19603395629917722,1.0,1.0
2023-02-01,0.17983893318079747,1.0,1.0
2023-02-02,0.29244489157943143,1.0,1.0
2023-02-03,0.3257958146379364,1.0,1.0
2023-02-06,0.23255861759631083,1.0,1.0
2023-02-07,0.23110654374088413,1.0,1.0
2023-02-08,0.3068232465665445,1.0,1.0
2023-02-09,0.28228007115074855,1.0,1.0
2023-02-10,0.11730986769558599,1.0,1.0
2023-02-13,0.1029728588042712,1.0,1.0
2023-02-14,0.0754750414022324,1.0,1.0
2023-02-15,0.03572484325725117,1.0,1.0
2023-02-16,0.1066139728763999,1.0,1.0
2023-02-17,0.050411111814437005,1.0,1.0
2023-02-21,0.6676470741905489,0.0,1.0
2023-02-22,0.4004332829522498,1.0,1.0
2023-02-23,0.20295892916243832,1.0,1.0
2023-02-24,0.24320854438641343,1.0,1.0
2023-02-27,0.10570505649471519,1.0,1.0
2023-02-28,0.04935931972082487,1.0,1.0
2023-03-01,0.028304503403466623,1.0,1.0
2023-03-02,0.01862350833972098,1.0,1.0
2023-03-03,0.06777150614462076,1.0,1.0
2023-03-06,0.030707783814142117,1.0,1.0
2023-03-07,0.1162883889369548,1.0,1.0
2023-03-08,0.04790709530599126,1.0,1.0
2023-03-09,0.5314922888541039,0.0,1.0
2023-03-10,0.8614675300733586,0.0,1.0
2023-03-13,0.6773945943201906,0.0,1.0
2023-03-14,0.8533896779756157,0.0,1.0
2023-03-15,0.7723002887161524,0.0,1.0
2023-03-16,0.9090333644666533,0.0,0.0
2023-03-17,0.9200422942826483,0.0,0.0
2023-03-20,0.8085210117645608,0.0,0.0
2023-03-21,0.8587553367075641,0.0,0.0
2023-03-22,0.9710507545551875,0.0,0.0
2023-03-23,0.8343804722051003,0.0,0.0
2023-03-24,0.616287808681477,0.0,0.0
2023-03-27,0.3505431412997579,1.0,0.0
2023-03-28,0.16906382205370832,1.0,0.0
2023-03-29,0.22396333328529736,1.0,0.0
2023-03-30,0.10508024001625033,1.0,1.0
2023-03-31,0.19345575269892032,1.0,1.0
2023-04-03,0.0816983511653643,1.0,1.0
2023-04-04,0.06169216671570427,1.0,1.0
2023-04-05,0.033473321098160175,1.0,1.0
2023-04-06,0.017063754570889763,1.0,1.0
2023-04-10,0.010661969878047978,1.0,1.0
2023-04-11,0.008411713217162484,1.0,1.0
2023-04-12,0.010731914355448936,1.0,1.0
2023-04-13,0.031626657029904436,1.0,1.0
2023-04-14,0.01760285974232642,1.0,1.0
2023-04-17,0.01117605291031268,1.0,1.0
2023-04-18,0.008615318991181117,1.0,1.0
2023-04-19,0.007853929061149068,1.0,1.0
2023-04-20,0.011747604269386437,1.0,1.0
2023-04-21,0.00877437505660965,1.0,1.0
2023-04-24,0.007830567527578965,1.0,1.0
2023-04-25,0.13486707682386606,1.0,1.0
2023-04-26,0.06985190552953957,1.0,1.0
2023-04-27,0.2754200763635091,1.0,1.0
2023-04-28,0.1618287017878531,1.0,1.0
2023-05-01,0.06777174351736029,1.0,1.0
2023-05-02,0.1369886441691887,1.0,1.0
2023-05-03,0.08291035514730995,1.0,1.0
2023-05-04,0.06798185359991665,1.0,1.0
2023-05-05,0.3072007735939609,1.0,1.0
2023-05-08,0.13544861313620596,1.0,1.0
2023-05-09,0.07138041074791623,1.0,1.0
2023-05-10,0.032717301304307084,1.0,1.0
2023-05-11,0.01772791873971584,1.0,1.0
2023-05-12,0.012035356324293072,1.0,1.0
2023-05-15,0.009703725505785863,1.0,1.0
2023-05-16,0.014785141229836096,1.0,1.0
2023-05-17,0.03136433109655757,1.0,1.0
2023-05-18,0.029018253224993594,1.0,1.0
2023-05-19,0.016880099394799612,1.0,1.0
2023-05-22,0.010568091316204817,1.0,1.0
2023-05-23,0.029621974012949727,1.0,1.0
2023-05-24,0.027542533136512178,1.0,1.0
2023-05-25,0.01795792257298243,1.0,1.0
2023-05-26,0.03552376897082931,1.0,1.0
2023-05-30,0.017473395411548586,1.0,1.0
2023-05-31,0.01684791363299418,1.0,1.0
2023-06-01,0.020457250003179956,1.0,1.0
2023-06-02,0.07315457558257367,1.0,1.0
2023-06-05,0.03521347897732664,1.0,1.0
2023-06-06,0.018694720576202795,1.0,1.0
2023-06-07,0.013703106827203503,1.0,1.0
2023-06-08,0.011274615464566509,1.0,1.0
2023-06-09,0.008663944984900444,1.0,1.0
2023-06-12,0.013332815852094157,1.0,1.0
2023-06-13,0.012724320983087047,1.0,1.0
2023-06-14,0.009297026530463853,1.0,1.0
2023-06-15,0.021389266892742242,1.0,1.0
2023-06-16,0.016114860536326926,1.0,1.0
2023-06-20,0.01407233683321297,1.0,1.0
2023-06-21,0.01429101563038589,1.0,1.0
2023-06-22,0.009941141661721093,1.0,1.0
2023-06-23,0.017934247765797353,1.0,1.0
2023-06-26,0.014944212889752267,1.0,1.0
2023-06-27,0.02616865641006751,1.0,1.0
2023-06-28,0.013957553930214781,1.0,1.0
2023-06-29,0.0103283948400784,1.0,1.0
2023-06-30,0.01943147016609805,1.0,1.0
2023-07-03,0.011456480862980388,1.0,1.0
2023-07-05,0.010045881450877035,1.0,1.0
2023-07-06,0.02135818352560344,1.0,1.0
2023-07-07,0.01284629397462583,1.0,1.0
2023-07-10,0.009553751879730718,1.0,1.0
2023-07-11,0.011155840808026722,1.0,1.0
2023-07-12,0.011687389588702966,1.0,1.0
2023-07-13,0.014370104493316743,1.0,1.0
2023-07-14,0.010928714889888958,1.0,1.0
2023-07-17,0.009387333440701846,1.0,1.0
2023-07-18,0.01131601038599151,1.0,1.0
2023-07-19,0.0087085841001424,1.0,1.0
2023-07-20,0.016199216859638772,1.0,1.0
2023-07-21,0.010602500950277956,1.0,1.0
2023-07-24,0.008585351321594476,1.0,1.0
2023-07-25,0.007745223751409545,1.0,1.0
2023-07-26,0.007451542956717921,1.0,1.0
2023-07-27,0.013744466816377709,1.0,1.0
2023-07-28,0.02183607430664517,1.0,1.0
2023-07-31,0.012450414421666235,1.0,1.0
2023-08-01,0.010847991875409975,1.0,1.0
2023-08-02,0.07369734814249831,1.0,1.0
2023-08-03,0.034024503379615156,1.0,1.0
2023-08-04,0.02272313595918714,1.0,1.0
2023-08-07,0.017770419116842035,1.0,1.0
2023-08-08,0.014715447369473453,1.0,1.0
2023-08-09,0.019638039838150767,1.0,1.0
2023-08-10,0.011667803603500114,1.0,1.0
2023-08-11,0.009164417375449282,1.0,1.0
2023-08-14,0.008868109942950866,1.0,1.0
2023-08-15,0.032595817915726216,1.0,1.0
2023-08-16,0.038049319900658754,1.0,1.0
2023-08-17,0.04346347530385684,1.0,1.0
2023-08-18,0.020797436760027835,1.0,1.0
2023-08-21,0.015434747737825032,1.0,1.0
2023-08-22,0.012425576248568044,1.0,1.0
2023-08-23,0.020250343240989215,1.0,1.0
2023-08-24,0.09075602887424536,1.0,1.0
2023-08-25,0.048456190236260334,1.0,1.0
2023-08-28,0.027800458108876373,1.0,1.0
2023-08-29,0.07166341145565447,1.0,1.0
2023-08-30,0.033418444591571964,1.0,1.0
2023-08-31,0.017605463711097998,1.0,1.0
2023-09-01,0.011371587622775873,1.0,1.0
2023-09-05,0.013227191159314824,1.0,1.0
2023-09-06,0.017693652487094615,1.0,1.0
2023-09-07,0.01432264710175162,1.0,1.0
2023-09-08,0.010033937719517598,1.0,1.0
2023-09-11,0.01081952426536939,1.0,1.0
2023-09-12,0.01373501395843896,1.0,1.0
2023-09-13,0.009909424206468549,1.0,1.0
2023-09-14,0.012878787639638815,1.0,1.0
2023-09-15,0.04390965390237387,1.0,1.0
2023-09-18,0.021341815183244905,1.0,1.0
2023-09-19,0.014316596836677463,1.0,1.0
2023-09-20,0.02724136428365324,1.0,1.0
2023-09-21,0.20547883605591208,1.0,1.0
2023-09-22,0.09812026176197021,1.0,1.0
2023-09-25,0.04403301078954541,1.0,1.0
2023-09-26,0.1615652214874215,1.0,1.0
2023-09-27,0.06794086210936055,1.0,1.0
2023-09-28,0.0374627459830436,1.0,1.0
2023-09-29,0.021142891487630443,1.0,1.0
2023-10-02,0.013296900008585192,1.0,1.0
2023-10-03,0.08758328085537109,1.0,1.0
2023-10-04,0.052621221924711865,1.0,1.0
2023-10-05,0.02573577870897083,1.0,1.0
2023-10-06,0.038001484021872256,1.0,1.0
2023-10-09,0.022294776620049382,1.0,1.0
2023-10-10,0.015577240490889762,1.0,1.0
2023-10-11,0.010845449279093308,1.0,1.0
2023-10-12,0.018801697033805062,1.0,1.0
2023-10-13,0.01817608451113615,1.0,1.0
2023-10-16,0.02677219457871033,1.0,1.0
2023-10-17,0.014543545432046787,1.0,1.0
2023-10-18,0.08457262611696224,1.0,1.0
2023-10-19,0.08965013417113861,1.0,1.0
2023-10-20,0.19911387847243606,1.0,1.0
2023-10-23,0.09379298976357456,1.0,1.0
2023-10-24,0.05430006696052999,1.0,1.0
2023-10-25,0.23886896471097538,1.0,1.0
2023-10-26,0.3192974832067847,1.0,1.0
2023-10-27,0.19588599310430538,1.0,1.0
2023-10-30,0.18280403497718992,1.0,1.0
2023-10-31,0.09417325339855824,1.0,1.0
2023-11-01,0.0678126329409636,1.0,1.0
2023-11-02,0.34623630391583077,1.0,1.0
2023-11-03,0.2997348876714934,1.0,1.0
2023-11-06,0.13524838424325702,1.0,1.0
2023-11-07,0.05903927585076588,1.0,1.0
2023-11-08,0.02707403449960783,1.0,1.0
2023-11-09,0.03547249835750901,1.0,1.0
2023-11-10,0.08242981789894195,1.0,1.0
2023-11-13,0.036454703549990114,1.0,1.0
2023-11-14,0.41491021156837427,1.0,1.0
2023-11-15,0.20022004065506716,1.0,1.0
2023-11-16,0.08911049250327835,1.0,1.0
2023-11-17,0.03853396407533297,1.0,1.0
2023-11-20,0.025547419349051657,1.0,1.0
2023-11-21,0.016757656102898942,1.0,1.0
2023-11-22,0.012038069203309026,1.0,1.0
2023-11-24,0.00921992795136632,1.0,1.0
2023-11-27,0.009189430538841869,1.0,1.0
2023-11-28,0.008248143311912558,1.0,1.0
2023-11-29,0.007967068885270498,1.0,1.0
2023-11-30,0.008095198175640105,1.0,1.0
2023-12-01,0.011621932476845186,1.0,1.0
2023-12-04,0.012006476480085158,1.0,1.0
2023-12-05,0.010175305396473364,1.0,1.0
2023-12-06,0.010904289838686713,1.0,1.0
2023-12-07,0.013102232748494076,1.0,1.0
2023-12-08,0.010418610476531373,1.0,1.0
2023-12-11,0.009038416193472735,1.0,1.0
2023-12-12,0.008460562976822369,1.0,1.0
2023-12-13,0.04307865388643961,1.0,1.0
2023-12-14,0.023027095407720105,1.0,1.0
2023-12-15,0.013583670687580637,1.0,1.0
2023-12-18,0.010496694650493146,1.0,1.0
2023-12-19,0.011683641231534042,1.0,1.0
2023-12-20,0.0968096985144681,1.0,1.0
2023-12-21,0.08712194077936729,1.0,1.0
2023-12-22,0.03744882434056506,1.0,1.0
2023-12-26,0.020445072767176206,1.0,1.0
2023-12-27,0.012241048170457377,1.0,1.0
2023-12-28,0.00944948323152872,1.0,1.0
2023-12-29,0.010878092574549312,1.0,1.0
2024-01-02,0.01593673614630442,1.0,1.0
2024-01-03,0.03221482191687374,1.0,1.0
2024-01-04,0.019793438025304675,1.0,1.0
2024-01-05,0.01200106780126073,1.0,1.0
2024-01-08,0.044256878790997184,1.0,1.0
2024-01-09,0.023124239740438837,1.0,1.0
2024-01-10,0.014930002300940477,1.0,1.0
2024-01-11,0.010919421502401137,1.0,1.0
2024-01-12,0.008969997145016721,1.0,1.0
2024-01-16,0.011089802202914879,1.0,1.0
2024-01-17,0.013884917209651156,1.0,1.0
2024-01-18,0.015786464748313033,1.0,1.0
2024-01-19,0.027522336656445445,1.0,1.0
2024-01-22,0.015602038654787364,1.0,1.0
2024-01-23,0.010562806991626747,1.0,1.0
2024-01-24,0.008840748491371338,1.0,1.0
2024-01-25,0.00886775260256551,1.0,1.0
2024-01-26,0.008247924862709635,1.0,1.0
2024-01-29,0.012278445687265863,1.0,1.0
2024-01-30,0.009821303348781285,1.0,1.0
2024-01-31,0.15154060855909973,1.0,1.0
2024-02-01,0.16012918432371906,1.0,1.0
2024-02-02,0.12059729403080195,1.0,1.0
2024-02-05,0.06504290998583434,1.0,1.0
2024-02-06,0.029238641537708762,1.0,1.0
2024-02-07,0.021851455829968724,1.0,1.0
2024-02-08,0.012808163320021358,1.0,1.0
2024-02-09,0.01196699367135467,1.0,1.0
2024-02-12,0.00925694793208288,1.0,1.0
2024-02-13,0.10105348777580926,1.0,1.0
2024-02-14,0.09782000013157306,1.0,1.0
2024-02-15,0.04879364064549832,1.0,1.0
2024-02-16,0.03232425856419204,1.0,1.0
2024-02-20,0.030576450769052847,1.0,1.0
2024-02-21,0.016218422086942005,1.0,1.0
2024-02-22,0.18320234898394872,1.0,1.0
2024-02-23,0.07723305483596635,1.0,1.0
2024-02-26,0.037614884963863116,1.0,1.0
2024-02-27,0.018710241498563675,1.0,1.0
2024-02-28,0.01327082752457456,1.0,1.0
2024-02-29,0.011143256640187374,1.0,1.0
2024-03-01,0.01254221960140762,1.0,1.0
2024-03-04,0.01030064602424727,1.0,1.0
2024-03-05,0.02898449542329197,1.0,1.0
2024-03-06,0.017512993907059977,1.0,1.0
2024-03-07,0.02173834399661925,1.0,1.0
2024-03-08,0.021484882848942517,1.0,1.0
2024-03-11,0.013876920186014451,1.0,1.0
2024-03-12,0.019864767720451926,1.0,1.0
2024-03-13,0.01285194611032863,1.0,1.0
2024-03-14,0.012392378060295067,1.0,1.0
2024-03-15,0.014426939597568257,1.0,1.0
2024-03-18,0.011608098845124658,1.0,1.0
2024-03-19,0.010546935591241213,1.0,1.0
2024-03-20,0.01703325099529737,1.0,1.0
2024-03-21,0.011881842985199616,1.0,1.0
2024-03-22,0.010336460837492017,1.0,1.0
2024-03-25,0.009983768092597456,1.0,1.0
2024-03-26,0.009777039526612968,1.0,1.0
2024-03-27,0.013638113924524855,1.0,1.0
2024-03-28,0.009885673132061812,1.0,1.0
2024-04-01,0.009737958958033269,1.0,1.0
2024-04-02,0.019045856637545152,1.0,1.0
2024-04-03,0.011808222744797287,1.0,1.0
2024-04-04,0.04198685390469756,1.0,1.0
2024-04-05,0.040754545947924575,1.0,1.0
2024-04-08,0.01983672936541503,1.0,1.0
2024-04-09,0.012074067373293529,1.0,1.0
2024-04-10,0.02711310096707918,1.0,1.0
2024-04-11,0.01977243867957883,1.0,1.0
2024-04-12,0.1123177070167807,1.0,1.0
2024-04-15,0.214115970441697,1.0,1.0
2024-04-16,0.09982828382982933,1.0,1.0
2024-04-17,0.0675617255311804,1.0,1.0
2024-04-18,0.033696606296700266,1.0,1.0
2024-04-19,0.035977843104004884,1.0,1.0
2024-04-22,0.02806794351796789,1.0,1.0
2024-04-23,0.04373231002509614,1.0,1.0
2024-04-24,0.021027844045508455,1.0,1.0
2024-04-25,0.016902944103199504,1.0,1.0
2024-04-26,0.0216440410341386,1.0,1.0
2024-04-29,0.013143279412749237,1.0,1.0
2024-04-30,0.13295868145601591,1.0,1.0
2024-05-01,0.06277605721378686,1.0,1.0
2024-05-02,0.05201243777999471,1.0,1.0
2024-05-03,0.05813133580146964,1.0,1.0
2024-05-06,0.05412600910373951,1.0,1.0
2024-05-07,0.024640807934477697,1.0,1.0
2024-05-08,0.014360357409543138,1.0,1.0
2024-05-09,0.011505170952682098,1.0,1.0
2024-05-10,0.009144502901834863,1.0,1.0
2024-05-13,0.008510385199964512,1.0,1.0
2024-05-14,0.009429989470331718,1.0,1.0
2024-05-15,0.020011775556312505,1.0,1.0
2024-05-16,0.013706045646635981,1.0,1.0
2024-05-17,0.00990961675368353,1.0,1.0
2024-05-20,0.008571798858873636,1.0,1.0
2024-05-21,0.008108033073431423,1.0,1.0
2024-05-22,0.009646056355255431,1.0,1.0
2024-05-23,0.01866889262855172,1.0,1.0
2024-05-24,0.01542734851689849,1.0,1.0
2024-05-28,0.010774909599942012,1.0,1.0
2024-05-29,0.017513806093753474,1.0,1.0
2024-05-30,0.01621683573650023,1.0,1.0
2024-05-31,0.013885041787475969,1.0,1.0
2024-06-03,0.01002438009487197,1.0,1.0
2024-06-04,0.008880434880724685,1.0,1.0
2024-06-05,0.022509887988631086,1.0,1.0
2024-06-06,0.013429412291465237,1.0,1.0
2024-06-07,0.010943409065207622,1.0,1.0
2024-06-10,0.009079549841861172,1.0,1.0
2024-06-11,0.008313170363825168,1.0,1.0
2024-06-12,0.013863622995622044,1.0,1.0
2024-06-13,0.010016790119346213,1.0,1.0
2024-06-14,0.00924493692917018,1.0,1.0
2024-06-17,0.011868842402938834,1.0,1.0
2024-06-18,0.009295973466391499,1.0,1.0
2024-06-20,0.009769248648727117,1.0,1.0
2024-06-21,0.009025220348331314,1.0,1.0
2024-06-24,0.009395341885368507,1.0,1.0
2024-06-25,0.008619111447378664,1.0,1.0
2024-06-26,0.008124611811028998,1.0,1.0
2024-06-27,0.007946387611827707,1.0,1.0
2024-06-28,0.009577456376717084,1.0,1.0
2024-07-01,0.008524253379781355,1.0,1.0
2024-07-02,0.009504605443487062,1.0,1.0
2024-07-03,0.009335597102013857,1.0,1.0
2024-07-05,0.009270046243407024,1.0,1.0
2024-07-08,0.008353912418913301,1.0,1.0
2024-07-09,0.008143347774561301,1.0,1.0
2024-07-10,0.014341579473862763,1.0,1.0
2024-07-11,0.015846989446123484,1.0,1.0
2024-07-12,0.012619573258010929,1.0,1.0
2024-07-15,0.010030597135262885,1.0,1.0
2024-07-16,0.012820828916610813,1.0,1.0
2024-07-17,0.08248363174487794,1.0,1.0
2024-07-18,0.08948123757481152,1.0,1.0
2024-07-19,0.06437777163996132,1.0,1.0
2024-07-22,0.0588332925985054,1.0,1.0
2024-07-23,0.02714742322373092,1.0,1.0
2024-07-24,0.7728071501575905,0.0,1.0
2024-07-25,0.5458480533251365,0.0,1.0
2024-07-26,0.47142754251159535,0.0,1.0
2024-07-29,0.2368485327357108,1.0,1.0
2024-07-30,0.1346528204751923,1.0,1.0
2024-07-31,0.23286717110432692,1.0,1.0
2024-08-01,0.5893941396627407,0.0,1.0
2024-08-02,0.9710495997937793,0.0,0.0
2024-08-05,0.9999504139902031,0.0,0.0
2024-08-06,0.9315048962370986,0.0,0.0
2024-08-07,0.8625543054310794,0.0,0.0
2024-08-08,0.9919080863573987,0.0,0.0
2024-08-09,0.8690529531993405,0.0,0.0
2024-08-12,0.6464355592568665,0.0,0.0
2024-08-13,0.8229231692635312,0.0,0.0
2024-08-14,0.5769915014308176,0.0,0.0
2024-08-15,0.8151491868651075,0.0,0.0
2024-08-16,0.6022148806735957,0.0,0.0
2024-08-19,0.4824313654134959,0.0,0.0
2024-08-20,0.27365414196542204,1.0,0.0
2024-08-21,0.13163110730466696,1.0,0.0
2024-08-22,0.140574516417215,1.0,0.0
2024-08-23,0.16478727447827776,1.0,0.0
2024-08-26,0.08170844277779972,1.0,1.0
2024-08-27,0.0347491524940446,1.0,1.0
2024-08-28,0.02935393319291972,1.0,1.0
2024-08-29,0.015228123676136886,1.0,1.0
2024-08-30,0.018800703076206914,1.0,1.0
2024-09-03,0.6345581752633692,0.0,1.0
2024-09-04,0.3875738638359497,1.0,1.0
2024-09-05,0.2069221733788978,1.0,1.0
2024-09-06,0.7278808410620766,0.0,1.0
2024-09-09,0.6504030523632884,0.0,1.0
2024-09-10,0.39105464286078534,1.0,1.0
2024-09-11,0.3128455911427751,1.0,1.0
2024-09-12,0.19103188192657386,1.0,1.0
2024-09-13,0.10243781147316815,1.0,1.0
2024-09-16,0.042591875028088345,1.0,1.0
2024-09-17,0.020001447185273347,1.0,1.0
2024-09-18,0.013460869882941569,1.0,1.0
2024-09-19,0.09060199306642837,1.0,1.0
2024-09-20,0.04326164522665042,1.0,1.0
2024-09-23,0.020291161277524727,1.0,1.0
2024-09-24,0.012061981926018529,1.0,1.0
2024-09-25,0.010580814196825265,1.0,1.0
2024-09-26,0.0091997504263032,1.0,1.0
2024-09-27,0.008409943269912245,1.0,1.0
2024-09-30,0.008122359325804872,1.0,1.0
2024-10-01,0.021981596098731092,1.0,1.0
2024-10-02,0.012745216647688748,1.0,1.0
2024-10-03,0.010424287677160008,1.0,1.0
2024-10-04,0.016926520068821543,1.0,1.0
2024-10-07,0.030644961364274057,1.0,1.0
2024-10-08,0.024836426875902446,1.0,1.0
2024-10-09,0.01767631190496391,1.0,1.0
2024-10-10,0.012145576897329164,1.0,1.0
2024-10-11,0.01259163067620488,1.0,1.0
2024-10-14,0.012171795847166052,1.0,1.0
2024-10-15,0.01707665383139698,1.0,1.0
2024-10-16,0.012289575234904879,1.0,1.0
2024-10-17,0.009404230120115438,1.0,1.0
2024-10-18,0.008484790344771547,1.0,1.0
2024-10-21,0.009120774608375267,1.0,1.0
2024-10-22,0.00844968495383738,1.0,1.0
2024-10-23,0.022303805673501816,1.0,1.0
2024-10-24,0.012926077304066084,1.0,1.0
2024-10-25,0.00973456548191136,1.0,1.0
2024-10-28,0.008675676687724222,1.0,1.0
2024-10-29,0.007867683535375682,1.0,1.0
2024-10-30,0.009074597671835424,1.0,1.0
2024-10-31,0.17543542697084533,1.0,1.0
2024-11-01,0.07955147635727286,1.0,1.0
2024-11-04,0.038708873503480096,1.0,1.0
2024-11-05,0.05825578906151184,1.0,1.0
2024-11-06,0.9566833940182724,0.0,0.0
2024-11-07,0.832034946790731,0.0,0.0
2024-11-08,0.6051730310967591,0.0,0.0
2024-11-11,0.34231919649187015,1.0,0.0
2024-11-12,0.18682228569921241,1.0,0.0
2024-11-13,0.08178982897427199,1.0,1.0
2024-11-14,0.06263978128546674,1.0,1.0
2024-11-15,0.17277571053178567,1.0,1.0
2024-11-18,0.07602509051969099,1.0,1.0
2024-11-19,0.03600779875086509,1.0,1.0
2024-11-20,0.017700596293497413,1.0,1.0
2024-11-21,0.01387065673307714,1.0,1.0
2024-11-22,0.011083770448381818,1.0,1.0
2024-11-25,0.0092971092231175,1.0,1.0
2024-11-26,0.00867267845557609,1.0,1.0
2024-11-27,0.009985474478275793,1.0,1.0
2024-11-29,0.009594332451626105,1.0,1.0
2024-12-02,0.00825117356014621,1.0,1.0
2024-12-03,0.00777866114294799,1.0,1.0
2024-12-04,0.009960068312613419,1.0,1.0
2024-12-05,0.009651797673136184,1.0,1.0
2024-12-06,0.008542463625984875,1.0,1.0
2024-12-09,0.014928601324392585,1.0,1.0
2024-12-10,0.012427041750778077,1.0,1.0
2024-12-11,0.014635488182868068,1.0,1.0
2024-12-12,0.016274104179002206,1.0,1.0
2024-12-13,0.010845578526234505,1.0,1.0
2024-12-16,0.009450517075413162,1.0,1.0
2024-12-17,0.011408946143506432,1.0,1.0
2024-12-18,0.992028831228714,0.0,0.0
2024-12-19,0.8757020266995906,0.0,0.0
2024-12-20,0.8010906749596219,0.0,0.0
2024-12-23,0.592940236921909,0.0,0.0
2024-12-24,0.5251417828561931,0.0,0.0
2024-12-26,0.2740263276998154,1.0,0.0
2024-12-27,0.3729585772251968,1.0,0.0
2024-12-30,0.4343167790772804,0.0,0.0
2024-12-31,0.2643248213882878,1.0,0.0
2025-01-02,0.12148381280632445,1.0,1.0
2025-01-03,0.15810251702441305,1.0,1.0
2025-01-06,0.07505042380568896,1.0,1.0
2025-01-07,0.13030511582587176,1.0,1.0
2025-01-08,0.05376759552811041,1.0,1.0
2025-01-10,0.22751922055451873,1.0,1.0
2025-01-13,0.09604065996066391,1.0,1.0
2025-01-14,0.0401093656031439,1.0,1.0
2025-01-15,0.23361177370455533,1.0,1.0
2025-01-16,0.10740153238464194,1.0,1.0
2025-01-17,0.07789577374172639,1.0,1.0
2025-01-21,0.058404600525184674,1.0,1.0
2025-01-22,0.029614024222674326,1.0,1.0
2025-01-23,0.016911622642362633,1.0,1.0
2025-01-24,0.012390693809615995,1.0,1.0
2025-01-27,0.0850562741278227,1.0,1.0
2025-01-28,0.05985229283668322,1.0,1.0
2025-01-29,0.03414299363112466,1.0,1.0
2025-01-30,0.020020203964516654,1.0,1.0
2025-01-31,0.01734529606959634,1.0,1.0
2025-02-03,0.023882967074280444,1.0,1.0
2025-02-04,0.018703540014862737,1.0,1.0
2025-02-05,0.012044298013338534,1.0,1.0
2025-02-06,0.009234051480924646,1.0,1.0
2025-02-07,0.023517295504903404,1.0,1.0
2025-02-10,0.016598716048675098,1.0,1.0
2025-02-11,0.011362564188998281,1.0,1.0
2025-02-12,0.010450969980600182,1.0,1.0
2025-02-13,0.018948449053510164,1.0,1.0
2025-02-14,0.011604546643806472,1.0,1.0
2025-02-18,0.008992299365192696,1.0,1.0
2025-02-19,0.007926993149955115,1.0,1.0
2025-02-20,0.012150264269317968,1.0,1.0
2025-02-21,0.24010654867507988,1.0,1.0
2025-02-24,0.14792893929934176,1.0,1.0
2025-02-25,0.09137219074280963,1.0,1.0
2025-02-26,0.03862973978563343,1.0,1.0
2025-02-27,0.22344225238834803,1.0,1.0
2025-02-28,0.38635971654212153,1.0,1.0
2025-03-03,0.8898627824465837,0.0,0.0
2025-03-04,0.9173641928055873,0.0,0.0
2025-03-05,0.8617910948331735,0.0,0.0
2025-03-06,0.9842626726921122,0.0,0.0
2025-03-07,0.8593602211133544,0.0,0.0
2025-03-10,0.9997714065769981,0.0,0.0
2025-03-11,0.9246092878895612,0.0,0.0
2025-03-12,0.7539068107038389,0.0,0.0
2025-03-13,0.8999445771707228,0.0,0.0
2025-03-14,0.9886092976419318,0.0,0.0
2025-03-17,0.8888869429126263,0.0,0.0
2025-03-18,0.8889622932757547,0.0,0.0
2025-03-19,0.8422682921142228,0.0,0.0
2025-03-20,0.6276763468345604,0.0,0.0
2025-03-21,0.35510613891297255,1.0,0.0
2025-03-24,0.7492535823402601,0.0,0.0
2025-03-25,0.47869513156392207,0.0,0.0
2025-03-26,0.600144077493421,0.0,0.0
2025-03-27,0.3913323942215207,0.0,0.0
2025-03-28,0.9343438105592853,0.0,0.0
2025-03-31,0.758994978865309,0.0,0.0
2025-04-01,0.5048290343912092,0.0,0.0
2025-04-02,0.3360766934560618,1.0,0.0
2025-04-03,0.9999999997094717,0.0,0.0
2025-04-04,0.9999999999999967,0.0,0.0
2025-04-07,0.8932382077902407,0.0,0.0
2025-04-08,0.9715314424281029,0.0,0.0
2025-04-09,1.0,0.0,0.0
2025-04-10,0.9999987026359451,0.0,0.0
2025-04-11,0.9860621172194673,0.0,0.0
2025-04-14,0.8918211114189627,0.0,0.0
2025-04-15,0.6892643877874107,0.0,0.0
2025-04-16,0.9878023144100887,0.0,0.0
2025-04-17,0.8558051378343181,0.0,0.0
2025-04-21,0.9974791729108,0.0,0.0
2025-04-22,0.9990620710635986,0.0,0.0
2025-04-23,0.9853941688900542,0.0,0.0
2025-04-24,0.9942946287601738,0.0,0.0
2025-04-25,0.891842874991627,0.0,0.0
2025-04-28,0.6757107675499687,0.0,0.0
2025-04-29,0.4406449337307722,0.0,0.0
2025-04-30,0.21391259927581696,1.0,0.0
2025-05-01,0.10499010524837753,1.0,1.0
2025-05-02,0.20412063495172436,1.0,1.0
2025-05-05,0.13805970272513726,1.0,1.0
2025-05-06,0.11466910511388147,1.0,1.0
2025-05-07,0.05008051431490152,1.0,1.0
2025-05-08,0.030645345357545848,1.0,1.0
2025-05-09,0.016293253582691247,1.0,1.0
2025-05-12,0.9869624766756485,0.0,0.0
2025-05-13,0.8932887595322861,0.0,0.0
2025-05-14,0.6780807515734145,0.0,0.0
2025-05-15,0.4076467360056849,0.0,0.0
2025-05-16,0.24438653225783422,1.0,0.0
2025-05-19,0.10508654368357433,1.0,1.0
2025-05-20,0.05365978384332209,1.0,1.0
2025-05-21,0.32509743128867075,1.0,1.0
2025-05-22,0.14680861899535838,1.0,1.0
2025-05-23,0.10082848066497833,1.0,1.0
2025-05-27,0.5152653573737321,0.0,1.0
2025-05-28,0.36837142363203185,1.0,1.0
2025-05-29,0.17296744187253518,1.0,1.0
2025-05-30,0.07289554863793946,1.0,1.0
2025-06-02,0.03269867665489869,1.0,1.0
2025-06-03,0.020552517339612796,1.0,1.0
2025-06-04,0.012263431227661353,1.0,1.0
2025-06-05,0.012950774724791505,1.0,1.0
2025-06-06,0.01943568596546467,1.0,1.0
2025-06-09,0.011623720849345499,1.0,1.0
2025-06-10,0.00991727766391647,1.0,1.0
2025-06-11,0.009873116899929741,1.0,1.0
2025-06-12,0.008446986670346265,1.0,1.0
2025-06-13,0.03117522215282694,1.0,1.0
2025-06-16,0.02820813417680265,1.0,1.0
2025-06-17,0.03489881646574717,1.0,1.0
2025-06-18,0.017295667031565477,1.0,1.0
2025-06-20,0.012094892797157588,1.0,1.0
2025-06-23,0.015362517790093181,1.0,1.0
2025-06-24,0.02495367678471116,1.0,1.0
2025-06-25,0.014070462410172551,1.0,1.0
2025-06-26,0.015498270329393684,1.0,1.0
2025-06-27,0.011172470747344138,1.0,1.0
2025-06-30,0.009682194760278262,1.0,1.0
2025-07-01,0.008590929295564247,1.0,1.0
2025-07-02,0.009090183804418187,1.0,1.0
2025-07-03,0.012735907527296166,1.0,1.0
2025-07-07,0.020679000162083204,1.0,1.0
2025-07-08,0.012544150719350907,1.0,1.0
2025-07-09,0.011290348228326101,1.0,1.0
2025-07-10,0.008849292828657422,1.0,1.0
2025-07-11,0.010471984118588124,1.0,1.0
2025-07-14,0.00850635744839232,1.0,1.0
2025-07-15,0.011210896647386306,1.0,1.0
2025-07-16,0.009173774795817794,1.0,1.0
2025-07-17,0.009536065461333634,1.0,1.0
2025-07-18,0.008312718771566443,1.0,1.0
2025-07-21,0.007764146532905869,1.0,1.0
2025-07-22,0.007544220473390177,1.0,1.0
2025-07-23,0.010454918994752212,1.0,1.0
2025-07-24,0.008663949283524588,1.0,1.0
2025-07-25,0.008310313065347958,1.0,1.0
2025-07-28,0.007775403750002996,1.0,1.0
2025-07-29,0.009357238686451578,1.0,1.0
2025-07-30,0.008506845297657805,1.0,1.0
2025-07-31,0.009434870457236656,1.0,1.0
2025-08-01,0.14202720430097293,1.0,1.0
2025-08-04,0.2456150701724612,1.0,1.0
2025-08-05,0.13186545285767,1.0,1.0
2025-08-06,0.07060247115498561,1.0,1.0
2025-08-07,0.032257581501448154,1.0,1.0
2025-08-08,0.020911347269885833,1.0,1.0
2025-08-11,0.01368249989916869,1.0,1.0
2025-08-12,0.02714332590925778,1.0,1.0
2025-08-13,0.015146715291084387,1.0,1.0
2025-08-14,0.010555178063391181,1.0,1.0
2025-08-15,0.009843288156156024,1.0,1.0
2025-08-18,0.008328629594491105,1.0,1.0
2025-08-19,0.013952892813944238,1.0,1.0
2025-08-20,0.012367132141080879,1.0,1.0
2025-08-21,0.012065432782253301,1.0,1.0
2025-08-22,0.07299460301226898,1.0,1.0
2025-08-25,0.04257819639939696,1.0,1.0
2025-08-26,0.02160048589765412,1.0,1.0
2025-08-27,0.012887357963676625,1.0,1.0
2025-08-28,0.010173719921771664,1.0,1.0
2025-08-29,0.01563915785051846,1.0,1.0
2025-09-02,0.017226261192127907,1.0,1.0
2025-09-03,0.012186179210513178,1.0,1.0
2025-09-04,0.01508564919315383,1.0,1.0
2025-09-05,0.011743644626312642,1.0,1.0
2025-09-08,0.009520107598250744,1.0,1.0
2025-09-09,0.008681901574426255,1.0,1.0
2025-09-10,0.008721269514302216,1.0,1.0
2025-09-11,0.013235470719842709,1.0,1.0
2025-09-12,0.010678101047480772,1.0,1.0
2025-09-15,0.01017517792204115,1.0,1.0
2025-09-16,0.00926247618829603,1.0,1.0
2025-09-17,0.008974437906538808,1.0,1.0
2025-09-18,0.0102376479637092,1.0,1.0
2025-09-19,0.0093458186175734,1.0,1.0
2025-09-22,0.009236646034796011,1.0,1.0
2025-09-23,0.013743691814183556,1.0,1.0
2025-09-24,0.012232202462817754,1.0,1.0
2025-09-25,0.014808840646241911,1.0,1.0
2025-09-26,0.012535107787159756,1.0,1.0
2025-09-29,0.009773229981007232,1.0,1.0
2025-09-30,0.008904787570872976,1.0,1.0
2025-10-01,0.008706720418747265,1.0,1.0
2025-10-02,0.008376170406649838,1.0,1.0
2025-10-03,0.008335306843052701,1.0,1.0
2025-10-06,0.008704343762853064,1.0,1.0
2025-10-07,0.011951324058718193,1.0,1.0
2025-10-08,0.011955496175764128,1.0,1.0
2025-10-09,0.011060593583960058,1.0,1.0
2025-10-10,0.9336681887290319,0.0,0.0
2025-10-13,0.9511363832342695,0.0,0.0
2025-10-14,0.7740107550402101,0.0,0.0
2025-10-15,0.5156227260742493,0.0,0.0
2025-10-16,0.3990713370038402,0.0,0.0
2025-10-17,0.19018189000763996,1.0,0.0
2025-10-20,0.15756986199237194,1.0,0.0
2025-10-21,0.06502124506315933,1.0,1.0
2025-10-22,0.048268683771952585,1.0,1.0
2025-10-23,0.027823094504865642,1.0,1.0
2025-10-24,0.02140701571903722,1.0,1.0
2025-10-27,0.031807650599999265,1.0,1.0
2025-10-28,0.01633419863119963,1.0,1.0
2025-10-29,0.011454675100739916,1.0,1.0
2025-10-30,0.03386341470419825,1.0,1.0
2025-10-31,0.01805406540662126,1.0,1.0
2025-11-03,0.011555468274061332,1.0,1.0
2025-11-04,0.04813876516609361,1.0,1.0
2025-11-05,0.023602967031885053,1.0,1.0
2025-11-06,0.061106170881763226,1.0,1.0
2025-11-07,0.026717461723449246,1.0,1.0
2025-11-10,0.06964098296357436,1.0,1.0
2025-11-11,0.029868143623156623,1.0,1.0
2025-11-12,0.015784750923806653,1.0,1.0
2025-11-13,0.21047872110271465,1.0,1.0
2025-11-14,0.08883964159902796,1.0,1.0
2025-11-17,0.11022317382595423,1.0,1.0
2025-11-18,0.0862031223380804,1.0,1.0
2025-11-19,0.037197816677942086,1.0,1.0
2025-11-20,0.19004650062200937,1.0,1.0
2025-11-21,0.1431764289576533,1.0,1.0
2025-11-24,0.2854752601951274,1.0,1.0
2025-11-25,0.2181319344956748,1.0,1.0
2025-11-26,0.11384257878193323,1.0,1.0
2025-11-28,0.053072937497638986,1.0,1.0
2025-12-01,0.034556885123498665,1.0,1.0
2025-12-02,0.017347310898253792,1.0,1.0
2025-12-03,0.012230972968109977,1.0,1.0
2025-12-04,0.009563557244256525,1.0,1.0
2025-12-05,0.008670823336629866,1.0,1.0
2025-12-08,0.01040136378458711,1.0,1.0
2025-12-09,0.009273817306973239,1.0,1.0
2025-12-10,0.01100780547178647,1.0,1.0
2025-12-11,0.00920162688066648,1.0,1.0
2025-12-12,0.03179274109528831,1.0,1.0
2025-12-15,0.01862699820757008,1.0,1.0
2025-12-16,0.013343577723219285,1.0,1.0
2025-12-17,0.04099191931369504,1.0,1.0
2025-12-18,0.02826990581300675,1.0,1.0
2025-12-19,0.024657415303045813,1.0,1.0
2025-12-22,0.017920531603542622,1.0,1.0
2025-12-23,0.011840356124176466,1.0,1.0
2025-12-24,0.009621241544921808,1.0,1.0
2025-12-26,0.008968297874392074,1.0,1.0
2025-12-29,0.010911512117277323,1.0,1.0
2025-12-30,0.010040830341712804,1.0,1.0
2025-12-31,0.017476098750022474,1.0,1.0
2026-01-02,0.011479151896947,1.0,1.0
2026-01-05,0.0128215756817101,1.0,1.0
2026-01-06,0.012012913555741868,1.0,1.0
2026-01-07,0.011249537145157161,1.0,1.0
2026-01-08,0.009319899418297289,1.0,1.0
2026-01-09,0.010927206181679002,1.0,1.0
2026-01-12,0.009134582011881855,1.0,1.0
2026-01-13,0.009431780892381593,1.0,1.0
2026-01-14,0.012302371400833881,1.0,1.0
2026-01-15,0.00971269264595911,1.0,1.0
2026-01-16,0.009211870441250101,1.0,1.0
2026-01-20,0.3461662129054622,1.0,1.0
2026-01-21,0.3190054995347898,1.0,1.0
2026-01-22,0.1618623657430339,1.0,1.0
2026-01-23,0.06953331605049924,1.0,1.0
2026-01-26,0.03155534188484592,1.0,1.0
2026-01-27,0.016797720288382684,1.0,1.0
2026-01-28,0.011666267147823333,1.0,1.0
2026-01-29,0.01071784146031221,1.0,1.0
2026-01-30,0.013522991097476884,1.0,1.0
2026-02-02,0.011489737543642457,1.0,1.0
2026-02-03,0.01872597559390707,1.0,1.0
2026-02-04,0.01779218477955501,1.0,1.0
2026-02-05,0.06887878185657918,1.0,1.0
2026-02-06,0.44863444144835474,0.0,1.0
2026-02-09,0.2347136686197815,1.0,1.0
2026-02-10,0.11766821147998005,1.0,1.0
2026-02-11,0.05060729476184613,1.0,1.0
2026-02-12,0.27470241728772826,1.0,1.0
2026-02-13,0.11616168226507884,1.0,1.0
2026-02-17,0.04798962122618056,1.0,1.0
2026-02-18,0.02635858839159309,1.0,1.0
2026-02-19,0.016259065433651854,1.0,1.0
2026-02-20,0.011215754234320032,1.0,1.0
2026-02-23,0.0353521794964597,1.0,1.0
2026-02-24,0.025167577825976332,1.0,1.0
2026-02-25,0.019252032539227006,1.0,1.0
2026-02-26,0.015332146570323515,1.0,1.0
2026-02-27,0.014227361742505053,1.0,1.0
2026-03-02,0.009639544405351308,1.0,1.0
2026-03-03,0.022353474366671535,1.0,1.0
2026-03-04,0.018458515599798362,1.0,1.0
2026-03-05,0.01836817705590026,1.0,1.0
2026-03-06,0.06731980045043706,1.0,1.0
2026-03-09,0.042481274511624985,1.0,1.0
2026-03-10,0.022023322617945883,1.0,1.0
2026-03-11,0.012757811213026956,1.0,1.0
2026-03-12,0.10477841430556244,1.0,1.0
2026-03-13,0.06525660973973044,1.0,1.0
2026-03-16,0.04983496471389235,1.0,1.0
2026-03-17,0.022609079425829695,1.0,1.0
2026-03-18,0.08311683270307497,1.0,1.0
2026-03-19,0.03896798979512644,1.0,1.0
2026-03-20,0.17419515903165766,1.0,1.0
2026-03-23,0.17932752875758923,1.0,1.0
2026-03-24,0.09000473418532595,1.0,1.0
2026-03-25,0.04531289590903018,1.0,1.0
2026-03-26,0.27706294663437825,1.0,1.0
2026-03-27,0.7156094795215611,0.0,1.0
2026-03-30,0.5048750182150655,0.0,1.0
2026-03-31,0.996768675206323,0.0,0.0
2026-04-01,0.9002427925654082,0.0,0.0
2026-04-02,0.6863280060224294,0.0,0.0
2026-04-06,0.4247853151899839,0.0,0.0
2026-04-07,0.20079855357801846,1.0,0.0
2026-04-08,0.8988511550879149,0.0,0.0
2026-04-09,0.7119680426867546,0.0,0.0
2026-04-10,0.45301928275988207,0.0,0.0
2026-04-13,0.3757026636747635,1.0,0.0
2026-04-14,0.3449480828830086,1.0,0.0
2026-04-15,0.21223170602272065,1.0,0.0
2026-04-16,0.08859689211595811,1.0,1.0
2026-04-17,0.10136788410426173,1.0,1.0
2026-04-20,0.04409975536488708,1.0,1.0
2026-04-21,0.03270069836871465,1.0,1.0
2026-04-22,0.02793392177116678,1.0,1.0
2026-04-23,0.021097601666429756,1.0,1.0
2026-04-24,0.015725268469420895,1.0,1.0
2026-04-27,0.010164286778257085,1.0,1.0
2026-04-28,0.012384656361478988,1.0,1.0
2026-04-29,0.00952604230186845,1.0,1.0
2026-04-30,0.01837209885122815,1.0,1.0
2026-05-01,0.011373870290027137,1.0,1.0
2026-05-04,0.01093509314698622,1.0,1.0
2026-05-05,0.012776084080479444,1.0,1.0
2026-05-06,0.033769209072684214,1.0,1.0
2026-05-07,0.020749949703589215,1.0,1.0
2026-05-08,0.016521138277649127,1.0,1.0
2026-05-11,0.010453546878786276,1.0,1.0
2026-05-12,0.00923675293196265,1.0,1.0
2026-05-13,0.009521236250844046,1.0,1.0
2026-05-14,0.011154882381090882,1.0,1.0
2026-05-15,0.04812987386952487,1.0,1.0
2026-05-18,0.022541181350232534,1.0,1.0
2026-05-19,0.022416389272212133,1.0,1.0
2026-05-20,0.03036218696957091,1.0,1.0
2026-05-21,0.015261445673809436,1.0,1.0
2026-05-22,0.010826126591087747,1.0,1.0
2026-05-26,0.010602268208240142,1.0,1.0
2026-05-27,0.008477309069084947,1.0,1.0
2026-05-28,0.009766392355561654,1.0,1.0
2026-05-29,0.008129509556079694,1.0,1.0
2026-06-01,0.007651152632771027,1.0,1.0
2026-06-02,0.007390540271604876,1.0,1.0
2026-06-03,0.016183978307847912,1.0,1.0
2026-06-04,0.011555509884217703,1.0,1.0
2026-06-05,0.9027901070499321,0.0,0.0
2026-06-08,0.6997537032582564,0.0,0.0
2026-06-09,0.4549583579479552,0.0,0.0
2026-06-10,0.7803629255492348,0.0,0.0
2026-06-11,0.9180738894340181,0.0,0.0
2026-06-12,0.7329866282227695,0.0,0.0
2026-06-15,0.837135114694977,0.0,0.0
2026-06-16,0.6958213393802365,0.0,0.0
2026-06-17,0.7629216754749438,0.0,0.0
2026-06-18,0.6832297625662305,0.0,0.0
2026-06-22,0.47275415145111177,0.0,0.0
2026-06-23,0.6305815994234245,0.0,0.0
2026-06-24,0.3609734505227971,1.0,0.0
2026-06-25,0.16974578415390212,1.0,0.0
2026-06-26,0.06900596301935523,1.0,1.0
2026-06-29,0.07286142897471352,1.0,1.0
2026-06-30,0.04097552116847461,1.0,1.0
2026-07-01,0.020585828805664542,1.0,1.0
2026-07-02,0.012128789587895825,1.0,1.0
2026-07-06,0.012395860333571434,1.0,1.0
2026-07-07,0.012659682629221266,1.0,1.0
2026-07-08,0.011295648221849851,1.0,1.0
2026-07-09,0.013269748612774636,1.0,1.0
2026-07-10,0.009484909695418297,1.0,1.0
2026-07-13,0.015923026019329458,1.0,1.0
2026-07-14,0.010725309893811872,1.0,1.0
2026-07-15,0.009044986088432657,1.0,1.0
2026-07-16,0.011166862182959992,1.0,1.0
2026-07-17,0.026100205665459657,1.0,1.0
2026-07-20,0.015927574815010156,1.0,1.0
2026-07-21,0.01609387651064998,1.0,1.0
2026-07-22,0.01113906981659438,1.0,1.0
2026-07-23,0.05409716743757411,1.0,1.0
2026-07-24,0.024122467174571942,1.0,1.0
2026-07-27,0.013077401590532134,1.0,1.0
2026-07-28,0.009394769605328904,1.0,1.0
2026-07-29,0.07325590247117882,1.0,1.0
2026-07-30,0.15957792688459974,1.0,1.0
2026-07-31,0.08188449820073018,1.0,1.0
2026-08-03,0.1604234719076821,1.0,1.0
2026-08-04,0.41952753259642106,0.0,1.0
2026-08-05,0.2149767844204332,1.0,1.0
2026-08-06,0.09543856132527244,1.0,1.0
2026-08-07,0.052708318516920094,1.0,1.0
2026-08-10,0.023727920403650526,1.0,1.0
2026-08-11,0.01518463697209443,1.0,1.0
2026-08-12,0.010089574142780933,1.0,1.0
2026-08-13,0.009722314877476846,1.0,1.0
2026-08-14,0.00890786446176098,1.0,1.0
2026-08-17,0.011474077159984306,1.0,1.0
2026-08-18,0.014590719262141713,1.0,1.0
2026-08-19,0.009974440842338901,1.0,1.0
2026-08-20,0.023085728188946393,1.0,1.0
2026-08-21,0.016451340863044648,1.0,1.0
2026-08-24,0.013240332997139748,1.0,1.0
2026-08-25,0.010365593029488729,1.0,1.0
2026-08-26,0.009414196448999488,1.0,1.0
2026-08-27,0.011559152036774519,1.0,1.0
2026-08-28,0.011425635299234396,1.0,1.0
2026-08-31,0.011285950635881272,1.0,1.0
