date,belief,myopic,band
1936-07-31,0.012202221345044678,1.0,1.0
1936-08-01,0.00850650391643936,1.0,1.0
1936-08-03,0.0073303659074599025,1.0,1.0
1936-08-04,0.006995640885200775,1.0,1.0
1936-08-05,0.008530630375240418,1.0,1.0
1936-08-06,0.007549396626090519,1.0,1.0
1936-08-07,0.013980879366596153,1.0,1.0
1936-08-08,0.01116562378241201,1.0,1.0
1936-08-10,0.008754083847219188,1.0,1.0
1936-08-11,0.010028294886291608,1.0,1.0
1936-08-12,0.008307049216724876,1.0,1.0
1936-08-13,0.008183294213995407,1.0,1.0
1936-08-14,0.01979270669358826,1.0,1.0
1936-08-15,0.01088272480219301,1.0,1.0
1936-08-17,0.01114625351156184,1.0,1.0
1936-08-18,0.008153241560483979,1.0,1.0
1936-08-19,0.007774023082616861,1.0,1.0
1936-08-20,0.00912393610142019,1.0,1.0
1936-08-21,0.5588343629189244,0.0,1.0
1936-08-22,0.35843190924745133,1.0,1.0
1936-08-24,0.18734200827827854,1.0,1.0
1936-08-25,0.07349758292276393,1.0,1.0
1936-08-26,0.04188482464370216,1.0,1.0
1936-08-27,0.08112674736136379,1.0,1.0
1936-08-28,0.032524448502787184,1.0,1.0
1936-08-29,0.015014582821092673,1.0,1.0
1936-08-31,0.009365662587145916,1.0,1.0
1936-09-01,0.008004862924864414,1.0,1.0
1936-09-02,0.007355278387509396,1.0,1.0
1936-09-03,0.007487650098353466,1.0,1.0
1936-09-04,0.008100400257249325,1.0,1.0
1936-09-05,0.008126905873758207,1.0,1.0
1936-09-08,0.010464223097873041,1.0,1.0
1936-09-09,0.010309002681905184,1.0,1.0
1936-09-10,0.007863725079236652,1.0,1.0
1936-09-11,0.007368385510785274,1.0,1.0
1936-09-12,0.007677278707565492,1.0,1.0
1936-09-14,0.009480346898280043,1.0,1.0
1936-09-15,0.00814278285630612,1.0,1.0
1936-09-16,0.015957695116267767,1.0,1.0
1936-09-17,0.011944942864877281,1.0,1.0
1936-09-18,0.012349346501779627,1.0,1.0
1936-09-19,0.010086618541649136,1.0,1.0
1936-09-21,0.0077864730363430305,1.0,1.0
1936-09-22,0.007092072083703487,1.0,1.0
1936-09-23,0.007748231082101115,1.0,1.0
1936-09-24,0.007062303987878177,1.0,1.0
1936-09-25,0.03359227917236825,1.0,1.0
1936-09-26,0.02327153857072934,1.0,1.0
1936-09-28,0.012290777161019962,1.0,1.0
1936-09-29,0.009099479703363047,1.0,1.0
1936-09-30,0.009223009325016492,1.0,1.0
1936-10-01,0.007507599046323962,1.0,1.0
1936-10-02,0.037436378133615125,1.0,1.0
1936-10-03,0.02516673682816394,1.0,1.0
1936-10-05,0.012612551937956502,1.0,1.0
1936-10-06,0.01039811493811666,1.0,1.0
1936-10-07,0.007999903802333634,1.0,1.0
1936-10-08,0.0077576033911744375,1.0,1.0
1936-10-09,0.007342539027027809,1.0,1.0
1936-10-10,0.007724422759800577,1.0,1.0
1936-10-13,0.007426054395539214,1.0,1.0
1936-10-14,0.00765798676757538,1.0,1.0
1936-10-15,0.0073006879822947734,1.0,1.0
1936-10-16,0.011337792796813488,1.0,1.0
1936-10-17,0.008751532212317384,1.0,1.0
1936-10-19,0.007358300741415821,1.0,1.0
1936-10-20,0.007226012316024552,1.0,1.0
1936-10-21,0.0071222164902609835,1.0,1.0
1936-10-22,0.010486602505248455,1.0,1.0
1936-10-23,0.00819121975482753,1.0,1.0
1936-10-24,0.007187806511742218,1.0,1.0
1936-10-26,0.2288734161931766,1.0,1.0
1936-10-27,0.23299523598440233,1.0,1.0
1936-10-28,0.09077790449527907,1.0,1.0
1936-10-29,0.06961670425562028,1.0,1.0
1936-10-30,0.02743815280722107,1.0,1.0
1936-10-31,0.013449990148657913,1.0,1.0
1936-11-02,0.009975640727276348,1.0,1.0
1936-11-04,0.035377396092312975,1.0,1.0
1936-11-05,0.029306738328319693,1.0,1.0
1936-11-06,0.018641415111793014,1.0,1.0
1936-11-07,0.02412153430229617,1.0,1.0
1936-11-09,0.012834494451189738,1.0,1.0
1936-11-10,0.009455386986955696,1.0,1.0
1936-11-12,0.013798919403145772,1.0,1.0
1936-11-13,0.015896709264093662,1.0,1.0
1936-11-14,0.011976553869866536,1.0,1.0
1936-11-16,0.022831403084155058,1.0,1.0
1936-11-17,0.031603573128865345,1.0,1.0
1936-11-18,0.017500807013603646,1.0,1.0
1936-11-19,0.015850946012739772,1.0,1.0
1936-11-20,0.019119118145787043,1.0,1.0
1936-11-21,0.01371739810497196,1.0,1.0
1936-11-23,0.17476495737549133,1.0,1.0
1936-11-24,0.20938339920409402,1.0,1.0
1936-11-25,0.0867676618857503,1.0,1.0
1936-11-27,0.11396960317160958,1.0,1.0
1936-11-28,0.04331153582780151,1.0,1.0
1936-11-30,0.021781661475272298,1.0,1.0
1936-12-01,0.016260143287015413,1.0,1.0
1936-12-02,0.018873019463423506,1.0,1.0
1936-12-03,0.011639794955462135,1.0,1.0
1936-12-04,0.008299487619302076,1.0,1.0
1936-12-05,0.00721524378825931,1.0,1.0
1936-12-07,0.010314391608116353,1.0,1.0
1936-12-08,0.00785876383316,1.0,1.0
1936-12-09,0.0074535668695808735,1.0,1.0
1936-12-10,0.009096507817876269,1.0,1.0
1936-12-11,0.00819955640679365,1.0,1.0
1936-12-12,0.007183923010137512,1.0,1.0
1936-12-14,0.008985200920952098,1.0,1.0
1936-12-15,0.007689660139017597,1.0,1.0
1936-12-16,0.0075032202441228145,1.0,1.0
1936-12-17,0.008665057144365896,1.0,1.0
1936-12-18,0.015863877125606822,1.0,1.0
1936-12-19,0.019647690996401176,1.0,1.0
1936-12-21,0.032191171370809915,1.0,1.0
1936-12-22,0.0284734990609891,1.0,1.0
1936-12-23,0.022643529560247514,1.0,1.0
1936-12-24,0.012000065668545506,1.0,1.0
1936-12-28,0.01271122940545514,1.0,1.0
1936-12-29,0.008662751341778206,1.0,1.0
1936-12-30,0.04550087057373811,1.0,1.0
1936-12-31,0.021587638857965455,1.0,1.0
1937-01-02,0.020786254783496914,1.0,1.0
1937-01-04,0.013572612235511938,1.0,1.0
1937-01-05,0.01148922450936873,1.0,1.0
1937-01-06,0.008252981434274243,1.0,1.0
1937-01-07,0.04099805345876959,1.0,1.0
1937-01-08,0.01866916558079787,1.0,1.0
1937-01-09,0.010762679055272704,1.0,1.0
1937-01-11,0.008688231005496375,1.0,1.0
1937-01-12,0.007401113731373788,1.0,1.0
1937-01-13,0.006939279163255086,1.0,1.0
1937-01-14,0.006789954867150411,1.0,1.0
1937-01-15,0.006862678234592029,1.0,1.0
1937-01-16,0.007944885208540163,1.0,1.0
1937-01-18,0.008279276976186562,1.0,1.0
1937-01-19,0.011336212088763205,1.0,1.0
1937-01-20,0.013805825783317243,1.0,1.0
1937-01-21,0.010258254758208176,1.0,1.0
1937-01-22,0.009780489591920283,1.0,1.0
1937-01-23,0.007749215766685002,1.0,1.0
1937-01-25,0.010120680059986212,1.0,1.0
1937-01-26,0.031168991722014417,1.0,1.0
1937-01-27,0.016918903453512917,1.0,1.0
1937-01-28,0.010067868148726898,1.0,1.0
1937-01-29,0.008785958725387769,1.0,1.0
1937-01-30,0.007749613778144792,1.0,1.0
1937-02-01,0.007134783949109895,1.0,1.0
1937-02-02,0.00826047127956992,1.0,1.0
1937-02-03,0.008221793839468909,1.0,1.0
1937-02-04,0.00720478617791245,1.0,1.0
1937-02-05,0.027011753469908018,1.0,1.0
1937-02-06,0.018619586679436053,1.0,1.0
1937-02-08,0.01134704892076284,1.0,1.0
1937-02-09,0.009229495388612088,1.0,1.0
1937-02-10,0.009262190333624779,1.0,1.0
1937-02-11,0.008201705375672235,1.0,1.0
1937-02-13,0.0075951648324626315,1.0,1.0
1937-02-15,0.01147544819703785,1.0,1.0
1937-02-16,0.008250006297563901,1.0,1.0
1937-02-17,0.007508262915810779,1.0,1.0
1937-02-18,0.007069112858970555,1.0,1.0
1937-02-19,0.007435042275620073,1.0,1.0
1937-02-20,0.0072591309974022735,1.0,1.0
1937-02-23,0.06198337927974325,1.0,1.0
1937-02-24,0.025613436953708057,1.0,1.0
1937-02-25,0.013472082209415377,1.0,1.0
1937-02-26,0.009002036527228367,1.0,1.0
1937-02-27,0.007602598452429268,1.0,1.0
1937-03-01,0.007003995098367647,1.0,1.0
1937-03-02,0.010105330696367985,1.0,1.0
1937-03-03,0.014091263928196028,1.0,1.0
1937-03-04,0.012466790833597793,1.0,1.0
1937-03-05,0.012461369867253451,1.0,1.0
1937-03-06,0.008781833982497031,1.0,1.0
1937-03-08,0.008872353114818442,1.0,1.0
1937-03-09,0.007407822676661782,1.0,1.0
1937-03-10,0.00770031240695919,1.0,1.0
1937-03-11,0.015327707814902574,1.0,1.0
1937-03-12,0.010855444152142396,1.0,1.0
1937-03-13,0.00840865752927859,1.0,1.0
1937-03-15,0.010048643729059144,1.0,1.0
1937-03-16,0.00843902646450125,1.0,1.0
1937-03-17,0.008412862527706429,1.0,1.0
1937-03-18,0.08734271864737549,1.0,1.0
1937-03-19,0.03474312028826976,1.0,1.0
1937-03-20,0.01694527940160374,1.0,1.0
1937-03-22,0.5546208127742492,0.0,1.0
1937-03-23,0.4783576361973944,0.0,1.0
1937-03-24,0.2949627979560155,1.0,1.0
1937-03-25,0.12337617437150075,1.0,1.0
1937-03-27,0.0485030707601308,1.0,1.0
1937-03-29,0.024741691495366817,1.0,1.0
1937-03-30,0.0306347574016806,1.0,1.0
1937-03-31,0.014567339325707916,1.0,1.0
1937-04-01,0.017203910136028303,1.0,1.0
1937-04-02,0.029510576802054808,1.0,1.0
1937-04-03,0.014740919983152564,1.0,1.0
1937-04-05,0.009702319467520632,1.0,1.0
1937-04-06,0.011019521550626585,1.0,1.0
1937-04-07,0.7839921155467303,0.0,0.0
1937-04-08,0.5184581251927439,0.0,0.0
1937-04-09,0.263562309663075,1.0,0.0
1937-04-10,0.11010440345619216,1.0,1.0
1937-04-12,0.045899194373964385,1.0,1.0
1937-04-13,0.035915929270853054,1.0,1.0
1937-04-14,0.016300040570717118,1.0,1.0
1937-04-15,0.011280938602408221,1.0,1.0
1937-04-16,0.009838576677847037,1.0,1.0
1937-04-17,0.00850671801757309,1.0,1.0
1937-04-19,0.007655379822242163,1.0,1.0
1937-04-20,0.007117013077040491,1.0,1.0
1937-04-21,0.011663135411310782,1.0,1.0
1937-04-22,0.02321940505448637,1.0,1.0
1937-04-23,0.05708550531238845,1.0,1.0
1937-04-24,0.04204190119591256,1.0,1.0
1937-04-26,0.9423390656799372,0.0,0.0
1937-04-27,0.8869775158583509,0.0,0.0
1937-04-28,0.9983725654522911,0.0,0.0
1937-04-29,0.9230134283700622,0.0,0.0
1937-04-30,0.9925745194632581,0.0,0.0
1937-05-01,0.9066160348699401,0.0,0.0
1937-05-03,0.7163460596444763,0.0,0.0
1937-05-04,0.6286148101495149,0.0,0.0
1937-05-05,0.45296621297933487,0.0,0.0
1937-05-06,0.22227559884884085,1.0,0.0
1937-05-07,0.09086560999798264,1.0,1.0
1937-05-08,0.03859236132590147,1.0,1.0
1937-05-10,0.15464073985841606,1.0,1.0
1937-05-11,0.060923842187152334,1.0,1.0
1937-05-12,0.027488152848511468,1.0,1.0
1937-05-13,0.8170051708788981,0.0,0.0
1937-05-14,0.6554050410230091,0.0,0.0
1937-05-15,0.3721343701986605,0.0,0.0
1937-05-17,0.3382359178388081,1.0,0.0
1937-05-18,0.21043775473547882,1.0,0.0
1937-05-19,0.08364236537820736,1.0,1.0
1937-05-20,0.3089497721035328,1.0,1.0
1937-05-21,0.12908471934609922,1.0,1.0
1937-05-22,0.07758943153043733,1.0,1.0
1937-05-24,0.030695121170444796,1.0,1.0
1937-05-25,0.035106403023061915,1.0,1.0
1937-05-26,0.017143589140853607,1.0,1.0
1937-05-27,0.010119497264879507,1.0,1.0
1937-05-28,0.0078092160288515495,1.0,1.0
1937-06-01,0.02630970769451667,1.0,1.0
1937-06-02,0.015350831788035667,1.0,1.0
1937-06-03,0.009500627175085648,1.0,1.0
1937-06-04,0.012395924604798436,1.0,1.0
1937-06-05,0.009253338900248735,1.0,1.0
1937-06-07,0.009910968599193031,1.0,1.0
1937-06-08,0.008446354353910356,1.0,1.0
1937-06-09,0.009933782617648733,1.0,1.0
1937-06-10,0.009506572644742273,1.0,1.0
1937-06-11,0.02431817587038063,1.0,1.0
1937-06-12,0.02074965143631541,1.0,1.0
1937-06-14,0.29829171994200904,1.0,1.0
1937-06-15,0.18083447208997597,1.0,1.0
1937-06-16,0.12501964482010028,1.0,1.0
1937-06-17,0.06730979006633211,1.0,1.0
1937-06-18,0.03456274927558697,1.0,1.0
1937-06-19,0.017290075819107055,1.0,1.0
1937-06-21,0.015757385406595794,1.0,1.0
1937-06-22,0.01070327178378792,1.0,1.0
1937-06-23,0.009808896607767265,1.0,1.0
1937-06-24,0.00861015569282841,1.0,1.0
1937-06-25,0.009456925301106913,1.0,1.0
1937-06-26,0.01438681429458895,1.0,1.0
1937-06-28,0.0425225288894828,1.0,1.0
1937-06-29,0.019279873771012035,1.0,1.0
1937-06-30,0.04866726661368712,1.0,1.0
1937-07-01,0.024714727259224634,1.0,1.0
1937-07-02,0.02446158589165015,1.0,1.0
1937-07-06,0.5460515697766247,0.0,1.0
1937-07-07,0.34637396669121945,0.0,1.0
1937-07-08,0.1505799188684363,1.0,1.0
1937-07-09,0.06237328572946551,1.0,1.0
1937-07-10,0.02820786746773651,1.0,1.0
1937-07-12,0.031238958210840193,1.0,1.0
1937-07-13,0.01882158421225418,1.0,1.0
1937-07-14,0.011168413904936243,1.0,1.0
1937-07-15,0.009080394655594968,1.0,1.0
1937-07-16,0.008574275415572036,1.0,1.0
1937-07-17,0.007784002222862412,1.0,1.0
1937-07-19,0.015720566790021775,1.0,1.0
1937-07-20,0.014352993492845864,1.0,1.0
1937-07-21,0.012613352714793401,1.0,1.0
1937-07-22,0.009296380715132332,1.0,1.0
1937-07-23,0.008072674478770669,1.0,1.0
1937-07-24,0.008913474548270227,1.0,1.0
1937-07-26,0.008295772402532533,1.0,1.0
1937-07-27,0.008138736297733038,1.0,1.0
1937-07-28,0.019792033753862952,1.0,1.0
1937-07-29,0.012497684395051792,1.0,1.0
1937-07-30,0.009187128218613958,1.0,1.0
1937-07-31,0.010259310256886063,1.0,1.0
1937-08-02,0.008351194863274156,1.0,1.0
1937-08-03,0.00989379140511448,1.0,1.0
1937-08-04,0.008611012075995465,1.0,1.0
1937-08-05,0.009110000867528313,1.0,1.0
1937-08-06,0.008904049266352012,1.0,1.0
1937-08-07,0.00940250284342822,1.0,1.0
1937-08-09,0.008217807788445889,1.0,1.0
1937-08-10,0.008055880446059347,1.0,1.0
1937-08-11,0.007732751405126162,1.0,1.0
1937-08-12,0.008103616211323276,1.0,1.0
1937-08-13,0.009877350630361216,1.0,1.0
1937-08-14,0.008313347422655964,1.0,1.0
1937-08-16,0.010611121948849044,1.0,1.0
1937-08-17,0.009503721707400693,1.0,1.0
1937-08-18,0.013077233784725516,1.0,1.0
1937-08-19,0.02464451849665031,1.0,1.0
1937-08-20,0.029357700876002646,1.0,1.0
1937-08-21,0.015794132433298608,1.0,1.0
1937-08-23,0.0156109812831278,1.0,1.0
1937-08-24,0.011550531351973757,1.0,1.0
1937-08-25,0.010628121889920876,1.0,1.0
1937-08-26,0.05519752417987127,1.0,1.0
1937-08-27,0.08384402714870677,1.0,1.0
1937-08-28,0.03401758980004895,1.0,1.0
1937-08-30,0.021678884354096175,1.0,1.0
1937-08-31,0.012966858238771984,1.0,1.0
1937-09-01,0.2235382468349,1.0,1.0
1937-09-02,0.22066035260675876,1.0,1.0
1937-09-03,0.10003520873242076,1.0,1.0
1937-09-04,0.04195504668251434,1.0,1.0
1937-09-07,0.9999989457895816,0.0,0.0
1937-09-08,0.955882044745749,0.0,0.0
1937-09-09,0.9778786547198213,0.0,0.0
1937-09-10,0.9999999214254206,0.0,0.0
1937-09-11,0.9419976070082937,0.0,0.0
1937-09-13,0.9413544938948141,0.0,0.0
1937-09-14,0.9995335090381816,0.0,0.0
1937-09-15,0.9163282470823646,0.0,0.0
1937-09-16,0.8913504489157246,0.0,0.0
1937-09-17,0.9556110925223611,0.0,0.0
1937-09-18,0.9968212216762414,0.0,0.0
1937-09-20,0.9569529298759726,0.0,0.0
1937-09-21,0.8464388007235327,0.0,0.0
1937-09-22,0.6141193565981962,0.0,0.0
1937-09-23,0.8918830178950183,0.0,0.0
1937-09-24,0.9999953269685564,0.0,0.0
1937-09-25,0.9517161685622428,0.0,0.0
1937-09-27,0.9992074678094376,0.0,0.0
1937-09-28,0.9655854768556522,0.0,0.0
1937-09-29,0.8417312892830728,0.0,0.0
1937-09-30,0.6027464544642757,0.0,0.0
1937-10-01,0.35376346266369146,0.0,0.0
1937-10-02,0.15874562239018292,1.0,0.0
1937-10-04,0.11997440641138077,1.0,1.0
1937-10-05,0.9999980726083526,0.0,0.0
1937-10-06,0.9878645197053988,0.0,0.0
1937-10-07,0.8922682572765348,0.0,0.0
1937-10-08,0.9809497828882594,0.0,0.0
1937-10-09,0.8720180162117477,0.0,0.0
1937-10-11,0.9999277030019663,0.0,0.0
1937-10-13,0.9526565338750312,0.0,0.0
1937-10-14,0.9449506032167958,0.0,0.0
1937-10-15,0.9352182378008476,0.0,0.0
1937-10-16,0.7703808438496734,0.0,0.0
1937-10-18,1.0,0.0,0.0
1937-10-19,0.9225512776494664,0.0,0.0
1937-10-20,1.0,0.0,0.0
1937-10-21,0.9969489764237657,0.0,0.0
1937-10-22,0.9948255067609001,0.0,0.0
1937-10-23,0.9999983863926423,0.0,0.0
1937-10-25,0.9999999705779096,0.0,0.0
1937-10-26,0.9714115226292434,0.0,0.0
1937-10-27,0.8662858580310842,0.0,0.0
1937-10-28,0.978087967900151,0.0,0.0
1937-10-29,0.9949339324734573,0.0,0.0
1937-10-30,0.9053800820321868,0.0,0.0
1937-11-01,0.9654258713374918,0.0,0.0
1937-11-03,0.9999939574003526,0.0,0.0
1937-11-04,0.9459859754221642,0.0,0.0
1937-11-05,0.7963167086111637,0.0,0.0
1937-11-06,0.9778180980875003,0.0,0.0
1937-11-08,0.8836428876834225,0.0,0.0
1937-11-09,0.8756007190481555,0.0,0.0
1937-11-10,0.9999978308765611,0.0,0.0
1937-11-12,0.9213657039998907,0.0,0.0
1937-11-13,0.7462579616604618,0.0,0.0
1937-11-15,0.9611096214664054,0.0,0.0
1937-11-16,0.888916092607256,0.0,0.0
1937-11-17,0.7215739983451983,0.0,0.0
1937-11-18,0.8494668018176715,0.0,0.0
1937-11-19,0.9999995682882012,0.0,0.0
1937-11-20,0.9861458247260473,0.0,0.0
1937-11-22,0.9999850668488999,0.0,0.0
1937-11-23,0.928474778422905,0.0,0.0
1937-11-24,0.9447900357039055,0.0,0.0
1937-11-26,0.9998517179488485,0.0,0.0
1937-11-27,0.9999983982403943,0.0,0.0
1937-11-29,0.9744708869400728,0.0,0.0
1937-11-30,0.954196605656272,0.0,0.0
1937-12-01,0.9058294455151467,0.0,0.0
1937-12-02,0.890275213051497,0.0,0.0
1937-12-03,0.8813470018248386,0.0,0.0
1937-12-04,0.6728113210623474,0.0,0.0
1937-12-06,0.6791964760793947,0.0,0.0
1937-12-07,0.5440926744342369,0.0,0.0
1937-12-08,0.37575527829425087,0.0,0.0
1937-12-09,0.4039735330861043,0.0,0.0
1937-12-10,0.28410296438978644,0.0,0.0
1937-12-11,0.12052110650952458,1.0,0.0
1937-12-13,0.7699669813688271,0.0,0.0
1937-12-14,0.5093154567802328,0.0,0.0
1937-12-15,0.2767334674892836,0.0,0.0
1937-12-16,0.1963663550024115,1.0,0.0
1937-12-17,0.09804751708050906,1.0,1.0
1937-12-18,0.06450448739350605,1.0,1.0
1937-12-20,0.06038855436131403,1.0,1.0
1937-12-21,0.026726547721710573,1.0,1.0
1937-12-22,0.03630363071038008,1.0,1.0
1937-12-23,0.02425857736050628,1.0,1.0
1937-12-24,0.01429829382852935,1.0,1.0
1937-12-27,0.493610436283544,0.0,1.0
1937-12-28,0.9915016482054724,0.0,0.0
1937-12-29,0.9069378375908741,0.0,0.0
1937-12-30,0.9030221078297208,0.0,0.0
1937-12-31,0.7238374523636825,0.0,0.0
1938-01-03,0.45133999334094205,0.0,0.0
1938-01-04,0.9729715808879866,0.0,0.0
1938-01-05,0.8568906411046688,0.0,0.0
1938-01-06,0.9995466630593226,0.0,0.0
1938-01-07,0.9314843573901342,0.0,0.0
1938-01-08,0.9728964738203737,0.0,0.0
1938-01-10,0.9677270594746689,0.0,0.0
1938-01-11,0.8660310652983391,0.0,0.0
1938-01-12,0.7142036005537002,0.0,0.0
1938-01-13,0.6309559765112329,0.0,0.0
1938-01-14,0.3557932191514786,0.0,0.0
1938-01-15,0.4177251140707884,0.0,0.0
1938-01-17,0.6067503880014162,0.0,0.0
1938-01-18,0.44022294610951906,0.0,0.0
1938-01-19,0.35502557376969146,0.0,0.0
1938-01-20,0.3337572527622696,0.0,0.0
1938-01-21,0.3447325042147221,0.0,0.0
1938-01-22,0.1825171823628488,1.0,0.0
1938-01-24,0.07575568053892631,1.0,1.0
1938-01-25,0.07110855210906264,1.0,1.0
1938-01-26,0.9738119700938546,0.0,0.0
1938-01-27,0.9532327769665003,0.0,0.0
1938-01-28,0.9024461455233451,0.0,0.0
1938-01-29,0.7161048002699827,0.0,0.0
1938-01-31,0.5636904189869683,0.0,0.0
1938-02-01,0.5604446530432726,0.0,0.0
1938-02-02,0.4694280985031415,0.0,0.0
1938-02-03,0.9984989327245388,0.0,0.0
1938-02-04,0.973414808431555,0.0,0.0
1938-02-05,0.9588025746353886,0.0,0.0
1938-02-07,0.9145316735187341,0.0,0.0
1938-02-08,0.9966586054690764,0.0,0.0
1938-02-09,0.9152977859185047,0.0,0.0
1938-02-10,0.7649966653239537,0.0,0.0
1938-02-11,0.530948880522885,0.0,0.0
1938-02-14,0.32288192283008244,0.0,0.0
1938-02-15,0.19340923681938932,1.0,0.0
1938-02-16,0.08530658768057466,1.0,1.0
1938-02-17,0.33308333273356827,0.0,1.0
1938-02-18,0.26512178385907287,0.0,1.0
1938-02-19,0.1778659896815456,1.0,1.0
1938-02-21,0.16760011175638412,1.0,1.0
1938-02-23,0.5455074304165488,0.0,1.0
1938-02-24,0.4400135425595883,0.0,1.0
1938-02-25,0.2258207090053513,1.0,1.0
1938-02-26,0.10432375242390864,1.0,1.0
1938-02-28,0.11047996157269202,1.0,1.0
1938-03-01,0.05596240402574354,1.0,1.0
1938-03-02,0.03746847481084794,1.0,1.0
1938-03-03,0.026569130846502125,1.0,1.0
1938-03-04,0.019777414730270983,1.0,1.0
1938-03-05,0.012609823717798275,1.0,1.0
1938-03-07,0.051171793417341294,1.0,1.0
1938-03-08,0.02780044976938886,1.0,1.0
1938-03-09,0.014582482659259774,1.0,1.0
1938-03-10,0.01714130688501385,1.0,1.0
1938-03-11,0.0591401829753978,1.0,1.0
1938-03-12,0.02579981937986844,1.0,1.0
1938-03-14,0.027743472060094726,1.0,1.0
1938-03-15,0.2042678238817205,1.0,1.0
1938-03-16,0.992522372446639,0.0,0.0
1938-03-17,0.9337686680945512,0.0,0.0
1938-03-18,0.9994020709070243,0.0,0.0
1938-03-19,0.9850370496348493,0.0,0.0
1938-03-21,0.8866157073147258,0.0,0.0
1938-03-22,0.9920894820375525,0.0,0.0
1938-03-23,0.9943870089769393,0.0,0.0
1938-03-24,0.9085213543728716,0.0,0.0
1938-03-25,0.9999997132317132,0.0,0.0
1938-03-26,0.9915777122487273,0.0,0.0
1938-03-28,0.9195258495370969,0.0,0.0
1938-03-29,0.999999728069662,0.0,0.0
1938-03-30,0.9444198707928307,0.0,0.0
1938-03-31,0.9035517442308281,0.0,0.0
1938-04-01,0.9999129516929749,0.0,0.0
1938-04-02,0.9999187998398257,0.0,0.0
1938-04-04,0.9310390711566351,0.0,0.0
1938-04-05,0.9458566177807807,0.0,0.0
1938-04-06,0.9478715149941197,0.0,0.0
1938-04-07,0.8391380752047297,0.0,0.0
1938-04-08,0.9996030293095501,0.0,0.0
1938-04-09,0.9999999662630304,0.0,0.0
1938-04-11,0.9955915378355513,0.0,0.0
1938-04-12,0.9153404872842532,0.0,0.0
1938-04-13,0.7516420899720824,0.0,0.0
1938-04-14,0.6387156821309865,0.0,0.0
1938-04-16,0.9964467244517129,0.0,0.0
1938-04-18,0.9797414735178303,0.0,0.0
1938-04-19,0.9910075919126028,0.0,0.0
1938-04-20,0.9152899830204239,0.0,0.0
1938-04-21,0.759533299117546,0.0,0.0
1938-04-22,0.9542210272022206,0.0,0.0
1938-04-23,0.8525891499152389,0.0,0.0
1938-04-25,0.8441307224467761,0.0,0.0
1938-04-26,0.8728354067654202,0.0,0.0
1938-04-27,0.7054314469953981,0.0,0.0
1938-04-28,0.9486855871937865,0.0,0.0
1938-04-29,0.819814104435583,0.0,0.0
1938-04-30,0.5930347116896434,0.0,0.0
1938-05-02,0.5340440299408133,0.0,0.0
1938-05-03,0.7530997460951141,0.0,0.0
1938-05-04,0.6355588504611751,0.0,0.0
1938-05-05,0.3713498451354749,0.0,0.0
1938-05-06,0.9830750007772815,0.0,0.0
1938-05-07,0.8827335698488011,0.0,0.0
1938-05-09,0.8515345373137689,0.0,0.0
1938-05-10,0.7857206751877668,0.0,0.0
1938-05-11,0.5562288523600004,0.0,0.0
1938-05-12,0.3448681332860611,0.0,0.0
1938-05-13,0.28236525570908716,0.0,0.0
1938-05-14,0.12533656276911412,1.0,0.0
1938-05-16,0.13112933273275915,1.0,0.0
1938-05-17,0.057039819733064705,1.0,1.0
1938-05-18,0.027345110779344903,1.0,1.0
1938-05-19,0.050493363482796275,1.0,1.0
1938-05-20,0.027316092993156273,1.0,1.0
1938-05-21,0.032840017186715136,1.0,1.0
1938-05-23,0.01805158888768241,1.0,1.0
1938-05-24,0.02618938336127677,1.0,1.0
1938-05-25,0.047795619198195256,1.0,1.0
1938-05-26,0.33693930464550054,0.0,1.0
1938-05-27,0.15930883522812517,1.0,1.0
1938-05-28,0.11058518524521184,1.0,1.0
1938-05-31,0.0926002676021991,1.0,1.0
1938-06-01,0.3446362367012143,0.0,1.0
1938-06-02,0.15903843910742563,1.0,1.0
1938-06-03,0.10903902802250554,1.0,1.0
1938-06-04,0.18902287509357232,1.0,1.0
1938-06-06,0.0975819800195879,1.0,1.0
1938-06-07,0.04532074141834869,1.0,1.0
1938-06-08,0.02230621071588949,1.0,1.0
1938-06-09,0.06952594895987309,1.0,1.0
1938-06-10,0.046779944522283505,1.0,1.0
1938-06-11,0.024218276412659816,1.0,1.0
1938-06-13,0.07354681236771554,1.0,1.0
1938-06-14,0.03845008486674769,1.0,1.0
1938-06-15,0.020277215983426466,1.0,1.0
1938-06-16,0.01575120345467318,1.0,1.0
1938-06-17,0.014587412179030966,1.0,1.0
1938-06-18,0.010836197163551938,1.0,1.0
1938-06-20,0.9942217159830082,0.0,0.0
1938-06-21,0.9910992316336407,0.0,0.0
1938-06-22,0.9959261353233091,0.0,0.0
1938-06-23,0.9965308118785302,0.0,0.0
1938-06-24,0.9404426783558292,0.0,0.0
1938-06-25,0.9444747848837218,0.0,0.0
1938-06-27,0.8363161126717905,0.0,0.0
1938-06-28,0.6257033240064737,0.0,0.0
1938-06-29,0.9994304211470522,0.0,0.0
1938-06-30,0.9741038726649799,0.0,0.0
1938-07-01,0.9898186386519763,0.0,0.0
1938-07-02,0.967599667173829,0.0,0.0
1938-07-05,0.9448903440448444,0.0,0.0
1938-07-06,0.8952217170542527,0.0,0.0
1938-07-07,0.708894195298298,0.0,0.0
1938-07-08,0.6787285849486622,0.0,0.0
1938-07-09,0.42318888986885683,0.0,0.0
1938-07-11,0.47088811096487054,0.0,0.0
1938-07-12,0.7568072989442344,0.0,0.0
1938-07-13,0.5033959922303485,0.0,0.0
1938-07-14,0.41278700213927333,0.0,0.0
1938-07-15,0.29966156779436093,0.0,0.0
1938-07-16,0.16812784268296743,1.0,0.0
1938-07-18,0.20445580417766981,1.0,0.0
1938-07-19,0.4287689296195201,0.0,0.0
1938-07-20,0.25634293974169564,0.0,0.0
1938-07-21,0.1130221624081123,1.0,0.0
1938-07-22,0.048152510119206855,1.0,1.0
1938-07-23,0.04717247493680526,1.0,1.0
1938-07-25,0.0243184073107221,1.0,1.0
1938-07-26,0.02440129096486133,1.0,1.0
1938-07-27,0.5407641178941022,0.0,1.0
1938-07-28,0.5308055639956066,0.0,1.0
1938-07-29,0.362540599501342,0.0,1.0
1938-07-30,0.17085533754132104,1.0,1.0
1938-08-01,0.09804682829273055,1.0,1.0
1938-08-02,0.049318763291371116,1.0,1.0
1938-08-03,0.03196116087781213,1.0,1.0
1938-08-04,0.01836041692434277,1.0,1.0
1938-08-05,0.05591434602576379,1.0,1.0
1938-08-06,0.038954788129715076,1.0,1.0
1938-08-08,0.02680764141277955,1.0,1.0
1938-08-09,0.019800135872048923,1.0,1.0
1938-08-10,0.01841758498332481,1.0,1.0
1938-08-11,0.14502753630858298,1.0,1.0
1938-08-12,0.295669769715848,0.0,1.0
1938-08-13,0.14759087311452596,1.0,1.0
1938-08-15,0.06787751128808875,1.0,1.0
1938-08-16,0.05082291749972801,1.0,1.0
1938-08-17,0.02393423477956205,1.0,1.0
1938-08-18,0.014882697128187508,1.0,1.0
1938-08-19,0.02280613259036762,1.0,1.0
1938-08-20,0.013750975491599725,1.0,1.0
1938-08-22,0.012067663397008667,1.0,1.0
1938-08-23,0.0647986514113464,1.0,1.0
1938-08-24,0.029181482419857185,1.0,1.0
1938-08-25,0.017098583871237465,1.0,1.0
1938-08-26,0.01599119277508764,1.0,1.0
1938-08-27,0.019586312060153897,1.0,1.0
1938-08-29,0.8600978531771408,0.0,0.0
1938-08-30,0.7528887668913617,0.0,0.0
1938-08-31,0.49619309403603024,0.0,0.0
1938-09-01,0.35467397801955325,0.0,0.0
1938-09-02,0.5235300745395061,0.0,0.0
1938-09-03,0.3371200591002858,0.0,0.0
1938-09-06,0.2419760326786547,0.0,0.0
1938-09-07,0.11462507183711237,1.0,0.0
1938-09-08,0.06368747601782099,1.0,1.0
1938-09-09,0.13946053951847012,1.0,1.0
1938-09-10,0.10035139427984986,1.0,1.0
1938-09-12,0.06384659915322842,1.0,1.0
1938-09-13,0.9960222252712818,0.0,0.0
1938-09-14,0.9872789330927262,0.0,0.0
1938-09-15,0.9990944559972867,0.0,0.0
1938-09-16,0.9840612429148772,0.0,0.0
1938-09-17,0.9875390664741036,0.0,0.0
1938-09-19,0.9938534783090143,0.0,0.0
1938-09-20,0.9992829524230497,0.0,0.0
1938-09-21,0.9310368306230843,0.0,0.0
1938-09-22,0.9075480080653444,0.0,0.0
1938-09-23,0.9898796043890018,0.0,0.0
1938-09-24,0.9225578360715544,0.0,0.0
1938-09-26,0.9878230461041416,0.0,0.0
1938-09-27,0.9008010359671589,0.0,0.0
1938-09-28,0.9990681931278083,0.0,0.0
1938-09-29,0.99939126147041,0.0,0.0
1938-09-30,0.9960089571087712,0.0,0.0
1938-10-01,0.969518896121937,0.0,0.0
1938-10-03,0.8832766267836386,0.0,0.0
1938-10-04,0.6942666851421764,0.0,0.0
1938-10-05,0.9482519235800745,0.0,0.0
1938-10-06,0.8213914933620453,0.0,0.0
1938-10-07,0.597286810981665,0.0,0.0
1938-10-08,0.4285288978042686,0.0,0.0
1938-10-10,0.22062918971006706,1.0,0.0
1938-10-11,0.11418588465024927,1.0,0.0
1938-10-13,0.33854474011980895,0.0,0.0
1938-10-14,0.18283066162695358,1.0,0.0
1938-10-15,0.09845987926127554,1.0,0.0
1938-10-17,0.08062967992832715,1.0,1.0
1938-10-18,0.049504597243056406,1.0,1.0
1938-10-19,0.04590887446023103,1.0,1.0
1938-10-20,0.038261256815212766,1.0,1.0
1938-10-21,0.019848888427317343,1.0,1.0
1938-10-22,0.019193440108176262,1.0,1.0
1938-10-24,0.012639884526303238,1.0,1.0
1938-10-25,0.010182338402932863,1.0,1.0
1938-10-26,0.014378609859779306,1.0,1.0
1938-10-27,0.010940877546111076,1.0,1.0
1938-10-28,0.01560213160566374,1.0,1.0
1938-10-29,0.012098341822975416,1.0,1.0
1938-10-31,0.010113550196737663,1.0,1.0
1938-11-01,0.009731084595197684,1.0,1.0
1938-11-02,0.009150445777497624,1.0,1.0
1938-11-03,0.009014409313402614,1.0,1.0
1938-11-04,0.009166143176994332,1.0,1.0
1938-11-05,0.009076394022490412,1.0,1.0
1938-11-07,0.02196799743771361,1.0,1.0
1938-11-09,0.12102446082513477,1.0,1.0
1938-11-10,0.057034952456652424,1.0,1.0
1938-11-12,0.028701201715214727,1.0,1.0
1938-11-14,0.06152022316655058,1.0,1.0
1938-11-15,0.033321154681552265,1.0,1.0
1938-11-16,0.15294330860329053,1.0,1.0
1938-11-17,0.08370809171476477,1.0,1.0
1938-11-18,0.15160593021362645,1.0,1.0
1938-11-19,0.06640356645470426,1.0,1.0
1938-11-21,0.030757104241355627,1.0,1.0
1938-11-22,0.02035336297054408,1.0,1.0
1938-11-23,0.013396077610706637,1.0,1.0
1938-11-25,0.01055041699382296,1.0,1.0
1938-11-26,0.021374930005956475,1.0,1.0
1938-11-28,0.04665154058123921,1.0,1.0
1938-11-29,0.02338018827552251,1.0,1.0
1938-11-30,0.06123479631393845,1.0,1.0
1938-12-01,0.030624040915324016,1.0,1.0
1938-12-02,0.02592541555360862,1.0,1.0
1938-12-03,0.015134536062752467,1.0,1.0
1938-12-05,0.012182253005118885,1.0,1.0
1938-12-06,0.011340005896997855,1.0,1.0
1938-12-07,0.009833740684660128,1.0,1.0
1938-12-08,0.013946159815560825,1.0,1.0
1938-12-09,0.012537308663063093,1.0,1.0
1938-12-10,0.011593342203015423,1.0,1.0
1938-12-12,0.010272342458288047,1.0,1.0
1938-12-13,0.01121351694122083,1.0,1.0
1938-12-14,0.0438572920290335,1.0,1.0
1938-12-15,0.02213674040541132,1.0,1.0
1938-12-16,0.015525309205053048,1.0,1.0
1938-12-17,0.01211038862387201,1.0,1.0
1938-12-19,0.011940072995515876,1.0,1.0
1938-12-20,0.010523484039681131,1.0,1.0
1938-12-21,0.013540162210946826,1.0,1.0
1938-12-22,0.01146130440265871,1.0,1.0
1938-12-23,0.012222738891179722,1.0,1.0
1938-12-24,0.01051262025928575,1.0,1.0
1938-12-27,0.014440770882467377,1.0,1.0
1938-12-28,0.013111120912769905,1.0,1.0
1938-12-29,0.07660521791672113,1.0,1.0
1938-12-30,0.037366267907055904,1.0,1.0
1938-12-31,0.020261370614444215,1.0,1.0
1939-01-03,0.01675057034009195,1.0,1.0
1939-01-04,0.01562510931424284,1.0,1.0
1939-01-05,0.01941668283460954,1.0,1.0
1939-01-06,0.01266622613161918,1.0,1.0
1939-01-07,0.01647298552345614,1.0,1.0
1939-01-09,0.017467471348051544,1.0,1.0
1939-01-10,0.011983899403382892,1.0,1.0
1939-01-11,0.035458244680398654,1.0,1.0
1939-01-12,0.02516181557055578,1.0,1.0
1939-01-13,0.01765573795652554,1.0,1.0
1939-01-14,0.05327229145918133,1.0,1.0
1939-01-16,0.02562904552267946,1.0,1.0
1939-01-17,0.01624323966150003,1.0,1.0
1939-01-18,0.011512420297734282,1.0,1.0
1939-01-19,0.011755461887866622,1.0,1.0
1939-01-20,0.010087194149382663,1.0,1.0
1939-01-21,0.05075657402577928,1.0,1.0
1939-01-23,0.9681959637193953,0.0,0.0
1939-01-24,0.8563065957125093,0.0,0.0
1939-01-25,0.6585831195931309,0.0,0.0
1939-01-26,0.950854261328447,0.0,0.0
1939-01-27,0.9598539968391397,0.0,0.0
1939-01-28,0.8448840401062537,0.0,0.0
1939-01-30,0.9406855437346253,0.0,0.0
1939-01-31,0.8842577934304559,0.0,0.0
1939-02-01,0.7894062716523341,0.0,0.0
1939-02-02,0.8192877357664948,0.0,0.0
1939-02-03,0.6393262858523626,0.0,0.0
1939-02-04,0.42988969024310586,0.0,0.0
1939-02-06,0.21958459084287463,1.0,0.0
1939-02-07,0.14171575380478574,1.0,0.0
1939-02-08,0.07530538004880075,1.0,0.0
1939-02-09,0.05525269366094239,1.0,1.0
1939-02-10,0.026658112478619187,1.0,1.0
1939-02-11,0.017716963409304304,1.0,1.0
1939-02-14,0.012877802884122025,1.0,1.0
1939-02-15,0.010468915723811695,1.0,1.0
1939-02-16,0.013053229924230506,1.0,1.0
1939-02-17,0.012154987021203439,1.0,1.0
1939-02-18,0.011667197333209225,1.0,1.0
1939-02-20,0.07489704670713757,1.0,1.0
1939-02-21,0.03458546990101737,1.0,1.0
1939-02-23,0.018949686181795575,1.0,1.0
1939-02-24,0.058833075487226966,1.0,1.0
1939-02-25,0.03376521237205196,1.0,1.0
1939-02-27,0.01840403974786777,1.0,1.0
1939-02-28,0.013654390466727735,1.0,1.0
1939-03-01,0.01075882691156867,1.0,1.0
1939-03-02,0.0096107410955964,1.0,1.0
1939-03-03,0.015833778894657265,1.0,1.0
1939-03-04,0.011585798117876162,1.0,1.0
1939-03-06,0.012348360490894706,1.0,1.0
1939-03-07,0.010793326913991973,1.0,1.0
1939-03-08,0.024243127773100576,1.0,1.0
1939-03-09,0.014750205669022812,1.0,1.0
1939-03-10,0.01261113284354826,1.0,1.0
1939-03-11,0.011063580464303413,1.0,1.0
1939-03-13,0.012035461106231094,1.0,1.0
1939-03-14,0.010417271503986969,1.0,1.0
1939-03-15,0.08493295150478662,1.0,1.0
1939-03-16,0.03856692168178846,1.0,1.0
1939-03-17,0.3673494341482576,0.0,1.0
1939-03-18,0.4262517865850381,0.0,1.0
1939-03-20,0.24293343162477105,0.0,1.0
1939-03-21,0.23468494166765297,0.0,1.0
1939-03-22,0.8054626321919232,0.0,0.0
1939-03-23,0.675601206780915,0.0,0.0
1939-03-24,0.5910463586338783,0.0,0.0
1939-03-25,0.3552006963852279,0.0,0.0
1939-03-27,0.17478984739105963,1.0,0.0
1939-03-28,0.15580793879238028,1.0,0.0
1939-03-29,0.07568098770934156,1.0,0.0
1939-03-30,0.5103252819596259,0.0,0.0
1939-03-31,0.9996671280504525,0.0,0.0
1939-04-01,0.9772346584781514,0.0,0.0
1939-04-03,0.8788430229904812,0.0,0.0
1939-04-04,0.9254999974616867,0.0,0.0
1939-04-05,0.8078431977959045,0.0,0.0
1939-04-06,0.9913418748652432,0.0,0.0
1939-04-08,0.9999024820967689,0.0,0.0
1939-04-10,0.9755703465666815,0.0,0.0
1939-04-11,0.8779723846166166,0.0,0.0
1939-04-12,0.9775146486008928,0.0,0.0
1939-04-13,0.92380672058934,0.0,0.0
1939-04-14,0.8646593699858726,0.0,0.0
1939-04-15,0.9860906918974813,0.0,0.0
1939-04-17,0.9723444131826114,0.0,0.0
1939-04-18,0.921705940213481,0.0,0.0
1939-04-19,0.8366007704408223,0.0,0.0
1939-04-20,0.7320125787199518,0.0,0.0
1939-04-21,0.4919090630256646,0.0,0.0
1939-04-22,0.26407483729689074,0.0,0.0
1939-04-24,0.163776237696501,1.0,0.0
1939-04-25,0.07251293817546495,1.0,0.0
1939-04-26,0.03786505839692054,1.0,1.0
1939-04-27,0.026005143884956745,1.0,1.0
1939-04-28,0.020188741019114304,1.0,1.0
1939-04-29,0.013138742907794772,1.0,1.0
1939-05-01,0.011275767130847544,1.0,1.0
1939-05-02,0.015095182019976894,1.0,1.0
1939-05-03,0.050094776986672994,1.0,1.0
1939-05-04,0.024879667499155524,1.0,1.0
1939-05-05,0.01577950679139132,1.0,1.0
1939-05-06,0.011625253955752613,1.0,1.0
1939-05-08,0.010301303812777256,1.0,1.0
1939-05-09,0.025265440152006546,1.0,1.0
1939-05-10,0.01758245629384334,1.0,1.0
1939-05-11,0.012152295826617827,1.0,1.0
1939-05-12,0.011392540324266062,1.0,1.0
1939-05-13,0.009878860636656163,1.0,1.0
1939-05-15,0.009311222355011653,1.0,1.0
1939-05-16,0.06009386099405381,1.0,1.0
1939-05-17,0.03546651954564155,1.0,1.0
1939-05-18,0.0192046152914725,1.0,1.0
1939-05-19,0.015654934788762363,1.0,1.0
1939-05-20,0.013115608735782642,1.0,1.0
1939-05-22,0.013079614464599923,1.0,1.0
1939-05-23,0.011370464568570805,1.0,1.0
1939-05-24,0.07698793372411923,1.0,1.0
1939-05-25,0.036026632045290524,1.0,1.0
1939-05-26,0.02001920910933915,1.0,1.0
1939-05-27,0.01416472666068914,1.0,1.0
1939-05-29,0.012844665801057404,1.0,1.0
1939-05-31,0.010748843972172179,1.0,1.0
1939-06-01,0.019935205556414905,1.0,1.0
1939-06-02,0.01389590530974018,1.0,1.0
1939-06-03,0.010879586547066914,1.0,1.0
1939-06-05,0.009675946354118737,1.0,1.0
1939-06-06,0.01373026764112611,1.0,1.0
1939-06-07,0.010879824548373397,1.0,1.0
1939-06-08,0.0098803144080907,1.0,1.0
1939-06-09,0.014656954092803537,1.0,1.0
1939-06-10,0.011094621231993694,1.0,1.0
1939-06-12,0.013443777207553406,1.0,1.0
1939-06-13,0.012446750852601133,1.0,1.0
1939-06-14,0.01151640081567421,1.0,1.0
1939-06-15,0.04481155556414896,1.0,1.0
1939-06-16,0.022568127203589878,1.0,1.0
1939-06-17,0.015262300087533338,1.0,1.0
1939-06-19,0.01333016504010892,1.0,1.0
1939-06-20,0.013257798870707575,1.0,1.0
1939-06-21,0.01052886961361371,1.0,1.0
1939-06-22,0.010298371188775057,1.0,1.0
1939-06-23,0.009508762737045772,1.0,1.0
1939-06-24,0.009232344322639599,1.0,1.0
1939-06-26,0.0326013046616099,1.0,1.0
1939-06-27,0.018064912973405362,1.0,1.0
1939-06-28,0.035323687073884856,1.0,1.0
1939-06-29,0.16272223844940628,1.0,1.0
1939-06-30,0.07564460275737019,1.0,1.0
1939-07-01,0.0471155797867648,1.0,1.0
1939-07-03,0.02432158747774115,1.0,1.0
1939-07-05,0.0298372053073598,1.0,1.0
1939-07-06,0.016931509856482667,1.0,1.0
1939-07-07,0.012530176894414368,1.0,1.0
1939-07-08,0.010273744927808852,1.0,1.0
1939-07-10,0.009673163148071992,1.0,1.0
1939-07-11,0.012722267825285747,1.0,1.0
1939-07-12,0.03055004413971518,1.0,1.0
1939-07-13,0.019910408671882176,1.0,1.0
1939-07-14,0.014776544789687873,1.0,1.0
1939-07-15,0.011265538067772555,1.0,1.0
1939-07-17,0.546884228073329,0.0,1.0
1939-07-18,0.3447256817790252,0.0,1.0
1939-07-19,0.2310389209574105,0.0,1.0
1939-07-20,0.16454649918723682,1.0,1.0
1939-07-21,0.18773762362814242,0.0,1.0
1939-07-22,0.11969125572833506,1.0,1.0
1939-07-24,0.06392062948859795,1.0,1.0
1939-07-25,0.03298461761515105,1.0,1.0
1939-07-26,0.019930529928404907,1.0,1.0
1939-07-27,0.013141421169492004,1.0,1.0
1939-07-28,0.011108777336819677,1.0,1.0
1939-07-29,0.010167715977967154,1.0,1.0
1939-07-31,0.01037922729510779,1.0,1.0
1939-08-01,0.009500365405653358,1.0,1.0
1939-08-02,0.011565399001270519,1.0,1.0
1939-08-03,0.010187005567650311,1.0,1.0
1939-08-04,0.033815240477089496,1.0,1.0
1939-08-05,0.019469755651630553,1.0,1.0
1939-08-07,0.020112418772993558,1.0,1.0
1939-08-08,0.013285639015789587,1.0,1.0
1939-08-09,0.013247707796408895,1.0,1.0
1939-08-10,0.034400936849748785,1.0,1.0
1939-08-11,0.01864168959362252,1.0,1.0
1939-08-12,0.016386571919845126,1.0,1.0
1939-08-14,0.015283306647434245,1.0,1.0
1939-08-15,0.015034327416498685,1.0,1.0
1939-08-16,0.06866093781456921,1.0,1.0
1939-08-17,0.03347694903425253,1.0,1.0
1939-08-18,0.06855811853294237,1.0,1.0
1939-08-19,0.0345242634088318,1.0,1.0
1939-08-21,0.09730690679258792,1.0,1.0
1939-08-22,0.09717119597609164,1.0,1.0
1939-08-23,0.4783168953050738,0.0,1.0
1939-08-24,0.279669530032481,0.0,1.0
1939-08-25,0.3864356137177328,0.0,1.0
1939-08-26,0.5786588234353937,0.0,1.0
1939-08-28,0.6513929277198093,0.0,1.0
1939-08-29,0.7842189401424219,0.0,0.0
1939-08-30,0.5831172758964399,0.0,0.0
1939-08-31,0.5731791595576969,0.0,0.0
1939-09-01,0.3411051483111069,0.0,0.0
1939-09-02,0.5158504308165397,0.0,0.0
1939-09-05,0.99999999999975,0.0,0.0
1939-09-06,0.9428425697948014,0.0,0.0
1939-09-07,0.812798805844835,0.0,0.0
1939-09-08,0.8582275524628625,0.0,0.0
1939-09-09,0.6711025360582684,0.0,0.0
1939-09-11,0.8309011882683679,0.0,0.0
1939-09-12,0.6480487384776447,0.0,0.0
1939-09-13,0.46762437156090103,0.0,0.0
1939-09-14,0.24765743842189136,0.0,0.0
1939-09-15,0.1142603885491164,1.0,0.0
1939-09-16,0.08428228326402837,1.0,0.0
1939-09-18,0.6812903827155796,0.0,0.0
1939-09-19,0.9809540123279064,0.0,0.0
1939-09-20,0.889007799141014,0.0,0.0
1939-09-21,0.7547589722757874,0.0,0.0
1939-09-22,0.5437701609486763,0.0,0.0
1939-09-23,0.31536397577807085,0.0,0.0
1939-09-25,0.1508251110787037,1.0,0.0
1939-09-26,0.08563601751435869,1.0,0.0
1939-09-27,0.03917759040030013,1.0,1.0
1939-09-28,0.04413462440884714,1.0,1.0
1939-09-29,0.030537167580622818,1.0,1.0
1939-09-30,0.06479109684689423,1.0,1.0
1939-10-02,0.043014035908847545,1.0,1.0
1939-10-03,0.03294856296552577,1.0,1.0
1939-10-04,0.018153741962867107,1.0,1.0
1939-10-05,0.012814965651260755,1.0,1.0
1939-10-06,0.010516273495947774,1.0,1.0
1939-10-07,0.012988413198196368,1.0,1.0
1939-10-09,0.010549882291538342,1.0,1.0
1939-10-10,0.010153036529108601,1.0,1.0
1939-10-11,0.010124419210890497,1.0,1.0
1939-10-13,0.010667331877912588,1.0,1.0
1939-10-14,0.009881930833004137,1.0,1.0
1939-10-16,0.009409134067506304,1.0,1.0
1939-10-17,0.10500683683953088,1.0,1.0
1939-10-18,0.05113112790832207,1.0,1.0
1939-10-19,0.025310817239822786,1.0,1.0
1939-10-20,0.016549379312394565,1.0,1.0
1939-10-21,0.013605331297069156,1.0,1.0
1939-10-23,0.010993332561821384,1.0,1.0
1939-10-24,0.009918174149587023,1.0,1.0
1939-10-25,0.013676442051717499,1.0,1.0
1939-10-26,0.013200237466866504,1.0,1.0
1939-10-27,0.011418966936815447,1.0,1.0
1939-10-28,0.010288678071557913,1.0,1.0
1939-10-30,0.00961275184855278,1.0,1.0
1939-10-31,0.013078393074201127,1.0,1.0
1939-11-01,0.010603532962128683,1.0,1.0
1939-11-02,0.009590577591235211,1.0,1.0
1939-11-03,0.01174994795027478,1.0,1.0
1939-11-04,0.010238462621301674,1.0,1.0
1939-11-06,0.011244558634876238,1.0,1.0
1939-11-08,0.012439344693855083,1.0,1.0
1939-11-09,0.017780048983662134,1.0,1.0
1939-11-10,0.012500455245723189,1.0,1.0
1939-11-13,0.010305151706865436,1.0,1.0
1939-11-14,0.010619441405533274,1.0,1.0
1939-11-15,0.00988453573351999,1.0,1.0
1939-11-16,0.014094035502294903,1.0,1.0
1939-11-17,0.01145379445266645,1.0,1.0
1939-11-18,0.010191594340377396,1.0,1.0
1939-11-20,0.009430085475197974,1.0,1.0
1939-11-21,0.011060250547771969,1.0,1.0
1939-11-22,0.009906312474183509,1.0,1.0
1939-11-24,0.01600011681523449,1.0,1.0
1939-11-25,0.011616488175902696,1.0,1.0
1939-11-27,0.009964429557391208,1.0,1.0
1939-11-28,0.009536991953439957,1.0,1.0
1939-11-29,0.015343572102286233,1.0,1.0
1939-11-30,0.016238340325380587,1.0,1.0
1939-12-01,0.013872843572225593,1.0,1.0
1939-12-02,0.010818811683865623,1.0,1.0
1939-12-04,0.00978561413272644,1.0,1.0
1939-12-05,0.00928405544511411,1.0,1.0
1939-12-06,0.01848420410296442,1.0,1.0
1939-12-07,0.012792845273467392,1.0,1.0
1939-12-08,0.013504110779835158,1.0,1.0
1939-12-09,0.010741728895583372,1.0,1.0
1939-12-11,0.013716199101291798,1.0,1.0
1939-12-12,0.011428107552760353,1.0,1.0
1939-12-13,0.018861675604932498,1.0,1.0
1939-12-14,0.013172714066349914,1.0,1.0
1939-12-15,0.010843675949854307,1.0,1.0
1939-12-16,0.00998354581385835,1.0,1.0
1939-12-18,0.00979268816617297,1.0,1.0
1939-12-19,0.009908032323851719,1.0,1.0
1939-12-20,0.009794098884521377,1.0,1.0
1939-12-21,0.009518433145367516,1.0,1.0
1939-12-22,0.0096770830453152,1.0,1.0
1939-12-23,0.009474465989926777,1.0,1.0
1939-12-26,0.010171666151516757,1.0,1.0
1939-12-27,0.011655528415670953,1.0,1.0
1939-12-28,0.01323545410314359,1.0,1.0
1939-12-29,0.012072470136571126,1.0,1.0
1939-12-30,0.010511173463756166,1.0,1.0
1940-01-02,0.014590409110161717,1.0,1.0
1940-01-03,0.017957041480575718,1.0,1.0
1940-01-04,0.013320112273021073,1.0,1.0
1940-01-05,0.0124417052589724,1.0,1.0
1940-01-06,0.010636093371328944,1.0,1.0
1940-01-08,0.009853695072548178,1.0,1.0
1940-01-09,0.013209161995440245,1.0,1.0
1940-01-10,0.010887978637793842,1.0,1.0
1940-01-11,0.021410498129654645,1.0,1.0
1940-01-12,0.042550688778989106,1.0,1.0
1940-01-13,0.024199884428477925,1.0,1.0
1940-01-15,0.01640420443849223,1.0,1.0
1940-01-16,0.013871398321161,1.0,1.0
1940-01-17,0.01121156856568944,1.0,1.0
1940-01-18,0.01043567751485643,1.0,1.0
1940-01-19,0.00986291793942002,1.0,1.0
1940-01-20,0.009616918775208401,1.0,1.0
1940-01-22,0.009942430070450118,1.0,1.0
1940-01-23,0.009635164823937717,1.0,1.0
1940-01-24,0.015429443559584831,1.0,1.0
1940-01-25,0.01284273129144458,1.0,1.0
1940-01-26,0.010721630714515084,1.0,1.0
1940-01-27,0.00997965028001777,1.0,1.0
1940-01-29,0.009674103411143645,1.0,1.0
1940-01-30,0.010330796593876241,1.0,1.0
1940-01-31,0.010054608285985357,1.0,1.0
1940-02-01,0.009663748599523745,1.0,1.0
1940-02-02,0.009492913323334483,1.0,1.0
1940-02-03,0.009515258500597161,1.0,1.0
1940-02-05,0.010153311242128876,1.0,1.0
1940-02-06,0.011061147801246366,1.0,1.0
1940-02-07,0.010590306075666259,1.0,1.0
1940-02-08,0.015366325795247665,1.0,1.0
1940-02-09,0.011867803103802085,1.0,1.0
1940-02-10,0.010566525333841769,1.0,1.0
1940-02-13,0.009918242483559943,1.0,1.0
1940-02-14,0.009716914058469407,1.0,1.0
1940-02-15,0.009493316679294012,1.0,1.0
1940-02-16,0.009398692661061688,1.0,1.0
1940-02-17,0.009553993829163504,1.0,1.0
1940-02-19,0.009603880135359273,1.0,1.0
1940-02-20,0.009691401896861391,1.0,1.0
1940-02-21,0.009549242132926156,1.0,1.0
1940-02-23,0.010567397265151442,1.0,1.0
1940-02-24,0.011061537594456472,1.0,1.0
1940-02-26,0.01006945213497973,1.0,1.0
1940-02-27,0.009792931442083748,1.0,1.0
1940-02-28,0.009531871532031643,1.0,1.0
1940-02-29,0.009436626912512375,1.0,1.0
1940-03-01,0.009868186098620193,1.0,1.0
1940-03-02,0.00955366683503741,1.0,1.0
1940-03-04,0.009526339558190981,1.0,1.0
1940-03-05,0.009745146089688905,1.0,1.0
1940-03-06,0.011143174238750565,1.0,1.0
1940-03-07,0.010199994349966823,1.0,1.0
1940-03-08,0.009916767194316509,1.0,1.0
1940-03-09,0.009566483349610341,1.0,1.0
1940-03-11,0.009461674071438048,1.0,1.0
1940-03-12,0.009388254384732685,1.0,1.0
1940-03-13,0.009506142849233292,1.0,1.0
1940-03-14,0.009466010028970236,1.0,1.0
1940-03-15,0.017156322356507017,1.0,1.0
1940-03-16,0.013917890618280415,1.0,1.0
1940-03-18,0.011197790250997791,1.0,1.0
1940-03-19,0.011694199762521881,1.0,1.0
1940-03-20,0.011400616410110684,1.0,1.0
1940-03-21,0.010177665421935446,1.0,1.0
1940-03-23,0.009684331926350133,1.0,1.0
1940-03-25,0.009729380631209436,1.0,1.0
1940-03-26,0.009789126516539058,1.0,1.0
1940-03-27,0.016848924898900476,1.0,1.0
1940-03-28,0.01250538451066614,1.0,1.0
1940-03-29,0.010980470273398308,1.0,1.0
1940-03-30,0.010556862475011839,1.0,1.0
1940-04-01,0.010004211859840526,1.0,1.0
1940-04-02,0.009731952097097245,1.0,1.0
1940-04-03,0.018353751020445966,1.0,1.0
1940-04-04,0.015185576527822897,1.0,1.0
1940-04-05,0.012175883937271464,1.0,1.0
1940-04-06,0.011707054620472288,1.0,1.0
1940-04-08,0.01027407342353059,1.0,1.0
1940-04-09,0.012560356033264561,1.0,1.0
1940-04-10,0.012581787617277808,1.0,1.0
1940-04-11,0.010741512833498315,1.0,1.0
1940-04-12,0.011860356030141612,1.0,1.0
1940-04-13,0.010381842154936469,1.0,1.0
1940-04-15,0.009748066055127588,1.0,1.0
1940-04-16,0.017698255829648353,1.0,1.0
1940-04-17,0.012820255284640916,1.0,1.0
1940-04-18,0.013762361371023595,1.0,1.0
1940-04-19,0.01118575786135467,1.0,1.0
1940-04-20,0.011369637141311593,1.0,1.0
1940-04-22,0.01025977346279256,1.0,1.0
1940-04-23,0.010531356182895548,1.0,1.0
1940-04-24,0.010411076127124037,1.0,1.0
1940-04-25,0.009757717340145808,1.0,1.0
1940-04-26,0.011786658406265261,1.0,1.0
1940-04-27,0.010320776552136096,1.0,1.0
1940-04-29,0.009830074037369444,1.0,1.0
1940-04-30,0.009534398336081714,1.0,1.0
1940-05-01,0.01527007735847208,1.0,1.0
1940-05-02,0.012453912120725035,1.0,1.0
1940-05-03,0.010563934684280251,1.0,1.0
1940-05-04,0.010043460031849864,1.0,1.0
1940-05-06,0.009723936241881167,1.0,1.0
1940-05-07,0.009510303419581251,1.0,1.0
1940-05-08,0.009406663321179043,1.0,1.0
1940-05-09,0.009468165054652332,1.0,1.0
1940-05-10,0.12397138790969618,1.0,1.0
1940-05-11,0.0594192565023786,1.0,1.0
1940-05-13,0.999939955193249,0.0,0.0
1940-05-14,0.999999999979784,0.0,0.0
1940-05-15,0.9408138134323848,0.0,0.0
1940-05-16,0.9110342312309753,0.0,0.0
1940-05-17,0.9999120163341496,0.0,0.0
1940-05-18,0.987150927618597,0.0,0.0
1940-05-20,0.913907547581632,0.0,0.0
1940-05-21,0.9999999996540613,0.0,0.0
1940-05-22,0.9371056825999512,0.0,0.0
1940-05-23,0.8097708570964144,0.0,0.0
1940-05-24,0.6024662639407946,0.0,0.0
1940-05-25,0.4875344250277944,0.0,0.0
1940-05-27,0.5355018569447461,0.0,0.0
1940-05-28,0.8410382694164903,0.0,0.0
1940-05-29,0.7832713784913172,0.0,0.0
1940-05-31,0.5740375107139005,0.0,0.0
1940-06-01,0.34642643100595577,0.0,0.0
1940-06-03,0.25613886977545386,0.0,0.0
1940-06-04,0.1614048269342836,1.0,0.0
1940-06-05,0.20832278252260086,0.0,0.0
1940-06-06,0.1432856575812947,1.0,0.0
1940-06-07,0.0958772984916017,1.0,0.0
1940-06-08,0.04493156626870152,1.0,1.0
1940-06-10,0.493143821217757,0.0,1.0
1940-06-11,0.9922505482150327,0.0,0.0
1940-06-12,0.9999929001511986,0.0,0.0
1940-06-13,0.9795919387683473,0.0,0.0
1940-06-14,0.9702012938578541,0.0,0.0
1940-06-15,0.8978545135732682,0.0,0.0
1940-06-17,0.7725219291361667,0.0,0.0
1940-06-18,0.5747735477569328,0.0,0.0
1940-06-19,0.3445827511211174,0.0,0.0
1940-06-20,0.20542498174347634,0.0,0.0
1940-06-21,0.09427663827316951,1.0,0.0
1940-06-22,0.046081115638854885,1.0,1.0
1940-06-24,0.029835062915384635,1.0,1.0
1940-06-25,0.16270636910759614,1.0,1.0
1940-06-26,0.0895364487180649,1.0,1.0
1940-06-27,0.06185966225266965,1.0,1.0
1940-06-28,0.055105411996725896,1.0,1.0
1940-06-29,0.027276277991541753,1.0,1.0
1940-07-01,0.018949131028905247,1.0,1.0
1940-07-02,0.012987487557244165,1.0,1.0
1940-07-03,0.0105656556552496,1.0,1.0
1940-07-05,0.010289486943662527,1.0,1.0
1940-07-06,0.009543338933787962,1.0,1.0
1940-07-08,0.009384881303082458,1.0,1.0
1940-07-09,0.009268323049760867,1.0,1.0
1940-07-10,0.009039364025436706,1.0,1.0
1940-07-11,0.008952919559017718,1.0,1.0
1940-07-12,0.008981444186716498,1.0,1.0
1940-07-13,0.008930705363335636,1.0,1.0
1940-07-15,0.009201022680605584,1.0,1.0
1940-07-16,0.012958536862605126,1.0,1.0
1940-07-17,0.01077827730246799,1.0,1.0
1940-07-18,0.00965073517882674,1.0,1.0
1940-07-19,0.011180175788392852,1.0,1.0
1940-07-20,0.010051059940980865,1.0,1.0
1940-07-22,0.009378878583560684,1.0,1.0
1940-07-23,0.009083165587424627,1.0,1.0
1940-07-24,0.009903906733830644,1.0,1.0
1940-07-25,0.009283589793524413,1.0,1.0
1940-07-26,0.00943335891571161,1.0,1.0
1940-07-27,0.009175757557533857,1.0,1.0
1940-07-29,0.00985918499987377,1.0,1.0
1940-07-30,0.060062869638329304,1.0,1.0
1940-07-31,0.02927654032696711,1.0,1.0
1940-08-01,0.01696385031741467,1.0,1.0
1940-08-02,0.012009568219789516,1.0,1.0
1940-08-03,0.010096170056079512,1.0,1.0
1940-08-05,0.009470127322035768,1.0,1.0
1940-08-06,0.011870403340673128,1.0,1.0
1940-08-07,0.010242468064168857,1.0,1.0
1940-08-08,0.009437669335416132,1.0,1.0
1940-08-09,0.01050439070423819,1.0,1.0
1940-08-10,0.010677218423711823,1.0,1.0
1940-08-12,0.009668625917831042,1.0,1.0
1940-08-13,0.4033071370743089,0.0,1.0
1940-08-14,0.21890116199119977,0.0,1.0
1940-08-15,0.11290591015332384,1.0,1.0
1940-08-16,0.11634354622507517,1.0,1.0
1940-08-17,0.06274089698744525,1.0,1.0
1940-08-19,0.03023767935557424,1.0,1.0
1940-08-20,0.024248778144532218,1.0,1.0
1940-08-21,0.03013115479014396,1.0,1.0
1940-08-22,0.021961695704729414,1.0,1.0
1940-08-23,0.023292461467347887,1.0,1.0
1940-08-24,0.01457975587534829,1.0,1.0
1940-08-26,0.011083653064402264,1.0,1.0
1940-08-27,0.009854054497952267,1.0,1.0
1940-08-28,0.016091771972059354,1.0,1.0
1940-08-29,0.01192559914270709,1.0,1.0
1940-08-30,0.026843024954726236,1.0,1.0
1940-08-31,0.01762650830207857,1.0,1.0
1940-09-03,0.01263232141154963,1.0,1.0
1940-09-04,0.029366618208274586,1.0,1.0
1940-09-05,0.05043573785326788,1.0,1.0
1940-09-06,0.02749291713824286,1.0,1.0
1940-09-07,0.016402289646118524,1.0,1.0
1940-09-09,0.11802494400966827,1.0,1.0
1940-09-10,0.054130469394653415,1.0,1.0
1940-09-11,0.030621881683077643,1.0,1.0
1940-09-12,0.0305446333353024,1.0,1.0
1940-09-13,0.017316532394630043,1.0,1.0
1940-09-14,0.013506111668390936,1.0,1.0
1940-09-16,0.012367007940603534,1.0,1.0
1940-09-17,0.012655779985266645,1.0,1.0
1940-09-18,0.012108500412400839,1.0,1.0
1940-09-19,0.010191652392713944,1.0,1.0
1940-09-20,0.009400159268711792,1.0,1.0
1940-09-21,0.01034009314662925,1.0,1.0
1940-09-23,0.040414596846593015,1.0,1.0
1940-09-24,0.02195519892455906,1.0,1.0
1940-09-25,0.014152596793623174,1.0,1.0
1940-09-26,0.012602628086322083,1.0,1.0
1940-09-27,0.030163291390432445,1.0,1.0
1940-09-28,0.019675083790259347,1.0,1.0
1940-09-30,0.013109179111673303,1.0,1.0
1940-10-01,0.018601283400208744,1.0,1.0
1940-10-02,0.013367343104261208,1.0,1.0
1940-10-03,0.01063093487172601,1.0,1.0
1940-10-04,0.01157187382584902,1.0,1.0
1940-10-05,0.009930512862056873,1.0,1.0
1940-10-07,0.01030457793207112,1.0,1.0
1940-10-08,0.022092943026789724,1.0,1.0
1940-10-09,0.015147453251407024,1.0,1.0
1940-10-10,0.010845039791498196,1.0,1.0
1940-10-11,0.010063636235150381,1.0,1.0
1940-10-14,0.009307032921956478,1.0,1.0
1940-10-15,0.009187498291756094,1.0,1.0
1940-10-16,0.009416751103655268,1.0,1.0
1940-10-17,0.009399714787294882,1.0,1.0
1940-10-18,0.008624896224307588,1.0,1.0
1940-10-19,0.008428655810183504,1.0,1.0
1940-10-21,0.009555156263382705,1.0,1.0
1940-10-22,0.009256276152706994,1.0,1.0
1940-10-23,0.009785233330045726,1.0,1.0
1940-10-24,0.010196159362708549,1.0,1.0
1940-10-25,0.008957654916441297,1.0,1.0
1940-10-26,0.0108047938913021,1.0,1.0
1940-10-28,0.009599882971303639,1.0,1.0
1940-10-29,0.008844647904539154,1.0,1.0
1940-10-30,0.009750609985168962,1.0,1.0
1940-10-31,0.015970079480474075,1.0,1.0
1940-11-01,0.01111777360742768,1.0,1.0
1940-11-02,0.009603166947484731,1.0,1.0
1940-11-04,0.008877250250332272,1.0,1.0
1940-11-06,0.2314170169993563,1.0,1.0
1940-11-07,0.9993566682897759,0.0,0.0
1940-11-08,0.9466021775162756,0.0,0.0
1940-11-09,0.9076381105873083,0.0,0.0
1940-11-12,0.7680875747356172,0.0,0.0
1940-11-13,0.5593278082091155,0.0,0.0
1940-11-14,0.33609365502226124,0.0,0.0
1940-11-15,0.23780541572676975,0.0,0.0
1940-11-16,0.13680245520180975,1.0,0.0
1940-11-18,0.060760069082477636,1.0,1.0
1940-11-19,0.02879311426233543,1.0,1.0
1940-11-20,0.06501748551359088,1.0,1.0
1940-11-22,0.030462957477311026,1.0,1.0
1940-11-23,0.01669405050798574,1.0,1.0
1940-11-25,0.011401961180277104,1.0,1.0
1940-11-26,0.009836024127538624,1.0,1.0
1940-11-27,0.028874969468832765,1.0,1.0
1940-11-28,0.016256926490779738,1.0,1.0
1940-11-29,0.01123758423987717,1.0,1.0
1940-11-30,0.010397613481360238,1.0,1.0
1940-12-02,0.009033856818997694,1.0,1.0
1940-12-03,0.008900563450849558,1.0,1.0
1940-12-04,0.00844043031681555,1.0,1.0
1940-12-05,0.008691717547463796,1.0,1.0
1940-12-06,0.00848329320994836,1.0,1.0
1940-12-07,0.010071387322539137,1.0,1.0
1940-12-09,0.008899454718774291,1.0,1.0
1940-12-10,0.008482637670924574,1.0,1.0
1940-12-11,0.008479981940449214,1.0,1.0
1940-12-12,0.008430820873271244,1.0,1.0
1940-12-13,0.008346836967245707,1.0,1.0
1940-12-14,0.008234792254361781,1.0,1.0
1940-12-16,0.01109930090994588,1.0,1.0
1940-12-17,0.010197410937547433,1.0,1.0
1940-12-18,0.011377532027032816,1.0,1.0
1940-12-19,0.010080781738808746,1.0,1.0
1940-12-20,0.008880877855345255,1.0,1.0
1940-12-21,0.008436781828380476,1.0,1.0
1940-12-23,0.008954454852900655,1.0,1.0
1940-12-24,0.008957435711337336,1.0,1.0
1940-12-26,0.008543567876146357,1.0,1.0
1940-12-27,0.008666124969048785,1.0,1.0
1940-12-28,0.008690999333738084,1.0,1.0
1940-12-30,0.00958865022760895,1.0,1.0
1940-12-31,0.008943842864470976,1.0,1.0
1941-01-02,0.009032187758923496,1.0,1.0
1941-01-03,0.015638010296905955,1.0,1.0
1941-01-04,0.011145953915085244,1.0,1.0
1941-01-06,0.00956877997460391,1.0,1.0
1941-01-07,0.008828303292173767,1.0,1.0
1941-01-08,0.008596051670001078,1.0,1.0
1941-01-09,0.009063643044037445,1.0,1.0
1941-01-10,0.008587364713963649,1.0,1.0
1941-01-11,0.008532566350352861,1.0,1.0
1941-01-13,0.00840566301612062,1.0,1.0
1941-01-14,0.009236559138911993,1.0,1.0
1941-01-15,0.010113007336064324,1.0,1.0
1941-01-16,0.018557196391395955,1.0,1.0
1941-01-17,0.012328254501305525,1.0,1.0
1941-01-18,0.009733299622165277,1.0,1.0
1941-01-20,0.009150817396010301,1.0,1.0
1941-01-21,0.011649147317374571,1.0,1.0
1941-01-22,0.010201888536970552,1.0,1.0
1941-01-23,0.008941771395391233,1.0,1.0
1941-01-24,0.008519614760366976,1.0,1.0
1941-01-25,0.008431427241104381,1.0,1.0
1941-01-27,0.008263896373753977,1.0,1.0
1941-01-28,0.009137079856936037,1.0,1.0
1941-01-29,0.03286758490234532,1.0,1.0
1941-01-30,0.05023217840170072,1.0,1.0
1941-01-31,0.024385202989543917,1.0,1.0
1941-02-01,0.01680277806898199,1.0,1.0
1941-02-03,0.013344395621473373,1.0,1.0
1941-02-04,0.010215161285914489,1.0,1.0
1941-02-05,0.020744654486065474,1.0,1.0
1941-02-06,0.013525507686498277,1.0,1.0
1941-02-07,0.010381648572910794,1.0,1.0
1941-02-08,0.009077126266447964,1.0,1.0
1941-02-10,0.008759465612353077,1.0,1.0
1941-02-11,0.014946536119272259,1.0,1.0
1941-02-13,0.02565323172384327,1.0,1.0
1941-02-14,0.28937504120876417,0.0,1.0
1941-02-15,0.1436574623100524,1.0,1.0
1941-02-17,0.06946898154543171,1.0,1.0
1941-02-18,0.03380959749617774,1.0,1.0
1941-02-19,0.028679318376038477,1.0,1.0
1941-02-20,0.04533494670795251,1.0,1.0
1941-02-21,0.024422951050731962,1.0,1.0
1941-02-24,0.01876623468269528,1.0,1.0
1941-02-25,0.014023304155228684,1.0,1.0
1941-02-26,0.010369842439431603,1.0,1.0
1941-02-27,0.009605632721454278,1.0,1.0
1941-02-28,0.009108185372498558,1.0,1.0
1941-03-01,0.008791698259388204,1.0,1.0
1941-03-03,0.011812481713550472,1.0,1.0
1941-03-04,0.010007084064065799,1.0,1.0
1941-03-05,0.009459664937096645,1.0,1.0
1941-03-06,0.017519036054034026,1.0,1.0
1941-03-07,0.0121040798724373,1.0,1.0
1941-03-08,0.009644701439204338,1.0,1.0
1941-03-10,0.02576696699871068,1.0,1.0
1941-03-11,0.01633274991580845,1.0,1.0
1941-03-12,0.011358901551588751,1.0,1.0
1941-03-13,0.010146467941169066,1.0,1.0
1941-03-14,0.008581265468791614,1.0,1.0
1941-03-15,0.009301433352083723,1.0,1.0
1941-03-17,0.008382091779185932,1.0,1.0
1941-03-18,0.008109682081568287,1.0,1.0
1941-03-19,0.008195279485580477,1.0,1.0
1941-03-20,0.007989327128382047,1.0,1.0
1941-03-21,0.010696095205405447,1.0,1.0
1941-03-22,0.00991765794669394,1.0,1.0
1941-03-24,0.008899673060716894,1.0,1.0
1941-03-25,0.008345118876421363,1.0,1.0
1941-03-26,0.008227069045926575,1.0,1.0
1941-03-27,0.009249242872345074,1.0,1.0
1941-03-28,0.010093572909687838,1.0,1.0
1941-03-29,0.008729060400340907,1.0,1.0
1941-03-31,0.008310669130826726,1.0,1.0
1941-04-01,0.008083684667625582,1.0,1.0
1941-04-02,0.008046382940012559,1.0,1.0
1941-04-03,0.01777428220096999,1.0,1.0
1941-04-04,0.01148792345586474,1.0,1.0
1941-04-05,0.009729112754632683,1.0,1.0
1941-04-07,0.009661436209130137,1.0,1.0
1941-04-08,0.053584247800977244,1.0,1.0
1941-04-09,0.045064148705133464,1.0,1.0
1941-04-10,0.022029609258631132,1.0,1.0
1941-04-12,0.02039629277874584,1.0,1.0
1941-04-14,0.012566680916317801,1.0,1.0
1941-04-15,0.010213519906703293,1.0,1.0
1941-04-16,0.008706417583716255,1.0,1.0
1941-04-17,0.008343431493264468,1.0,1.0
1941-04-18,0.02032258729297717,1.0,1.0
1941-04-19,0.013019367201957994,1.0,1.0
1941-04-21,0.010104559958838867,1.0,1.0
1941-04-22,0.009031361854576803,1.0,1.0
1941-04-23,0.009585174771679658,1.0,1.0
1941-04-24,0.01045381090402422,1.0,1.0
1941-04-25,0.01081324778011413,1.0,1.0
1941-04-26,0.008942676783022208,1.0,1.0
1941-04-28,0.008286761351367305,1.0,1.0
1941-04-29,0.00824958843950219,1.0,1.0
1941-04-30,0.01456185633467172,1.0,1.0
1941-05-01,0.010389221802091286,1.0,1.0
1941-05-02,0.00938412390695927,1.0,1.0
1941-05-03,0.008522619445158332,1.0,1.0
1941-05-05,0.008131219050383318,1.0,1.0
1941-05-06,0.02077620882640981,1.0,1.0
1941-05-07,0.01345834792700983,1.0,1.0
1941-05-08,0.009927184148191373,1.0,1.0
1941-05-09,0.008618160178129847,1.0,1.0
1941-05-10,0.012157890185940934,1.0,1.0
1941-05-12,0.009833892491943344,1.0,1.0
1941-05-13,0.00861551280438815,1.0,1.0
1941-05-14,0.00844757485521517,1.0,1.0
1941-05-15,0.01737135737363464,1.0,1.0
1941-05-16,0.011446694351359287,1.0,1.0
1941-05-17,0.009384409188127232,1.0,1.0
1941-05-19,0.0084067314173175,1.0,1.0
1941-05-20,0.014883810240678743,1.0,1.0
1941-05-21,0.010545106294588436,1.0,1.0
1941-05-22,0.014124039910845206,1.0,1.0
1941-05-23,0.0101287999316869,1.0,1.0
1941-05-24,0.008682853734491007,1.0,1.0
1941-05-26,0.012813181944172563,1.0,1.0
1941-05-27,0.010252895168610882,1.0,1.0
1941-05-28,0.008736232063442703,1.0,1.0
1941-05-29,0.008178933885417036,1.0,1.0
1941-05-31,0.00840498642411225,1.0,1.0
1941-06-02,0.008355442652381195,1.0,1.0
1941-06-03,0.011714667991665399,1.0,1.0
1941-06-04,0.009649763908556258,1.0,1.0
1941-06-05,0.009308994153264007,1.0,1.0
1941-06-06,0.008549091208016106,1.0,1.0
1941-06-07,0.009383706642954213,1.0,1.0
1941-06-09,0.011410476469443803,1.0,1.0
1941-06-10,0.022052172370920213,1.0,1.0
1941-06-11,0.013033310534660437,1.0,1.0
1941-06-12,0.010834179407358466,1.0,1.0
1941-06-13,0.009332692603522938,1.0,1.0
1941-06-14,0.008557830855016492,1.0,1.0
1941-06-16,0.008323726164597282,1.0,1.0
1941-06-17,0.009439909698404235,1.0,1.0
1941-06-18,0.008658727397133777,1.0,1.0
1941-06-19,0.008361132548957038,1.0,1.0
1941-06-20,0.011875932662322607,1.0,1.0
1941-06-21,0.00938421604709519,1.0,1.0
1941-06-23,0.017151499076959845,1.0,1.0
1941-06-24,0.01265116724166407,1.0,1.0
1941-06-25,0.009680050064167204,1.0,1.0
1941-06-26,0.00928328020960977,1.0,1.0
1941-06-27,0.00907651662203938,1.0,1.0
1941-06-28,0.008340188191909056,1.0,1.0
1941-06-30,0.008440226919230315,1.0,1.0
1941-07-01,0.008359819445966475,1.0,1.0
1941-07-02,0.009788066876703971,1.0,1.0
1941-07-03,0.009184402379532091,1.0,1.0
1941-07-05,0.008412567790978117,1.0,1.0
1941-07-07,0.018746136110146864,1.0,1.0
1941-07-08,0.03189901966612643,1.0,1.0
1941-07-09,0.0166641022997696,1.0,1.0
1941-07-10,0.011051094803200372,1.0,1.0
1941-07-11,0.009037853079079373,1.0,1.0
1941-07-12,0.008281457895004432,1.0,1.0
1941-07-14,0.00806353690505056,1.0,1.0
1941-07-15,0.008014858941800661,1.0,1.0
1941-07-16,0.008720606400122628,1.0,1.0
1941-07-17,0.009922202012977778,1.0,1.0
1941-07-18,0.008765405294577956,1.0,1.0
1941-07-19,0.008513123251315606,1.0,1.0
1941-07-21,0.01750594769766292,1.0,1.0
1941-07-22,0.011375317553932418,1.0,1.0
1941-07-23,0.00926221892051028,1.0,1.0
1941-07-24,0.008763946957478511,1.0,1.0
1941-07-25,0.008348155535069384,1.0,1.0
1941-07-26,0.008758813896313875,1.0,1.0
1941-07-28,0.010861726371030254,1.0,1.0
1941-07-29,0.009520438700809474,1.0,1.0
1941-07-30,0.008680790752271428,1.0,1.0
1941-07-31,0.008205034769838372,1.0,1.0
1941-08-01,0.00836384312323737,1.0,1.0
1941-08-02,0.008073626621326565,1.0,1.0
1941-08-04,0.007971390431182028,1.0,1.0
1941-08-05,0.007976732873695042,1.0,1.0
1941-08-06,0.007910316639990624,1.0,1.0
1941-08-07,0.00787519462177022,1.0,1.0
1941-08-08,0.009854579778292022,1.0,1.0
1941-08-09,0.011038762048112263,1.0,1.0
1941-08-11,0.009803278982604493,1.0,1.0
1941-08-12,0.007965923274426497,1.0,1.0
1941-08-13,0.007494742390539958,1.0,1.0
1941-08-14,0.00731739953334779,1.0,1.0
1941-08-15,0.010164544183438604,1.0,1.0
1941-08-16,0.008262226703662655,1.0,1.0
1941-08-18,0.007997137263595555,1.0,1.0
1941-08-19,0.007419778770277396,1.0,1.0
1941-08-20,0.007805389137201311,1.0,1.0
1941-08-21,0.007361678704820142,1.0,1.0
1941-08-22,0.007236506992115945,1.0,1.0
1941-08-23,0.007155465383603974,1.0,1.0
1941-08-25,0.007128849012698164,1.0,1.0
1941-08-26,0.00813683318653786,1.0,1.0
1941-08-27,0.007530959819476759,1.0,1.0
1941-08-28,0.007533561467115228,1.0,1.0
1941-08-29,0.007258328658512343,1.0,1.0
1941-08-30,0.007269592132460075,1.0,1.0
1941-09-02,0.0073816108183674765,1.0,1.0
1941-09-03,0.007828040027324915,1.0,1.0
1941-09-04,0.007484864405799211,1.0,1.0
1941-09-05,0.007364352906491205,1.0,1.0
1941-09-06,0.007205304307853035,1.0,1.0
1941-09-08,0.007197270172140785,1.0,1.0
1941-09-09,0.007582930348982161,1.0,1.0
1941-09-10,0.008990174759310127,1.0,1.0
1941-09-11,0.00901602868361335,1.0,1.0
1941-09-12,0.007784420420273414,1.0,1.0
1941-09-13,0.007353821304490051,1.0,1.0
1941-09-15,0.007196390324050992,1.0,1.0
1941-09-16,0.007235627677651792,1.0,1.0
1941-09-17,0.017031944807549788,1.0,1.0
1941-09-18,0.011719791043245052,1.0,1.0
1941-09-19,0.0129753252085469,1.0,1.0
1941-09-20,0.009973255774630058,1.0,1.0
1941-09-22,0.00820824523962913,1.0,1.0
1941-09-23,0.007755197402281361,1.0,1.0
1941-09-24,0.008528317030467622,1.0,1.0
1941-09-25,0.026037577874249925,1.0,1.0
1941-09-26,0.015159029954573862,1.0,1.0
1941-09-27,0.010339188714673299,1.0,1.0
1941-09-29,0.008230036253156473,1.0,1.0
1941-09-30,0.008282788109723336,1.0,1.0
1941-10-01,0.007536288755769737,1.0,1.0
1941-10-02,0.007654718223740996,1.0,1.0
1941-10-03,0.007485767759436996,1.0,1.0
1941-10-04,0.0072649853830360185,1.0,1.0
1941-10-06,0.0073649493928048615,1.0,1.0
1941-10-07,0.014397840423065042,1.0,1.0
1941-10-08,0.009699579705205314,1.0,1.0
1941-10-09,0.019593906545665216,1.0,1.0
1941-10-10,0.011483853573396175,1.0,1.0
1941-10-11,0.008627042098815174,1.0,1.0
1941-10-14,0.008781625142140093,1.0,1.0
1941-10-15,0.009149250247000407,1.0,1.0
1941-10-16,0.036028108728942465,1.0,1.0
1941-10-17,0.017928922572634093,1.0,1.0
1941-10-18,0.016306088817757795,1.0,1.0
1941-10-20,0.010304399751084117,1.0,1.0
1941-10-21,0.010568148230654323,1.0,1.0
1941-10-22,0.009453520154453693,1.0,1.0
1941-10-23,0.008223304738627823,1.0,1.0
1941-10-24,0.008357257769214872,1.0,1.0
1941-10-25,0.00803672246910729,1.0,1.0
1941-10-27,0.011721723980267766,1.0,1.0
1941-10-28,0.008712217436165386,1.0,1.0
1941-10-29,0.008031384507569485,1.0,1.0
1941-10-30,0.007529715609934713,1.0,1.0
1941-10-31,0.012278612557949193,1.0,1.0
1941-11-01,0.00919063907119283,1.0,1.0
1941-11-03,0.008536707522899412,1.0,1.0
1941-11-05,0.009386798743641315,1.0,1.0
1941-11-06,0.011173316404679062,1.0,1.0
1941-11-07,0.008798218478123761,1.0,1.0
1941-11-08,0.007696489623143908,1.0,1.0
1941-11-10,0.009098874521313199,1.0,1.0
1941-11-12,0.035950053141709994,1.0,1.0
1941-11-13,0.017252950161728092,1.0,1.0
1941-11-14,0.013869334931556246,1.0,1.0
1941-11-15,0.009485047015832767,1.0,1.0
1941-11-17,0.00821574379846167,1.0,1.0
1941-11-18,0.007621075172385628,1.0,1.0
1941-11-19,0.00791259653450573,1.0,1.0
1941-11-21,0.008402057197970821,1.0,1.0
1941-11-22,0.0075965147595828215,1.0,1.0
1941-11-24,0.007342716203493471,1.0,1.0
1941-11-25,0.008558504338643658,1.0,1.0
1941-11-26,0.010861131706734764,1.0,1.0
1941-11-27,0.00878390459626046,1.0,1.0
1941-11-28,0.00950209754523819,1.0,1.0
1941-11-29,0.00829228112364015,1.0,1.0
1941-12-01,0.008203800176190996,1.0,1.0
1941-12-02,0.022645687805293066,1.0,1.0
1941-12-03,0.01682789366221598,1.0,1.0
1941-12-04,0.010773324213640325,1.0,1.0
1941-12-05,0.009219565968976816,1.0,1.0
1941-12-06,0.009009346275428487,1.0,1.0
1941-12-08,0.9874472184241982,0.0,0.0
1941-12-09,0.9998419696353013,0.0,0.0
1941-12-10,0.9481357502205748,0.0,0.0
1941-12-11,0.9649347664845874,0.0,0.0
1941-12-12,0.8595360944168602,0.0,0.0
1941-12-13,0.6535839275654619,0.0,0.0
1941-12-15,0.4101257658923488,0.0,0.0
1941-12-16,0.19528370425442834,1.0,0.0
1941-12-17,0.35160378757239813,0.0,0.0
1941-12-18,0.22238443708894193,1.0,0.0
1941-12-19,0.09342428804878536,1.0,1.0
1941-12-20,0.03985435437845254,1.0,1.0
1941-12-22,0.03130995780166263,1.0,1.0
1941-12-23,0.0174638004432752,1.0,1.0
1941-12-24,0.01102812957641109,1.0,1.0
1941-12-26,0.009685079465480976,1.0,1.0
1941-12-27,0.00861747915697176,1.0,1.0
1941-12-29,0.008874359776516686,1.0,1.0
1941-12-30,0.8628606538853731,0.0,0.0
1941-12-31,0.6835213282169637,0.0,0.0
1942-01-02,0.7958373053587663,0.0,0.0
1942-01-03,0.7093282695965477,0.0,0.0
1942-01-05,0.5578374385136983,0.0,0.0
1942-01-06,0.32267561400380174,0.0,0.0
1942-01-07,0.1796553823688665,1.0,0.0
1942-01-08,0.18570663525347994,1.0,0.0
1942-01-09,0.08000365646637937,1.0,1.0
1942-01-10,0.03856223853124179,1.0,1.0
1942-01-12,0.019423490371997247,1.0,1.0
1942-01-13,0.04523564387386223,1.0,1.0
1942-01-14,0.025659352327400405,1.0,1.0
1942-01-15,0.01377177771810086,1.0,1.0
1942-01-16,0.015472229711924261,1.0,1.0
1942-01-17,0.010737927214702486,1.0,1.0
1942-01-19,0.008590318002430718,1.0,1.0
1942-01-20,0.007742809062605377,1.0,1.0
1942-01-21,0.020027801314352004,1.0,1.0
1942-01-22,0.011577745431551604,1.0,1.0
1942-01-23,0.008701025347830961,1.0,1.0
1942-01-24,0.008031127889662317,1.0,1.0
1942-01-26,0.011969627869407452,1.0,1.0
1942-01-27,0.008818853604030417,1.0,1.0
1942-01-28,0.008907291355697037,1.0,1.0
1942-01-29,0.007852636009386675,1.0,1.0
1942-01-30,0.009010924791056085,1.0,1.0
1942-01-31,0.008932975943901836,1.0,1.0
1942-02-02,0.008088696472687732,1.0,1.0
1942-02-03,0.0077417987578766514,1.0,1.0
1942-02-04,0.008833210391420512,1.0,1.0
1942-02-05,0.007926827155240375,1.0,1.0
1942-02-06,0.011365009274878872,1.0,1.0
1942-02-07,0.008586191697786955,1.0,1.0
1942-02-09,0.01602686194740359,1.0,1.0
1942-02-10,0.03318292917681546,1.0,1.0
1942-02-11,0.01677985056241927,1.0,1.0
1942-02-13,0.010452286193100173,1.0,1.0
1942-02-14,0.00933380314998672,1.0,1.0
1942-02-16,0.008238567613226583,1.0,1.0
1942-02-17,0.035854934495795826,1.0,1.0
1942-02-18,0.01715510449350384,1.0,1.0
1942-02-19,0.010881918470114715,1.0,1.0
1942-02-20,0.008909424882159915,1.0,1.0
1942-02-21,0.007878880269731874,1.0,1.0
1942-02-24,0.0075522262485582655,1.0,1.0
1942-02-25,0.008886011273311943,1.0,1.0
1942-02-26,0.008370142142253963,1.0,1.0
1942-02-27,0.00996918294914677,1.0,1.0
1942-02-28,0.008147219339543535,1.0,1.0
1942-03-02,0.013289936380649382,1.0,1.0
1942-03-03,0.018372498311951715,1.0,1.0
1942-03-04,0.017876500129707706,1.0,1.0
1942-03-05,0.040080536973567,1.0,1.0
1942-03-06,0.408189326281166,1.0,1.0
1942-03-07,0.2109104575117645,1.0,1.0
1942-03-09,0.08837033783619956,1.0,1.0
1942-03-10,0.05113932725401884,1.0,1.0
1942-03-11,0.10361810412173963,1.0,1.0
1942-03-12,0.04225300725618102,1.0,1.0
1942-03-13,0.021322330124860955,1.0,1.0
1942-03-14,0.012022310499763026,1.0,1.0
1942-03-16,0.012623440951233552,1.0,1.0
1942-03-17,0.033393739937006166,1.0,1.0
1942-03-18,0.020925145233272033,1.0,1.0
1942-03-19,0.012232732863962488,1.0,1.0
1942-03-20,0.012872374671710993,1.0,1.0
1942-03-21,0.009106119707558837,1.0,1.0
1942-03-23,0.007880151265965267,1.0,1.0
1942-03-24,0.008779076284623205,1.0,1.0
1942-03-25,0.009589917124829928,1.0,1.0
1942-03-26,0.008922569105144796,1.0,1.0
1942-03-27,0.01391330410404663,1.0,1.0
1942-03-28,0.009475939935244326,1.0,1.0
1942-03-30,0.00795555891249697,1.0,1.0
1942-03-31,0.00842755483139975,1.0,1.0
1942-04-01,0.008102608190145699,1.0,1.0
1942-04-02,0.010006223638862914,1.0,1.0
1942-04-04,0.008144006695394912,1.0,1.0
1942-04-06,0.014714875996784553,1.0,1.0
1942-04-07,0.010231368966798668,1.0,1.0
1942-04-08,0.010207346077946784,1.0,1.0
1942-04-09,0.024393443519748714,1.0,1.0
1942-04-10,0.013131539197475376,1.0,1.0
1942-04-11,0.009760875210703839,1.0,1.0
1942-04-13,0.008069426993709923,1.0,1.0
1942-04-14,0.0355871987129317,1.0,1.0
1942-04-15,0.017167398385505007,1.0,1.0
1942-04-16,0.010730193077500429,1.0,1.0
1942-04-17,0.03394780397201193,1.0,1.0
1942-04-18,0.020120211998306464,1.0,1.0
1942-04-20,0.01222258616950281,1.0,1.0
1942-04-21,0.009015899018654135,1.0,1.0
1942-04-22,0.008263660367881927,1.0,1.0
1942-04-23,0.11285099755307092,1.0,1.0
1942-04-24,0.06943967325718034,1.0,1.0
1942-04-25,0.029598868684144818,1.0,1.0
1942-04-27,0.019656053254673324,1.0,1.0
1942-04-28,0.020033645465086035,1.0,1.0
1942-04-29,0.03741567051888831,1.0,1.0
1942-04-30,0.024165402237420048,1.0,1.0
1942-05-01,0.016378882952662297,1.0,1.0
1942-05-02,0.01280767856345193,1.0,1.0
1942-05-04,0.009203236397939763,1.0,1.0
1942-05-05,0.008185060240458314,1.0,1.0
1942-05-06,0.007879324647800284,1.0,1.0
1942-05-07,0.010150826498625028,1.0,1.0
1942-05-08,0.00827993912799276,1.0,1.0
1942-05-09,0.008681604601781572,1.0,1.0
1942-05-11,0.008994129307158347,1.0,1.0
1942-05-12,0.010191899118232987,1.0,1.0
1942-05-13,0.020150008795332915,1.0,1.0
1942-05-14,0.011751125146672146,1.0,1.0
1942-05-15,0.011490936006880068,1.0,1.0
1942-05-16,0.01087519240298592,1.0,1.0
1942-05-18,0.008535469409538114,1.0,1.0
1942-05-19,0.009553228368125622,1.0,1.0
1942-05-20,0.00798854498790179,1.0,1.0
1942-05-21,0.02858384175064546,1.0,1.0
1942-05-22,0.015060800698291745,1.0,1.0
1942-05-23,0.00985152867380184,1.0,1.0
1942-05-25,0.008326810285797922,1.0,1.0
1942-05-26,0.007545717919599253,1.0,1.0
1942-05-27,0.022661401730913945,1.0,1.0
1942-05-28,0.012523480649884082,1.0,1.0
1942-05-29,0.009297181546755155,1.0,1.0
1942-06-01,0.008420143461193658,1.0,1.0
1942-06-02,0.0076979946880191726,1.0,1.0
1942-06-03,0.008990143161477839,1.0,1.0
1942-06-04,0.027936428869071602,1.0,1.0
1942-06-05,0.016236932891538748,1.0,1.0
1942-06-06,0.011098737375850895,1.0,1.0
1942-06-08,0.011658017648819588,1.0,1.0
1942-06-09,0.009190821641701112,1.0,1.0
1942-06-10,0.013039258762183434,1.0,1.0
1942-06-11,0.009300626796866458,1.0,1.0
1942-06-12,0.00909724249139591,1.0,1.0
1942-06-13,0.008347107893293473,1.0,1.0
1942-06-15,0.007401492210696582,1.0,1.0
1942-06-16,0.007062368428064242,1.0,1.0
1942-06-17,0.017534211173578326,1.0,1.0
1942-06-18,0.010701588616362898,1.0,1.0
1942-06-19,0.013732479577514415,1.0,1.0
1942-06-20,0.009917074376889492,1.0,1.0
1942-06-22,0.022376420606942185,1.0,1.0
1942-06-23,0.012164078171865387,1.0,1.0
1942-06-24,0.00910274258697125,1.0,1.0
1942-06-25,0.007632001535799221,1.0,1.0
1942-06-26,0.0072118973592732,1.0,1.0
1942-06-27,0.007311881407611351,1.0,1.0
1942-06-29,0.007222523771078983,1.0,1.0
1942-06-30,0.007028629664540915,1.0,1.0
1942-07-01,0.007658605840644734,1.0,1.0
1942-07-02,0.012445953747919415,1.0,1.0
1942-07-03,0.013558259775385582,1.0,1.0
1942-07-06,0.02329199132339978,1.0,1.0
1942-07-07,0.012863571771372515,1.0,1.0
1942-07-08,0.06735778322519018,1.0,1.0
1942-07-09,0.05114328177274879,1.0,1.0
1942-07-10,0.022809079646183502,1.0,1.0
1942-07-11,0.012310682152945021,1.0,1.0
1942-07-13,0.010592130832547706,1.0,1.0
1942-07-14,0.009528757108857235,1.0,1.0
1942-07-15,0.007965378682337817,1.0,1.0
1942-07-16,0.007264091322587329,1.0,1.0
1942-07-17,0.01075661188784457,1.0,1.0
1942-07-18,0.008576915180517668,1.0,1.0
1942-07-20,0.008357644982135102,1.0,1.0
1942-07-21,0.0075290208877467095,1.0,1.0
1942-07-22,0.007166159879650463,1.0,1.0
1942-07-23,0.016622962367361542,1.0,1.0
1942-07-24,0.010175666866862443,1.0,1.0
1942-07-25,0.00800701186931122,1.0,1.0
1942-07-27,0.007264974695994915,1.0,1.0
1942-07-28,0.007170128271361959,1.0,1.0
1942-07-29,0.014543415609138681,1.0,1.0
1942-07-30,0.009466896760195145,1.0,1.0
1942-07-31,0.00848461124782961,1.0,1.0
1942-08-01,0.007424888938620026,1.0,1.0
1942-08-03,0.007299432339807778,1.0,1.0
1942-08-04,0.007198580225154992,1.0,1.0
1942-08-05,0.009607205349701232,1.0,1.0
1942-08-06,0.00786822428732913,1.0,1.0
1942-08-07,0.007413642983848926,1.0,1.0
1942-08-08,0.00714982361569933,1.0,1.0
1942-08-10,0.007028325197075758,1.0,1.0
1942-08-11,0.00727130534096006,1.0,1.0
1942-08-12,0.007038162424157396,1.0,1.0
1942-08-13,0.0075953650240539565,1.0,1.0
1942-08-14,0.008031014070434985,1.0,1.0
1942-08-15,0.007451343791020097,1.0,1.0
1942-08-17,0.007470294482910828,1.0,1.0
1942-08-18,0.009276122132894173,1.0,1.0
1942-08-19,0.007694101410765127,1.0,1.0
1942-08-20,0.00741053053886792,1.0,1.0
1942-08-21,0.007358214778238612,1.0,1.0
1942-08-22,0.007081854767982066,1.0,1.0
1942-08-24,0.006955107080425548,1.0,1.0
1942-08-25,0.008525799856181092,1.0,1.0
1942-08-26,0.014903606077399644,1.0,1.0
1942-08-27,0.01030567118268135,1.0,1.0
1942-08-28,0.008479188624076558,1.0,1.0
1942-08-29,0.0074230727408722726,1.0,1.0
1942-08-31,0.0070777096528766795,1.0,1.0
1942-09-01,0.0070040420742027,1.0,1.0
1942-09-02,0.0069233374431821055,1.0,1.0
1942-09-03,0.006899700256503942,1.0,1.0
1942-09-04,0.006891524607977909,1.0,1.0
1942-09-05,0.006942476968763245,1.0,1.0
1942-09-08,0.008049455226310459,1.0,1.0
1942-09-09,0.007406395334595163,1.0,1.0
1942-09-10,0.008594055049733903,1.0,1.0
1942-09-11,0.008586789725317541,1.0,1.0
1942-09-12,0.007452519684495478,1.0,1.0
1942-09-14,0.0070790557534230235,1.0,1.0
1942-09-15,0.007480017870642733,1.0,1.0
1942-09-16,0.007140691620790189,1.0,1.0
1942-09-17,0.006993615676555508,1.0,1.0
1942-09-18,0.008167017786733798,1.0,1.0
1942-09-19,0.007331711190402883,1.0,1.0
1942-09-21,0.007039029779482009,1.0,1.0
1942-09-22,0.007275054920579805,1.0,1.0
1942-09-23,0.008084714096571556,1.0,1.0
1942-09-24,0.014099628898135798,1.0,1.0
1942-09-25,0.009668190110800464,1.0,1.0
1942-09-26,0.007942498142688369,1.0,1.0
1942-09-28,0.007246642650721398,1.0,1.0
1942-09-29,0.007235567622382426,1.0,1.0
1942-09-30,0.007089570708160145,1.0,1.0
1942-10-01,0.008588172353277527,1.0,1.0
1942-10-02,0.015954845797091447,1.0,1.0
1942-10-03,0.010974333290955504,1.0,1.0
1942-10-05,0.010487110359091343,1.0,1.0
1942-10-06,0.008088884777397207,1.0,1.0
1942-10-07,0.00737990544744279,1.0,1.0
1942-10-08,0.025921314522866046,1.0,1.0
1942-10-09,0.014217902904794303,1.0,1.0
1942-10-10,0.013927415232626594,1.0,1.0
1942-10-13,0.010594443504167099,1.0,1.0
1942-10-14,0.008706922046687429,1.0,1.0
1942-10-15,0.01808856142097435,1.0,1.0
1942-10-16,0.011511062693060823,1.0,1.0
1942-10-17,0.008570870743966046,1.0,1.0
1942-10-19,0.0075432281153583886,1.0,1.0
1942-10-20,0.012519005604204023,1.0,1.0
1942-10-21,0.008775711875143118,1.0,1.0
1942-10-22,0.00758842722950166,1.0,1.0
1942-10-23,0.007166754283516361,1.0,1.0
1942-10-24,0.007251449925790207,1.0,1.0
1942-10-26,0.007280848343943214,1.0,1.0
1942-10-27,0.01308360315146973,1.0,1.0
1942-10-28,0.011293460864100846,1.0,1.0
1942-10-29,0.008361540634841258,1.0,1.0
1942-10-30,0.007791628099700142,1.0,1.0
1942-10-31,0.008379948431469464,1.0,1.0
1942-11-02,0.00912017425513668,1.0,1.0
1942-11-04,0.00802861942043872,1.0,1.0
1942-11-05,0.007292234318020924,1.0,1.0
1942-11-06,0.012657466633763948,1.0,1.0
1942-11-07,0.011122690894517362,1.0,1.0
1942-11-09,0.008653900659130636,1.0,1.0
1942-11-10,0.008925335407251583,1.0,1.0
1942-11-12,0.00756547037391963,1.0,1.0
1942-11-13,0.0077155757062414496,1.0,1.0
1942-11-14,0.008113557365209901,1.0,1.0
1942-11-16,0.013160553242037515,1.0,1.0
1942-11-17,0.016819325094034308,1.0,1.0
1942-11-18,0.010999109115073518,1.0,1.0
1942-11-19,0.008884391121917811,1.0,1.0
1942-11-20,0.011920711182752508,1.0,1.0
1942-11-21,0.009236062702174974,1.0,1.0
1942-11-23,0.019000150537509995,1.0,1.0
1942-11-24,0.01214031683744954,1.0,1.0
1942-11-25,0.009348380043567719,1.0,1.0
1942-11-27,0.008886254986667912,1.0,1.0
1942-11-28,0.008125634747129263,1.0,1.0
1942-11-30,0.00820408556820095,1.0,1.0
1942-12-01,0.007915894346107696,1.0,1.0
1942-12-02,0.00825691078206973,1.0,1.0
1942-12-03,0.008162101850685414,1.0,1.0
1942-12-04,0.008037359458676143,1.0,1.0
1942-12-05,0.007851195185472662,1.0,1.0
1942-12-07,0.008587936378992472,1.0,1.0
1942-12-08,0.009181277415798245,1.0,1.0
1942-12-09,0.008277884929702564,1.0,1.0
1942-12-10,0.007928199360035016,1.0,1.0
1942-12-11,0.007798324618539582,1.0,1.0
1942-12-12,0.007899265379646284,1.0,1.0
1942-12-14,0.0077883478572813285,1.0,1.0
1942-12-15,0.008242208978665403,1.0,1.0
1942-12-16,0.009208645093019725,1.0,1.0
1942-12-17,0.05532533045483229,1.0,1.0
1942-12-18,0.024696021028117562,1.0,1.0
1942-12-19,0.013718641943505104,1.0,1.0
1942-12-21,0.009901504648745648,1.0,1.0
1942-12-22,0.008508513083665287,1.0,1.0
1942-12-23,0.008115050274051034,1.0,1.0
1942-12-24,0.008706985358943035,1.0,1.0
1942-12-26,0.008237152134167357,1.0,1.0
1942-12-28,0.013084024867289252,1.0,1.0
1942-12-29,0.009960546715888644,1.0,1.0
1942-12-30,0.015144871812652701,1.0,1.0
1942-12-31,0.010447655962876733,1.0,1.0
1943-01-02,0.01201586938652533,1.0,1.0
1943-01-04,0.013635060681202878,1.0,1.0
1943-01-05,0.01085184024533798,1.0,1.0
1943-01-06,0.00880165710597438,1.0,1.0
1943-01-07,0.008136178863361604,1.0,1.0
1943-01-08,0.007984743470247193,1.0,1.0
1943-01-09,0.007982767910894051,1.0,1.0
1943-01-11,0.008112191989660202,1.0,1.0
1943-01-12,0.008284512696291173,1.0,1.0
1943-01-13,0.008149425471465683,1.0,1.0
1943-01-14,0.008906852298018722,1.0,1.0
1943-01-15,0.013088916790479656,1.0,1.0
1943-01-16,0.009687580054612737,1.0,1.0
1943-01-18,0.00846510877145888,1.0,1.0
1943-01-19,0.013514722931390163,1.0,1.0
1943-01-20,0.0097468895631035,1.0,1.0
1943-01-21,0.018198780747118774,1.0,1.0
1943-01-22,0.0114192638712779,1.0,1.0
1943-01-23,0.00928939690562276,1.0,1.0
1943-01-25,0.0130185596904875,1.0,1.0
1943-01-26,0.010693421455271497,1.0,1.0
1943-01-27,0.009128860479921794,1.0,1.0
1943-01-28,0.008385847066087958,1.0,1.0
1943-01-29,0.011447138934310415,1.0,1.0
1943-01-30,0.00947889610436481,1.0,1.0
1943-02-01,0.008828125464553811,1.0,1.0
1943-02-02,0.008102707950094375,1.0,1.0
1943-02-03,0.00918533450359668,1.0,1.0
1943-02-04,0.008315703713565012,1.0,1.0
1943-02-05,0.009415762146904386,1.0,1.0
1943-02-06,0.008308423107180022,1.0,1.0
1943-02-08,0.008326015174990745,1.0,1.0
1943-02-09,0.010279218781889986,1.0,1.0
1943-02-10,0.014809249411191477,1.0,1.0
1943-02-11,0.01044636317212185,1.0,1.0
1943-02-13,0.009646978651727124,1.0,1.0
1943-02-15,0.012187089146402227,1.0,1.0
1943-02-16,0.00957943897328592,1.0,1.0
1943-02-17,0.0084325961620536,1.0,1.0
1943-02-18,0.017607025831208892,1.0,1.0
1943-02-19,0.011308720299918905,1.0,1.0
1943-02-20,0.018583683577045176,1.0,1.0
1943-02-23,0.0160632922852533,1.0,1.0
1943-02-24,0.013528096636421238,1.0,1.0
1943-02-25,0.011788049421574394,1.0,1.0
1943-02-26,0.009126321915848211,1.0,1.0
1943-02-27,0.00869918007490708,1.0,1.0
1943-03-01,0.010093872230964173,1.0,1.0
1943-03-02,0.011210234667785736,1.0,1.0
1943-03-03,0.02191742042392549,1.0,1.0
1943-03-04,0.013223565672587066,1.0,1.0
1943-03-05,0.010090892575097392,1.0,1.0
1943-03-06,0.008669506872133144,1.0,1.0
1943-03-08,0.00827666384707056,1.0,1.0
1943-03-09,0.010840970567922175,1.0,1.0
1943-03-10,0.009989366899632472,1.0,1.0
1943-03-11,0.01718506671969458,1.0,1.0
1943-03-12,0.01332537704535782,1.0,1.0
1943-03-13,0.009665618165353511,1.0,1.0
1943-03-15,0.008426712010378498,1.0,1.0
1943-03-16,0.008897753416047248,1.0,1.0
1943-03-17,0.011438395290669746,1.0,1.0
1943-03-18,0.009021881213895796,1.0,1.0
1943-03-19,0.008786699519973197,1.0,1.0
1943-03-20,0.008190684020536708,1.0,1.0
1943-03-22,0.008162020249133475,1.0,1.0
1943-03-23,0.008769623570225009,1.0,1.0
1943-03-24,0.008956868521381866,1.0,1.0
1943-03-25,0.05592837984636031,1.0,1.0
1943-03-26,0.032551661651173326,1.0,1.0
1943-03-27,0.016483541839346777,1.0,1.0
1943-03-29,0.02673307125597755,1.0,1.0
1943-03-30,0.018866457158203745,1.0,1.0
1943-03-31,0.011915117387289802,1.0,1.0
1943-04-01,0.009187221918346249,1.0,1.0
1943-04-02,0.00944924237480377,1.0,1.0
1943-04-03,0.008355446338823284,1.0,1.0
1943-04-05,0.023906126534373493,1.0,1.0
1943-04-06,0.01404839231169973,1.0,1.0
1943-04-07,0.012139162578839492,1.0,1.0
1943-04-08,0.010498857567096414,1.0,1.0
1943-04-09,0.9789617387860622,0.0,1.0
1943-04-10,0.8513247387398237,0.0,1.0
1943-04-12,0.6194909691858574,0.0,1.0
1943-04-13,0.35327428763085483,1.0,1.0
1943-04-14,0.3517717736769006,1.0,1.0
1943-04-15,0.21545474358484523,1.0,1.0
1943-04-16,0.10539665092358745,1.0,1.0
1943-04-17,0.047654152186568745,1.0,1.0
1943-04-19,0.022950429676076155,1.0,1.0
1943-04-20,0.01690164940472008,1.0,1.0
1943-04-21,0.018776412635100274,1.0,1.0
1943-04-22,0.013176411207451383,1.0,1.0
1943-04-24,0.01072026864905114,1.0,1.0
1943-04-26,0.00985331445025979,1.0,1.0
1943-04-27,0.009757044382938751,1.0,1.0
1943-04-28,0.009748870254216549,1.0,1.0
1943-04-29,0.017425500195610063,1.0,1.0
1943-04-30,0.012144556770689529,1.0,1.0
1943-05-01,0.012262295251837127,1.0,1.0
1943-05-03,0.029622462076469486,1.0,1.0
1943-05-04,0.018759498516252904,1.0,1.0
1943-05-05,0.014594149764084092,1.0,1.0
1943-05-06,0.011659332294601431,1.0,1.0
1943-05-07,0.03366733823707262,1.0,1.0
1943-05-08,0.03214793178896484,1.0,1.0
1943-05-10,0.018422971941111387,1.0,1.0
1943-05-11,0.01407765431175531,1.0,1.0
1943-05-12,0.01245142862533728,1.0,1.0
1943-05-13,0.011679779173814216,1.0,1.0
1943-05-14,0.021199749857183196,1.0,1.0
1943-05-15,0.014108509075074348,1.0,1.0
1943-05-17,0.011051651112619758,1.0,1.0
1943-05-18,0.01253836384496265,1.0,1.0
1943-05-19,0.020208985338298725,1.0,1.0
1943-05-20,0.013339750017131325,1.0,1.0
1943-05-21,0.010829879395256129,1.0,1.0
1943-05-22,0.009882708187115027,1.0,1.0
1943-05-24,0.009677723468496007,1.0,1.0
1943-05-25,0.00965767801977451,1.0,1.0
1943-05-26,0.014700594777307873,1.0,1.0
1943-05-27,0.011782286779676448,1.0,1.0
1943-05-28,0.010450539063476382,1.0,1.0
1943-05-29,0.011413243178121563,1.0,1.0
1943-06-01,0.010668882382654067,1.0,1.0
1943-06-02,0.009973718735899884,1.0,1.0
1943-06-03,0.011147514727747351,1.0,1.0
1943-06-04,0.010996311575771436,1.0,1.0
1943-06-05,0.012514332665751582,1.0,1.0
1943-06-07,0.01669327600212908,1.0,1.0
1943-06-08,0.015845766431993157,1.0,1.0
1943-06-09,0.011715013564842334,1.0,1.0
1943-06-10,0.010288280756634967,1.0,1.0
1943-06-11,0.010669758201852092,1.0,1.0
1943-06-12,0.010160702742341736,1.0,1.0
1943-06-14,0.06279529942907934,1.0,1.0
1943-06-15,0.02882248781006542,1.0,1.0
1943-06-16,0.01739784742302717,1.0,1.0
1943-06-17,0.01219122021679078,1.0,1.0
1943-06-18,0.010774928090563057,1.0,1.0
1943-06-19,0.009905987222741913,1.0,1.0
1943-06-21,0.014762051012351129,1.0,1.0
1943-06-22,0.011355088302951214,1.0,1.0
1943-06-23,0.014080247332221324,1.0,1.0
1943-06-24,0.012716246324810552,1.0,1.0
1943-06-25,0.022074833131307047,1.0,1.0
1943-06-26,0.014913927400181038,1.0,1.0
1943-06-28,0.01233345672287166,1.0,1.0
1943-06-29,0.011634133484863522,1.0,1.0
1943-06-30,0.011813919815211552,1.0,1.0
1943-07-01,0.010259412656836433,1.0,1.0
1943-07-02,0.00968553959498523,1.0,1.0
1943-07-03,0.009499527337022608,1.0,1.0
1943-07-06,0.009440702712592803,1.0,1.0
1943-07-07,0.01001238779434385,1.0,1.0
1943-07-08,0.009676960988471756,1.0,1.0
1943-07-09,0.009994835680228055,1.0,1.0
1943-07-10,0.009590062921802762,1.0,1.0
1943-07-12,0.010724091125563643,1.0,1.0
1943-07-13,0.013392790621432785,1.0,1.0
1943-07-14,0.012603247256995803,1.0,1.0
1943-07-15,0.015361425246777824,1.0,1.0
1943-07-16,0.011650492147573887,1.0,1.0
1943-07-17,0.010144297535492341,1.0,1.0
1943-07-19,0.009750066823008448,1.0,1.0
1943-07-20,0.01452107110558995,1.0,1.0
1943-07-21,0.011144169539850361,1.0,1.0
1943-07-22,0.010040247995043057,1.0,1.0
1943-07-23,0.009609827015764651,1.0,1.0
1943-07-24,0.009440445851689178,1.0,1.0
1943-07-26,0.051655782214507895,1.0,1.0
1943-07-27,0.85062128231102,0.0,1.0
1943-07-28,0.6819420693429095,0.0,1.0
1943-07-29,0.7750154360120085,0.0,1.0
1943-07-30,0.9292682358454246,0.0,1.0
1943-07-31,0.9149339416408374,0.0,1.0
1943-08-02,0.9631142473827979,0.0,0.0
1943-08-03,0.9396248151641919,0.0,0.0
1943-08-04,0.8224658476183063,0.0,0.0
1943-08-05,0.5864173088089201,0.0,0.0
1943-08-06,0.46038393602649336,1.0,0.0
1943-08-07,0.22821687854278683,1.0,0.0
1943-08-09,0.09658228355768053,1.0,1.0
1943-08-10,0.0792016931369635,1.0,1.0
1943-08-11,0.04356294876730558,1.0,1.0
1943-08-12,0.025825525057351244,1.0,1.0
1943-08-13,0.017560179646211756,1.0,1.0
1943-08-14,0.01220624080005432,1.0,1.0
1943-08-16,0.010451829421520046,1.0,1.0
1943-08-17,0.010448789334577492,1.0,1.0
1943-08-18,0.01059381082845552,1.0,1.0
1943-08-19,0.009857028452935524,1.0,1.0
1943-08-20,0.018575171251789632,1.0,1.0
1943-08-21,0.021742978950132684,1.0,1.0
1943-08-23,0.024844476552452772,1.0,1.0
1943-08-24,0.017505487062207843,1.0,1.0
1943-08-25,0.013128329267311431,1.0,1.0
1943-08-26,0.01078260816877674,1.0,1.0
1943-08-27,0.011161932038296622,1.0,1.0
1943-08-28,0.009975026746433153,1.0,1.0
1943-08-30,0.009565703255905552,1.0,1.0
1943-08-31,0.0149806590500529,1.0,1.0
1943-09-01,0.012076374518401321,1.0,1.0
1943-09-02,0.010300471747545063,1.0,1.0
1943-09-03,0.010028791435836843,1.0,1.0
1943-09-04,0.009717918708979775,1.0,1.0
1943-09-07,0.009478783174875606,1.0,1.0
1943-09-08,0.011632089681790754,1.0,1.0
1943-09-09,0.01791623351121516,1.0,1.0
1943-09-10,0.012338240404192525,1.0,1.0
1943-09-11,0.010404702272956909,1.0,1.0
1943-09-13,0.010005949859549668,1.0,1.0
1943-09-14,0.010220078117284434,1.0,1.0
1943-09-15,0.014157819632183561,1.0,1.0
1943-09-16,0.014399482963089792,1.0,1.0
1943-09-17,0.025209593607752642,1.0,1.0
1943-09-18,0.025519287121125448,1.0,1.0
1943-09-20,0.01893483506861225,1.0,1.0
1943-09-21,0.015471397976711014,1.0,1.0
1943-09-22,0.016474062042911537,1.0,1.0
1943-09-23,0.021243930541827948,1.0,1.0
1943-09-24,0.016250162791638222,1.0,1.0
1943-09-25,0.014542005638957115,1.0,1.0
1943-09-27,0.024555102041095688,1.0,1.0
1943-09-28,0.018169074157501606,1.0,1.0
1943-09-29,0.01514771339556722,1.0,1.0
1943-09-30,0.014374941265836022,1.0,1.0
1943-10-01,0.013776689208042588,1.0,1.0
1943-10-02,0.013837554931306319,1.0,1.0
1943-10-04,0.01816034671642084,1.0,1.0
1943-10-05,0.018805499608600527,1.0,1.0
1943-10-06,0.040928421513499035,1.0,1.0
1943-10-07,0.08599098627625214,1.0,1.0
1943-10-08,0.04093665981620776,1.0,1.0
1943-10-09,0.026353775785754093,1.0,1.0
1943-10-11,0.027510226523538697,1.0,1.0
1943-10-13,0.01958388032570228,1.0,1.0
1943-10-14,0.017825538258215146,1.0,1.0
1943-10-15,0.017230106070425952,1.0,1.0
1943-10-16,0.015473940994583716,1.0,1.0
1943-10-18,0.01456575665666959,1.0,1.0
1943-10-19,0.014493492312490603,1.0,1.0
1943-10-20,0.013949246119198074,1.0,1.0
1943-10-21,0.022130744502246415,1.0,1.0
1943-10-22,0.017422299188473128,1.0,1.0
1943-10-23,0.014934894576931871,1.0,1.0
1943-10-25,0.014510960671484767,1.0,1.0
1943-10-26,0.01414612513754252,1.0,1.0
1943-10-27,0.01642533706377599,1.0,1.0
1943-10-28,0.015164167625889919,1.0,1.0
1943-10-29,0.018267328721305057,1.0,1.0
1943-10-30,0.015178915068031387,1.0,1.0
1943-11-01,0.01441696968326999,1.0,1.0
1943-11-03,0.0356685080998933,1.0,1.0
1943-11-04,0.05735627250210062,1.0,1.0
1943-11-05,0.03658890219877601,1.0,1.0
1943-11-06,0.021957833149204003,1.0,1.0
1943-11-08,0.9903495208128388,0.0,0.0
1943-11-09,0.8403176350777694,0.0,0.0
1943-11-10,0.7527446227997279,0.0,0.0
1943-11-12,0.5589621599519483,0.0,0.0
1943-11-13,0.3115968317798333,1.0,0.0
1943-11-15,0.14021261196116824,1.0,1.0
1943-11-16,0.07098597031153972,1.0,1.0
1943-11-17,0.049279596253899854,1.0,1.0
1943-11-18,0.0277231482600751,1.0,1.0
1943-11-19,0.05014879712730943,1.0,1.0
1943-11-20,0.03114980331215886,1.0,1.0
1943-11-22,0.022067673069756724,1.0,1.0
1943-11-23,0.01718326094479703,1.0,1.0
1943-11-24,0.016337859673680146,1.0,1.0
1943-11-26,0.024370877947804806,1.0,1.0
1943-11-27,0.019855515696961982,1.0,1.0
1943-11-29,0.03982742281061514,1.0,1.0
1943-11-30,0.02282676189773735,1.0,1.0
1943-12-01,0.028630651279616434,1.0,1.0
1943-12-02,0.026705602078819134,1.0,1.0
1943-12-03,0.01818072010493955,1.0,1.0
1943-12-04,0.015137512178361222,1.0,1.0
1943-12-06,0.015476279841573204,1.0,1.0
1943-12-07,0.019926772462859843,1.0,1.0
1943-12-08,0.030786902957052987,1.0,1.0
1943-12-09,0.021672404599920533,1.0,1.0
1943-12-10,0.020217128073027966,1.0,1.0
1943-12-11,0.015984733517618928,1.0,1.0
1943-12-13,0.016683559285857755,1.0,1.0
1943-12-14,0.01642923094893947,1.0,1.0
1943-12-15,0.014497017539748162,1.0,1.0
1943-12-16,0.014774836868934382,1.0,1.0
1943-12-17,0.014747951982245582,1.0,1.0
1943-12-18,0.014676277206548656,1.0,1.0
1943-12-20,0.01398994999084712,1.0,1.0
1943-12-21,0.015557782914943634,1.0,1.0
1943-12-22,0.014596059903269223,1.0,1.0
1943-12-23,0.014096144450352075,1.0,1.0
1943-12-24,0.013678818280161598,1.0,1.0
1943-12-27,0.013960545001355403,1.0,1.0
1943-12-28,0.027420651341212698,1.0,1.0
1943-12-29,0.019821532392635566,1.0,1.0
1943-12-30,0.09016330485403509,1.0,1.0
1943-12-31,0.041626555529168184,1.0,1.0
1944-01-03,0.024481935831377418,1.0,1.0
1944-01-04,0.03295338197522562,1.0,1.0
1944-01-05,0.0351576328353037,1.0,1.0
1944-01-06,0.02303102672063926,1.0,1.0
1944-01-07,0.01753888799353307,1.0,1.0
1944-01-08,0.014955657681621432,1.0,1.0
1944-01-10,0.01500026343289307,1.0,1.0
1944-01-11,0.016089628809262183,1.0,1.0
1944-01-12,0.021277743794666255,1.0,1.0
1944-01-13,0.018142897824570556,1.0,1.0
1944-01-14,0.01868034051279555,1.0,1.0
1944-01-15,0.0168489263287513,1.0,1.0
1944-01-17,0.016596547978831915,1.0,1.0
1944-01-18,0.015934469330503014,1.0,1.0
1944-01-19,0.014509938441226876,1.0,1.0
1944-01-20,0.01381026714846155,1.0,1.0
1944-01-21,0.013662203057091385,1.0,1.0
1944-01-22,0.013680389089804259,1.0,1.0
1944-01-24,0.014327020090943252,1.0,1.0
1944-01-25,0.014340055548535662,1.0,1.0
1944-01-26,0.028939729561965676,1.0,1.0
1944-01-27,0.019659458526459304,1.0,1.0
1944-01-28,0.017424948496662263,1.0,1.0
1944-01-29,0.014834658780352146,1.0,1.0
1944-01-31,0.014070191492684169,1.0,1.0
1944-02-01,0.013661891464526543,1.0,1.0
1944-02-02,0.01438206597362164,1.0,1.0
1944-02-03,0.025815989931267835,1.0,1.0
1944-02-04,0.027533597090641432,1.0,1.0
1944-02-05,0.018519947837679455,1.0,1.0
1944-02-07,0.017842930927208334,1.0,1.0
1944-02-08,0.017352156559305852,1.0,1.0
1944-02-09,0.01498550352827116,1.0,1.0
1944-02-10,0.016905500024693237,1.0,1.0
1944-02-11,0.015178935911634613,1.0,1.0
1944-02-14,0.014057345641635353,1.0,1.0
1944-02-15,0.015607877420032643,1.0,1.0
1944-02-16,0.014614167123253302,1.0,1.0
1944-02-17,0.01620194267259898,1.0,1.0
1944-02-18,0.018519100846498125,1.0,1.0
1944-02-19,0.01634214899249058,1.0,1.0
1944-02-21,0.015413016039351527,1.0,1.0
1944-02-23,0.018329362236213006,1.0,1.0
1944-02-24,0.016055153138442156,1.0,1.0
1944-02-25,0.015294652760335587,1.0,1.0
1944-02-26,0.015141819025007138,1.0,1.0
1944-02-28,0.01492636721420507,1.0,1.0
1944-02-29,0.022903957186664735,1.0,1.0
1944-03-01,0.018291704594961985,1.0,1.0
1944-03-02,0.01606519861150604,1.0,1.0
1944-03-03,0.01521617051700647,1.0,1.0
1944-03-04,0.015035147493927132,1.0,1.0
1944-03-06,0.015375682985011737,1.0,1.0
1944-03-07,0.019293705490456933,1.0,1.0
1944-03-08,0.022450098712824076,1.0,1.0
1944-03-09,0.018288495856968776,1.0,1.0
1944-03-10,0.01747491818503587,1.0,1.0
1944-03-11,0.01598121640572112,1.0,1.0
1944-03-13,0.020113196045424057,1.0,1.0
1944-03-14,0.01836415202633053,1.0,1.0
1944-03-15,0.017062199613493544,1.0,1.0
1944-03-16,0.01573414225797406,1.0,1.0
1944-03-17,0.015123973693869235,1.0,1.0
1944-03-18,0.017164285445874145,1.0,1.0
1944-03-20,0.019723493644902813,1.0,1.0
1944-03-21,0.01699350489516495,1.0,1.0
1944-03-22,0.016057609275802482,1.0,1.0
1944-03-23,0.03228719400070071,1.0,1.0
1944-03-24,0.020922655516035307,1.0,1.0
1944-03-25,0.01704560663514903,1.0,1.0
1944-03-27,0.01668254859330277,1.0,1.0
1944-03-28,0.07050265887070696,1.0,1.0
1944-03-29,0.03715713852003473,1.0,1.0
1944-03-30,0.028696265437857714,1.0,1.0
1944-03-31,0.019515023667093265,1.0,1.0
1944-04-01,0.01645683540629343,1.0,1.0
1944-04-03,0.0239724428127997,1.0,1.0
1944-04-04,0.017938324493441574,1.0,1.0
1944-04-05,0.016030220243177462,1.0,1.0
1944-04-06,0.015667174548263014,1.0,1.0
1944-04-08,0.015161895643786245,1.0,1.0
1944-04-10,0.015375674710402428,1.0,1.0
1944-04-11,0.01511289279839093,1.0,1.0
1944-04-12,0.021003710536114162,1.0,1.0
1944-04-13,0.01969690276888047,1.0,1.0
1944-04-14,0.016597702205944018,1.0,1.0
1944-04-15,0.015437847801376274,1.0,1.0
1944-04-17,0.017167414836900353,1.0,1.0
1944-04-18,0.16476138117440128,1.0,1.0
1944-04-19,0.08603938474038964,1.0,1.0
1944-04-20,0.05568528498218022,1.0,1.0
1944-04-21,0.028776121002066328,1.0,1.0
1944-04-22,0.020023263535758624,1.0,1.0
1944-04-24,0.042749510306563036,1.0,1.0
1944-04-25,0.02450163927348837,1.0,1.0
1944-04-26,0.020613257498387712,1.0,1.0
1944-04-27,0.01714203021180503,1.0,1.0
1944-04-28,0.01604925278103674,1.0,1.0
1944-04-29,0.01531467483373884,1.0,1.0
1944-05-01,0.019446966778541915,1.0,1.0
1944-05-02,0.017301901624526154,1.0,1.0
1944-05-03,0.017310112010152225,1.0,1.0
1944-05-04,0.016016596705222597,1.0,1.0
1944-05-05,0.017372019933207108,1.0,1.0
1944-05-06,0.01568276171947825,1.0,1.0
1944-05-08,0.01627563230129206,1.0,1.0
1944-05-09,0.01533010005536418,1.0,1.0
1944-05-10,0.01498916527883196,1.0,1.0
1944-05-11,0.014860820350356907,1.0,1.0
1944-05-12,0.024026399409221088,1.0,1.0
1944-05-13,0.018005106026749776,1.0,1.0
1944-05-15,0.015894679769993387,1.0,1.0
1944-05-16,0.015188850458823155,1.0,1.0
1944-05-17,0.019213919600829084,1.0,1.0
1944-05-18,0.01649617528158771,1.0,1.0
1944-05-19,0.015420513200069288,1.0,1.0
1944-05-20,0.015011686118886248,1.0,1.0
1944-05-22,0.014945070023546204,1.0,1.0
1944-05-23,0.015344684958465539,1.0,1.0
1944-05-24,0.01584372874146136,1.0,1.0
1944-05-25,0.015561251570709868,1.0,1.0
1944-05-26,0.015413130136071956,1.0,1.0
1944-05-27,0.01514857910965567,1.0,1.0
1944-05-29,0.015033227084706884,1.0,1.0
1944-05-31,0.01932569224314543,1.0,1.0
1944-06-01,0.016617091415933948,1.0,1.0
1944-06-02,0.015826210461032775,1.0,1.0
1944-06-03,0.015239809931187169,1.0,1.0
1944-06-05,0.021062942044875074,1.0,1.0
1944-06-06,0.018490645521889476,1.0,1.0
1944-06-07,0.017039190138560808,1.0,1.0
1944-06-08,0.017329554376202278,1.0,1.0
1944-06-09,0.01564894652732107,1.0,1.0
1944-06-10,0.016799777120699334,1.0,1.0
1944-06-12,0.06337482025587775,1.0,1.0
1944-06-13,0.04442507303966394,1.0,1.0
1944-06-14,0.0248383068169414,1.0,1.0
1944-06-15,0.021027751711365335,1.0,1.0
1944-06-16,0.025085157775269436,1.0,1.0
1944-06-17,0.019058179582591397,1.0,1.0
1944-06-19,0.018785919455673254,1.0,1.0
1944-06-20,0.01662216669136034,1.0,1.0
1944-06-21,0.01825700729146782,1.0,1.0
1944-06-22,0.016111064776620436,1.0,1.0
1944-06-23,0.015242035832268934,1.0,1.0
1944-06-24,0.014972610330160323,1.0,1.0
1944-06-26,0.017723534613715043,1.0,1.0
1944-06-27,0.017365420322246326,1.0,1.0
1944-06-28,0.018278781379748664,1.0,1.0
1944-06-29,0.01626028117320054,1.0,1.0
1944-06-30,0.015608664462797862,1.0,1.0
1944-07-01,0.015067936562040378,1.0,1.0
1944-07-03,0.021179177884499894,1.0,1.0
1944-07-05,0.01833633344694902,1.0,1.0
1944-07-06,0.01827157412330666,1.0,1.0
1944-07-07,0.016083843635085894,1.0,1.0
1944-07-08,0.01776342126676599,1.0,1.0
1944-07-10,0.016557772754802868,1.0,1.0
1944-07-11,0.016508000132608808,1.0,1.0
1944-07-12,0.015362405079151592,1.0,1.0
1944-07-13,0.016243641246442845,1.0,1.0
1944-07-14,0.015461959833081048,1.0,1.0
1944-07-15,0.015141882952756796,1.0,1.0
1944-07-17,0.04225711268630261,1.0,1.0
1944-07-18,0.04867982517249908,1.0,1.0
1944-07-19,0.0381824799647697,1.0,1.0
1944-07-20,0.03585024297739221,1.0,1.0
1944-07-21,0.12762398162471522,1.0,1.0
1944-07-22,0.12982797401697663,1.0,1.0
1944-07-24,0.05308882853927713,1.0,1.0
1944-07-25,0.044810198467832234,1.0,1.0
1944-07-26,0.025149499158198845,1.0,1.0
1944-07-27,0.017194583825173963,1.0,1.0
1944-07-28,0.019822374110644574,1.0,1.0
1944-07-29,0.015540617619939644,1.0,1.0
1944-07-31,0.014523801521225791,1.0,1.0
1944-08-01,0.015249463026454337,1.0,1.0
1944-08-02,0.01421237910123891,1.0,1.0
1944-08-03,0.021038260250314782,1.0,1.0
1944-08-04,0.03131777718574759,1.0,1.0
1944-08-05,0.019251998339658034,1.0,1.0
1944-08-07,0.01529612144362072,1.0,1.0
1944-08-08,0.017124972568124085,1.0,1.0
1944-08-09,0.015117090199196971,1.0,1.0
1944-08-10,0.017274413852909485,1.0,1.0
1944-08-11,0.016991026897631194,1.0,1.0
1944-08-12,0.014807911055858991,1.0,1.0
1944-08-14,0.013928814446949114,1.0,1.0
1944-08-15,0.014200633491861975,1.0,1.0
1944-08-16,0.017887808239766996,1.0,1.0
1944-08-17,0.021363435983310038,1.0,1.0
1944-08-18,0.01684488269013285,1.0,1.0
1944-08-21,0.01665557183814129,1.0,1.0
1944-08-22,0.026511329386186555,1.0,1.0
1944-08-23,0.017620775864898717,1.0,1.0
1944-08-24,0.022140704854930186,1.0,1.0
1944-08-25,0.016637115281368905,1.0,1.0
1944-08-28,0.015039886133200894,1.0,1.0
1944-08-29,0.013959516292347481,1.0,1.0
1944-08-30,0.01429703657780345,1.0,1.0
1944-08-31,0.01438073289553898,1.0,1.0
1944-09-01,0.014078275572104936,1.0,1.0
1944-09-05,0.02267195704511475,1.0,1.0
1944-09-06,0.6959873131151607,0.0,1.0
1944-09-07,0.4190887325516831,0.0,1.0
1944-09-08,0.18352982361820425,1.0,1.0
1944-09-09,0.08043644001889404,1.0,1.0
1944-09-11,0.041983618966334874,1.0,1.0
1944-09-12,0.023501103851706697,1.0,1.0
1944-09-13,0.04546620170395105,1.0,1.0
1944-09-14,0.03681299556993652,1.0,1.0
1944-09-15,0.03486564634593324,1.0,1.0
1944-09-16,0.022327197071214607,1.0,1.0
1944-09-18,0.016277250808570287,1.0,1.0
1944-09-19,0.021628846872394303,1.0,1.0
1944-09-20,0.01613025642497388,1.0,1.0
1944-09-21,0.016065497654516803,1.0,1.0
1944-09-22,0.014347335606710625,1.0,1.0
1944-09-23,0.014027124066036466,1.0,1.0
1944-09-25,0.015797997854705224,1.0,1.0
1944-09-26,0.014762539586944953,1.0,1.0
1944-09-27,0.01392301410091745,1.0,1.0
1944-09-28,0.014198714125957645,1.0,1.0
1944-09-29,0.014317225178314037,1.0,1.0
1944-09-30,0.014683763318634493,1.0,1.0
1944-10-02,0.014000341423832404,1.0,1.0
1944-10-03,0.014117046936269471,1.0,1.0
1944-10-04,0.015106958891560182,1.0,1.0
1944-10-05,0.017912494060425735,1.0,1.0
1944-10-06,0.014904046173719444,1.0,1.0
1944-10-07,0.013996329082744147,1.0,1.0
1944-10-09,0.02613114302567466,1.0,1.0
1944-10-10,0.017498420722653667,1.0,1.0
1944-10-11,0.016950613932888606,1.0,1.0
1944-10-13,0.014813942807877236,1.0,1.0
1944-10-14,0.01397890816465978,1.0,1.0
1944-10-16,0.017216085987379125,1.0,1.0
1944-10-17,0.014958064028097318,1.0,1.0
1944-10-18,0.01664319620394638,1.0,1.0
1944-10-19,0.015514292564685424,1.0,1.0
1944-10-20,0.015646712153338065,1.0,1.0
1944-10-21,0.014146652763245525,1.0,1.0
1944-10-23,0.0968330756732356,1.0,1.0
1944-10-24,0.0412518533735685,1.0,1.0
1944-10-25,0.022689716153480387,1.0,1.0
1944-10-26,0.027933211639224964,1.0,1.0
1944-10-27,0.018108274930413844,1.0,1.0
1944-10-28,0.015440847553105019,1.0,1.0
1944-10-30,0.016260531250326813,1.0,1.0
1944-10-31,0.014478635705135676,1.0,1.0
1944-11-01,0.013934498553517137,1.0,1.0
1944-11-02,0.015764029529803804,1.0,1.0
1944-11-03,0.014242416024002506,1.0,1.0
1944-11-04,0.013703921042617048,1.0,1.0
1944-11-06,0.013818758817509403,1.0,1.0
1944-11-08,0.01487204129755785,1.0,1.0
1944-11-09,0.015280171934107125,1.0,1.0
1944-11-10,0.014461220350987772,1.0,1.0
1944-11-13,0.027238251951754087,1.0,1.0
1944-11-14,0.05904579436931123,1.0,1.0
1944-11-15,0.02990236174688199,1.0,1.0
1944-11-16,0.019167398926534997,1.0,1.0
1944-11-17,0.015711745689998113,1.0,1.0
1944-11-18,0.014170579984845664,1.0,1.0
1944-11-20,0.013742737980906347,1.0,1.0
1944-11-21,0.0160553849802903,1.0,1.0
1944-11-22,0.014282312109033668,1.0,1.0
1944-11-24,0.015614839016118801,1.0,1.0
1944-11-25,0.014139777374935278,1.0,1.0
1944-11-27,0.013673724296732668,1.0,1.0
1944-11-28,0.013525868370540194,1.0,1.0
1944-11-29,0.016233268481628274,1.0,1.0
1944-11-30,0.014411258889658557,1.0,1.0
1944-12-01,0.013850221755796113,1.0,1.0
1944-12-02,0.013659919984276602,1.0,1.0
1944-12-04,0.016560502348488635,1.0,1.0
1944-12-05,0.015041877901877401,1.0,1.0
1944-12-06,0.01397179456202473,1.0,1.0
1944-12-07,0.014185664863910197,1.0,1.0
1944-12-08,0.018060238814778286,1.0,1.0
1944-12-09,0.016697780287152773,1.0,1.0
1944-12-11,0.014647656966541927,1.0,1.0
1944-12-12,0.014558872372621465,1.0,1.0
1944-12-13,0.0149605103142465,1.0,1.0
1944-12-14,0.01426670641235541,1.0,1.0
1944-12-15,0.021189985398072094,1.0,1.0
1944-12-16,0.016051729040353707,1.0,1.0
1944-12-18,0.020188570355750342,1.0,1.0
1944-12-19,0.015597448687308805,1.0,1.0
1944-12-20,0.024454655805243215,1.0,1.0
1944-12-21,0.019032165613005417,1.0,1.0
1944-12-22,0.015649672045829604,1.0,1.0
1944-12-23,0.013996070102909668,1.0,1.0
1944-12-26,0.02099732919859762,1.0,1.0
1944-12-27,0.03499354209329936,1.0,1.0
1944-12-28,0.04913177272286276,1.0,1.0
1944-12-29,0.09035880103471446,1.0,1.0
1944-12-30,0.037218369101346904,1.0,1.0
1945-01-02,0.021048564530639104,1.0,1.0
1945-01-03,0.03006137412926973,1.0,1.0
1945-01-04,0.018757576215020458,1.0,1.0
1945-01-05,0.016021928839156502,1.0,1.0
1945-01-06,0.015069659716332725,1.0,1.0
1945-01-08,0.03884068204973494,1.0,1.0
1945-01-09,0.021129472692203125,1.0,1.0
1945-01-10,0.019569136304176435,1.0,1.0
1945-01-11,0.01540550875920859,1.0,1.0
1945-01-12,0.015596012922665452,1.0,1.0
1945-01-13,0.014002578940678037,1.0,1.0
1945-01-15,0.021863128299183153,1.0,1.0
1945-01-16,0.016061870163307092,1.0,1.0
1945-01-17,0.020818770856155223,1.0,1.0
1945-01-18,0.021611740897739783,1.0,1.0
1945-01-19,0.04020776884176341,1.0,1.0
1945-01-20,0.03805992916186648,1.0,1.0
1945-01-22,0.02527131166392553,1.0,1.0
1945-01-23,0.022215165276468607,1.0,1.0
1945-01-24,0.01599642598632539,1.0,1.0
1945-01-25,0.020790296493336295,1.0,1.0
1945-01-26,0.02407139878313308,1.0,1.0
1945-01-27,0.017908988641006318,1.0,1.0
1945-01-29,0.014655546968926538,1.0,1.0
1945-01-30,0.022481907738798483,1.0,1.0
1945-01-31,0.01607396904276981,1.0,1.0
1945-02-01,0.014731834128687149,1.0,1.0
1945-02-02,0.02187072519029277,1.0,1.0
1945-02-03,0.01646705845606829,1.0,1.0
1945-02-05,0.015538729608868025,1.0,1.0
1945-02-06,0.013998710661920984,1.0,1.0
1945-02-07,0.013718323038740075,1.0,1.0
1945-02-08,0.013477015024574494,1.0,1.0
1945-02-09,0.018589682425751614,1.0,1.0
1945-02-10,0.014927403395208453,1.0,1.0
1945-02-13,0.04374563749928657,1.0,1.0
1945-02-14,0.026885936295143922,1.0,1.0
1945-02-15,0.022819571713747842,1.0,1.0
1945-02-16,0.01658795657341208,1.0,1.0
1945-02-17,0.014284887322538947,1.0,1.0
1945-02-19,0.017026810977786622,1.0,1.0
1945-02-20,0.014532668364645089,1.0,1.0
1945-02-21,0.01420497499557096,1.0,1.0
1945-02-23,0.014570304391088295,1.0,1.0
1945-02-24,0.01564419280722336,1.0,1.0
1945-02-26,0.015571992521703581,1.0,1.0
1945-02-27,0.019202979717472583,1.0,1.0
1945-02-28,0.02115398379936312,1.0,1.0
1945-03-01,0.016182516091307015,1.0,1.0
1945-03-02,0.021167275214482077,1.0,1.0
1945-03-03,0.016135583843672044,1.0,1.0
1945-03-05,0.016159012137893832,1.0,1.0
1945-03-06,0.01583219675462051,1.0,1.0
1945-03-07,0.014446185824871548,1.0,1.0
1945-03-08,0.3302936044953386,0.0,1.0
1945-03-09,0.8902517969884649,0.0,0.0
1945-03-10,0.6234967869336506,0.0,0.0
1945-03-12,0.3497495767022296,0.0,0.0
1945-03-13,0.14059273256232138,1.0,1.0
1945-03-14,0.0547788646972179,1.0,1.0
1945-03-15,0.028936457860359095,1.0,1.0
1945-03-16,0.017983853296942742,1.0,1.0
1945-03-17,0.014713729005704576,1.0,1.0
1945-03-19,0.02348833057227885,1.0,1.0
1945-03-20,0.07179446608062531,1.0,1.0
1945-03-21,0.10805360003662118,1.0,1.0
1945-03-22,0.043709836515050976,1.0,1.0
1945-03-23,0.023530594687347965,1.0,1.0
1945-03-24,0.03204524922247209,1.0,1.0
1945-03-26,0.39836020161425756,0.0,1.0
1945-03-27,0.17744237711606484,1.0,1.0
1945-03-28,0.11056806739105432,1.0,1.0
1945-03-29,0.0447833678165558,1.0,1.0
1945-03-31,0.023215972341896006,1.0,1.0
1945-04-02,0.024862147089708325,1.0,1.0
1945-04-03,0.017102290604357688,1.0,1.0
1945-04-04,0.015260963018690555,1.0,1.0
1945-04-05,0.030682555273168575,1.0,1.0
1945-04-06,0.02112822239712043,1.0,1.0
1945-04-07,0.01760504892811775,1.0,1.0
1945-04-09,0.015653718137065117,1.0,1.0
1945-04-10,0.01623641185250157,1.0,1.0
1945-04-11,0.034797367871910616,1.0,1.0
1945-04-12,0.020055768472751923,1.0,1.0
1945-04-13,0.021264653294814414,1.0,1.0
1945-04-16,0.20520343512832398,1.0,1.0
1945-04-17,0.07747568100917819,1.0,1.0
1945-04-18,0.05347863167075314,1.0,1.0
1945-04-19,0.040949205215413065,1.0,1.0
1945-04-20,0.022305103762563127,1.0,1.0
1945-04-21,0.016478801439058846,1.0,1.0
1945-04-23,0.016159057258975505,1.0,1.0
1945-04-24,0.015939893758295545,1.0,1.0
1945-04-25,0.015204942810533782,1.0,1.0
1945-04-26,0.01662740351071297,1.0,1.0
1945-04-27,0.015590676885433447,1.0,1.0
1945-04-28,0.01575002147746629,1.0,1.0
1945-04-30,0.014211038493661747,1.0,1.0
1945-05-01,0.018077128516720147,1.0,1.0
1945-05-02,0.015426809828817487,1.0,1.0
1945-05-03,0.018933231250872377,1.0,1.0
1945-05-04,0.016244396591952523,1.0,1.0
1945-05-05,0.014327477734651138,1.0,1.0
1945-05-07,0.013787758783887712,1.0,1.0
1945-05-08,0.013975562910044958,1.0,1.0
1945-05-09,0.03453612110003447,1.0,1.0
1945-05-10,0.08743117299605993,1.0,1.0
1945-05-11,0.03626475128891664,1.0,1.0
1945-05-12,0.024579154007627096,1.0,1.0
1945-05-14,0.020689724585474783,1.0,1.0
1945-05-15,0.015826578927328788,1.0,1.0
1945-05-16,0.014850899048875552,1.0,1.0
1945-05-17,0.015724022243903478,1.0,1.0
1945-05-18,0.016387234529637973,1.0,1.0
1945-05-19,0.014214068375132314,1.0,1.0
1945-05-21,0.017526782780789237,1.0,1.0
1945-05-22,0.01525519633334966,1.0,1.0
1945-05-23,0.03235569773320995,1.0,1.0
1945-05-24,0.016402431988311858,1.0,1.0
1945-05-25,0.017441128510478954,1.0,1.0
1945-05-26,0.014842398927993007,1.0,1.0
1945-05-28,0.019538201733273638,1.0,1.0
1945-05-29,0.016725806216564474,1.0,1.0
1945-05-31,0.017344687311115655,1.0,1.0
1945-06-01,0.013062069748070481,1.0,1.0
1945-06-02,0.011795238476020885,1.0,1.0
1945-06-04,0.011528485986497607,1.0,1.0
1945-06-05,0.011343670636306842,1.0,1.0
1945-06-06,0.01592919364723746,1.0,1.0
1945-06-07,0.012630667232410176,1.0,1.0
1945-06-08,0.01196639709754964,1.0,1.0
1945-06-09,0.01157932196083792,1.0,1.0
1945-06-11,0.013265189583600179,1.0,1.0
1945-06-12,0.011846127601103425,1.0,1.0
1945-06-13,0.012543853712508744,1.0,1.0
1945-06-14,0.013402014232947288,1.0,1.0
1945-06-15,0.012065099290024838,1.0,1.0
1945-06-16,0.011492480679425423,1.0,1.0
1945-06-18,0.013235412015255459,1.0,1.0
1945-06-19,0.01183696262998727,1.0,1.0
1945-06-20,0.013955194372683076,1.0,1.0
1945-06-21,0.013578574506009744,1.0,1.0
1945-06-22,0.01233856614689629,1.0,1.0
1945-06-23,0.011591804320531878,1.0,1.0
1945-06-25,0.0124618703430371,1.0,1.0
1945-06-26,0.01166835178619527,1.0,1.0
1945-06-27,0.011638876019728087,1.0,1.0
1945-06-28,0.5543845044985058,0.0,1.0
1945-06-29,0.46567949113979307,0.0,1.0
1945-06-30,0.2352331775598249,1.0,1.0
1945-07-02,0.09482060047435961,1.0,1.0
1945-07-03,0.03730900841733216,1.0,1.0
1945-07-05,0.12363826550948513,1.0,1.0
1945-07-06,0.048254705048305445,1.0,1.0
1945-07-09,0.0420938351899527,1.0,1.0
1945-07-10,0.021634056865014337,1.0,1.0
1945-07-11,0.018686781444158286,1.0,1.0
1945-07-12,0.013516482398182138,1.0,1.0
1945-07-13,0.014807139906936035,1.0,1.0
1945-07-16,0.02573832328366314,1.0,1.0
1945-07-17,0.6812454247104319,0.0,1.0
1945-07-18,0.3984604023052261,0.0,1.0
1945-07-19,0.20395669627409602,1.0,1.0
1945-07-20,0.07631484544178649,1.0,1.0
1945-07-23,0.07204782006737302,1.0,1.0
1945-07-24,0.02980837263921787,1.0,1.0
1945-07-25,0.03221589429429891,1.0,1.0
1945-07-26,0.4435896056186141,0.0,1.0
1945-07-27,0.19104108765021272,1.0,1.0
1945-07-30,0.12729256473816727,1.0,1.0
1945-07-31,0.053099157971995534,1.0,1.0
1945-08-01,0.023956495382587942,1.0,1.0
1945-08-02,0.018639060745161643,1.0,1.0
1945-08-03,0.015591966248184623,1.0,1.0
1945-08-06,0.012532116162759274,1.0,1.0
1945-08-07,0.09260566974268328,1.0,1.0
1945-08-08,0.03762354349355354,1.0,1.0
1945-08-09,0.20901234624372328,1.0,1.0
1945-08-10,0.07861045209553769,1.0,1.0
1945-08-13,0.08871063228719175,1.0,1.0
1945-08-14,0.04867461447719875,1.0,1.0
1945-08-17,0.02815110589834377,1.0,1.0
1945-08-20,0.13224544249541978,1.0,1.0
1945-08-21,0.05110109484731882,1.0,1.0
1945-08-22,0.03199245094173926,1.0,1.0
1945-08-23,0.23326818264162064,1.0,1.0
1945-08-24,0.24310762959220264,1.0,1.0
1945-08-27,0.41436836280753764,0.0,1.0
1945-08-28,0.1702845616359086,1.0,1.0
1945-08-29,0.06389796684753754,1.0,1.0
1945-08-30,0.028616045718445986,1.0,1.0
1945-08-31,0.036766308954432184,1.0,1.0
1945-09-04,0.018914793759488464,1.0,1.0
1945-09-05,0.013535932637316698,1.0,1.0
1945-09-06,0.036009026242772836,1.0,1.0
1945-09-07,0.018656611174051974,1.0,1.0
1945-09-08,0.013459249265189703,1.0,1.0
1945-09-10,0.012053413057029061,1.0,1.0
1945-09-11,0.012195553377619761,1.0,1.0
1945-09-12,0.014083684074530908,1.0,1.0
1945-09-13,0.012129621482522,1.0,1.0
1945-09-14,0.01587857377457253,1.0,1.0
1945-09-15,0.12083830160532394,1.0,1.0
1945-09-17,0.06231394840049678,1.0,1.0
1945-09-18,0.3595334499055005,0.0,1.0
1945-09-19,0.26627441418447784,1.0,1.0
1945-09-20,0.11220340624228857,1.0,1.0
1945-09-21,0.05192417865057414,1.0,1.0
1945-09-22,0.024917326875660274,1.0,1.0
1945-09-24,0.015356643485051034,1.0,1.0
1945-09-25,0.012473710099354923,1.0,1.0
1945-09-26,0.012201117949947056,1.0,1.0
1945-09-27,0.012807809157586834,1.0,1.0
1945-09-28,0.0205699144631832,1.0,1.0
1945-09-29,0.01811779025410286,1.0,1.0
1945-10-01,0.02261300620738606,1.0,1.0
1945-10-02,0.01462043490578996,1.0,1.0
1945-10-03,0.012424733498221756,1.0,1.0
1945-10-04,0.011639242863748905,1.0,1.0
1945-10-05,0.012556005550786559,1.0,1.0
1945-10-06,0.013729241256449278,1.0,1.0
1945-10-08,0.013910603085521596,1.0,1.0
1945-10-09,0.012188099025616544,1.0,1.0
1945-10-10,0.012817164624693176,1.0,1.0
1945-10-11,0.011857606326262137,1.0,1.0
1945-10-15,0.012075646203276972,1.0,1.0
1945-10-16,0.011664176235840798,1.0,1.0
1945-10-17,0.0120741396716108,1.0,1.0
1945-10-18,0.011668377692820874,1.0,1.0
1945-10-19,0.029161838812439018,1.0,1.0
1945-10-20,0.01691348361021088,1.0,1.0
1945-10-22,0.014884593143950848,1.0,1.0
1945-10-23,0.026701437458274486,1.0,1.0
1945-10-24,0.0922189951977071,1.0,1.0
1945-10-25,0.044873702711708485,1.0,1.0
1945-10-26,0.02534151901868453,1.0,1.0
1945-10-29,0.031102245732909074,1.0,1.0
1945-10-30,0.017730567891015694,1.0,1.0
1945-10-31,0.07603274946667901,1.0,1.0
1945-11-01,0.10849804504786563,1.0,1.0
1945-11-02,0.04167287800372688,1.0,1.0
1945-11-03,0.020380063673102907,1.0,1.0
1945-11-05,0.01768584060161013,1.0,1.0
1945-11-07,0.04131342720888941,1.0,1.0
1945-11-08,0.018192421330249585,1.0,1.0
1945-11-09,0.012086389355078843,1.0,1.0
1945-11-10,0.010222834058624269,1.0,1.0
1945-11-13,0.011721236480655702,1.0,1.0
1945-11-14,0.01195046257225076,1.0,1.0
1945-11-15,0.015238648521699545,1.0,1.0
1945-11-16,0.016502335023250943,1.0,1.0
1945-11-17,0.01150940580331622,1.0,1.0
1945-11-19,0.010658367768286037,1.0,1.0
1945-11-20,0.011311961025734465,1.0,1.0
1945-11-21,0.049498848959329655,1.0,1.0
1945-11-23,0.06760035923887366,1.0,1.0
1945-11-24,0.0510348022835754,1.0,1.0
1945-11-26,0.08589781322788621,1.0,1.0
1945-11-27,0.12530823201330485,1.0,1.0
1945-11-28,0.05068857204734206,1.0,1.0
1945-11-29,0.022023020492373774,1.0,1.0
1945-11-30,0.032375128682493544,1.0,1.0
1945-12-01,0.020669418087425867,1.0,1.0
1945-12-03,0.023392235609868296,1.0,1.0
1945-12-04,0.014205831206417678,1.0,1.0
1945-12-05,0.010808607189565495,1.0,1.0
1945-12-06,0.014539753759761664,1.0,1.0
1945-12-07,0.01137053442526188,1.0,1.0
1945-12-08,0.011221329838884731,1.0,1.0
1945-12-10,0.010181168455720062,1.0,1.0
1945-12-11,0.010527539475795898,1.0,1.0
1945-12-12,0.11216359488626053,1.0,1.0
1945-12-13,0.05392326447767643,1.0,1.0
1945-12-14,0.023331903955155296,1.0,1.0
1945-12-15,0.014396092012702437,1.0,1.0
1945-12-17,0.9471427288238522,0.0,0.0
1945-12-18,0.7604978705528622,0.0,0.0
1945-12-19,0.43140706303394466,0.0,0.0
1945-12-20,0.2620708530251718,1.0,0.0
1945-12-21,0.10227076703249682,1.0,1.0
1945-12-22,0.09030676581974653,1.0,1.0
1945-12-26,0.10819634816794386,1.0,1.0
1945-12-27,0.07182272612236092,1.0,1.0
1945-12-28,0.028832103151952195,1.0,1.0
1945-12-29,0.015555133691171258,1.0,1.0
1945-12-31,0.011509424314993863,1.0,1.0
1946-01-02,0.01481549260712781,1.0,1.0
1946-01-03,0.012738131071069398,1.0,1.0
1946-01-04,0.011231713683986375,1.0,1.0
1946-01-05,0.010526382979488054,1.0,1.0
1946-01-07,0.009715441793388013,1.0,1.0
1946-01-08,0.3597569169355034,0.0,1.0
1946-01-09,0.5264588181803634,0.0,1.0
1946-01-10,0.2874432061132453,1.0,1.0
1946-01-11,0.11354183238105547,1.0,1.0
1946-01-12,0.061421529500987004,1.0,1.0
1946-01-14,0.1443740367267682,1.0,1.0
1946-01-15,0.05402050336691507,1.0,1.0
1946-01-16,0.023095711373490223,1.0,1.0
1946-01-17,0.015512339123454566,1.0,1.0
1946-01-18,0.012278259544454034,1.0,1.0
1946-01-19,0.025660085628332885,1.0,1.0
1946-01-21,0.3438327643180679,0.0,1.0
1946-01-22,0.1705109496567514,1.0,1.0
1946-01-23,0.1594942656465701,1.0,1.0
1946-01-24,0.06423432766994679,1.0,1.0
1946-01-25,0.028023693605537126,1.0,1.0
1946-01-26,0.014996630905525705,1.0,1.0
1946-01-28,0.6092321966226569,0.0,1.0
1946-01-29,0.29855304297531843,1.0,1.0
1946-01-30,0.15504368966849677,1.0,1.0
1946-01-31,0.0648599815776843,1.0,1.0
1946-02-01,0.03285199037187504,1.0,1.0
1946-02-02,0.01990915492524221,1.0,1.0
1946-02-04,0.01927043644286673,1.0,1.0
1946-02-05,0.013157000131113612,1.0,1.0
1946-02-06,0.018356675327159056,1.0,1.0
1946-02-07,0.012375800317550003,1.0,1.0
1946-02-08,0.012286789868244332,1.0,1.0
1946-02-09,0.025180644130959415,1.0,1.0
1946-02-11,0.023250341479450074,1.0,1.0
1946-02-13,0.06646232949102178,1.0,1.0
1946-02-14,0.04135682391316551,1.0,1.0
1946-02-15,0.32763892397308614,0.0,1.0
1946-02-16,0.2471361668897475,1.0,1.0
1946-02-18,0.5604049734028553,0.0,1.0
1946-02-19,0.9999836447871595,0.0,0.0
1946-02-20,0.9900722707161226,0.0,0.0
1946-02-21,0.9932876552785815,0.0,0.0
1946-02-25,0.9999999998840657,0.0,0.0
1946-02-26,0.8374605994748063,0.0,0.0
1946-02-27,0.9825863919912649,0.0,0.0
1946-02-28,0.7854784149049764,0.0,0.0
1946-03-01,0.48284529989982794,0.0,0.0
1946-03-02,0.30928462819780683,0.0,0.0
1946-03-04,0.123888063919606,1.0,1.0
1946-03-05,0.14560661592416732,1.0,1.0
1946-03-06,0.0649621899667433,1.0,1.0
1946-03-07,0.04116581565454932,1.0,1.0
1946-03-08,0.02965133375667193,1.0,1.0
1946-03-09,0.015908792826600144,1.0,1.0
1946-03-11,0.03127077541403026,1.0,1.0
1946-03-12,0.016662814217818955,1.0,1.0
1946-03-13,0.21872986572320682,1.0,1.0
1946-03-14,0.08349232592136727,1.0,1.0
1946-03-15,0.08070971415815421,1.0,1.0
1946-03-16,0.07855977013878593,1.0,1.0
1946-03-18,0.045491891862690044,1.0,1.0
1946-03-19,0.026255220573796402,1.0,1.0
1946-03-20,0.023186670681032442,1.0,1.0
1946-03-21,0.01712865699760964,1.0,1.0
1946-03-22,0.011964489119641377,1.0,1.0
1946-03-23,0.010930132186442005,1.0,1.0
1946-03-25,0.06888056471792751,1.0,1.0
1946-03-26,0.028089905229742508,1.0,1.0
1946-03-27,0.02657388098390364,1.0,1.0
1946-03-28,0.01535517952486683,1.0,1.0
1946-03-29,0.016986114402400745,1.0,1.0
1946-03-30,0.0119994880224052,1.0,1.0
1946-04-01,0.01065977961673859,1.0,1.0
1946-04-02,0.009745800447305011,1.0,1.0
1946-04-03,0.05980827562946973,1.0,1.0
1946-04-04,0.06246842240821862,1.0,1.0
1946-04-05,0.026512177231585984,1.0,1.0
1946-04-06,0.014717896830636781,1.0,1.0
1946-04-08,0.011001841278802176,1.0,1.0
1946-04-09,0.02578624207995755,1.0,1.0
1946-04-10,0.015683728704797745,1.0,1.0
1946-04-11,0.012940608784713054,1.0,1.0
1946-04-12,0.010638212116317927,1.0,1.0
1946-04-13,0.013767753043035671,1.0,1.0
1946-04-15,0.010640132025459709,1.0,1.0
1946-04-16,0.0347117460813177,1.0,1.0
1946-04-17,0.016856942431879744,1.0,1.0
1946-04-18,0.01232508185345809,1.0,1.0
1946-04-20,0.01012153658191525,1.0,1.0
1946-04-22,0.009791199891203039,1.0,1.0
1946-04-23,0.010668658904040921,1.0,1.0
1946-04-24,0.02049508933714717,1.0,1.0
1946-04-25,0.019529557425685237,1.0,1.0
1946-04-26,0.012404362300299504,1.0,1.0
1946-04-27,0.013674552554061446,1.0,1.0
1946-04-29,0.010483448920857499,1.0,1.0
1946-04-30,0.00987304627770671,1.0,1.0
1946-05-01,0.010543103349579282,1.0,1.0
1946-05-02,0.01223525283856994,1.0,1.0
1946-05-03,0.022648360020980668,1.0,1.0
1946-05-04,0.016978280726883715,1.0,1.0
1946-05-06,0.022065691907564352,1.0,1.0
1946-05-07,0.09015704676013965,1.0,1.0
1946-05-08,0.034194016622689914,1.0,1.0
1946-05-09,0.016626174374509643,1.0,1.0
1946-05-10,0.07969708338571838,1.0,1.0
1946-05-11,0.03540870788670234,1.0,1.0
1946-05-13,0.018009299372856568,1.0,1.0
1946-05-14,0.013435263503034424,1.0,1.0
1946-05-15,0.017214418509098176,1.0,1.0
1946-05-16,0.013843898355379615,1.0,1.0
1946-05-17,0.01081116990376216,1.0,1.0
1946-05-18,0.013006525106470232,1.0,1.0
1946-05-20,0.014930292439590336,1.0,1.0
1946-05-21,0.011271884129513703,1.0,1.0
1946-05-22,0.01135839694369496,1.0,1.0
1946-05-23,0.010129873892599587,1.0,1.0
1946-05-24,0.009578235473383101,1.0,1.0
1946-05-27,0.01712326884473901,1.0,1.0
1946-05-28,0.034824277520532396,1.0,1.0
1946-05-29,0.016923662437787253,1.0,1.0
1946-05-31,0.011745813129343283,1.0,1.0
1946-06-03,0.01593925759554514,1.0,1.0
1946-06-04,0.017915721159545553,1.0,1.0
1946-06-05,0.019959722331329678,1.0,1.0
1946-06-06,0.012558563779765905,1.0,1.0
1946-06-07,0.010159023403499334,1.0,1.0
1946-06-10,0.009484845765325071,1.0,1.0
1946-06-11,0.026841587128745046,1.0,1.0
1946-06-12,0.014424172420080435,1.0,1.0
1946-06-13,0.013330635925916637,1.0,1.0
1946-06-14,0.01106696344325091,1.0,1.0
1946-06-17,0.009723402305343434,1.0,1.0
1946-06-18,0.15125119088225666,1.0,1.0
1946-06-19,0.09186847299042829,1.0,1.0
1946-06-20,0.823425926766759,0.0,0.0
1946-06-21,0.6118542583001643,0.0,0.0
1946-06-24,0.3047674571161046,0.0,0.0
1946-06-25,0.19004343601180076,1.0,0.0
1946-06-26,0.08528467279575937,1.0,1.0
1946-06-27,0.36721111028356845,0.0,1.0
1946-06-28,0.14679944129534236,1.0,1.0
1946-07-01,0.07341271274025803,1.0,1.0
1946-07-02,0.03234711015507631,1.0,1.0
1946-07-03,0.01694603992910415,1.0,1.0
1946-07-05,0.01240639226112167,1.0,1.0
1946-07-08,0.011546174129183153,1.0,1.0
1946-07-09,0.010576017937769574,1.0,1.0
1946-07-10,0.009831355329324153,1.0,1.0
1946-07-11,0.013373833077492184,1.0,1.0
1946-07-12,0.026684726602806713,1.0,1.0
1946-07-15,0.3403038169613601,0.0,1.0
1946-07-16,0.14433820298488773,1.0,1.0
1946-07-17,0.06102811120376099,1.0,1.0
1946-07-18,0.02553362900119461,1.0,1.0
1946-07-19,0.018275616534163742,1.0,1.0
1946-07-22,0.01514867065201957,1.0,1.0
1946-07-23,0.9957264726733777,0.0,0.0
1946-07-24,0.766899297010386,0.0,0.0
1946-07-25,0.5258058257319461,0.0,0.0
1946-07-26,0.2791396849415955,1.0,0.0
1946-07-29,0.11306513954636584,1.0,1.0
1946-07-30,0.0530955967929115,1.0,1.0
1946-07-31,0.06008860682154908,1.0,1.0
1946-08-01,0.028730396377334638,1.0,1.0
1946-08-02,0.014974775270627488,1.0,1.0
1946-08-05,0.015721677999362502,1.0,1.0
1946-08-06,0.013774788159250236,1.0,1.0
1946-08-07,0.018226112688278038,1.0,1.0
1946-08-08,0.013851535090788144,1.0,1.0
1946-08-09,0.012032236713317369,1.0,1.0
1946-08-12,0.010003881159689748,1.0,1.0
1946-08-13,0.012315007837727338,1.0,1.0
1946-08-14,0.010348507514739617,1.0,1.0
1946-08-15,0.02998690510490618,1.0,1.0
1946-08-16,0.03559206437727397,1.0,1.0
1946-08-19,0.01974067578208279,1.0,1.0
1946-08-20,0.01590383662912042,1.0,1.0
1946-08-21,0.025053097288804664,1.0,1.0
1946-08-22,0.2284804233847579,1.0,1.0
1946-08-23,0.10334205279146191,1.0,1.0
1946-08-26,0.06086471536486521,1.0,1.0
1946-08-27,0.9997720155136993,0.0,0.0
1946-08-28,0.916720597064623,0.0,0.0
1946-08-29,0.6418514444301986,0.0,0.0
1946-08-30,0.39640246955784125,0.0,0.0
1946-09-03,1.0,0.0,0.0
1946-09-04,0.8827789412844459,0.0,0.0
1946-09-05,0.9999947749900819,0.0,0.0
1946-09-06,0.9373873739473064,0.0,0.0
1946-09-09,0.9999999999999681,0.0,0.0
1946-09-10,0.9997847769327521,0.0,0.0
1946-09-11,0.9999358429196451,0.0,0.0
1946-09-12,0.7739359276104663,0.0,0.0
1946-09-13,0.9488759143356024,0.0,0.0
1946-09-16,0.7616555294984205,0.0,0.0
1946-09-17,0.5872980291920238,0.0,0.0
1946-09-18,0.9999691905713749,0.0,0.0
1946-09-19,0.9999783835208534,0.0,0.0
1946-09-20,0.9986615798111419,0.0,0.0
1946-09-23,0.986119577312243,0.0,0.0
1946-09-24,0.9778922174246895,0.0,0.0
1946-09-25,0.9983114732851599,0.0,0.0
1946-09-26,0.9035506019567124,0.0,0.0
1946-09-27,0.7488200459205483,0.0,0.0
1946-09-30,0.7547283330883547,0.0,0.0
1946-10-01,0.4665121501610355,0.0,0.0
1946-10-02,0.33950381645072214,0.0,0.0
1946-10-03,0.1715426572278702,1.0,0.0
1946-10-04,0.21128051914842708,1.0,0.0
1946-10-05,0.12894984785231045,1.0,0.0
1946-10-07,0.04812788929995501,1.0,1.0
1946-10-08,0.08830909228783228,1.0,1.0
1946-10-09,0.9974594881850096,0.0,0.0
1946-10-10,0.9184138759084908,0.0,0.0
1946-10-11,0.989660550098321,0.0,0.0
1946-10-14,0.8524663990017993,0.0,0.0
1946-10-15,0.9999996772920655,0.0,0.0
1946-10-16,0.7689205452343214,0.0,0.0
1946-10-17,0.9654178303450816,0.0,0.0
1946-10-18,0.7120805929406551,0.0,0.0
1946-10-19,0.3817519232084921,0.0,0.0
1946-10-21,0.1494831165166347,1.0,0.0
1946-10-22,0.08651362299670733,1.0,1.0
1946-10-23,0.09106773972623464,1.0,1.0
1946-10-24,0.03398405822101129,1.0,1.0
1946-10-25,0.02439641006184862,1.0,1.0
1946-10-26,0.01442870985536511,1.0,1.0
1946-10-28,0.30215436453003547,0.0,1.0
1946-10-29,0.2752785693913291,0.0,1.0
1946-10-30,0.1023573942101344,1.0,1.0
1946-10-31,0.9992389713357389,0.0,0.0
1946-11-01,0.987118916489838,0.0,0.0
1946-11-02,0.7772290054312949,0.0,0.0
1946-11-04,0.542838604082086,0.0,0.0
1946-11-06,0.9999993885165852,0.0,0.0
1946-11-07,0.770911738349529,0.0,0.0
1946-11-08,0.48174785964175426,0.0,0.0
1946-11-09,0.3613754903162845,0.0,0.0
1946-11-12,0.18043264692168182,1.0,0.0
1946-11-13,0.1372218858424841,1.0,0.0
1946-11-14,0.05988636692591148,1.0,1.0
1946-11-15,0.07214036003452451,1.0,1.0
1946-11-16,0.02909185905067446,1.0,1.0
1946-11-18,0.04511882679988719,1.0,1.0
1946-11-19,0.026533361571289202,1.0,1.0
1946-11-20,0.02710775270633636,1.0,1.0
1946-11-21,0.3568336183623224,0.0,1.0
1946-11-22,0.1889406346656133,1.0,1.0
1946-11-23,0.4310265171686267,0.0,1.0
1946-11-25,0.19360120114353038,1.0,1.0
1946-11-26,0.24387595717463179,1.0,1.0
1946-11-27,0.15641757871109524,1.0,1.0
1946-11-29,0.1258620812106403,1.0,1.0
1946-11-30,0.04520456584604951,1.0,1.0
1946-12-02,0.26521206285198895,0.0,1.0
1946-12-03,0.1031206000460308,1.0,1.0
1946-12-04,0.42348475362282983,0.0,1.0
1946-12-05,0.24065473765211734,1.0,1.0
1946-12-06,0.09615422190315996,1.0,1.0
1946-12-07,0.05920645034721578,1.0,1.0
1946-12-09,0.997379849016748,0.0,0.0
1946-12-10,0.7482399099548148,0.0,0.0
1946-12-11,0.3992768247656562,0.0,0.0
1946-12-12,0.49441912567265905,0.0,0.0
1946-12-13,0.207201483460619,1.0,0.0
1946-12-14,0.09184898546746993,1.0,1.0
1946-12-16,0.03528161484790272,1.0,1.0
1946-12-17,0.022474250171338174,1.0,1.0
1946-12-18,0.013614974377465125,1.0,1.0
1946-12-19,0.07257410614358616,1.0,1.0
1946-12-20,0.029413438832628418,1.0,1.0
1946-12-21,0.015573938987754181,1.0,1.0
1946-12-23,0.024837536120772573,1.0,1.0
1946-12-24,0.01511326315390099,1.0,1.0
1946-12-26,0.02593506959052705,1.0,1.0
1946-12-27,0.015290423653414697,1.0,1.0
1946-12-28,0.012288600108840463,1.0,1.0
1946-12-30,0.011142435554926519,1.0,1.0
1946-12-31,0.015575405105490565,1.0,1.0
1947-01-02,0.018591231244077765,1.0,1.0
1947-01-03,0.012288569248307984,1.0,1.0
1947-01-04,0.010831227324834524,1.0,1.0
1947-01-06,0.017835325360334303,1.0,1.0
1947-01-07,0.02403805488289913,1.0,1.0
1947-01-08,0.01389954614542368,1.0,1.0
1947-01-09,0.011067986210110414,1.0,1.0
1947-01-10,0.06018637022354158,1.0,1.0
1947-01-11,0.16923991983713815,1.0,1.0
1947-01-13,0.5998839788337866,0.0,1.0
1947-01-14,0.2848287858823075,0.0,1.0
1947-01-15,0.14711591764313778,1.0,1.0
1947-01-16,0.054227909929522346,1.0,1.0
1947-01-17,0.2606962217073382,0.0,1.0
1947-01-18,0.22315476093219355,1.0,1.0
1947-01-20,0.28675441675852376,0.0,1.0
1947-01-21,0.12465448194818068,1.0,1.0
1947-01-22,0.04658078626718354,1.0,1.0
1947-01-23,0.034327536366365714,1.0,1.0
1947-01-24,0.01738020682258407,1.0,1.0
1947-01-25,0.012179809286642033,1.0,1.0
1947-01-27,0.01521424899026441,1.0,1.0
1947-01-28,0.015684422429585523,1.0,1.0
1947-01-29,0.03673623153336507,1.0,1.0
1947-01-30,0.019035797168126728,1.0,1.0
1947-01-31,0.013369650800493089,1.0,1.0
1947-02-01,0.013852987179664574,1.0,1.0
1947-02-03,0.011428751824845373,1.0,1.0
1947-02-04,0.010231854183462568,1.0,1.0
1947-02-05,0.010093723336248236,1.0,1.0
1947-02-06,0.010715876657455822,1.0,1.0
1947-02-07,0.06219595831081073,1.0,1.0
1947-02-08,0.02718068855803915,1.0,1.0
1947-02-10,0.028827072022331417,1.0,1.0
1947-02-11,0.017273738424128857,1.0,1.0
1947-02-13,0.046072797291740096,1.0,1.0
1947-02-14,0.022148074743186315,1.0,1.0
1947-02-15,0.013465276782781756,1.0,1.0
1947-02-17,0.010847824282260372,1.0,1.0
1947-02-18,0.010708523920201168,1.0,1.0
1947-02-19,0.02267568024211677,1.0,1.0
1947-02-20,0.013606181758818881,1.0,1.0
1947-02-21,0.011702110613081103,1.0,1.0
1947-02-24,0.0195920295347751,1.0,1.0
1947-02-25,0.09356962531658089,1.0,1.0
1947-02-26,0.15022500991615662,1.0,1.0
1947-02-27,0.1792493475263454,1.0,1.0
1947-02-28,0.07900603991006475,1.0,1.0
1947-03-01,0.030343278908767653,1.0,1.0
1947-03-03,0.019572983383138242,1.0,1.0
1947-03-04,0.0128594689638552,1.0,1.0
1947-03-05,0.030762577932715997,1.0,1.0
1947-03-06,0.017424325025709547,1.0,1.0
1947-03-07,0.9959599598967367,0.0,0.0
1947-03-08,0.8098760411441793,0.0,0.0
1947-03-10,0.5309225550708373,0.0,0.0
1947-03-11,0.46947043251638215,0.0,0.0
1947-03-12,0.2694296528849415,0.0,0.0
1947-03-13,0.09999777126970329,1.0,1.0
1947-03-14,0.17946522925020608,1.0,1.0
1947-03-15,0.06725897335603348,1.0,1.0
1947-03-17,0.02921112123622293,1.0,1.0
1947-03-18,0.03392497940370295,1.0,1.0
1947-03-19,0.02132822916247403,1.0,1.0
1947-03-20,0.015205839099538822,1.0,1.0
1947-03-21,0.024668341443153063,1.0,1.0
1947-03-22,0.015119384832311535,1.0,1.0
1947-03-24,0.021427136585890388,1.0,1.0
1947-03-25,0.024993835455681183,1.0,1.0
1947-03-26,0.04343525299148167,1.0,1.0
1947-03-27,0.09314273892618917,1.0,1.0
1947-03-28,0.04054523240905579,1.0,1.0
1947-03-29,0.0213513304172006,1.0,1.0
1947-03-31,0.02704777190749932,1.0,1.0
1947-04-01,0.015471711279933383,1.0,1.0
1947-04-02,0.012172524028330259,1.0,1.0
1947-04-03,0.01350601056341104,1.0,1.0
1947-04-05,0.011760723187967994,1.0,1.0
1947-04-07,0.030950185678666912,1.0,1.0
1947-04-08,0.09782162681954931,1.0,1.0
1947-04-09,0.03835278478474027,1.0,1.0
1947-04-10,0.0188096001331568,1.0,1.0
1947-04-11,0.024026113779441298,1.0,1.0
1947-04-12,0.05866789008945381,1.0,1.0
1947-04-14,0.9979196999441434,0.0,0.0
1947-04-15,0.742144221448614,0.0,0.0
1947-04-16,0.5897249670499763,0.0,0.0
1947-04-17,0.26797818959625025,0.0,0.0
1947-04-18,0.3903109212258886,0.0,0.0
1947-04-19,0.3501251052276497,0.0,0.0
1947-04-21,0.2046450778135723,1.0,0.0
1947-04-22,0.09255141727085546,1.0,1.0
1947-04-23,0.035259697361332255,1.0,1.0
1947-04-24,0.027429393465639353,1.0,1.0
1947-04-25,0.03764121826296546,1.0,1.0
1947-04-26,0.018557356850220846,1.0,1.0
1947-04-28,0.013300369468946843,1.0,1.0
1947-04-29,0.012252198536772603,1.0,1.0
1947-04-30,0.0440134145189587,1.0,1.0
1947-05-01,0.036985852690923464,1.0,1.0
1947-05-02,0.02147630446835384,1.0,1.0
1947-05-03,0.01406059807022445,1.0,1.0
1947-05-05,0.011799758961405915,1.0,1.0
1947-05-06,0.03837592210818204,1.0,1.0
1947-05-07,0.01923277759939352,1.0,1.0
1947-05-08,0.01884651309620314,1.0,1.0
1947-05-09,0.01424670782394602,1.0,1.0
1947-05-10,0.0119320782035682,1.0,1.0
1947-05-12,0.04742472211487559,1.0,1.0
1947-05-13,0.40966684883515947,0.0,1.0
1947-05-14,0.2123637347834212,1.0,1.0
1947-05-15,0.1156116260242338,1.0,1.0
1947-05-16,0.8109851265838292,0.0,0.0
1947-05-17,0.9206949712625254,0.0,0.0
1947-05-19,0.6079222411917945,0.0,0.0
1947-05-20,0.32166042490176916,0.0,0.0
1947-05-21,0.48530923155645656,0.0,0.0
1947-05-22,0.36055326288351375,0.0,0.0
1947-05-23,0.14933622823886658,1.0,0.0
1947-05-24,0.05431408146325205,1.0,1.0
1947-05-26,0.03599007413993224,1.0,1.0
1947-05-27,0.01886192079658976,1.0,1.0
1947-05-28,0.13329501276939718,1.0,1.0
1947-05-29,0.07871034845908546,1.0,1.0
1947-06-02,0.09786307049723801,1.0,1.0
1947-06-03,0.08899250020786587,1.0,1.0
1947-06-04,0.04134231174760163,1.0,1.0
1947-06-05,0.019906128104442537,1.0,1.0
1947-06-06,0.016237461225072206,1.0,1.0
1947-06-09,0.015315448708821242,1.0,1.0
1947-06-10,0.017364123223541462,1.0,1.0
1947-06-11,0.6858703174562556,0.0,1.0
1947-06-12,0.3558252637001271,0.0,1.0
1947-06-13,0.28140451510578185,0.0,1.0
1947-06-16,0.10405012671208591,1.0,1.0
1947-06-17,0.04448582592363194,1.0,1.0
1947-06-18,0.021078614564618545,1.0,1.0
1947-06-19,0.03237843397816962,1.0,1.0
1947-06-20,0.020237450865151798,1.0,1.0
1947-06-23,0.016654475739274123,1.0,1.0
1947-06-24,0.32696803429513827,0.0,1.0
1947-06-25,0.1714142140279735,1.0,1.0
1947-06-26,0.06931419347278599,1.0,1.0
1947-06-27,0.02809836587349143,1.0,1.0
1947-06-30,0.01730155967418206,1.0,1.0
1947-07-01,0.08799688450434771,1.0,1.0
1947-07-02,0.034038042683962995,1.0,1.0
1947-07-03,0.04785021130177991,1.0,1.0
1947-07-07,0.02221248777711501,1.0,1.0
1947-07-08,0.015638134460185873,1.0,1.0
1947-07-09,0.02273782449754642,1.0,1.0
1947-07-10,0.023295605907271786,1.0,1.0
1947-07-11,0.04477911353778112,1.0,1.0
1947-07-14,0.033704162140755896,1.0,1.0
1947-07-15,0.018600915154161995,1.0,1.0
1947-07-16,0.013664673986826957,1.0,1.0
1947-07-17,0.021354324413406494,1.0,1.0
1947-07-18,0.014025004839666238,1.0,1.0
1947-07-21,0.01253660817433187,1.0,1.0
1947-07-22,0.01130096678783847,1.0,1.0
1947-07-23,0.015730623471435185,1.0,1.0
1947-07-24,0.03173901585641862,1.0,1.0
1947-07-25,0.01736118419731469,1.0,1.0
1947-07-28,0.027057862812113455,1.0,1.0
1947-07-29,0.6542149758231651,0.0,1.0
1947-07-30,0.4533293287327188,0.0,1.0
1947-07-31,0.5286957677789442,0.0,1.0
1947-08-01,0.23199122574407208,1.0,1.0
1947-08-04,0.2630732573452693,0.0,1.0
1947-08-05,0.09839603671219933,1.0,1.0
1947-08-06,0.04658772567935431,1.0,1.0
1947-08-07,0.02121472254436672,1.0,1.0
1947-08-08,0.05554961208932309,1.0,1.0
1947-08-11,0.03473072680422402,1.0,1.0
1947-08-12,0.032114600432608865,1.0,1.0
1947-08-13,0.017413014400875688,1.0,1.0
1947-08-14,0.012847455226847274,1.0,1.0
1947-08-15,0.02013245465463216,1.0,1.0
1947-08-18,0.015345514611038887,1.0,1.0
1947-08-19,0.014224465554544504,1.0,1.0
1947-08-20,0.015687460753839495,1.0,1.0
1947-08-21,0.009784464245151066,1.0,1.0
1947-08-22,0.008914461880887386,1.0,1.0
1947-08-25,0.1009056273377758,1.0,1.0
1947-08-26,0.03676459475286739,1.0,1.0
1947-08-27,0.01677935082414386,1.0,1.0
1947-08-28,0.01107815248083128,1.0,1.0
1947-08-29,0.013487557309771714,1.0,1.0
1947-09-02,0.011656918620792975,1.0,1.0
1947-09-03,0.009657864150751181,1.0,1.0
1947-09-04,0.060497371292085024,1.0,1.0
1947-09-05,0.026133394717795556,1.0,1.0
1947-09-08,0.10120733733528908,1.0,1.0
1947-09-09,0.03689939771363917,1.0,1.0
1947-09-10,0.032232315656186956,1.0,1.0
1947-09-11,0.016580753972306475,1.0,1.0
1947-09-12,0.01234429310002237,1.0,1.0
1947-09-15,0.012146214158553683,1.0,1.0
1947-09-16,0.016198773191443215,1.0,1.0
1947-09-17,0.06348111628550704,1.0,1.0
1947-09-18,0.028659571582582827,1.0,1.0
1947-09-19,0.01554866633042526,1.0,1.0
1947-09-22,0.01096398782030464,1.0,1.0
1947-09-23,0.05813924200920195,1.0,1.0
1947-09-24,0.02381001198093993,1.0,1.0
1947-09-25,0.019720845457190845,1.0,1.0
1947-09-26,0.012295731153626381,1.0,1.0
1947-09-29,0.010740836842339629,1.0,1.0
1947-09-30,0.016476339166990307,1.0,1.0
1947-10-01,0.012578852449445682,1.0,1.0
1947-10-02,0.009635941669385254,1.0,1.0
1947-10-03,0.012122949737936957,1.0,1.0
1947-10-04,0.009515935068018112,1.0,1.0
1947-10-06,0.008691526413540299,1.0,1.0
1947-10-07,0.008557313712816218,1.0,1.0
1947-10-08,0.012779189483152565,1.0,1.0
1947-10-09,0.011143478771863655,1.0,1.0
1947-10-10,0.009658496340709954,1.0,1.0
1947-10-11,0.00874988202844681,1.0,1.0
1947-10-14,0.04498902843503331,1.0,1.0
1947-10-15,0.020586277003410147,1.0,1.0
1947-10-16,0.01190035142915873,1.0,1.0
1947-10-17,0.009378818134907308,1.0,1.0
1947-10-18,0.009789356264437341,1.0,1.0
1947-10-20,0.012781055028903691,1.0,1.0
1947-10-21,0.010168286737223685,1.0,1.0
1947-10-22,0.01006307055267384,1.0,1.0
1947-10-23,0.008852722478329366,1.0,1.0
1947-10-24,0.05897226592327875,1.0,1.0
1947-10-25,0.023449867417464222,1.0,1.0
1947-10-27,0.012802527277921145,1.0,1.0
1947-10-28,0.009640621528041226,1.0,1.0
1947-10-29,0.011264527220595458,1.0,1.0
1947-10-30,0.05424441169522617,1.0,1.0
1947-10-31,0.029677327461995508,1.0,1.0
1947-11-01,0.014817169669682611,1.0,1.0
1947-11-03,0.010790578654361711,1.0,1.0
1947-11-05,0.014120002742782134,1.0,1.0
1947-11-06,0.010034910132096578,1.0,1.0
1947-11-07,0.009634063302611793,1.0,1.0
1947-11-08,0.008754895246538089,1.0,1.0
1947-11-10,0.009066872479509878,1.0,1.0
1947-11-12,0.009386753632864274,1.0,1.0
1947-11-13,0.014892825753161263,1.0,1.0
1947-11-14,0.010268955710581491,1.0,1.0
1947-11-15,0.008926247187710559,1.0,1.0
1947-11-17,0.008746237522787952,1.0,1.0
1947-11-18,0.01334364332821825,1.0,1.0
1947-11-19,0.010281974036762493,1.0,1.0
1947-11-20,0.009488348287668804,1.0,1.0
1947-11-21,0.010488339328981699,1.0,1.0
1947-11-22,0.00930792811116081,1.0,1.0
1947-11-24,0.01246133928585667,1.0,1.0
1947-11-25,0.01105695788115818,1.0,1.0
1947-11-26,0.009689059592486005,1.0,1.0
1947-11-28,0.022278415515368293,1.0,1.0
1947-11-29,0.013147253751950472,1.0,1.0
1947-12-01,0.01206041987786678,1.0,1.0
1947-12-02,0.009582309615304416,1.0,1.0
1947-12-03,0.01755499148274685,1.0,1.0
1947-12-04,0.01738989598588132,1.0,1.0
1947-12-05,0.09565864658181178,1.0,1.0
1947-12-06,0.03510785379600477,1.0,1.0
1947-12-08,0.026454297917455568,1.0,1.0
1947-12-09,0.015517417876845931,1.0,1.0
1947-12-10,0.010629287686740633,1.0,1.0
1947-12-11,0.009030413084359637,1.0,1.0
1947-12-12,0.011746048461682557,1.0,1.0
1947-12-13,0.012675057581152201,1.0,1.0
1947-12-15,0.012120291188490511,1.0,1.0
1947-12-16,0.009796764130388888,1.0,1.0
1947-12-17,0.009293196445378507,1.0,1.0
1947-12-18,0.008884723548074952,1.0,1.0
1947-12-19,0.009316155282982632,1.0,1.0
1947-12-20,0.014807458340577718,1.0,1.0
1947-12-22,0.011346800974874581,1.0,1.0
1947-12-23,0.009766768151678188,1.0,1.0
1947-12-24,0.00899472877057493,1.0,1.0
1947-12-26,0.017510155444823674,1.0,1.0
1947-12-27,0.01173045217085554,1.0,1.0
1947-12-29,0.01204086255426098,1.0,1.0
1947-12-30,0.01770353840115644,1.0,1.0
1947-12-31,0.013329146395037796,1.0,1.0
1948-01-02,0.010855362017501664,1.0,1.0
1948-01-05,0.024523616103729325,1.0,1.0
1948-01-06,0.021153406421098413,1.0,1.0
1948-01-07,0.015686444343978322,1.0,1.0
1948-01-08,0.0133493518126155,1.0,1.0
1948-01-09,0.012046734432117895,1.0,1.0
1948-01-10,0.009427035367544745,1.0,1.0
1948-01-12,0.014277434790365577,1.0,1.0
1948-01-13,0.08137766895579003,1.0,1.0
1948-01-14,0.0317531395806331,1.0,1.0
1948-01-15,0.0177250931462466,1.0,1.0
1948-01-16,0.011138871970852835,1.0,1.0
1948-01-17,0.009343228977339399,1.0,1.0
1948-01-19,0.05990170593566722,1.0,1.0
1948-01-20,0.023719526982479037,1.0,1.0
1948-01-21,0.040520764288354175,1.0,1.0
1948-01-22,0.037386320409057046,1.0,1.0
1948-01-23,0.019094934296753734,1.0,1.0
1948-01-24,0.011507250633101509,1.0,1.0
1948-01-26,0.00987627908506558,1.0,1.0
1948-01-27,0.008833948956776536,1.0,1.0
1948-01-28,0.014152310931171178,1.0,1.0
1948-01-29,0.022309858926434157,1.0,1.0
1948-01-30,0.012450089548978024,1.0,1.0
1948-01-31,0.012655794810968086,1.0,1.0
1948-02-02,0.011523608057930604,1.0,1.0
1948-02-03,0.017869220268362254,1.0,1.0
1948-02-04,0.3995171498467088,0.0,1.0
1948-02-05,0.4603271761722869,0.0,1.0
1948-02-06,0.19296400599178126,1.0,1.0
1948-02-07,0.09363699730581306,1.0,1.0
1948-02-09,0.03684486303712191,1.0,1.0
1948-02-10,0.9916168177220026,0.0,0.0
1948-02-11,0.7385048337023997,0.0,0.0
1948-02-13,0.39427096548343227,0.0,0.0
1948-02-14,0.1585178790958669,1.0,0.0
1948-02-16,0.225717167158947,1.0,0.0
1948-02-17,0.08485121075058599,1.0,1.0
1948-02-18,0.03560179314619345,1.0,1.0
1948-02-19,0.020249619323917487,1.0,1.0
1948-02-20,0.018024590942184494,1.0,1.0
1948-02-21,0.013097260469345543,1.0,1.0
1948-02-24,0.011581944773984505,1.0,1.0
1948-02-25,0.01446149998162604,1.0,1.0
1948-02-26,0.01752937554635215,1.0,1.0
1948-02-27,0.017340852439799225,1.0,1.0
1948-02-28,0.015563565150424495,1.0,1.0
1948-03-01,0.01466291266557845,1.0,1.0
1948-03-02,0.015478674613695438,1.0,1.0
1948-03-03,0.012679682823926796,1.0,1.0
1948-03-04,0.013334710132581268,1.0,1.0
1948-03-05,0.01164136144477243,1.0,1.0
1948-03-06,0.01247698759275791,1.0,1.0
1948-03-08,0.0213244696226491,1.0,1.0
1948-03-09,0.02350313193844879,1.0,1.0
1948-03-10,0.01653426673421371,1.0,1.0
1948-03-11,0.012734933731451582,1.0,1.0
1948-03-12,0.011526045214388818,1.0,1.0
1948-03-13,0.012714243995262619,1.0,1.0
1948-03-15,0.011619336281506035,1.0,1.0
1948-03-16,0.232753315378172,1.0,1.0
1948-03-17,0.12181635855008209,1.0,1.0
1948-03-18,0.07312923719744209,1.0,1.0
1948-03-19,0.2690574937747902,1.0,1.0
1948-03-20,0.9359390659665978,0.0,0.0
1948-03-22,0.6647144969025761,0.0,0.0
1948-03-23,0.32746408805684496,0.0,0.0
1948-03-24,0.1264904048030461,1.0,0.0
1948-03-25,0.051384950127852894,1.0,1.0
1948-03-27,0.025116342556163653,1.0,1.0
1948-03-29,0.01578719022847568,1.0,1.0
1948-03-30,0.026878287564326028,1.0,1.0
1948-03-31,0.1064327982871539,1.0,1.0
1948-04-01,0.04143575233628931,1.0,1.0
1948-04-02,0.02007858148113348,1.0,1.0
1948-04-03,0.013633762248986901,1.0,1.0
1948-04-05,0.012029057667573171,1.0,1.0
1948-04-06,0.01319409271138233,1.0,1.0
1948-04-07,0.012751550050502608,1.0,1.0
1948-04-08,0.011892673000996957,1.0,1.0
1948-04-09,0.01119828996345949,1.0,1.0
1948-04-10,0.010993715234877032,1.0,1.0
1948-04-12,0.011890231046487175,1.0,1.0
1948-04-13,0.011275247558422782,1.0,1.0
1948-04-14,0.01109281411904715,1.0,1.0
1948-04-15,0.01923765648839104,1.0,1.0
1948-04-16,0.014698757045118166,1.0,1.0
1948-04-17,0.012361836815109942,1.0,1.0
1948-04-19,0.013905890110962042,1.0,1.0
1948-04-20,0.01241974742100891,1.0,1.0
1948-04-21,0.013015743398186416,1.0,1.0
1948-04-22,0.0205385600320489,1.0,1.0
1948-04-23,0.016016452295726742,1.0,1.0
1948-04-24,0.012960261399334342,1.0,1.0
1948-04-26,0.05466464840288928,1.0,1.0
1948-04-27,0.024254662013698625,1.0,1.0
1948-04-28,0.015270225951260891,1.0,1.0
1948-04-29,0.012260477833668397,1.0,1.0
1948-04-30,0.012223859349988955,1.0,1.0
1948-05-01,0.012689631712921198,1.0,1.0
1948-05-03,0.017380902349651506,1.0,1.0
1948-05-04,0.012820159277020895,1.0,1.0
1948-05-05,0.018222909301100463,1.0,1.0
1948-05-06,0.01797632664075961,1.0,1.0
1948-05-07,0.015514660415088363,1.0,1.0
1948-05-08,0.012643965448896715,1.0,1.0
1948-05-10,0.011729076734255066,1.0,1.0
1948-05-11,0.012782712432289456,1.0,1.0
1948-05-12,0.011579378041500147,1.0,1.0
1948-05-13,0.014164088724140779,1.0,1.0
1948-05-14,0.39557169111506585,0.0,1.0
1948-05-15,0.29312431798140187,1.0,1.0
1948-05-17,0.11938978635929212,1.0,1.0
1948-05-18,0.13662282383273655,1.0,1.0
1948-05-19,0.05133818831087851,1.0,1.0
1948-05-20,0.038436798454736354,1.0,1.0
1948-05-21,0.020232766343962504,1.0,1.0
1948-05-22,0.013782475554752505,1.0,1.0
1948-05-24,0.012381372025067708,1.0,1.0
1948-05-25,0.013942693306995572,1.0,1.0
1948-05-26,0.021694376743690902,1.0,1.0
1948-05-27,0.014720579827851136,1.0,1.0
1948-05-28,0.012092902814587993,1.0,1.0
1948-06-01,0.01133098530158152,1.0,1.0
1948-06-02,0.011228245978803677,1.0,1.0
1948-06-03,0.01316425806315263,1.0,1.0
1948-06-04,0.02443066638851727,1.0,1.0
1948-06-07,0.017126818277875735,1.0,1.0
1948-06-08,0.10378431898361969,1.0,1.0
1948-06-09,0.04814747743233234,1.0,1.0
1948-06-10,0.02212765066003889,1.0,1.0
1948-06-11,0.014326394232502156,1.0,1.0
1948-06-14,0.011979862528558233,1.0,1.0
1948-06-15,0.011755322370529201,1.0,1.0
1948-06-16,0.016159508089337322,1.0,1.0
1948-06-17,0.013004468512818428,1.0,1.0
1948-06-18,0.012610504190235622,1.0,1.0
1948-06-21,0.031449635641806674,1.0,1.0
1948-06-22,0.01750284760689606,1.0,1.0
1948-06-23,0.021538371810519468,1.0,1.0
1948-06-24,0.014803844686072855,1.0,1.0
1948-06-25,0.014960351961805674,1.0,1.0
1948-06-28,0.06027050482821888,1.0,1.0
1948-06-29,0.0279126554212134,1.0,1.0
1948-06-30,0.019046019302434446,1.0,1.0
1948-07-01,0.0146575338320722,1.0,1.0
1948-07-02,0.017343954665372214,1.0,1.0
1948-07-06,0.012820499217950062,1.0,1.0
1948-07-07,0.01327676042208184,1.0,1.0
1948-07-08,0.01162648996883571,1.0,1.0
1948-07-09,0.020980191401216573,1.0,1.0
1948-07-12,0.017704754060820477,1.0,1.0
1948-07-13,0.023754723628899778,1.0,1.0
1948-07-14,0.018086426918832412,1.0,1.0
1948-07-15,0.3548577372003204,0.0,1.0
1948-07-16,0.6673967624205017,0.0,1.0
1948-07-19,0.9999909648454542,0.0,0.0
1948-07-20,0.9103622749804521,0.0,0.0
1948-07-21,0.5174406527764761,0.0,0.0
1948-07-22,0.2511613082573586,1.0,0.0
1948-07-23,0.09191892981505864,1.0,1.0
1948-07-26,0.0763550796401719,1.0,1.0
1948-07-27,0.06127421801662976,1.0,1.0
1948-07-28,0.03792580742196194,1.0,1.0
1948-07-29,0.04709033058998602,1.0,1.0
1948-07-30,0.28922426384053224,1.0,1.0
1948-08-02,0.10106335999800005,1.0,1.0
1948-08-03,0.039243548089380104,1.0,1.0
1948-08-04,0.1057361557854745,1.0,1.0
1948-08-05,0.04387426675148149,1.0,1.0
1948-08-06,0.023413461714664935,1.0,1.0
1948-08-09,0.04647041368271436,1.0,1.0
1948-08-10,0.08139134603586545,1.0,1.0
1948-08-11,0.07433410582768323,1.0,1.0
1948-08-12,0.03417484916131258,1.0,1.0
1948-08-13,0.02113131309408447,1.0,1.0
1948-08-16,0.01738533150971362,1.0,1.0
1948-08-17,0.04277420121860838,1.0,1.0
1948-08-18,0.02334630823328981,1.0,1.0
1948-08-19,0.01808625318587276,1.0,1.0
1948-08-20,0.023991651120766393,1.0,1.0
1948-08-23,0.07509079388774212,1.0,1.0
1948-08-24,0.03367075696763682,1.0,1.0
1948-08-25,0.022541587536541254,1.0,1.0
1948-08-26,0.017754576444391153,1.0,1.0
1948-08-27,0.019779358990265453,1.0,1.0
1948-08-30,0.024217049912221743,1.0,1.0
1948-08-31,0.019589387779941486,1.0,1.0
1948-09-01,0.07288343346054954,1.0,1.0
1948-09-02,0.04556659177130297,1.0,1.0
1948-09-03,0.02460409290019233,1.0,1.0
1948-09-07,0.020383112389533904,1.0,1.0
1948-09-08,0.22879142135710132,1.0,1.0
1948-09-09,0.7433789258561341,0.0,1.0
1948-09-10,0.33490289339174684,0.0,1.0
1948-09-13,0.2326592043532978,1.0,1.0
1948-09-14,0.13114077563811397,1.0,1.0
1948-09-15,0.04962862157243093,1.0,1.0
1948-09-16,0.025071979151150177,1.0,1.0
1948-09-17,0.027580364885090046,1.0,1.0
1948-09-20,0.5878715560710056,0.0,1.0
1948-09-21,0.29166585436368,1.0,1.0
1948-09-22,0.11824504823551343,1.0,1.0
1948-09-23,0.05450910695910809,1.0,1.0
1948-09-24,0.026410634216914357,1.0,1.0
1948-09-27,0.9406864243635733,0.0,1.0
1948-09-28,0.6836942372623043,0.0,1.0
1948-09-29,0.48876202896986587,0.0,1.0
1948-09-30,0.2163122626724575,1.0,1.0
1948-10-01,0.1712503629636578,1.0,1.0
1948-10-02,0.07272437410284821,1.0,1.0
1948-10-04,0.03879954389349163,1.0,1.0
1948-10-05,0.028192761975323867,1.0,1.0
1948-10-06,0.02040828871846588,1.0,1.0
1948-10-07,0.02162873177606552,1.0,1.0
1948-10-08,0.019090000152185347,1.0,1.0
1948-10-09,0.016887802164139182,1.0,1.0
1948-10-11,0.01666806445484511,1.0,1.0
1948-10-13,0.036808519865813544,1.0,1.0
1948-10-14,0.0227101697617298,1.0,1.0
1948-10-15,0.018354252276640323,1.0,1.0
1948-10-16,0.016922024875057635,1.0,1.0
1948-10-18,0.016815253012263637,1.0,1.0
1948-10-19,0.017992745884152034,1.0,1.0
1948-10-20,0.01933764225962613,1.0,1.0
1948-10-21,0.016929422086738373,1.0,1.0
1948-10-22,0.09804310990022108,1.0,1.0
1948-10-23,0.040271191452744375,1.0,1.0
1948-10-25,0.03597494530072604,1.0,1.0
1948-10-26,0.02196263902064356,1.0,1.0
1948-10-27,0.018953866509600747,1.0,1.0
1948-10-28,0.03335320054170013,1.0,1.0
1948-10-29,0.020873556026120038,1.0,1.0
1948-10-30,0.01763956376146883,1.0,1.0
1948-11-01,0.027854187359117624,1.0,1.0
1948-11-03,0.9999999982677341,0.0,0.0
1948-11-04,0.9270152304173102,0.0,0.0
1948-11-05,0.9999999944949656,0.0,0.0
1948-11-06,0.5820099890234111,0.0,0.0
1948-11-08,0.2301731990475287,1.0,0.0
1948-11-09,0.9998658661579966,0.0,0.0
1948-11-10,0.589335909411382,0.0,0.0
1948-11-12,0.24983470885960954,1.0,0.0
1948-11-13,0.08741450248822083,1.0,1.0
1948-11-15,0.1170120402834687,1.0,1.0
1948-11-16,0.04598975432092008,1.0,1.0
1948-11-17,0.029146041900241258,1.0,1.0
1948-11-18,0.020121900883133155,1.0,1.0
1948-11-19,0.01907751746393341,1.0,1.0
1948-11-20,0.01693399692178508,1.0,1.0
1948-11-22,0.030185478452052605,1.0,1.0
1948-11-23,0.022457097738730135,1.0,1.0
1948-11-24,0.2548121284839643,1.0,1.0
1948-11-26,0.08906905027396043,1.0,1.0
1948-11-27,0.03680462292176924,1.0,1.0
1948-11-29,0.04480025522987337,1.0,1.0
1948-11-30,0.028759638167353763,1.0,1.0
1948-12-01,0.19773563891415125,1.0,1.0
1948-12-02,0.07357046738772334,1.0,1.0
1948-12-03,0.03947903879921406,1.0,1.0
1948-12-04,0.038620876101323594,1.0,1.0
1948-12-06,0.022021536095406472,1.0,1.0
1948-12-07,0.0176558915710626,1.0,1.0
1948-12-08,0.017849941755151873,1.0,1.0
1948-12-09,0.01940867441935787,1.0,1.0
1948-12-10,0.017020889240347184,1.0,1.0
1948-12-11,0.025979272677319504,1.0,1.0
1948-12-13,0.019168751498779255,1.0,1.0
1948-12-14,0.025633392047519632,1.0,1.0
1948-12-15,0.023510950269007635,1.0,1.0
1948-12-16,0.02062554918752017,1.0,1.0
1948-12-17,0.01743850600539579,1.0,1.0
1948-12-18,0.016872591735553513,1.0,1.0
1948-12-20,0.01627313757009612,1.0,1.0
1948-12-21,0.0181833988850426,1.0,1.0
1948-12-22,0.016748569973649877,1.0,1.0
1948-12-23,0.01735807080851057,1.0,1.0
1948-12-24,0.024317328748990414,1.0,1.0
1948-12-27,0.025406892305308643,1.0,1.0
1948-12-28,0.04336867857722743,1.0,1.0
1948-12-29,0.07388443152853676,1.0,1.0
1948-12-30,0.030243109381403347,1.0,1.0
1948-12-31,0.0305837043496299,1.0,1.0
1949-01-03,0.24681321950050086,0.0,1.0
1949-01-04,0.08251669719742649,1.0,1.0
1949-01-05,0.08016873527453594,1.0,1.0
1949-01-06,0.7001050061358923,0.0,1.0
1949-01-07,0.3625904148422873,0.0,1.0
1949-01-08,0.11022662204279514,1.0,1.0
1949-01-10,0.0832868625468897,1.0,1.0
1949-01-11,0.032630967722014986,1.0,1.0
1949-01-12,0.021574446336598375,1.0,1.0
1949-01-13,0.028878937558988516,1.0,1.0
1949-01-14,0.057861451937001915,1.0,1.0
1949-01-15,0.02658848073049325,1.0,1.0
1949-01-17,0.019776428344025977,1.0,1.0
1949-01-18,0.018212671530266063,1.0,1.0
1949-01-19,0.01799047740043178,1.0,1.0
1949-01-20,0.019726472224586695,1.0,1.0
1949-01-21,0.019273777809519162,1.0,1.0
1949-01-22,0.017639884159519673,1.0,1.0
1949-01-24,0.02186250865648146,1.0,1.0
1949-01-25,0.03714080172742845,1.0,1.0
1949-01-26,0.026818201406926718,1.0,1.0
1949-01-27,0.026480301485861134,1.0,1.0
1949-01-28,0.02670500817094206,1.0,1.0
1949-01-29,0.019347613651182392,1.0,1.0
1949-01-31,0.01918210684542051,1.0,1.0
1949-02-01,0.020891406615540113,1.0,1.0
1949-02-02,0.018091895895703456,1.0,1.0
1949-02-03,0.02035292168229801,1.0,1.0
1949-02-04,0.18918117482351252,1.0,1.0
1949-02-05,0.5743147292565665,0.0,1.0
1949-02-07,0.3504713654126319,0.0,1.0
1949-02-08,0.11400209156999855,1.0,1.0
1949-02-09,0.05132719173861744,1.0,1.0
1949-02-10,0.16967913566553697,1.0,1.0
1949-02-11,0.054775320151116066,1.0,1.0
1949-02-14,0.025729794691920202,1.0,1.0
1949-02-15,0.020917169254027212,1.0,1.0
1949-02-16,0.02287589393515691,1.0,1.0
1949-02-17,0.03464162571957597,1.0,1.0
1949-02-18,0.02408142724796541,1.0,1.0
1949-02-19,0.020204320971997203,1.0,1.0
1949-02-21,0.021088287015158875,1.0,1.0
1949-02-23,0.04121520014958089,1.0,1.0
1949-02-24,0.07867022725667355,1.0,1.0
1949-02-25,0.03486557193761518,1.0,1.0
1949-02-26,0.0234901240232523,1.0,1.0
1949-02-28,0.0361322514245472,1.0,1.0
1949-03-01,0.025865548858134597,1.0,1.0
1949-03-02,0.01951904545695382,1.0,1.0
1949-03-03,0.018416303219304212,1.0,1.0
1949-03-04,0.01764100347079271,1.0,1.0
1949-03-05,0.03486148566294831,1.0,1.0
1949-03-07,0.024830751192077866,1.0,1.0
1949-03-08,0.020080251713483908,1.0,1.0
1949-03-09,0.019615083802607947,1.0,1.0
1949-03-10,0.01771356748690474,1.0,1.0
1949-03-11,0.03688141681741167,1.0,1.0
1949-03-12,0.02284505394087294,1.0,1.0
1949-03-14,0.018770156464736832,1.0,1.0
1949-03-15,0.03449243605196307,1.0,1.0
1949-03-16,0.028485923447419063,1.0,1.0
1949-03-17,0.021454421922853698,1.0,1.0
1949-03-18,0.020703775982197015,1.0,1.0
1949-03-19,0.018466049240299355,1.0,1.0
1949-03-21,0.019787496708521212,1.0,1.0
1949-03-22,0.043949061288572996,1.0,1.0
1949-03-23,0.052033359927378,1.0,1.0
1949-03-24,0.02679131899521794,1.0,1.0
1949-03-25,0.030717022581023923,1.0,1.0
1949-03-26,0.020267696954625995,1.0,1.0
1949-03-28,0.017866957357804164,1.0,1.0
1949-03-29,0.3194888487424333,0.0,1.0
1949-03-30,0.0983796081880228,1.0,1.0
1949-03-31,0.09390036677310483,1.0,1.0
1949-04-01,0.06872492202423447,1.0,1.0
1949-04-02,0.030027781290861418,1.0,1.0
1949-04-04,0.02004414891446726,1.0,1.0
1949-04-05,0.01792042489849908,1.0,1.0
1949-04-06,0.019650064125256175,1.0,1.0
1949-04-07,0.021133395609434228,1.0,1.0
1949-04-08,0.01806449551323366,1.0,1.0
1949-04-09,0.017886560578539327,1.0,1.0
1949-04-11,0.019796912777636795,1.0,1.0
1949-04-12,0.017761858903481014,1.0,1.0
1949-04-13,0.017931995765730773,1.0,1.0
1949-04-14,0.019359575530170772,1.0,1.0
1949-04-16,0.01833022494712809,1.0,1.0
1949-04-18,0.017427153066562496,1.0,1.0
1949-04-19,0.021802852545921236,1.0,1.0
1949-04-20,0.02047260960001043,1.0,1.0
1949-04-21,0.2819432371108138,0.0,1.0
1949-04-22,0.08531737163330844,1.0,1.0
1949-04-23,0.035736271092422014,1.0,1.0
1949-04-25,0.025665039115076674,1.0,1.0
1949-04-26,0.020279022470364196,1.0,1.0
1949-04-27,0.01794374459099436,1.0,1.0
1949-04-28,0.028448680449420772,1.0,1.0
1949-04-29,0.02017838091481577,1.0,1.0
1949-04-30,0.017998383676640674,1.0,1.0
1949-05-02,0.017364791804369874,1.0,1.0
1949-05-03,0.018518271870276874,1.0,1.0
1949-05-04,0.03945653709931256,1.0,1.0
1949-05-05,0.022362192824699458,1.0,1.0
1949-05-06,0.024818190022965696,1.0,1.0
1949-05-07,0.01941222154102071,1.0,1.0
1949-05-09,0.020696567783618253,1.0,1.0
1949-05-10,0.01990347894952355,1.0,1.0
1949-05-11,0.017789734921118246,1.0,1.0
1949-05-12,0.017698001786200464,1.0,1.0
1949-05-13,0.017286352802220493,1.0,1.0
1949-05-14,0.01758345963870286,1.0,1.0
1949-05-16,0.01754355545476509,1.0,1.0
1949-05-17,0.02057551124739392,1.0,1.0
1949-05-18,0.02031947725490417,1.0,1.0
1949-05-19,0.032803168452496874,1.0,1.0
1949-05-20,0.028313424299316017,1.0,1.0
1949-05-21,0.01991046185598738,1.0,1.0
1949-05-23,0.05457509377719455,1.0,1.0
1949-05-24,0.046000407659501696,1.0,1.0
1949-05-25,0.021354580636407335,1.0,1.0
1949-05-26,0.016547318930367143,1.0,1.0
1949-05-27,0.017353290045089394,1.0,1.0
1949-05-31,0.8336261655150574,0.0,0.0
1949-06-01,0.33845873030868845,0.0,0.0
1949-06-02,0.09626446357391284,1.0,0.0
1949-06-03,0.056950297407636276,1.0,1.0
1949-06-06,0.43916085453664117,0.0,1.0
1949-06-07,0.12841769173885237,1.0,1.0
1949-06-08,0.05835074591036077,1.0,1.0
1949-06-09,0.025226746337604886,1.0,1.0
1949-06-10,0.04141397440697846,1.0,1.0
1949-06-13,0.7348950894058421,0.0,1.0
1949-06-14,0.2609143233647353,0.0,1.0
1949-06-15,0.6271576706232387,0.0,1.0
1949-06-16,0.21453433071651198,0.0,1.0
1949-06-17,0.06185671833672209,1.0,1.0
1949-06-20,0.10218654802683802,1.0,1.0
1949-06-21,0.03451283978026563,1.0,1.0
1949-06-22,0.020657799693958007,1.0,1.0
1949-06-23,0.022073806062671723,1.0,1.0
1949-06-24,0.016681416684202744,1.0,1.0
1949-06-27,0.01604324449646632,1.0,1.0
1949-06-28,0.04904494590457175,1.0,1.0
1949-06-29,0.029203095471943347,1.0,1.0
1949-06-30,0.021573591295056548,1.0,1.0
1949-07-01,0.025526008036047924,1.0,1.0
1949-07-05,0.019940153753536177,1.0,1.0
1949-07-06,0.03254543998551238,1.0,1.0
1949-07-07,0.019457074592799845,1.0,1.0
1949-07-08,0.016328802686877694,1.0,1.0
1949-07-11,0.015465404316490947,1.0,1.0
1949-07-12,0.0182908352179994,1.0,1.0
1949-07-13,0.038738164729987416,1.0,1.0
1949-07-14,0.020825849576874233,1.0,1.0
1949-07-15,0.01965154725905266,1.0,1.0
1949-07-18,0.016909781844505083,1.0,1.0
1949-07-19,0.02473944489972614,1.0,1.0
1949-07-20,0.019149543332600927,1.0,1.0
1949-07-21,0.022197666526704584,1.0,1.0
1949-07-22,0.016917962816031765,1.0,1.0
1949-07-25,0.016030689996695158,1.0,1.0
1949-07-26,0.020038645063177228,1.0,1.0
1949-07-27,0.016257126890902394,1.0,1.0
1949-07-28,0.01715813537328395,1.0,1.0
1949-07-29,0.016524418198529563,1.0,1.0
1949-08-01,0.018921318118648223,1.0,1.0
1949-08-02,0.01674796018741854,1.0,1.0
1949-08-03,0.015884275043110855,1.0,1.0
1949-08-04,0.01580801891582403,1.0,1.0
1949-08-05,0.05505714878484432,1.0,1.0
1949-08-08,0.07108416214259114,1.0,1.0
1949-08-09,0.03673772128918372,1.0,1.0
1949-08-10,0.026678326859870878,1.0,1.0
1949-08-11,0.020942334885081213,1.0,1.0
1949-08-12,0.019870321225959015,1.0,1.0
1949-08-15,0.019596257831246335,1.0,1.0
1949-08-16,0.01746200466493809,1.0,1.0
1949-08-17,0.04454409148756443,1.0,1.0
1949-08-18,0.023542446521325287,1.0,1.0
1949-08-19,0.02543832132299793,1.0,1.0
1949-08-22,0.02289493690992926,1.0,1.0
1949-08-23,0.14311214461523286,1.0,1.0
1949-08-24,0.044081865822254894,1.0,1.0
1949-08-25,0.02193682415495447,1.0,1.0
1949-08-26,0.016726754154455216,1.0,1.0
1949-08-29,0.035017015593087446,1.0,1.0
1949-08-30,0.02115162907554127,1.0,1.0
1949-08-31,0.016493527261719446,1.0,1.0
1949-09-01,0.023205997623225026,1.0,1.0
1949-09-02,0.017026387778749538,1.0,1.0
1949-09-06,0.0169855635312393,1.0,1.0
1949-09-07,0.021835932618074337,1.0,1.0
1949-09-08,0.016882745172793423,1.0,1.0
1949-09-09,0.01664462356410051,1.0,1.0
1949-09-12,0.02900904213050876,1.0,1.0
1949-09-13,0.15252498554230404,1.0,1.0
1949-09-14,0.04909527754899613,1.0,1.0
1949-09-15,0.037257860907931185,1.0,1.0
1949-09-16,0.020660643175539582,1.0,1.0
1949-09-19,0.03348126824863606,1.0,1.0
1949-09-20,0.9471049109928424,0.0,0.0
1949-09-21,0.8411123345036942,0.0,0.0
1949-09-22,0.37525871103141417,0.0,0.0
1949-09-23,0.12051980612945269,1.0,0.0
1949-09-26,0.04608534899932158,1.0,1.0
1949-09-27,0.04978235343506452,1.0,1.0
1949-09-28,0.049560913273858316,1.0,1.0
1949-09-29,0.023242210969736353,1.0,1.0
1949-09-30,0.017796224408734268,1.0,1.0
1949-10-01,0.022672074739401776,1.0,1.0
1949-10-03,0.01992689109357055,1.0,1.0
1949-10-04,0.030289154522810145,1.0,1.0
1949-10-05,0.02031951336625029,1.0,1.0
1949-10-06,0.016979525543949155,1.0,1.0
1949-10-07,0.015602908773608015,1.0,1.0
1949-10-08,0.015317770520276552,1.0,1.0
1949-10-10,0.01629161635896556,1.0,1.0
1949-10-11,0.028871516972424825,1.0,1.0
1949-10-13,0.018277061278197476,1.0,1.0
1949-10-14,0.01883000983103526,1.0,1.0
1949-10-15,0.01689816135399407,1.0,1.0
1949-10-17,0.07019201940202233,1.0,1.0
1949-10-18,0.046232545461104765,1.0,1.0
1949-10-19,0.024640053607170143,1.0,1.0
1949-10-20,0.01862339483810894,1.0,1.0
1949-10-21,0.01685194091238877,1.0,1.0
1949-10-22,0.01573281425104766,1.0,1.0
1949-10-24,0.015616312797460655,1.0,1.0
1949-10-25,0.017395675287521388,1.0,1.0
1949-10-26,0.029821543346425398,1.0,1.0
1949-10-27,0.02082011769143273,1.0,1.0
1949-10-28,0.027289237456653598,1.0,1.0
1949-10-29,0.01797407310215607,1.0,1.0
1949-10-31,0.02185555327639823,1.0,1.0
1949-11-01,0.026790936727036144,1.0,1.0
1949-11-02,0.03892975927149579,1.0,1.0
1949-11-03,0.022528930536196402,1.0,1.0
1949-11-04,0.01703386190326596,1.0,1.0
1949-11-05,0.015620185213599055,1.0,1.0
1949-11-07,0.017542768621633696,1.0,1.0
1949-11-09,0.016445398543918733,1.0,1.0
1949-11-10,0.01645329918066183,1.0,1.0
1949-11-12,0.015771325755146004,1.0,1.0
1949-11-14,0.03324232622012617,1.0,1.0
1949-11-15,0.03746797151769193,1.0,1.0
1949-11-16,0.02622565789451927,1.0,1.0
1949-11-17,0.030933148519754802,1.0,1.0
1949-11-18,0.0555739860925861,1.0,1.0
1949-11-19,0.024282103815736852,1.0,1.0
1949-11-21,0.03268026692854166,1.0,1.0
1949-11-22,0.020218243386807184,1.0,1.0
1949-11-23,0.016858429401479528,1.0,1.0
1949-11-25,0.0289061233036288,1.0,1.0
1949-11-26,0.018550620338262484,1.0,1.0
1949-11-28,0.02252578081098162,1.0,1.0
1949-11-29,0.018396537632227976,1.0,1.0
1949-11-30,0.017105812046481664,1.0,1.0
1949-12-01,0.02172391116199846,1.0,1.0
1949-12-02,0.040385912809961094,1.0,1.0
1949-12-03,0.030752944471309194,1.0,1.0
1949-12-05,0.01907162838666997,1.0,1.0
1949-12-06,0.017553916359518064,1.0,1.0
1949-12-07,0.01624867317722083,1.0,1.0
1949-12-08,0.015985955428325573,1.0,1.0
1949-12-09,0.01630040071961941,1.0,1.0
1949-12-10,0.01601213518839681,1.0,1.0
1949-12-12,0.02067337468937482,1.0,1.0
1949-12-13,0.022685376444677708,1.0,1.0
1949-12-14,0.0185994999605622,1.0,1.0
1949-12-15,0.016664495154694012,1.0,1.0
1949-12-16,0.01686184383946446,1.0,1.0
1949-12-17,0.016671213216155563,1.0,1.0
1949-12-19,0.018394718016762523,1.0,1.0
1949-12-20,0.028953652963532438,1.0,1.0
1949-12-21,0.020289167763655396,1.0,1.0
1949-12-22,0.02938148453754517,1.0,1.0
1949-12-23,0.018754666128233,1.0,1.0
1949-12-27,0.027664372175502876,1.0,1.0
1949-12-28,0.021795982581680293,1.0,1.0
1949-12-29,0.017276108517048222,1.0,1.0
1949-12-30,0.018945086217737835,1.0,1.0
1949-12-31,0.01734351193861065,1.0,1.0
1950-01-03,0.031219832940573445,1.0,1.0
1950-01-04,0.06119526583764489,1.0,1.0
1950-01-05,0.028052303526921597,1.0,1.0
1950-01-06,0.018706110695225386,1.0,1.0
1950-01-07,0.023324424756172357,1.0,1.0
1950-01-09,0.01741515067730086,1.0,1.0
1950-01-10,0.02166692767802074,1.0,1.0
1950-01-11,0.019160101122397116,1.0,1.0
1950-01-12,0.7120776843313038,0.0,1.0
1950-01-13,0.3229220910480056,0.0,1.0
1950-01-14,0.0879371292743606,1.0,1.0
1950-01-16,0.031032046758828306,1.0,1.0
1950-01-17,0.03154362368579128,1.0,1.0
1950-01-18,0.020022376789402118,1.0,1.0
1950-01-19,0.01681872021869181,1.0,1.0
1950-01-20,0.016344976123049842,1.0,1.0
1950-01-21,0.01600840029793888,1.0,1.0
1950-01-23,0.0180927391908283,1.0,1.0
1950-01-24,0.021086046459534293,1.0,1.0
1950-01-25,0.03325543512302458,1.0,1.0
1950-01-26,0.019441766796697908,1.0,1.0
1950-01-27,0.017895161854705566,1.0,1.0
1950-01-28,0.01716726430015238,1.0,1.0
1950-01-30,0.023853025686906257,1.0,1.0
1950-01-31,0.017527963386746493,1.0,1.0
1950-02-01,0.016512322190263155,1.0,1.0
1950-02-02,0.04132875363470108,1.0,1.0
1950-02-03,0.022299487231080693,1.0,1.0
1950-02-04,0.017518528815955937,1.0,1.0
1950-02-06,0.019084167761687622,1.0,1.0
1950-02-07,0.023904772036524947,1.0,1.0
1950-02-08,0.017534862069803425,1.0,1.0
1950-02-09,0.018370357303689598,1.0,1.0
1950-02-10,0.018945701758814115,1.0,1.0
1950-02-11,0.017343642077013145,1.0,1.0
1950-02-14,0.03301330929827945,1.0,1.0
1950-02-15,0.019429648969977596,1.0,1.0
1950-02-16,0.018441331642186365,1.0,1.0
1950-02-17,0.023249407409359827,1.0,1.0
1950-02-18,0.01967226085878972,1.0,1.0
1950-02-20,0.01811434427258169,1.0,1.0
1950-02-21,0.018017476674475882,1.0,1.0
1950-02-23,0.016358163683343155,1.0,1.0
1950-02-24,0.017123610727656554,1.0,1.0
1950-02-25,0.01704597017850456,1.0,1.0
1950-02-27,0.01615280479736262,1.0,1.0
1950-02-28,0.02107292822016621,1.0,1.0
1950-03-01,0.018034651788973118,1.0,1.0
1950-03-02,0.01649028701008094,1.0,1.0
1950-03-03,0.017365181075562862,1.0,1.0
1950-03-04,0.016676580487366987,1.0,1.0
1950-03-06,0.01615348865528335,1.0,1.0
1950-03-07,0.035883420671005355,1.0,1.0
1950-03-08,0.02009033772363448,1.0,1.0
1950-03-09,0.034121476100047905,1.0,1.0
1950-03-10,0.02047468477917347,1.0,1.0
1950-03-11,0.01725724646211575,1.0,1.0
1950-03-13,0.016826611749998124,1.0,1.0
1950-03-14,0.019979642946931695,1.0,1.0
1950-03-15,0.1018688611867462,1.0,1.0
1950-03-16,0.03501124618099143,1.0,1.0
1950-03-17,0.022279985370977383,1.0,1.0
1950-03-18,0.017337688466352134,1.0,1.0
1950-03-20,0.01772197507681189,1.0,1.0
1950-03-21,0.01642674636481579,1.0,1.0
1950-03-22,0.020315195357134254,1.0,1.0
1950-03-23,0.016865420796407047,1.0,1.0
1950-03-24,0.0166038639922552,1.0,1.0
1950-03-25,0.016519001132252138,1.0,1.0
1950-03-27,0.05131306109472782,1.0,1.0
1950-03-28,0.024118049445649405,1.0,1.0
1950-03-29,0.023464679672876836,1.0,1.0
1950-03-30,0.0713043309271327,1.0,1.0
1950-03-31,0.027589313705508576,1.0,1.0
1950-04-01,0.018803454724805047,1.0,1.0
1950-04-03,0.03393961783317212,1.0,1.0
1950-04-04,0.019631436980036537,1.0,1.0
1950-04-05,0.01762780605251646,1.0,1.0
1950-04-06,0.037689484650329,1.0,1.0
1950-04-08,0.02070972953592525,1.0,1.0
1950-04-10,0.0169706717112331,1.0,1.0
1950-04-11,0.029453935534136316,1.0,1.0
1950-04-12,0.04492084070802951,1.0,1.0
1950-04-13,0.02183098856232626,1.0,1.0
1950-04-14,0.018711879724126836,1.0,1.0
1950-04-15,0.024472806248172267,1.0,1.0
1950-04-17,0.01851511840740394,1.0,1.0
1950-04-18,0.01817428222010607,1.0,1.0
1950-04-19,0.01637476896757636,1.0,1.0
1950-04-20,0.03757283742054133,1.0,1.0
1950-04-21,0.01932810933370662,1.0,1.0
1950-04-22,0.015710845955480477,1.0,1.0
1950-04-24,0.04517596628644249,1.0,1.0
1950-04-25,0.01991908386606159,1.0,1.0
1950-04-26,0.0179573682536164,1.0,1.0
1950-04-27,0.01987247439605512,1.0,1.0
1950-04-28,0.02122796126960623,1.0,1.0
1950-04-29,0.02072823984249875,1.0,1.0
1950-05-01,0.02039482452090216,1.0,1.0
1950-05-02,0.025211265169222178,1.0,1.0
1950-05-03,0.02483388688733532,1.0,1.0
1950-05-04,0.03162897236793646,1.0,1.0
1950-05-05,0.01947833717503356,1.0,1.0
1950-05-06,0.01949973928540845,1.0,1.0
1950-05-08,0.01634001679347808,1.0,1.0
1950-05-09,0.01629034585261274,1.0,1.0
1950-05-10,0.01564892030148156,1.0,1.0
1950-05-11,0.015275474653211128,1.0,1.0
1950-05-12,0.02261458217000964,1.0,1.0
1950-05-13,0.016159991504234677,1.0,1.0
1950-05-15,0.015228785490971267,1.0,1.0
1950-05-16,0.023681094578487348,1.0,1.0
1950-05-17,0.01778286180031973,1.0,1.0
1950-05-18,0.01616188204711087,1.0,1.0
1950-05-19,0.020495427130734753,1.0,1.0
1950-05-20,0.015906732971971344,1.0,1.0
1950-05-22,0.02416796742952975,1.0,1.0
1950-05-23,0.017147388132806456,1.0,1.0
1950-05-24,0.016721418512434732,1.0,1.0
1950-05-25,0.015914299019532525,1.0,1.0
1950-05-26,0.01565390626751313,1.0,1.0
1950-05-27,0.015905495021607017,1.0,1.0
1950-05-29,0.015872983561272862,1.0,1.0
1950-05-31,0.015247610346958658,1.0,1.0
1950-06-01,0.01641744928819158,1.0,1.0
1950-06-02,0.01546299022244851,1.0,1.0
1950-06-05,0.05618936043152886,1.0,1.0
1950-06-06,0.03219107538508826,1.0,1.0
1950-06-07,0.019571278504636504,1.0,1.0
1950-06-08,0.02813124120014268,1.0,1.0
1950-06-09,0.02131239021211905,1.0,1.0
1950-06-12,0.018207436371708782,1.0,1.0
1950-06-13,0.02724971798808364,1.0,1.0
1950-06-14,0.1320392544104858,1.0,1.0
1950-06-15,0.03433399139633575,1.0,1.0
1950-06-16,0.01826376732453233,1.0,1.0
1950-06-19,0.0223001598049249,1.0,1.0
1950-06-20,0.020433595811803863,1.0,1.0
1950-06-21,0.031617318948805595,1.0,1.0
1950-06-22,0.02831922187136024,1.0,1.0
1950-06-23,0.017093157324518,1.0,1.0
1950-06-26,0.9999999999999996,0.0,0.0
1950-06-27,0.6777474682344667,0.0,0.0
1950-06-28,0.4647528603827243,0.0,0.0
1950-06-29,0.9999998970017269,0.0,0.0
1950-06-30,0.6645528380012604,0.0,0.0
1950-07-03,0.23798971326852536,0.0,0.0
1950-07-05,0.09288574633352664,1.0,1.0
1950-07-06,0.03948744955665674,1.0,1.0
1950-07-07,0.14449753527864923,1.0,1.0
1950-07-10,0.0586785095029828,1.0,1.0
1950-07-11,0.391793953947693,0.0,1.0
1950-07-12,0.998079131440997,0.0,1.0
1950-07-13,0.6349219426275555,0.0,1.0
1950-07-14,0.46476095042845,0.0,1.0
1950-07-17,0.2768058074751903,0.0,1.0
1950-07-18,0.9637228944710007,0.0,1.0
1950-07-19,0.8931668437085578,0.0,1.0
1950-07-20,0.7330438718032478,0.0,1.0
1950-07-21,0.15869541606968388,1.0,1.0
1950-07-24,0.07280295239471155,1.0,1.0
1950-07-25,0.31115879846472244,0.0,1.0
1950-07-26,0.06638214791777476,1.0,1.0
1950-07-27,0.09668770540767825,1.0,1.0
1950-07-28,0.050341744241995764,1.0,1.0
1950-07-31,0.02226739696185515,1.0,1.0
1950-08-01,0.0278636357858413,1.0,1.0
1950-08-02,0.017626783858747882,1.0,1.0
1950-08-03,0.01579868241172842,1.0,1.0
1950-08-04,0.01825573996114123,1.0,1.0
1950-08-07,0.05930947867936552,1.0,1.0
1950-08-08,0.02173929948696977,1.0,1.0
1950-08-09,0.020129249249336078,1.0,1.0
1950-08-10,0.015877917796371252,1.0,1.0
1950-08-11,0.02967419178355912,1.0,1.0
1950-08-14,0.01720545688110385,1.0,1.0
1950-08-15,0.015630933236265344,1.0,1.0
1950-08-16,0.01568434441445931,1.0,1.0
1950-08-17,0.03948870193203636,1.0,1.0
1950-08-18,0.023956372407497997,1.0,1.0
1950-08-21,0.016353860000833075,1.0,1.0
1950-08-22,0.0175074152125112,1.0,1.0
1950-08-23,0.023837198695844886,1.0,1.0
1950-08-24,0.016730820089991494,1.0,1.0
1950-08-25,0.13679423603158003,1.0,1.0
1950-08-28,0.03445314016140454,1.0,1.0
1950-08-29,0.018085682330394696,1.0,1.0
1950-08-30,0.019872071890707717,1.0,1.0
1950-08-31,0.017276148882477537,1.0,1.0
1950-09-01,0.01816286426193739,1.0,1.0
1950-09-05,0.01782921355512995,1.0,1.0
1950-09-06,0.02967340182668146,1.0,1.0
1950-09-07,0.01828900157242553,1.0,1.0
1950-09-08,0.02732098350556059,1.0,1.0
1950-09-11,0.03930988427296846,1.0,1.0
1950-09-12,0.0655079574218049,1.0,1.0
1950-09-13,0.0650921384301267,1.0,1.0
1950-09-14,0.02526793903023565,1.0,1.0
1950-09-15,0.017919485647153097,1.0,1.0
1950-09-18,0.01578818290173482,1.0,1.0
1950-09-19,0.020394225539989583,1.0,1.0
1950-09-20,0.02734103393119845,1.0,1.0
1950-09-21,0.030161072025073236,1.0,1.0
1950-09-22,0.021231151068126057,1.0,1.0
1950-09-25,0.018657968722220173,1.0,1.0
1950-09-26,0.16200326437364307,1.0,1.0
1950-09-27,0.17337547331683645,0.0,1.0
1950-09-28,0.039771963168994985,1.0,1.0
1950-09-29,0.01877953230126153,1.0,1.0
1950-10-02,0.03650908550350651,1.0,1.0
1950-10-03,0.021499390624933338,1.0,1.0
1950-10-04,0.06958503476584846,1.0,1.0
1950-10-05,0.03196515442963915,1.0,1.0
1950-10-06,0.0308375421060719,1.0,1.0
1950-10-07,0.017866520881070748,1.0,1.0
1950-10-09,0.058837958040253074,1.0,1.0
1950-10-10,0.062160349047997034,1.0,1.0
1950-10-11,0.029241875402715386,1.0,1.0
1950-10-13,0.018791272685248498,1.0,1.0
1950-10-14,0.027535115809404966,1.0,1.0
1950-10-16,0.019433816949328008,1.0,1.0
1950-10-17,0.02809206547475867,1.0,1.0
1950-10-18,0.025276818163344622,1.0,1.0
1950-10-19,0.018764425051215332,1.0,1.0
1950-10-20,0.019414595025759682,1.0,1.0
1950-10-21,0.017272790247663757,1.0,1.0
1950-10-23,0.01783377253487164,1.0,1.0
1950-10-24,0.016909796570395916,1.0,1.0
1950-10-25,0.018478233185731448,1.0,1.0
1950-10-26,0.9259000633336752,0.0,1.0
1950-10-27,0.28903131100907464,0.0,1.0
1950-10-28,0.06687937764601182,1.0,1.0
1950-10-30,0.10244758310440237,1.0,1.0
1950-10-31,0.06748827349805553,1.0,1.0
1950-11-01,0.027489268324929688,1.0,1.0
1950-11-02,0.04028093908739568,1.0,1.0
1950-11-03,0.02145552947957033,1.0,1.0
1950-11-04,0.023818552235311426,1.0,1.0
1950-11-06,0.9576882011461931,0.0,1.0
1950-11-08,0.7749465928389814,0.0,1.0
1950-11-09,0.5984022792561007,0.0,1.0
1950-11-10,0.20159320633544456,1.0,1.0
1950-11-13,0.05456939782970079,1.0,1.0
1950-11-14,0.023236140918424117,1.0,1.0
1950-11-15,0.020095212941892673,1.0,1.0
1950-11-16,0.020186587656361877,1.0,1.0
1950-11-17,0.031273101886741574,1.0,1.0
1950-11-18,0.022337302373580337,1.0,1.0
1950-11-20,0.01797347232574821,1.0,1.0
1950-11-21,0.017430920612216436,1.0,1.0
1950-11-22,0.04848273346280844,1.0,1.0
1950-11-24,0.03434576808616876,1.0,1.0
1950-11-25,0.021109471440522613,1.0,1.0
1950-11-27,0.022612508900736593,1.0,1.0
1950-11-28,0.9994907703683602,0.0,1.0
1950-11-29,0.5915250779815706,0.0,1.0
1950-11-30,0.20413905286448059,1.0,1.0
1950-12-01,0.07917166784958671,1.0,1.0
1950-12-02,0.056771239584068066,1.0,1.0
1950-12-04,0.9994787757924158,0.0,1.0
1950-12-05,0.828281929602147,0.0,1.0
1950-12-06,0.33930804468411707,0.0,1.0
1950-12-07,0.08753700228450313,1.0,1.0
1950-12-08,0.029207137080885025,1.0,1.0
1950-12-09,0.019930013296777217,1.0,1.0
1950-12-11,0.037592109858426655,1.0,1.0
1950-12-12,0.020342716270085798,1.0,1.0
1950-12-13,0.017577627877939192,1.0,1.0
1950-12-14,0.10033084675718887,1.0,1.0
1950-12-15,0.04549389939148739,1.0,1.0
1950-12-16,0.24685692067373133,0.0,1.0
1950-12-18,0.14690778655287062,1.0,1.0
1950-12-19,0.04712784110264445,1.0,1.0
1950-12-20,0.022139506536003863,1.0,1.0
1950-12-21,0.017555978889957375,1.0,1.0
1950-12-22,0.017588162815193986,1.0,1.0
1950-12-26,0.052215845253152315,1.0,1.0
1950-12-27,0.6599088472402823,0.0,1.0
1950-12-28,0.18320267470709709,1.0,1.0
1950-12-29,0.04839248153461528,1.0,1.0
1950-12-30,0.021952068727331686,1.0,1.0
1951-01-02,0.2042024615028832,1.0,1.0
1951-01-03,0.06300428857669185,1.0,1.0
1951-01-04,0.03550905238980351,1.0,1.0
1951-01-05,0.020094036803044522,1.0,1.0
1951-01-06,0.01843884560653549,1.0,1.0
1951-01-08,0.01949648407257395,1.0,1.0
1951-01-09,0.02126647311590305,1.0,1.0
1951-01-10,0.23671015736296122,0.0,1.0
1951-01-11,0.4902522997582383,0.0,1.0
1951-01-12,0.14124468182302655,1.0,1.0
1951-01-13,0.038421231687402524,1.0,1.0
1951-01-15,0.024416042322553743,1.0,1.0
1951-01-16,0.02612497550166966,1.0,1.0
1951-01-17,0.02239373401711734,1.0,1.0
1951-01-18,0.02262611083005701,1.0,1.0
1951-01-19,0.019525978785170397,1.0,1.0
1951-01-20,0.017112693249491343,1.0,1.0
1951-01-22,0.08930173233359681,1.0,1.0
1951-01-23,0.030208128704225946,1.0,1.0
1951-01-24,0.024572610280857703,1.0,1.0
1951-01-25,0.04357451546849818,1.0,1.0
1951-01-26,0.05312515602373881,1.0,1.0
1951-01-27,0.06220726603097411,1.0,1.0
1951-01-29,0.03531304496999784,1.0,1.0
1951-01-30,0.019950343726808883,1.0,1.0
1951-01-31,0.02138802073850733,1.0,1.0
1951-02-01,0.022639321595357274,1.0,1.0
1951-02-02,0.028062324320095797,1.0,1.0
1951-02-03,0.019726915043597058,1.0,1.0
1951-02-05,0.017964594648630917,1.0,1.0
1951-02-06,0.02303288667821825,1.0,1.0
1951-02-07,0.022260299739692766,1.0,1.0
1951-02-08,0.021174957438508286,1.0,1.0
1951-02-09,0.01968829297264054,1.0,1.0
1951-02-10,0.017142105891576474,1.0,1.0
1951-02-13,0.016773795736012502,1.0,1.0
1951-02-14,0.021682506253140874,1.0,1.0
1951-02-15,0.020881425904532163,1.0,1.0
1951-02-16,0.01867811110210498,1.0,1.0
1951-02-17,0.017116367453100877,1.0,1.0
1951-02-19,0.14603497057499948,1.0,1.0
1951-02-20,0.046123453561587834,1.0,1.0
1951-02-21,0.024032033985787158,1.0,1.0
1951-02-23,0.018091521238564136,1.0,1.0
1951-02-24,0.016928685531847353,1.0,1.0
1951-02-26,0.017252227094609576,1.0,1.0
1951-02-27,0.058729297849410965,1.0,1.0
1951-02-28,0.02370626150041367,1.0,1.0
1951-03-01,0.018566987584409823,1.0,1.0
1951-03-02,0.018631171965175504,1.0,1.0
1951-03-03,0.0176998742734004,1.0,1.0
1951-03-05,0.03170588881267268,1.0,1.0
1951-03-06,0.02224732745215121,1.0,1.0
1951-03-07,0.019042508613266385,1.0,1.0
1951-03-08,0.017845857128589496,1.0,1.0
1951-03-09,0.017015283797930884,1.0,1.0
1951-03-10,0.01958992534460232,1.0,1.0
1951-03-12,0.07969296324900657,1.0,1.0
1951-03-13,0.5857006090833097,0.0,1.0
1951-03-14,0.3781696471421676,0.0,1.0
1951-03-15,0.19133118913206326,1.0,1.0
1951-03-16,0.526159792024078,0.0,1.0
1951-03-17,0.16915839098008456,1.0,1.0
1951-03-19,0.1085878163929098,1.0,1.0
1951-03-20,0.04797061968780957,1.0,1.0
1951-03-21,0.03346973831548529,1.0,1.0
1951-03-22,0.024560928813871088,1.0,1.0
1951-03-24,0.15428393130531637,1.0,1.0
1951-03-26,0.053681033911334004,1.0,1.0
1951-03-27,0.028905304983385442,1.0,1.0
1951-03-28,0.18495111120077798,1.0,1.0
1951-03-29,0.06191784600349835,1.0,1.0
1951-03-30,0.03963358705972895,1.0,1.0
1951-03-31,0.03241452882297513,1.0,1.0
1951-04-02,0.044490577388935734,1.0,1.0
1951-04-03,0.031758098059125134,1.0,1.0
1951-04-04,0.02589822990780528,1.0,1.0
1951-04-05,0.14828327323864857,1.0,1.0
1951-04-06,0.053920844535927284,1.0,1.0
1951-04-07,0.031136784039358528,1.0,1.0
1951-04-09,0.023713427981068364,1.0,1.0
1951-04-10,0.025237348552543743,1.0,1.0
1951-04-11,0.02541552502163501,1.0,1.0
1951-04-12,0.050518110312210776,1.0,1.0
1951-04-13,0.13117751229732125,1.0,1.0
1951-04-14,0.05042150822321433,1.0,1.0
1951-04-16,0.04956056623850775,1.0,1.0
1951-04-17,0.02750129714126727,1.0,1.0
1951-04-18,0.023582139481440067,1.0,1.0
1951-04-19,0.03608032392437233,1.0,1.0
1951-04-20,0.025931055289878605,1.0,1.0
1951-04-21,0.022653292329081944,1.0,1.0
1951-04-23,0.022508736994053074,1.0,1.0
1951-04-24,0.03509681340206191,1.0,1.0
1951-04-25,0.024140920956168314,1.0,1.0
1951-04-26,0.04108176447387644,1.0,1.0
1951-04-27,0.052079482596024664,1.0,1.0
1951-04-28,0.0280831459138534,1.0,1.0
1951-04-30,0.023701377935925378,1.0,1.0
1951-05-01,0.022141469082984717,1.0,1.0
1951-05-02,0.021473728057726914,1.0,1.0
1951-05-03,0.0317296870424049,1.0,1.0
1951-05-04,0.02377544338668033,1.0,1.0
1951-05-05,0.028385480108158577,1.0,1.0
1951-05-07,0.026999526884354485,1.0,1.0
1951-05-08,0.02322528778516037,1.0,1.0
1951-05-09,0.02144933354411586,1.0,1.0
1951-05-10,0.03840355105427384,1.0,1.0
1951-05-11,0.04622675690591741,1.0,1.0
1951-05-12,0.053273465195910925,1.0,1.0
1951-05-14,0.03076528026998221,1.0,1.0
1951-05-15,0.5389821134808872,0.0,1.0
1951-05-16,0.22276260671048537,0.0,1.0
1951-05-17,0.15477503120352598,1.0,1.0
1951-05-18,0.7866970104046678,0.0,1.0
1951-05-19,0.2855842144472513,0.0,1.0
1951-05-21,0.13544636082742936,1.0,1.0
1951-05-22,0.06490622794126295,1.0,1.0
1951-05-23,0.0721579696789803,1.0,1.0
1951-05-24,0.05071751224498782,1.0,1.0
1951-05-25,0.0279890077298455,1.0,1.0
1951-05-26,0.022474823744118303,1.0,1.0
1951-05-28,0.02471889178134641,1.0,1.0
1951-05-29,0.03284313439777802,1.0,1.0
1951-05-31,0.028553950886737633,1.0,1.0
1951-06-01,0.025848960199027566,1.0,1.0
1951-06-04,0.11174110189184977,1.0,1.0
1951-06-05,0.042493672396739665,1.0,1.0
1951-06-06,0.050794744570816786,1.0,1.0
1951-06-07,0.03206385313897598,1.0,1.0
1951-06-08,0.02774420032277006,1.0,1.0
1951-06-11,0.02589536337029039,1.0,1.0
1951-06-12,0.034162497527327314,1.0,1.0
1951-06-13,0.02414902970848167,1.0,1.0
1951-06-14,0.047879290647617916,1.0,1.0
1951-06-15,0.036664778868235944,1.0,1.0
1951-06-18,0.02607530938431931,1.0,1.0
1951-06-19,0.02441632324081344,1.0,1.0
1951-06-20,0.03581066316100357,1.0,1.0
1951-06-21,0.04855238280006577,1.0,1.0
1951-06-22,0.08848816763646594,1.0,1.0
1951-06-25,0.6536430175240378,0.0,1.0
1951-06-26,0.22109048483501845,0.0,1.0
1951-06-27,0.07838416005230486,1.0,1.0
1951-06-28,0.23242797101330032,0.0,1.0
1951-06-29,0.1965439743700359,1.0,1.0
1951-07-02,0.08122275928995709,1.0,1.0
1951-07-03,0.05043675419594344,1.0,1.0
1951-07-05,0.2724159689279959,0.0,1.0
1951-07-06,0.08852462924277546,1.0,1.0
1951-07-09,0.03697168908801101,1.0,1.0
1951-07-10,0.035930822389628046,1.0,1.0
1951-07-11,0.024360944209858005,1.0,1.0
1951-07-12,0.023837690472670404,1.0,1.0
1951-07-13,0.03074969371693336,1.0,1.0
1951-07-16,0.06738256184682741,1.0,1.0
1951-07-17,0.04283313659023187,1.0,1.0
1951-07-18,0.0274472355129458,1.0,1.0
1951-07-19,0.022582161495996594,1.0,1.0
1951-07-20,0.021230874606626413,1.0,1.0
1951-07-23,0.03776324927451088,1.0,1.0
1951-07-24,0.09631169882208067,1.0,1.0
1951-07-25,0.045304563889216345,1.0,1.0
1951-07-26,0.030584335493931157,1.0,1.0
1951-07-27,0.023447221342370244,1.0,1.0
1951-07-30,0.02706339939253823,1.0,1.0
1951-07-31,0.05224835434490584,1.0,1.0
1951-08-01,0.03902186913100857,1.0,1.0
1951-08-02,0.06529574882375427,1.0,1.0
1951-08-03,0.031211058286873684,1.0,1.0
1951-08-06,0.03186227589217151,1.0,1.0
1951-08-07,0.024619227983181304,1.0,1.0
1951-08-08,0.02525082653773603,1.0,1.0
1951-08-09,0.03156474632820459,1.0,1.0
1951-08-10,0.027106091584439402,1.0,1.0
1951-08-13,0.022339061913366213,1.0,1.0
1951-08-14,0.022982003148655835,1.0,1.0
1951-08-15,0.0227397604001612,1.0,1.0
1951-08-16,0.02501639393586189,1.0,1.0
1951-08-17,0.022144127785278675,1.0,1.0
1951-08-20,0.02278624801662279,1.0,1.0
1951-08-21,0.031635297800909165,1.0,1.0
1951-08-22,0.039148441370657094,1.0,1.0
1951-08-23,0.03271449711467103,1.0,1.0
1951-08-24,0.02426342518629274,1.0,1.0
1951-08-27,0.024723567089480137,1.0,1.0
1951-08-28,0.020325303895043074,1.0,1.0
1951-08-29,0.031405520432714634,1.0,1.0
1951-08-30,0.03072424886990654,1.0,1.0
1951-08-31,0.02209659354664128,1.0,1.0
1951-09-04,0.020090859216833852,1.0,1.0
1951-09-05,0.031320049737892805,1.0,1.0
1951-09-06,0.022769152953721408,1.0,1.0
1951-09-07,0.02186003785590132,1.0,1.0
1951-09-10,0.021779251358379603,1.0,1.0
1951-09-11,0.033400698280397864,1.0,1.0
1951-09-12,0.029474769008964067,1.0,1.0
1951-09-13,0.02202297767864649,1.0,1.0
1951-09-14,0.021249259957755763,1.0,1.0
1951-09-17,0.026726400116191252,1.0,1.0
1951-09-18,0.022820539722646634,1.0,1.0
1951-09-19,0.020393579177458515,1.0,1.0
1951-09-20,0.022380245253205727,1.0,1.0
1951-09-21,0.059840993457852626,1.0,1.0
1951-09-24,0.04965734491725067,1.0,1.0
1951-09-25,0.02754232492712158,1.0,1.0
1951-09-26,0.021231746116184322,1.0,1.0
1951-09-27,0.034900878703309594,1.0,1.0
1951-09-28,0.02441971508514151,1.0,1.0
1951-10-01,0.026466629838688867,1.0,1.0
1951-10-02,0.02877353313874883,1.0,1.0
1951-10-03,0.027442538814891455,1.0,1.0
1951-10-04,0.024033750790494912,1.0,1.0
1951-10-05,0.02045238516936112,1.0,1.0
1951-10-06,0.02016873275546994,1.0,1.0
1951-10-08,0.021474490781808762,1.0,1.0
1951-10-09,0.03440864399025999,1.0,1.0
1951-10-10,0.028109077191704204,1.0,1.0
1951-10-11,0.02368825207881657,1.0,1.0
1951-10-13,0.020664390314638886,1.0,1.0
1951-10-15,0.019647082349497056,1.0,1.0
1951-10-16,0.029241018345754276,1.0,1.0
1951-10-17,0.02751866173377674,1.0,1.0
1951-10-18,0.023862429425463735,1.0,1.0
1951-10-19,0.3630719355162758,0.0,1.0
1951-10-20,0.3769767803641846,0.0,1.0
1951-10-22,0.9643077382344427,0.0,0.0
1951-10-23,0.4618396690957255,0.0,0.0
1951-10-24,0.20366365324827235,1.0,0.0
1951-10-25,0.1114476673408376,1.0,1.0
1951-10-26,0.11846395448599054,1.0,1.0
1951-10-27,0.7430347518281224,0.0,1.0
1951-10-29,0.39897413979631047,0.0,1.0
1951-10-30,0.1275900124157217,1.0,1.0
1951-10-31,0.11423001584927711,1.0,1.0
1951-11-01,0.05725003290711778,1.0,1.0
1951-11-02,0.07745224631586692,1.0,1.0
1951-11-03,0.12424289554676357,1.0,1.0
1951-11-05,0.045033893948100624,1.0,1.0
1951-11-07,0.09732720808718404,1.0,1.0
1951-11-08,0.03789312051192717,1.0,1.0
1951-11-09,0.07374108113470158,1.0,1.0
1951-11-10,0.036727572370798635,1.0,1.0
1951-11-13,0.027398090652022377,1.0,1.0
1951-11-14,0.0214746288187736,1.0,1.0
1951-11-15,0.021115025405285724,1.0,1.0
1951-11-16,0.021870430488736842,1.0,1.0
1951-11-17,0.02042670410588468,1.0,1.0
1951-11-19,0.028674089396284574,1.0,1.0
1951-11-20,0.02521139718323836,1.0,1.0
1951-11-21,0.022441570784005483,1.0,1.0
1951-11-23,0.1238973627177698,1.0,1.0
1951-11-24,0.06439155988409147,1.0,1.0
1951-11-26,0.03762562291067565,1.0,1.0
1951-11-27,0.03834198832225117,1.0,1.0
1951-11-28,0.026895941290513155,1.0,1.0
1951-11-29,0.02304718869758865,1.0,1.0
1951-11-30,0.04381331226019677,1.0,1.0
1951-12-01,0.02517772745748876,1.0,1.0
1951-12-03,0.021486678080917587,1.0,1.0
1951-12-04,0.02140084375824512,1.0,1.0
1951-12-05,0.02024430540603967,1.0,1.0
1951-12-06,0.03928068649205307,1.0,1.0
1951-12-07,0.023980800886577936,1.0,1.0
1951-12-08,0.020527605165743458,1.0,1.0
1951-12-10,0.02026862826311209,1.0,1.0
1951-12-11,0.03337105926410748,1.0,1.0
1951-12-12,0.02264458885137659,1.0,1.0
1951-12-13,0.020482581265034508,1.0,1.0
1951-12-14,0.020538523304872817,1.0,1.0
1951-12-15,0.021009592135253673,1.0,1.0
1951-12-17,0.019736938603888986,1.0,1.0
1951-12-18,0.019484174861163453,1.0,1.0
1951-12-19,0.01968160942825556,1.0,1.0
1951-12-20,0.02006778055380747,1.0,1.0
1951-12-21,0.0237950816224469,1.0,1.0
1951-12-22,0.02113681787950721,1.0,1.0
1951-12-24,0.020914157548853802,1.0,1.0
1951-12-26,0.044348245820863615,1.0,1.0
1951-12-27,0.04590307482294334,1.0,1.0
1951-12-28,0.028075673417123307,1.0,1.0
1951-12-29,0.022607535671871445,1.0,1.0
1951-12-31,0.02035448489762287,1.0,1.0
1952-01-02,0.019566535416103238,1.0,1.0
1952-01-03,0.01940493621637634,1.0,1.0
1952-01-04,0.01934937404605225,1.0,1.0
1952-01-05,0.019585111864972554,1.0,1.0
1952-01-07,0.022168458370780054,1.0,1.0
1952-01-08,0.03197910072973666,1.0,1.0
1952-01-09,0.028979311367299202,1.0,1.0
1952-01-10,0.02750296959999118,1.0,1.0
1952-01-11,0.023044851562121993,1.0,1.0
1952-01-12,0.021652567459949347,1.0,1.0
1952-01-14,0.019888107401693406,1.0,1.0
1952-01-15,0.0316439208904199,1.0,1.0
1952-01-16,0.022602849260176274,1.0,1.0
1952-01-17,0.02141574983774186,1.0,1.0
1952-01-18,0.019830458399625977,1.0,1.0
1952-01-19,0.01970727227804465,1.0,1.0
1952-01-21,0.020830104039301904,1.0,1.0
1952-01-22,0.022725986580066464,1.0,1.0
1952-01-23,0.028638971808789437,1.0,1.0
1952-01-24,0.021518462170907405,1.0,1.0
1952-01-25,0.019923346777032894,1.0,1.0
1952-01-26,0.019626276157849665,1.0,1.0
1952-01-28,0.019557481560728687,1.0,1.0
1952-01-29,0.02031593276801719,1.0,1.0
1952-01-30,0.13201491725902986,1.0,1.0
1952-01-31,0.07222102527506125,1.0,1.0
1952-02-01,0.039969294007746355,1.0,1.0
1952-02-02,0.02529325228546475,1.0,1.0
1952-02-04,0.16493941227683545,1.0,1.0
1952-02-05,0.04961503851137761,1.0,1.0
1952-02-06,0.023355797112908118,1.0,1.0
1952-02-07,0.01798859114912368,1.0,1.0
1952-02-08,0.019817461930543047,1.0,1.0
1952-02-09,0.017747235690559224,1.0,1.0
1952-02-11,0.02321092065050421,1.0,1.0
1952-02-13,0.04451014772828751,1.0,1.0
1952-02-14,0.027326135531383515,1.0,1.0
1952-02-15,0.019492351655096014,1.0,1.0
1952-02-16,0.018535382891952747,1.0,1.0
1952-02-18,0.026109575698243997,1.0,1.0
1952-02-19,0.38919969215797817,0.0,1.0
1952-02-20,0.4823742647310985,0.0,1.0
1952-02-21,0.11941063671132424,1.0,1.0
1952-02-23,0.04777470405476963,1.0,1.0
1952-02-25,0.029359965745665812,1.0,1.0
1952-02-26,0.03342783789085677,1.0,1.0
1952-02-27,0.019801005578083786,1.0,1.0
1952-02-28,0.02536788764946961,1.0,1.0
1952-02-29,0.01964629897431455,1.0,1.0
1952-03-01,0.01751528442709458,1.0,1.0
1952-03-03,0.01713969463405185,1.0,1.0
1952-03-04,0.0879688810153046,1.0,1.0
1952-03-05,0.029845369531929067,1.0,1.0
1952-03-06,0.0199585295641082,1.0,1.0
1952-03-07,0.01742558241165753,1.0,1.0
1952-03-08,0.017265590489586435,1.0,1.0
1952-03-10,0.02972332342326514,1.0,1.0
1952-03-11,0.019181180706597474,1.0,1.0
1952-03-12,0.017436360996444956,1.0,1.0
1952-03-13,0.017262302822987553,1.0,1.0
1952-03-14,0.017023076429805162,1.0,1.0
1952-03-15,0.016907140402222937,1.0,1.0
1952-03-17,0.016957155822690757,1.0,1.0
1952-03-18,0.019100149281266257,1.0,1.0
1952-03-19,0.02143898079650103,1.0,1.0
1952-03-20,0.018330732893577263,1.0,1.0
1952-03-21,0.01732357588885909,1.0,1.0
1952-03-22,0.01764998970541334,1.0,1.0
1952-03-24,0.01880075918057117,1.0,1.0
1952-03-25,0.026975581531677603,1.0,1.0
1952-03-26,0.020073113529210238,1.0,1.0
1952-03-27,0.02736453749943304,1.0,1.0
1952-03-28,0.02352443260572808,1.0,1.0
1952-03-29,0.02196840411582551,1.0,1.0
1952-03-31,0.017973685890779318,1.0,1.0
1952-04-01,0.052934104322780895,1.0,1.0
1952-04-02,0.025233598142322494,1.0,1.0
1952-04-03,0.01847243910391736,1.0,1.0
1952-04-04,0.0311462267861276,1.0,1.0
1952-04-05,0.022117507118408004,1.0,1.0
1952-04-07,0.0825013711539497,1.0,1.0
1952-04-08,0.03489748933531187,1.0,1.0
1952-04-09,0.020896051127250074,1.0,1.0
1952-04-10,0.01831472861196712,1.0,1.0
1952-04-12,0.017419894352319804,1.0,1.0
1952-04-14,0.049091285657998744,1.0,1.0
1952-04-15,0.15489233171481576,1.0,1.0
1952-04-16,0.047956925327760115,1.0,1.0
1952-04-17,0.08540583448904067,1.0,1.0
1952-04-18,0.031296242603849694,1.0,1.0
1952-04-19,0.019702364181748876,1.0,1.0
1952-04-21,0.0249941536090341,1.0,1.0
1952-04-22,0.029574646871253565,1.0,1.0
1952-04-23,0.030873766316975946,1.0,1.0
1952-04-24,0.030294325078085806,1.0,1.0
1952-04-25,0.020852267890368554,1.0,1.0
1952-04-26,0.017566077181626755,1.0,1.0
1952-04-28,0.020670682940715942,1.0,1.0
1952-04-29,0.024536639691936264,1.0,1.0
1952-04-30,0.04705584637561127,1.0,1.0
1952-05-01,0.05708378225429623,1.0,1.0
1952-05-02,0.16383295863627337,1.0,1.0
1952-05-03,0.0452003223167574,1.0,1.0
1952-05-05,0.022234283732412305,1.0,1.0
1952-05-06,0.017941033378100105,1.0,1.0
1952-05-07,0.022440534753100812,1.0,1.0
1952-05-08,0.018112438982860517,1.0,1.0
1952-05-09,0.01750135616219763,1.0,1.0
1952-05-10,0.01851025244163253,1.0,1.0
1952-05-12,0.019409356429665563,1.0,1.0
1952-05-13,0.017291531497864176,1.0,1.0
1952-05-14,0.023707743810570225,1.0,1.0
1952-05-15,0.025621635806070592,1.0,1.0
1952-05-16,0.018679125181295855,1.0,1.0
1952-05-17,0.01767016537817435,1.0,1.0
1952-05-19,0.017004298496688497,1.0,1.0
1952-05-20,0.019616438993649975,1.0,1.0
1952-05-21,0.017557571921166207,1.0,1.0
1952-05-22,0.022352032484033467,1.0,1.0
1952-05-23,0.019314716422364313,1.0,1.0
1952-05-24,0.018015646674773032,1.0,1.0
1952-05-26,0.01708231346608159,1.0,1.0
1952-05-27,0.01997539424962131,1.0,1.0
1952-05-28,0.019701364859077083,1.0,1.0
1952-05-29,0.01792768058459676,1.0,1.0
1952-06-02,0.01914107857355933,1.0,1.0
1952-06-03,0.018700894245434987,1.0,1.0
1952-06-04,0.020725282942145377,1.0,1.0
1952-06-05,0.023083789642897413,1.0,1.0
1952-06-06,0.021656034562186996,1.0,1.0
1952-06-09,0.0187385842139483,1.0,1.0
1952-06-10,0.023750193617378353,1.0,1.0
1952-06-11,0.018211344606304365,1.0,1.0
1952-06-12,0.017457908768743733,1.0,1.0
1952-06-13,0.016968157362984307,1.0,1.0
1952-06-16,0.01925929954721666,1.0,1.0
1952-06-17,0.01748935650800275,1.0,1.0
1952-06-18,0.017034204196769563,1.0,1.0
1952-06-19,0.01731276951183516,1.0,1.0
1952-06-20,0.01694128707991473,1.0,1.0
1952-06-23,0.018662852002584027,1.0,1.0
1952-06-24,0.017382857107865145,1.0,1.0
1952-06-25,0.017668878751836748,1.0,1.0
1952-06-26,0.017021099439764834,1.0,1.0
1952-06-27,0.016926857430470593,1.0,1.0
1952-06-30,0.01767037951474739,1.0,1.0
1952-07-01,0.020115730491644328,1.0,1.0
1952-07-02,0.020417053221991364,1.0,1.0
1952-07-03,0.018135694004078672,1.0,1.0
1952-07-07,0.024566559594621472,1.0,1.0
1952-07-08,0.01854456656210304,1.0,1.0
1952-07-09,0.02228957502292803,1.0,1.0
1952-07-10,0.021258984988775147,1.0,1.0
1952-07-11,0.020308546850255252,1.0,1.0
1952-07-14,0.017676822113105187,1.0,1.0
1952-07-15,0.025710946151203912,1.0,1.0
1952-07-16,0.026014174217509192,1.0,1.0
1952-07-17,0.03442856090467666,1.0,1.0
1952-07-18,0.06575047142781858,1.0,1.0
1952-07-21,0.03323100286156615,1.0,1.0
1952-07-22,0.02497515390306089,1.0,1.0
1952-07-23,0.02482015277906089,1.0,1.0
1952-07-24,0.023587342013148323,1.0,1.0
1952-07-25,0.028964953957991472,1.0,1.0
1952-07-28,0.025592945112669064,1.0,1.0
1952-07-29,0.023062619120071286,1.0,1.0
1952-07-30,0.02245260770414966,1.0,1.0
1952-07-31,0.0224358742119774,1.0,1.0
1952-08-01,0.022738880444678353,1.0,1.0
1952-08-04,0.02562103830929943,1.0,1.0
1952-08-05,0.02371647649939939,1.0,1.0
1952-08-06,0.022618538124281645,1.0,1.0
1952-08-07,0.0224668369796868,1.0,1.0
1952-08-08,0.023460646303500976,1.0,1.0
1952-08-11,0.023263924883246166,1.0,1.0
1952-08-12,0.06605284098806745,1.0,1.0
1952-08-13,0.035172290486248196,1.0,1.0
1952-08-14,0.026921675181757476,1.0,1.0
1952-08-15,0.028692951593813482,1.0,1.0
1952-08-18,0.16447945804729067,1.0,1.0
1952-08-19,0.06208928627652131,1.0,1.0
1952-08-20,0.03229204081718388,1.0,1.0
1952-08-21,0.024771334940667043,1.0,1.0
1952-08-22,0.02393260252926992,1.0,1.0
1952-08-25,0.03470676340768115,1.0,1.0
1952-08-26,0.027665904321820606,1.0,1.0
1952-08-27,0.02465292134950583,1.0,1.0
1952-08-28,0.02289586876699564,1.0,1.0
1952-08-29,0.02276338097616255,1.0,1.0
1952-09-02,0.023063906616611396,1.0,1.0
1952-09-03,0.022452925650365683,1.0,1.0
1952-09-04,0.024714837820488517,1.0,1.0
1952-09-05,0.025953334465672162,1.0,1.0
1952-09-08,0.03908109703193718,1.0,1.0
1952-09-09,0.20131224355577557,1.0,1.0
1952-09-10,0.11658568027557382,1.0,1.0
1952-09-11,0.04661172992484349,1.0,1.0
1952-09-12,0.03506398176975142,1.0,1.0
1952-09-15,0.142396475653337,1.0,1.0
1952-09-16,0.057494657094579335,1.0,1.0
1952-09-17,0.03132417784010144,1.0,1.0
1952-09-18,0.029405881304007397,1.0,1.0
1952-09-19,0.02402352754175634,1.0,1.0
1952-09-22,0.022875359755409722,1.0,1.0
1952-09-23,0.02330073059292975,1.0,1.0
1952-09-24,0.02310639976437783,1.0,1.0
1952-09-25,0.02350255730217247,1.0,1.0
1952-09-26,0.030021664544108758,1.0,1.0
1952-09-29,0.026212733432335437,1.0,1.0
1952-09-30,0.048971161613702914,1.0,1.0
1952-10-01,0.03747585428479737,1.0,1.0
1952-10-02,0.027377896921423898,1.0,1.0
1952-10-03,0.028235298843702038,1.0,1.0
1952-10-06,0.03156828306759468,1.0,1.0
1952-10-07,0.025231764103969243,1.0,1.0
1952-10-08,0.02627137773021311,1.0,1.0
1952-10-09,0.024086605120637854,1.0,1.0
1952-10-10,0.023880935724904708,1.0,1.0
1952-10-14,0.033653700009566793,1.0,1.0
1952-10-15,0.5470944091377922,0.0,1.0
1952-10-16,0.3745483305566325,0.0,1.0
1952-10-17,0.3452128653353405,0.0,1.0
1952-10-20,0.15782977375290785,1.0,1.0
1952-10-21,0.06768815220316464,1.0,1.0
1952-10-22,0.18652813378389063,1.0,1.0
1952-10-23,0.067669735208024,1.0,1.0
1952-10-24,0.03620722253970255,1.0,1.0
1952-10-27,0.025823473178548446,1.0,1.0
1952-10-28,0.02376792385809121,1.0,1.0
1952-10-29,0.023156640931934983,1.0,1.0
1952-10-30,0.023770950594044694,1.0,1.0
1952-10-31,0.14731821954117877,1.0,1.0
1952-11-03,0.06670508593918315,1.0,1.0
1952-11-05,0.03920758907194908,1.0,1.0
1952-11-06,0.027951016599020714,1.0,1.0
1952-11-07,0.02528801841835592,1.0,1.0
1952-11-10,0.024066186491150315,1.0,1.0
1952-11-12,0.02672199994123683,1.0,1.0
1952-11-13,0.023605850718137023,1.0,1.0
1952-11-14,0.023514148136047276,1.0,1.0
1952-11-17,0.022540081526939846,1.0,1.0
1952-11-18,0.17368987829356275,1.0,1.0
1952-11-19,0.09052104200890962,1.0,1.0
1952-11-20,0.046077946183805785,1.0,1.0
1952-11-21,0.02949163394090488,1.0,1.0
1952-11-24,0.031887149720309475,1.0,1.0
1952-11-25,0.024741760351055974,1.0,1.0
1952-11-26,0.029599418678590474,1.0,1.0
1952-11-28,0.027504440632034735,1.0,1.0
1952-12-01,0.023611139436253717,1.0,1.0
1952-12-02,0.022814836251526655,1.0,1.0
1952-12-03,0.023966055970457433,1.0,1.0
1952-12-04,0.03225589432873857,1.0,1.0
1952-12-05,0.024737069316710898,1.0,1.0
1952-12-08,0.024593630127097144,1.0,1.0
1952-12-09,0.024718188557528022,1.0,1.0
1952-12-10,0.023584349947334524,1.0,1.0
1952-12-11,0.023625945823919154,1.0,1.0
1952-12-12,0.02310122310880776,1.0,1.0
1952-12-15,0.022700930594068813,1.0,1.0
1952-12-16,0.02379027838513418,1.0,1.0
1952-12-17,0.025694667383739364,1.0,1.0
1952-12-18,0.0241713643359031,1.0,1.0
1952-12-19,0.024289432302106232,1.0,1.0
1952-12-22,0.024636913884735406,1.0,1.0
1952-12-23,0.03392817278170631,1.0,1.0
1952-12-24,0.025644863100081065,1.0,1.0
1952-12-26,0.023119150848084052,1.0,1.0
1952-12-29,0.023255311990294705,1.0,1.0
1952-12-30,0.025495431789853945,1.0,1.0
1952-12-31,0.023242300651350772,1.0,1.0
1953-01-02,0.022941832354929,1.0,1.0
1953-01-05,0.024804752108954994,1.0,1.0
1953-01-06,0.04547869881817101,1.0,1.0
1953-01-07,0.040363766875838036,1.0,1.0
1953-01-08,0.028631170276508407,1.0,1.0
1953-01-09,0.10478760708715201,1.0,1.0
1953-01-12,0.10732918771838927,1.0,1.0
1953-01-13,0.054211834924397996,1.0,1.0
1953-01-14,0.030572598083011434,1.0,1.0
1953-01-15,0.024300226547467146,1.0,1.0
1953-01-16,0.0344029695285498,1.0,1.0
1953-01-19,0.025366280599321923,1.0,1.0
1953-01-20,0.023130819902436386,1.0,1.0
1953-01-21,0.023718294331763125,1.0,1.0
1953-01-22,0.021143634506529056,1.0,1.0
1953-01-23,0.022958608528943908,1.0,1.0
1953-01-26,0.0238933390544651,1.0,1.0
1953-01-27,0.02074451310041299,1.0,1.0
1953-01-28,0.019986052597870414,1.0,1.0
1953-01-29,0.02046153897842489,1.0,1.0
1953-01-30,0.02316841926413113,1.0,1.0
1953-02-02,0.020584645775698057,1.0,1.0
1953-02-03,0.020303154720350557,1.0,1.0
1953-02-04,0.022156684917236266,1.0,1.0
1953-02-05,0.07989453291345278,1.0,1.0
1953-02-06,0.14100421526303783,1.0,1.0
1953-02-09,0.07668880955193685,1.0,1.0
1953-02-10,0.03890543427013552,1.0,1.0
1953-02-11,0.024558190705271214,1.0,1.0
1953-02-13,0.02309118014053418,1.0,1.0
1953-02-16,0.024162744770042432,1.0,1.0
1953-02-17,0.038850454254132534,1.0,1.0
1953-02-18,0.025313591458925103,1.0,1.0
1953-02-19,0.021454055666376592,1.0,1.0
1953-02-20,0.02014887929541974,1.0,1.0
1953-02-24,0.02676678270143562,1.0,1.0
1953-02-25,0.027811417908748467,1.0,1.0
1953-02-26,0.021729273113916467,1.0,1.0
1953-02-27,0.0212174999494678,1.0,1.0
1953-03-02,0.020458049706424748,1.0,1.0
1953-03-03,0.02099799308987822,1.0,1.0
1953-03-04,0.08807147301415362,1.0,1.0
1953-03-05,0.037025597623835386,1.0,1.0
1953-03-06,0.025224529117592726,1.0,1.0
1953-03-09,0.021440863877780856,1.0,1.0
1953-03-10,0.02015359472449063,1.0,1.0
1953-03-11,0.029588943956059002,1.0,1.0
1953-03-12,0.023086925818821928,1.0,1.0
1953-03-13,0.020646679033950684,1.0,1.0
1953-03-16,0.019963995006753457,1.0,1.0
1953-03-17,0.020286933168133545,1.0,1.0
1953-03-18,0.021091785153846746,1.0,1.0
1953-03-19,0.020427273148813995,1.0,1.0
1953-03-20,0.021848620578831437,1.0,1.0
1953-03-23,0.04848075011317518,1.0,1.0
1953-03-24,0.03304920726581316,1.0,1.0
1953-03-25,0.026727412016064468,1.0,1.0
1953-03-26,0.037818169922150875,1.0,1.0
1953-03-27,0.02446741121303958,1.0,1.0
1953-03-30,0.6336896320682793,0.0,1.0
1953-03-31,0.7782488736901632,0.0,1.0
1953-04-01,0.3021239867357701,0.0,1.0
1953-04-02,0.10315304040367582,1.0,1.0
1953-04-06,0.9924774242119137,0.0,0.0
1953-04-07,0.4455756857928627,0.0,0.0
1953-04-08,0.2139606772014327,1.0,0.0
1953-04-09,0.11130671767516188,1.0,1.0
1953-04-10,0.05050545263930223,1.0,1.0
1953-04-13,0.032983284213802394,1.0,1.0
1953-04-14,0.02334464799889721,1.0,1.0
1953-04-15,0.023973125830559983,1.0,1.0
1953-04-16,0.02633518387378985,1.0,1.0
1953-04-17,0.12814106828769756,1.0,1.0
1953-04-20,0.04715407198946513,1.0,1.0
1953-04-21,0.030444904855757023,1.0,1.0
1953-04-22,0.07846984968849295,1.0,1.0
1953-04-23,0.3715248477217617,0.0,1.0
1953-04-24,0.1246670232106002,1.0,1.0
1953-04-27,0.052595906535961835,1.0,1.0
1953-04-28,0.03166666748191425,1.0,1.0
1953-04-29,0.027681537004801686,1.0,1.0
1953-04-30,0.024756724957238574,1.0,1.0
1953-05-01,0.022645391092700008,1.0,1.0
1953-05-04,0.045696103040409705,1.0,1.0
1953-05-05,0.026235376675828113,1.0,1.0
1953-05-06,0.021301732305690282,1.0,1.0
1953-05-07,0.03256787295273945,1.0,1.0
1953-05-08,0.022952488890492197,1.0,1.0
1953-05-11,0.020883155698897978,1.0,1.0
1953-05-12,0.03670123078464571,1.0,1.0
1953-05-13,0.025975221311796463,1.0,1.0
1953-05-14,0.02425973439797699,1.0,1.0
1953-05-15,0.021137357670132022,1.0,1.0
1953-05-18,0.02434926746524731,1.0,1.0
1953-05-19,0.025558895601961635,1.0,1.0
1953-05-20,0.05041959486683084,1.0,1.0
1953-05-21,0.027786155113913646,1.0,1.0
1953-05-22,0.022749931311021685,1.0,1.0
1953-05-25,0.02299902958554315,1.0,1.0
1953-05-26,0.028496313861112864,1.0,1.0
1953-05-27,0.08325343733087535,1.0,1.0
1953-05-28,0.10929828977149425,1.0,1.0
1953-05-29,0.04216974379030192,1.0,1.0
1953-06-01,0.5233738222746341,0.0,1.0
1953-06-02,0.17716812277490612,1.0,1.0
1953-06-03,0.06442855950329747,1.0,1.0
1953-06-04,0.12668228898421519,1.0,1.0
1953-06-05,0.046746736327689595,1.0,1.0
1953-06-08,0.03221136134750536,1.0,1.0
1953-06-09,0.9501380509740139,0.0,0.0
1953-06-10,0.43430186906764584,0.0,0.0
1953-06-11,0.25125312797365934,1.0,0.0
1953-06-12,0.08451955879812487,1.0,1.0
1953-06-15,0.1415400768009879,1.0,1.0
1953-06-16,0.06960237180005259,1.0,1.0
1953-06-17,0.15396488510671252,1.0,1.0
1953-06-18,0.056123743224447895,1.0,1.0
1953-06-19,0.029876141716179652,1.0,1.0
1953-06-22,0.02658117309508996,1.0,1.0
1953-06-23,0.02677549815326028,1.0,1.0
1953-06-24,0.0240880217916511,1.0,1.0
1953-06-25,0.022471272038058994,1.0,1.0
1953-06-26,0.02206939493200181,1.0,1.0
1953-06-29,0.02387435886614926,1.0,1.0
1953-06-30,0.02350128647030599,1.0,1.0
1953-07-01,0.022170210561897313,1.0,1.0
1953-07-02,0.0213146434432339,1.0,1.0
1953-07-03,0.02035269429778165,1.0,1.0
1953-07-06,0.019956736537938162,1.0,1.0
1953-07-07,0.02087107402005242,1.0,1.0
1953-07-08,0.02052014298236848,1.0,1.0
1953-07-09,0.028891556289326693,1.0,1.0
1953-07-10,0.024661964747870305,1.0,1.0
1953-07-13,0.13373974061343313,1.0,1.0
1953-07-14,0.05538467191755888,1.0,1.0
1953-07-15,0.02904108746222922,1.0,1.0
1953-07-16,0.022933898394164827,1.0,1.0
1953-07-17,0.02456901303317466,1.0,1.0
1953-07-20,0.03929126607813737,1.0,1.0
1953-07-21,0.03173300120612697,1.0,1.0
1953-07-22,0.023376630789214578,1.0,1.0
1953-07-23,0.021209628745420723,1.0,1.0
1953-07-24,0.021174852557253453,1.0,1.0
1953-07-27,0.04726022464526461,1.0,1.0
1953-07-28,0.027602836269530803,1.0,1.0
1953-07-29,0.027249247145340168,1.0,1.0
1953-07-30,0.05074531679115954,1.0,1.0
1953-07-31,0.05393734802331138,1.0,1.0
1953-08-03,0.03064031067532819,1.0,1.0
1953-08-04,0.024198737632812318,1.0,1.0
1953-08-05,0.021382345771695968,1.0,1.0
1953-08-06,0.022411556652957684,1.0,1.0
1953-08-07,0.02235674982015138,1.0,1.0
1953-08-10,0.022961232843514028,1.0,1.0
1953-08-11,0.02279432398929252,1.0,1.0
1953-08-12,0.023287311860260552,1.0,1.0
1953-08-13,0.022316279004589844,1.0,1.0
1953-08-14,0.030296076366701626,1.0,1.0
1953-08-17,0.029311078492743916,1.0,1.0
1953-08-18,0.042145993667125625,1.0,1.0
1953-08-19,0.06397682644175054,1.0,1.0
1953-08-20,0.031977131807371106,1.0,1.0
1953-08-21,0.02328342704129936,1.0,1.0
1953-08-24,0.20760548202055426,1.0,1.0
1953-08-25,0.13928684596888227,1.0,1.0
1953-08-26,0.06703720752527419,1.0,1.0
1953-08-27,0.05308734616078164,1.0,1.0
1953-08-28,0.03602061355088974,1.0,1.0
1953-08-31,0.8723826735366886,0.0,1.0
1953-09-01,0.3800274729082919,0.0,1.0
1953-09-02,0.1662037797050947,1.0,1.0
1953-09-03,0.07386566520387484,1.0,1.0
1953-09-04,0.03420888825457845,1.0,1.0
1953-09-08,0.02387589104854299,1.0,1.0
1953-09-09,0.021923599372818472,1.0,1.0
1953-09-10,0.09661112434627735,1.0,1.0
1953-09-11,0.6484949808447356,0.0,1.0
1953-09-14,0.9926456038249288,0.0,0.0
1953-09-15,0.5544993236479135,0.0,0.0
1953-09-16,0.2764010307419931,0.0,0.0
1953-09-17,0.09174226859795107,1.0,1.0
1953-09-18,0.08562559028572747,1.0,1.0
1953-09-21,0.047436038668197046,1.0,1.0
1953-09-22,0.17344031878341357,1.0,1.0
1953-09-23,0.06343762531124757,1.0,1.0
1953-09-24,0.03224708505662587,1.0,1.0
1953-09-25,0.023768656288896513,1.0,1.0
1953-09-28,0.02804524147879697,1.0,1.0
1953-09-29,0.022392746393981873,1.0,1.0
1953-09-30,0.031249129435349837,1.0,1.0
1953-10-01,0.030425058514458068,1.0,1.0
1953-10-02,0.02461836637122929,1.0,1.0
1953-10-05,0.03472104067381942,1.0,1.0
1953-10-06,0.04629826463760089,1.0,1.0
1953-10-07,0.04258970465830243,1.0,1.0
1953-10-08,0.0259747031380538,1.0,1.0
1953-10-09,0.0221995684546983,1.0,1.0
1953-10-13,0.025594230993255855,1.0,1.0
1953-10-14,0.024427680091603142,1.0,1.0
1953-10-15,0.09428899821887807,1.0,1.0
1953-10-16,0.050405943555055975,1.0,1.0
1953-10-19,0.02781214012678762,1.0,1.0
1953-10-20,0.02258374608096679,1.0,1.0
1953-10-21,0.02169473390319998,1.0,1.0
1953-10-22,0.021591375652883445,1.0,1.0
1953-10-23,0.020895381513056095,1.0,1.0
1953-10-26,0.026402829471951487,1.0,1.0
1953-10-27,0.030383980489709084,1.0,1.0
1953-10-28,0.022939469379865764,1.0,1.0
1953-10-29,0.056757498623594416,1.0,1.0
1953-10-30,0.03001357957404547,1.0,1.0
1953-11-02,0.025223560083821556,1.0,1.0
1953-11-04,0.021739812046037796,1.0,1.0
1953-11-05,0.03159522340542005,1.0,1.0
1953-11-06,0.023591710172255607,1.0,1.0
1953-11-09,0.023465472892888087,1.0,1.0
1953-11-10,0.04455037415232347,1.0,1.0
1953-11-12,0.027038230031259804,1.0,1.0
1953-11-13,0.022234109197865733,1.0,1.0
1953-11-16,0.04486269798713192,1.0,1.0
1953-11-17,0.043317927407355475,1.0,1.0
1953-11-18,0.026154985383059853,1.0,1.0
1953-11-19,0.02479039694087686,1.0,1.0
1953-11-20,0.021907134589600277,1.0,1.0
1953-11-23,0.02401020046591991,1.0,1.0
1953-11-24,0.025628542983357514,1.0,1.0
1953-11-25,0.021995185179066852,1.0,1.0
1953-11-27,0.0285950356437395,1.0,1.0
1953-11-30,0.027852764791404395,1.0,1.0
1953-12-01,0.022381797261852007,1.0,1.0
1953-12-02,0.028722345768005274,1.0,1.0
1953-12-03,0.022509537429416363,1.0,1.0
1953-12-04,0.02355097877675489,1.0,1.0
1953-12-07,0.02518535590308594,1.0,1.0
1953-12-08,0.0327505760324178,1.0,1.0
1953-12-09,0.02460618478975068,1.0,1.0
1953-12-10,0.0247614412483822,1.0,1.0
1953-12-11,0.022692687748335234,1.0,1.0
1953-12-14,0.026635825204426367,1.0,1.0
1953-12-15,0.022926075051712867,1.0,1.0
1953-12-16,0.04539670831005646,1.0,1.0
1953-12-17,0.02891671456310722,1.0,1.0
1953-12-18,0.02286956069911072,1.0,1.0
1953-12-21,0.02499027919632438,1.0,1.0
1953-12-22,0.08451768762949696,1.0,1.0
1953-12-23,0.03988491440785076,1.0,1.0
1953-12-24,0.027104623412514284,1.0,1.0
1953-12-28,0.03824039249061201,1.0,1.0
1953-12-29,0.06764760522904562,1.0,1.0
1953-12-30,0.046410430107016676,1.0,1.0
1953-12-31,0.026879063533108316,1.0,1.0
1954-01-04,0.035121509417190555,1.0,1.0
1954-01-05,0.03386528726097875,1.0,1.0
1954-01-06,0.023747800852871433,1.0,1.0
1954-01-07,0.030793150159572538,1.0,1.0
1954-01-08,0.037113295833326364,1.0,1.0
1954-01-11,0.04740526974914975,1.0,1.0
1954-01-12,0.03214628781603287,1.0,1.0
1954-01-13,0.027995078912427977,1.0,1.0
1954-01-14,0.02529620296344283,1.0,1.0
1954-01-15,0.04660294558275078,1.0,1.0
1954-01-18,0.027183880189889768,1.0,1.0
1954-01-19,0.03602514017022292,1.0,1.0
1954-01-20,0.024901818699305613,1.0,1.0
1954-01-21,0.02273277543583514,1.0,1.0
1954-01-22,0.02131585051396888,1.0,1.0
1954-01-25,0.02196403856468992,1.0,1.0
1954-01-26,0.03483714408193654,1.0,1.0
1954-01-27,0.03262666975238804,1.0,1.0
1954-01-28,0.0242784192569373,1.0,1.0
1954-01-29,0.021562406707325434,1.0,1.0
1954-02-01,0.026157881917968816,1.0,1.0
1954-02-02,0.02535313569447496,1.0,1.0
1954-02-03,0.02775169628638215,1.0,1.0
1954-02-04,0.032648031082271475,1.0,1.0
1954-02-05,0.024784758309697834,1.0,1.0
1954-02-08,0.022827024425033482,1.0,1.0
1954-02-09,0.021782278879002567,1.0,1.0
1954-02-10,0.024340707684547238,1.0,1.0
1954-02-11,0.02461137640712053,1.0,1.0
1954-02-12,0.022464163186612183,1.0,1.0
1954-02-15,0.030620484941920045,1.0,1.0
1954-02-16,0.08727535803490646,1.0,1.0
1954-02-17,0.03824696983280614,1.0,1.0
1954-02-18,0.02945050959953388,1.0,1.0
1954-02-19,0.025822962736347457,1.0,1.0
1954-02-23,0.03181288348074302,1.0,1.0
1954-02-24,0.025282644125905814,1.0,1.0
1954-02-25,0.024114808002831015,1.0,1.0
1954-02-26,0.04589217317679278,1.0,1.0
1954-03-01,0.03270211868348898,1.0,1.0
1954-03-02,0.023916617431802168,1.0,1.0
1954-03-03,0.02205870921309731,1.0,1.0
1954-03-04,0.02119488453059444,1.0,1.0
1954-03-05,0.023185687917850528,1.0,1.0
1954-03-08,0.02635061468622842,1.0,1.0
1954-03-09,0.02213952298892141,1.0,1.0
1954-03-10,0.02163530944226196,1.0,1.0
1954-03-11,0.023917187433149162,1.0,1.0
1954-03-12,0.02368573554803618,1.0,1.0
1954-03-15,0.031053826317985072,1.0,1.0
1954-03-16,0.023876273020465258,1.0,1.0
1954-03-17,0.02154833147765164,1.0,1.0
1954-03-18,0.02536859949157663,1.0,1.0
1954-03-19,0.0234490320256653,1.0,1.0
1954-03-22,0.02289385693646854,1.0,1.0
1954-03-23,0.06360290675953846,1.0,1.0
1954-03-24,0.05744107403278767,1.0,1.0
1954-03-25,0.03294370260599506,1.0,1.0
1954-03-26,0.03257006258587563,1.0,1.0
1954-03-29,0.025720649141658183,1.0,1.0
1954-03-30,0.022545430961292183,1.0,1.0
1954-03-31,0.037005187630409074,1.0,1.0
1954-04-01,0.03956512898538618,1.0,1.0
1954-04-02,0.025569700384982078,1.0,1.0
1954-04-05,0.02223495465235682,1.0,1.0
1954-04-06,0.11584449523942388,1.0,1.0
1954-04-07,0.05645772949425464,1.0,1.0
1954-04-08,0.04808294306083713,1.0,1.0
1954-04-09,0.030900208913796433,1.0,1.0
1954-04-12,0.02521348569187106,1.0,1.0
1954-04-13,0.021793766249740505,1.0,1.0
1954-04-14,0.03303807305128101,1.0,1.0
1954-04-15,0.02584741661587801,1.0,1.0
1954-04-19,0.04552209732521811,1.0,1.0
1954-04-20,0.027489679816349886,1.0,1.0
1954-04-21,0.024659317632720786,1.0,1.0
1954-04-22,0.021719567120266643,1.0,1.0
1954-04-23,0.022796346856897277,1.0,1.0
1954-04-26,0.021280441898994532,1.0,1.0
1954-04-27,0.03437818136528944,1.0,1.0
1954-04-28,0.024225522488997633,1.0,1.0
1954-04-29,0.11250343673178384,1.0,1.0
1954-04-30,0.04437247757512242,1.0,1.0
1954-05-03,0.030029143082938466,1.0,1.0
1954-05-04,0.023045511144561825,1.0,1.0
1954-05-05,0.02264198909387007,1.0,1.0
1954-05-06,0.02569491378445012,1.0,1.0
1954-05-07,0.023864473480390135,1.0,1.0
1954-05-10,0.021629508954107642,1.0,1.0
1954-05-11,0.031267263111489224,1.0,1.0
1954-05-12,0.0399931298437809,1.0,1.0
1954-05-13,0.03346145713756198,1.0,1.0
1954-05-14,0.02833431709318374,1.0,1.0
1954-05-17,0.022668704473978233,1.0,1.0
1954-05-18,0.021156115619425025,1.0,1.0
1954-05-19,0.025445575316506038,1.0,1.0
1954-05-20,0.023038757943588103,1.0,1.0
1954-05-21,0.025537541508256018,1.0,1.0
1954-05-24,0.0223821024740635,1.0,1.0
1954-05-25,0.02640979134838374,1.0,1.0
1954-05-26,0.02742810259791117,1.0,1.0
1954-05-27,0.027334325546899886,1.0,1.0
1954-05-28,0.022630875343550235,1.0,1.0
1954-06-01,0.02115525136996598,1.0,1.0
1954-06-02,0.024901181551047567,1.0,1.0
1954-06-03,0.022066861114872167,1.0,1.0
1954-06-04,0.02543898205125423,1.0,1.0
1954-06-07,0.024920389515314056,1.0,1.0
1954-06-08,0.9782630716011181,0.0,0.0
1954-06-09,0.5920159494503404,0.0,0.0
1954-06-10,0.25646048812520555,0.0,0.0
1954-06-11,0.12153010607175534,1.0,1.0
1954-06-14,0.04748927917898387,1.0,1.0
1954-06-15,0.046017179988657245,1.0,1.0
1954-06-16,0.04461972237999437,1.0,1.0
1954-06-17,0.02960247497941577,1.0,1.0
1954-06-18,0.02341338555961738,1.0,1.0
1954-06-21,0.021341003324328867,1.0,1.0
1954-06-22,0.021001566023880675,1.0,1.0
1954-06-23,0.020745870491893272,1.0,1.0
1954-06-24,0.02697433594813274,1.0,1.0
1954-06-25,0.0224593715101825,1.0,1.0
1954-06-28,0.029026259957485596,1.0,1.0
1954-06-29,0.02367958478340774,1.0,1.0
1954-06-30,0.045375507240001174,1.0,1.0
1954-07-01,0.027676310331099546,1.0,1.0
1954-07-02,0.06268535818950675,1.0,1.0
1954-07-06,0.06452041093773081,1.0,1.0
1954-07-07,0.03269760097185037,1.0,1.0
1954-07-08,0.02747418503502193,1.0,1.0
1954-07-09,0.025800623959582967,1.0,1.0
1954-07-12,0.022065902904450447,1.0,1.0
1954-07-13,0.02800465628422094,1.0,1.0
1954-07-14,0.02279945250647955,1.0,1.0
1954-07-15,0.02180280224899174,1.0,1.0
1954-07-16,0.03287544579550105,1.0,1.0
1954-07-19,0.0328642055941007,1.0,1.0
1954-07-20,0.018948914268222844,1.0,1.0
1954-07-21,0.024437980281127973,1.0,1.0
1954-07-22,0.029373275261087,1.0,1.0
1954-07-23,0.016701632210159835,1.0,1.0
1954-07-26,0.01446887256526394,1.0,1.0
1954-07-27,0.015200686411899221,1.0,1.0
1954-07-28,0.01386853947675996,1.0,1.0
1954-07-29,0.014425231299772507,1.0,1.0
1954-07-30,0.015070344313186452,1.0,1.0
1954-08-02,0.014044120172177094,1.0,1.0
1954-08-03,0.013696559931574965,1.0,1.0
1954-08-04,0.013893267682679043,1.0,1.0
1954-08-05,0.016142455132244934,1.0,1.0
1954-08-06,0.19203792193184074,1.0,1.0
1954-08-09,0.08507382887778411,1.0,1.0
1954-08-10,0.057201100316716956,1.0,1.0
1954-08-11,0.04634450064465865,1.0,1.0
1954-08-12,0.02349136101791198,1.0,1.0
1954-08-13,0.015818264670441756,1.0,1.0
1954-08-16,0.022576031427190963,1.0,1.0
1954-08-17,0.01592862315004068,1.0,1.0
1954-08-18,0.013977848372689361,1.0,1.0
1954-08-19,0.013766651112636,1.0,1.0
1954-08-20,0.013493824322351106,1.0,1.0
1954-08-23,0.03590887671119728,1.0,1.0
1954-08-24,0.026794812695055608,1.0,1.0
1954-08-25,0.03754843812809643,1.0,1.0
1954-08-26,0.025051700279825673,1.0,1.0
1954-08-27,0.015952806899064947,1.0,1.0
1954-08-30,0.079893702009877,1.0,1.0
1954-08-31,0.6171658926373271,0.0,1.0
1954-09-01,0.30399512048752425,0.0,1.0
1954-09-02,0.1126417600730862,1.0,1.0
1954-09-03,0.048594388563159806,1.0,1.0
1954-09-07,0.023936470972256204,1.0,1.0
1954-09-08,0.01559320908001702,1.0,1.0
1954-09-09,0.01394977626035667,1.0,1.0
1954-09-10,0.01419053683410915,1.0,1.0
1954-09-13,0.019429928672057464,1.0,1.0
1954-09-14,0.015216800485610363,1.0,1.0
1954-09-15,0.01598623129601034,1.0,1.0
1954-09-16,0.014711402894021583,1.0,1.0
1954-09-17,0.018769047109319353,1.0,1.0
1954-09-20,0.02188585113333909,1.0,1.0
1954-09-21,0.019025872389767422,1.0,1.0
1954-09-22,0.019203068367939453,1.0,1.0
1954-09-23,0.016034084915875803,1.0,1.0
1954-09-24,0.0165864551633667,1.0,1.0
1954-09-27,0.014082829893783134,1.0,1.0
1954-09-28,0.013558802692569486,1.0,1.0
1954-09-29,0.02163552537330256,1.0,1.0
1954-09-30,0.024289299107338253,1.0,1.0
1954-10-01,0.015666393155379644,1.0,1.0
1954-10-04,0.01649675625775384,1.0,1.0
1954-10-05,0.014739730535394319,1.0,1.0
1954-10-06,0.013805038969702574,1.0,1.0
1954-10-07,0.016466561995827182,1.0,1.0
1954-10-08,0.014691641820980707,1.0,1.0
1954-10-11,0.03487374003518734,1.0,1.0
1954-10-12,0.02688567043724593,1.0,1.0
1954-10-13,0.017346364464276117,1.0,1.0
1954-10-14,0.1596091459624034,1.0,1.0
1954-10-15,0.06298067237642554,1.0,1.0
1954-10-18,0.024732688168495127,1.0,1.0
1954-10-19,0.01620808645381127,1.0,1.0
1954-10-20,0.01893096090484493,1.0,1.0
1954-10-21,0.014543482247821118,1.0,1.0
1954-10-22,0.01365350535888539,1.0,1.0
1954-10-25,0.029383329946873593,1.0,1.0
1954-10-26,0.018020630877897167,1.0,1.0
1954-10-27,0.014877632729817208,1.0,1.0
1954-10-28,0.017113600783408893,1.0,1.0
1954-10-29,0.04170959072668018,1.0,1.0
1954-11-01,0.021869220911529874,1.0,1.0
1954-11-03,0.6978301966430206,0.0,1.0
1954-11-04,0.45968322549577145,0.0,1.0
1954-11-05,0.13478093637609934,1.0,1.0
1954-11-08,0.08173314416321219,1.0,1.0
1954-11-09,0.029944014609487816,1.0,1.0
1954-11-10,0.017758486348463987,1.0,1.0
1954-11-11,0.02361739436645968,1.0,1.0
1954-11-12,0.01597024285359645,1.0,1.0
1954-11-15,0.015030232966900321,1.0,1.0
1954-11-16,0.0165111264651519,1.0,1.0
1954-11-17,0.014742832635895785,1.0,1.0
1954-11-18,0.024033356627944567,1.0,1.0
1954-11-19,0.01620514286203761,1.0,1.0
1954-11-22,0.017768242984924503,1.0,1.0
1954-11-23,0.06562268862895586,1.0,1.0
1954-11-24,0.024665087088349344,1.0,1.0
1954-11-26,0.025513151642591544,1.0,1.0
1954-11-29,0.016091206720412674,1.0,1.0
1954-11-30,0.03250738034251092,1.0,1.0
1954-12-01,0.030970166790102765,1.0,1.0
1954-12-02,0.025482224039432802,1.0,1.0
1954-12-03,0.03820446236760686,1.0,1.0
1954-12-06,0.028604289966448513,1.0,1.0
1954-12-07,0.016697397043660595,1.0,1.0
1954-12-08,0.014595344040948284,1.0,1.0
1954-12-09,0.019978583289209578,1.0,1.0
1954-12-10,0.017286076615351233,1.0,1.0
1954-12-13,0.016181071339920722,1.0,1.0
1954-12-14,0.04219958463231754,1.0,1.0
1954-12-15,0.021134114245956345,1.0,1.0
1954-12-16,0.038651367210164364,1.0,1.0
1954-12-17,0.02520470003770862,1.0,1.0
1954-12-20,0.0256928470767249,1.0,1.0
1954-12-21,0.01593184101041655,1.0,1.0
1954-12-22,0.014655824343387759,1.0,1.0
1954-12-23,0.013715220321347735,1.0,1.0
1954-12-27,0.03518585498663473,1.0,1.0
1954-12-28,0.0410878318909067,1.0,1.0
1954-12-29,0.035776696076561636,1.0,1.0
1954-12-30,0.018185244225213466,1.0,1.0
1954-12-31,0.019223002050543263,1.0,1.0
1955-01-03,0.050766125795574914,1.0,1.0
1955-01-04,0.03454987240204827,1.0,1.0
1955-01-05,0.9798098904258326,0.0,0.0
1955-01-06,0.951208826672803,0.0,0.0
1955-01-07,0.6770969537232271,0.0,0.0
1955-01-10,0.7515098750575175,0.0,0.0
1955-01-11,0.27353468083131166,0.0,0.0
1955-01-12,0.08995239315959569,1.0,1.0
1955-01-13,0.054374981826206314,1.0,1.0
1955-01-14,0.03353264823656731,1.0,1.0
1955-01-17,0.9138910464500671,0.0,0.0
1955-01-18,0.3588956694077262,0.0,0.0
1955-01-19,0.10179838436960108,1.0,1.0
1955-01-20,0.0342228657241772,1.0,1.0
1955-01-21,0.03067935163807446,1.0,1.0
1955-01-24,0.020695313673433184,1.0,1.0
1955-01-25,0.021201827607315066,1.0,1.0
1955-01-26,0.030043507964972613,1.0,1.0
1955-01-27,0.02056768054503844,1.0,1.0
1955-01-28,0.020780840192817406,1.0,1.0
1955-01-31,0.03148638035193798,1.0,1.0
1955-02-01,0.022925113693381315,1.0,1.0
1955-02-02,0.02147015351398908,1.0,1.0
1955-02-03,0.021356269426535353,1.0,1.0
1955-02-04,0.05743954291278236,1.0,1.0
1955-02-07,0.026015991715130127,1.0,1.0
1955-02-08,0.07852415708563087,1.0,1.0
1955-02-09,0.09604934205441701,1.0,1.0
1955-02-10,0.056841086491178944,1.0,1.0
1955-02-11,0.02541224404168426,1.0,1.0
1955-02-14,0.025618663601591707,1.0,1.0
1955-02-15,0.02038748798777368,1.0,1.0
1955-02-16,0.024773889522025066,1.0,1.0
1955-02-17,0.01965647299763775,1.0,1.0
1955-02-18,0.01900756734944513,1.0,1.0
1955-02-21,0.018912114765391057,1.0,1.0
1955-02-23,0.018836895852971262,1.0,1.0
1955-02-24,0.035413596121664434,1.0,1.0
1955-02-25,0.02395406435163321,1.0,1.0
1955-02-28,0.023246370661606938,1.0,1.0
1955-03-01,0.02004042675557803,1.0,1.0
1955-03-02,0.03423076306993404,1.0,1.0
1955-03-03,0.021654829477191533,1.0,1.0
1955-03-04,0.020546576376094076,1.0,1.0
1955-03-07,0.030040956599855693,1.0,1.0
1955-03-08,0.9062246223430526,0.0,1.0
1955-03-09,0.8696166958231324,0.0,1.0
1955-03-10,0.3679906946281693,0.0,1.0
1955-03-11,0.8974011320647637,0.0,1.0
1955-03-14,0.9998919394078196,0.0,1.0
1955-03-15,0.978426596198693,0.0,1.0
1955-03-16,0.5035056775103873,0.0,1.0
1955-03-17,0.1354153949925329,1.0,1.0
1955-03-18,0.040258392329062795,1.0,1.0
1955-03-21,0.04707229686973169,1.0,1.0
1955-03-22,0.028792683811458678,1.0,1.0
1955-03-23,0.09407926027020627,1.0,1.0
1955-03-24,0.06285051071493768,1.0,1.0
1955-03-25,0.02693996878499316,1.0,1.0
1955-03-28,0.029408579926223175,1.0,1.0
1955-03-29,0.020627679510916652,1.0,1.0
1955-03-30,0.09402511487649391,1.0,1.0
1955-03-31,0.03245172004189198,1.0,1.0
1955-04-01,0.04046352366546691,1.0,1.0
1955-04-04,0.02608092875895765,1.0,1.0
1955-04-05,0.021256282759260982,1.0,1.0
1955-04-06,0.0189942523128598,1.0,1.0
1955-04-07,0.020175380694702285,1.0,1.0
1955-04-11,0.01887732321195411,1.0,1.0
1955-04-12,0.02077726085614076,1.0,1.0
1955-04-13,0.01927290229134327,1.0,1.0
1955-04-14,0.018849615662602313,1.0,1.0
1955-04-15,0.020147525720986808,1.0,1.0
1955-04-18,0.02492203642502213,1.0,1.0
1955-04-19,0.023068580936861545,1.0,1.0
1955-04-20,0.019317199203198316,1.0,1.0
1955-04-21,0.02028966050960594,1.0,1.0
1955-04-22,0.06529661058759283,1.0,1.0
1955-04-25,0.027316747346004516,1.0,1.0
1955-04-26,0.025625275253689118,1.0,1.0
1955-04-27,0.031996630685840674,1.0,1.0
1955-04-28,0.08478795880867779,1.0,1.0
1955-04-29,0.040399238035082226,1.0,1.0
1955-05-02,0.02246814650546686,1.0,1.0
1955-05-03,0.08761462769875257,1.0,1.0
1955-05-04,0.03121260970830085,1.0,1.0
1955-05-05,0.02384702118921784,1.0,1.0
1955-05-06,0.019978136205050005,1.0,1.0
1955-05-09,0.0188534450557567,1.0,1.0
1955-05-10,0.02273222854731501,1.0,1.0
1955-05-11,0.11099952892761826,1.0,1.0
1955-05-12,0.07992818433379602,1.0,1.0
1955-05-13,0.03778445007281779,1.0,1.0
1955-05-16,0.16375249298523803,1.0,1.0
1955-05-17,0.049407496196645494,1.0,1.0
1955-05-18,0.04134842382550781,1.0,1.0
1955-05-19,0.03299572365137305,1.0,1.0
1955-05-20,0.030364834278751526,1.0,1.0
1955-05-23,0.054180897830809656,1.0,1.0
1955-05-24,0.02504653630185677,1.0,1.0
1955-05-25,0.022793876868514595,1.0,1.0
1955-05-26,0.029514947346468635,1.0,1.0
1955-05-27,0.02048638529947302,1.0,1.0
1955-05-31,0.019392158080744248,1.0,1.0
1955-06-01,0.018662537211046385,1.0,1.0
1955-06-02,0.018957156404412583,1.0,1.0
1955-06-03,0.02601937410503879,1.0,1.0
1955-06-06,0.024192540039760478,1.0,1.0
1955-06-07,0.029425526040272442,1.0,1.0
1955-06-08,0.024665841754291856,1.0,1.0
1955-06-09,0.03886212998351758,1.0,1.0
1955-06-10,0.026426011669209104,1.0,1.0
1955-06-13,0.04437783639605743,1.0,1.0
1955-06-14,0.02438724800195284,1.0,1.0
1955-06-15,0.029024816554347226,1.0,1.0
1955-06-16,0.02038509387090361,1.0,1.0
1955-06-17,0.01920178659645832,1.0,1.0
1955-06-20,0.018736353387972807,1.0,1.0
1955-06-21,0.02092386411350661,1.0,1.0
1955-06-22,0.01894545853809219,1.0,1.0
1955-06-23,0.01866897244700562,1.0,1.0
1955-06-24,0.018619606963674516,1.0,1.0
1955-06-27,0.018732213560598503,1.0,1.0
1955-06-28,0.0276976899434086,1.0,1.0
1955-06-29,0.020180028580220836,1.0,1.0
1955-06-30,0.023723327172464184,1.0,1.0
1955-07-01,0.020943365715756095,1.0,1.0
1955-07-05,0.043178553808222726,1.0,1.0
1955-07-06,0.111183108608551,1.0,1.0
1955-07-07,0.6052436863414682,0.0,1.0
1955-07-08,0.1687863484950179,1.0,1.0
1955-07-11,0.053555580702605875,1.0,1.0
1955-07-12,0.028309577328144514,1.0,1.0
1955-07-13,0.12335684954660907,1.0,1.0
1955-07-14,0.038010151217514554,1.0,1.0
1955-07-15,0.024214480914124523,1.0,1.0
1955-07-18,0.02270014939845839,1.0,1.0
1955-07-19,0.055844845147387794,1.0,1.0
1955-07-20,0.030233899580602023,1.0,1.0
1955-07-21,0.03961030177529987,1.0,1.0
1955-07-22,0.0399727713438547,1.0,1.0
1955-07-25,0.030271101577076975,1.0,1.0
1955-07-26,0.024977465504772006,1.0,1.0
1955-07-27,0.02291478689477037,1.0,1.0
1955-07-28,0.04219308070488035,1.0,1.0
1955-07-29,0.030794942295242544,1.0,1.0
1955-08-01,0.2715650729375912,1.0,1.0
1955-08-02,0.09194799517816028,1.0,1.0
1955-08-03,0.039540313387621755,1.0,1.0
1955-08-04,0.3853683627670326,0.0,1.0
1955-08-05,0.15313995889903623,1.0,1.0
1955-08-08,0.1069817994878579,1.0,1.0
1955-08-09,0.31827721833171624,0.0,1.0
1955-08-10,0.10668244454634332,1.0,1.0
1955-08-11,0.0828214688068758,1.0,1.0
1955-08-12,0.037668820690742864,1.0,1.0
1955-08-15,0.03006300085206192,1.0,1.0
1955-08-16,0.05044080066944575,1.0,1.0
1955-08-17,0.030889919301441596,1.0,1.0
1955-08-18,0.025288939239311536,1.0,1.0
1955-08-19,0.022473257248225638,1.0,1.0
1955-08-22,0.024672502686293726,1.0,1.0
1955-08-23,0.05366164225373825,1.0,1.0
1955-08-24,0.031448674177053396,1.0,1.0
1955-08-25,0.026829652550346295,1.0,1.0
1955-08-26,0.02443449205681216,1.0,1.0
1955-08-29,0.022541271575796967,1.0,1.0
1955-08-30,0.022591995452635384,1.0,1.0
1955-08-31,0.0255069735698174,1.0,1.0
1955-09-01,0.02284023090860644,1.0,1.0
1955-09-02,0.024051751024595804,1.0,1.0
1955-09-06,0.027658477075798108,1.0,1.0
1955-09-07,0.023797159653353973,1.0,1.0
1955-09-08,0.022059015886789605,1.0,1.0
1955-09-09,0.021735713825037115,1.0,1.0
1955-09-12,0.024136075973871313,1.0,1.0
1955-09-13,0.030262658443353376,1.0,1.0
1955-09-14,0.023758507645630686,1.0,1.0
1955-09-15,0.025493393017867284,1.0,1.0
1955-09-16,0.024970411459213627,1.0,1.0
1955-09-19,0.023216410276054054,1.0,1.0
1955-09-20,0.023566667707911593,1.0,1.0
1955-09-21,0.024249493535650004,1.0,1.0
1955-09-22,0.02282281985870354,1.0,1.0
1955-09-23,0.02322413180575072,1.0,1.0
1955-09-26,1.0,0.0,0.0
1955-09-27,0.9975758093992104,0.0,0.0
1955-09-28,0.8475094630391133,0.0,0.0
1955-09-29,0.5896177458887741,0.0,0.0
1955-09-30,0.35608742375725155,0.0,0.0
1955-10-03,0.9991804072896578,0.0,0.0
1955-10-04,0.4977167279081623,0.0,0.0
1955-10-05,0.1984567680439974,1.0,0.0
1955-10-06,0.113271600156806,1.0,1.0
1955-10-07,0.1584585261321143,1.0,1.0
1955-10-10,0.9998737696750339,0.0,0.0
1955-10-11,0.7584745351447346,0.0,0.0
1955-10-12,0.7978153237580198,0.0,0.0
1955-10-13,0.3560375365596434,0.0,0.0
1955-10-14,0.13941237516803015,1.0,1.0
1955-10-17,0.05367482706356662,1.0,1.0
1955-10-18,0.032313395654021936,1.0,1.0
1955-10-19,0.045187809280779055,1.0,1.0
1955-10-20,0.06410295418827384,1.0,1.0
1955-10-21,0.03252293159317201,1.0,1.0
1955-10-24,0.0306353027773492,1.0,1.0
1955-10-25,0.04581373627709082,1.0,1.0
1955-10-26,0.07152113208322149,1.0,1.0
1955-10-27,0.04284844658029857,1.0,1.0
1955-10-28,0.027163267665752933,1.0,1.0
1955-10-31,0.025345360055497847,1.0,1.0
1955-11-01,0.023312913861763086,1.0,1.0
1955-11-02,0.021934328978620767,1.0,1.0
1955-11-03,0.18722132047078205,1.0,1.0
1955-11-04,0.37008421522212803,0.0,1.0
1955-11-07,0.15448858051090675,1.0,1.0
1955-11-09,0.10650010719277277,1.0,1.0
1955-11-10,0.04950948805718171,1.0,1.0
1955-11-11,0.04927826958480959,1.0,1.0
1955-11-14,0.270928208755104,1.0,1.0
1955-11-15,0.0912453712554138,1.0,1.0
1955-11-16,0.051060275371389865,1.0,1.0
1955-11-17,0.047860825002713006,1.0,1.0
1955-11-18,0.03341044671440759,1.0,1.0
1955-11-21,0.0594948216656048,1.0,1.0
1955-11-22,0.05994669207451145,1.0,1.0
1955-11-23,0.031562270834822354,1.0,1.0
1955-11-25,0.02509690748765734,1.0,1.0
1955-11-28,0.037893764521731835,1.0,1.0
1955-11-29,0.026615906663883276,1.0,1.0
1955-11-30,0.022847899431036087,1.0,1.0
1955-12-01,0.025729537818241242,1.0,1.0
1955-12-02,0.0228281853232928,1.0,1.0
1955-12-05,0.02583248164945647,1.0,1.0
1955-12-06,0.022769693641787322,1.0,1.0
1955-12-07,0.025211356527097172,1.0,1.0
1955-12-08,0.025097335414770005,1.0,1.0
1955-12-09,0.022945241739250593,1.0,1.0
1955-12-12,0.06460139140375425,1.0,1.0
1955-12-13,0.033945330126111714,1.0,1.0
1955-12-14,0.06562317085553493,1.0,1.0
1955-12-15,0.033873901248927404,1.0,1.0
1955-12-16,0.02533212659853321,1.0,1.0
1955-12-19,0.025044195809839683,1.0,1.0
1955-12-20,0.024964712462667658,1.0,1.0
1955-12-21,0.04183872097079027,1.0,1.0
1955-12-22,0.02663120047772244,1.0,1.0
1955-12-23,0.022767975157472555,1.0,1.0
1955-12-27,0.029633337811795384,1.0,1.0
1955-12-28,0.030692430966428277,1.0,1.0
1955-12-29,0.024370479519486666,1.0,1.0
1955-12-30,0.04077850549378229,1.0,1.0
1956-01-03,0.07341187446006861,1.0,1.0
1956-01-04,0.07304340724695015,1.0,1.0
1956-01-05,0.034708820927774546,1.0,1.0
1956-01-06,0.02773883881559333,1.0,1.0
1956-01-09,0.3880968043157999,0.0,1.0
1956-01-10,0.3672362781952823,0.0,1.0
1956-01-11,0.16029896664823004,1.0,1.0
1956-01-12,0.07642424533838552,1.0,1.0
1956-01-13,0.03830519798073554,1.0,1.0
1956-01-16,0.20054608140000735,1.0,1.0
1956-01-17,0.07892263836805948,1.0,1.0
1956-01-18,0.12499034539607067,1.0,1.0
1956-01-19,0.3067256736469583,0.0,1.0
1956-01-20,0.27591094345755574,0.0,1.0
1956-01-23,0.13499546966680714,1.0,1.0
1956-01-24,0.25088420882103846,1.0,1.0
1956-01-25,0.08582708542058538,1.0,1.0
1956-01-26,0.07652170028734838,1.0,1.0
1956-01-27,0.04371802519285611,1.0,1.0
1956-01-30,0.025641408546669357,1.0,1.0
1956-01-31,0.039310603216331334,1.0,1.0
1956-02-01,0.03125437000510004,1.0,1.0
1956-02-02,0.022581414761756197,1.0,1.0
1956-02-03,0.045580424976388964,1.0,1.0
1956-02-06,0.02746941139305341,1.0,1.0
1956-02-07,0.027133253841478955,1.0,1.0
1956-02-08,0.16723493543751225,1.0,1.0
1956-02-09,0.34165560901765907,0.0,1.0
1956-02-10,0.11190025240205788,1.0,1.0
1956-02-13,0.048011129825992656,1.0,1.0
1956-02-14,0.042337812082353536,1.0,1.0
1956-02-15,0.10568440272891064,1.0,1.0
1956-02-16,0.04877569500909291,1.0,1.0
1956-02-17,0.2361018473291203,1.0,1.0
1956-02-20,0.07852573626714501,1.0,1.0
1956-02-21,0.03427470697829453,1.0,1.0
1956-02-23,0.07523020022796668,1.0,1.0
1956-02-24,0.04856320851153544,1.0,1.0
1956-02-27,0.029154076816438026,1.0,1.0
1956-02-28,0.02360629028415124,1.0,1.0
1956-02-29,0.027630365266069268,1.0,1.0
1956-03-01,0.028002870654710025,1.0,1.0
1956-03-02,0.033842952074965786,1.0,1.0
1956-03-05,0.030696532537563218,1.0,1.0
1956-03-06,0.02478316667800368,1.0,1.0
1956-03-07,0.022024104478758293,1.0,1.0
1956-03-08,0.02127110477869549,1.0,1.0
1956-03-09,0.07681527536216273,1.0,1.0
1956-03-12,0.053073935928095776,1.0,1.0
1956-03-13,0.02925252478359159,1.0,1.0
1956-03-14,0.029620177663257894,1.0,1.0
1956-03-15,0.02897923508787264,1.0,1.0
1956-03-16,0.02256021636286928,1.0,1.0
1956-03-19,0.026114844475710452,1.0,1.0
1956-03-20,0.021541938927904174,1.0,1.0
1956-03-21,0.10363130385166401,1.0,1.0
1956-03-22,0.053575519186172746,1.0,1.0
1956-03-23,0.031067485687390862,1.0,1.0
1956-03-26,0.02326958256455758,1.0,1.0
1956-03-27,0.04546470408178491,1.0,1.0
1956-03-28,0.027678389353477717,1.0,1.0
1956-03-29,0.021922897163731622,1.0,1.0
1956-04-02,0.028821031301241935,1.0,1.0
1956-04-03,0.02929431404239929,1.0,1.0
1956-04-04,0.022376045148804233,1.0,1.0
1956-04-05,0.03487962892443763,1.0,1.0
1956-04-06,0.02767412582879926,1.0,1.0
1956-04-09,0.04305362382347351,1.0,1.0
1956-04-10,0.4639407308436646,0.0,1.0
1956-04-11,0.24169373440694308,1.0,1.0
1956-04-12,0.16574403154865472,1.0,1.0
1956-04-13,0.0587094991182409,1.0,1.0
1956-04-16,0.03106110590599992,1.0,1.0
1956-04-17,0.024513007369238903,1.0,1.0
1956-04-18,0.02624504956673442,1.0,1.0
1956-04-19,0.03293458764880265,1.0,1.0
1956-04-20,0.026121436730390694,1.0,1.0
1956-04-23,0.022900395028774858,1.0,1.0
1956-04-24,0.09110277762118349,1.0,1.0
1956-04-25,0.049700136321468524,1.0,1.0
1956-04-26,0.046407275025300204,1.0,1.0
1956-04-27,0.06476682031963764,1.0,1.0
1956-04-30,0.04479996739464918,1.0,1.0
1956-05-01,0.03688469376332393,1.0,1.0
1956-05-02,0.024524457272178713,1.0,1.0
1956-05-03,0.02304913894663293,1.0,1.0
1956-05-04,0.024559491533172294,1.0,1.0
1956-05-07,0.029506726545184072,1.0,1.0
1956-05-08,0.030735660762060017,1.0,1.0
1956-05-09,0.02329333548966328,1.0,1.0
1956-05-10,0.43419732612863327,0.0,1.0
1956-05-11,0.14301174283778453,1.0,1.0
1956-05-14,0.39978253021121607,0.0,1.0
1956-05-15,0.24918933673076,1.0,1.0
1956-05-16,0.09550535573535522,1.0,1.0
1956-05-17,0.060385747119450314,1.0,1.0
1956-05-18,0.04057153977108218,1.0,1.0
1956-05-21,0.1999316386169756,1.0,1.0
1956-05-22,0.633901741268494,0.0,1.0
1956-05-23,0.32448760312927905,0.0,1.0
1956-05-24,0.7639639657091137,0.0,1.0
1956-05-25,0.3013408769554988,0.0,1.0
1956-05-28,0.6771600561461092,0.0,1.0
1956-05-29,0.9956766835506411,0.0,0.0
1956-05-31,0.45369851479309714,0.0,0.0
1956-06-01,0.16914349223670652,1.0,0.0
1956-06-04,0.06487944882330933,1.0,1.0
1956-06-05,0.03128109061452626,1.0,1.0
1956-06-06,0.033712803913630865,1.0,1.0
1956-06-07,0.03026612654617,1.0,1.0
1956-06-08,0.8748306815680988,0.0,1.0
1956-06-11,0.72672952841261,0.0,1.0
1956-06-12,0.7093535246258185,0.0,1.0
1956-06-13,0.2652880779726095,1.0,1.0
1956-06-14,0.10992188654114055,1.0,1.0
1956-06-15,0.04235104505073105,1.0,1.0
1956-06-18,0.06173039242245282,1.0,1.0
1956-06-19,0.0312608552361072,1.0,1.0
1956-06-20,0.022857947365832347,1.0,1.0
1956-06-21,0.023572788325827754,1.0,1.0
1956-06-22,0.023259870808072847,1.0,1.0
1956-06-25,0.035236948227654837,1.0,1.0
1956-06-26,0.02999806764861434,1.0,1.0
1956-06-27,0.029097885449544662,1.0,1.0
1956-06-28,0.022117842512318596,1.0,1.0
1956-06-29,0.021470591010109452,1.0,1.0
1956-07-02,0.02107992553841594,1.0,1.0
1956-07-03,0.02664657677191723,1.0,1.0
1956-07-05,0.03975131444283841,1.0,1.0
1956-07-06,0.027531652666339924,1.0,1.0
1956-07-09,0.022777778014067857,1.0,1.0
1956-07-10,0.02226028553788307,1.0,1.0
1956-07-11,0.020557063773217966,1.0,1.0
1956-07-12,0.026316826509323744,1.0,1.0
1956-07-13,0.024306987330647747,1.0,1.0
1956-07-16,0.03051170857933059,1.0,1.0
1956-07-17,0.02353420598988885,1.0,1.0
1956-07-18,0.023236302367397002,1.0,1.0
1956-07-19,0.021796515365016186,1.0,1.0
1956-07-20,0.02069679186205816,1.0,1.0
1956-07-23,0.02080779709142848,1.0,1.0
1956-07-24,0.022865707504330052,1.0,1.0
1956-07-25,0.02093256360145235,1.0,1.0
1956-07-26,0.02048334677405086,1.0,1.0
1956-07-27,0.05635689124427458,1.0,1.0
1956-07-30,0.030706165564315192,1.0,1.0
1956-07-31,0.032213964510452255,1.0,1.0
1956-08-01,0.023321939404669374,1.0,1.0
1956-08-02,0.025027191696840582,1.0,1.0
1956-08-03,0.02536777181785163,1.0,1.0
1956-08-06,0.4838905787105001,0.0,1.0
1956-08-07,0.24341549855971967,1.0,1.0
1956-08-08,0.10321128204136072,1.0,1.0
1956-08-09,0.04182081029026944,1.0,1.0
1956-08-10,0.043875307504975626,1.0,1.0
1956-08-13,0.09174764200659473,1.0,1.0
1956-08-14,0.040428006638458615,1.0,1.0
1956-08-15,0.02678420923621247,1.0,1.0
1956-08-16,0.02451583320740326,1.0,1.0
1956-08-17,0.022463426318211053,1.0,1.0
1956-08-20,0.12254975046244643,1.0,1.0
1956-08-21,0.3471506387680684,0.0,1.0
1956-08-22,0.18527480692701612,1.0,1.0
1956-08-23,0.11575249397005173,1.0,1.0
1956-08-24,0.04566231487455467,1.0,1.0
1956-08-27,0.05841641410954914,1.0,1.0
1956-08-28,0.045383868568864213,1.0,1.0
1956-08-29,0.043115468954854366,1.0,1.0
1956-08-30,0.14481585991955692,1.0,1.0
1956-08-31,0.14991092069575457,1.0,1.0
1956-09-04,0.08478678505227778,1.0,1.0
1956-09-05,0.0385104872998853,1.0,1.0
1956-09-06,0.02498411349687624,1.0,1.0
1956-09-07,0.04451194696023667,1.0,1.0
1956-09-10,0.04348886553546674,1.0,1.0
1956-09-11,0.06825529163807599,1.0,1.0
1956-09-12,0.0677429766502988,1.0,1.0
1956-09-13,0.03881790986943483,1.0,1.0
1956-09-14,0.026787336709569842,1.0,1.0
1956-09-17,0.027293658868158877,1.0,1.0
1956-09-18,0.08447642631982565,1.0,1.0
1956-09-19,0.1943347499672754,1.0,1.0
1956-09-20,0.08738838970188399,1.0,1.0
1956-09-21,0.05458959672290888,1.0,1.0
1956-09-24,0.06065839346498226,1.0,1.0
1956-09-25,0.5486904428954432,0.0,1.0
1956-09-26,0.20576726571042694,1.0,1.0
1956-09-27,0.11652924863284911,1.0,1.0
1956-09-28,0.12516649935896879,1.0,1.0
1956-10-01,0.7933112370560794,0.0,1.0
1956-10-02,0.9468939339366393,0.0,0.0
1956-10-03,0.9084425706265321,0.0,0.0
1956-10-04,0.4139507187947908,0.0,0.0
1956-10-05,0.14542165790821981,1.0,1.0
1956-10-08,0.05546910852124198,1.0,1.0
1956-10-09,0.053353503983129574,1.0,1.0
1956-10-10,0.08297609926762356,1.0,1.0
1956-10-11,0.03627794188365748,1.0,1.0
1956-10-12,0.02450921404567393,1.0,1.0
1956-10-15,0.022122619927391056,1.0,1.0
1956-10-16,0.03271373844428643,1.0,1.0
1956-10-17,0.07092373667566948,1.0,1.0
1956-10-18,0.03307437160672243,1.0,1.0
1956-10-19,0.02498671671173964,1.0,1.0
1956-10-22,0.02644246551880438,1.0,1.0
1956-10-23,0.02386280122981275,1.0,1.0
1956-10-24,0.03393466687223234,1.0,1.0
1956-10-25,0.033045599118010464,1.0,1.0
1956-10-26,0.04819379056121127,1.0,1.0
1956-10-29,0.02726074590038456,1.0,1.0
1956-10-30,0.02713335118903756,1.0,1.0
1956-10-31,0.45380953637011356,0.0,1.0
1956-11-01,0.8841891534666428,0.0,0.0
1956-11-02,0.5314871642448314,0.0,0.0
1956-11-05,0.6698006617741892,0.0,0.0
1956-11-07,0.46543632439860644,0.0,0.0
1956-11-08,0.40176365037836304,0.0,0.0
1956-11-09,0.23351618065951385,1.0,0.0
1956-11-12,0.09087038854950898,1.0,1.0
1956-11-13,0.04072813009998357,1.0,1.0
1956-11-14,0.06807039444914227,1.0,1.0
1956-11-15,0.06253119431382721,1.0,1.0
1956-11-16,0.034036349162476325,1.0,1.0
1956-11-19,0.17406528671516708,1.0,1.0
1956-11-20,0.13652327575605236,1.0,1.0
1956-11-21,0.06401644590126519,1.0,1.0
1956-11-23,0.07064053710201525,1.0,1.0
1956-11-26,0.047188731159113345,1.0,1.0
1956-11-27,0.027873137185030213,1.0,1.0
1956-11-28,0.15026156895379253,1.0,1.0
1956-11-29,0.07039686601033884,1.0,1.0
1956-11-30,0.3321475232194946,0.0,1.0
1956-12-03,0.6985208824758867,0.0,1.0
1956-12-04,0.28362123291177227,0.0,1.0
1956-12-05,0.2004582377853112,1.0,1.0
1956-12-06,0.081069173982678,1.0,1.0
1956-12-07,0.036068651507253864,1.0,1.0
1956-12-10,0.03378248578779289,1.0,1.0
1956-12-11,0.041961693296996845,1.0,1.0
1956-12-12,0.06577067959157505,1.0,1.0
1956-12-13,0.04582882063925587,1.0,1.0
1956-12-14,0.02666795420084053,1.0,1.0
1956-12-17,0.02359228286757661,1.0,1.0
1956-12-18,0.021992484902110303,1.0,1.0
1956-12-19,0.02779106364267318,1.0,1.0
1956-12-20,0.055742241518537086,1.0,1.0
1956-12-21,0.03742279903797971,1.0,1.0
1956-12-26,0.02474166826847653,1.0,1.0
1956-12-27,0.023577283626269988,1.0,1.0
1956-12-28,0.021227608916017843,1.0,1.0
1956-12-31,0.02156496458676433,1.0,1.0
1957-01-02,0.06782477973745356,1.0,1.0
1957-01-03,0.0555346074022447,1.0,1.0
1957-01-04,0.02912453172454571,1.0,1.0
1957-01-07,0.04067691283253757,1.0,1.0
1957-01-08,0.029123243070429666,1.0,1.0
1957-01-09,0.027399563015119796,1.0,1.0
1957-01-10,0.02343248762099496,1.0,1.0
1957-01-11,0.02358933455312669,1.0,1.0
1957-01-14,0.06765230545100898,1.0,1.0
1957-01-15,0.28040628716547866,0.0,1.0
1957-01-16,0.10070008945235423,1.0,1.0
1957-01-17,0.05666658246937857,1.0,1.0
1957-01-18,0.2707960955695891,0.0,1.0
1957-01-21,0.11936936653063343,1.0,1.0
1957-01-22,0.04422713108687497,1.0,1.0
1957-01-23,0.029433452880360457,1.0,1.0
1957-01-24,0.019867688342905067,1.0,1.0
1957-01-25,0.03267378899725179,1.0,1.0
1957-01-28,0.056366590176718086,1.0,1.0
1957-01-29,0.026483339697289904,1.0,1.0
1957-01-30,0.022906140894941203,1.0,1.0
1957-01-31,0.02311242041004339,1.0,1.0
1957-02-01,0.02773322229959178,1.0,1.0
1957-02-04,0.022793474295832013,1.0,1.0
1957-02-05,0.26030764137909407,0.0,1.0
1957-02-06,0.08302468537356551,1.0,1.0
1957-02-07,0.04741130911719821,1.0,1.0
1957-02-08,0.038564421644682094,1.0,1.0
1957-02-11,0.8089485954270645,0.0,1.0
1957-02-12,0.4949507555759931,0.0,1.0
1957-02-13,0.7791104232750911,0.0,1.0
1957-02-14,0.3097207056315296,0.0,1.0
1957-02-15,0.3763901723663131,0.0,1.0
1957-02-18,0.1452175387351152,1.0,1.0
1957-02-19,0.04968256146441313,1.0,1.0
1957-02-20,0.027882695522953777,1.0,1.0
1957-02-21,0.02949465443198879,1.0,1.0
1957-02-25,0.020228488547870266,1.0,1.0
1957-02-26,0.017403398901754727,1.0,1.0
1957-02-27,0.019448052074580717,1.0,1.0
1957-02-28,0.02041343837565977,1.0,1.0
1957-03-01,0.037877133059155924,1.0,1.0
1957-03-04,0.032222550472904815,1.0,1.0
1957-03-05,0.022460446664721058,1.0,1.0
1957-03-06,0.018548964600871087,1.0,1.0
1957-03-07,0.0217664764415715,1.0,1.0
1957-03-08,0.025642220417393044,1.0,1.0
1957-03-11,0.037383844877211046,1.0,1.0
1957-03-12,0.022529354311325845,1.0,1.0
1957-03-13,0.022735091327342864,1.0,1.0
1957-03-14,0.018089153242026073,1.0,1.0
1957-03-15,0.016870247472007428,1.0,1.0
1957-03-18,0.025842695467936123,1.0,1.0
1957-03-19,0.019911415771652247,1.0,1.0
1957-03-20,0.017310952094028297,1.0,1.0
1957-03-21,0.01704857181522553,1.0,1.0
1957-03-22,0.019170224338292415,1.0,1.0
1957-03-25,0.027581283306112564,1.0,1.0
1957-03-26,0.019157900128631656,1.0,1.0
1957-03-27,0.017644666067424302,1.0,1.0
1957-03-28,0.017602284880288588,1.0,1.0
1957-03-29,0.018985853113802773,1.0,1.0
1957-04-01,0.01775793183835507,1.0,1.0
1957-04-02,0.022067320900084557,1.0,1.0
1957-04-03,0.01882880577083855,1.0,1.0
1957-04-04,0.02134757515617914,1.0,1.0
1957-04-05,0.017828088911226135,1.0,1.0
1957-04-08,0.01717616150134187,1.0,1.0
1957-04-09,0.032723853106968875,1.0,1.0
1957-04-10,0.025010398614335537,1.0,1.0
1957-04-11,0.0186825914296803,1.0,1.0
1957-04-12,0.017029036862405457,1.0,1.0
1957-04-15,0.018521103590555314,1.0,1.0
1957-04-16,0.017137464600922896,1.0,1.0
1957-04-17,0.016728371802625295,1.0,1.0
1957-04-18,0.02500752880249299,1.0,1.0
1957-04-22,0.018611841665493883,1.0,1.0
1957-04-23,0.021795260391486406,1.0,1.0
1957-04-24,0.017752186886285787,1.0,1.0
1957-04-25,0.02324441769278389,1.0,1.0
1957-04-26,0.0201950701508992,1.0,1.0
1957-04-29,0.01868862813512845,1.0,1.0
1957-04-30,0.017049568678596593,1.0,1.0
1957-05-01,0.02082017947937929,1.0,1.0
1957-05-02,0.028234082756357783,1.0,1.0
1957-05-03,0.020781786008982266,1.0,1.0
1957-05-06,0.019689538066337442,1.0,1.0
1957-05-07,0.020089611331198375,1.0,1.0
1957-05-08,0.018917251439093292,1.0,1.0
1957-05-09,0.01707042314110344,1.0,1.0
1957-05-10,0.018537532190351837,1.0,1.0
1957-05-13,0.02647969424444535,1.0,1.0
1957-05-14,0.03040431446579506,1.0,1.0
1957-05-15,0.020055424926431094,1.0,1.0
1957-05-16,0.019189826798615413,1.0,1.0
1957-05-17,0.017580984614056955,1.0,1.0
1957-05-20,0.017057820993777704,1.0,1.0
1957-05-21,0.016780655571463726,1.0,1.0
1957-05-22,0.023241211493253398,1.0,1.0
1957-05-23,0.019607230116137953,1.0,1.0
1957-05-24,0.01723733278915003,1.0,1.0
1957-05-27,0.07602427631125139,1.0,1.0
1957-05-28,0.03536819272506475,1.0,1.0
1957-05-29,0.03970399602355521,1.0,1.0
1957-05-31,0.025089575045469516,1.0,1.0
1957-06-03,0.022032184495209193,1.0,1.0
1957-06-04,0.020029375803139387,1.0,1.0
1957-06-05,0.017786814722128633,1.0,1.0
1957-06-06,0.02326738500050386,1.0,1.0
1957-06-07,0.01852196244108906,1.0,1.0
1957-06-10,0.04296181234467936,1.0,1.0
1957-06-11,0.12468832876697532,1.0,1.0
1957-06-12,0.04397945036833046,1.0,1.0
1957-06-13,0.02318515813334173,1.0,1.0
1957-06-14,0.018907530108641116,1.0,1.0
1957-06-17,0.017053484748074336,1.0,1.0
1957-06-18,0.02768081338479662,1.0,1.0
1957-06-19,0.09718398170857148,1.0,1.0
1957-06-20,0.0764302567611671,1.0,1.0
1957-06-21,0.06700283659582712,1.0,1.0
1957-06-24,0.088606124819362,1.0,1.0
1957-06-25,0.04947040029327472,1.0,1.0
1957-06-26,0.028305489237407565,1.0,1.0
1957-06-27,0.020548048802461357,1.0,1.0
1957-06-28,0.01759314102373687,1.0,1.0
1957-07-01,0.01675086018652544,1.0,1.0
1957-07-02,0.03317278382535043,1.0,1.0
1957-07-03,0.0366209760589012,1.0,1.0
1957-07-05,0.036774482267205824,1.0,1.0
1957-07-08,0.02288687102344164,1.0,1.0
1957-07-09,0.02283488409394005,1.0,1.0
1957-07-10,0.026027009704125154,1.0,1.0
1957-07-11,0.028808741816532483,1.0,1.0
1957-07-12,0.021377815375858433,1.0,1.0
1957-07-15,0.01783548794177889,1.0,1.0
1957-07-16,0.030591980056090765,1.0,1.0
1957-07-17,0.04400951937417636,1.0,1.0
1957-07-18,0.025465583842501922,1.0,1.0
1957-07-19,0.018625335208864332,1.0,1.0
1957-07-22,0.020369829483023412,1.0,1.0
1957-07-23,0.018961321164849273,1.0,1.0
1957-07-24,0.016756244287232217,1.0,1.0
1957-07-25,0.016700957213179306,1.0,1.0
1957-07-26,0.023128511172879517,1.0,1.0
1957-07-29,0.1769029780876547,1.0,1.0
1957-07-30,0.05903314143311907,1.0,1.0
1957-07-31,0.027664328803182574,1.0,1.0
1957-08-01,0.023954516518348817,1.0,1.0
1957-08-02,0.01949501406460267,1.0,1.0
1957-08-05,0.07581933383009176,1.0,1.0
1957-08-06,0.2623514495991802,0.0,1.0
1957-08-07,0.15411847693723252,1.0,1.0
1957-08-08,0.07145677577901803,1.0,1.0
1957-08-09,0.030731073377206576,1.0,1.0
1957-08-12,0.18085722305007942,1.0,1.0
1957-08-13,0.062786697666478,1.0,1.0
1957-08-14,0.36740607102849626,0.0,1.0
1957-08-15,0.12139002530355074,1.0,1.0
1957-08-16,0.043260050618901494,1.0,1.0
1957-08-19,0.9434200542242175,0.0,0.0
1957-08-20,0.5673336330734264,0.0,0.0
1957-08-21,0.24511081636215007,0.0,0.0
1957-08-22,0.196403805959297,1.0,0.0
1957-08-23,0.7355173305722542,0.0,0.0
1957-08-26,0.9473939655701956,0.0,0.0
1957-08-27,0.935366233066167,0.0,0.0
1957-08-28,0.4270669033407769,0.0,0.0
1957-08-29,0.22883906701566778,0.0,0.0
1957-08-30,0.7184868589128395,0.0,0.0
1957-09-03,0.30489905891105173,0.0,0.0
1957-09-04,0.3392184461926337,0.0,0.0
1957-09-05,0.15710966666381534,1.0,0.0
1957-09-06,0.06901289928883998,1.0,1.0
1957-09-09,0.12044227254425627,1.0,1.0
1957-09-10,0.18764168796333605,1.0,1.0
1957-09-11,0.1019675322563202,1.0,1.0
1957-09-12,0.18720747609601693,1.0,1.0
1957-09-13,0.06578782199105923,1.0,1.0
1957-09-16,0.05049875138941157,1.0,1.0
1957-09-17,0.024502430853227068,1.0,1.0
1957-09-18,0.017966288186436585,1.0,1.0
1957-09-19,0.03902474788807138,1.0,1.0
1957-09-20,0.6868799563578637,0.0,1.0
1957-09-23,0.9990323185783216,0.0,0.0
1957-09-24,0.5703402343382732,0.0,0.0
1957-09-25,0.8446514386561994,0.0,0.0
1957-09-26,0.36012558995392907,0.0,0.0
1957-09-27,0.12343135027817757,1.0,1.0
1957-09-30,0.06162586493362493,1.0,1.0
1957-10-01,0.044498805396794974,1.0,1.0
1957-10-02,0.045897250308046034,1.0,1.0
1957-10-03,0.02379717073214848,1.0,1.0
1957-10-04,0.0537392399459557,1.0,1.0
1957-10-07,0.939299566486548,0.0,0.0
1957-10-08,0.7523719013406029,0.0,0.0
1957-10-09,0.2993385063608232,0.0,0.0
1957-10-10,0.9997695955689918,0.0,0.0
1957-10-11,0.5129125158818298,0.0,0.0
1957-10-14,0.25676758856296894,0.0,0.0
1957-10-15,0.23540891388784824,0.0,0.0
1957-10-16,0.23442079002523822,0.0,0.0
1957-10-17,0.9658981264725929,0.0,0.0
1957-10-18,0.7992972577188192,0.0,0.0
1957-10-21,0.9999996189882789,0.0,0.0
1957-10-22,0.6703388556535965,0.0,0.0
1957-10-23,0.9999999999974412,0.0,0.0
1957-10-24,0.4832051623455715,0.0,0.0
1957-10-25,0.22339590455417108,1.0,0.0
1957-10-28,0.11884223272231002,1.0,1.0
1957-10-29,0.05900404481584225,1.0,1.0
1957-10-30,0.055278093098191754,1.0,1.0
1957-10-31,0.02577241420355192,1.0,1.0
1957-11-01,0.4516532742253229,0.0,1.0
1957-11-04,0.1625925136911015,1.0,1.0
1957-11-06,0.05503685798138571,1.0,1.0
1957-11-07,0.0327132976759127,1.0,1.0
1957-11-08,0.1355128753925967,1.0,1.0
1957-11-11,0.05264549740858515,1.0,1.0
1957-11-12,0.27314849563087457,0.0,1.0
1957-11-13,0.10141760595725648,1.0,1.0
1957-11-14,0.08966938405027684,1.0,1.0
1957-11-15,0.9977669249412904,0.0,0.0
1957-11-18,0.7881809889639521,0.0,0.0
1957-11-19,0.542410505622174,0.0,0.0
1957-11-20,0.20626613845415642,1.0,0.0
1957-11-21,0.40824166515559895,0.0,0.0
1957-11-22,0.3178273548572576,0.0,0.0
1957-11-25,0.18121412683848245,1.0,0.0
1957-11-26,0.9998435413528758,0.0,0.0
1957-11-27,0.9999835709327678,0.0,0.0
1957-11-29,0.8312536410927289,0.0,0.0
1957-12-02,0.6903931424007235,0.0,0.0
1957-12-03,0.26694922631112084,0.0,0.0
1957-12-04,0.09592827574613715,1.0,1.0
1957-12-05,0.03696554099568326,1.0,1.0
1957-12-06,0.04893070671215344,1.0,1.0
1957-12-09,0.07949884526253498,1.0,1.0
1957-12-10,0.13057277345585078,1.0,1.0
1957-12-11,0.05339542812049638,1.0,1.0
1957-12-12,0.02525085317719526,1.0,1.0
1957-12-13,0.020474395971063125,1.0,1.0
1957-12-16,0.4935668182853474,0.0,1.0
1957-12-17,0.9764410313979718,0.0,0.0
1957-12-18,0.48589795975629496,0.0,0.0
1957-12-19,0.3781705557901473,0.0,0.0
1957-12-20,0.3848848080311702,0.0,0.0
1957-12-23,0.13565318279483488,1.0,0.0
1957-12-24,0.047339916045882224,1.0,1.0
1957-12-26,0.06729430000698061,1.0,1.0
1957-12-27,0.03863135088404499,1.0,1.0
1957-12-30,0.04484925514358425,1.0,1.0
1957-12-31,0.0688470209545051,1.0,1.0
1958-01-02,0.07838588944020886,1.0,1.0
1958-01-03,0.22459187945095985,1.0,1.0
1958-01-06,0.11752596478920437,1.0,1.0
1958-01-07,0.07673050630023863,1.0,1.0
1958-01-08,0.03242363890273519,1.0,1.0
1958-01-09,0.04738849395554864,1.0,1.0
1958-01-10,0.11416217371178605,1.0,1.0
1958-01-13,0.04239276219439241,1.0,1.0
1958-01-14,0.02553954582513794,1.0,1.0
1958-01-15,0.03582776698051403,1.0,1.0
1958-01-16,0.02084484143012861,1.0,1.0
1958-01-17,0.017093149571266574,1.0,1.0
1958-01-20,0.031491290274402776,1.0,1.0
1958-01-21,0.028971493431427332,1.0,1.0
1958-01-22,0.03267937774219271,1.0,1.0
1958-01-23,0.029138379281175523,1.0,1.0
1958-01-24,0.05256857783371479,1.0,1.0
1958-01-27,0.041264045659599735,1.0,1.0
1958-01-28,0.030475339028278692,1.0,1.0
1958-01-29,0.033207044692130754,1.0,1.0
1958-01-30,0.047243259782003985,1.0,1.0
1958-01-31,0.03242073403234321,1.0,1.0
1958-02-03,0.04445194138017078,1.0,1.0
1958-02-04,0.0888373009763918,1.0,1.0
1958-02-05,0.08053626998549868,1.0,1.0
1958-02-06,0.051641035868441695,1.0,1.0
1958-02-07,0.11234476522477832,1.0,1.0
1958-02-10,0.10853547674170064,1.0,1.0
1958-02-11,0.18548050029417418,1.0,1.0
1958-02-12,0.11923562256520971,1.0,1.0
1958-02-13,0.054773422409516805,1.0,1.0
1958-02-14,0.07431960046540363,1.0,1.0
1958-02-17,0.07997434693891378,1.0,1.0
1958-02-18,0.04105000009743753,1.0,1.0
1958-02-19,0.03054530404319236,1.0,1.0
1958-02-20,0.059194042370506156,1.0,1.0
1958-02-21,0.038582995724808944,1.0,1.0
1958-02-24,0.06035314700600446,1.0,1.0
1958-02-25,0.03927014138416561,1.0,1.0
1958-02-26,0.04932820293739688,1.0,1.0
1958-02-27,0.0641030792608716,1.0,1.0
1958-02-28,0.03813424569083937,1.0,1.0
1958-03-03,0.04154965187939711,1.0,1.0
1958-03-04,0.032352083365833124,1.0,1.0
1958-03-05,0.02988392212445764,1.0,1.0
1958-03-06,0.10470447618704476,1.0,1.0
1958-03-07,0.048617312829119734,1.0,1.0
1958-03-10,0.031728668775054154,1.0,1.0
1958-03-11,0.048188514631847645,1.0,1.0
1958-03-12,0.037208644052623426,1.0,1.0
1958-03-13,0.028745640128842887,1.0,1.0
1958-03-14,0.02999200322041529,1.0,1.0
1958-03-17,0.10492734999445463,1.0,1.0
1958-03-18,0.05955588107182106,1.0,1.0
1958-03-19,0.040354643727491035,1.0,1.0
1958-03-20,0.03079329277710102,1.0,1.0
1958-03-21,0.0415783104908762,1.0,1.0
1958-03-24,0.029953045947682333,1.0,1.0
1958-03-25,0.03265823478574327,1.0,1.0
1958-03-26,0.03525570520338965,1.0,1.0
1958-03-27,0.037650743923854126,1.0,1.0
1958-03-28,0.02857948642581074,1.0,1.0
1958-03-31,0.036023856151737525,1.0,1.0
1958-04-01,0.0446623593941816,1.0,1.0
1958-04-02,0.10855087609183274,1.0,1.0
1958-04-03,0.06608013364653861,1.0,1.0
1958-04-07,0.05845514739246242,1.0,1.0
1958-04-08,0.05580147316835255,1.0,1.0
1958-04-09,0.03448038653774479,1.0,1.0
1958-04-10,0.027655854218506953,1.0,1.0
1958-04-11,0.025600446221119292,1.0,1.0
1958-04-14,0.031822102634852516,1.0,1.0
1958-04-15,0.06537900285500454,1.0,1.0
1958-04-16,0.1162359426266509,1.0,1.0
1958-04-17,0.054028817307275774,1.0,1.0
1958-04-18,0.08794981014427503,1.0,1.0
1958-04-21,0.04927935899969677,1.0,1.0
1958-04-22,0.04763141114406249,1.0,1.0
1958-04-23,0.03155107367818274,1.0,1.0
1958-04-24,0.04480240410412635,1.0,1.0
1958-04-25,0.03535460445884724,1.0,1.0
1958-04-28,0.042954770892015326,1.0,1.0
1958-04-29,0.052057938996841635,1.0,1.0
1958-04-30,0.07740113664416223,1.0,1.0
1958-05-01,0.040308135634384755,1.0,1.0
1958-05-02,0.03173386277199939,1.0,1.0
1958-05-05,0.02694331845642794,1.0,1.0
1958-05-06,0.03310501416185304,1.0,1.0
1958-05-07,0.030886547241306735,1.0,1.0
1958-05-08,0.026533011529064978,1.0,1.0
1958-05-09,0.025547946906680608,1.0,1.0
1958-05-12,0.04057564587227788,1.0,1.0
1958-05-13,0.036464528415624024,1.0,1.0
1958-05-14,0.26077322948732257,1.0,1.0
1958-05-15,0.12053017873318699,1.0,1.0
1958-05-16,0.05440658800910096,1.0,1.0
1958-05-19,0.043461627611957175,1.0,1.0
1958-05-20,0.05728346816274024,1.0,1.0
1958-05-21,0.03739773334587228,1.0,1.0
1958-05-22,0.0338332906386512,1.0,1.0
1958-05-23,0.027749865320429678,1.0,1.0
1958-05-26,0.026812315655821782,1.0,1.0
1958-05-27,0.028827767072393314,1.0,1.0
1958-05-28,0.02605416941997023,1.0,1.0
1958-05-29,0.031614502281428265,1.0,1.0
1958-06-02,0.03038773962421007,1.0,1.0
1958-06-03,0.027464822117776094,1.0,1.0
1958-06-04,0.025964555837668973,1.0,1.0
1958-06-05,0.025113250952693216,1.0,1.0
1958-06-06,0.024941100439525264,1.0,1.0
1958-06-09,0.027528258789835378,1.0,1.0
1958-06-10,0.030775065878821308,1.0,1.0
1958-06-11,0.026935354098269852,1.0,1.0
1958-06-12,0.031219198740758885,1.0,1.0
1958-06-13,0.034277517973631405,1.0,1.0
1958-06-16,0.029445440343435225,1.0,1.0
1958-06-17,0.02672204890997005,1.0,1.0
1958-06-18,0.038545621313856956,1.0,1.0
1958-06-19,0.2886416543392107,0.0,1.0
1958-06-20,0.13242913601077966,1.0,1.0
1958-06-23,0.08449437416158688,1.0,1.0
1958-06-24,0.06119325912314204,1.0,1.0
1958-06-25,0.03563458442429607,1.0,1.0
1958-06-26,0.032277980988974025,1.0,1.0
1958-06-27,0.027373794584203637,1.0,1.0
1958-06-30,0.03504152990831035,1.0,1.0
1958-07-01,0.02803341091234983,1.0,1.0
1958-07-02,0.02592348618148744,1.0,1.0
1958-07-03,0.026257285769834802,1.0,1.0
1958-07-07,0.025782059788331074,1.0,1.0
1958-07-08,0.05070525132854281,1.0,1.0
1958-07-09,0.04683545451410307,1.0,1.0
1958-07-10,0.035106080771051304,1.0,1.0
1958-07-11,0.03807976352719394,1.0,1.0
1958-07-14,0.38920636025735195,0.0,1.0
1958-07-15,0.15069675872015137,1.0,1.0
1958-07-16,0.0633479820611987,1.0,1.0
1958-07-17,0.057156065445101205,1.0,1.0
1958-07-18,0.020694404446548208,1.0,1.0
1958-07-21,0.07015129384062838,1.0,1.0
1958-07-22,0.02849417001898247,1.0,1.0
1958-07-23,0.01930412805961717,1.0,1.0
1958-07-24,0.020002562956774116,1.0,1.0
1958-07-25,0.02451002390836871,1.0,1.0
1958-07-28,0.018470084118382586,1.0,1.0
1958-07-29,0.021625146169677027,1.0,1.0
1958-07-30,0.018298178038804673,1.0,1.0
1958-07-31,0.01701976067776776,1.0,1.0
1958-08-01,0.026764526604422932,1.0,1.0
1958-08-04,0.04171887150029664,1.0,1.0
1958-08-05,0.040898097287693704,1.0,1.0
1958-08-06,0.03634062908807565,1.0,1.0
1958-08-07,0.03148821889119643,1.0,1.0
1958-08-08,0.023427265116986475,1.0,1.0
1958-08-11,0.018303467444077317,1.0,1.0
1958-08-12,0.06357939415141482,1.0,1.0
1958-08-13,0.027016622915695048,1.0,1.0
1958-08-14,0.01836447142856925,1.0,1.0
1958-08-15,0.07977012877309948,1.0,1.0
1958-08-18,0.06347847786630363,1.0,1.0
1958-08-19,0.02689077247610777,1.0,1.0
1958-08-20,0.018251766505993024,1.0,1.0
1958-08-21,0.021396352106165296,1.0,1.0
1958-08-22,0.01696726456690912,1.0,1.0
1958-08-25,0.016115196465440712,1.0,1.0
1958-08-26,0.016821181341895045,1.0,1.0
1958-08-27,0.016288642638105314,1.0,1.0
1958-08-28,0.03047054245422828,1.0,1.0
1958-08-29,0.019174142893654524,1.0,1.0
1958-09-02,0.019554490834868703,1.0,1.0
1958-09-03,0.017783229513005417,1.0,1.0
1958-09-04,0.01909404859283288,1.0,1.0
1958-09-05,0.01841584428507613,1.0,1.0
1958-09-08,0.017388131356667936,1.0,1.0
1958-09-09,0.019466956786899667,1.0,1.0
1958-09-10,0.021650960946648687,1.0,1.0
1958-09-11,0.02399080822558687,1.0,1.0
1958-09-12,0.022732516139131433,1.0,1.0
1958-09-15,0.03564972148160166,1.0,1.0
1958-09-16,0.028553052533305354,1.0,1.0
1958-09-17,0.020391080777286155,1.0,1.0
1958-09-18,0.028852083962901905,1.0,1.0
1958-09-19,0.02671182383834285,1.0,1.0
1958-09-22,0.029758620141950437,1.0,1.0
1958-09-23,0.02701154097863247,1.0,1.0
1958-09-24,0.019516143347690192,1.0,1.0
1958-09-25,0.026168872357689717,1.0,1.0
1958-09-26,0.01813541676747819,1.0,1.0
1958-09-29,0.017802376059110024,1.0,1.0
1958-09-30,0.017031400830553385,1.0,1.0
1958-10-01,0.019706989178225647,1.0,1.0
1958-10-02,0.017142255595194673,1.0,1.0
1958-10-03,0.01742270269803836,1.0,1.0
1958-10-06,0.01991026743600253,1.0,1.0
1958-10-07,0.019756299656169898,1.0,1.0
1958-10-08,0.016632066675736017,1.0,1.0
1958-10-09,0.01624396437700972,1.0,1.0
1958-10-10,0.020527724309121306,1.0,1.0
1958-10-13,0.01769621352907822,1.0,1.0
1958-10-14,0.05236486712937063,1.0,1.0
1958-10-15,0.2782175466797775,0.0,1.0
1958-10-16,0.13467167274011257,1.0,1.0
1958-10-17,0.09871599543942756,1.0,1.0
1958-10-20,0.0474501934719872,1.0,1.0
1958-10-21,0.024576054985566205,1.0,1.0
1958-10-22,0.02515056101633488,1.0,1.0
1958-10-23,0.021108672530965215,1.0,1.0
1958-10-24,0.021104485789905095,1.0,1.0
1958-10-27,0.05927480538755379,1.0,1.0
1958-10-28,0.02884673361873011,1.0,1.0
1958-10-29,0.06776437573336765,1.0,1.0
1958-10-30,0.027919929818539715,1.0,1.0
1958-10-31,0.018472019926742456,1.0,1.0
1958-11-03,0.017757118778977697,1.0,1.0
1958-11-05,0.04908006765092851,1.0,1.0
1958-11-06,0.03164913883234365,1.0,1.0
1958-11-07,0.022250277525747608,1.0,1.0
1958-11-10,0.0248963627895379,1.0,1.0
1958-11-11,0.03085714381950324,1.0,1.0
1958-11-12,0.01916451385855316,1.0,1.0
1958-11-13,0.024822877390401885,1.0,1.0
1958-11-14,0.020896890484265917,1.0,1.0
1958-11-17,0.017052466272345548,1.0,1.0
1958-11-18,0.01853129316135978,1.0,1.0
1958-11-19,0.01629236544216118,1.0,1.0
1958-11-20,0.01605088309319587,1.0,1.0
1958-11-21,0.08446642975783004,1.0,1.0
1958-11-24,0.9988617175062134,0.0,0.0
1958-11-25,0.6370607317691769,0.0,0.0
1958-11-26,0.9457513472885846,0.0,0.0
1958-11-28,0.7217833222177135,0.0,0.0
1958-12-01,0.26807194740579937,0.0,0.0
1958-12-02,0.12360436783347342,1.0,1.0
1958-12-03,0.04174229654183494,1.0,1.0
1958-12-04,0.02201944922391409,1.0,1.0
1958-12-05,0.018468547271743414,1.0,1.0
1958-12-08,0.016320583090634937,1.0,1.0
1958-12-09,0.0189672624020823,1.0,1.0
1958-12-10,0.06487953278892221,1.0,1.0
1958-12-11,0.03558105094739026,1.0,1.0
1958-12-12,0.02352201299328301,1.0,1.0
1958-12-15,0.017622916481109953,1.0,1.0
1958-12-16,0.01672196620508903,1.0,1.0
1958-12-17,0.02271898484889953,1.0,1.0
1958-12-18,0.01823186081980697,1.0,1.0
1958-12-19,0.0192163935638641,1.0,1.0
1958-12-22,0.040945415771453976,1.0,1.0
1958-12-23,0.04300045962474246,1.0,1.0
1958-12-24,0.1661501888608909,1.0,1.0
1958-12-29,0.10900370533403743,1.0,1.0
1958-12-30,0.04114670078880994,1.0,1.0
1958-12-31,0.02446071340682933,1.0,1.0
1959-01-02,0.019133023575465605,1.0,1.0
1959-01-05,0.017259757407989934,1.0,1.0
1959-01-06,0.01779710470821308,1.0,1.0
1959-01-07,0.2094958560201275,1.0,1.0
1959-01-08,0.1507778686057418,1.0,1.0
1959-01-09,0.07174065539563793,1.0,1.0
1959-01-12,0.02907466378551997,1.0,1.0
1959-01-13,0.03540617409332063,1.0,1.0
1959-01-14,0.020598879895066195,1.0,1.0
1959-01-15,0.01781739834067613,1.0,1.0
1959-01-16,0.016735810056531613,1.0,1.0
1959-01-19,0.019000587225948933,1.0,1.0
1959-01-20,0.014979390920208144,1.0,1.0
1959-01-21,0.018066256708441895,1.0,1.0
1959-01-22,0.018540906848063088,1.0,1.0
1959-01-23,0.015300738787660199,1.0,1.0
1959-01-26,0.026884400665646783,1.0,1.0
1959-01-27,0.01776656179889324,1.0,1.0
1959-01-28,0.15795687485760967,1.0,1.0
1959-01-29,0.049780072974888276,1.0,1.0
1959-01-30,0.024789965005855587,1.0,1.0
1959-02-02,0.023541768246738252,1.0,1.0
1959-02-03,0.016363455410217817,1.0,1.0
1959-02-04,0.02052509062039634,1.0,1.0
1959-02-05,0.024725773411497565,1.0,1.0
1959-02-06,0.04925897814450449,1.0,1.0
1959-02-09,0.46689292917740904,0.0,1.0
1959-02-10,0.6461196058282628,0.0,1.0
1959-02-11,0.21743177840880903,1.0,1.0
1959-02-12,0.13725112986993476,1.0,1.0
1959-02-13,0.07798914766107028,1.0,1.0
1959-02-16,0.029312757710014684,1.0,1.0
1959-02-17,0.024650294671515503,1.0,1.0
1959-02-18,0.018971598743853842,1.0,1.0
1959-02-19,0.03569885901134347,1.0,1.0
1959-02-20,0.03992141421155684,1.0,1.0
1959-02-24,0.021358788539882233,1.0,1.0
1959-02-25,0.022765680039026757,1.0,1.0
1959-02-26,0.016347219254355377,1.0,1.0
1959-02-27,0.014712720186397759,1.0,1.0
1959-03-02,0.017386716837059304,1.0,1.0
1959-03-03,0.032633989752459264,1.0,1.0
1959-03-04,0.01848226557400962,1.0,1.0
1959-03-05,0.015213963288677568,1.0,1.0
1959-03-06,0.021736486231566956,1.0,1.0
1959-03-09,0.017004245321882636,1.0,1.0
1959-03-10,0.015404677893506321,1.0,1.0
1959-03-11,0.014495977288060163,1.0,1.0
1959-03-12,0.016034564492365875,1.0,1.0
1959-03-13,0.014723856789725666,1.0,1.0
1959-03-16,0.1371507177611698,1.0,1.0
1959-03-17,0.08395229240378195,1.0,1.0
1959-03-18,0.0352803417095963,1.0,1.0
1959-03-19,0.02179569411872286,1.0,1.0
1959-03-20,0.01608678207762529,1.0,1.0
1959-03-23,0.08604649157569937,1.0,1.0
1959-03-24,0.03114482403369109,1.0,1.0
1959-03-25,0.020893471534222784,1.0,1.0
1959-03-26,0.018005870955387485,1.0,1.0
1959-03-30,0.03779996266751249,1.0,1.0
1959-03-31,0.020963525668613474,1.0,1.0
1959-04-01,0.016602928130607368,1.0,1.0
1959-04-02,0.018985074053610603,1.0,1.0
1959-04-03,0.02680576864877991,1.0,1.0
1959-04-06,0.017129899728849336,1.0,1.0
1959-04-07,0.01702191067291773,1.0,1.0
1959-04-08,0.028713133990295465,1.0,1.0
1959-04-09,0.018601959235404177,1.0,1.0
1959-04-10,0.015219246941691562,1.0,1.0
1959-04-13,0.015134726360030807,1.0,1.0
1959-04-14,0.017900376200914482,1.0,1.0
1959-04-15,0.016384501917219,1.0,1.0
1959-04-16,0.02110414857037002,1.0,1.0
1959-04-17,0.029255768189847747,1.0,1.0
1959-04-20,0.01861331575873021,1.0,1.0
1959-04-21,0.017105840039319312,1.0,1.0
1959-04-22,0.03818386185343689,1.0,1.0
1959-04-23,0.025391040507379333,1.0,1.0
1959-04-24,0.021050986275452203,1.0,1.0
1959-04-27,0.01682444575781062,1.0,1.0
1959-04-28,0.021605974556651766,1.0,1.0
1959-04-29,0.022512825114022337,1.0,1.0
1959-04-30,0.019570847332552998,1.0,1.0
1959-05-01,0.01546562117703851,1.0,1.0
1959-05-04,0.014913735507781415,1.0,1.0
1959-05-05,0.014371007244037018,1.0,1.0
1959-05-06,0.016612547704508127,1.0,1.0
1959-05-07,0.26564351044541845,0.0,1.0
1959-05-08,0.13613544514689593,1.0,1.0
1959-05-11,0.04804855801657261,1.0,1.0
1959-05-12,0.022149634376700377,1.0,1.0
1959-05-13,0.019445769005124767,1.0,1.0
1959-05-14,0.022436369655811507,1.0,1.0
1959-05-15,0.024593926730485126,1.0,1.0
1959-05-18,0.017941009857111306,1.0,1.0
1959-05-19,0.015159092382291956,1.0,1.0
1959-05-20,0.021054672577453123,1.0,1.0
1959-05-21,0.0159994353695318,1.0,1.0
1959-05-22,0.015406359296939601,1.0,1.0
1959-05-25,0.025920140762930054,1.0,1.0
1959-05-26,0.018537593927292803,1.0,1.0
1959-05-27,0.015245192099444195,1.0,1.0
1959-05-28,0.01485496335829703,1.0,1.0
1959-05-29,0.016126390209748317,1.0,1.0
1959-06-01,0.016610674163483188,1.0,1.0
1959-06-02,0.04175881821745952,1.0,1.0
1959-06-03,0.021454018715635688,1.0,1.0
1959-06-04,0.16010711827405003,1.0,1.0
1959-06-05,0.05669192929388578,1.0,1.0
1959-06-08,0.5224041928200078,0.0,1.0
1959-06-09,0.35185187187647365,0.0,1.0
1959-06-10,0.6276147244488923,0.0,1.0
1959-06-11,0.2069114144433209,1.0,1.0
1959-06-12,0.06426192397366214,1.0,1.0
1959-06-15,0.04952523809775107,1.0,1.0
1959-06-16,0.06401705438597978,1.0,1.0
1959-06-17,0.06211843616843593,1.0,1.0
1959-06-18,0.027238347832395864,1.0,1.0
1959-06-19,0.017214253091740468,1.0,1.0
1959-06-22,0.015708876831133943,1.0,1.0
1959-06-23,0.01585302651070377,1.0,1.0
1959-06-24,0.01667156984498319,1.0,1.0
1959-06-25,0.018549716079035248,1.0,1.0
1959-06-26,0.016546035284739906,1.0,1.0
1959-06-29,0.022151290998224677,1.0,1.0
1959-06-30,0.01613033934496002,1.0,1.0
1959-07-01,0.026655813456551797,1.0,1.0
1959-07-02,0.01986643190902897,1.0,1.0
1959-07-06,0.019238589231889945,1.0,1.0
1959-07-07,0.018063542849980126,1.0,1.0
1959-07-08,0.01513875254733104,1.0,1.0
1959-07-09,0.018355361330578277,1.0,1.0
1959-07-10,0.015530337536274336,1.0,1.0
1959-07-13,0.08023562112371783,1.0,1.0
1959-07-14,0.03043202405035275,1.0,1.0
1959-07-15,0.017993736417648593,1.0,1.0
1959-07-16,0.02342730529114092,1.0,1.0
1959-07-17,0.02245171289076786,1.0,1.0
1959-07-20,0.039434655967317704,1.0,1.0
1959-07-21,0.04529854757330428,1.0,1.0
1959-07-22,0.02589452874877756,1.0,1.0
1959-07-23,0.01942624330313953,1.0,1.0
1959-07-24,0.01829784142523315,1.0,1.0
1959-07-27,0.020727633092421427,1.0,1.0
1959-07-28,0.021508428222516647,1.0,1.0
1959-07-29,0.020175077845475346,1.0,1.0
1959-07-30,0.023163863191799212,1.0,1.0
1959-07-31,0.01925024703061403,1.0,1.0
1959-08-03,0.01792952589504898,1.0,1.0
1959-08-04,0.021309862178910056,1.0,1.0
1959-08-05,0.031223511861138576,1.0,1.0
1959-08-06,0.024386348143885715,1.0,1.0
1959-08-07,0.04877770470013052,1.0,1.0
1959-08-10,0.9627471313202485,0.0,0.0
1959-08-11,0.8331448403387995,0.0,0.0
1959-08-12,0.41748242510348044,0.0,0.0
1959-08-13,0.18130701353524764,1.0,0.0
1959-08-14,0.06515705630807636,1.0,1.0
1959-08-17,0.037712105134624,1.0,1.0
1959-08-18,0.1269037590126859,1.0,1.0
1959-08-19,0.11079380251193852,1.0,1.0
1959-08-20,0.35818401713685066,0.0,1.0
1959-08-21,0.13652458028697476,1.0,1.0
1959-08-24,0.08432590858555399,1.0,1.0
1959-08-25,0.03583569569768048,1.0,1.0
1959-08-26,0.022030558250210382,1.0,1.0
1959-08-27,0.0439877836438746,1.0,1.0
1959-08-28,0.029702785543350287,1.0,1.0
1959-08-31,0.020376852677186422,1.0,1.0
1959-09-01,0.2709196418859838,1.0,1.0
1959-09-02,0.09662039887522055,1.0,1.0
1959-09-03,0.4118213793190763,0.0,1.0
1959-09-04,0.17863654318681196,1.0,1.0
1959-09-08,0.7823459074023408,0.0,1.0
1959-09-09,0.6924725853457367,0.0,1.0
1959-09-10,0.48767354469040103,0.0,1.0
1959-09-11,0.27278024250556426,1.0,1.0
1959-09-14,0.25627953656929403,1.0,1.0
1959-09-15,0.21967064076754556,1.0,1.0
1959-09-16,0.07867045378567597,1.0,1.0
1959-09-17,0.06613123602199837,1.0,1.0
1959-09-18,0.09579795545088551,1.0,1.0
1959-09-21,0.7999606240226592,0.0,1.0
1959-09-22,0.4237828369867222,0.0,1.0
1959-09-23,0.6449850109776459,0.0,1.0
1959-09-24,0.9176749430978247,0.0,0.0
1959-09-25,0.4531906355290753,0.0,0.0
1959-09-28,0.22428964406077176,1.0,0.0
1959-09-29,0.10046752477305033,1.0,1.0
1959-09-30,0.28236324943812446,1.0,1.0
1959-10-01,0.09838923403935344,1.0,1.0
1959-10-02,0.04329489514751299,1.0,1.0
1959-10-05,0.027702603104084473,1.0,1.0
1959-10-06,0.021526124517973873,1.0,1.0
1959-10-07,0.022247356442045504,1.0,1.0
1959-10-08,0.02199498089764225,1.0,1.0
1959-10-09,0.019223128609804248,1.0,1.0
1959-10-12,0.02199996505953929,1.0,1.0
1959-10-13,0.02585529324697319,1.0,1.0
1959-10-14,0.06940231155277964,1.0,1.0
1959-10-15,0.031819155379689656,1.0,1.0
1959-10-16,0.03966675583063624,1.0,1.0
1959-10-19,0.05154643546531794,1.0,1.0
1959-10-20,0.06713587053219844,1.0,1.0
1959-10-21,0.03712264843904564,1.0,1.0
1959-10-22,0.1423761504988361,1.0,1.0
1959-10-23,0.16982732746837578,1.0,1.0
1959-10-26,0.08378087537438861,1.0,1.0
1959-10-27,0.0637868512108669,1.0,1.0
1959-10-28,0.03031463252393368,1.0,1.0
1959-10-29,0.02300650974470889,1.0,1.0
1959-10-30,0.018539689919003455,1.0,1.0
1959-11-02,0.0203747168326939,1.0,1.0
1959-11-04,0.020952419875478846,1.0,1.0
1959-11-05,0.0181229745990822,1.0,1.0
1959-11-06,0.02137677072266767,1.0,1.0
1959-11-09,0.02126826725356901,1.0,1.0
1959-11-10,0.018635985531367246,1.0,1.0
1959-11-11,0.017695675929645254,1.0,1.0
1959-11-12,0.034591964279955756,1.0,1.0
1959-11-13,0.04853231728466207,1.0,1.0
1959-11-16,0.20337196289034895,1.0,1.0
1959-11-17,0.0722377175346151,1.0,1.0
1959-11-18,0.09836687549280396,1.0,1.0
1959-11-19,0.043955207685753485,1.0,1.0
1959-11-20,0.024624360100402334,1.0,1.0
1959-11-23,0.01897325523219678,1.0,1.0
1959-11-24,0.019581146175128284,1.0,1.0
1959-11-25,0.017617465536812534,1.0,1.0
1959-11-27,0.019515535696197687,1.0,1.0
1959-11-30,0.04240011523649261,1.0,1.0
1959-12-01,0.03574707969454656,1.0,1.0
1959-12-02,0.027582794761968267,1.0,1.0
1959-12-03,0.020087788528395982,1.0,1.0
1959-12-04,0.017821310617098067,1.0,1.0
1959-12-07,0.0174735528349642,1.0,1.0
1959-12-08,0.021161426958931417,1.0,1.0
1959-12-09,0.04891157272215383,1.0,1.0
1959-12-10,0.025865612464867436,1.0,1.0
1959-12-11,0.023414404886376923,1.0,1.0
1959-12-14,0.018836317914597854,1.0,1.0
1959-12-15,0.024302521416111004,1.0,1.0
1959-12-16,0.018933982695479443,1.0,1.0
1959-12-17,0.020296309231639355,1.0,1.0
1959-12-18,0.02015323694998764,1.0,1.0
1959-12-21,0.017906369262578926,1.0,1.0
1959-12-22,0.02038325033298962,1.0,1.0
1959-12-23,0.024878519555014727,1.0,1.0
1959-12-24,0.019234887181662733,1.0,1.0
1959-12-28,0.020195047607377396,1.0,1.0
1959-12-29,0.019329229098202748,1.0,1.0
1959-12-30,0.03208674656377561,1.0,1.0
1959-12-31,0.021008744121906127,1.0,1.0
1960-01-04,0.019171216447823963,1.0,1.0
1960-01-05,0.03140277022223045,1.0,1.0
1960-01-06,0.03944761738153965,1.0,1.0
1960-01-07,0.06493038552985081,1.0,1.0
1960-01-08,0.044291440865927886,1.0,1.0
1960-01-11,0.29139768193551746,0.0,1.0
1960-01-12,0.21813487283228467,1.0,1.0
1960-01-13,0.15411455306289645,1.0,1.0
1960-01-14,0.07071541654034194,1.0,1.0
1960-01-15,0.032984827176562447,1.0,1.0
1960-01-18,0.09779603262405352,1.0,1.0
1960-01-19,0.2789154907356747,0.0,1.0
1960-01-20,0.13758916401587254,1.0,1.0
1960-01-21,0.052868951090332995,1.0,1.0
1960-01-22,0.027640234673173,1.0,1.0
1960-01-25,0.1806562573759998,1.0,1.0
1960-01-26,0.06657826350749996,1.0,1.0
1960-01-27,0.042634089201105084,1.0,1.0
1960-01-28,0.17622551047086765,1.0,1.0
1960-01-29,0.3580679281773636,0.0,1.0
1960-02-01,0.15145266923876907,1.0,1.0
1960-02-02,0.5447594790437794,0.0,1.0
1960-02-03,0.5746896014986506,0.0,1.0
1960-02-04,0.24760070092746445,1.0,1.0
1960-02-05,0.16781485304466706,1.0,1.0
1960-02-08,0.38192762824480786,0.0,1.0
1960-02-09,0.2708027223767725,1.0,1.0
1960-02-10,0.20661989792989108,1.0,1.0
1960-02-11,0.1458746686828152,1.0,1.0
1960-02-12,0.062095867843551186,1.0,1.0
1960-02-15,0.05827397259482237,1.0,1.0
1960-02-16,0.14739684339748022,1.0,1.0
1960-02-17,0.07522830892831142,1.0,1.0
1960-02-18,0.2557560476032507,1.0,1.0
1960-02-19,0.13874838076711607,1.0,1.0
1960-02-23,0.10329381164041285,1.0,1.0
1960-02-24,0.05818573440319142,1.0,1.0
1960-02-25,0.03232312748203133,1.0,1.0
1960-02-26,0.023587891909102376,1.0,1.0
1960-02-29,0.020767739346633236,1.0,1.0
1960-03-01,0.02118524832364551,1.0,1.0
1960-03-02,0.05849591843776528,1.0,1.0
1960-03-03,0.7608784758404095,0.0,1.0
1960-03-04,0.4637516583816819,0.0,1.0
1960-03-07,0.7378524722023725,0.0,1.0
1960-03-08,0.7750557869956162,0.0,1.0
1960-03-09,0.6723032406669409,0.0,1.0
1960-03-10,0.37142190478308124,0.0,1.0
1960-03-11,0.20554491242229964,1.0,1.0
1960-03-14,0.0748205694798841,1.0,1.0
1960-03-15,0.05890782597965644,1.0,1.0
1960-03-16,0.034832062325503066,1.0,1.0
1960-03-17,0.02665969611950639,1.0,1.0
1960-03-18,0.02005687120684994,1.0,1.0
1960-03-21,0.018049590352487675,1.0,1.0
1960-03-22,0.01822866602698292,1.0,1.0
1960-03-23,0.02963864688047954,1.0,1.0
1960-03-24,0.02239834698620455,1.0,1.0
1960-03-25,0.019344679718226312,1.0,1.0
1960-03-28,0.022968811173990206,1.0,1.0
1960-03-29,0.022864874856265524,1.0,1.0
1960-03-30,0.0220994860227952,1.0,1.0
1960-03-31,0.049680767692019595,1.0,1.0
1960-04-01,0.026257945451278505,1.0,1.0
1960-04-04,0.01955438013727302,1.0,1.0
1960-04-05,0.021831686470426905,1.0,1.0
1960-04-06,0.05404395769162035,1.0,1.0
1960-04-07,0.027935706752265643,1.0,1.0
1960-04-08,0.02514902786199837,1.0,1.0
1960-04-11,0.031459278210931446,1.0,1.0
1960-04-12,0.021068471310933694,1.0,1.0
1960-04-13,0.019290343017558685,1.0,1.0
1960-04-14,0.017809713794556693,1.0,1.0
1960-04-18,0.017243537231987002,1.0,1.0
1960-04-19,0.0596637568206423,1.0,1.0
1960-04-20,0.3467999940024887,0.0,1.0
1960-04-21,0.13070365238520285,1.0,1.0
1960-04-22,0.06777466262443266,1.0,1.0
1960-04-25,0.23887272363353798,1.0,1.0
1960-04-26,0.09030889957850934,1.0,1.0
1960-04-27,0.04063817932072969,1.0,1.0
1960-04-28,0.11695014345249267,1.0,1.0
1960-04-29,0.0697221864521254,1.0,1.0
1960-05-02,0.06505982676541149,1.0,1.0
1960-05-03,0.23790939346125634,1.0,1.0
1960-05-04,0.09326757600936054,1.0,1.0
1960-05-05,0.057296410343026495,1.0,1.0
1960-05-06,0.03244355220276783,1.0,1.0
1960-05-09,0.02142959364932643,1.0,1.0
1960-05-10,0.04370416481499914,1.0,1.0
1960-05-11,0.024636796134660466,1.0,1.0
1960-05-12,0.023585730227029342,1.0,1.0
1960-05-13,0.04086177838988397,1.0,1.0
1960-05-16,0.026160760009833375,1.0,1.0
1960-05-17,0.02075599107014984,1.0,1.0
1960-05-18,0.01867195480237007,1.0,1.0
1960-05-19,0.019333361053885126,1.0,1.0
1960-05-20,0.01762937527352465,1.0,1.0
1960-05-23,0.01892679830349624,1.0,1.0
1960-05-24,0.019036044812596506,1.0,1.0
1960-05-25,0.01880581607083798,1.0,1.0
1960-05-26,0.01769480641661606,1.0,1.0
1960-05-27,0.017433144932551898,1.0,1.0
1960-05-31,0.017080757913082396,1.0,1.0
1960-06-01,0.016982306598334333,1.0,1.0
1960-06-02,0.017913852263271565,1.0,1.0
1960-06-03,0.01721959358086112,1.0,1.0
1960-06-06,0.06576608021832646,1.0,1.0
1960-06-07,0.07901680465223186,1.0,1.0
1960-06-08,0.0578572064166714,1.0,1.0
1960-06-09,0.028764199125471724,1.0,1.0
1960-06-10,0.02066217185877906,1.0,1.0
1960-06-13,0.01833845629685158,1.0,1.0
1960-06-14,0.018362666971904168,1.0,1.0
1960-06-15,0.03811497307295585,1.0,1.0
1960-06-16,0.02571341667867632,1.0,1.0
1960-06-17,0.021780474014739617,1.0,1.0
1960-06-20,0.02892376788484136,1.0,1.0
1960-06-21,0.02279442119233159,1.0,1.0
1960-06-22,0.01861988378971555,1.0,1.0
1960-06-23,0.020000280080210864,1.0,1.0
1960-06-24,0.01780858924834786,1.0,1.0
1960-06-27,0.03949299605795169,1.0,1.0
1960-06-28,0.0743333615569392,1.0,1.0
1960-06-29,0.034329343354866454,1.0,1.0
1960-06-30,0.023750402581295436,1.0,1.0
1960-07-01,0.018982854736589963,1.0,1.0
1960-07-05,0.019835292656530588,1.0,1.0
1960-07-06,0.021093447840915158,1.0,1.0
1960-07-07,0.02211045933051578,1.0,1.0
1960-07-08,0.018609438750339387,1.0,1.0
1960-07-11,0.09386695266173113,1.0,1.0
1960-07-12,0.3237518969094093,0.0,1.0
1960-07-13,0.15185176040045495,1.0,1.0
1960-07-14,0.05951055379227497,1.0,1.0
1960-07-15,0.03138091438468099,1.0,1.0
1960-07-18,0.055154029185948965,1.0,1.0
1960-07-19,0.020064416981451987,1.0,1.0
1960-07-20,0.017184403811071506,1.0,1.0
1960-07-21,0.0678873270369047,1.0,1.0
1960-07-22,0.07933486316691833,1.0,1.0
1960-07-25,0.27439642276631987,0.0,1.0
1960-07-26,0.1358221513487036,1.0,1.0
1960-07-27,0.12129555278508625,1.0,1.0
1960-07-28,0.07940233937374011,1.0,1.0
1960-07-29,0.6023485899862325,0.0,1.0
1960-08-01,0.23708278408740457,1.0,1.0
1960-08-02,0.270033406292923,0.0,1.0
1960-08-03,0.16861386594277625,1.0,1.0
1960-08-04,0.058795431332880246,1.0,1.0
1960-08-05,0.07928275814012578,1.0,1.0
1960-08-08,0.030942717549451257,1.0,1.0
1960-08-09,0.022702954741077634,1.0,1.0
1960-08-10,0.01745326175600622,1.0,1.0
1960-08-11,0.015660760564857778,1.0,1.0
1960-08-12,0.02079288626883756,1.0,1.0
1960-08-15,0.015822157217360595,1.0,1.0
1960-08-16,0.013929420595316898,1.0,1.0
1960-08-17,0.013651809310083207,1.0,1.0
1960-08-18,0.013789793894405017,1.0,1.0
1960-08-19,0.013733187032946861,1.0,1.0
1960-08-22,0.013546414146556227,1.0,1.0
1960-08-23,0.03101870499975583,1.0,1.0
1960-08-24,0.021246545582958222,1.0,1.0
1960-08-25,0.02558473437212194,1.0,1.0
1960-08-26,0.021820557228085742,1.0,1.0
1960-08-29,0.019267040149061197,1.0,1.0
1960-08-30,0.11185934868203198,1.0,1.0
1960-08-31,0.040405395269587016,1.0,1.0
1960-09-01,0.020375741310970346,1.0,1.0
1960-09-02,0.016556090172723387,1.0,1.0
1960-09-06,0.07342963353395345,1.0,1.0
1960-09-07,0.35882225612350344,0.0,1.0
1960-09-08,0.127175654693003,1.0,1.0
1960-09-09,0.0592933720205373,1.0,1.0
1960-09-12,0.06633864504423624,1.0,1.0
1960-09-13,0.0273187558156984,1.0,1.0
1960-09-14,0.05723561596953663,1.0,1.0
1960-09-15,0.039447480448524315,1.0,1.0
1960-09-16,0.023772945251543515,1.0,1.0
1960-09-19,0.9939210037186965,0.0,0.0
1960-09-20,0.4919266932509825,0.0,0.0
1960-09-21,0.4185716013740944,0.0,0.0
1960-09-22,0.2073229760746558,1.0,0.0
1960-09-23,0.30615001463938607,0.0,0.0
1960-09-26,0.8753904075024758,0.0,0.0
1960-09-27,0.4654611162378327,0.0,0.0
1960-09-28,0.4889361831676859,0.0,0.0
1960-09-29,0.17614205721499068,1.0,0.0
1960-09-30,0.7842155244716742,0.0,0.0
1960-10-03,0.3893662755131738,0.0,0.0
1960-10-04,0.35111856049891527,0.0,0.0
1960-10-05,0.17143208113019007,1.0,0.0
1960-10-06,0.0746275915735972,1.0,1.0
1960-10-07,0.0372558077781643,1.0,1.0
1960-10-10,0.019469223022504853,1.0,1.0
1960-10-11,0.014813031391515073,1.0,1.0
1960-10-12,0.015322172954143173,1.0,1.0
1960-10-13,0.02705791046599157,1.0,1.0
1960-10-14,0.020656584570881816,1.0,1.0
1960-10-17,0.022548090633503843,1.0,1.0
1960-10-18,0.03100890147795336,1.0,1.0
1960-10-19,0.021797450909755673,1.0,1.0
1960-10-20,0.0600774272058142,1.0,1.0
1960-10-21,0.17124704454286702,1.0,1.0
1960-10-24,0.6061556515400731,0.0,1.0
1960-10-25,0.5108461564919464,0.0,1.0
1960-10-26,0.7302439671648989,0.0,1.0
1960-10-27,0.6354777479881755,0.0,1.0
1960-10-28,0.36488115310966307,0.0,1.0
1960-10-31,0.13258251458014997,1.0,1.0
1960-11-01,0.12334931487699352,1.0,1.0
1960-11-02,0.05265439038891439,1.0,1.0
1960-11-03,0.0261699344281259,1.0,1.0
1960-11-04,0.03396862169308781,1.0,1.0
1960-11-07,0.02030394511514795,1.0,1.0
1960-11-09,0.01661287803252353,1.0,1.0
1960-11-10,0.14208457447987755,1.0,1.0
1960-11-11,0.08173293388228799,1.0,1.0
1960-11-14,0.0491548529294653,1.0,1.0
1960-11-15,0.02674560893624924,1.0,1.0
1960-11-16,0.019581070816982807,1.0,1.0
1960-11-17,0.019219671498459705,1.0,1.0
1960-11-18,0.017917387468602834,1.0,1.0
1960-11-21,0.01466593925385579,1.0,1.0
1960-11-22,0.019603202747174385,1.0,1.0
1960-11-23,0.01489514634525729,1.0,1.0
1960-11-25,0.019867250731782773,1.0,1.0
1960-11-28,0.016676388302966357,1.0,1.0
1960-11-29,0.02006258337394164,1.0,1.0
1960-11-30,0.02913395842824411,1.0,1.0
1960-12-01,0.02713748280005103,1.0,1.0
1960-12-02,0.016760239713717772,1.0,1.0
1960-12-05,0.01684162087641517,1.0,1.0
1960-12-06,0.01615099645333891,1.0,1.0
1960-12-07,0.03490260757763995,1.0,1.0
1960-12-08,0.018933507865269136,1.0,1.0
1960-12-09,0.03278448417409195,1.0,1.0
1960-12-12,0.01968139465206006,1.0,1.0
1960-12-13,0.014812203306557598,1.0,1.0
1960-12-14,0.014621369363219495,1.0,1.0
1960-12-15,0.016345429692947794,1.0,1.0
1960-12-16,0.03270628262775481,1.0,1.0
1960-12-19,0.02065270343935651,1.0,1.0
1960-12-20,0.016274360963722152,1.0,1.0
1960-12-21,0.02245691961470211,1.0,1.0
1960-12-22,0.02019867483517959,1.0,1.0
1960-12-23,0.015146436014675666,1.0,1.0
1960-12-27,0.013613812940520073,1.0,1.0
1960-12-28,0.014342682383706923,1.0,1.0
1960-12-29,0.015696547814780318,1.0,1.0
1960-12-30,0.013949736122502814,1.0,1.0
1961-01-03,0.06403529090446719,1.0,1.0
1961-01-04,0.17526474056189617,1.0,1.0
1961-01-05,0.06366299332762584,1.0,1.0
1961-01-06,0.029580310636695854,1.0,1.0
1961-01-09,0.023099536148354867,1.0,1.0
1961-01-10,0.015901579903133106,1.0,1.0
1961-01-11,0.014126048721462644,1.0,1.0
1961-01-12,0.013704533557393378,1.0,1.0
1961-01-13,0.014696585756377542,1.0,1.0
1961-01-16,0.014309674601110389,1.0,1.0
1961-01-17,0.02007414465571699,1.0,1.0
1961-01-18,0.013290461099302747,1.0,1.0
1961-01-19,0.009585743128334157,1.0,1.0
1961-01-20,0.009082384626866627,1.0,1.0
1961-01-23,0.010100130177840307,1.0,1.0
1961-01-24,0.00875494246762081,1.0,1.0
1961-01-25,0.008384921066733294,1.0,1.0
1961-01-26,0.008218157899049252,1.0,1.0
1961-01-27,0.01955144152933321,1.0,1.0
1961-01-30,0.04993924861232698,1.0,1.0
1961-01-31,0.027496651124181225,1.0,1.0
1961-02-01,0.014143656294083285,1.0,1.0
1961-02-02,0.014480944644408677,1.0,1.0
1961-02-03,0.011449210652575306,1.0,1.0
1961-02-06,0.02064527489969224,1.0,1.0
1961-02-07,0.012267975438665694,1.0,1.0
1961-02-08,0.02277244342709887,1.0,1.0
1961-02-09,0.015048917165735783,1.0,1.0
1961-02-10,0.035404518096573925,1.0,1.0
1961-02-13,0.031196121905671642,1.0,1.0
1961-02-14,0.01869214372750679,1.0,1.0
1961-02-15,0.018629784935690383,1.0,1.0
1961-02-16,0.01502903647143715,1.0,1.0
1961-02-17,0.012771802221861394,1.0,1.0
1961-02-20,0.0105491764852819,1.0,1.0
1961-02-21,0.00884455462977648,1.0,1.0
1961-02-23,0.009233578606845302,1.0,1.0
1961-02-24,0.008976440603410518,1.0,1.0
1961-02-27,0.014534501667444348,1.0,1.0
1961-02-28,0.00995799699349119,1.0,1.0
1961-03-01,0.008983752087471373,1.0,1.0
1961-03-02,0.011976328959936808,1.0,1.0
1961-03-03,0.00921463308770789,1.0,1.0
1961-03-06,0.008430557454611493,1.0,1.0
1961-03-07,0.024792163227304684,1.0,1.0
1961-03-08,0.01307332492718905,1.0,1.0
1961-03-09,0.009645569313769942,1.0,1.0
1961-03-10,0.00863934140225377,1.0,1.0
1961-03-13,0.008380430635561422,1.0,1.0
1961-03-14,0.01259692322400096,1.0,1.0
1961-03-15,0.010051512493440428,1.0,1.0
1961-03-16,0.02388300850458746,1.0,1.0
1961-03-17,0.01641482253262614,1.0,1.0
1961-03-20,0.011613772353627693,1.0,1.0
1961-03-21,0.01041730020790641,1.0,1.0
1961-03-22,0.00963143450507929,1.0,1.0
1961-03-23,0.012013474833424782,1.0,1.0
1961-03-24,0.01036806504454976,1.0,1.0
1961-03-27,0.009417742207809212,1.0,1.0
1961-03-28,0.008621127938361927,1.0,1.0
1961-03-29,0.014108612617068054,1.0,1.0
1961-03-30,0.009881033004497063,1.0,1.0
1961-04-03,0.015248467691633094,1.0,1.0
1961-04-04,0.010408410959103297,1.0,1.0
1961-04-05,0.011986996338850767,1.0,1.0
1961-04-06,0.009399236257925284,1.0,1.0
1961-04-07,0.010103845113004606,1.0,1.0
1961-04-10,0.016877772890765384,1.0,1.0
1961-04-11,0.010806612791857214,1.0,1.0
1961-04-12,0.015624358003212773,1.0,1.0
1961-04-13,0.01056067942352316,1.0,1.0
1961-04-14,0.008867943366157236,1.0,1.0
1961-04-17,0.009641794405835399,1.0,1.0
1961-04-18,0.02646631022292578,1.0,1.0
1961-04-19,0.02520831447220624,1.0,1.0
1961-04-20,0.013571386697745741,1.0,1.0
1961-04-21,0.010098096380242306,1.0,1.0
1961-04-24,0.967974049303925,0.0,0.0
1961-04-25,0.938107455023042,0.0,0.0
1961-04-26,0.5449096784103394,0.0,0.0
1961-04-27,0.2382085219716601,1.0,0.0
1961-04-28,0.10783220735144182,1.0,1.0
1961-05-01,0.04558092853930367,1.0,1.0
1961-05-02,0.03205352377571187,1.0,1.0
1961-05-03,0.027328552439784153,1.0,1.0
1961-05-04,0.014750611173954204,1.0,1.0
1961-05-05,0.01000035027659448,1.0,1.0
1961-05-08,0.009246787215618776,1.0,1.0
1961-05-09,0.008462462370621347,1.0,1.0
1961-05-10,0.008631054570796357,1.0,1.0
1961-05-11,0.008450996331317325,1.0,1.0
1961-05-12,0.0082276314815677,1.0,1.0
1961-05-15,0.010249663537955133,1.0,1.0
1961-05-16,0.009831112896515302,1.0,1.0
1961-05-17,0.009051940412195023,1.0,1.0
1961-05-18,0.020429905753010694,1.0,1.0
1961-05-19,0.013319206764528569,1.0,1.0
1961-05-22,0.02387027738661306,1.0,1.0
1961-05-23,0.01467374939778676,1.0,1.0
1961-05-24,0.018894478007827006,1.0,1.0
1961-05-25,0.015071561165261455,1.0,1.0
1961-05-26,0.015094287687172947,1.0,1.0
1961-05-31,0.010125814552141392,1.0,1.0
1961-06-01,0.009077602056905203,1.0,1.0
1961-06-02,0.008417783252981337,1.0,1.0
1961-06-05,0.009874430718040209,1.0,1.0
1961-06-06,0.011053300943541546,1.0,1.0
1961-06-07,0.014202714840396992,1.0,1.0
1961-06-08,0.009970517268585853,1.0,1.0
1961-06-09,0.008907353825481709,1.0,1.0
1961-06-12,0.023974354574611362,1.0,1.0
1961-06-13,0.025306451925315082,1.0,1.0
1961-06-14,0.013103262973202775,1.0,1.0
1961-06-15,0.015899556250691404,1.0,1.0
1961-06-16,0.037208798566943105,1.0,1.0
1961-06-19,0.0860169721933873,1.0,1.0
1961-06-20,0.060244526377065254,1.0,1.0
1961-06-21,0.02369117435731124,1.0,1.0
1961-06-22,0.01988028222726704,1.0,1.0
1961-06-23,0.012057593755379441,1.0,1.0
1961-06-26,0.07772060164469363,1.0,1.0
1961-06-27,0.029633013556981416,1.0,1.0
1961-06-28,0.014332846989516266,1.0,1.0
1961-06-29,0.011017961949504213,1.0,1.0
1961-06-30,0.008944051684235588,1.0,1.0
1961-07-03,0.016568490739707224,1.0,1.0
1961-07-05,0.014427970241376376,1.0,1.0
1961-07-06,0.01018086090586132,1.0,1.0
1961-07-07,0.009360776720976502,1.0,1.0
1961-07-10,0.00905350668106094,1.0,1.0
1961-07-11,0.00935051996709871,1.0,1.0
1961-07-12,0.019306341253700895,1.0,1.0
1961-07-13,0.030773063601759267,1.0,1.0
1961-07-14,0.019992158106776035,1.0,1.0
1961-07-17,0.04021127639726424,1.0,1.0
1961-07-18,0.03908468616798757,1.0,1.0
1961-07-19,0.01832003568510419,1.0,1.0
1961-07-20,0.0340810542355598,1.0,1.0
1961-07-21,0.024547554632599246,1.0,1.0
1961-07-24,0.023423750646252687,1.0,1.0
1961-07-25,0.027009294055079177,1.0,1.0
1961-07-26,0.0459098251528387,1.0,1.0
1961-07-27,0.1019433583335619,1.0,1.0
1961-07-28,0.04718629290401362,1.0,1.0
1961-07-31,0.029050502153469476,1.0,1.0
1961-08-01,0.047225172625873155,1.0,1.0
1961-08-02,0.06369125382740937,1.0,1.0
1961-08-03,0.04120667658751877,1.0,1.0
1961-08-04,0.03559046324919959,1.0,1.0
1961-08-07,0.02519654824536104,1.0,1.0
1961-08-08,0.021712230710819385,1.0,1.0
1961-08-09,0.021596247147369633,1.0,1.0
1961-08-10,0.021477419312159327,1.0,1.0
1961-08-11,0.020507451927073515,1.0,1.0
1961-08-14,0.04323451392563972,1.0,1.0
1961-08-15,0.03416557183766128,1.0,1.0
1961-08-16,0.025433085626690312,1.0,1.0
1961-08-17,0.02599842770019704,1.0,1.0
1961-08-18,0.02228433525674529,1.0,1.0
1961-08-21,0.02076077526785566,1.0,1.0
1961-08-22,0.021165751048895454,1.0,1.0
1961-08-23,0.052205124629230215,1.0,1.0
1961-08-24,0.06715811223813468,1.0,1.0
1961-08-25,0.03548555533017942,1.0,1.0
1961-08-28,0.025724597787380055,1.0,1.0
1961-08-29,0.024197776306669274,1.0,1.0
1961-08-30,0.023354465731033072,1.0,1.0
1961-08-31,0.021950867595357876,1.0,1.0
1961-09-01,0.020675150785735556,1.0,1.0
1961-09-05,0.030027936977724826,1.0,1.0
1961-09-06,0.033051715489311885,1.0,1.0
1961-09-07,0.030814680010606898,1.0,1.0
1961-09-08,0.07079883967269869,1.0,1.0
1961-09-11,0.1530447269945095,1.0,1.0
1961-09-12,0.156717216034306,1.0,1.0
1961-09-13,0.0689830176452566,1.0,1.0
1961-09-14,0.12571962671575257,1.0,1.0
1961-09-15,0.05605308076239152,1.0,1.0
1961-09-18,0.09170331646999888,1.0,1.0
1961-09-19,0.16525264117475438,1.0,1.0
1961-09-20,0.07809283751802998,1.0,1.0
1961-09-21,0.04015755105064673,1.0,1.0
1961-09-22,0.04470175984699489,1.0,1.0
1961-09-25,0.6107853311060967,0.0,1.0
1961-09-26,0.28874665519360837,1.0,1.0
1961-09-27,0.2882441242049823,1.0,1.0
1961-09-28,0.11778908886898554,1.0,1.0
1961-09-29,0.05343535179070546,1.0,1.0
1961-10-02,0.03187269385409436,1.0,1.0
1961-10-03,0.026375382410790325,1.0,1.0
1961-10-04,0.031402029097953366,1.0,1.0
1961-10-05,0.046800805729768975,1.0,1.0
1961-10-06,0.029021313567076615,1.0,1.0
1961-10-09,0.023919040971240972,1.0,1.0
1961-10-10,0.02148889244468841,1.0,1.0
1961-10-11,0.021771515136628443,1.0,1.0
1961-10-12,0.021737840813088136,1.0,1.0
1961-10-13,0.024030334113001747,1.0,1.0
1961-10-16,0.029779020068596278,1.0,1.0
1961-10-17,0.02336560355569698,1.0,1.0
1961-10-18,0.024023538981091802,1.0,1.0
1961-10-19,0.021337055729385292,1.0,1.0
1961-10-20,0.02125046644209699,1.0,1.0
1961-10-23,0.052271914474149354,1.0,1.0
1961-10-24,0.035842879968375194,1.0,1.0
1961-10-25,0.02882568493812998,1.0,1.0
1961-10-26,0.022875618027261957,1.0,1.0
1961-10-27,0.024452260096028158,1.0,1.0
1961-10-30,0.02164460701665012,1.0,1.0
1961-10-31,0.0210164689546001,1.0,1.0
1961-11-01,0.02036060721333141,1.0,1.0
1961-11-02,0.02407336268075795,1.0,1.0
1961-11-03,0.026945518164675813,1.0,1.0
1961-11-06,0.0392348489853039,1.0,1.0
1961-11-08,0.11135244302745005,1.0,1.0
1961-11-09,0.0534149776073669,1.0,1.0
1961-11-10,0.034181433284889505,1.0,1.0
1961-11-13,0.02543837497098872,1.0,1.0
1961-11-14,0.026861862940352255,1.0,1.0
1961-11-15,0.023738017085799003,1.0,1.0
1961-11-16,0.022532017068176122,1.0,1.0
1961-11-17,0.021645732620484845,1.0,1.0
1961-11-20,0.020557234990093577,1.0,1.0
1961-11-21,0.02050256870792214,1.0,1.0
1961-11-22,0.02218463111123315,1.0,1.0
1961-11-24,0.020881233062491115,1.0,1.0
1961-11-27,0.021318745756678605,1.0,1.0
1961-11-28,0.021464821433243905,1.0,1.0
1961-11-29,0.022353414054111575,1.0,1.0
1961-11-30,0.04013354704718276,1.0,1.0
1961-12-01,0.034683237288102256,1.0,1.0
1961-12-04,0.024789468121223977,1.0,1.0
1961-12-05,0.024693516121009285,1.0,1.0
1961-12-06,0.021631463441027277,1.0,1.0
1961-12-07,0.03249193738619656,1.0,1.0
1961-12-08,0.02665982880980848,1.0,1.0
1961-12-11,0.023425142275978455,1.0,1.0
1961-12-12,0.02159669574455285,1.0,1.0
1961-12-13,0.02472188980356551,1.0,1.0
1961-12-14,0.07035560306805995,1.0,1.0
1961-12-15,0.038889264072294726,1.0,1.0
1961-12-18,0.041809968601312454,1.0,1.0
1961-12-19,0.07344158743639828,1.0,1.0
1961-12-20,0.04591718722649724,1.0,1.0
1961-12-21,0.04257082620373979,1.0,1.0
1961-12-22,0.02808476545815487,1.0,1.0
1961-12-26,0.02309379669878322,1.0,1.0
1961-12-27,0.03709945667495176,1.0,1.0
1961-12-28,0.026631873167249822,1.0,1.0
1961-12-29,0.02610424039040812,1.0,1.0
1962-01-02,0.09132968782810134,1.0,1.0
1962-01-03,0.04374288072274657,1.0,1.0
1962-01-04,0.1260448760886174,1.0,1.0
1962-01-05,0.6845536598882455,0.0,1.0
1962-01-08,0.6531546560173521,0.0,1.0
1962-01-09,0.3158667894268318,0.0,1.0
1962-01-10,0.16354144040108154,1.0,1.0
1962-01-11,0.09022672288784597,1.0,1.0
1962-01-12,0.044432424288665784,1.0,1.0
1962-01-15,0.036354334674704746,1.0,1.0
1962-01-16,0.05379606745460424,1.0,1.0
1962-01-17,0.2255544627624355,1.0,1.0
1962-01-18,0.09461346300019617,1.0,1.0
1962-01-19,0.05516545365197982,1.0,1.0
1962-01-22,0.03350831550879369,1.0,1.0
1962-01-23,0.07283513738746804,1.0,1.0
1962-01-24,0.03755720458953878,1.0,1.0
1962-01-25,0.029752850658496203,1.0,1.0
1962-01-26,0.03189586427885608,1.0,1.0
1962-01-29,0.03477852917217382,1.0,1.0
1962-01-30,0.025905274542435436,1.0,1.0
1962-01-31,0.05378538684661772,1.0,1.0
1962-02-01,0.0383464249215287,1.0,1.0
1962-02-02,0.044107691058922247,1.0,1.0
1962-02-05,0.0279583392113771,1.0,1.0
1962-02-06,0.022735509158766196,1.0,1.0
1962-02-07,0.031713387308616524,1.0,1.0
1962-02-08,0.023892048213616242,1.0,1.0
1962-02-09,0.0240040356691003,1.0,1.0
1962-02-12,0.02298625692281286,1.0,1.0
1962-02-13,0.021874346894022435,1.0,1.0
1962-02-14,0.022400375652903596,1.0,1.0
1962-02-15,0.022828436457828033,1.0,1.0
1962-02-16,0.027025907624959374,1.0,1.0
1962-02-19,0.02911816984700785,1.0,1.0
1962-02-20,0.02387694201398222,1.0,1.0
1962-02-21,0.04175065761548906,1.0,1.0
1962-02-23,0.03405827240816258,1.0,1.0
1962-02-26,0.04901544063966312,1.0,1.0
1962-02-27,0.029626454408601652,1.0,1.0
1962-02-28,0.02322464967492963,1.0,1.0
1962-03-01,0.021805939266333646,1.0,1.0
1962-03-02,0.02270140472489683,1.0,1.0
1962-03-05,0.026333322309004596,1.0,1.0
1962-03-06,0.03267524422873917,1.0,1.0
1962-03-07,0.027669461059869872,1.0,1.0
1962-03-08,0.035782392146671824,1.0,1.0
1962-03-09,0.025705451371784923,1.0,1.0
1962-03-12,0.02328104900925527,1.0,1.0
1962-03-13,0.02150206799898477,1.0,1.0
1962-03-14,0.02205086234815001,1.0,1.0
1962-03-15,0.02076630982639118,1.0,1.0
1962-03-16,0.022686595343963223,1.0,1.0
1962-03-19,0.025733171623960712,1.0,1.0
1962-03-20,0.029323690457688147,1.0,1.0
1962-03-21,0.029350945085097762,1.0,1.0
1962-03-22,0.026934781667987448,1.0,1.0
1962-03-23,0.022665829773406657,1.0,1.0
1962-03-26,0.07730403276242677,1.0,1.0
1962-03-27,0.05323121106580996,1.0,1.0
1962-03-28,0.035849211652060856,1.0,1.0
1962-03-29,0.028119673029492795,1.0,1.0
1962-03-30,0.06461224439895286,1.0,1.0
1962-04-02,0.04949567047028541,1.0,1.0
1962-04-03,0.1289755634378866,1.0,1.0
1962-04-04,0.11857050909782685,1.0,1.0
1962-04-05,0.07007180447950567,1.0,1.0
1962-04-06,0.04071765758867504,1.0,1.0
1962-04-09,0.10546021012494464,1.0,1.0
1962-04-10,0.0502251491654318,1.0,1.0
1962-04-11,0.03710554320086496,1.0,1.0
1962-04-12,0.2276751337079977,1.0,1.0
1962-04-13,0.0944534272849827,1.0,1.0
1962-04-16,0.07079403142728986,1.0,1.0
1962-04-17,0.04344004211757396,1.0,1.0
1962-04-18,0.03379081859048891,1.0,1.0
1962-04-19,0.02796181093206829,1.0,1.0
1962-04-23,0.02592573445184067,1.0,1.0
1962-04-24,0.025174661863270022,1.0,1.0
1962-04-25,0.24775784782513238,1.0,1.0
1962-04-26,0.4589105480253553,0.0,1.0
1962-04-27,0.7495717167037295,0.0,1.0
1962-04-30,0.9927334647762323,0.0,0.0
1962-05-01,0.7358318174885276,0.0,0.0
1962-05-02,0.39738759855184025,0.0,0.0
1962-05-03,0.2768461141323102,1.0,0.0
1962-05-04,0.20126566885659997,1.0,0.0
1962-05-07,0.11847569892810894,1.0,1.0
1962-05-08,0.517186360970238,0.0,1.0
1962-05-09,0.9061795061907697,0.0,0.0
1962-05-10,0.9293119938775057,0.0,0.0
1962-05-11,0.9872112469119502,0.0,0.0
1962-05-14,0.7119563253024619,0.0,0.0
1962-05-15,0.9634870756911734,0.0,0.0
1962-05-16,0.5911550970906929,0.0,0.0
1962-05-17,0.5065767148750223,0.0,0.0
1962-05-18,0.24805917943529826,1.0,0.0
1962-05-21,0.15815233431708078,1.0,1.0
1962-05-22,0.9913103009156745,0.0,0.0
1962-05-23,0.9995725392291063,0.0,0.0
1962-05-24,0.8945566128731236,0.0,0.0
1962-05-25,0.998687549235715,0.0,0.0
1962-05-28,1.0,0.0,0.0
1962-05-29,1.0,0.0,0.0
1962-05-31,0.9999851056905312,0.0,0.0
1962-06-01,0.6977486810601086,0.0,0.0
1962-06-04,0.99999999963377,0.0,0.0
1962-06-05,0.6408495574908053,0.0,0.0
1962-06-06,0.8267342341522225,0.0,0.0
1962-06-07,0.45032692561694493,0.0,0.0
1962-06-08,0.1991646984970737,1.0,0.0
1962-06-11,0.513249347952215,0.0,0.0
1962-06-12,0.9999766360020278,0.0,0.0
1962-06-13,0.9946839566782518,0.0,0.0
1962-06-14,0.9997737795885457,0.0,0.0
1962-06-15,0.9999969992396472,0.0,0.0
1962-06-18,0.729291123442156,0.0,0.0
1962-06-19,0.4377864097452904,0.0,0.0
1962-06-20,0.9165839516341262,0.0,0.0
1962-06-21,0.9998943631328671,0.0,0.0
1962-06-22,0.9972910115909654,0.0,0.0
1962-06-25,0.7018564012349533,0.0,0.0
1962-06-26,0.4547588647657365,0.0,0.0
1962-06-27,0.2282991350425945,1.0,0.0
1962-06-28,0.999998944234854,0.0,0.0
1962-06-29,0.6742372953251058,0.0,0.0
1962-07-02,0.9920655564065539,0.0,0.0
1962-07-03,0.8627776684491957,0.0,0.0
1962-07-05,0.5399292454019246,0.0,0.0
1962-07-06,0.8069623648422551,0.0,0.0
1962-07-09,0.520604892542206,0.0,0.0
1962-07-10,0.6112629525417306,0.0,0.0
1962-07-11,0.5188521343880953,0.0,0.0
1962-07-12,0.2618560000426058,1.0,0.0
1962-07-13,0.14888886331866677,1.0,1.0
1962-07-16,0.06659045643577058,1.0,1.0
1962-07-17,0.9373156198686452,0.0,0.0
1962-07-18,0.918960066929485,0.0,0.0
1962-07-19,0.5404765311310287,0.0,0.0
1962-07-20,0.23016926664930243,0.0,0.0
1962-07-23,0.08119055233489338,1.0,1.0
1962-07-24,0.10927039493773141,1.0,1.0
1962-07-25,0.03712569614627634,1.0,1.0
1962-07-26,0.01741010647621034,1.0,1.0
1962-07-27,0.01668077935393372,1.0,1.0
1962-07-30,0.0310861431897559,1.0,1.0
1962-07-31,0.019592601174686818,1.0,1.0
1962-08-01,0.030066403940710265,1.0,1.0
1962-08-02,0.014046824134540859,1.0,1.0
1962-08-03,0.008597241412500865,1.0,1.0
1962-08-06,0.016163773029704138,1.0,1.0
1962-08-07,0.020137622893088084,1.0,1.0
1962-08-08,0.010934679493875861,1.0,1.0
1962-08-09,0.008352816776691308,1.0,1.0
1962-08-10,0.006923432370004629,1.0,1.0
1962-08-13,0.006578871174429682,1.0,1.0
1962-08-14,0.0190785581053721,1.0,1.0
1962-08-15,0.01631989346225021,1.0,1.0
1962-08-16,0.009254550570235422,1.0,1.0
1962-08-17,0.010089646337876476,1.0,1.0
1962-08-20,0.010418229322376718,1.0,1.0
1962-08-21,0.010611861339407162,1.0,1.0
1962-08-22,0.03665884380956959,1.0,1.0
1962-08-23,0.016354557710382335,1.0,1.0
1962-08-24,0.010094729395651616,1.0,1.0
1962-08-27,0.007749639838207333,1.0,1.0
1962-08-28,0.061458241739448874,1.0,1.0
1962-08-29,0.025477165299809305,1.0,1.0
1962-08-30,0.012078943835609002,1.0,1.0
1962-08-31,0.015748174766337893,1.0,1.0
1962-09-04,0.05117080918098146,1.0,1.0
1962-09-05,0.05233862217126275,1.0,1.0
1962-09-06,0.02127752129592663,1.0,1.0
1962-09-07,0.010770132461854844,1.0,1.0
1962-09-10,0.007626349660582076,1.0,1.0
1962-09-11,0.006859848034323189,1.0,1.0
1962-09-12,0.007432895712621168,1.0,1.0
1962-09-13,0.00820260123131537,1.0,1.0
1962-09-14,0.0071790155860617525,1.0,1.0
1962-09-17,0.006757374904486184,1.0,1.0
1962-09-18,0.006846788718631812,1.0,1.0
1962-09-19,0.007525988438013617,1.0,1.0
1962-09-20,0.017343402587603973,1.0,1.0
1962-09-21,0.2657274252721046,0.0,1.0
1962-09-24,0.9703430653468491,0.0,0.0
1962-09-25,0.6526252280171294,0.0,0.0
1962-09-26,0.9307608594610929,0.0,0.0
1962-09-27,0.7422789492042519,0.0,0.0
1962-09-28,0.46054357548763675,0.0,0.0
1962-10-01,0.8007338990981748,0.0,0.0
1962-10-02,0.7008688353576897,0.0,0.0
1962-10-03,0.3235110962101158,0.0,0.0
1962-10-04,0.20100876225290726,1.0,0.0
1962-10-05,0.09254745674903558,1.0,1.0
1962-10-08,0.03226857320305212,1.0,1.0
1962-10-09,0.014306898747153053,1.0,1.0
1962-10-10,0.00882455716639328,1.0,1.0
1962-10-11,0.009209490777774047,1.0,1.0
1962-10-12,0.008215752873342454,1.0,1.0
1962-10-15,0.008089814058144955,1.0,1.0
1962-10-16,0.00917360343851409,1.0,1.0
1962-10-17,0.011843338609670007,1.0,1.0
1962-10-18,0.0411798677121761,1.0,1.0
1962-10-19,0.29506641948725437,0.0,1.0
1962-10-22,0.5797538195497367,0.0,1.0
1962-10-23,0.9999732093513278,0.0,0.0
1962-10-24,0.999988277435894,0.0,0.0
1962-10-25,0.8491353409661523,0.0,0.0
1962-10-26,0.5188984587310013,0.0,0.0
1962-10-29,0.9930240150681766,0.0,0.0
1962-10-30,0.9624835053100291,0.0,0.0
1962-10-31,0.5869773388927356,0.0,0.0
1962-11-01,0.5091422180984578,0.0,0.0
1962-11-02,0.4851409220763694,0.0,0.0
1962-11-05,0.43786579777612245,0.0,0.0
1962-11-07,0.24029102486868686,0.0,0.0
1962-11-08,0.15969962908497307,1.0,0.0
1962-11-09,0.14158995970216698,1.0,0.0
1962-11-12,0.3361471894966942,0.0,0.0
1962-11-13,0.13582040458417988,1.0,0.0
1962-11-14,0.20701473867115353,0.0,0.0
1962-11-15,0.08616677403721217,1.0,1.0
1962-11-16,0.03098195181787731,1.0,1.0
1962-11-19,0.022007862810088166,1.0,1.0
1962-11-20,0.031729104559740366,1.0,1.0
1962-11-21,0.021473051747270423,1.0,1.0
1962-11-23,0.04948102317444812,1.0,1.0
1962-11-26,0.023770614885922876,1.0,1.0
1962-11-27,0.01849337660472567,1.0,1.0
1962-11-28,0.016910144318080408,1.0,1.0
1962-11-29,0.010756633152900406,1.0,1.0
1962-11-30,0.009054637518854386,1.0,1.0
1962-12-03,0.010689058786454831,1.0,1.0
1962-12-04,0.02841966312247321,1.0,1.0
1962-12-05,0.014272909423213239,1.0,1.0
1962-12-06,0.008602711323492288,1.0,1.0
1962-12-07,0.00703710976840387,1.0,1.0
1962-12-10,0.11851775906923008,1.0,1.0
1962-12-11,0.040200468355217386,1.0,1.0
1962-12-12,0.018783717284529197,1.0,1.0
1962-12-13,0.01393777414673693,1.0,1.0
1962-12-14,0.008546659254914478,1.0,1.0
1962-12-17,0.010316863356907137,1.0,1.0
1962-12-18,0.012811794528999021,1.0,1.0
1962-12-19,0.014675307450628753,1.0,1.0
1962-12-20,0.009125091711124893,1.0,1.0
1962-12-21,0.008597891730046964,1.0,1.0
1962-12-24,0.00739152292745907,1.0,1.0
1962-12-26,0.009357485128339978,1.0,1.0
1962-12-27,0.008190316078722587,1.0,1.0
1962-12-28,0.0069273264506979765,1.0,1.0
1962-12-31,0.0066160229615939955,1.0,1.0
1963-01-02,0.012349095194680137,1.0,1.0
1963-01-03,0.20806055402909307,0.0,1.0
1963-01-04,0.10559279411898581,1.0,1.0
1963-01-07,0.03592250117143459,1.0,1.0
1963-01-08,0.03498526446004003,1.0,1.0
1963-01-09,0.016327778189387875,1.0,1.0
1963-01-10,0.009207481265491034,1.0,1.0
1963-01-11,0.007312221020008181,1.0,1.0
1963-01-14,0.008833115752805962,1.0,1.0
1963-01-15,0.007602105743711079,1.0,1.0
1963-01-16,0.017814051304812163,1.0,1.0
1963-01-17,0.014505907654694722,1.0,1.0
1963-01-18,0.008787160381276285,1.0,1.0
1963-01-21,0.0070205226631328945,1.0,1.0
1963-01-22,0.006678709783382237,1.0,1.0
1963-01-23,0.0065109207994788415,1.0,1.0
1963-01-24,0.006373232722375265,1.0,1.0
1963-01-25,0.006465418309399484,1.0,1.0
1963-01-28,0.00708505764265512,1.0,1.0
1963-01-29,0.006639849188965919,1.0,1.0
1963-01-30,0.012849674215243453,1.0,1.0
1963-01-31,0.009435799702727309,1.0,1.0
1963-02-01,0.007225831714326297,1.0,1.0
1963-02-04,0.007695988362730893,1.0,1.0
1963-02-05,0.007099364023226934,1.0,1.0
1963-02-06,0.007843611073828312,1.0,1.0
1963-02-07,0.008723922833191802,1.0,1.0
1963-02-08,0.00707379938880236,1.0,1.0
1963-02-11,0.011662365889362635,1.0,1.0
1963-02-12,0.007922638330457964,1.0,1.0
1963-02-13,0.008041989214604278,1.0,1.0
1963-02-14,0.0071037373435025915,1.0,1.0
1963-02-15,0.0065335914818873,1.0,1.0
1963-02-18,0.0063745642950305825,1.0,1.0
1963-02-19,0.009847035558957412,1.0,1.0
1963-02-20,0.013312456270584699,1.0,1.0
1963-02-21,0.008309465071507033,1.0,1.0
1963-02-25,0.014991551928917355,1.0,1.0
1963-02-26,0.00880585965976542,1.0,1.0
1963-02-27,0.017078726768934755,1.0,1.0
1963-02-28,0.09375136086315718,1.0,1.0
1963-03-01,0.04439300401390329,1.0,1.0
1963-03-04,0.04207291299669553,1.0,1.0
1963-03-05,0.01730431753214946,1.0,1.0
1963-03-06,0.009477229255871902,1.0,1.0
1963-03-07,0.009745671284211246,1.0,1.0
1963-03-08,0.007285317143976143,1.0,1.0
1963-03-11,0.006649897552543519,1.0,1.0
1963-03-12,0.006523228554203582,1.0,1.0
1963-03-13,0.006687047376417402,1.0,1.0
1963-03-14,0.010493749851471796,1.0,1.0
1963-03-15,0.008299488719235007,1.0,1.0
1963-03-18,0.010872417447839601,1.0,1.0
1963-03-19,0.009187771325043947,1.0,1.0
1963-03-20,0.011742058291419779,1.0,1.0
1963-03-21,0.00866485980908407,1.0,1.0
1963-03-22,0.008056420668568674,1.0,1.0
1963-03-25,0.006900253030576112,1.0,1.0
1963-03-26,0.006643592956190121,1.0,1.0
1963-03-27,0.0071415612898370505,1.0,1.0
1963-03-28,0.007217708028807054,1.0,1.0
1963-03-29,0.006724901804671952,1.0,1.0
1963-04-01,0.006956962668412937,1.0,1.0
1963-04-02,0.006733569698666763,1.0,1.0
1963-04-03,0.010594723837452464,1.0,1.0
1963-04-04,0.010757677106315266,1.0,1.0
1963-04-05,0.009850880389772467,1.0,1.0
1963-04-08,0.007770336114172142,1.0,1.0
1963-04-09,0.007164569388734886,1.0,1.0
1963-04-10,0.008177512861074699,1.0,1.0
1963-04-11,0.010382621826166208,1.0,1.0
1963-04-15,0.008201912921251756,1.0,1.0
1963-04-16,0.006868061906413826,1.0,1.0
1963-04-17,0.007810280799143403,1.0,1.0
1963-04-18,0.006756101272377086,1.0,1.0
1963-04-19,0.007647671976490381,1.0,1.0
1963-04-22,0.006747075265310654,1.0,1.0
1963-04-23,0.006963790783541969,1.0,1.0
1963-04-24,0.006662144388087853,1.0,1.0
1963-04-25,0.006450149296677177,1.0,1.0
1963-04-26,0.006685627231550532,1.0,1.0
1963-04-29,0.006878688635133967,1.0,1.0
1963-04-30,0.006518119222415383,1.0,1.0
1963-05-01,0.00650754107503631,1.0,1.0
1963-05-02,0.006504465466469797,1.0,1.0
1963-05-03,0.007317089770636088,1.0,1.0
1963-05-06,0.015696962938877613,1.0,1.0
1963-05-07,0.00937081061010132,1.0,1.0
1963-05-08,0.013427784470634823,1.0,1.0
1963-05-09,0.00954010156101355,1.0,1.0
1963-05-10,0.007589540755152054,1.0,1.0
1963-05-13,0.0067653752629217075,1.0,1.0
1963-05-14,0.008226732510999481,1.0,1.0
1963-05-15,0.007004798587418906,1.0,1.0
1963-05-16,0.00785722626162106,1.0,1.0
1963-05-17,0.006769519538206215,1.0,1.0
1963-05-20,0.009708870902922865,1.0,1.0
1963-05-21,0.007366635469129075,1.0,1.0
1963-05-22,0.0066826587051702305,1.0,1.0
1963-05-23,0.006834686843568804,1.0,1.0
1963-05-24,0.007017958750329789,1.0,1.0
1963-05-27,0.007074625227145041,1.0,1.0
1963-05-28,0.006550187790015083,1.0,1.0
1963-05-29,0.007295202562683276,1.0,1.0
1963-05-31,0.008568900474476842,1.0,1.0
1963-06-03,0.007407015682451296,1.0,1.0
1963-06-04,0.00680675521324447,1.0,1.0
1963-06-05,0.00796015781607295,1.0,1.0
1963-06-06,0.006916341667533593,1.0,1.0
1963-06-07,0.007520866454768116,1.0,1.0
1963-06-10,0.013349738839885631,1.0,1.0
1963-06-11,0.008333810626953961,1.0,1.0
1963-06-12,0.008352850140196953,1.0,1.0
1963-06-13,0.00859939937132725,1.0,1.0
1963-06-14,0.006992642023822381,1.0,1.0
1963-06-17,0.009654506035211083,1.0,1.0
1963-06-18,0.00725929193460022,1.0,1.0
1963-06-19,0.006608968445384395,1.0,1.0
1963-06-20,0.006900571340239395,1.0,1.0
1963-06-21,0.006799765317015104,1.0,1.0
1963-06-24,0.006913504066250166,1.0,1.0
1963-06-25,0.007910112750284267,1.0,1.0
1963-06-26,0.03366690832605203,1.0,1.0
1963-06-27,0.02479396118320121,1.0,1.0
1963-06-28,0.012953996106767491,1.0,1.0
1963-07-01,0.020866840703710227,1.0,1.0
1963-07-02,0.019926101742980713,1.0,1.0
1963-07-03,0.014785500886894825,1.0,1.0
1963-07-05,0.009735007730781247,1.0,1.0
1963-07-08,0.01693961073160735,1.0,1.0
1963-07-09,0.010890891520356884,1.0,1.0
1963-07-10,0.008754072462208592,1.0,1.0
1963-07-11,0.007912950917523764,1.0,1.0
1963-07-12,0.0074043977133527615,1.0,1.0
1963-07-15,0.01507161171502403,1.0,1.0
1963-07-16,0.009333208092886753,1.0,1.0
1963-07-17,0.009763144532824527,1.0,1.0
1963-07-18,0.014053790828101688,1.0,1.0
1963-07-19,0.010286135221849041,1.0,1.0
1963-07-22,0.024048723985085528,1.0,1.0
1963-07-23,0.012213215041150109,1.0,1.0
1963-07-24,0.010153300666927566,1.0,1.0
1963-07-25,0.008330421456270784,1.0,1.0
1963-07-26,0.008054616303987539,1.0,1.0
1963-07-29,0.007388023834992087,1.0,1.0
1963-07-30,0.015673900767456082,1.0,1.0
1963-07-31,0.01057351568391027,1.0,1.0
1963-08-01,0.008651743570875264,1.0,1.0
1963-08-02,0.007868128507398412,1.0,1.0
1963-08-05,0.009908242923823156,1.0,1.0
1963-08-06,0.011147685548248158,1.0,1.0
1963-08-07,0.009643002481473349,1.0,1.0
1963-08-08,0.00783727401129358,1.0,1.0
1963-08-09,0.010322203979231278,1.0,1.0
1963-08-12,0.00818676561072084,1.0,1.0
1963-08-13,0.007658539695585958,1.0,1.0
1963-08-14,0.007574954292870332,1.0,1.0
1963-08-15,0.008345844559671469,1.0,1.0
1963-08-16,0.007473207718315922,1.0,1.0
1963-08-19,0.007577002498693911,1.0,1.0
1963-08-20,0.007607848633789955,1.0,1.0
1963-08-21,0.007913728458360952,1.0,1.0
1963-08-22,0.008102935277600207,1.0,1.0
1963-08-23,0.007931774828436258,1.0,1.0
1963-08-26,0.007381441081625655,1.0,1.0
1963-08-27,0.011786257650992128,1.0,1.0
1963-08-28,0.015895992986842866,1.0,1.0
1963-08-29,0.00965835758581184,1.0,1.0
1963-08-30,0.009111070637725822,1.0,1.0
1963-09-03,0.007810165990693252,1.0,1.0
1963-09-04,0.007530170227819635,1.0,1.0
1963-09-05,0.008668348217538029,1.0,1.0
1963-09-06,0.009630962013560684,1.0,1.0
1963-09-09,0.011272864930039877,1.0,1.0
1963-09-10,0.010515616926410992,1.0,1.0
1963-09-11,0.008242810467184274,1.0,1.0
1963-09-12,0.007997349669609192,1.0,1.0
1963-09-13,0.0074997571619016806,1.0,1.0
1963-09-16,0.008204326331900448,1.0,1.0
1963-09-17,0.007535750784940858,1.0,1.0
1963-09-18,0.011655186417890937,1.0,1.0
1963-09-19,0.010653152596647598,1.0,1.0
1963-09-20,0.008217714540702265,1.0,1.0
1963-09-23,0.013582369635836249,1.0,1.0
1963-09-24,0.009665411064355834,1.0,1.0
1963-09-25,0.016861307170463014,1.0,1.0
1963-09-26,0.03856065449632829,1.0,1.0
1963-09-27,0.018681564246227966,1.0,1.0
1963-09-30,0.02331872853584521,1.0,1.0
1963-10-01,0.017831552161712932,1.0,1.0
1963-10-02,0.010182747198321693,1.0,1.0
1963-10-03,0.012346505267002313,1.0,1.0
1963-10-04,0.008820541663857229,1.0,1.0
1963-10-07,0.009247620940504405,1.0,1.0
1963-10-08,0.008618339941355064,1.0,1.0
1963-10-09,0.017335068558433416,1.0,1.0
1963-10-10,0.010063272052274723,1.0,1.0
1963-10-11,0.007954759362332618,1.0,1.0
1963-10-14,0.007424066669056053,1.0,1.0
1963-10-15,0.007226344020290502,1.0,1.0
1963-10-16,0.01742793950741267,1.0,1.0
1963-10-17,0.01005810238811595,1.0,1.0
1963-10-18,0.007970113707413212,1.0,1.0
1963-10-21,0.00744725596274884,1.0,1.0
1963-10-22,0.014271073080823659,1.0,1.0
1963-10-23,0.009286534861015152,1.0,1.0
1963-10-24,0.008347181868738918,1.0,1.0
1963-10-25,0.016620313893350534,1.0,1.0
1963-10-28,0.011105768444041396,1.0,1.0
1963-10-29,0.008612957120665782,1.0,1.0
1963-10-30,0.02721348799304715,1.0,1.0
1963-10-31,0.013009929884427281,1.0,1.0
1963-11-01,0.010163130302303,1.0,1.0
1963-11-04,0.012849647413570465,1.0,1.0
1963-11-06,0.02979114261836759,1.0,1.0
1963-11-07,0.014505105962950668,1.0,1.0
1963-11-08,0.011971645058642429,1.0,1.0
1963-11-11,0.008566864107115985,1.0,1.0
1963-11-12,0.011004392456073724,1.0,1.0
1963-11-13,0.008297767924296998,1.0,1.0
1963-11-14,0.011605924262089595,1.0,1.0
1963-11-15,0.02712070920181629,1.0,1.0
1963-11-18,0.04004905880499166,1.0,1.0
1963-11-19,0.016637900056797352,1.0,1.0
1963-11-20,0.01812481231623155,1.0,1.0
1963-11-21,0.16360435914281055,1.0,1.0
1963-11-22,0.9999872633773302,0.0,0.0
1963-11-26,0.999999999895487,0.0,0.0
1963-11-27,0.6699811526493491,0.0,0.0
1963-11-29,0.811327775416271,0.0,0.0
1963-12-02,0.48395617312171724,0.0,0.0
1963-12-03,0.19903398768647465,1.0,0.0
1963-12-04,0.06950764725545713,1.0,1.0
1963-12-05,0.0341411565921098,1.0,1.0
1963-12-06,0.020185875811416967,1.0,1.0
1963-12-09,0.01173907064168994,1.0,1.0
1963-12-10,0.008473645087623048,1.0,1.0
1963-12-11,0.008373518666862615,1.0,1.0
1963-12-12,0.007764458824156876,1.0,1.0
1963-12-13,0.007314537280570753,1.0,1.0
1963-12-16,0.007343347094052193,1.0,1.0
1963-12-17,0.008348977971764758,1.0,1.0
1963-12-18,0.008633444023243675,1.0,1.0
1963-12-19,0.010553504249585887,1.0,1.0
1963-12-20,0.00953995985113869,1.0,1.0
1963-12-23,0.017534772791259853,1.0,1.0
1963-12-24,0.01025098019496044,1.0,1.0
1963-12-26,0.009591602585820078,1.0,1.0
1963-12-27,0.007833654098215749,1.0,1.0
1963-12-30,0.007330372019824601,1.0,1.0
1963-12-31,0.009573412564210163,1.0,1.0
1964-01-02,0.011014120307960682,1.0,1.0
1964-01-03,0.008248125519880292,1.0,1.0
1964-01-06,0.007586521053656996,1.0,1.0
1964-01-07,0.0072885861937229774,1.0,1.0
1964-01-08,0.007589297797709176,1.0,1.0
1964-01-09,0.0075545273673424534,1.0,1.0
1964-01-10,0.007601169090262828,1.0,1.0
1964-01-13,0.00791166651776087,1.0,1.0
1964-01-14,0.007356321651603282,1.0,1.0
1964-01-15,0.00732885517024704,1.0,1.0
1964-01-16,0.007719044170889541,1.0,1.0
1964-01-17,0.007503597876400166,1.0,1.0
1964-01-20,0.008608628461497073,1.0,1.0
1964-01-21,0.007749044897366444,1.0,1.0
1964-01-22,0.008878241121475823,1.0,1.0
1964-01-23,0.007648906821437152,1.0,1.0
1964-01-24,0.0073931239722221384,1.0,1.0
1964-01-27,0.007756068464392619,1.0,1.0
1964-01-28,0.007497844529003904,1.0,1.0
1964-01-29,0.01572771224784493,1.0,1.0
1964-01-30,0.009588538768970992,1.0,1.0
1964-01-31,0.008685793375517826,1.0,1.0
1964-02-03,0.007755095004253405,1.0,1.0
1964-02-04,0.008094071857939323,1.0,1.0
1964-02-05,0.007907525593579181,1.0,1.0
1964-02-06,0.007529311378263076,1.0,1.0
1964-02-07,0.008003624052300996,1.0,1.0
1964-02-10,0.008168236569896495,1.0,1.0
1964-02-11,0.007961453413773297,1.0,1.0
1964-02-12,0.007758627231479406,1.0,1.0
1964-02-13,0.007345362227430573,1.0,1.0
1964-02-14,0.007480482511244769,1.0,1.0
1964-02-17,0.00734702035619818,1.0,1.0
1964-02-18,0.007357592337190224,1.0,1.0
1964-02-19,0.007216828446637181,1.0,1.0
1964-02-20,0.0071841712447875,1.0,1.0
1964-02-24,0.007175346046052288,1.0,1.0
1964-02-25,0.0072436539397370886,1.0,1.0
1964-02-26,0.0074751439335350315,1.0,1.0
1964-02-27,0.009347825723486062,1.0,1.0
1964-02-28,0.007850514660506593,1.0,1.0
1964-03-02,0.007462488550783426,1.0,1.0
1964-03-03,0.007466519195806805,1.0,1.0
1964-03-04,0.008530876800314984,1.0,1.0
1964-03-05,0.007712211928693565,1.0,1.0
1964-03-06,0.0077795872166762335,1.0,1.0
1964-03-09,0.007476757933796394,1.0,1.0
1964-03-10,0.007540615468434054,1.0,1.0
1964-03-11,0.008208673059335906,1.0,1.0
1964-03-12,0.007486595179285271,1.0,1.0
1964-03-13,0.007263227117265214,1.0,1.0
1964-03-16,0.00728756272524405,1.0,1.0
1964-03-17,0.007250818894196811,1.0,1.0
1964-03-18,0.007193357079060109,1.0,1.0
1964-03-19,0.00769819485674511,1.0,1.0
1964-03-20,0.011600444497336711,1.0,1.0
1964-03-23,0.008531834418132824,1.0,1.0
1964-03-24,0.008696925464211205,1.0,1.0
1964-03-25,0.007747454634541511,1.0,1.0
1964-03-26,0.007545839797884653,1.0,1.0
1964-03-30,0.007853809190130224,1.0,1.0
1964-03-31,0.008567983787071028,1.0,1.0
1964-04-01,0.008131554431274694,1.0,1.0
1964-04-02,0.010188066346517071,1.0,1.0
1964-04-03,0.008104604227627248,1.0,1.0
1964-04-06,0.0074501132637985355,1.0,1.0
1964-04-07,0.0101321924403184,1.0,1.0
1964-04-08,0.008125867369471226,1.0,1.0
1964-04-09,0.00760013440989279,1.0,1.0
1964-04-10,0.007335863885396473,1.0,1.0
1964-04-13,0.007689185014764219,1.0,1.0
1964-04-14,0.007360098342737601,1.0,1.0
1964-04-15,0.007219059682825944,1.0,1.0
1964-04-16,0.007199212847295194,1.0,1.0
1964-04-17,0.007968778994637,1.0,1.0
1964-04-20,0.007822753593063338,1.0,1.0
1964-04-21,0.007546401558255574,1.0,1.0
1964-04-22,0.007614075510201338,1.0,1.0
1964-04-23,0.008332616299072762,1.0,1.0
1964-04-24,0.026695497219399577,1.0,1.0
1964-04-27,0.024746974833383503,1.0,1.0
1964-04-28,0.01850373876725407,1.0,1.0
1964-04-29,0.015703366117331245,1.0,1.0
1964-04-30,0.011647467484211768,1.0,1.0
1964-05-01,0.016534047045303944,1.0,1.0
1964-05-04,0.011498287717821406,1.0,1.0
1964-05-05,0.009981884400272614,1.0,1.0
1964-05-06,0.008168661193973118,1.0,1.0
1964-05-07,0.00743758649086772,1.0,1.0
1964-05-08,0.00835591982934512,1.0,1.0
1964-05-11,0.007763596937601648,1.0,1.0
1964-05-12,0.007794351085677852,1.0,1.0
1964-05-13,0.009119579836815411,1.0,1.0
1964-05-14,0.008435657434613802,1.0,1.0
1964-05-15,0.007517533149486019,1.0,1.0
1964-05-18,0.010012722696100502,1.0,1.0
1964-05-19,0.013032982324768894,1.0,1.0
1964-05-20,0.010068924781005576,1.0,1.0
1964-05-21,0.007983910345214552,1.0,1.0
1964-05-22,0.007446329612645693,1.0,1.0
1964-05-25,0.007939958262165335,1.0,1.0
1964-05-26,0.008433213904183402,1.0,1.0
1964-05-27,0.008434468910922855,1.0,1.0
1964-05-28,0.007525077176499644,1.0,1.0
1964-06-01,0.010310673255797535,1.0,1.0
1964-06-02,0.015307202231976192,1.0,1.0
1964-06-03,0.011787125343800173,1.0,1.0
1964-06-04,0.06525862080988877,1.0,1.0
1964-06-05,0.02708218536439644,1.0,1.0
1964-06-08,0.02138590462608135,1.0,1.0
1964-06-09,0.014911744675874519,1.0,1.0
1964-06-10,0.010208209731834873,1.0,1.0
1964-06-11,0.008397548442078467,1.0,1.0
1964-06-12,0.009112012641467333,1.0,1.0
1964-06-15,0.00920893042819157,1.0,1.0
1964-06-16,0.009783604177647735,1.0,1.0
1964-06-17,0.009980423901462776,1.0,1.0
1964-06-18,0.00811375477902939,1.0,1.0
1964-06-19,0.00742668048696298,1.0,1.0
1964-06-22,0.007425309879363048,1.0,1.0
1964-06-23,0.010755098644714052,1.0,1.0
1964-06-24,0.008831349844901266,1.0,1.0
1964-06-25,0.007688858045978532,1.0,1.0
1964-06-26,0.007529527340318363,1.0,1.0
1964-06-29,0.007302089568764993,1.0,1.0
1964-06-30,0.007298197397952695,1.0,1.0
1964-07-01,0.010642919321240785,1.0,1.0
1964-07-02,0.00907767447686791,1.0,1.0
1964-07-06,0.008755404791094004,1.0,1.0
1964-07-07,0.0075985661702699814,1.0,1.0
1964-07-08,0.007401907823259483,1.0,1.0
1964-07-09,0.007229520809196974,1.0,1.0
1964-07-10,0.00723503002427779,1.0,1.0
1964-07-13,0.0076127788828713825,1.0,1.0
1964-07-14,0.009516722584786915,1.0,1.0
1964-07-15,0.00852983339139635,1.0,1.0
1964-07-16,0.007965963196773639,1.0,1.0
1964-07-17,0.008657578936660802,1.0,1.0
1964-07-20,0.01015054320683516,1.0,1.0
1964-07-21,0.00929137360470375,1.0,1.0
1964-07-22,0.009579700571399334,1.0,1.0
1964-07-23,0.009286965930773992,1.0,1.0
1964-07-24,0.009206466253869486,1.0,1.0
1964-07-27,0.01597496346282074,1.0,1.0
1964-07-28,0.013194825283973673,1.0,1.0
1964-07-29,0.009881820520902689,1.0,1.0
1964-07-30,0.009004045996638975,1.0,1.0
1964-07-31,0.008818249100774823,1.0,1.0
1964-08-03,0.010841972782063407,1.0,1.0
1964-08-04,0.10931176713209532,1.0,1.0
1964-08-05,0.036857725386773656,1.0,1.0
1964-08-06,0.07702081149772211,1.0,1.0
1964-08-07,0.03686283474546144,1.0,1.0
1964-08-10,0.016546872117884016,1.0,1.0
1964-08-11,0.01110448328006137,1.0,1.0
1964-08-12,0.011671528622610275,1.0,1.0
1964-08-13,0.009841974204976855,1.0,1.0
1964-08-14,0.00977433667514441,1.0,1.0
1964-08-17,0.009252184531625652,1.0,1.0
1964-08-18,0.008902009613474733,1.0,1.0
1964-08-19,0.009436605758859882,1.0,1.0
1964-08-20,0.014916838627111722,1.0,1.0
1964-08-21,0.01035720751550279,1.0,1.0
1964-08-24,0.010850017560140835,1.0,1.0
1964-08-25,0.017431675219808693,1.0,1.0
1964-08-26,0.012814444763367952,1.0,1.0
1964-08-27,0.01195465835976654,1.0,1.0
1964-08-28,0.010143659504247785,1.0,1.0
1964-08-31,0.010782987521535775,1.0,1.0
1964-09-01,0.011051056395625402,1.0,1.0
1964-09-02,0.009393531550599262,1.0,1.0
1964-09-03,0.00909385702007642,1.0,1.0
1964-09-04,0.008893729778128415,1.0,1.0
1964-09-08,0.00874346263066364,1.0,1.0
1964-09-09,0.008758799177907263,1.0,1.0
1964-09-10,0.008738392387555392,1.0,1.0
1964-09-11,0.009299698705162234,1.0,1.0
1964-09-14,0.010999751840773564,1.0,1.0
1964-09-15,0.011423421273481095,1.0,1.0
1964-09-16,0.009727206625342282,1.0,1.0
1964-09-17,0.012660552765104355,1.0,1.0
1964-09-18,0.01384116436096496,1.0,1.0
1964-09-21,0.011335464359379504,1.0,1.0
1964-09-22,0.009504415845066085,1.0,1.0
1964-09-23,0.009103587349492449,1.0,1.0
1964-09-24,0.008808656048653427,1.0,1.0
1964-09-25,0.008795392760644125,1.0,1.0
1964-09-28,0.008762836489964053,1.0,1.0
1964-09-29,0.009017983629187518,1.0,1.0
1964-09-30,0.009132520299424088,1.0,1.0
1964-10-01,0.009880901696106836,1.0,1.0
1964-10-02,0.009190820581768091,1.0,1.0
1964-10-05,0.01003744291273822,1.0,1.0
1964-10-06,0.009214247939149198,1.0,1.0
1964-10-07,0.009186473263141386,1.0,1.0
1964-10-08,0.009003453347921101,1.0,1.0
1964-10-09,0.008827919942093906,1.0,1.0
1964-10-12,0.00878909509450907,1.0,1.0
1964-10-13,0.010963141346569658,1.0,1.0
1964-10-14,0.010712024294001104,1.0,1.0
1964-10-15,0.027600436912372014,1.0,1.0
1964-10-16,0.02322144421120467,1.0,1.0
1964-10-19,0.012557667938771763,1.0,1.0
1964-10-20,0.009952137210305679,1.0,1.0
1964-10-21,0.009547245500511305,1.0,1.0
1964-10-22,0.010184248998059182,1.0,1.0
1964-10-23,0.009162147603484175,1.0,1.0
1964-10-26,0.010163451811939452,1.0,1.0
1964-10-27,0.009497141703424547,1.0,1.0
1964-10-28,0.012848923509870642,1.0,1.0
1964-10-29,0.009884308038124014,1.0,1.0
1964-10-30,0.009045325237727882,1.0,1.0
1964-11-02,0.01018439269659697,1.0,1.0
1964-11-04,0.00950293475327178,1.0,1.0
1964-11-05,0.009139158652455322,1.0,1.0
1964-11-06,0.00886400605916769,1.0,1.0
1964-11-09,0.009188847239078986,1.0,1.0
1964-11-10,0.014040369516900523,1.0,1.0
1964-11-11,0.010398119683712041,1.0,1.0
1964-11-12,0.009181860323075995,1.0,1.0
1964-11-13,0.008829364712853848,1.0,1.0
1964-11-16,0.010118323612942825,1.0,1.0
1964-11-17,0.010727132532092436,1.0,1.0
1964-11-18,0.009419334853245141,1.0,1.0
1964-11-19,0.009155459648242086,1.0,1.0
1964-11-20,0.00883153979108195,1.0,1.0
1964-11-23,0.010977213843339854,1.0,1.0
1964-11-24,0.01183409364900604,1.0,1.0
1964-11-25,0.011435696650425705,1.0,1.0
1964-11-27,0.012633490356599506,1.0,1.0
1964-11-30,0.04588337607328522,1.0,1.0
1964-12-01,0.13130655982170056,1.0,1.0
1964-12-02,0.04498317185264662,1.0,1.0
1964-12-03,0.020622493383232663,1.0,1.0
1964-12-04,0.011914623651341534,1.0,1.0
1964-12-07,0.009836109865398037,1.0,1.0
1964-12-08,0.013390819672421622,1.0,1.0
1964-12-09,0.027479565104067506,1.0,1.0
1964-12-10,0.014257212835338174,1.0,1.0
1964-12-11,0.01030621072745471,1.0,1.0
1964-12-14,0.011608510915785677,1.0,1.0
1964-12-15,0.013652048494869793,1.0,1.0
1964-12-16,0.011380342252148163,1.0,1.0
1964-12-17,0.010260158585701487,1.0,1.0
1964-12-18,0.011005110368458162,1.0,1.0
1964-12-21,0.009350311348511603,1.0,1.0
1964-12-22,0.0094373067757657,1.0,1.0
1964-12-23,0.010561372345812876,1.0,1.0
1964-12-24,0.009389369334189166,1.0,1.0
1964-12-28,0.009716904562552258,1.0,1.0
1964-12-29,0.01219343651596434,1.0,1.0
1964-12-30,0.013189486448434526,1.0,1.0
1964-12-31,0.012215968196391043,1.0,1.0
1965-01-04,0.016442708265881577,1.0,1.0
1965-01-05,0.013282700970565543,1.0,1.0
1965-01-06,0.01065599464874894,1.0,1.0
1965-01-07,0.010384340807277785,1.0,1.0
1965-01-08,0.009164020459497421,1.0,1.0
1965-01-11,0.008878541223303392,1.0,1.0
1965-01-12,0.009074857189246312,1.0,1.0
1965-01-13,0.00912870270053171,1.0,1.0
1965-01-14,0.009037654782455103,1.0,1.0
1965-01-15,0.009991444851956778,1.0,1.0
1965-01-18,0.009380252736244663,1.0,1.0
1965-01-19,0.00888680918033135,1.0,1.0
1965-01-20,0.009096466764131035,1.0,1.0
1965-01-21,0.008052828852410734,1.0,1.0
1965-01-22,0.007734593711968639,1.0,1.0
1965-01-25,0.00749581852410159,1.0,1.0
1965-01-26,0.00742172074128695,1.0,1.0
1965-01-27,0.007695881394951454,1.0,1.0
1965-01-28,0.007699148196548712,1.0,1.0
1965-01-29,0.007470505798175226,1.0,1.0
1965-02-01,0.007514371571106725,1.0,1.0
1965-02-02,0.007485587073304522,1.0,1.0
1965-02-03,0.0074155880695610825,1.0,1.0
1965-02-04,0.007579207028207248,1.0,1.0
1965-02-05,0.009331722650845203,1.0,1.0
1965-02-08,0.01089046523847933,1.0,1.0
1965-02-09,0.008818785251152667,1.0,1.0
1965-02-10,0.034663218490763335,1.0,1.0
1965-02-11,0.10339139683789204,1.0,1.0
1965-02-12,0.054640468822518766,1.0,1.0
1965-02-15,0.02151122169204452,1.0,1.0
1965-02-16,0.016141499257893172,1.0,1.0
1965-02-17,0.009766163756740115,1.0,1.0
1965-02-18,0.008496540027508973,1.0,1.0
1965-02-19,0.0077591056798400684,1.0,1.0
1965-02-23,0.009205413128661783,1.0,1.0
1965-02-24,0.011949152933844099,1.0,1.0
1965-02-25,0.008661207518816808,1.0,1.0
1965-02-26,0.007934047146100333,1.0,1.0
1965-03-01,0.008434342239536456,1.0,1.0
1965-03-02,0.007708675585323605,1.0,1.0
1965-03-03,0.007847720918925752,1.0,1.0
1965-03-04,0.00991687957189837,1.0,1.0
1965-03-05,0.00946797044067906,1.0,1.0
1965-03-08,0.008039016525199881,1.0,1.0
1965-03-09,0.008618024603666143,1.0,1.0
1965-03-10,0.008371752892924838,1.0,1.0
1965-03-11,0.0085163493361866,1.0,1.0
1965-03-12,0.008090860442633721,1.0,1.0
1965-03-15,0.007625707917408595,1.0,1.0
1965-03-16,0.00820471039952901,1.0,1.0
1965-03-17,0.008590860729674943,1.0,1.0
1965-03-18,0.009793805410947385,1.0,1.0
1965-03-19,0.008272953306336935,1.0,1.0
1965-03-22,0.00784942165735574,1.0,1.0
1965-03-23,0.007596286698781747,1.0,1.0
1965-03-24,0.007480995657759585,1.0,1.0
1965-03-25,0.009786362414330035,1.0,1.0
1965-03-26,0.02403968524396113,1.0,1.0
1965-03-29,0.014768875102456185,1.0,1.0
1965-03-30,0.009455447017934535,1.0,1.0
1965-03-31,0.008113209987635867,1.0,1.0
1965-04-01,0.007598360436339523,1.0,1.0
1965-04-02,0.007639222422287267,1.0,1.0
1965-04-05,0.007611709164363983,1.0,1.0
1965-04-06,0.007777452644313559,1.0,1.0
1965-04-07,0.007540455063184914,1.0,1.0
1965-04-08,0.009590984303175561,1.0,1.0
1965-04-09,0.010878012745107975,1.0,1.0
1965-04-12,0.009803466909992451,1.0,1.0
1965-04-13,0.00803937148787663,1.0,1.0
1965-04-14,0.007588607965863675,1.0,1.0
1965-04-15,0.007859187711495243,1.0,1.0
1965-04-19,0.008294137669187275,1.0,1.0
1965-04-20,0.00792902123420294,1.0,1.0
1965-04-21,0.009229453718297245,1.0,1.0
1965-04-22,0.009376094744518181,1.0,1.0
1965-04-23,0.007924045684122423,1.0,1.0
1965-04-26,0.007720004489198284,1.0,1.0
1965-04-27,0.007502000943341449,1.0,1.0
1965-04-28,0.007789105842175885,1.0,1.0
1965-04-29,0.007965090837691697,1.0,1.0
1965-04-30,0.007542374475855058,1.0,1.0
1965-05-03,0.007450535748039949,1.0,1.0
1965-05-04,0.007666076902583877,1.0,1.0
1965-05-05,0.007627764300922876,1.0,1.0
1965-05-06,0.007617184016886743,1.0,1.0
1965-05-07,0.007915745620565124,1.0,1.0
1965-05-10,0.008290950840148756,1.0,1.0
1965-05-11,0.008217269182745584,1.0,1.0
1965-05-12,0.008400896176881814,1.0,1.0
1965-05-13,0.008156427431765074,1.0,1.0
1965-05-14,0.008654155293386112,1.0,1.0
1965-05-17,0.015779762330743765,1.0,1.0
1965-05-18,0.010268825850516448,1.0,1.0
1965-05-19,0.008243408375071358,1.0,1.0
1965-05-20,0.015227467490333376,1.0,1.0
1965-05-21,0.016204005167517136,1.0,1.0
1965-05-24,0.03245803320509809,1.0,1.0
1965-05-25,0.018856936072680467,1.0,1.0
1965-05-26,0.013499235748030575,1.0,1.0
1965-05-27,0.020132461209871295,1.0,1.0
1965-05-28,0.015918953720819473,1.0,1.0
1965-06-01,0.02892926980510534,1.0,1.0
1965-06-02,0.04881482696560176,1.0,1.0
1965-06-03,0.023294318259926814,1.0,1.0
1965-06-04,0.011863843254729313,1.0,1.0
1965-06-07,0.012185150747424862,1.0,1.0
1965-06-08,0.08308032404851487,1.0,1.0
1965-06-09,0.21414039536656923,1.0,1.0
1965-06-10,0.1114959042630791,1.0,1.0
1965-06-11,0.04278256962202799,1.0,1.0
1965-06-14,0.3918371632635316,0.0,1.0
1965-06-15,0.16524268449600113,1.0,1.0
1965-06-16,0.13053092076339878,1.0,1.0
1965-06-17,0.060495236347106955,1.0,1.0
1965-06-18,0.03676351463308737,1.0,1.0
1965-06-21,0.023234571432461864,1.0,1.0
1965-06-22,0.011765110172923244,1.0,1.0
1965-06-23,0.021465916836070714,1.0,1.0
1965-06-24,0.28538108146747165,0.0,1.0
1965-06-25,0.21717796977154896,1.0,1.0
1965-06-28,0.9823868900498117,0.0,0.0
1965-06-29,0.7528703816681606,0.0,0.0
1965-06-30,0.998453335775455,0.0,0.0
1965-07-01,0.6546171921923364,0.0,0.0
1965-07-02,0.45983777504209944,0.0,0.0
1965-07-06,0.19376390361504053,1.0,0.0
1965-07-07,0.08811361758914403,1.0,1.0
1965-07-08,0.061933944052455434,1.0,1.0
1965-07-09,0.0255243600804427,1.0,1.0
1965-07-12,0.012643213596636524,1.0,1.0
1965-07-13,0.009779020364016448,1.0,1.0
1965-07-14,0.008450187767797608,1.0,1.0
1965-07-15,0.008322553729268864,1.0,1.0
1965-07-16,0.007978041511567908,1.0,1.0
1965-07-19,0.008126227490950022,1.0,1.0
1965-07-20,0.13886338863464187,1.0,1.0
1965-07-21,0.09159704714701078,1.0,1.0
1965-07-22,0.0349293216572935,1.0,1.0
1965-07-23,0.014970577097701965,1.0,1.0
1965-07-26,0.009273083677888984,1.0,1.0
1965-07-27,0.008501444077228216,1.0,1.0
1965-07-28,0.0071635101330756795,1.0,1.0
1965-07-29,0.012477494821048112,1.0,1.0
1965-07-30,0.013560615612871137,1.0,1.0
1965-08-02,0.008649947350415502,1.0,1.0
1965-08-03,0.007183875671814169,1.0,1.0
1965-08-04,0.007791837874654117,1.0,1.0
1965-08-05,0.0070539301721175745,1.0,1.0
1965-08-06,0.0073618803427166,1.0,1.0
1965-08-09,0.007606778136355953,1.0,1.0
1965-08-10,0.006961715862866973,1.0,1.0
1965-08-11,0.007228103482936044,1.0,1.0
1965-08-12,0.0071262698250668804,1.0,1.0
1965-08-13,0.00792848611477574,1.0,1.0
1965-08-16,0.006983719141751013,1.0,1.0
1965-08-17,0.006740245886379831,1.0,1.0
1965-08-18,0.0067571270761805115,1.0,1.0
1965-08-19,0.008203459601779442,1.0,1.0
1965-08-20,0.007524305543772115,1.0,1.0
1965-08-23,0.0075941600111508745,1.0,1.0
1965-08-24,0.006934118622619121,1.0,1.0
1965-08-25,0.006712180359663936,1.0,1.0
1965-08-26,0.007374125433521588,1.0,1.0
1965-08-27,0.006828997959603837,1.0,1.0
1965-08-30,0.006743450132119631,1.0,1.0
1965-08-31,0.006966128025410214,1.0,1.0
1965-09-01,0.00676585146508778,1.0,1.0
1965-09-02,0.008912448655474322,1.0,1.0
1965-09-03,0.008787596290750507,1.0,1.0
1965-09-07,0.007721970920251289,1.0,1.0
1965-09-08,0.007230681616633473,1.0,1.0
1965-09-09,0.0069574048455746705,1.0,1.0
1965-09-10,0.006853250561988144,1.0,1.0
1965-09-13,0.006878542764655289,1.0,1.0
1965-09-14,0.01091209928092008,1.0,1.0
1965-09-15,0.009569235931590826,1.0,1.0
1965-09-16,0.009689538264826018,1.0,1.0
1965-09-17,0.007567530844183994,1.0,1.0
1965-09-20,0.0069506973766942405,1.0,1.0
1965-09-21,0.008576780794468997,1.0,1.0
1965-09-22,0.008773482738941121,1.0,1.0
1965-09-23,0.010986771542943545,1.0,1.0
1965-09-24,0.007998503915590234,1.0,1.0
1965-09-27,0.009926149700247836,1.0,1.0
1965-09-28,0.009288122742823491,1.0,1.0
1965-09-29,0.012918927645147281,1.0,1.0
1965-09-30,0.008869728488847423,1.0,1.0
1965-10-01,0.007627839123052733,1.0,1.0
1965-10-04,0.0070705194149864765,1.0,1.0
1965-10-05,0.00928359070364672,1.0,1.0
1965-10-06,0.00784464001803106,1.0,1.0
1965-10-07,0.007286440129118523,1.0,1.0
1965-10-08,0.008432398922291116,1.0,1.0
1965-10-11,0.00994740952072582,1.0,1.0
1965-10-12,0.007899192731890969,1.0,1.0
1965-10-13,0.00710803174145003,1.0,1.0
1965-10-14,0.007593051911835032,1.0,1.0
1965-10-15,0.007008921762562786,1.0,1.0
1965-10-18,0.006987784241653224,1.0,1.0
1965-10-19,0.006722202020091951,1.0,1.0
1965-10-20,0.006826976691301898,1.0,1.0
1965-10-21,0.006688387234669485,1.0,1.0
1965-10-22,0.0069501218331940355,1.0,1.0
1965-10-25,0.01038966300336048,1.0,1.0
1965-10-26,0.009734574245475767,1.0,1.0
1965-10-27,0.008239709402652633,1.0,1.0
1965-10-28,0.009527003108541907,1.0,1.0
1965-10-29,0.007678252149789193,1.0,1.0
1965-11-01,0.007469282025950488,1.0,1.0
1965-11-03,0.006858841042151605,1.0,1.0
1965-11-04,0.00674332112658301,1.0,1.0
1965-11-05,0.0066542870558914625,1.0,1.0
1965-11-08,0.009329781377509993,1.0,1.0
1965-11-09,0.009083735281018383,1.0,1.0
1965-11-10,0.007837002299237391,1.0,1.0
1965-11-11,0.007226804282251001,1.0,1.0
1965-11-12,0.008411894156892712,1.0,1.0
1965-11-15,0.00711821772910963,1.0,1.0
1965-11-16,0.007410553297981526,1.0,1.0
1965-11-17,0.006850821429391798,1.0,1.0
1965-11-18,0.009549300082696163,1.0,1.0
1965-11-19,0.007527962148622762,1.0,1.0
1965-11-22,0.013606987681479272,1.0,1.0
1965-11-23,0.008606089597361722,1.0,1.0
1965-11-24,0.007233321225584297,1.0,1.0
1965-11-26,0.0070186403795692125,1.0,1.0
1965-11-29,0.007565156489783463,1.0,1.0
1965-11-30,0.007735744155755314,1.0,1.0
1965-12-01,0.007180438790113138,1.0,1.0
1965-12-02,0.008348143825256785,1.0,1.0
1965-12-03,0.007126106280307102,1.0,1.0
1965-12-06,0.025713473940483598,1.0,1.0
1965-12-07,0.03751748000340651,1.0,1.0
1965-12-08,0.01625528600155546,1.0,1.0
1965-12-09,0.009772336376793105,1.0,1.0
1965-12-10,0.007826424028794144,1.0,1.0
1965-12-13,0.006958189458335142,1.0,1.0
1965-12-14,0.006749811557811235,1.0,1.0
1965-12-15,0.006697998081989562,1.0,1.0
1965-12-16,0.006660646278067362,1.0,1.0
1965-12-17,0.0066962317603694345,1.0,1.0
1965-12-20,0.01315235642290519,1.0,1.0
1965-12-21,0.009149620193823071,1.0,1.0
1965-12-22,0.007344499028707812,1.0,1.0
1965-12-23,0.007735399832001325,1.0,1.0
1965-12-27,0.018519795059803154,1.0,1.0
1965-12-28,0.010412288387137321,1.0,1.0
1965-12-29,0.00805655918863867,1.0,1.0
1965-12-30,0.007725807798218224,1.0,1.0
1965-12-31,0.0071601242098285785,1.0,1.0
1966-01-03,0.008154096881231159,1.0,1.0
1966-01-04,0.0070493761624651,1.0,1.0
1966-01-05,0.009411811049869228,1.0,1.0
1966-01-06,0.007443198138323494,1.0,1.0
1966-01-07,0.006851586723402801,1.0,1.0
1966-01-10,0.006758371444159993,1.0,1.0
1966-01-11,0.006707710322548642,1.0,1.0
1966-01-12,0.00746814879921403,1.0,1.0
1966-01-13,0.006973602587946655,1.0,1.0
1966-01-14,0.006729189214533826,1.0,1.0
1966-01-17,0.007158605281646212,1.0,1.0
1966-01-18,0.006812287976316766,1.0,1.0
1966-01-19,0.008637657618044888,1.0,1.0
1966-01-20,0.009014216218087522,1.0,1.0
1966-01-21,0.007013688359269313,1.0,1.0
1966-01-24,0.006677606829485915,1.0,1.0
1966-01-25,0.006394922648676233,1.0,1.0
1966-01-26,0.00687389667673171,1.0,1.0
1966-01-27,0.006629716296002737,1.0,1.0
1966-01-28,0.008823879743482425,1.0,1.0
1966-01-31,0.011849488722368564,1.0,1.0
1966-02-01,0.0323024937253586,1.0,1.0
1966-02-02,0.015592970897589948,1.0,1.0
1966-02-03,0.008865595569722384,1.0,1.0
1966-02-04,0.010186517275703643,1.0,1.0
1966-02-07,0.007986497325448054,1.0,1.0
1966-02-08,0.006951059743829953,1.0,1.0
1966-02-09,0.009116494975394383,1.0,1.0
1966-02-10,0.008049083036393031,1.0,1.0
1966-02-11,0.0068538754090640055,1.0,1.0
1966-02-14,0.006960244516039312,1.0,1.0
1966-02-15,0.010566264184741271,1.0,1.0
1966-02-16,0.007522845822676901,1.0,1.0
1966-02-17,0.012656716013050814,1.0,1.0
1966-02-18,0.009672253417643835,1.0,1.0
1966-02-21,0.015383632130753925,1.0,1.0
1966-02-23,0.014167561958392187,1.0,1.0
1966-02-24,0.016550378803684724,1.0,1.0
1966-02-25,0.009790311755436558,1.0,1.0
1966-02-28,0.007243130278436202,1.0,1.0
1966-03-01,0.15607006863565553,1.0,1.0
1966-03-02,0.3349827799888591,0.0,1.0
1966-03-03,0.13387454115686775,1.0,1.0
1966-03-04,0.057309661543217476,1.0,1.0
1966-03-07,0.3760180458818182,0.0,1.0
1966-03-08,0.13872876973181028,1.0,1.0
1966-03-09,0.11862755526223043,1.0,1.0
1966-03-10,0.04074203158649625,1.0,1.0
1966-03-11,0.01707297401293122,1.0,1.0
1966-03-14,0.1058954230991142,1.0,1.0
1966-03-15,0.1130263871478007,1.0,1.0
1966-03-16,0.05094331842469413,1.0,1.0
1966-03-17,0.020270291882847957,1.0,1.0
1966-03-18,0.012728648196557297,1.0,1.0
1966-03-21,0.018526334891349264,1.0,1.0
1966-03-22,0.010077983685814192,1.0,1.0
1966-03-23,0.01001300821749465,1.0,1.0
1966-03-24,0.007333331180619019,1.0,1.0
1966-03-25,0.007065309570591297,1.0,1.0
1966-03-28,0.006479256939219691,1.0,1.0
1966-03-29,0.00998255438717272,1.0,1.0
1966-03-30,0.03526652434719819,1.0,1.0
1966-03-31,0.019843198535838415,1.0,1.0
1966-04-01,0.02017979991448434,1.0,1.0
1966-04-04,0.028381452661729246,1.0,1.0
1966-04-05,0.017932246014523524,1.0,1.0
1966-04-06,0.009806477418925381,1.0,1.0
1966-04-07,0.007655332663334148,1.0,1.0
1966-04-11,0.006622789173033956,1.0,1.0
1966-04-12,0.008332567339102448,1.0,1.0
1966-04-13,0.006816244866014798,1.0,1.0
1966-04-14,0.006770403652552685,1.0,1.0
1966-04-15,0.006375879500990937,1.0,1.0
1966-04-18,0.010299541020725994,1.0,1.0
1966-04-19,0.007469584866037509,1.0,1.0
1966-04-20,0.008553783146371676,1.0,1.0
1966-04-21,0.007489221209561062,1.0,1.0
1966-04-22,0.007759703474543206,1.0,1.0
1966-04-25,0.007689868655949487,1.0,1.0
1966-04-26,0.007213821451794281,1.0,1.0
1966-04-27,0.008548961814683328,1.0,1.0
1966-04-28,0.01873314345587119,1.0,1.0
1966-04-29,0.009877232734894542,1.0,1.0
1966-05-02,0.007878426102333181,1.0,1.0
1966-05-03,0.07853015654758709,1.0,1.0
1966-05-04,0.05583707156942619,1.0,1.0
1966-05-05,0.8762132561453312,0.0,0.0
1966-05-06,0.5643488034421533,0.0,0.0
1966-05-09,0.9783206466936099,0.0,0.0
1966-05-10,0.8157575915978394,0.0,0.0
1966-05-11,0.4364402851411796,0.0,0.0
1966-05-12,0.8302619623472364,0.0,0.0
1966-05-13,0.8518571944003853,0.0,0.0
1966-05-16,0.986636675092784,0.0,0.0
1966-05-17,0.9149335265212761,0.0,0.0
1966-05-18,0.9955543202871051,0.0,0.0
1966-05-19,0.6795816132703761,0.0,0.0
1966-05-20,0.3723531556835729,0.0,0.0
1966-05-23,0.3040764933691312,0.0,0.0
1966-05-24,0.18519438815205078,1.0,0.0
1966-05-25,0.06985004129001891,1.0,1.0
1966-05-26,0.024855254836897052,1.0,1.0
1966-05-27,0.012154918299688242,1.0,1.0
1966-05-31,0.22225862676768962,1.0,1.0
1966-06-01,0.07664070256099392,1.0,1.0
1966-06-02,0.02804458740218785,1.0,1.0
1966-06-03,0.01237964365696457,1.0,1.0
1966-06-06,0.026813605987021195,1.0,1.0
1966-06-07,0.03606635952917992,1.0,1.0
1966-06-08,0.014715341465269078,1.0,1.0
1966-06-09,0.0159123683101955,1.0,1.0
1966-06-10,0.04338098671962714,1.0,1.0
1966-06-13,0.02100096010903887,1.0,1.0
1966-06-14,0.01121982765818389,1.0,1.0
1966-06-15,0.011472722307137084,1.0,1.0
1966-06-16,0.009378494304783618,1.0,1.0
1966-06-17,0.007232091463740813,1.0,1.0
1966-06-20,0.006803250584702718,1.0,1.0
1966-06-21,0.007011428801293965,1.0,1.0
1966-06-22,0.00648867866085498,1.0,1.0
1966-06-23,0.009814278092160792,1.0,1.0
1966-06-24,0.007356198429539563,1.0,1.0
1966-06-27,0.01613023240388658,1.0,1.0
1966-06-28,0.016239006402374266,1.0,1.0
1966-06-29,0.06944596239398848,1.0,1.0
1966-06-30,0.028265016875717214,1.0,1.0
1966-07-01,0.04424184652187943,1.0,1.0
1966-07-05,0.017073470089066126,1.0,1.0
1966-07-06,0.12403596020005286,1.0,1.0
1966-07-07,0.04539498440138473,1.0,1.0
1966-07-08,0.017452094626542954,1.0,1.0
1966-07-11,0.010531684057284661,1.0,1.0
1966-07-12,0.013970420497311719,1.0,1.0
1966-07-13,0.020644350994637267,1.0,1.0
1966-07-14,0.014127410033874641,1.0,1.0
1966-07-15,0.008885145897037802,1.0,1.0
1966-07-18,0.00769695454946519,1.0,1.0
1966-07-19,0.022460170612156938,1.0,1.0
1966-07-20,0.05677427505727195,1.0,1.0
1966-07-21,0.022958187483308145,1.0,1.0
1966-07-22,0.012475869836957988,1.0,1.0
1966-07-25,0.8939237881644645,0.0,0.0
1966-07-26,0.576565583645207,0.0,0.0
1966-07-27,0.2942758399969072,0.0,0.0
1966-07-28,0.1445059793313459,1.0,0.0
1966-07-29,0.05749821680613585,1.0,1.0
1966-08-01,0.668115531040889,0.0,1.0
1966-08-02,0.31317982219882834,0.0,1.0
1966-08-03,0.3169908835392986,0.0,1.0
1966-08-04,0.2738033249423328,0.0,1.0
1966-08-05,0.09698281391551578,1.0,1.0
1966-08-08,0.0388386231796353,1.0,1.0
1966-08-09,0.018719455754188007,1.0,1.0
1966-08-10,0.016270011344016774,1.0,1.0
1966-08-11,0.01006153275135774,1.0,1.0
1966-08-12,0.007988949584685849,1.0,1.0
1966-08-15,0.012999307944878375,1.0,1.0
1966-08-16,0.1692446374356583,1.0,1.0
1966-08-17,0.11889429846294501,1.0,1.0
1966-08-18,0.499572036138806,0.0,1.0
1966-08-19,0.4705420744477942,0.0,1.0
1966-08-22,0.9909675826523304,0.0,0.0
1966-08-23,0.6755157927583603,0.0,0.0
1966-08-24,0.7381876283753869,0.0,0.0
1966-08-25,0.9251196991333447,0.0,0.0
1966-08-26,0.9999030767759127,0.0,0.0
1966-08-29,0.9999963045767655,0.0,0.0
1966-08-30,0.9884352734956168,0.0,0.0
1966-08-31,0.9881006963203324,0.0,0.0
1966-09-01,0.7553245988680535,0.0,0.0
1966-09-02,0.4593714595432499,0.0,0.0
1966-09-06,0.2988372169147744,0.0,0.0
1966-09-07,0.4005094498303723,0.0,0.0
1966-09-08,0.20757529863615043,1.0,0.0
1966-09-09,0.07632692081853552,1.0,1.0
1966-09-12,0.9617563232150651,0.0,0.0
1966-09-13,0.6955558464731874,0.0,0.0
1966-09-14,0.5855253178271944,0.0,0.0
1966-09-15,0.5688243513109562,0.0,0.0
1966-09-16,0.25065389305005964,0.0,0.0
1966-09-19,0.14342910748284052,1.0,0.0
1966-09-20,0.12648705552387035,1.0,0.0
1966-09-21,0.9065705692447119,0.0,0.0
1966-09-22,0.543778500461575,0.0,0.0
1966-09-23,0.28080568760537383,0.0,0.0
1966-09-26,0.10161495848219737,1.0,1.0
1966-09-27,0.03723775014768093,1.0,1.0
1966-09-28,0.20009470482556188,1.0,1.0
1966-09-29,0.42498263690221744,0.0,1.0
1966-09-30,0.17176148767181784,1.0,1.0
1966-10-03,0.9970876642565832,0.0,0.0
1966-10-04,0.6645692095115476,0.0,0.0
1966-10-05,0.494772590639927,0.0,0.0
1966-10-06,0.6657409948124278,0.0,0.0
1966-10-07,0.9090369939231909,0.0,0.0
1966-10-10,0.9869573831408923,0.0,0.0
1966-10-11,0.7017944062554671,0.0,0.0
1966-10-12,0.9999490566182502,0.0,0.0
1966-10-13,0.6735364182413781,0.0,0.0
1966-10-14,0.37788645027201484,0.0,0.0
1966-10-17,0.4500246623410329,0.0,0.0
1966-10-18,0.90529169006593,0.0,0.0
1966-10-19,0.79767775233374,0.0,0.0
1966-10-20,0.49276091297404556,0.0,0.0
1966-10-21,0.21048949403720416,1.0,0.0
1966-10-24,0.07442706693655039,1.0,1.0
1966-10-25,0.034998640644614804,1.0,1.0
1966-10-26,0.03679690435208977,1.0,1.0
1966-10-27,0.033935266120713486,1.0,1.0
1966-10-28,0.014866999092869123,1.0,1.0
1966-10-31,0.00953902369977574,1.0,1.0
1966-11-01,0.018494211471019165,1.0,1.0
1966-11-02,0.010259508839750249,1.0,1.0
1966-11-03,0.0106422373787657,1.0,1.0
1966-11-04,0.009112058909588038,1.0,1.0
1966-11-07,0.007866917834502685,1.0,1.0
1966-11-09,0.01655454810858122,1.0,1.0
1966-11-10,0.015161446206653018,1.0,1.0
1966-11-11,0.009289799183928901,1.0,1.0
1966-11-14,0.01481377705307522,1.0,1.0
1966-11-15,0.010680152715917117,1.0,1.0
1966-11-16,0.02022693186447799,1.0,1.0
1966-11-17,0.028073970339198916,1.0,1.0
1966-11-18,0.030099377447996036,1.0,1.0
1966-11-21,0.34086193014919314,0.0,1.0
1966-11-22,0.20841371834724198,1.0,1.0
1966-11-23,0.13334783982784829,1.0,1.0
1966-11-25,0.09426226179834624,1.0,1.0
1966-11-28,0.03434622386205507,1.0,1.0
1966-11-29,0.019250862752118757,1.0,1.0
1966-11-30,0.010482816664536383,1.0,1.0
1966-12-01,0.011930685051884013,1.0,1.0
1966-12-02,0.008442855947683731,1.0,1.0
1966-12-05,0.007377915928696951,1.0,1.0
1966-12-06,0.012096124914191991,1.0,1.0
1966-12-07,0.0317254672370499,1.0,1.0
1966-12-08,0.015789731304423377,1.0,1.0
1966-12-09,0.009669275451877155,1.0,1.0
1966-12-12,0.0267568925223947,1.0,1.0
1966-12-13,0.016173088278171776,1.0,1.0
1966-12-14,0.009800208347705243,1.0,1.0
1966-12-15,0.06491796132621552,1.0,1.0
1966-12-16,0.02434760719094503,1.0,1.0
1966-12-19,0.014905712219566759,1.0,1.0
1966-12-20,0.013829809822196212,1.0,1.0
1966-12-21,0.011777877664102534,1.0,1.0
1966-12-22,0.009396875118361422,1.0,1.0
1966-12-23,0.00941967711685224,1.0,1.0
1966-12-27,0.015201586280250926,1.0,1.0
1966-12-28,0.016371886241112184,1.0,1.0
1966-12-29,0.014460968392066625,1.0,1.0
1966-12-30,0.009627562904855256,1.0,1.0
1967-01-03,0.007709346386640647,1.0,1.0
1967-01-04,0.007197558429899653,1.0,1.0
1967-01-05,0.06952397489189585,1.0,1.0
1967-01-06,0.04643095531737066,1.0,1.0
1967-01-09,0.04382187546381161,1.0,1.0
1967-01-10,0.01802076799609413,1.0,1.0
1967-01-11,0.02428909396161704,1.0,1.0
1967-01-12,0.01620662740909691,1.0,1.0
1967-01-13,0.016409149285170174,1.0,1.0
1967-01-16,0.011157482547550904,1.0,1.0
1967-01-17,0.04445225721645826,1.0,1.0
1967-01-18,0.023568304261016467,1.0,1.0
1967-01-19,0.01181047844612685,1.0,1.0
1967-01-20,0.008191958021214031,1.0,1.0
1967-01-23,0.00708876989846805,1.0,1.0
1967-01-24,0.0062770487128332286,1.0,1.0
1967-01-25,0.016245948625763982,1.0,1.0
1967-01-26,0.009204320714869355,1.0,1.0
1967-01-27,0.008588780591780022,1.0,1.0
1967-01-30,0.00927937613854966,1.0,1.0
1967-01-31,0.007266837891438399,1.0,1.0
1967-02-01,0.006926657311964628,1.0,1.0
1967-02-02,0.006703849156820374,1.0,1.0
1967-02-03,0.010893418979984162,1.0,1.0
1967-02-06,0.008201599224415901,1.0,1.0
1967-02-07,0.007445143812264496,1.0,1.0
1967-02-08,0.016429052494497085,1.0,1.0
1967-02-09,0.013528759326270786,1.0,1.0
1967-02-10,0.008554960582170718,1.0,1.0
1967-02-13,0.006663974754119025,1.0,1.0
1967-02-14,0.011305859097752231,1.0,1.0
1967-02-15,0.0075601360158683165,1.0,1.0
1967-02-16,0.010009189563356983,1.0,1.0
1967-02-17,0.007194248897068285,1.0,1.0
1967-02-20,0.01116038931503692,1.0,1.0
1967-02-21,0.007636938923948821,1.0,1.0
1967-02-23,0.006362333909309999,1.0,1.0
1967-02-24,0.005962639443907819,1.0,1.0
1967-02-27,0.05738270349095994,1.0,1.0
1967-02-28,0.025672962530449723,1.0,1.0
1967-03-01,0.04051180160145411,1.0,1.0
1967-03-02,0.022292819525303164,1.0,1.0
1967-03-03,0.011094145088509247,1.0,1.0
1967-03-06,0.008143832868952743,1.0,1.0
1967-03-07,0.006552421390761169,1.0,1.0
1967-03-08,0.006058046992466578,1.0,1.0
1967-03-09,0.0061918803813889615,1.0,1.0
1967-03-10,0.006607138775434763,1.0,1.0
1967-03-13,0.010425601493143364,1.0,1.0
1967-03-14,0.0077990296151699695,1.0,1.0
1967-03-15,0.017136799362040288,1.0,1.0
1967-03-16,0.025586263805232292,1.0,1.0
1967-03-17,0.012115717561976193,1.0,1.0
1967-03-20,0.007947224443562982,1.0,1.0
1967-03-21,0.008184742352555991,1.0,1.0
1967-03-22,0.006862740694927088,1.0,1.0
1967-03-23,0.01038007195165966,1.0,1.0
1967-03-27,0.007550737360867243,1.0,1.0
1967-03-28,0.006334892186337775,1.0,1.0
1967-03-29,0.006547276543135702,1.0,1.0
1967-03-30,0.006055808645104266,1.0,1.0
1967-03-31,0.010724130287428336,1.0,1.0
1967-04-03,0.07948939139058007,1.0,1.0
1967-04-04,0.030548512208941784,1.0,1.0
1967-04-05,0.02123072992513087,1.0,1.0
1967-04-06,0.010854235854159218,1.0,1.0
1967-04-07,0.017044867189185683,1.0,1.0
1967-04-10,0.14840740928664126,1.0,1.0
1967-04-11,0.09506544962120164,1.0,1.0
1967-04-12,0.03794900598504181,1.0,1.0
1967-04-13,0.025795251113532206,1.0,1.0
1967-04-14,0.0441333966832169,1.0,1.0
1967-04-17,0.02853131403160837,1.0,1.0
1967-04-18,0.03137381285454994,1.0,1.0
1967-04-19,0.013987067821672085,1.0,1.0
1967-04-20,0.008475672214357905,1.0,1.0
1967-04-21,0.006886273277729224,1.0,1.0
1967-04-24,0.0063961865655914885,1.0,1.0
1967-04-25,0.008196109706858573,1.0,1.0
1967-04-26,0.007038072708056039,1.0,1.0
1967-04-27,0.01365372585291668,1.0,1.0
1967-04-28,0.00829860670825039,1.0,1.0
1967-05-01,0.0068987760695684765,1.0,1.0
1967-05-02,0.006281095455137145,1.0,1.0
1967-05-03,0.006230241115236258,1.0,1.0
1967-05-04,0.006415898422165255,1.0,1.0
1967-05-05,0.005975938047559249,1.0,1.0
1967-05-08,0.005939163798928386,1.0,1.0
1967-05-09,0.04460807492666265,1.0,1.0
1967-05-10,0.019995944342020008,1.0,1.0
1967-05-11,0.013049445460012899,1.0,1.0
1967-05-12,0.009371596800289948,1.0,1.0
1967-05-15,0.021510547913517742,1.0,1.0
1967-05-16,0.013500372090589196,1.0,1.0
1967-05-17,0.010290434378056199,1.0,1.0
1967-05-18,0.008275052291666399,1.0,1.0
1967-05-19,0.010191719800620481,1.0,1.0
1967-05-22,0.009836539716602805,1.0,1.0
1967-05-23,0.011144389483194933,1.0,1.0
1967-05-24,0.10484097093465464,1.0,1.0
1967-05-25,0.12559268912880617,1.0,1.0
1967-05-26,0.04993366164071987,1.0,1.0
1967-05-29,0.034366421679048534,1.0,1.0
1967-05-31,0.6970526636618724,0.0,1.0
1967-06-01,0.7957791260608288,0.0,0.0
1967-06-02,0.5786375027818809,0.0,0.0
1967-06-05,0.9823795739590565,0.0,0.0
1967-06-06,0.9990615945469957,0.0,0.0
1967-06-07,0.8928207623945724,0.0,0.0
1967-06-08,0.6793317327931954,0.0,0.0
1967-06-09,0.3698132308639298,0.0,0.0
1967-06-12,0.21925530413295596,0.0,0.0
1967-06-13,0.11849921357841711,1.0,0.0
1967-06-14,0.049341659548541784,1.0,1.0
1967-06-15,0.02003262856492065,1.0,1.0
1967-06-16,0.010405526308405336,1.0,1.0
1967-06-19,0.007302876381845644,1.0,1.0
1967-06-20,0.006438853743104542,1.0,1.0
1967-06-21,0.007316496170228554,1.0,1.0
1967-06-22,0.007262104998472424,1.0,1.0
1967-06-23,0.006253430705181651,1.0,1.0
1967-06-26,0.008903739779243473,1.0,1.0
1967-06-27,0.009277321960558653,1.0,1.0
1967-06-28,0.006893079989639568,1.0,1.0
1967-06-29,0.010387211308488404,1.0,1.0
1967-06-30,0.00802332762511405,1.0,1.0
1967-07-03,0.007137568676264671,1.0,1.0
1967-07-05,0.008283594938547353,1.0,1.0
1967-07-06,0.006856411612964143,1.0,1.0
1967-07-07,0.007568574052705526,1.0,1.0
1967-07-10,0.007670783166738854,1.0,1.0
1967-07-11,0.007546250734389579,1.0,1.0
1967-07-12,0.006518135820596839,1.0,1.0
1967-07-13,0.006025348300248522,1.0,1.0
1967-07-14,0.0065482805403995325,1.0,1.0
1967-07-17,0.006027223636270284,1.0,1.0
1967-07-18,0.010311683960134738,1.0,1.0
1967-07-19,0.007210553735658765,1.0,1.0
1967-07-20,0.0062374210419798995,1.0,1.0
1967-07-21,0.006114967559165507,1.0,1.0
1967-07-24,0.008608055671886486,1.0,1.0
1967-07-25,0.006853135653497686,1.0,1.0
1967-07-26,0.007312918916520349,1.0,1.0
1967-07-27,0.006966471264730575,1.0,1.0
1967-07-28,0.006295271742766867,1.0,1.0
1967-07-31,0.0063492574873773525,1.0,1.0
1967-08-01,0.009336446350832682,1.0,1.0
1967-08-02,0.00767582929543278,1.0,1.0
1967-08-03,0.007382088245303838,1.0,1.0
1967-08-04,0.006642377337710498,1.0,1.0
1967-08-07,0.006882109552775923,1.0,1.0
1967-08-08,0.00622513641862607,1.0,1.0
1967-08-09,0.006013682172935353,1.0,1.0
1967-08-10,0.007460899658321752,1.0,1.0
1967-08-11,0.010932749872345425,1.0,1.0
1967-08-14,0.013574678499257252,1.0,1.0
1967-08-15,0.008371982767617888,1.0,1.0
1967-08-16,0.00820968266344164,1.0,1.0
1967-08-17,0.006655654840799724,1.0,1.0
1967-08-18,0.00619518319139693,1.0,1.0
1967-08-21,0.01084858437069851,1.0,1.0
1967-08-22,0.014660590000697284,1.0,1.0
1967-08-23,0.009328798646629194,1.0,1.0
1967-08-24,0.01316270387781222,1.0,1.0
1967-08-25,0.012847088121339431,1.0,1.0
1967-08-28,0.008209264497957336,1.0,1.0
1967-08-29,0.00688385246283759,1.0,1.0
1967-08-30,0.0065858613891395254,1.0,1.0
1967-08-31,0.009954292766441757,1.0,1.0
1967-09-01,0.007232705538757545,1.0,1.0
1967-09-05,0.00851390954467354,1.0,1.0
1967-09-06,0.006794124005001425,1.0,1.0
1967-09-07,0.006470824430087518,1.0,1.0
1967-09-08,0.006179231330447678,1.0,1.0
1967-09-11,0.006019686454636549,1.0,1.0
1967-09-12,0.0075825783413472165,1.0,1.0
1967-09-13,0.02170199050850821,1.0,1.0
1967-09-14,0.011027805055421017,1.0,1.0
1967-09-15,0.0075755020413334016,1.0,1.0
1967-09-18,0.006706762569757516,1.0,1.0
1967-09-19,0.009966732443015712,1.0,1.0
1967-09-20,0.0072451429881499625,1.0,1.0
1967-09-21,0.008893479917979966,1.0,1.0
1967-09-22,0.007223639818262783,1.0,1.0
1967-09-25,0.007972955967223335,1.0,1.0
1967-09-26,0.030288949775525778,1.0,1.0
1967-09-27,0.013855815164183093,1.0,1.0
1967-09-28,0.008470082334994147,1.0,1.0
1967-09-29,0.006850002323946657,1.0,1.0
1967-10-02,0.009381138167315364,1.0,1.0
1967-10-03,0.007579148864136515,1.0,1.0
1967-10-04,0.007044417484911121,1.0,1.0
1967-10-05,0.006370814770843552,1.0,1.0
1967-10-06,0.008630604805931212,1.0,1.0
1967-10-09,0.0068862704193151155,1.0,1.0
1967-10-10,0.019167201929951642,1.0,1.0
1967-10-11,0.01700725667830247,1.0,1.0
1967-10-12,0.021558178522981686,1.0,1.0
1967-10-13,0.011200482297892288,1.0,1.0
1967-10-16,0.02919038539411953,1.0,1.0
1967-10-17,0.015459914237324972,1.0,1.0
1967-10-18,0.009255428560466284,1.0,1.0
1967-10-19,0.006985318912788594,1.0,1.0
1967-10-20,0.006786296147711519,1.0,1.0
1967-10-23,0.01076620764434212,1.0,1.0
1967-10-24,0.01557051464173328,1.0,1.0
1967-10-25,0.009035290876872621,1.0,1.0
1967-10-26,0.00821946459831929,1.0,1.0
1967-10-27,0.0067466539242791775,1.0,1.0
1967-10-30,0.006919406278020353,1.0,1.0
1967-10-31,0.0306264636937291,1.0,1.0
1967-11-01,0.1991715078493465,1.0,1.0
1967-11-02,0.12718413123491906,1.0,1.0
1967-11-03,0.0803725597855595,1.0,1.0
1967-11-06,0.04034899131072801,1.0,1.0
1967-11-08,0.02494001970502273,1.0,1.0
1967-11-09,0.01417807796689085,1.0,1.0
1967-11-10,0.01237472648647373,1.0,1.0
1967-11-13,0.010539326698542576,1.0,1.0
1967-11-14,0.022716263605615003,1.0,1.0
1967-11-15,0.01319331494134138,1.0,1.0
1967-11-16,0.025485467236240924,1.0,1.0
1967-11-17,0.013500477513038815,1.0,1.0
1967-11-20,0.24516913289267878,0.0,1.0
1967-11-21,0.8777683224058374,0.0,0.0
1967-11-22,0.6995312817879886,0.0,0.0
1967-11-24,0.38716980513736277,0.0,0.0
1967-11-27,0.17739785457920004,1.0,0.0
1967-11-28,0.08589080452666187,1.0,1.0
1967-11-29,0.03283069062681207,1.0,1.0
1967-11-30,0.023969339745063902,1.0,1.0
1967-12-01,0.0159721911896808,1.0,1.0
1967-12-04,0.014322183345312338,1.0,1.0
1967-12-05,0.008613424979456602,1.0,1.0
1967-12-06,0.007542039558658626,1.0,1.0
1967-12-07,0.006838772117545392,1.0,1.0
1967-12-08,0.006599770727288904,1.0,1.0
1967-12-11,0.006927117556810306,1.0,1.0
1967-12-12,0.006369980425309146,1.0,1.0
1967-12-13,0.007206279084723131,1.0,1.0
1967-12-14,0.00635979600566139,1.0,1.0
1967-12-15,0.012646519542430503,1.0,1.0
1967-12-18,0.0103794362717818,1.0,1.0
1967-12-19,0.007855534188150926,1.0,1.0
1967-12-20,0.009305056759033913,1.0,1.0
1967-12-21,0.007214144807927831,1.0,1.0
1967-12-22,0.006865641114006121,1.0,1.0
1967-12-26,0.006239842349283611,1.0,1.0
1967-12-27,0.010134514749872836,1.0,1.0
1967-12-28,0.007549196797934434,1.0,1.0
1967-12-29,0.010270884658012402,1.0,1.0
1968-01-02,0.009059417130187809,1.0,1.0
1968-01-03,0.01412892318839736,1.0,1.0
1968-01-04,0.011134925584883382,1.0,1.0
1968-01-05,0.012097458345685114,1.0,1.0
1968-01-08,0.014049895457349543,1.0,1.0
1968-01-09,0.009462662618827994,1.0,1.0
1968-01-10,0.007074424525152336,1.0,1.0
1968-01-11,0.006507849564769175,1.0,1.0
1968-01-12,0.006196667089264922,1.0,1.0
1968-01-15,0.006666428540000734,1.0,1.0
1968-01-16,0.012574994976103912,1.0,1.0
1968-01-17,0.008610182709457638,1.0,1.0
1968-01-18,0.0069200677038887696,1.0,1.0
1968-01-19,0.008711406596895021,1.0,1.0
1968-01-22,0.2284415455134607,1.0,1.0
1968-01-23,0.15883577255940745,1.0,1.0
1968-01-24,0.09335615803747097,1.0,1.0
1968-01-25,0.037246919369945244,1.0,1.0
1968-01-26,0.017225831318181173,1.0,1.0
1968-01-29,0.01128651793253637,1.0,1.0
1968-01-30,0.016479419519719703,1.0,1.0
1968-01-31,0.04044698826777413,1.0,1.0
1968-02-01,0.019111312482326375,1.0,1.0
1968-02-02,0.014457278707328419,1.0,1.0
1968-02-05,0.01554113885700833,1.0,1.0
1968-02-06,0.009447419704352577,1.0,1.0
1968-02-07,0.007411327749059062,1.0,1.0
1968-02-08,0.23815777220607706,1.0,1.0
1968-02-09,0.6361471955690602,0.0,1.0
1968-02-13,0.8266808147416139,0.0,0.0
1968-02-14,0.9115773045323324,0.0,0.0
1968-02-15,0.6583150657856336,0.0,0.0
1968-02-16,0.4561709835771095,0.0,0.0
1968-02-19,0.22899630088894646,1.0,0.0
1968-02-20,0.13812610337886688,1.0,0.0
1968-02-21,0.06377983401883584,1.0,1.0
1968-02-23,0.04525178978562239,1.0,1.0
1968-02-26,0.07061263970699695,1.0,1.0
1968-02-27,0.03328256139188398,1.0,1.0
1968-02-28,0.030375172208197777,1.0,1.0
1968-02-29,0.06886477570733796,1.0,1.0
1968-03-01,0.045783630117937096,1.0,1.0
1968-03-04,0.6766546278909454,0.0,1.0
1968-03-05,0.48636819803352327,0.0,1.0
1968-03-06,0.9751108139326446,0.0,0.0
1968-03-07,0.7753805992446673,0.0,0.0
1968-03-08,0.49111699318639873,0.0,0.0
1968-03-11,0.8094485207040627,0.0,0.0
1968-03-12,0.5163699495175469,0.0,0.0
1968-03-13,0.27510843596371104,0.0,0.0
1968-03-14,0.9975647432708548,0.0,0.0
1968-03-15,0.8931391996134682,0.0,0.0
1968-03-18,0.7342266575043168,0.0,0.0
1968-03-19,0.6551152374142787,0.0,0.0
1968-03-20,0.3689454889144388,0.0,0.0
1968-03-21,0.4346761850569977,0.0,0.0
1968-03-22,0.19985134987989794,1.0,0.0
1968-03-25,0.08610544068578081,1.0,1.0
1968-03-26,0.05703647414653405,1.0,1.0
1968-03-27,0.060872110957353114,1.0,1.0
1968-03-28,0.026557759109715074,1.0,1.0
1968-03-29,0.023983482997036266,1.0,1.0
1968-04-01,0.9876869859149557,0.0,0.0
1968-04-02,0.7808946743923348,0.0,0.0
1968-04-03,0.7159966005947542,0.0,0.0
1968-04-04,0.46677284886258275,0.0,0.0
1968-04-05,0.35587781788537703,0.0,0.0
1968-04-08,0.9413941887725384,0.0,0.0
1968-04-10,0.8186410424640378,0.0,0.0
1968-04-11,0.789133501708919,0.0,0.0
1968-04-15,0.4942360421222827,0.0,0.0
1968-04-16,0.23577082863764534,1.0,0.0
1968-04-17,0.10110801184619836,1.0,1.0
1968-04-18,0.042632230969788194,1.0,1.0
1968-04-19,0.27259580198984934,0.0,1.0
1968-04-22,0.18148315038660592,1.0,1.0
1968-04-23,0.44772771773344044,0.0,1.0
1968-04-24,0.2137764510107244,1.0,1.0
1968-04-25,0.09336721558608634,1.0,1.0
1968-04-26,0.04070186471120358,1.0,1.0
1968-04-29,0.01933056166054557,1.0,1.0
1968-04-30,0.01075023413097268,1.0,1.0
1968-05-01,0.008483154381798884,1.0,1.0
1968-05-02,0.0111051769201169,1.0,1.0
1968-05-03,0.007941348638048904,1.0,1.0
1968-05-06,0.00782797967973033,1.0,1.0
1968-05-07,0.009905816882381515,1.0,1.0
1968-05-08,0.007552075358301786,1.0,1.0
1968-05-09,0.012778561733135399,1.0,1.0
1968-05-10,0.009526363344762517,1.0,1.0
1968-05-13,0.008356711817594481,1.0,1.0
1968-05-14,0.00735518541572311,1.0,1.0
1968-05-15,0.006964615916219476,1.0,1.0
1968-05-16,0.010633549803630803,1.0,1.0
1968-05-17,0.01714115930005341,1.0,1.0
1968-05-20,0.016771223053626848,1.0,1.0
1968-05-21,0.014484336349276095,1.0,1.0
1968-05-22,0.009849078546282242,1.0,1.0
1968-05-23,0.008201564519722314,1.0,1.0
1968-05-24,0.007499690650365441,1.0,1.0
1968-05-27,0.006945594461803428,1.0,1.0
1968-05-28,0.01029648316147497,1.0,1.0
1968-05-29,0.008317561050471912,1.0,1.0
1968-05-31,0.014511773368091306,1.0,1.0
1968-06-03,0.08169394542957563,1.0,1.0
1968-06-04,0.04424494271414355,1.0,1.0
1968-06-05,0.03286568608996535,1.0,1.0
1968-06-06,0.04287462168694629,1.0,1.0
1968-06-07,0.03219987594905118,1.0,1.0
1968-06-10,0.015132261724267264,1.0,1.0
1968-06-11,0.009610385328905274,1.0,1.0
1968-06-13,0.011856702728799785,1.0,1.0
1968-06-14,0.00915980170356708,1.0,1.0
1968-06-17,0.08231230043095265,1.0,1.0
1968-06-18,0.03563224400799916,1.0,1.0
1968-06-20,0.02157916988782032,1.0,1.0
1968-06-21,0.011517952672794386,1.0,1.0
1968-06-24,0.011839884738214257,1.0,1.0
1968-06-25,0.013281523754469336,1.0,1.0
1968-06-27,0.009782563254016679,1.0,1.0
1968-06-28,0.010334328672307448,1.0,1.0
1968-07-01,0.009197752445827358,1.0,1.0
1968-07-02,0.008576978424647913,1.0,1.0
1968-07-03,0.06243953585267132,1.0,1.0
1968-07-08,0.11146412795726147,1.0,1.0
1968-07-09,0.045489106941533165,1.0,1.0
1968-07-11,0.019753580056471612,1.0,1.0
1968-07-12,0.011330309752175947,1.0,1.0
1968-07-15,0.00896162483248143,1.0,1.0
1968-07-16,0.014252783241789222,1.0,1.0
1968-07-18,0.01240592192227346,1.0,1.0
1968-07-19,0.06285837043523575,1.0,1.0
1968-07-22,0.48996275611023643,0.0,1.0
1968-07-23,0.2707271305540363,0.0,1.0
1968-07-25,0.779924101245836,0.0,0.0
1968-07-26,0.4918657339586693,0.0,0.0
1968-07-29,0.596970037526663,0.0,0.0
1968-07-30,0.30858258060998744,0.0,0.0
1968-08-01,0.22802968171140253,1.0,0.0
1968-08-02,0.17654919668300084,1.0,0.0
1968-08-05,0.07521106648777293,1.0,1.0
1968-08-06,0.03810986782100495,1.0,1.0
1968-08-08,0.021309887663154274,1.0,1.0
1968-08-09,0.01204839400465981,1.0,1.0
1968-08-12,0.032960117286304026,1.0,1.0
1968-08-13,0.019482131079694216,1.0,1.0
1968-08-15,0.016646062246172905,1.0,1.0
1968-08-16,0.015596077263802438,1.0,1.0
1968-08-19,0.011084956874707421,1.0,1.0
1968-08-20,0.008586292930142223,1.0,1.0
1968-08-22,0.010132552711740538,1.0,1.0
1968-08-23,0.00822087215993342,1.0,1.0
1968-08-26,0.007760558444832888,1.0,1.0
1968-08-27,0.008408750178392493,1.0,1.0
1968-08-29,0.008119259234257622,1.0,1.0
1968-08-30,0.007660349698882086,1.0,1.0
1968-09-03,0.008328572926689504,1.0,1.0
1968-09-04,0.011762413145265447,1.0,1.0
1968-09-05,0.016014579410192856,1.0,1.0
1968-09-06,0.012127652790635596,1.0,1.0
1968-09-09,0.008863174309768256,1.0,1.0
1968-09-10,0.013821245949300788,1.0,1.0
1968-09-12,0.010848519291042576,1.0,1.0
1968-09-13,0.009464437241582057,1.0,1.0
1968-09-16,0.00910382710722829,1.0,1.0
1968-09-17,0.008105999609482805,1.0,1.0
1968-09-19,0.007539651665009259,1.0,1.0
1968-09-20,0.007295975363373978,1.0,1.0
1968-09-23,0.010509620746275957,1.0,1.0
1968-09-24,0.009419972559200167,1.0,1.0
1968-09-26,0.009133671860590229,1.0,1.0
1968-09-27,0.007836777870098502,1.0,1.0
1968-09-30,0.008732979285760428,1.0,1.0
1968-10-01,0.007752764291984528,1.0,1.0
1968-10-03,0.008148914268736606,1.0,1.0
1968-10-04,0.0078534406829812,1.0,1.0
1968-10-07,0.0075848758117873566,1.0,1.0
1968-10-08,0.007558210948905542,1.0,1.0
1968-10-10,0.011271090733664276,1.0,1.0
1968-10-11,0.008675131175331339,1.0,1.0
1968-10-14,0.007733095093807417,1.0,1.0
1968-10-15,0.007473847524156561,1.0,1.0
1968-10-17,0.009440114360659935,1.0,1.0
1968-10-18,0.014295538947271138,1.0,1.0
1968-10-21,0.009613748563696577,1.0,1.0
1968-10-22,0.010890859195918543,1.0,1.0
1968-10-24,0.01990294104659735,1.0,1.0
1968-10-25,0.012419321210434677,1.0,1.0
1968-10-28,0.011845550813911237,1.0,1.0
1968-10-29,0.018429179989411196,1.0,1.0
1968-10-31,0.011018823642673268,1.0,1.0
1968-11-01,0.012058661116814506,1.0,1.0
1968-11-04,0.008896827928640069,1.0,1.0
1968-11-06,0.00782719830586784,1.0,1.0
1968-11-07,0.007784130747468064,1.0,1.0
1968-11-08,0.009975104392243661,1.0,1.0
1968-11-12,0.016192742435723648,1.0,1.0
1968-11-13,0.014651651533184477,1.0,1.0
1968-11-14,0.009700104911812703,1.0,1.0
1968-11-15,0.011164943796116773,1.0,1.0
1968-11-18,0.008580850246575246,1.0,1.0
1968-11-19,0.008100544894664982,1.0,1.0
1968-11-21,0.007737989371991486,1.0,1.0
1968-11-22,0.009090412415807839,1.0,1.0
1968-11-25,0.008186106354770104,1.0,1.0
1968-11-26,0.012780677735994138,1.0,1.0
1968-11-27,0.010818947110318082,1.0,1.0
1968-11-29,0.012047631352750611,1.0,1.0
1968-12-02,0.010060458471036315,1.0,1.0
1968-12-03,0.008659137992913126,1.0,1.0
1968-12-05,0.009772180837828427,1.0,1.0
1968-12-06,0.008427219165777234,1.0,1.0
1968-12-09,0.00858586970973768,1.0,1.0
1968-12-10,0.00864635051026291,1.0,1.0
1968-12-12,0.0078923298041293,1.0,1.0
1968-12-13,0.00780725503134381,1.0,1.0
1968-12-16,0.010852143644318538,1.0,1.0
1968-12-17,0.01392418067194762,1.0,1.0
1968-12-19,0.009751256791824769,1.0,1.0
1968-12-20,0.014078682230363937,1.0,1.0
1968-12-23,0.07814559789182704,1.0,1.0
1968-12-24,0.03477052634307351,1.0,1.0
1968-12-26,0.016624648092185636,1.0,1.0
1968-12-27,0.014985622345604705,1.0,1.0
1968-12-30,0.0777326397995151,1.0,1.0
1968-12-31,0.03197332787014074,1.0,1.0
1969-01-02,0.015649163182112638,1.0,1.0
1969-01-03,0.010214790488976205,1.0,1.0
1969-01-06,0.3751344413910285,0.0,1.0
1969-01-07,0.8748124655617769,0.0,0.0
1969-01-08,0.7260969169068796,0.0,0.0
1969-01-09,0.4591975039918236,0.0,0.0
1969-01-10,0.25932040850320953,0.0,0.0
1969-01-13,0.2694733198074693,0.0,0.0
1969-01-14,0.1977658702979722,1.0,0.0
1969-01-15,0.11685127046865583,1.0,0.0
1969-01-16,0.06481008534520022,1.0,1.0
1969-01-17,0.02894443091867555,1.0,1.0
1969-01-20,0.01680187102754998,1.0,1.0
1969-01-21,0.01116267510525205,1.0,1.0
1969-01-22,0.009855961521333056,1.0,1.0
1969-01-23,0.010918296041325798,1.0,1.0
1969-01-24,0.008810748403491449,1.0,1.0
1969-01-27,0.007857062842940231,1.0,1.0
1969-01-28,0.00744767628599175,1.0,1.0
1969-01-29,0.007267554681562794,1.0,1.0
1969-01-30,0.007382455968288621,1.0,1.0
1969-01-31,0.008222303375662302,1.0,1.0
1969-02-03,0.00794990355828558,1.0,1.0
1969-02-04,0.007537141021395355,1.0,1.0
1969-02-05,0.007318588435344786,1.0,1.0
1969-02-06,0.007804939508725129,1.0,1.0
1969-02-07,0.007383752702425313,1.0,1.0
1969-02-11,0.0072417488921910295,1.0,1.0
1969-02-12,0.007438644086433138,1.0,1.0
1969-02-13,0.007305720134405359,1.0,1.0
1969-02-14,0.007721387253259353,1.0,1.0
1969-02-17,0.1466293608760305,1.0,1.0
1969-02-18,0.5012942406512982,0.0,1.0
1969-02-19,0.5512890036581085,0.0,1.0
1969-02-20,0.7057819732287943,0.0,1.0
1969-02-24,0.9394619722551664,0.0,0.0
1969-02-25,0.876769696855767,0.0,0.0
1969-02-26,0.6336176820668606,0.0,0.0
1969-02-27,0.4586289764294986,0.0,0.0
1969-02-28,0.21841757996226704,1.0,0.0
1969-03-03,0.11507498362229057,1.0,1.0
1969-03-04,0.15723054973078923,1.0,1.0
1969-03-05,0.06770899418793924,1.0,1.0
1969-03-06,0.33865355655487467,0.0,1.0
1969-03-07,0.16461434008212217,1.0,1.0
1969-03-10,0.07204433421470313,1.0,1.0
1969-03-11,0.033859379835857045,1.0,1.0
1969-03-12,0.02081333221543515,1.0,1.0
1969-03-13,0.0364390232149154,1.0,1.0
1969-03-14,0.032738020099768624,1.0,1.0
1969-03-17,0.01581743778029239,1.0,1.0
1969-03-18,0.010268699260845584,1.0,1.0
1969-03-19,0.014916352168575073,1.0,1.0
1969-03-20,0.014771043022369272,1.0,1.0
1969-03-21,0.010964810241061884,1.0,1.0
1969-03-24,0.009078360080809294,1.0,1.0
1969-03-25,0.007396372425097743,1.0,1.0
1969-03-26,0.011157856583050421,1.0,1.0
1969-03-27,0.014278109915317111,1.0,1.0
1969-03-28,0.010526953980996186,1.0,1.0
1969-04-01,0.008754398081153613,1.0,1.0
1969-04-02,0.022851391172526422,1.0,1.0
1969-04-03,0.012928046578330674,1.0,1.0
1969-04-07,0.04405321244650765,1.0,1.0
1969-04-08,0.019794738438512944,1.0,1.0
1969-04-09,0.024595049197270888,1.0,1.0
1969-04-10,0.01574705442362735,1.0,1.0
1969-04-11,0.00966786059711368,1.0,1.0
1969-04-14,0.008430950640343318,1.0,1.0
1969-04-15,0.007720832334412407,1.0,1.0
1969-04-16,0.03906444150390205,1.0,1.0
1969-04-17,0.017742112922512095,1.0,1.0
1969-04-18,0.011885155473701298,1.0,1.0
1969-04-21,0.031018901032310826,1.0,1.0
1969-04-22,0.015003490936294972,1.0,1.0
1969-04-23,0.009410191465519227,1.0,1.0
1969-04-24,0.008897863877166045,1.0,1.0
1969-04-25,0.008888688485417712,1.0,1.0
1969-04-28,0.008055744812548143,1.0,1.0
1969-04-29,0.01735953791366696,1.0,1.0
1969-04-30,0.02699962261375753,1.0,1.0
1969-05-01,0.014557434812714183,1.0,1.0
1969-05-02,0.011628412074598101,1.0,1.0
1969-05-05,0.010127932853210729,1.0,1.0
1969-05-06,0.00950398937553432,1.0,1.0
1969-05-07,0.00895729142761576,1.0,1.0
1969-05-08,0.008081282219048892,1.0,1.0
1969-05-09,0.007059262503908903,1.0,1.0
1969-05-12,0.007807845917129933,1.0,1.0
1969-05-13,0.008083763160139262,1.0,1.0
1969-05-14,0.012700025763376277,1.0,1.0
1969-05-15,0.011458731398740768,1.0,1.0
1969-05-16,0.008307667030227657,1.0,1.0
1969-05-19,0.037558105339409786,1.0,1.0
1969-05-20,0.07678026299935378,1.0,1.0
1969-05-21,0.036932974476714196,1.0,1.0
1969-05-22,0.017199642987631773,1.0,1.0
1969-05-23,0.010442476828625615,1.0,1.0
1969-05-26,0.009235555434102235,1.0,1.0
1969-05-27,0.029456694556582383,1.0,1.0
1969-05-28,0.018097210186879636,1.0,1.0
1969-05-29,0.010704018926652199,1.0,1.0
1969-06-02,0.01629214185117706,1.0,1.0
1969-06-03,0.013870215275344645,1.0,1.0
1969-06-04,0.009199900700966617,1.0,1.0
1969-06-05,0.007443884517532244,1.0,1.0
1969-06-06,0.020331444871874414,1.0,1.0
1969-06-09,0.07855216595412438,1.0,1.0
1969-06-10,0.11777532060361612,1.0,1.0
1969-06-11,0.2920029160644382,0.0,1.0
1969-06-12,0.88929369198862,0.0,0.0
1969-06-13,0.6420731090797928,0.0,0.0
1969-06-16,0.45139289364675445,0.0,0.0
1969-06-17,0.3495891626678277,0.0,0.0
1969-06-18,0.1770742653564642,1.0,0.0
1969-06-19,0.28503367561968607,0.0,0.0
1969-06-20,0.3195995144395926,0.0,0.0
1969-06-23,0.30444766259771416,0.0,0.0
1969-06-24,0.44294237483245147,0.0,0.0
1969-06-25,0.2868228945863291,0.0,0.0
1969-06-26,0.12066001137999852,1.0,0.0
1969-06-27,0.047928295818182205,1.0,1.0
1969-06-30,0.025823153864421532,1.0,1.0
1969-07-01,0.016078188900731292,1.0,1.0
1969-07-02,0.025859924409094882,1.0,1.0
1969-07-03,0.026093179156408394,1.0,1.0
1969-07-07,0.037788736632213694,1.0,1.0
1969-07-08,0.4510482356598334,0.0,1.0
1969-07-09,0.5256109703543683,0.0,1.0
1969-07-10,0.982248791298491,0.0,0.0
1969-07-11,0.7876341605208571,0.0,0.0
1969-07-14,0.9774027892521752,0.0,0.0
1969-07-15,0.8457116599849652,0.0,0.0
1969-07-16,0.8674758653943693,0.0,0.0
1969-07-17,0.663793925637512,0.0,0.0
1969-07-18,0.6954953884772255,0.0,0.0
1969-07-22,0.9880420888025956,0.0,0.0
1969-07-23,0.8805492935998948,0.0,0.0
1969-07-24,0.7191842969615271,0.0,0.0
1969-07-25,0.8770662784948933,0.0,0.0
1969-07-28,0.9999588737524976,0.0,0.0
1969-07-29,0.9653058666192906,0.0,0.0
1969-07-30,0.7991411150545722,0.0,0.0
1969-07-31,0.9995925688836843,0.0,0.0
1969-08-01,0.9994465673193557,0.0,0.0
1969-08-04,0.8961655840312032,0.0,0.0
1969-08-05,0.6740850497697612,0.0,0.0
1969-08-06,0.5035074410049011,0.0,0.0
1969-08-07,0.2437019260565399,1.0,0.0
1969-08-08,0.10257828673378246,1.0,1.0
1969-08-11,0.0902401101613514,1.0,1.0
1969-08-12,0.14347448060116713,1.0,1.0
1969-08-13,0.05755650567090253,1.0,1.0
1969-08-14,0.04876431754322046,1.0,1.0
1969-08-15,0.04872517671333066,1.0,1.0
1969-08-18,0.039976180426752723,1.0,1.0
1969-08-19,0.02488963600100903,1.0,1.0
1969-08-20,0.013104317027900237,1.0,1.0
1969-08-21,0.00908047226351671,1.0,1.0
1969-08-22,0.012312007314035358,1.0,1.0
1969-08-25,0.05256054059260064,1.0,1.0
1969-08-26,0.07415010168263568,1.0,1.0
1969-08-27,0.03173558832654188,1.0,1.0
1969-08-28,0.017777592422907176,1.0,1.0
1969-08-29,0.019767652574677903,1.0,1.0
1969-09-02,0.011964275987569746,1.0,1.0
1969-09-03,0.027038904551706554,1.0,1.0
1969-09-04,0.06625522564332695,1.0,1.0
1969-09-05,0.06962310355781728,1.0,1.0
1969-09-08,0.2376037117566398,0.0,1.0
1969-09-09,0.17316988250692852,1.0,1.0
1969-09-10,0.8007369458581849,0.0,0.0
1969-09-11,0.7491005833333907,0.0,0.0
1969-09-12,0.44154799183660814,0.0,0.0
1969-09-15,0.2819252146963963,0.0,0.0
1969-09-16,0.1159010523271853,1.0,0.0
1969-09-17,0.06048237550184311,1.0,1.0
1969-09-18,0.026716340537011645,1.0,1.0
1969-09-19,0.015121046681020045,1.0,1.0
1969-09-22,0.010980759044481777,1.0,1.0
1969-09-23,0.008574645847487624,1.0,1.0
1969-09-24,0.00887996241967584,1.0,1.0
1969-09-25,0.026277755850274205,1.0,1.0
1969-09-26,0.03988470570649191,1.0,1.0
1969-09-29,0.05752875189065583,1.0,1.0
1969-09-30,0.03247035516959587,1.0,1.0
1969-10-01,0.03850461045646146,1.0,1.0
1969-10-02,0.043178130735866606,1.0,1.0
1969-10-03,0.020501690683046962,1.0,1.0
1969-10-06,0.01165918240470539,1.0,1.0
1969-10-07,0.010418180901994995,1.0,1.0
1969-10-08,0.016198579511212105,1.0,1.0
1969-10-09,0.011019719302744894,1.0,1.0
1969-10-10,0.013559302669069854,1.0,1.0
1969-10-13,0.07962355073889328,1.0,1.0
1969-10-14,0.2582238210530322,0.0,1.0
1969-10-15,0.10559460148470665,1.0,1.0
1969-10-16,0.07234761103609155,1.0,1.0
1969-10-17,0.031598318741039196,1.0,1.0
1969-10-20,0.01634962409213455,1.0,1.0
1969-10-21,0.02228478706835192,1.0,1.0
1969-10-22,0.01864075507148831,1.0,1.0
1969-10-23,0.015085123314603112,1.0,1.0
1969-10-24,0.017290277799972765,1.0,1.0
1969-10-27,0.011278178039194807,1.0,1.0
1969-10-28,0.01136035091546713,1.0,1.0
1969-10-29,0.04594417780741904,1.0,1.0
1969-10-30,0.020445113959064093,1.0,1.0
1969-10-31,0.012672296001333612,1.0,1.0
1969-11-03,0.009428925888851549,1.0,1.0
1969-11-04,0.007880093483972863,1.0,1.0
1969-11-05,0.009073265723127102,1.0,1.0
1969-11-06,0.007758573992273569,1.0,1.0
1969-11-07,0.012025939310241207,1.0,1.0
1969-11-10,0.0087619277764823,1.0,1.0
1969-11-11,0.011205019590999106,1.0,1.0
1969-11-12,0.009619414289189667,1.0,1.0
1969-11-13,0.017921565762130467,1.0,1.0
1969-11-14,0.017364761216220517,1.0,1.0
1969-11-17,0.04010992746795359,1.0,1.0
1969-11-18,0.019500776198752852,1.0,1.0
1969-11-19,0.022639871847691256,1.0,1.0
1969-11-20,0.13896036331147532,1.0,1.0
1969-11-21,0.1453512779240292,1.0,1.0
1969-11-24,0.3996074234938604,0.0,1.0
1969-11-25,0.20982003267401905,1.0,1.0
1969-11-26,0.09229511460674515,1.0,1.0
1969-11-28,0.05858026542325696,1.0,1.0
1969-12-01,0.0834941890694158,1.0,1.0
1969-12-02,0.09085109450713429,1.0,1.0
1969-12-03,0.44146000678915953,0.0,1.0
1969-12-04,0.224844404482136,0.0,1.0
1969-12-05,0.12891422731699215,1.0,1.0
1969-12-08,0.5735985324421463,0.0,1.0
1969-12-09,0.32172703516721435,0.0,1.0
1969-12-10,0.14145951801131287,1.0,1.0
1969-12-11,0.05568595508143356,1.0,1.0
1969-12-12,0.025243076908250707,1.0,1.0
1969-12-15,0.017164173018510764,1.0,1.0
1969-12-16,0.07565257155077845,1.0,1.0
1969-12-17,0.060880441789714704,1.0,1.0
1969-12-18,0.526771121338729,0.0,1.0
1969-12-19,0.44845344388029096,0.0,1.0
1969-12-22,0.6739879158824761,0.0,1.0
1969-12-23,0.5382912431149094,0.0,1.0
1969-12-24,0.7096548164941404,0.0,1.0
1969-12-26,0.6093809507176101,0.0,1.0
1969-12-29,0.6160650996435696,0.0,1.0
1969-12-30,0.350941907087631,0.0,1.0
1969-12-31,0.20032277159017112,1.0,1.0
1970-01-02,0.38070749380769364,0.0,1.0
1970-01-05,0.2283742160951779,0.0,1.0
1970-01-06,0.2544990876242845,0.0,1.0
1970-01-07,0.11402682461144371,1.0,1.0
1970-01-08,0.04544347007744649,1.0,1.0
1970-01-09,0.026864824974665344,1.0,1.0
1970-01-12,0.05342816737108962,1.0,1.0
1970-01-13,0.023094396703585308,1.0,1.0
1970-01-14,0.015239639545538697,1.0,1.0
1970-01-15,0.010168471222302675,1.0,1.0
1970-01-16,0.034060344625301726,1.0,1.0
1970-01-19,0.33407281526693466,0.0,1.0
1970-01-20,0.14218159750482137,1.0,1.0
1970-01-21,0.05604384557665204,1.0,1.0
1970-01-22,0.023972408045790185,1.0,1.0
1970-01-23,0.1158906122410006,1.0,1.0
1970-01-26,0.39294243663219697,0.0,1.0
1970-01-27,0.3678557657921312,0.0,1.0
1970-01-28,0.5940562822708586,0.0,1.0
1970-01-29,0.9329681524152508,0.0,0.0
1970-01-30,0.9151494358463717,0.0,0.0
1970-02-02,0.8126888194698075,0.0,0.0
1970-02-03,0.9127219084723425,0.0,0.0
1970-02-04,0.8622219393269921,0.0,0.0
1970-02-05,0.677790559998429,0.0,0.0
1970-02-06,0.4650759490338339,0.0,0.0
1970-02-09,0.38831836930707264,0.0,0.0
1970-02-10,0.5692522877978927,0.0,0.0
1970-02-11,0.5310049941078795,0.0,0.0
1970-02-12,0.2892740570915773,0.0,0.0
1970-02-13,0.13483094869956838,1.0,0.0
1970-02-16,0.05570783690980982,1.0,1.0
1970-02-17,0.02801532583742941,1.0,1.0
1970-02-18,0.09258838102284872,1.0,1.0
1970-02-19,0.038885196993552654,1.0,1.0
1970-02-20,0.019140892521785205,1.0,1.0
1970-02-24,0.011474735469403861,1.0,1.0
1970-02-25,0.1979951276089007,1.0,1.0
1970-02-26,0.14517015816899492,1.0,1.0
1970-02-27,0.09575134061209806,1.0,1.0
1970-03-02,0.038214606263434384,1.0,1.0
1970-03-03,0.025617349846509797,1.0,1.0
1970-03-04,0.01731670595351127,1.0,1.0
1970-03-05,0.011373325206308208,1.0,1.0
1970-03-06,0.026248107914228984,1.0,1.0
1970-03-09,0.13381483878918018,1.0,1.0
1970-03-10,0.05245665741607961,1.0,1.0
1970-03-11,0.025403409430177236,1.0,1.0
1970-03-12,0.02592338420562787,1.0,1.0
1970-03-13,0.03426526771844955,1.0,1.0
1970-03-16,0.19777466812711386,1.0,1.0
1970-03-17,0.0877242049556686,1.0,1.0
1970-03-18,0.03668535683394782,1.0,1.0
1970-03-19,0.022831952558891637,1.0,1.0
1970-03-20,0.02432412829368555,1.0,1.0
1970-03-23,0.014847219738778108,1.0,1.0
1970-03-24,0.03909269962076335,1.0,1.0
1970-03-25,0.9515183517963461,0.0,0.0
1970-03-26,0.6684035940422215,0.0,0.0
1970-03-30,0.4162105567609746,0.0,0.0
1970-03-31,0.18819809007149157,1.0,0.0
1970-04-01,0.0882849838809251,1.0,1.0
1970-04-02,0.05312802976508451,1.0,1.0
1970-04-03,0.0416370031601214,1.0,1.0
1970-04-06,0.07982852757477878,1.0,1.0
1970-04-07,0.04646346014808485,1.0,1.0
1970-04-08,0.02419539151300632,1.0,1.0
1970-04-09,0.014355702056113695,1.0,1.0
1970-04-10,0.016652829302358514,1.0,1.0
1970-04-13,0.05752578462912405,1.0,1.0
1970-04-14,0.10981842847902458,1.0,1.0
1970-04-15,0.05749517385463474,1.0,1.0
1970-04-16,0.2600618932478367,0.0,1.0
1970-04-17,0.14059456260581113,1.0,1.0
1970-04-20,0.05586034265463801,1.0,1.0
1970-04-21,0.05103408439624764,1.0,1.0
1970-04-22,0.6188260800632293,0.0,1.0
1970-04-23,0.9882667656117492,0.0,0.0
1970-04-24,0.8319109832455047,0.0,0.0
1970-04-27,0.9983233773976864,0.0,0.0
1970-04-28,0.9948522256228144,0.0,0.0
1970-04-29,0.9995533410117697,0.0,0.0
1970-04-30,0.8160655685539506,0.0,0.0
1970-05-01,0.5204451598102342,0.0,0.0
1970-05-04,0.9999869479223947,0.0,0.0
1970-05-05,0.9749829558989317,0.0,0.0
1970-05-06,0.9466262440260054,0.0,0.0
1970-05-07,0.7423539702907276,0.0,0.0
1970-05-08,0.5839335666922345,0.0,0.0
1970-05-11,0.8318154771081384,0.0,0.0
1970-05-12,0.8663147985330268,0.0,0.0
1970-05-13,0.9977702142697594,0.0,0.0
1970-05-14,0.9960484698417411,0.0,0.0
1970-05-15,0.997608617512515,0.0,0.0
1970-05-18,0.7414455938824084,0.0,0.0
1970-05-19,0.9992837293374441,0.0,0.0
1970-05-20,0.9999991671142288,0.0,0.0
1970-05-21,0.99982429858879,0.0,0.0
1970-05-22,0.7659281099923501,0.0,0.0
1970-05-25,0.9999999879162249,0.0,0.0
1970-05-26,0.9892058025572162,0.0,0.0
1970-05-27,1.0,0.0,0.0
1970-05-28,0.9999924259577156,0.0,0.0
1970-05-29,0.9999958572341232,0.0,0.0
1970-06-01,0.9975524040207857,0.0,0.0
1970-06-02,0.7412485301372064,0.0,0.0
1970-06-03,0.8006909289748901,0.0,0.0
1970-06-04,0.9911768122384744,0.0,0.0
1970-06-05,0.9985239789686117,0.0,0.0
1970-06-08,0.7428660416968007,0.0,0.0
1970-06-09,0.4231446831890584,0.0,0.0
1970-06-10,0.6702609500300005,0.0,0.0
1970-06-11,0.9658670996042429,0.0,0.0
1970-06-12,0.7812736752902132,0.0,0.0
1970-06-15,0.47247910489792727,0.0,0.0
1970-06-16,0.9987050030364699,0.0,0.0
1970-06-17,0.7866274939257596,0.0,0.0
1970-06-18,0.5482319878779376,0.0,0.0
1970-06-19,0.3726503711037747,0.0,0.0
1970-06-22,0.34380039200546125,0.0,0.0
1970-06-23,0.9999327747318822,0.0,0.0
1970-06-24,0.9769470589478154,0.0,0.0
1970-06-25,0.7163301519532534,0.0,0.0
1970-06-26,0.7363016043869861,0.0,0.0
1970-06-29,0.7798009877192585,0.0,0.0
1970-06-30,0.5260903202621248,0.0,0.0
1970-07-01,0.26348448714965944,0.0,0.0
1970-07-02,0.12960075098174423,1.0,0.0
1970-07-06,0.867971274761473,0.0,0.0
1970-07-07,0.8664935263173199,0.0,0.0
1970-07-08,0.9998649742118513,0.0,0.0
1970-07-09,0.9923971532213389,0.0,0.0
1970-07-10,0.8343754729326773,0.0,0.0
1970-07-13,0.528417774494618,0.0,0.0
1970-07-14,0.27113439287056423,0.0,0.0
1970-07-15,0.3059166171648901,0.0,0.0
1970-07-16,0.6484677216307866,0.0,0.0
1970-07-17,0.9701869892248999,0.0,0.0
1970-07-20,0.697071837405993,0.0,0.0
1970-07-21,0.8386903855690182,0.0,0.0
1970-07-22,0.519949352412408,0.0,0.0
1970-07-23,0.7209992787387685,0.0,0.0
1970-07-24,0.4459225997354354,0.0,0.0
1970-07-27,0.2236553295444085,0.0,0.0
1970-07-28,0.09203962226674405,1.0,1.0
1970-07-29,0.04156710460131342,1.0,1.0
1970-07-30,0.019282827455291876,1.0,1.0
1970-07-31,0.012285125709152887,1.0,1.0
1970-08-03,0.15726962806441935,1.0,1.0
1970-08-04,0.06177256471709603,1.0,1.0
1970-08-05,0.027748594171554255,1.0,1.0
1970-08-06,0.01670108734484193,1.0,1.0
1970-08-07,0.011278154054073506,1.0,1.0
1970-08-10,0.34364179680218393,0.0,1.0
1970-08-11,0.267473150129705,0.0,1.0
1970-08-12,0.1809084652025383,1.0,1.0
1970-08-13,0.29785247701310047,0.0,1.0
1970-08-14,0.13762285046998393,1.0,1.0
1970-08-17,0.05425939012610327,1.0,1.0
1970-08-18,0.09979735662473539,1.0,1.0
1970-08-19,0.1061741644350829,1.0,1.0
1970-08-20,0.08068254181623197,1.0,1.0
1970-08-21,0.9621093795743729,0.0,0.0
1970-08-24,0.9998955993668046,0.0,0.0
1970-08-25,0.7679307133942017,0.0,0.0
1970-08-26,0.4604936385726948,0.0,0.0
1970-08-27,0.22197525663733117,0.0,0.0
1970-08-28,0.256847930766211,0.0,0.0
1970-08-31,0.16283813080396473,1.0,0.0
1970-09-01,0.13997047151591074,1.0,0.0
1970-09-02,0.05612827881940726,1.0,1.0
1970-09-03,0.3568955784050563,0.0,1.0
1970-09-04,0.4771630446484975,0.0,1.0
1970-09-08,0.24233129095486688,0.0,1.0
1970-09-09,0.12104264789622389,1.0,1.0
1970-09-10,0.09427749448484882,1.0,1.0
1970-09-11,0.04219364968568122,1.0,1.0
1970-09-14,0.034880218910488085,1.0,1.0
1970-09-15,0.10350096338005256,1.0,1.0
1970-09-16,0.05853716629084122,1.0,1.0
1970-09-17,0.05607197569328097,1.0,1.0
1970-09-18,0.029526210827881257,1.0,1.0
1970-09-21,0.05900115033294372,1.0,1.0
1970-09-22,0.034605248191957864,1.0,1.0
1970-09-23,0.18511859077473894,1.0,1.0
1970-09-24,0.6064138413488682,0.0,1.0
1970-09-25,0.3119893233632107,0.0,1.0
1970-09-28,0.13353840798829647,1.0,1.0
1970-09-29,0.0776290803986807,1.0,1.0
1970-09-30,0.03399622381662421,1.0,1.0
1970-10-01,0.016585126410570788,1.0,1.0
1970-10-02,0.047580345945700896,1.0,1.0
1970-10-05,0.3073164820672801,0.0,1.0
1970-10-06,0.131098353729941,1.0,1.0
1970-10-07,0.05264926195540523,1.0,1.0
1970-10-08,0.22546472630892306,0.0,1.0
1970-10-09,0.382726390082139,0.0,1.0
1970-10-12,0.5635387766983516,0.0,1.0
1970-10-13,0.3193833762929464,0.0,1.0
1970-10-14,0.1335033648690631,1.0,1.0
1970-10-15,0.06176228144014738,1.0,1.0
1970-10-16,0.05508217066657242,1.0,1.0
1970-10-19,0.4932445879059778,0.0,1.0
1970-10-20,0.3058197664945153,0.0,1.0
1970-10-21,0.13164549043540155,1.0,1.0
1970-10-22,0.07804093604796535,1.0,1.0
1970-10-23,0.04135399433155598,1.0,1.0
1970-10-26,0.03574215116171537,1.0,1.0
1970-10-27,0.021815743345940605,1.0,1.0
1970-10-28,0.013501574307143514,1.0,1.0
1970-10-29,0.010856287256087746,1.0,1.0
1970-10-30,0.009153541017919674,1.0,1.0
1970-11-02,0.009003735322771692,1.0,1.0
1970-11-03,0.02112238396062198,1.0,1.0
1970-11-04,0.012388986716920871,1.0,1.0
1970-11-05,0.01063241144483589,1.0,1.0
1970-11-06,0.00872290720654705,1.0,1.0
1970-11-09,0.010702117910658017,1.0,1.0
1970-11-10,0.008804279423829102,1.0,1.0
1970-11-11,0.008580073200355996,1.0,1.0
1970-11-12,0.07883026754478868,1.0,1.0
1970-11-13,0.16315806701487442,1.0,1.0
1970-11-16,0.07030682667420805,1.0,1.0
1970-11-17,0.029223601906057627,1.0,1.0
1970-11-18,0.048255563334958354,1.0,1.0
1970-11-19,0.021441352765303477,1.0,1.0
1970-11-20,0.044445843178591085,1.0,1.0
1970-11-23,0.032356169723207685,1.0,1.0
1970-11-24,0.023721269368010205,1.0,1.0
1970-11-25,0.015513684032380414,1.0,1.0
1970-11-27,0.03750549936165151,1.0,1.0
1970-11-30,0.5296392131882537,0.0,1.0
1970-12-01,0.2676669898038894,0.0,1.0
1970-12-02,0.5032594474647735,0.0,1.0
1970-12-03,0.28107178025736657,0.0,1.0
1970-12-04,0.1602032114658674,1.0,1.0
1970-12-07,0.09115192051220265,1.0,1.0
1970-12-08,0.06513789790939603,1.0,1.0
1970-12-09,0.027589009925010174,1.0,1.0
1970-12-10,0.0159711890727507,1.0,1.0
1970-12-11,0.012078662380073206,1.0,1.0
1970-12-14,0.018519984382255956,1.0,1.0
1970-12-15,0.01272768464271384,1.0,1.0
1970-12-16,0.009434029049563262,1.0,1.0
1970-12-17,0.009037124757574523,1.0,1.0
1970-12-18,0.00840388493370978,1.0,1.0
1970-12-21,0.010060778136036203,1.0,1.0
1970-12-22,0.008541721517837638,1.0,1.0
1970-12-23,0.008070495260187245,1.0,1.0
1970-12-24,0.014270461675993136,1.0,1.0
1970-12-28,0.013683102083144532,1.0,1.0
1970-12-29,0.05237113218337352,1.0,1.0
1970-12-30,0.02319355714480301,1.0,1.0
1970-12-31,0.013653640466951106,1.0,1.0
1971-01-04,0.062021715424159664,1.0,1.0
1971-01-05,0.061411151310873685,1.0,1.0
1971-01-06,0.051266847535517246,1.0,1.0
1971-01-07,0.022530535253792776,1.0,1.0
1971-01-08,0.013684189546942878,1.0,1.0
1971-01-11,0.010363236485849034,1.0,1.0
1971-01-12,0.03145509955335404,1.0,1.0
1971-01-13,0.016500548907332775,1.0,1.0
1971-01-14,0.011417395553227848,1.0,1.0
1971-01-15,0.009550848529252772,1.0,1.0
1971-01-18,0.009293864095515152,1.0,1.0
1971-01-19,0.008804902869513206,1.0,1.0
1971-01-20,0.008119555940385617,1.0,1.0
1971-01-21,0.010040117590741799,1.0,1.0
1971-01-22,0.01485627361652381,1.0,1.0
1971-01-25,0.012868493193204987,1.0,1.0
1971-01-26,0.010061606136919145,1.0,1.0
1971-01-27,0.025801984367841587,1.0,1.0
1971-01-28,0.015857316485592684,1.0,1.0
1971-01-29,0.017852765036217137,1.0,1.0
1971-02-01,0.019336868427682802,1.0,1.0
1971-02-02,0.011628299732227263,1.0,1.0
1971-02-03,0.009687696662299584,1.0,1.0
1971-02-04,0.008450528385787106,1.0,1.0
1971-02-05,0.009933409181345427,1.0,1.0
1971-02-08,0.013059154450399589,1.0,1.0
1971-02-09,0.009776439786437737,1.0,1.0
1971-02-10,0.008986557171711412,1.0,1.0
1971-02-11,0.011119828179904775,1.0,1.0
1971-02-12,0.01343542786490612,1.0,1.0
1971-02-16,0.010031224678730103,1.0,1.0
1971-02-17,0.01436455758060846,1.0,1.0
1971-02-18,0.025765620659925957,1.0,1.0
1971-02-19,0.07103597727271885,1.0,1.0
1971-02-22,0.20870463890385743,0.0,1.0
1971-02-23,0.10682869642735125,1.0,1.0
1971-02-24,0.08221436951390258,1.0,1.0
1971-02-25,0.0337105473540954,1.0,1.0
1971-02-26,0.019755528779614145,1.0,1.0
1971-03-01,0.012578212185267649,1.0,1.0
1971-03-02,0.008880416007800717,1.0,1.0
1971-03-03,0.007994023118353032,1.0,1.0
1971-03-04,0.03239835455340198,1.0,1.0
1971-03-05,0.06934357526373312,1.0,1.0
1971-03-08,0.03621858052243111,1.0,1.0
1971-03-09,0.01722295680346789,1.0,1.0
1971-03-10,0.011429553958913008,1.0,1.0
1971-03-11,0.008894346860212263,1.0,1.0
1971-03-12,0.007987988169825697,1.0,1.0
1971-03-15,0.04280699457818733,1.0,1.0
1971-03-16,0.02454427261809607,1.0,1.0
1971-03-17,0.013278222564655724,1.0,1.0
1971-03-18,0.009398935046606906,1.0,1.0
1971-03-19,0.008967347813317997,1.0,1.0
1971-03-22,0.011529423885250462,1.0,1.0
1971-03-23,0.01154901804840641,1.0,1.0
1971-03-24,0.01886461138292746,1.0,1.0
1971-03-25,0.011351102710677364,1.0,1.0
1971-03-26,0.010161591783506561,1.0,1.0
1971-03-29,0.008351584845782052,1.0,1.0
1971-03-30,0.007952985098280312,1.0,1.0
1971-03-31,0.007619754585019013,1.0,1.0
1971-04-01,0.0075151663064271,1.0,1.0
1971-04-02,0.007639094633759056,1.0,1.0
1971-04-05,0.007606454820895824,1.0,1.0
1971-04-06,0.011296685007571267,1.0,1.0
1971-04-07,0.010571142086392012,1.0,1.0
1971-04-08,0.008531493861207346,1.0,1.0
1971-04-12,0.013506327864227799,1.0,1.0
1971-04-13,0.009491930219078267,1.0,1.0
1971-04-14,0.009106400725108337,1.0,1.0
1971-04-15,0.008058794617804505,1.0,1.0
1971-04-16,0.0077386960773378035,1.0,1.0
1971-04-19,0.00894983455695292,1.0,1.0
1971-04-20,0.013395492238992314,1.0,1.0
1971-04-21,0.011491803119019414,1.0,1.0
1971-04-22,0.009414003291357682,1.0,1.0
1971-04-23,0.01068622531757906,1.0,1.0
1971-04-26,0.008619726583465,1.0,1.0
1971-04-27,0.009603800610802366,1.0,1.0
1971-04-28,0.009071965025785899,1.0,1.0
1971-04-29,0.009635705378778996,1.0,1.0
1971-04-30,0.019165304821453722,1.0,1.0
1971-05-03,0.022276042918624357,1.0,1.0
1971-05-04,0.017512689025115533,1.0,1.0
1971-05-05,0.011023773968199624,1.0,1.0
1971-05-06,0.017345125396705414,1.0,1.0
1971-05-07,0.01390440975403136,1.0,1.0
1971-05-10,0.01615296540779469,1.0,1.0
1971-05-11,0.011076517934637955,1.0,1.0
1971-05-12,0.008958309542634638,1.0,1.0
1971-05-13,0.008954390203188115,1.0,1.0
1971-05-14,0.01188961398396607,1.0,1.0
1971-05-17,0.3582749570770659,0.0,1.0
1971-05-18,0.15335655268281018,1.0,1.0
1971-05-19,0.06218682227195694,1.0,1.0
1971-05-20,0.027326123309771386,1.0,1.0
1971-05-21,0.01897008566390518,1.0,1.0
1971-05-24,0.04174099431022295,1.0,1.0
1971-05-25,0.04395905501045798,1.0,1.0
1971-05-26,0.01993655233808807,1.0,1.0
1971-05-27,0.012322425010000571,1.0,1.0
1971-05-28,0.00964744052143936,1.0,1.0
1971-06-01,0.01272110152728202,1.0,1.0
1971-06-02,0.022783499620680388,1.0,1.0
1971-06-03,0.012761734510773963,1.0,1.0
1971-06-04,0.009634126862978508,1.0,1.0
1971-06-07,0.008914678118612882,1.0,1.0
1971-06-08,0.026490701319908296,1.0,1.0
1971-06-09,0.014346452635022775,1.0,1.0
1971-06-10,0.010431157265843939,1.0,1.0
1971-06-11,0.009376764144637144,1.0,1.0
1971-06-14,0.02933307950857941,1.0,1.0
1971-06-15,0.014880938703393095,1.0,1.0
1971-06-16,0.010016546233536011,1.0,1.0
1971-06-17,0.008473895381493086,1.0,1.0
1971-06-18,0.33889338609933894,0.0,1.0
1971-06-21,0.7596768728274772,0.0,0.0
1971-06-22,0.5069719068979447,0.0,0.0
1971-06-23,0.45433386400416015,0.0,0.0
1971-06-24,0.22575187061551166,0.0,0.0
1971-06-25,0.10126592494876455,1.0,0.0
1971-06-28,0.0482573397192213,1.0,1.0
1971-06-29,0.10580981061807698,1.0,1.0
1971-06-30,0.11891317912836757,1.0,1.0
1971-07-01,0.046905507284806525,1.0,1.0
1971-07-02,0.02087622417304905,1.0,1.0
1971-07-06,0.011940898544491256,1.0,1.0
1971-07-07,0.010016772899264347,1.0,1.0
1971-07-08,0.009150386081474808,1.0,1.0
1971-07-09,0.00890504257899577,1.0,1.0
1971-07-12,0.00794382526766074,1.0,1.0
1971-07-13,0.13679374469625707,1.0,1.0
1971-07-14,0.059194317489772476,1.0,1.0
1971-07-15,0.025216749328598662,1.0,1.0
1971-07-16,0.015343366705744488,1.0,1.0
1971-07-19,0.011893292763161848,1.0,1.0
1971-07-20,0.010176756675123006,1.0,1.0
1971-07-21,0.00871762284387902,1.0,1.0
1971-07-22,0.009392715084474165,1.0,1.0
1971-07-23,0.008965065278483349,1.0,1.0
1971-07-26,0.01057471313920098,1.0,1.0
1971-07-27,0.049940898524213476,1.0,1.0
1971-07-28,0.08074371780195841,1.0,1.0
1971-07-29,0.3804370479152106,0.0,1.0
1971-07-30,0.24391820183893806,0.0,1.0
1971-08-02,0.12430555689711083,1.0,1.0
1971-08-03,0.8582498493774178,0.0,0.0
1971-08-04,0.7221966845078149,0.0,0.0
1971-08-05,0.42042339280146485,0.0,0.0
1971-08-06,0.19481045973932748,0.0,0.0
1971-08-09,0.21161175935933962,0.0,0.0
1971-08-10,0.08492720305340283,1.0,0.0
1971-08-11,0.21452659530342946,0.0,0.0
1971-08-12,0.6120553816512319,0.0,0.0
1971-08-13,0.3681211501193243,0.0,0.0
1971-08-16,0.9999999409576854,0.0,0.0
1971-08-17,0.9504637992400617,0.0,0.0
1971-08-18,0.983990645051449,0.0,0.0
1971-08-19,0.8309267744441002,0.0,0.0
1971-08-20,0.5310398248644088,0.0,0.0
1971-08-23,0.4948373187765114,0.0,0.0
1971-08-24,0.4821895766554238,0.0,0.0
1971-08-25,0.22408402797641747,0.0,0.0
1971-08-26,0.09496030230782225,1.0,0.0
1971-08-27,0.039246999905244155,1.0,1.0
1971-08-30,0.08902914217463605,1.0,1.0
1971-08-31,0.059051385390833794,1.0,1.0
1971-09-01,0.02530425706955137,1.0,1.0
1971-09-02,0.014136023069379897,1.0,1.0
1971-09-03,0.13290139495932968,1.0,1.0
1971-09-07,0.06795589370835121,1.0,1.0
1971-09-08,0.029085219087991557,1.0,1.0
1971-09-09,0.02411616567176222,1.0,1.0
1971-09-10,0.01747639728902893,1.0,1.0
1971-09-13,0.014676757725742425,1.0,1.0
1971-09-14,0.029814107868754963,1.0,1.0
1971-09-15,0.01703535338911227,1.0,1.0
1971-09-16,0.01187663475091788,1.0,1.0
1971-09-17,0.009671122069271721,1.0,1.0
1971-09-20,0.01055412884771221,1.0,1.0
1971-09-21,0.010933934854399478,1.0,1.0
1971-09-22,0.03642967406652925,1.0,1.0
1971-09-23,0.018205579114059976,1.0,1.0
1971-09-24,0.012316017672740567,1.0,1.0
1971-09-27,0.0176595510550901,1.0,1.0
1971-09-28,0.011114112693286446,1.0,1.0
1971-09-29,0.008756690080861622,1.0,1.0
1971-09-30,0.009950942813984698,1.0,1.0
1971-10-01,0.012765028369449594,1.0,1.0
1971-10-04,0.009741906529028283,1.0,1.0
1971-10-05,0.008708275812683502,1.0,1.0
1971-10-06,0.015112874899375182,1.0,1.0
1971-10-07,0.01031601319613713,1.0,1.0
1971-10-08,0.017800575021901043,1.0,1.0
1971-10-11,0.01259928059450665,1.0,1.0
1971-10-12,0.010328613186335324,1.0,1.0
1971-10-13,0.01456922656648722,1.0,1.0
1971-10-14,0.046689580026853236,1.0,1.0
1971-10-15,0.030758345166028676,1.0,1.0
1971-10-18,0.02642178789867973,1.0,1.0
1971-10-19,0.020504718343469876,1.0,1.0
1971-10-20,0.2737565278720329,0.0,1.0
1971-10-21,0.11398484516033516,1.0,1.0
1971-10-22,0.04657845191025573,1.0,1.0
1971-10-25,0.03168401469546776,1.0,1.0
1971-10-26,0.027464927575732764,1.0,1.0
1971-10-27,0.10626205158773182,1.0,1.0
1971-10-28,0.042614626128294794,1.0,1.0
1971-10-29,0.024735030535680984,1.0,1.0
1971-11-01,0.3955101034038416,0.0,1.0
1971-11-02,0.18342858231964573,1.0,1.0
1971-11-03,0.8403631037007527,0.0,0.0
1971-11-04,0.5479271037523824,0.0,0.0
1971-11-05,0.31287116909591695,0.0,0.0
1971-11-08,0.13678035686184375,1.0,0.0
1971-11-09,0.05420605322457366,1.0,1.0
1971-11-10,0.20545535607541307,0.0,1.0
1971-11-11,0.7286284425860043,0.0,1.0
1971-11-12,0.4270071939184126,0.0,1.0
1971-11-15,0.24509922929266437,0.0,1.0
1971-11-16,0.2503884937909923,0.0,1.0
1971-11-17,0.10198856325433456,1.0,1.0
1971-11-18,0.11065055624323501,1.0,1.0
1971-11-19,0.08970880764069232,1.0,1.0
1971-11-22,0.1948618172170237,1.0,1.0
1971-11-23,0.22445902600373852,0.0,1.0
1971-11-24,0.09154762870861463,1.0,1.0
1971-11-26,0.8225577959820632,0.0,0.0
1971-11-29,0.9925145683558191,0.0,0.0
1971-11-30,0.8735506011759966,0.0,0.0
1971-12-01,0.991142727942097,0.0,0.0
1971-12-02,0.7842452304462753,0.0,0.0
1971-12-03,0.8566805481011563,0.0,0.0
1971-12-06,0.6747974019154896,0.0,0.0
1971-12-07,0.4182919251578436,0.0,0.0
1971-12-08,0.18862516996830211,1.0,0.0
1971-12-09,0.07551255631401865,1.0,1.0
1971-12-10,0.07031424427821473,1.0,1.0
1971-12-13,0.033391235749022634,1.0,1.0
1971-12-14,0.023289747589891076,1.0,1.0
1971-12-15,0.030300513529296347,1.0,1.0
1971-12-16,0.07799239703793408,1.0,1.0
1971-12-17,0.042135073867415565,1.0,1.0
1971-12-20,0.1364134170412021,1.0,1.0
1971-12-21,0.055964674951876625,1.0,1.0
1971-12-22,0.048121911857537496,1.0,1.0
1971-12-23,0.03249637913686856,1.0,1.0
1971-12-27,0.01605586211788777,1.0,1.0
1971-12-28,0.03143665958862786,1.0,1.0
1971-12-29,0.017094204175482623,1.0,1.0
1971-12-30,0.013933240662958993,1.0,1.0
1971-12-31,0.011352376055338708,1.0,1.0
1972-01-03,0.01205782921655726,1.0,1.0
1972-01-04,0.010504790042789616,1.0,1.0
1972-01-05,0.029593208624242587,1.0,1.0
1972-01-06,0.018375689097035602,1.0,1.0
1972-01-07,0.011278713193096562,1.0,1.0
1972-01-10,0.008943824424410897,1.0,1.0
1972-01-11,0.009288261555129919,1.0,1.0
1972-01-12,0.008366889181472482,1.0,1.0
1972-01-13,0.01574614634935594,1.0,1.0
1972-01-14,0.01207091049534924,1.0,1.0
1972-01-17,0.009885480192175314,1.0,1.0
1972-01-18,0.009655713561117541,1.0,1.0
1972-01-19,0.008910079494357969,1.0,1.0
1972-01-20,0.008275925899247671,1.0,1.0
1972-01-21,0.008677597244411674,1.0,1.0
1972-01-24,0.06575635001025257,1.0,1.0
1972-01-25,0.02792422579657735,1.0,1.0
1972-01-26,0.015738825311706117,1.0,1.0
1972-01-27,0.05203996912578684,1.0,1.0
1972-01-28,0.043900236574310116,1.0,1.0
1972-01-31,0.020611730797544817,1.0,1.0
1972-02-01,0.011969450915759312,1.0,1.0
1972-02-02,0.014272062206162754,1.0,1.0
1972-02-03,0.009904856939820994,1.0,1.0
1972-02-04,0.00939487987399803,1.0,1.0
1972-02-07,0.010852913602198715,1.0,1.0
1972-02-08,0.008640493873344335,1.0,1.0
1972-02-09,0.015069701012770055,1.0,1.0
1972-02-10,0.010060235449546706,1.0,1.0
1972-02-11,0.011978501186736563,1.0,1.0
1972-02-14,0.01289988692106868,1.0,1.0
1972-02-15,0.011559480569469927,1.0,1.0
1972-02-16,0.011558403151767541,1.0,1.0
1972-02-17,0.009039847447798545,1.0,1.0
1972-02-18,0.009390473552035185,1.0,1.0
1972-02-22,0.008215112672622612,1.0,1.0
1972-02-23,0.007732457604521415,1.0,1.0
1972-02-24,0.00762042899020246,1.0,1.0
1972-02-25,0.012173620297938424,1.0,1.0
1972-02-28,0.009096245983313477,1.0,1.0
1972-02-29,0.009572996251881552,1.0,1.0
1972-03-01,0.018765875210942962,1.0,1.0
1972-03-02,0.011300567506557672,1.0,1.0
1972-03-03,0.013101607476473296,1.0,1.0
1972-03-06,0.019213628991093485,1.0,1.0
1972-03-07,0.011469955711885598,1.0,1.0
1972-03-08,0.008972110033085548,1.0,1.0
1972-03-09,0.008016436546513248,1.0,1.0
1972-03-10,0.014105161501505524,1.0,1.0
1972-03-13,0.05116441318687119,1.0,1.0
1972-03-14,0.023964726018721436,1.0,1.0
1972-03-15,0.01305455490351316,1.0,1.0
1972-03-16,0.01148322229706667,1.0,1.0
1972-03-17,0.009363754249545943,1.0,1.0
1972-03-20,0.011350845555938485,1.0,1.0
1972-03-21,0.04502746050248489,1.0,1.0
1972-03-22,0.020539166700542132,1.0,1.0
1972-03-23,0.039362717568281164,1.0,1.0
1972-03-24,0.02092428827816157,1.0,1.0
1972-03-27,0.013716925472458529,1.0,1.0
1972-03-28,0.010078680092076202,1.0,1.0
1972-03-29,0.01738484666423218,1.0,1.0
1972-03-30,0.016963711674573664,1.0,1.0
1972-04-03,0.011076054762732856,1.0,1.0
1972-04-04,0.013646291353915655,1.0,1.0
1972-04-05,0.02289620602903434,1.0,1.0
1972-04-06,0.014960800594808279,1.0,1.0
1972-04-07,0.010541572788177219,1.0,1.0
1972-04-10,0.009251561173123236,1.0,1.0
1972-04-11,0.009174169197466117,1.0,1.0
1972-04-12,0.009144758712317916,1.0,1.0
1972-04-13,0.009764230970180672,1.0,1.0
1972-04-14,0.008282887033630443,1.0,1.0
1972-04-17,0.009311842783177158,1.0,1.0
1972-04-18,0.008210519542452978,1.0,1.0
1972-04-19,0.017190867258867332,1.0,1.0
1972-04-20,0.011958575976475823,1.0,1.0
1972-04-21,0.00984138525041969,1.0,1.0
1972-04-24,0.01969988698249162,1.0,1.0
1972-04-25,0.06880981759917314,1.0,1.0
1972-04-26,0.03367985566815137,1.0,1.0
1972-04-27,0.016387624460823605,1.0,1.0
1972-04-28,0.014106069400130714,1.0,1.0
1972-05-01,0.045208701501594444,1.0,1.0
1972-05-02,0.04099570789627842,1.0,1.0
1972-05-03,0.02197916100320238,1.0,1.0
1972-05-04,0.012839703500251654,1.0,1.0
1972-05-05,0.010540414893675647,1.0,1.0
1972-05-08,0.014504776492179695,1.0,1.0
1972-05-09,0.30039937729203847,0.0,1.0
1972-05-10,0.2111744073654858,1.0,1.0
1972-05-11,0.09955883351671511,1.0,1.0
1972-05-12,0.07082723795295244,1.0,1.0
1972-05-15,0.03889409969546369,1.0,1.0
1972-05-16,0.021133512377204008,1.0,1.0
1972-05-17,0.012378757459654463,1.0,1.0
1972-05-18,0.02734852332325904,1.0,1.0
1972-05-19,0.04323327461216348,1.0,1.0
1972-05-22,0.028385132664265122,1.0,1.0
1972-05-23,0.014617795516864651,1.0,1.0
1972-05-24,0.011659613638110376,1.0,1.0
1972-05-25,0.009101702434938713,1.0,1.0
1972-05-26,0.008116587301693413,1.0,1.0
1972-05-30,0.010182909500285602,1.0,1.0
1972-05-31,0.023686966586863267,1.0,1.0
1972-06-01,0.013379910372623986,1.0,1.0
1972-06-02,0.00948239293263833,1.0,1.0
1972-06-05,0.02772910325886893,1.0,1.0
1972-06-06,0.02728798094985746,1.0,1.0
1972-06-07,0.024078710791870798,1.0,1.0
1972-06-08,0.016431686338073594,1.0,1.0
1972-06-09,0.016639962437406876,1.0,1.0
1972-06-12,0.010567970472212525,1.0,1.0
1972-06-13,0.01027029503539659,1.0,1.0
1972-06-14,0.017280768693054945,1.0,1.0
1972-06-15,0.011116897742252746,1.0,1.0
1972-06-16,0.009108624114045545,1.0,1.0
1972-06-19,0.009011166980707206,1.0,1.0
1972-06-20,0.00908282260771435,1.0,1.0
1972-06-21,0.008090290398465991,1.0,1.0
1972-06-22,0.008487719662865729,1.0,1.0
1972-06-23,0.011629871199278035,1.0,1.0
1972-06-26,0.0232294607937725,1.0,1.0
1972-06-27,0.013628162656932591,1.0,1.0
1972-06-28,0.012971123518853333,1.0,1.0
1972-06-29,0.010556142350055258,1.0,1.0
1972-06-30,0.009949208036047277,1.0,1.0
1972-07-03,0.009276880938000219,1.0,1.0
1972-07-05,0.011718076092797647,1.0,1.0
1972-07-06,0.018664408417990243,1.0,1.0
1972-07-07,0.014302027489298904,1.0,1.0
1972-07-10,0.01868533005081922,1.0,1.0
1972-07-11,0.03326619182703811,1.0,1.0
1972-07-12,0.029665302154292483,1.0,1.0
1972-07-13,0.0330615596348181,1.0,1.0
1972-07-14,0.02036867243704438,1.0,1.0
1972-07-17,0.05806422250980685,1.0,1.0
1972-07-18,0.026046853523056454,1.0,1.0
1972-07-19,0.014277534723910844,1.0,1.0
1972-07-20,0.01274182925791729,1.0,1.0
1972-07-21,0.01782092927517144,1.0,1.0
1972-07-24,0.05296700650815296,1.0,1.0
1972-07-25,0.029280551395797282,1.0,1.0
1972-07-26,0.015639807680603246,1.0,1.0
1972-07-27,0.013339291343295782,1.0,1.0
1972-07-28,0.009488503486363483,1.0,1.0
1972-07-31,0.008451330235106101,1.0,1.0
1972-08-01,0.025415529734284657,1.0,1.0
1972-08-02,0.03303801440724567,1.0,1.0
1972-08-03,0.03221666444632786,1.0,1.0
1972-08-04,0.01770289534850074,1.0,1.0
1972-08-07,0.010943984955113343,1.0,1.0
1972-08-08,0.008648961844505304,1.0,1.0
1972-08-09,0.007900573819811676,1.0,1.0
1972-08-10,0.007877454092549037,1.0,1.0
1972-08-11,0.01830666469894604,1.0,1.0
1972-08-14,0.013407246530334226,1.0,1.0
1972-08-15,0.014300484251056164,1.0,1.0
1972-08-16,0.011997058186605682,1.0,1.0
1972-08-17,0.010374974423382897,1.0,1.0
1972-08-18,0.010083384186481548,1.0,1.0
1972-08-21,0.008700359299394595,1.0,1.0
1972-08-22,0.010635641271441143,1.0,1.0
1972-08-23,0.009285845536688686,1.0,1.0
1972-08-24,0.06397334144650897,1.0,1.0
1972-08-25,0.02933699008907696,1.0,1.0
1972-08-28,0.023004260598406767,1.0,1.0
1972-08-29,0.01228895472898155,1.0,1.0
1972-08-30,0.008654916492710206,1.0,1.0
1972-08-31,0.009148608225222937,1.0,1.0
1972-09-01,0.00894971086806242,1.0,1.0
1972-09-05,0.00927126790081116,1.0,1.0
1972-09-06,0.015697749150515136,1.0,1.0
1972-09-07,0.012669664224358576,1.0,1.0
1972-09-08,0.009409904221966069,1.0,1.0
1972-09-11,0.019383425253163885,1.0,1.0
1972-09-12,0.05689290217086755,1.0,1.0
1972-09-13,0.02654974657194569,1.0,1.0
1972-09-14,0.013501759838158149,1.0,1.0
1972-09-15,0.009471954997071234,1.0,1.0
1972-09-18,0.00865423588402309,1.0,1.0
1972-09-19,0.007615406032413863,1.0,1.0
1972-09-20,0.0072584958236834776,1.0,1.0
1972-09-21,0.007821154225053884,1.0,1.0
1972-09-22,0.007119005710706133,1.0,1.0
1972-09-25,0.010868356510415986,1.0,1.0
1972-09-26,0.008140151776356736,1.0,1.0
1972-09-27,0.09753138154386404,1.0,1.0
1972-09-28,0.059036881611831876,1.0,1.0
1972-09-29,0.024760190880720043,1.0,1.0
1972-10-02,0.01642832599579904,1.0,1.0
1972-10-03,0.010005510887423037,1.0,1.0
1972-10-04,0.009387515499866946,1.0,1.0
1972-10-05,0.06869030688503884,1.0,1.0
1972-10-06,0.045430281069846125,1.0,1.0
1972-10-09,0.02062184721229921,1.0,1.0
1972-10-10,0.01143333550092976,1.0,1.0
1972-10-11,0.013133686723665864,1.0,1.0
1972-10-12,0.03337647178198956,1.0,1.0
1972-10-13,0.03856124142934975,1.0,1.0
1972-10-16,0.12049486086803286,1.0,1.0
1972-10-17,0.07190206653048437,1.0,1.0
1972-10-18,0.043563294575618874,1.0,1.0
1972-10-19,0.020492739036009462,1.0,1.0
1972-10-20,0.04617859060949003,1.0,1.0
1972-10-23,0.06431953998449493,1.0,1.0
1972-10-24,0.029015646621543417,1.0,1.0
1972-10-25,0.014582207044887833,1.0,1.0
1972-10-26,0.010493748173797267,1.0,1.0
1972-10-27,0.00990869450081082,1.0,1.0
1972-10-30,0.007982984401016793,1.0,1.0
1972-10-31,0.02350892617542613,1.0,1.0
1972-11-01,0.05017282917661166,1.0,1.0
1972-11-02,0.027603573627318894,1.0,1.0
1972-11-03,0.034623502467467995,1.0,1.0
1972-11-06,0.017818596749309773,1.0,1.0
1972-11-08,0.01707952104242937,1.0,1.0
1972-11-09,0.010225087646721549,1.0,1.0
1972-11-10,0.008588104052938148,1.0,1.0
1972-11-13,0.007377360035639591,1.0,1.0
1972-11-14,0.017258343744907895,1.0,1.0
1972-11-15,0.013525390074623863,1.0,1.0
1972-11-16,0.012035620766952207,1.0,1.0
1972-11-17,0.009313091963469303,1.0,1.0
1972-11-20,0.007653888769452863,1.0,1.0
1972-11-21,0.009059472633065538,1.0,1.0
1972-11-22,0.011494002337707905,1.0,1.0
1972-11-24,0.008925201389819809,1.0,1.0
1972-11-27,0.010416740570645221,1.0,1.0
1972-11-28,0.008933173735836856,1.0,1.0
1972-11-29,0.007526322351442674,1.0,1.0
1972-11-30,0.007414610440750409,1.0,1.0
1972-12-01,0.011827832324659398,1.0,1.0
1972-12-04,0.009237076674858784,1.0,1.0
1972-12-05,0.008642608497062578,1.0,1.0
1972-12-06,0.008136094682711861,1.0,1.0
1972-12-07,0.00873471241020997,1.0,1.0
1972-12-08,0.007581994069946357,1.0,1.0
1972-12-11,0.007163878548297573,1.0,1.0
1972-12-12,0.010042372306382132,1.0,1.0
1972-12-13,0.008793186540745674,1.0,1.0
1972-12-14,0.009669971141972954,1.0,1.0
1972-12-15,0.007751439701771562,1.0,1.0
1972-12-18,0.06639561697831219,1.0,1.0
1972-12-19,0.04198736028775217,1.0,1.0
1972-12-20,0.025608733131144056,1.0,1.0
1972-12-21,0.030726718690018348,1.0,1.0
1972-12-22,0.022596382195526944,1.0,1.0
1972-12-26,0.012694217876515614,1.0,1.0
1972-12-27,0.010247701869619147,1.0,1.0
1972-12-29,0.035574900186816805,1.0,1.0
1973-01-02,0.04440245881406772,1.0,1.0
1973-01-03,0.02206970115972824,1.0,1.0
1973-01-04,0.013810296323787873,1.0,1.0
1973-01-05,0.009890317212613055,1.0,1.0
1973-01-08,0.007948734344214744,1.0,1.0
1973-01-09,0.0074797411986748785,1.0,1.0
1973-01-10,0.008379830857118926,1.0,1.0
1973-01-11,0.01046803347608855,1.0,1.0
1973-01-12,0.030975290907154607,1.0,1.0
1973-01-15,0.056723413088404076,1.0,1.0
1973-01-16,0.032156598644876015,1.0,1.0
1973-01-17,0.017461427515216524,1.0,1.0
1973-01-18,0.010403416479351973,1.0,1.0
1973-01-19,0.008928190486017742,1.0,1.0
1973-01-22,0.013414758404257397,1.0,1.0
1973-01-23,0.009818808840362975,1.0,1.0
1973-01-24,0.19872426702205798,1.0,1.0
1973-01-26,0.1053140592087776,1.0,1.0
1973-01-29,0.07004664421728612,1.0,1.0
1973-01-30,0.03148282373104221,1.0,1.0
1973-01-31,0.015173093701986174,1.0,1.0
1973-02-01,0.09764808998565282,1.0,1.0
1973-02-02,0.05559758501743221,1.0,1.0
1973-02-05,0.02625933395684694,1.0,1.0
1973-02-06,0.0136206115772203,1.0,1.0
1973-02-07,0.028036573680064073,1.0,1.0
1973-02-08,0.021210610662516626,1.0,1.0
1973-02-09,0.1336813679989587,1.0,1.0
1973-02-12,0.21396918191459777,1.0,1.0
1973-02-13,0.10961472990577197,1.0,1.0
1973-02-14,0.6109754521659769,0.0,1.0
1973-02-15,0.5450621755976588,0.0,1.0
1973-02-16,0.2952126105375352,0.0,1.0
1973-02-20,0.12782602958763462,1.0,1.0
1973-02-21,0.13334971062925344,1.0,1.0
1973-02-22,0.06475799872129248,1.0,1.0
1973-02-23,0.19050221377090937,1.0,1.0
1973-02-26,0.26128492872447373,0.0,1.0
1973-02-27,0.571262929392546,0.0,1.0
1973-02-28,0.39456978231588524,0.0,1.0
1973-03-01,0.25385025194744654,0.0,1.0
1973-03-02,0.22977534569097596,0.0,1.0
1973-03-05,0.10468108729691714,1.0,1.0
1973-03-06,0.2937857327546401,0.0,1.0
1973-03-07,0.13781794409056114,1.0,1.0
1973-03-08,0.05944319242589452,1.0,1.0
1973-03-09,0.031768857608576395,1.0,1.0
1973-03-12,0.014673036071285603,1.0,1.0
1973-03-13,0.01070460950768386,1.0,1.0
1973-03-14,0.007892948378713203,1.0,1.0
1973-03-15,0.016545232307027476,1.0,1.0
1973-03-16,0.01594038601041134,1.0,1.0
1973-03-19,0.11625337794907792,1.0,1.0
1973-03-20,0.056631326590871396,1.0,1.0
1973-03-21,0.3024557580822146,0.0,1.0
1973-03-22,0.9468936529243677,0.0,0.0
1973-03-23,0.7121558515226482,0.0,0.0
1973-03-26,0.5946851007091674,0.0,0.0
1973-03-27,0.8965248410336978,0.0,0.0
1973-03-28,0.631294908335606,0.0,0.0
1973-03-29,0.6586433980413863,0.0,0.0
1973-03-30,0.7213868068037383,0.0,0.0
1973-04-02,0.9001869202814978,0.0,0.0
1973-04-03,0.9131799682455554,0.0,0.0
1973-04-04,0.803382054428304,0.0,0.0
1973-04-05,0.6131044482311843,0.0,0.0
1973-04-06,0.4738759636315376,0.0,0.0
1973-04-09,0.7354619740028631,0.0,0.0
1973-04-10,0.8137823127277364,0.0,0.0
1973-04-11,0.5620679121282666,0.0,0.0
1973-04-12,0.2880769409819428,0.0,0.0
1973-04-13,0.1621789261022417,1.0,0.0
1973-04-16,0.11034804116616485,1.0,0.0
1973-04-17,0.08057469246954578,1.0,0.0
1973-04-18,0.036024434372989855,1.0,1.0
1973-04-19,0.022509863293713257,1.0,1.0
1973-04-23,0.02167124048575894,1.0,1.0
1973-04-24,0.3636077823323023,0.0,1.0
1973-04-25,0.9275354599621389,0.0,0.0
1973-04-26,0.7016642276290304,0.0,0.0
1973-04-27,0.9751222392008747,0.0,0.0
1973-04-30,0.7876394177056073,0.0,0.0
1973-05-01,0.4891335528324018,0.0,0.0
1973-05-02,0.6864707563766578,0.0,0.0
1973-05-03,0.933341801660547,0.0,0.0
1973-05-04,0.8276467799504372,0.0,0.0
1973-05-07,0.6297697553423387,0.0,0.0
1973-05-08,0.434538214137688,0.0,0.0
1973-05-09,0.29095610492778856,0.0,0.0
1973-05-10,0.2499101550266702,0.0,0.0
1973-05-11,0.5547332278378183,0.0,0.0
1973-05-14,0.9991756362791279,0.0,0.0
1973-05-15,0.8346818345047237,0.0,0.0
1973-05-16,0.5599901320660926,0.0,0.0
1973-05-17,0.6277309541116147,0.0,0.0
1973-05-18,0.9947210317690599,0.0,0.0
1973-05-21,0.9942518096748377,0.0,0.0
1973-05-22,0.892842672268674,0.0,0.0
1973-05-23,0.6671338655443153,0.0,0.0
1973-05-24,0.9999876286831542,0.0,0.0
1973-05-25,0.9348988855761688,0.0,0.0
1973-05-29,0.7380731450830322,0.0,0.0
1973-05-30,0.9774046686823249,0.0,0.0
1973-05-31,0.9359337402528457,0.0,0.0
1973-06-01,0.9198782082413267,0.0,0.0
1973-06-04,0.9521634212890198,0.0,0.0
1973-06-05,0.9741128383639851,0.0,0.0
1973-06-06,0.7893657650163131,0.0,0.0
1973-06-07,0.9200316540266875,0.0,0.0
1973-06-08,0.9125834874596872,0.0,0.0
1973-06-11,0.7030975160542746,0.0,0.0
1973-06-12,0.9291132333017721,0.0,0.0
1973-06-13,0.7763669801657099,0.0,0.0
1973-06-14,0.8703713030034728,0.0,0.0
1973-06-15,0.9591793036142461,0.0,0.0
1973-06-18,0.9899838035416801,0.0,0.0
1973-06-19,0.7968009581780708,0.0,0.0
1973-06-20,0.5393904409455638,0.0,0.0
1973-06-21,0.781356046826969,0.0,0.0
1973-06-22,0.5268315685720283,0.0,0.0
1973-06-25,0.9220684564631925,0.0,0.0
1973-06-26,0.8583429857251473,0.0,0.0
1973-06-27,0.5986669272104002,0.0,0.0
1973-06-28,0.6376637574156996,0.0,0.0
1973-06-29,0.4000988797552572,0.0,0.0
1973-07-02,0.7291661189148146,0.0,0.0
1973-07-03,0.7741457151998222,0.0,0.0
1973-07-05,0.49632286455444047,0.0,0.0
1973-07-06,0.3074121820579546,0.0,0.0
1973-07-09,0.2580809984316418,0.0,0.0
1973-07-10,0.6583153256896661,0.0,0.0
1973-07-11,0.9984882882079817,0.0,0.0
1973-07-12,0.808568736250736,0.0,0.0
1973-07-13,0.8968554896191138,0.0,0.0
1973-07-16,0.9787914350494098,0.0,0.0
1973-07-17,0.7807113294036534,0.0,0.0
1973-07-18,0.6828382765163401,0.0,0.0
1973-07-19,0.4166449010222022,0.0,0.0
1973-07-20,0.287327818504019,0.0,0.0
1973-07-23,0.12659661538192743,1.0,0.0
1973-07-24,0.06888182776666427,1.0,1.0
1973-07-25,0.29266938910494067,0.0,1.0
1973-07-26,0.12064317192686046,1.0,1.0
1973-07-27,0.05345754412862796,1.0,1.0
1973-07-30,0.027941745775665553,1.0,1.0
1973-07-31,0.0478495900541566,1.0,1.0
1973-08-01,0.2901492774506821,0.0,1.0
1973-08-02,0.12464430319284549,1.0,1.0
1973-08-03,0.04982340314687246,1.0,1.0
1973-08-06,0.022209713582841423,1.0,1.0
1973-08-07,0.012266182708372363,1.0,1.0
1973-08-08,0.041692613145509254,1.0,1.0
1973-08-09,0.018166984975313116,1.0,1.0
1973-08-10,0.031592244058746825,1.0,1.0
1973-08-13,0.10452460853166722,1.0,1.0
1973-08-14,0.1679452305263138,1.0,1.0
1973-08-15,0.06834847975078076,1.0,1.0
1973-08-16,0.04586182621051159,1.0,1.0
1973-08-17,0.01942787299731121,1.0,1.0
1973-08-20,0.028928742612537417,1.0,1.0
1973-08-21,0.0406781815248028,1.0,1.0
1973-08-22,0.0272877496118168,1.0,1.0
1973-08-23,0.12272063420662022,1.0,1.0
1973-08-24,0.05038960534850828,1.0,1.0
1973-08-27,0.037855676608417134,1.0,1.0
1973-08-28,0.02155164156748832,1.0,1.0
1973-08-29,0.03914209087095264,1.0,1.0
1973-08-30,0.01852130074901582,1.0,1.0
1973-08-31,0.014373484789884719,1.0,1.0
1973-09-04,0.010656431428656738,1.0,1.0
1973-09-05,0.008094612709191987,1.0,1.0
1973-09-06,0.009032944299821252,1.0,1.0
1973-09-07,0.007923392996521585,1.0,1.0
1973-09-10,0.02574797951984333,1.0,1.0
1973-09-11,0.024721130730990165,1.0,1.0
1973-09-12,0.014925556284845829,1.0,1.0
1973-09-13,0.010205455585545897,1.0,1.0
1973-09-14,0.02161007187670638,1.0,1.0
1973-09-17,0.012069711785145685,1.0,1.0
1973-09-18,0.009505011710212058,1.0,1.0
1973-09-19,0.6032955738321352,0.0,1.0
1973-09-20,0.6057342120089699,0.0,1.0
1973-09-21,0.41304092917900737,0.0,1.0
1973-09-24,0.2132539093230121,0.0,1.0
1973-09-25,0.11954820875672988,1.0,1.0
1973-09-26,0.08997812811564819,1.0,1.0
1973-09-27,0.03992766230579926,1.0,1.0
1973-09-28,0.028890207825931845,1.0,1.0
1973-10-01,0.0156936979752424,1.0,1.0
1973-10-02,0.014568547341890115,1.0,1.0
1973-10-03,0.009298294623151328,1.0,1.0
1973-10-04,0.0099850874524021,1.0,1.0
1973-10-05,0.05069059714398794,1.0,1.0
1973-10-08,0.028301606410972714,1.0,1.0
1973-10-09,0.014939714964848678,1.0,1.0
1973-10-10,0.03821069038582049,1.0,1.0
1973-10-11,0.4619756532859632,0.0,1.0
1973-10-12,0.25880209523012554,0.0,1.0
1973-10-15,0.5613240049173425,0.0,1.0
1973-10-16,0.30589420667962647,0.0,1.0
1973-10-17,0.16193291621124506,1.0,1.0
1973-10-18,0.06900674077891507,1.0,1.0
1973-10-19,0.030830039172729015,1.0,1.0
1973-10-22,0.09764148024371697,1.0,1.0
1973-10-23,0.046751201949564385,1.0,1.0
1973-10-24,0.02309083987945616,1.0,1.0
1973-10-25,0.012592160569142398,1.0,1.0
1973-10-26,0.016477112077435557,1.0,1.0
1973-10-29,0.011655334328474702,1.0,1.0
1973-10-30,0.2687413681784259,0.0,1.0
1973-10-31,0.3470680994613269,0.0,1.0
1973-11-01,0.26311443228531567,0.0,1.0
1973-11-02,0.1905877612186292,0.0,1.0
1973-11-05,0.8469619152979159,0.0,0.0
1973-11-06,0.7935151988737438,0.0,0.0
1973-11-07,0.6525386171259637,0.0,0.0
1973-11-08,0.7508223898433221,0.0,0.0
1973-11-09,0.9717030321908248,0.0,0.0
1973-11-12,0.952758158856225,0.0,0.0
1973-11-13,0.8022873377843988,0.0,0.0
1973-11-14,0.9972588107234548,0.0,0.0
1973-11-15,0.8618190148895414,0.0,0.0
1973-11-16,0.9047202680409988,0.0,0.0
1973-11-19,0.999999773966416,0.0,0.0
1973-11-20,0.9999547029119634,0.0,0.0
1973-11-21,0.9659715635765638,0.0,0.0
1973-11-23,0.8049619694958574,0.0,0.0
1973-11-26,0.9999994517121622,0.0,0.0
1973-11-27,0.9659640717674022,0.0,0.0
1973-11-28,0.9990496146428882,0.0,0.0
1973-11-29,0.8875755080637607,0.0,0.0
1973-11-30,0.9758038671782714,0.0,0.0
1973-12-03,0.9997517673841141,0.0,0.0
1973-12-04,0.8977690658256132,0.0,0.0
1973-12-05,0.9965639739450444,0.0,0.0
1973-12-06,0.999883408228839,0.0,0.0
1973-12-07,0.9998364245923164,0.0,0.0
1973-12-10,0.9931389712638657,0.0,0.0
1973-12-11,0.9990614708217416,0.0,0.0
1973-12-12,0.9999964842512811,0.0,0.0
1973-12-13,0.9956314443921463,0.0,0.0
1973-12-14,0.9695976723999082,0.0,0.0
1973-12-17,0.8989990022660598,0.0,0.0
1973-12-18,0.9969532496415058,0.0,0.0
1973-12-19,0.8564413908824217,0.0,0.0
1973-12-20,0.662652610995825,0.0,0.0
1973-12-21,0.7580672537978305,0.0,0.0
1973-12-24,0.6660391928279488,0.0,0.0
1973-12-26,0.9999644547089849,0.0,0.0
1973-12-27,0.9992929754872077,0.0,0.0
1973-12-28,0.8651773414809772,0.0,0.0
1973-12-31,0.6358902967169556,0.0,0.0
1974-01-02,0.38170612732973636,0.0,0.0
1974-01-03,0.9980735109335985,0.0,0.0
1974-01-04,0.9166270519190232,0.0,0.0
1974-01-07,0.802522175267855,0.0,0.0
1974-01-08,0.9948720494881089,0.0,0.0
1974-01-09,0.9999987167552449,0.0,0.0
1974-01-10,0.9773849019697312,0.0,0.0
1974-01-11,0.9655543960043905,0.0,0.0
1974-01-14,0.804215186917502,0.0,0.0
1974-01-15,0.7137765858360591,0.0,0.0
1974-01-16,0.9323917200978639,0.0,0.0
1974-01-17,0.9926990420269464,0.0,0.0
1974-01-18,0.9964801426640382,0.0,0.0
1974-01-21,0.8736844822854185,0.0,0.0
1974-01-22,0.8666678553229681,0.0,0.0
1974-01-23,0.6947060094747359,0.0,0.0
1974-01-24,0.45961224749584256,0.0,0.0
1974-01-25,0.23803901824602114,0.0,0.0
1974-01-28,0.15702798034121454,1.0,0.0
1974-01-29,0.07107899178783902,1.0,0.0
1974-01-30,0.11408088176002064,1.0,0.0
1974-01-31,0.0697781058544262,1.0,0.0
1974-02-01,0.28086144275194047,0.0,0.0
1974-02-04,0.985974487778642,0.0,0.0
1974-02-05,0.8733876051363038,0.0,0.0
1974-02-06,0.6601992332107365,0.0,0.0
1974-02-07,0.39124298456668427,0.0,0.0
1974-02-08,0.5193456676732715,0.0,0.0
1974-02-11,0.9828326499712701,0.0,0.0
1974-02-12,0.8273739396586332,0.0,0.0
1974-02-13,0.5811282322069954,0.0,0.0
1974-02-14,0.3219037443864945,0.0,0.0
1974-02-15,0.6404152763684153,0.0,0.0
1974-02-19,0.384428911699174,0.0,0.0
1974-02-20,0.6495064058847699,0.0,0.0
1974-02-21,0.8355991507904853,0.0,0.0
1974-02-22,0.7707442620491654,0.0,0.0
1974-02-25,0.5453118287245053,0.0,0.0
1974-02-26,0.5985832697798695,0.0,0.0
1974-02-27,0.40002602826474304,0.0,0.0
1974-02-28,0.20964402758982761,0.0,0.0
1974-03-01,0.1667655506795041,1.0,0.0
1974-03-04,0.07275472672091672,1.0,0.0
1974-03-05,0.6930710512922258,0.0,0.0
1974-03-06,0.5196104510216253,0.0,0.0
1974-03-07,0.6324918524505142,0.0,0.0
1974-03-08,0.5403707293816876,0.0,0.0
1974-03-11,0.6062042625969034,0.0,0.0
1974-03-12,0.35289538833400963,0.0,0.0
1974-03-13,0.22123157433598462,0.0,0.0
1974-03-14,0.09803240257877825,1.0,0.0
1974-03-15,0.05106314545329329,1.0,1.0
1974-03-18,0.2683117257497686,0.0,1.0
1974-03-19,0.3176062110431431,0.0,1.0
1974-03-20,0.15485275973089555,1.0,1.0
1974-03-21,0.0757336023891198,1.0,1.0
1974-03-22,0.03507982764821725,1.0,1.0
1974-03-25,0.017898551922168014,1.0,1.0
1974-03-26,0.011303663870364657,1.0,1.0
1974-03-27,0.14187602815485387,1.0,1.0
1974-03-28,0.9362058109752481,0.0,0.0
1974-03-29,0.906475771335729,0.0,0.0
1974-04-01,0.8769429500919166,0.0,0.0
1974-04-02,0.6624966955055969,0.0,0.0
1974-04-03,0.6003431444465896,0.0,0.0
1974-04-04,0.34994316798725356,0.0,0.0
1974-04-05,0.8199225219487193,0.0,0.0
1974-04-08,0.8935157002609011,0.0,0.0
1974-04-09,0.7396506319438074,0.0,0.0
1974-04-10,0.5095130363384107,0.0,0.0
1974-04-11,0.3052940128159762,0.0,0.0
1974-04-15,0.15153790685046445,1.0,0.0
1974-04-16,0.6501779480657905,0.0,0.0
1974-04-17,0.5201348485095731,0.0,0.0
1974-04-18,0.30291269777126373,0.0,0.0
1974-04-19,0.505721506233931,0.0,0.0
1974-04-22,0.3388737186267345,0.0,0.0
1974-04-23,0.9744776341998711,0.0,0.0
1974-04-24,0.998213973494913,0.0,0.0
1974-04-25,0.9706967663497639,0.0,0.0
1974-04-26,0.8686291486114154,0.0,0.0
1974-04-29,0.655320247164362,0.0,0.0
1974-04-30,0.4066190055017442,0.0,0.0
1974-05-01,0.978738528262534,0.0,0.0
1974-05-02,0.8414282618335948,0.0,0.0
1974-05-03,0.8396398592263208,0.0,0.0
1974-05-06,0.6243836792829461,0.0,0.0
1974-05-07,0.3691366556381419,0.0,0.0
1974-05-08,0.1795706601387735,1.0,0.0
1974-05-09,0.27117163647117365,0.0,0.0
1974-05-10,0.9071150327772884,0.0,0.0
1974-05-13,0.9198779459920989,0.0,0.0
1974-05-14,0.73185054602638,0.0,0.0
1974-05-15,0.5072508840254079,0.0,0.0
1974-05-16,0.4455059288215069,0.0,0.0
1974-05-17,0.9791265358320406,0.0,0.0
1974-05-20,0.888436582135258,0.0,0.0
1974-05-21,0.6812413412504634,0.0,0.0
1974-05-22,0.7944232843482966,0.0,0.0
1974-05-23,0.5475785716948451,0.0,0.0
1974-05-24,0.9051099405799382,0.0,0.0
1974-05-28,0.7346792214061545,0.0,0.0
1974-05-29,0.9836244849002541,0.0,0.0
1974-05-30,0.8836032169804775,0.0,0.0
1974-05-31,0.6845822808687286,0.0,0.0
1974-06-03,0.9880252060161722,0.0,0.0
1974-06-04,0.9763613561492931,0.0,0.0
1974-06-05,0.8394319904568431,0.0,0.0
1974-06-06,0.9872603838694195,0.0,0.0
1974-06-07,0.9050046485769544,0.0,0.0
1974-06-10,0.7704296404047208,0.0,0.0
1974-06-11,0.7871246489683277,0.0,0.0
1974-06-12,0.6093392474544841,0.0,0.0
1974-06-13,0.3582331565729312,0.0,0.0
1974-06-14,0.5488693795819983,0.0,0.0
1974-06-17,0.896465436686522,0.0,0.0
1974-06-18,0.8388188019068774,0.0,0.0
1974-06-19,0.8040313952499168,0.0,0.0
1974-06-20,0.805696377346922,0.0,0.0
1974-06-21,0.8580869339595396,0.0,0.0
1974-06-24,0.6325083745934972,0.0,0.0
1974-06-25,0.827563818528415,0.0,0.0
1974-06-26,0.986762533222326,0.0,0.0
1974-06-27,0.9961396356356269,0.0,0.0
1974-06-28,0.9258492187581546,0.0,0.0
1974-07-01,0.7562548350404964,0.0,0.0
1974-07-02,0.9991842541155966,0.0,0.0
1974-07-03,0.8849267440546565,0.0,0.0
1974-07-05,0.7891093999973047,0.0,0.0
1974-07-08,0.9999998727110312,0.0,0.0
1974-07-09,0.8831578666706643,0.0,0.0
1974-07-10,0.9962129518204745,0.0,0.0
1974-07-11,0.8777857353882069,0.0,0.0
1974-07-12,0.9999999999402318,0.0,0.0
1974-07-15,0.9397044560432349,0.0,0.0
1974-07-16,0.9515409528173663,0.0,0.0
1974-07-17,0.9426320503923757,0.0,0.0
1974-07-18,0.7717075382853723,0.0,0.0
1974-07-19,0.5300101846873696,0.0,0.0
1974-07-22,0.30134308430840556,0.0,0.0
1974-07-23,0.3865580024405598,0.0,0.0
1974-07-24,0.20793160136022099,0.0,0.0
1974-07-25,0.5178005042034093,0.0,0.0
1974-07-26,0.9780878190977408,0.0,0.0
1974-07-29,0.9988346865963119,0.0,0.0
1974-07-30,0.9267082531546338,0.0,0.0
1974-07-31,0.9911117099677803,0.0,0.0
1974-08-01,0.9307757515338276,0.0,0.0
1974-08-02,0.7746791750580126,0.0,0.0
1974-08-05,0.7377865463334823,0.0,0.0
1974-08-06,0.9588389225633001,0.0,0.0
1974-08-07,0.9999480062741973,0.0,0.0
1974-08-08,0.9876527961531945,0.0,0.0
1974-08-09,0.9270272164338417,0.0,0.0
1974-08-12,0.9646971242111726,0.0,0.0
1974-08-13,0.9970913049732605,0.0,0.0
1974-08-14,0.9999195463434523,0.0,0.0
1974-08-15,0.9305768931190856,0.0,0.0
1974-08-16,0.9108894091781365,0.0,0.0
1974-08-19,0.9861055259381378,0.0,0.0
1974-08-20,0.8687515946389547,0.0,0.0
1974-08-21,0.9964497166251688,0.0,0.0
1974-08-22,0.9811936612913001,0.0,0.0
1974-08-23,0.9971464509619139,0.0,0.0
1974-08-26,0.9250413030016859,0.0,0.0
1974-08-27,0.9938205729868298,0.0,0.0
1974-08-28,0.9318258591104528,0.0,0.0
1974-08-29,0.9816490183779427,0.0,0.0
1974-08-30,0.9999970958398069,0.0,0.0
1974-09-03,0.9999507421173195,0.0,0.0
1974-09-04,0.9999988249482152,0.0,0.0
1974-09-05,0.9999991446151362,0.0,0.0
1974-09-06,0.9560706967661606,0.0,0.0
1974-09-09,0.9999427755078046,0.0,0.0
1974-09-10,0.9726252769542748,0.0,0.0
1974-09-11,0.9631320716014569,0.0,0.0
1974-09-12,0.9999932519773518,0.0,0.0
1974-09-13,0.9999669909693213,0.0,0.0
1974-09-16,0.9933510049456705,0.0,0.0
1974-09-17,0.9968406148556967,0.0,0.0
1974-09-18,0.9229183692713889,0.0,0.0
1974-09-19,0.9999999414192772,0.0,0.0
1974-09-20,0.926281000659749,0.0,0.0
1974-09-23,0.9172072439005674,0.0,0.0
1974-09-24,0.998630413482033,0.0,0.0
1974-09-25,0.9414305435711406,0.0,0.0
1974-09-26,0.9969255234779293,0.0,0.0
1974-09-27,0.9999158004685637,0.0,0.0
1974-09-30,0.9999865968252531,0.0,0.0
1974-10-01,0.9309930164994481,0.0,0.0
1974-10-02,0.7924988449194608,0.0,0.0
1974-10-03,0.9924370354773124,0.0,0.0
1974-10-04,0.9060524114330082,0.0,0.0
1974-10-07,0.999999999104968,0.0,0.0
1974-10-08,0.9254698631407878,0.0,0.0
1974-10-09,0.9999999999960214,0.0,0.0
1974-10-10,0.9999994338942678,0.0,0.0
1974-10-11,0.9996069013104066,0.0,0.0
1974-10-14,0.9999210588042268,0.0,0.0
1974-10-15,0.9988110766274604,0.0,0.0
1974-10-16,0.996585361172557,0.0,0.0
1974-10-17,0.9775855494172547,0.0,0.0
1974-10-18,0.9878716505111033,0.0,0.0
1974-10-21,0.9972837938629134,0.0,0.0
1974-10-22,0.9316341112565953,0.0,0.0
1974-10-23,0.9999875015618963,0.0,0.0
1974-10-24,0.9923057872848058,0.0,0.0
1974-10-25,0.9079671775059462,0.0,0.0
1974-10-28,0.7618863826582131,0.0,0.0
1974-10-29,0.9999999281068305,0.0,0.0
1974-10-30,0.9994226955564477,0.0,0.0
1974-10-31,0.9358846295924734,0.0,0.0
1974-11-01,0.8038936657310588,0.0,0.0
1974-11-04,0.8739572658417899,0.0,0.0
1974-11-05,0.9999415472565146,0.0,0.0
1974-11-06,0.9253576983189173,0.0,0.0
1974-11-07,0.8703466685629275,0.0,0.0
1974-11-08,0.7207247711060859,0.0,0.0
1974-11-11,0.518769524141717,0.0,0.0
1974-11-12,0.9945236813230587,0.0,0.0
1974-11-13,0.942494669400069,0.0,0.0
1974-11-14,0.8416801525475355,0.0,0.0
1974-11-15,0.982232485688109,0.0,0.0
1974-11-18,0.9999999995281363,0.0,0.0
1974-11-19,0.9989268039486714,0.0,0.0
1974-11-20,0.944260263732851,0.0,0.0
1974-11-21,0.8486712927658103,0.0,0.0
1974-11-22,0.8892262036428786,0.0,0.0
1974-11-25,0.7334797533845043,0.0,0.0
1974-11-26,0.757651950793078,0.0,0.0
1974-11-27,0.6348708082150624,0.0,0.0
1974-11-29,0.40874812405952243,0.0,0.0
1974-12-02,0.9998058268396026,0.0,0.0
1974-12-03,0.9975639128638049,0.0,0.0
1974-12-04,0.91742123631276,0.0,0.0
1974-12-05,0.9992298950471544,0.0,0.0
1974-12-06,0.9993474119163324,0.0,0.0
1974-12-09,0.9385910136545733,0.0,0.0
1974-12-10,0.999765445244249,0.0,0.0
1974-12-11,0.9477495937191435,0.0,0.0
1974-12-12,0.8682146569807881,0.0,0.0
1974-12-13,0.809974520275879,0.0,0.0
1974-12-16,0.8711534125231755,0.0,0.0
1974-12-17,0.955974982402404,0.0,0.0
1974-12-18,0.8626004837968462,0.0,0.0
1974-12-19,0.7443224226999864,0.0,0.0
1974-12-20,0.9136834892247475,0.0,0.0
1974-12-23,0.9908691985070422,0.0,0.0
1974-12-24,0.9875482736986433,0.0,0.0
1974-12-26,0.9548479748985169,0.0,0.0
1974-12-27,0.8797226438939328,0.0,0.0
1974-12-30,0.7159883934870316,0.0,0.0
1974-12-31,0.99814797083336,0.0,0.0
1975-01-02,0.9999783687158298,0.0,0.0
1975-01-03,0.9607989613875506,0.0,0.0
1975-01-06,0.916858435480435,0.0,0.0
1975-01-07,0.7702566254234507,0.0,0.0
1975-01-08,0.9231473372017487,0.0,0.0
1975-01-09,0.9899831667139309,0.0,0.0
1975-01-10,0.9997478804249574,0.0,0.0
1975-01-13,0.9385687428713576,0.0,0.0
1975-01-14,0.9248426975128973,0.0,0.0
1975-01-15,0.8548087463951554,0.0,0.0
1975-01-16,0.6719867237556407,0.0,0.0
1975-01-17,0.9119080319899718,0.0,0.0
1975-01-20,0.7620810847081726,0.0,0.0
1975-01-21,0.6437417512744509,0.0,0.0
1975-01-22,0.7509974434286774,0.0,0.0
1975-01-23,0.598238174847761,0.0,0.0
1975-01-24,0.8109239235581667,0.0,0.0
1975-01-27,0.9999995602186116,0.0,0.0
1975-01-28,0.9654273088698269,0.0,0.0
1975-01-29,0.9924899388698774,0.0,0.0
1975-01-30,0.9880426712648859,0.0,0.0
1975-01-31,0.9654588952218454,0.0,0.0
1975-02-03,0.9759748664273913,0.0,0.0
1975-02-04,0.897997142389776,0.0,0.0
1975-02-05,0.9890170451699466,0.0,0.0
1975-02-06,0.9051679380633514,0.0,0.0
1975-02-07,0.7527242405485944,0.0,0.0
1975-02-10,0.5919375642147461,0.0,0.0
1975-02-11,0.370694143045703,0.0,0.0
1975-02-12,0.8585644003942826,0.0,0.0
1975-02-13,0.9504768304150698,0.0,0.0
1975-02-14,0.8610427438563327,0.0,0.0
1975-02-18,0.8331515347691452,0.0,0.0
1975-02-19,0.688191311351702,0.0,0.0
1975-02-20,0.7085773320918065,0.0,0.0
1975-02-21,0.5308232667872076,0.0,0.0
1975-02-24,0.8738582786014005,0.0,0.0
1975-02-25,0.9998455184478401,0.0,0.0
1975-02-26,0.9645268000661039,0.0,0.0
1975-02-27,0.904059937874952,0.0,0.0
1975-02-28,0.8820463392702426,0.0,0.0
1975-03-03,0.9918852847693951,0.0,0.0
1975-03-04,0.950476805441535,0.0,0.0
1975-03-05,0.9279150767943256,0.0,0.0
1975-03-06,0.9105052790314463,0.0,0.0
1975-03-07,0.862659078473486,0.0,0.0
1975-03-10,0.8061283366877149,0.0,0.0
1975-03-11,0.712137017631189,0.0,0.0
1975-03-12,0.7780266457690048,0.0,0.0
1975-03-13,0.5777754290280944,0.0,0.0
1975-03-14,0.8566581938719564,0.0,0.0
1975-03-17,0.9584895508740119,0.0,0.0
1975-03-18,0.9548746176327532,0.0,0.0
1975-03-19,0.951242222390765,0.0,0.0
1975-03-20,0.9175879023924692,0.0,0.0
1975-03-21,0.7912515784091505,0.0,0.0
1975-03-24,0.9997539549660229,0.0,0.0
1975-03-25,0.9542878782919243,0.0,0.0
1975-03-26,0.9969846727365094,0.0,0.0
1975-03-27,0.9352759229256595,0.0,0.0
1975-03-31,0.8778232325734775,0.0,0.0
1975-04-01,0.8770870277131778,0.0,0.0
1975-04-02,0.7297849745378168,0.0,0.0
1975-04-03,0.847866493395984,0.0,0.0
1975-04-04,0.7807425066782322,0.0,0.0
1975-04-07,0.741267732740339,0.0,0.0
1975-04-08,0.6111789938173661,0.0,0.0
1975-04-09,0.9925261703482502,0.0,0.0
1975-04-10,0.9768234719809061,0.0,0.0
1975-04-11,0.9194356667378268,0.0,0.0
1975-04-14,0.9881284060248644,0.0,0.0
1975-04-15,0.9437001537558132,0.0,0.0
1975-04-16,0.8425404185606716,0.0,0.0
1975-04-17,0.7804233167704007,0.0,0.0
1975-04-18,0.8302592753667761,0.0,0.0
1975-04-21,0.8845323110798524,0.0,0.0
1975-04-22,0.7479785539813251,0.0,0.0
1975-04-23,0.8625285132338479,0.0,0.0
1975-04-24,0.6842443176728489,0.0,0.0
1975-04-25,0.5966231892154407,0.0,0.0
1975-04-28,0.431435032791509,0.0,0.0
1975-04-29,0.44844455443859926,0.0,0.0
1975-04-30,0.9232054814678239,0.0,0.0
1975-05-01,0.9001799851430305,0.0,0.0
1975-05-02,0.9549460243337429,0.0,0.0
1975-05-05,0.9457856930918191,0.0,0.0
1975-05-06,0.9841166182056788,0.0,0.0
1975-05-07,0.9203313881127186,0.0,0.0
1975-05-08,0.8694317095823935,0.0,0.0
1975-05-09,0.925030216757882,0.0,0.0
1975-05-12,0.786595351678992,0.0,0.0
1975-05-13,0.7502862023312338,0.0,0.0
1975-05-14,0.6836549642555106,0.0,0.0
1975-05-15,0.6835872824565692,0.0,0.0
1975-05-16,0.7755616725862641,0.0,0.0
1975-05-19,0.5593113992936904,0.0,0.0
1975-05-20,0.405372672988159,0.0,0.0
1975-05-21,0.67535459812539,0.0,0.0
1975-05-22,0.4808263571139215,0.0,0.0
1975-05-23,0.7611804211630783,0.0,0.0
1975-05-27,0.5502704791718003,0.0,0.0
1975-05-28,0.5022148043381568,0.0,0.0
1975-05-29,0.28536254694659696,0.0,0.0
1975-05-30,0.8406969571186401,0.0,0.0
1975-06-02,0.9630534065986059,0.0,0.0
1975-06-03,0.8703175421796819,0.0,0.0
1975-06-04,0.7132352113998873,0.0,0.0
1975-06-05,0.48474404964152273,0.0,0.0
1975-06-06,0.27945494658931047,0.0,0.0
1975-06-09,0.6409584867361502,0.0,0.0
1975-06-10,0.687299322296416,0.0,0.0
1975-06-11,0.45635586632298153,0.0,0.0
1975-06-12,0.3471136655579199,0.0,0.0
1975-06-13,0.21588805534611946,0.0,0.0
1975-06-16,0.2652826668756634,0.0,0.0
1975-06-17,0.32045502051779795,0.0,0.0
1975-06-18,0.1737239720931837,1.0,0.0
1975-06-19,0.8580080498584214,0.0,0.0
1975-06-20,0.7825431144668904,0.0,0.0
1975-06-23,0.8534904088219221,0.0,0.0
1975-06-24,0.7680480006829218,0.0,0.0
1975-06-25,0.5948078854944922,0.0,0.0
1975-06-26,0.37147020521469115,0.0,0.0
1975-06-27,0.19213250573760995,1.0,0.0
1975-06-30,0.11135702225613017,1.0,0.0
1975-07-01,0.06896297180156188,1.0,0.0
1975-07-02,0.08623693524175549,1.0,0.0
1975-07-03,0.04472065711437628,1.0,1.0
1975-07-07,0.06409163952453259,1.0,1.0
1975-07-08,0.03278596119503606,1.0,1.0
1975-07-09,0.26778866525064465,0.0,1.0
1975-07-10,0.12978412218311056,1.0,1.0
1975-07-11,0.06014084208559006,1.0,1.0
1975-07-14,0.03974300400709218,1.0,1.0
1975-07-15,0.024634895179985895,1.0,1.0
1975-07-16,0.06328091800660479,1.0,1.0
1975-07-17,0.10376839652379709,1.0,1.0
1975-07-18,0.05998890629828251,1.0,1.0
1975-07-21,0.06567243795677286,1.0,1.0
1975-07-22,0.20138967466449342,1.0,1.0
1975-07-23,0.7417260555935586,0.0,0.0
1975-07-24,0.5800479893864321,0.0,0.0
1975-07-25,0.6206385325545788,0.0,0.0
1975-07-28,0.6132083740094553,0.0,0.0
1975-07-29,0.5587041230168264,0.0,0.0
1975-07-30,0.4657939049936997,0.0,0.0
1975-07-31,0.25822203810235256,0.0,0.0
1975-08-01,0.4019555451679362,0.0,0.0
1975-08-04,0.5594690781610784,0.0,0.0
1975-08-05,0.7912252257339283,0.0,0.0
1975-08-06,0.581541611506556,0.0,0.0
1975-08-07,0.35510977598118154,0.0,0.0
1975-08-08,0.2201310902066233,0.0,0.0
1975-08-11,0.1286644003633631,1.0,0.0
1975-08-12,0.0935485095293986,1.0,0.0
1975-08-13,0.32128132309886387,0.0,0.0
1975-08-14,0.2564480820497309,0.0,0.0
1975-08-15,0.21429441936123036,0.0,0.0
1975-08-18,0.11185226220657805,1.0,0.0
1975-08-19,0.7101217238547275,0.0,0.0
1975-08-20,0.9979478612335847,0.0,0.0
1975-08-21,0.9332668176178126,0.0,0.0
1975-08-22,0.9806525372945352,0.0,0.0
1975-08-25,0.9630740178616574,0.0,0.0
1975-08-26,0.9821498998173529,0.0,0.0
1975-08-27,0.9359008660375164,0.0,0.0
1975-08-28,0.9996697690221769,0.0,0.0
1975-08-29,0.9728541588542349,0.0,0.0
1975-09-02,0.9963766628597004,0.0,0.0
1975-09-03,0.9559645072646017,0.0,0.0
1975-09-04,0.8662099195491634,0.0,0.0
1975-09-05,0.8222239947540081,0.0,0.0
1975-09-08,0.6469706320491614,0.0,0.0
1975-09-09,0.9147693251046892,0.0,0.0
1975-09-10,0.9646391998018775,0.0,0.0
1975-09-11,0.9058535651948488,0.0,0.0
1975-09-12,0.7936394562746203,0.0,0.0
1975-09-15,0.7124169582761516,0.0,0.0
1975-09-16,0.7937110722833017,0.0,0.0
1975-09-17,0.6105325917661131,0.0,0.0
1975-09-18,0.9771757673251124,0.0,0.0
1975-09-19,0.9997929776279584,0.0,0.0
1975-09-22,0.9829469481571433,0.0,0.0
1975-09-23,0.9215686517910834,0.0,0.0
1975-09-24,0.9213113387798614,0.0,0.0
1975-09-25,0.8123100976386692,0.0,0.0
1975-09-26,0.6918798409106788,0.0,0.0
1975-09-29,0.8944334984923917,0.0,0.0
1975-09-30,0.9820687846238704,0.0,0.0
1975-10-01,0.9870917728056644,0.0,0.0
1975-10-02,0.969325091431754,0.0,0.0
1975-10-03,0.9999052775686499,0.0,0.0
1975-10-06,0.9857829859435031,0.0,0.0
1975-10-07,0.9270830788198468,0.0,0.0
1975-10-08,0.9619480278611909,0.0,0.0
1975-10-09,0.8968487396875526,0.0,0.0
1975-10-10,0.7648227458814694,0.0,0.0
1975-10-13,0.9213944722940327,0.0,0.0
1975-10-14,0.8030279073205513,0.0,0.0
1975-10-15,0.6220831126881645,0.0,0.0
1975-10-16,0.41116879356280184,0.0,0.0
1975-10-17,0.3447376870775542,0.0,0.0
1975-10-20,0.391067085644028,0.0,0.0
1975-10-21,0.3565078968640176,0.0,0.0
1975-10-22,0.19586336622023323,1.0,0.0
1975-10-23,0.12155682328241436,1.0,0.0
1975-10-24,0.4421820973925721,0.0,0.0
1975-10-27,0.2593606727062364,0.0,0.0
1975-10-28,0.23158305058660494,0.0,0.0
1975-10-29,0.6337345741225223,0.0,0.0
1975-10-30,0.4361237940608177,0.0,0.0
1975-10-31,0.2732083316942987,0.0,0.0
1975-11-03,0.37689882519806744,0.0,0.0
1975-11-04,0.23510504268409899,0.0,0.0
1975-11-05,0.23023129955877586,0.0,0.0
1975-11-06,0.1365365682038254,1.0,0.0
1975-11-07,0.07029292994724844,1.0,0.0
1975-11-10,0.03483007391086222,1.0,1.0
1975-11-11,0.027496915944785177,1.0,1.0
1975-11-12,0.18292231367968242,1.0,1.0
1975-11-13,0.0913795381215266,1.0,1.0
1975-11-14,0.04627167094677197,1.0,1.0
1975-11-17,0.03039827291556078,1.0,1.0
1975-11-18,0.02562601741384271,1.0,1.0
1975-11-19,0.07744913021682183,1.0,1.0
1975-11-20,0.049911622956846285,1.0,1.0
1975-11-21,0.025842694419976976,1.0,1.0
1975-11-24,0.015740203050534786,1.0,1.0
1975-11-25,0.028037303419975342,1.0,1.0
1975-11-26,0.016976682467540333,1.0,1.0
1975-11-28,0.011541632600913886,1.0,1.0
1975-12-01,0.014628432180025646,1.0,1.0
1975-12-02,0.2306145164577189,0.0,1.0
1975-12-03,0.9810101507252736,0.0,0.0
1975-12-04,0.9141937841861529,0.0,0.0
1975-12-05,0.9520832429734813,0.0,0.0
1975-12-08,0.858312017974584,0.0,0.0
1975-12-09,0.6978948184947313,0.0,0.0
1975-12-10,0.7101302150177463,0.0,0.0
1975-12-11,0.5311140689744932,0.0,0.0
1975-12-12,0.3286332691945479,0.0,0.0
1975-12-15,0.17863260158580108,1.0,0.0
1975-12-16,0.2145233706012648,1.0,0.0
1975-12-17,0.11447941264073702,1.0,0.0
1975-12-18,0.06203918972104527,1.0,1.0
1975-12-19,0.05790822204877409,1.0,1.0
1975-12-22,0.06318836127741351,1.0,1.0
1975-12-23,0.04537026266672501,1.0,1.0
1975-12-24,0.04954063577356209,1.0,1.0
1975-12-26,0.06272554796402381,1.0,1.0
1975-12-29,0.03311031961061013,1.0,1.0
1975-12-30,0.022620355393287415,1.0,1.0
1975-12-31,0.020220587757142743,1.0,1.0
1976-01-02,0.024840191985835265,1.0,1.0
1976-01-05,0.42911844004412164,0.0,1.0
1976-01-06,0.6398191273442616,0.0,1.0
1976-01-07,0.4991925135073492,0.0,1.0
1976-01-08,0.4152876403024301,0.0,1.0
1976-01-09,0.2681705557192131,0.0,1.0
1976-01-12,0.5554945460143215,0.0,1.0
1976-01-13,0.5374299914202798,0.0,1.0
1976-01-14,0.9147865975278311,0.0,0.0
1976-01-15,0.8400725267943887,0.0,0.0
1976-01-16,0.7122359861204219,0.0,0.0
1976-01-19,0.8561924543283691,0.0,0.0
1976-01-20,0.7450802216926353,0.0,0.0
1976-01-21,0.6365605325680144,0.0,0.0
1976-01-22,0.44056121209945254,0.0,0.0
1976-01-23,0.6228272557860072,0.0,0.0
1976-01-26,0.4487458186275606,0.0,0.0
1976-01-27,0.35258725283479425,0.0,0.0
1976-01-28,0.24959856497411656,0.0,0.0
1976-01-29,0.8223607797069112,0.0,0.0
1976-01-30,0.7686107610819446,0.0,0.0
1976-02-02,0.5740874292503946,0.0,0.0
1976-02-03,0.40328162849473426,0.0,0.0
1976-02-04,0.41170886002071483,0.0,0.0
1976-02-05,0.7785771288188206,0.0,0.0
1976-02-06,0.8058516351371503,0.0,0.0
1976-02-09,0.6356875722328208,0.0,0.0
1976-02-10,0.5980640973792862,0.0,0.0
1976-02-11,0.4288426165456251,0.0,0.0
1976-02-12,0.2868076532447146,0.0,0.0
1976-02-13,0.1884016093668624,1.0,0.0
1976-02-17,0.13699775545449774,1.0,0.0
1976-02-18,0.12781461320967158,1.0,0.0
1976-02-19,0.601811362307931,0.0,0.0
1976-02-20,0.5110404386183983,0.0,0.0
1976-02-23,0.3428991137253714,0.0,0.0
1976-02-24,0.22453306539818274,0.0,0.0
1976-02-25,0.11888846773486313,1.0,0.0
1976-02-26,0.34475673467880713,0.0,0.0
1976-02-27,0.3107363195391334,0.0,0.0
1976-03-01,0.1799850858405812,1.0,0.0
1976-03-02,0.12277124381670272,1.0,0.0
1976-03-03,0.09406570149768859,1.0,0.0
1976-03-04,0.14704385836360154,1.0,0.0
1976-03-05,0.07442579360472058,1.0,1.0
1976-03-08,0.10495278755021277,1.0,1.0
1976-03-09,0.055543110814002344,1.0,1.0
1976-03-10,0.03200520008604103,1.0,1.0
1976-03-11,0.03635934603396168,1.0,1.0
1976-03-12,0.05437922591079792,1.0,1.0
1976-03-15,0.13381971571647303,1.0,1.0
1976-03-16,0.16714265927995722,1.0,1.0
1976-03-17,0.08537145715378328,1.0,1.0
1976-03-18,0.055385112453829495,1.0,1.0
1976-03-19,0.02894964461009073,1.0,1.0
1976-03-22,0.016684019335223163,1.0,1.0
1976-03-23,0.0672147137721198,1.0,1.0
1976-03-24,0.10013864182688072,1.0,1.0
1976-03-25,0.07629425002927549,1.0,1.0
1976-03-26,0.0388771771764002,1.0,1.0
1976-03-29,0.027116275076272022,1.0,1.0
1976-03-30,0.020967603284147887,1.0,1.0
1976-03-31,0.019005908867369584,1.0,1.0
1976-04-01,0.016136325210005898,1.0,1.0
1976-04-02,0.01090336063153633,1.0,1.0
1976-04-05,0.03495485955958962,1.0,1.0
1976-04-06,0.019926460197191832,1.0,1.0
1976-04-07,0.07424961364945515,1.0,1.0
1976-04-08,0.12515456453097412,1.0,1.0
1976-04-09,0.22167343999981057,1.0,1.0
1976-04-12,0.12292781955551554,1.0,1.0
1976-04-13,0.0912288010509458,1.0,1.0
1976-04-14,0.07719935624091166,1.0,1.0
1976-04-15,0.04274353127948903,1.0,1.0
1976-04-19,0.03617533139586501,1.0,1.0
1976-04-20,0.17337312980372405,1.0,1.0
1976-04-21,0.097244828383476,1.0,1.0
1976-04-22,0.05278703618754249,1.0,1.0
1976-04-23,0.05013644256677017,1.0,1.0
1976-04-26,0.02644148232552425,1.0,1.0
1976-04-27,0.023014145376880134,1.0,1.0
1976-04-28,0.014204678406307908,1.0,1.0
1976-04-29,0.01011876958974624,1.0,1.0
1976-04-30,0.010517429310202487,1.0,1.0
1976-05-03,0.021285440988303563,1.0,1.0
1976-05-04,0.01781782015741189,1.0,1.0
1976-05-05,0.01579828194439673,1.0,1.0
1976-05-06,0.011457293155445374,1.0,1.0
1976-05-07,0.01581747481634109,1.0,1.0
1976-05-10,0.05228156531996424,1.0,1.0
1976-05-11,0.02813838542274826,1.0,1.0
1976-05-12,0.017339343927411616,1.0,1.0
1976-05-13,0.017946744247146897,1.0,1.0
1976-05-14,0.02573561293252203,1.0,1.0
1976-05-17,0.017411591678630156,1.0,1.0
1976-05-18,0.0115047321735678,1.0,1.0
1976-05-19,0.008941845078398573,1.0,1.0
1976-05-20,0.011346681438112027,1.0,1.0
1976-05-21,0.013365040758290744,1.0,1.0
1976-05-24,0.2517767780393514,0.0,1.0
1976-05-25,0.13463202111038672,1.0,1.0
1976-05-26,0.06874393626778473,1.0,1.0
1976-05-27,0.03621092039649682,1.0,1.0
1976-05-28,0.03450509164740958,1.0,1.0
1976-06-01,0.021968245674051676,1.0,1.0
1976-06-02,0.014416467397654191,1.0,1.0
1976-06-03,0.010289126630699244,1.0,1.0
1976-06-04,0.023408238808982698,1.0,1.0
1976-06-07,0.020993689603771497,1.0,1.0
1976-06-08,0.01318638279087931,1.0,1.0
1976-06-09,0.00972955257225828,1.0,1.0
1976-06-10,0.014685100800009185,1.0,1.0
1976-06-11,0.043814280920610245,1.0,1.0
1976-06-14,0.0640817704052944,1.0,1.0
1976-06-15,0.04290563085890009,1.0,1.0
1976-06-16,0.03066588506985739,1.0,1.0
1976-06-17,0.1460830890657959,1.0,1.0
1976-06-18,0.07484718397199344,1.0,1.0
1976-06-21,0.04329270505481354,1.0,1.0
1976-06-22,0.04526477936272577,1.0,1.0
1976-06-23,0.026447484384934324,1.0,1.0
1976-06-24,0.021730540692616616,1.0,1.0
1976-06-25,0.013447146770311611,1.0,1.0
1976-06-28,0.010760795527492106,1.0,1.0
1976-06-29,0.009538017130412017,1.0,1.0
1976-06-30,0.00963733004740934,1.0,1.0
1976-07-01,0.014967273123626737,1.0,1.0
1976-07-02,0.012696667844375984,1.0,1.0
1976-07-06,0.01285019538166187,1.0,1.0
1976-07-07,0.009848367864672282,1.0,1.0
1976-07-08,0.008165236903333989,1.0,1.0
1976-07-09,0.01577068354829432,1.0,1.0
1976-07-12,0.019257549946375796,1.0,1.0
1976-07-13,0.013382300890608961,1.0,1.0
1976-07-14,0.010097040824316249,1.0,1.0
1976-07-15,0.01368516739537056,1.0,1.0
1976-07-16,0.013795828580781403,1.0,1.0
1976-07-19,0.011554666687288355,1.0,1.0
1976-07-20,0.015486586702013371,1.0,1.0
1976-07-21,0.010602503346364481,1.0,1.0
1976-07-22,0.008457729366529948,1.0,1.0
1976-07-23,0.007497594028582563,1.0,1.0
1976-07-26,0.007194642373742825,1.0,1.0
1976-07-27,0.00998693102672214,1.0,1.0
1976-07-28,0.010442236609808312,1.0,1.0
1976-07-29,0.008828259788008766,1.0,1.0
1976-07-30,0.00877431180844449,1.0,1.0
1976-08-02,0.008001912787460416,1.0,1.0
1976-08-03,0.016548271167123176,1.0,1.0
1976-08-04,0.01143360030251518,1.0,1.0
1976-08-05,0.011653214485171419,1.0,1.0
1976-08-06,0.008967503148307517,1.0,1.0
1976-08-09,0.008482637205004988,1.0,1.0
1976-08-10,0.01367569418276877,1.0,1.0
1976-08-11,0.010874263874217839,1.0,1.0
1976-08-12,0.008540884256060149,1.0,1.0
1976-08-13,0.007499746294627904,1.0,1.0
1976-08-16,0.007125607913064872,1.0,1.0
1976-08-17,0.007370770081658111,1.0,1.0
1976-08-18,0.0075510923099727165,1.0,1.0
1976-08-19,0.04158190893767189,1.0,1.0
1976-08-20,0.06603076930758493,1.0,1.0
1976-08-23,0.044584024776033716,1.0,1.0
1976-08-24,0.04066921825925905,1.0,1.0
1976-08-25,0.028868063385239718,1.0,1.0
1976-08-26,0.02729984447820618,1.0,1.0
1976-08-27,0.015803075281557343,1.0,1.0
1976-08-30,0.013451825664679989,1.0,1.0
1976-08-31,0.014662365624056248,1.0,1.0
1976-09-01,0.027406987927476104,1.0,1.0
1976-09-02,0.01598195821498071,1.0,1.0
1976-09-03,0.01181294170120467,1.0,1.0
1976-09-07,0.012334287329776863,1.0,1.0
1976-09-08,0.009204922100834498,1.0,1.0
1976-09-09,0.00992139067017795,1.0,1.0
1976-09-10,0.008148585754886549,1.0,1.0
1976-09-13,0.008015973381003082,1.0,1.0
1976-09-14,0.008008650032332686,1.0,1.0
1976-09-15,0.007146770872015168,1.0,1.0
1976-09-16,0.01386142484634114,1.0,1.0
1976-09-17,0.01982900190687291,1.0,1.0
1976-09-20,0.012380437065254213,1.0,1.0
1976-09-21,0.03973505287520037,1.0,1.0
1976-09-22,0.024469118755727163,1.0,1.0
1976-09-23,0.019263092992121325,1.0,1.0
1976-09-24,0.012368367898186615,1.0,1.0
1976-09-27,0.009916988494547094,1.0,1.0
1976-09-28,0.034731626868874196,1.0,1.0
1976-09-29,0.02737756680919499,1.0,1.0
1976-09-30,0.016406077085671055,1.0,1.0
1976-10-01,0.030022501352705372,1.0,1.0
1976-10-04,0.017820047670933616,1.0,1.0
1976-10-05,0.022228373429317685,1.0,1.0
1976-10-06,0.01733167639062677,1.0,1.0
1976-10-07,0.01513984325451954,1.0,1.0
1976-10-08,0.02424238925001585,1.0,1.0
1976-10-11,0.04056845364746065,1.0,1.0
1976-10-12,0.04597228311947788,1.0,1.0
1976-10-13,0.07550657617356994,1.0,1.0
1976-10-14,0.1649514214510154,1.0,1.0
1976-10-15,0.08443815996932132,1.0,1.0
1976-10-18,0.05554553568373064,1.0,1.0
1976-10-19,0.029332587058126976,1.0,1.0
1976-10-20,0.01728841279258753,1.0,1.0
1976-10-21,0.025542957889931564,1.0,1.0
1976-10-22,0.030007023409443556,1.0,1.0
1976-10-25,0.01705410636984163,1.0,1.0
1976-10-26,0.022784149976374127,1.0,1.0
1976-10-27,0.01808267796986668,1.0,1.0
1976-10-28,0.011855602362776075,1.0,1.0
1976-10-29,0.035099706014940064,1.0,1.0
1976-11-01,0.020049203501424875,1.0,1.0
1976-11-03,0.06144756635392647,1.0,1.0
1976-11-04,0.05458838888204143,1.0,1.0
1976-11-05,0.14202877852549523,1.0,1.0
1976-11-08,0.26629369258946817,0.0,1.0
1976-11-09,0.1641592483202934,1.0,1.0
1976-11-10,0.11011524817661951,1.0,1.0
1976-11-11,0.08652072781992373,1.0,1.0
1976-11-12,0.0508975497839487,1.0,1.0
1976-11-15,0.03377955036256996,1.0,1.0
1976-11-16,0.019657261528791426,1.0,1.0
1976-11-17,0.017583957915717725,1.0,1.0
1976-11-18,0.051064994437180135,1.0,1.0
1976-11-19,0.02708706075009474,1.0,1.0
1976-11-22,0.02243501356924743,1.0,1.0
1976-11-23,0.017099364989482793,1.0,1.0
1976-11-24,0.01406045668350038,1.0,1.0
1976-11-26,0.015300085138503087,1.0,1.0
1976-11-29,0.015695627457131295,1.0,1.0
1976-11-30,0.012184592952361802,1.0,1.0
1976-12-01,0.010348985575443856,1.0,1.0
1976-12-02,0.009146390541955644,1.0,1.0
1976-12-03,0.009802889973449145,1.0,1.0
1976-12-06,0.013829974825133177,1.0,1.0
1976-12-07,0.00962421563287667,1.0,1.0
1976-12-08,0.009873492959364991,1.0,1.0
1976-12-09,0.010459688267795069,1.0,1.0
1976-12-10,0.008337171802940108,1.0,1.0
1976-12-13,0.007132496095166669,1.0,1.0
1976-12-14,0.007507140153253225,1.0,1.0
1976-12-15,0.0067560819604132434,1.0,1.0
1976-12-16,0.00724797242097117,1.0,1.0
1976-12-17,0.008571849818628593,1.0,1.0
1976-12-20,0.01076818154959247,1.0,1.0
1976-12-21,0.00968138907052326,1.0,1.0
1976-12-22,0.009262181047749337,1.0,1.0
1976-12-23,0.0075485364893482275,1.0,1.0
1976-12-27,0.020785263962940666,1.0,1.0
1976-12-28,0.01809440406053516,1.0,1.0
1976-12-29,0.013454758935853428,1.0,1.0
1976-12-30,0.012089756210535681,1.0,1.0
1976-12-31,0.011931642611774346,1.0,1.0
1977-01-03,0.010197139134669731,1.0,1.0
1977-01-04,0.0253702645603125,1.0,1.0
1977-01-05,0.02934564299210998,1.0,1.0
1977-01-06,0.01701452343416737,1.0,1.0
1977-01-07,0.011082899704062324,1.0,1.0
1977-01-10,0.008412211916204766,1.0,1.0
1977-01-11,0.020493231415409725,1.0,1.0
1977-01-12,0.022650751337312414,1.0,1.0
1977-01-13,0.025696400172600282,1.0,1.0
1977-01-14,0.015131805827048433,1.0,1.0
1977-01-17,0.011013645251140673,1.0,1.0
1977-01-18,0.009488305623216758,1.0,1.0
1977-01-19,0.009504283394789056,1.0,1.0
1977-01-20,0.015198066979095778,1.0,1.0
1977-01-21,0.01133878531618022,1.0,1.0
1977-01-24,0.008506001398570683,1.0,1.0
1977-01-25,0.007276435272820965,1.0,1.0
1977-01-26,0.01159198661443711,1.0,1.0
1977-01-27,0.01331892676316849,1.0,1.0
1977-01-28,0.00939200067853955,1.0,1.0
1977-01-31,0.007641072804295957,1.0,1.0
1977-02-01,0.008469448139062896,1.0,1.0
1977-02-02,0.007404191922144364,1.0,1.0
1977-02-03,0.008319145744848032,1.0,1.0
1977-02-04,0.007210403804749074,1.0,1.0
1977-02-07,0.006622211542608001,1.0,1.0
1977-02-08,0.007031429426189431,1.0,1.0
1977-02-09,0.015605340799735244,1.0,1.0
1977-02-10,0.010449552564798365,1.0,1.0
1977-02-11,0.011720069416522634,1.0,1.0
1977-02-14,0.010103690693003363,1.0,1.0
1977-02-15,0.00842594651241067,1.0,1.0
1977-02-16,0.008052854011490914,1.0,1.0
1977-02-17,0.010027498647915562,1.0,1.0
1977-02-18,0.0089810870960031,1.0,1.0
1977-02-22,0.007478606525855225,1.0,1.0
1977-02-23,0.007730884361817148,1.0,1.0
1977-02-24,0.010156387046740422,1.0,1.0
1977-02-25,0.008174400792271084,1.0,1.0
1977-02-28,0.007023110669146102,1.0,1.0
1977-03-01,0.012151518024603469,1.0,1.0
1977-03-02,0.0093680151511939,1.0,1.0
1977-03-03,0.008645885961584873,1.0,1.0
1977-03-04,0.007756226953636457,1.0,1.0
1977-03-07,0.006708189405419926,1.0,1.0
1977-03-08,0.007253386774653677,1.0,1.0
1977-03-09,0.011484138516283318,1.0,1.0
1977-03-10,0.010104742687319099,1.0,1.0
1977-03-11,0.007752126933610068,1.0,1.0
1977-03-14,0.009391553607925592,1.0,1.0
1977-03-15,0.008658420827475524,1.0,1.0
1977-03-16,0.007227944255157376,1.0,1.0
1977-03-17,0.006569474968871542,1.0,1.0
1977-03-18,0.006617578065009672,1.0,1.0
1977-03-21,0.007967002818177037,1.0,1.0
1977-03-22,0.007304773453491864,1.0,1.0
1977-03-23,0.013111609819706943,1.0,1.0
1977-03-24,0.012048404461855611,1.0,1.0
1977-03-25,0.013148231924081398,1.0,1.0
1977-03-28,0.009532626741705534,1.0,1.0
1977-03-29,0.00964716835502579,1.0,1.0
1977-03-30,0.02828743718239444,1.0,1.0
1977-03-31,0.016762077711182943,1.0,1.0
1977-04-01,0.017726542164530863,1.0,1.0
1977-04-04,0.027596587828497155,1.0,1.0
1977-04-05,0.017694365700636885,1.0,1.0
1977-04-06,0.011406966528488537,1.0,1.0
1977-04-07,0.00893310060512227,1.0,1.0
1977-04-11,0.00877689737938754,1.0,1.0
1977-04-12,0.02720630145342057,1.0,1.0
1977-04-13,0.01565176670464994,1.0,1.0
1977-04-14,0.019340876935620685,1.0,1.0
1977-04-15,0.011997255224618588,1.0,1.0
1977-04-18,0.010612345676148865,1.0,1.0
1977-04-19,0.009263990516678334,1.0,1.0
1977-04-20,0.008017136821459143,1.0,1.0
1977-04-21,0.011238309276847323,1.0,1.0
1977-04-22,0.040215354302901414,1.0,1.0
1977-04-25,0.11302068627257177,1.0,1.0
1977-04-26,0.0582261025031528,1.0,1.0
1977-04-27,0.056865364468596365,1.0,1.0
1977-04-28,0.030337877670053352,1.0,1.0
1977-04-29,0.01779824174569264,1.0,1.0
1977-05-02,0.01423626774298683,1.0,1.0
1977-05-03,0.011524383289195157,1.0,1.0
1977-05-04,0.01104514112677151,1.0,1.0
1977-05-05,0.008587159970420618,1.0,1.0
1977-05-06,0.008775151078528316,1.0,1.0
1977-05-09,0.007660666808007423,1.0,1.0
1977-05-10,0.007063894393908628,1.0,1.0
1977-05-11,0.009211780414924455,1.0,1.0
1977-05-12,0.007391768790612952,1.0,1.0
1977-05-13,0.0070068969801597575,1.0,1.0
1977-05-16,0.0071706579365514245,1.0,1.0
1977-05-17,0.006671891898075462,1.0,1.0
1977-05-18,0.0075230239900392374,1.0,1.0
1977-05-19,0.007627174129612732,1.0,1.0
1977-05-20,0.007938948579132292,1.0,1.0
1977-05-23,0.02789737750678326,1.0,1.0
1977-05-24,0.02102952219128271,1.0,1.0
1977-05-25,0.02754125485512522,1.0,1.0
1977-05-26,0.015988399894388668,1.0,1.0
1977-05-27,0.017239783580829084,1.0,1.0
1977-05-31,0.012025521491620684,1.0,1.0
1977-06-01,0.013977566942312511,1.0,1.0
1977-06-02,0.009889626780076929,1.0,1.0
1977-06-03,0.01513040902929001,1.0,1.0
1977-06-06,0.012267981140768497,1.0,1.0
1977-06-07,0.010192190969936073,1.0,1.0
1977-06-08,0.009651007581840716,1.0,1.0
1977-06-09,0.007593938279206476,1.0,1.0
1977-06-10,0.006996601635437941,1.0,1.0
1977-06-13,0.006813008288082693,1.0,1.0
1977-06-14,0.015322291904084854,1.0,1.0
1977-06-15,0.01082091874189254,1.0,1.0
1977-06-16,0.008558805442326534,1.0,1.0
1977-06-17,0.007112505377048363,1.0,1.0
1977-06-20,0.007387889060234173,1.0,1.0
1977-06-21,0.007004993026580681,1.0,1.0
1977-06-22,0.006724725645953492,1.0,1.0
1977-06-23,0.006388058095463393,1.0,1.0
1977-06-24,0.007881789173862353,1.0,1.0
1977-06-27,0.006894665037347991,1.0,1.0
1977-06-28,0.011547076866190489,1.0,1.0
1977-06-29,0.00853855013844367,1.0,1.0
1977-06-30,0.007702574078587663,1.0,1.0
1977-07-01,0.007348091639656317,1.0,1.0
1977-07-05,0.006501923464148732,1.0,1.0
1977-07-06,0.00789891734642288,1.0,1.0
1977-07-07,0.007216901389647305,1.0,1.0
1977-07-08,0.006455685122236234,1.0,1.0
1977-07-11,0.006720365517897195,1.0,1.0
1977-07-12,0.006352315707829793,1.0,1.0
1977-07-13,0.006108863579813206,1.0,1.0
1977-07-15,0.008056891684962878,1.0,1.0
1977-07-18,0.009475275877282653,1.0,1.0
1977-07-19,0.010373723742101533,1.0,1.0
1977-07-20,0.007914341793043575,1.0,1.0
1977-07-21,0.006932096515565519,1.0,1.0
1977-07-22,0.006302626222713642,1.0,1.0
1977-07-25,0.010243457704946123,1.0,1.0
1977-07-26,0.01103833313915508,1.0,1.0
1977-07-27,0.1205590734426799,1.0,1.0
1977-07-28,0.06201237312590278,1.0,1.0
1977-07-29,0.03232833182699452,1.0,1.0
1977-08-01,0.01973118163345901,1.0,1.0
1977-08-02,0.018989405447203497,1.0,1.0
1977-08-03,0.01275779837153091,1.0,1.0
1977-08-04,0.01090324562433422,1.0,1.0
1977-08-05,0.008129580287757515,1.0,1.0
1977-08-08,0.010429747037237605,1.0,1.0
1977-08-09,0.007900885848504569,1.0,1.0
1977-08-10,0.010354736045989717,1.0,1.0
1977-08-11,0.011243677176674315,1.0,1.0
1977-08-12,0.009454444328583764,1.0,1.0
1977-08-15,0.00764497014475294,1.0,1.0
1977-08-16,0.007881228263998515,1.0,1.0
1977-08-17,0.006805455633570203,1.0,1.0
1977-08-18,0.006254021278686212,1.0,1.0
1977-08-19,0.00649932886109321,1.0,1.0
1977-08-22,0.006407719206175139,1.0,1.0
1977-08-23,0.0063198612962186125,1.0,1.0
1977-08-24,0.007288033224233745,1.0,1.0
1977-08-25,0.014435932016483704,1.0,1.0
1977-08-26,0.009590567825456055,1.0,1.0
1977-08-29,0.012546763521583727,1.0,1.0
1977-08-30,0.011196858904756017,1.0,1.0
1977-08-31,0.008192368024693183,1.0,1.0
1977-09-01,0.006577965036117248,1.0,1.0
1977-09-02,0.008091719904980919,1.0,1.0
1977-09-06,0.006572136181177279,1.0,1.0
1977-09-07,0.0060416232840790375,1.0,1.0
1977-09-08,0.008831732334690026,1.0,1.0
1977-09-09,0.015369529352206503,1.0,1.0
1977-09-12,0.011204423144241587,1.0,1.0
1977-09-13,0.007931687498694596,1.0,1.0
1977-09-14,0.007047633709474013,1.0,1.0
1977-09-15,0.0064173799925191935,1.0,1.0
1977-09-16,0.006469273187470155,1.0,1.0
1977-09-19,0.008670806484177842,1.0,1.0
1977-09-20,0.0067581693104292115,1.0,1.0
1977-09-21,0.011173851186903646,1.0,1.0
1977-09-22,0.00799583440766328,1.0,1.0
1977-09-23,0.006470128975792707,1.0,1.0
1977-09-26,0.005968469206204184,1.0,1.0
1977-09-27,0.005715450071145729,1.0,1.0
1977-09-28,0.005392429674415609,1.0,1.0
1977-09-29,0.0065353825014175795,1.0,1.0
1977-09-30,0.008675874792017401,1.0,1.0
1977-10-03,0.007110332379244143,1.0,1.0
1977-10-04,0.00935389811426129,1.0,1.0
1977-10-05,0.008367408946835563,1.0,1.0
1977-10-06,0.007267269882013094,1.0,1.0
1977-10-07,0.006126261139809719,1.0,1.0
1977-10-10,0.0058629296134110375,1.0,1.0
1977-10-11,0.01056668174127577,1.0,1.0
1977-10-12,0.03048670693914212,1.0,1.0
1977-10-13,0.02904438725933342,1.0,1.0
1977-10-14,0.016211737419976082,1.0,1.0
1977-10-17,0.010491043163384837,1.0,1.0
1977-10-18,0.007621599615019691,1.0,1.0
1977-10-19,0.021026731018221872,1.0,1.0
1977-10-20,0.01269196353548827,1.0,1.0
1977-10-21,0.009306239909897082,1.0,1.0
1977-10-24,0.014289271721665848,1.0,1.0
1977-10-25,0.020236716898245268,1.0,1.0
1977-10-26,0.028367647094062896,1.0,1.0
1977-10-27,0.01744845109006299,1.0,1.0
1977-10-28,0.01172536346538184,1.0,1.0
1977-10-31,0.008641516874021685,1.0,1.0
1977-11-01,0.019473362788923657,1.0,1.0
1977-11-02,0.01790291458877888,1.0,1.0
1977-11-03,0.01108871299540866,1.0,1.0
1977-11-04,0.017260152151086835,1.0,1.0
1977-11-07,0.019256810527430248,1.0,1.0
1977-11-08,0.011854390071875711,1.0,1.0
1977-11-09,0.010036800387127337,1.0,1.0
1977-11-10,0.19525674023697007,0.0,1.0
1977-11-11,0.3472677873212078,0.0,1.0
1977-11-14,0.2507147414109038,0.0,1.0
1977-11-15,0.18167265352390058,0.0,1.0
1977-11-16,0.10736654356207664,1.0,1.0
1977-11-17,0.05818395490117055,1.0,1.0
1977-11-18,0.03124916231784004,1.0,1.0
1977-11-21,0.017529879502299086,1.0,1.0
1977-11-22,0.0207334563762082,1.0,1.0
1977-11-23,0.016431377292565382,1.0,1.0
1977-11-25,0.011090490126100304,1.0,1.0
1977-11-28,0.011154458843086296,1.0,1.0
1977-11-29,0.06434564660480224,1.0,1.0
1977-11-30,0.03351451469753185,1.0,1.0
1977-12-01,0.018298577514439085,1.0,1.0
1977-12-02,0.011205851298076861,1.0,1.0
1977-12-05,0.009374739749014038,1.0,1.0
1977-12-06,0.0794124285755201,1.0,1.0
1977-12-07,0.04192362096237419,1.0,1.0
1977-12-08,0.022762820353605013,1.0,1.0
1977-12-09,0.019871270729187,1.0,1.0
1977-12-12,0.011916656102809764,1.0,1.0
1977-12-13,0.008341960758743727,1.0,1.0
1977-12-14,0.0070887073455232,1.0,1.0
1977-12-15,0.007389009617582802,1.0,1.0
1977-12-16,0.006322545807650041,1.0,1.0
1977-12-19,0.01014215154278377,1.0,1.0
1977-12-20,0.00879596227819211,1.0,1.0
1977-12-21,0.008997424212082215,1.0,1.0
1977-12-22,0.009987343278708836,1.0,1.0
1977-12-23,0.014585343390743353,1.0,1.0
1977-12-27,0.009517532223257382,1.0,1.0
1977-12-28,0.007142250868902344,1.0,1.0
1977-12-29,0.00646370029493065,1.0,1.0
1977-12-30,0.005830176146081457,1.0,1.0
1978-01-03,0.032618412244456184,1.0,1.0
1978-01-04,0.021875961531993983,1.0,1.0
1978-01-05,0.0235565412861042,1.0,1.0
1978-01-06,0.06768632019432774,1.0,1.0
1978-01-09,0.14259137817296239,1.0,1.0
1978-01-10,0.11298282463076437,1.0,1.0
1978-01-11,0.07891559799667458,1.0,1.0
1978-01-12,0.04096141736519514,1.0,1.0
1978-01-13,0.02196247748856281,1.0,1.0
1978-01-16,0.015016247206894333,1.0,1.0
1978-01-17,0.01203354078437427,1.0,1.0
1978-01-18,0.012300858174914088,1.0,1.0
1978-01-19,0.009812184424699144,1.0,1.0
1978-01-20,0.007787307446831673,1.0,1.0
1978-01-23,0.010384321185589795,1.0,1.0
1978-01-24,0.007540898652362589,1.0,1.0
1978-01-25,0.006316087853564284,1.0,1.0
1978-01-26,0.011146200500259558,1.0,1.0
1978-01-27,0.007924435094458216,1.0,1.0
1978-01-30,0.010733088582277558,1.0,1.0
1978-01-31,0.007850189780432532,1.0,1.0
1978-02-01,0.010831642718843418,1.0,1.0
1978-02-02,0.0084101287346587,1.0,1.0
1978-02-03,0.007450296998707766,1.0,1.0
1978-02-06,0.006203367245157785,1.0,1.0
1978-02-07,0.009153773161591973,1.0,1.0
1978-02-08,0.008679082312597881,1.0,1.0
1978-02-09,0.00800076455470511,1.0,1.0
1978-02-10,0.006632524959508519,1.0,1.0
1978-02-13,0.0064486476194777044,1.0,1.0
1978-02-14,0.011452363773337967,1.0,1.0
1978-02-15,0.008790735074847405,1.0,1.0
1978-02-16,0.01358394335267757,1.0,1.0
1978-02-17,0.009245530095192227,1.0,1.0
1978-02-21,0.00852429456907083,1.0,1.0
1978-02-22,0.0066795559389119285,1.0,1.0
1978-02-23,0.005930633629806482,1.0,1.0
1978-02-24,0.009029768324613911,1.0,1.0
1978-02-27,0.011259464842401224,1.0,1.0
1978-02-28,0.014849642716904069,1.0,1.0
1978-03-01,0.009422911010946224,1.0,1.0
1978-03-02,0.007067654968517353,1.0,1.0
1978-03-03,0.005802141272550583,1.0,1.0
1978-03-06,0.007078810693527193,1.0,1.0
1978-03-07,0.0068540431683329585,1.0,1.0
1978-03-08,0.006842086825843396,1.0,1.0
1978-03-09,0.005797476070857428,1.0,1.0
1978-03-10,0.012944306375451381,1.0,1.0
1978-03-13,0.008530162748599518,1.0,1.0
1978-03-14,0.00726781529560764,1.0,1.0
1978-03-15,0.006149021825370722,1.0,1.0
1978-03-16,0.006151514347895505,1.0,1.0
1978-03-17,0.008332466386926965,1.0,1.0
1978-03-20,0.008251703504710856,1.0,1.0
1978-03-21,0.016626264516978462,1.0,1.0
1978-03-22,0.011157194306964218,1.0,1.0
1978-03-23,0.0077365183521346725,1.0,1.0
1978-03-27,0.007519635142769897,1.0,1.0
1978-03-28,0.008088928025697589,1.0,1.0
1978-03-29,0.006389430613245586,1.0,1.0
1978-03-30,0.005858305316807283,1.0,1.0
1978-03-31,0.0055941315025459706,1.0,1.0
1978-04-03,0.008704680577444704,1.0,1.0
1978-04-04,0.007263737674812215,1.0,1.0
1978-04-05,0.010188338320668539,1.0,1.0
1978-04-06,0.0074864558502197535,1.0,1.0
1978-04-07,0.0070782382222996,1.0,1.0
1978-04-10,0.006174028892937946,1.0,1.0
1978-04-11,0.00569399224406146,1.0,1.0
1978-04-12,0.005160894187056439,1.0,1.0
1978-04-13,0.0109660612817453,1.0,1.0
1978-04-14,0.14913527538405208,0.0,1.0
1978-04-17,0.3177798999448152,0.0,1.0
1978-04-18,0.39278153144361994,0.0,1.0
1978-04-19,0.2467155229018198,0.0,1.0
1978-04-20,0.1910828366940572,0.0,1.0
1978-04-21,0.10195343187086037,1.0,1.0
1978-04-24,0.17942248786213388,0.0,1.0
1978-04-25,0.14726041336734905,0.0,1.0
1978-04-26,0.0769731963548353,1.0,1.0
1978-04-27,0.08194892215934729,1.0,1.0
1978-04-28,0.07716912953892448,1.0,1.0
1978-05-01,0.06985065544862648,1.0,1.0
1978-05-02,0.039047949012828057,1.0,1.0
1978-05-03,0.036288514617910016,1.0,1.0
1978-05-04,0.019697412559997584,1.0,1.0
1978-05-05,0.017038145600356627,1.0,1.0
1978-05-08,0.011367567355076921,1.0,1.0
1978-05-09,0.008113698158826833,1.0,1.0
1978-05-10,0.0062686714704811314,1.0,1.0
1978-05-11,0.016370988182877636,1.0,1.0
1978-05-12,0.018027156334554043,1.0,1.0
1978-05-15,0.01454189105292924,1.0,1.0
1978-05-16,0.013365394666974215,1.0,1.0
1978-05-17,0.009210929451464277,1.0,1.0
1978-05-18,0.012254769741510949,1.0,1.0
1978-05-19,0.010114217041189378,1.0,1.0
1978-05-22,0.013038818419823824,1.0,1.0
1978-05-23,0.01810446328426506,1.0,1.0
1978-05-24,0.028511032863755184,1.0,1.0
1978-05-25,0.016592451731633425,1.0,1.0
1978-05-26,0.010619929627515805,1.0,1.0
1978-05-30,0.007667069928365841,1.0,1.0
1978-05-31,0.006816520936934558,1.0,1.0
1978-06-01,0.005677438426885494,1.0,1.0
1978-06-02,0.008095829780175872,1.0,1.0
1978-06-05,0.05738779978642372,1.0,1.0
1978-06-06,0.0341024512677142,1.0,1.0
1978-06-07,0.019085474791284494,1.0,1.0
1978-06-08,0.011678104411573359,1.0,1.0
1978-06-09,0.008172154304141647,1.0,1.0
1978-06-12,0.006939266710172076,1.0,1.0
1978-06-13,0.005722537813515556,1.0,1.0
1978-06-14,0.005200458099075188,1.0,1.0
1978-06-15,0.012691600283963782,1.0,1.0
1978-06-16,0.017764556568165883,1.0,1.0
1978-06-19,0.011330364446341711,1.0,1.0
1978-06-20,0.019598840162862997,1.0,1.0
1978-06-21,0.018251265642605676,1.0,1.0
1978-06-22,0.011276301175275462,1.0,1.0
1978-06-23,0.00853263555428688,1.0,1.0
1978-06-26,0.032433184171664055,1.0,1.0
1978-06-27,0.018153983173681547,1.0,1.0
1978-06-28,0.012090102939242368,1.0,1.0
1978-06-29,0.00831928699636404,1.0,1.0
1978-06-30,0.0064451270376939,1.0,1.0
1978-07-03,0.006172334486079705,1.0,1.0
1978-07-05,0.011775704361218095,1.0,1.0
1978-07-06,0.008001687780807495,1.0,1.0
1978-07-07,0.008052697650645223,1.0,1.0
1978-07-10,0.0067639636057911165,1.0,1.0
1978-07-11,0.007615708746746158,1.0,1.0
1978-07-12,0.006581002626299668,1.0,1.0
1978-07-13,0.005548204336020041,1.0,1.0
1978-07-14,0.019001850503863216,1.0,1.0
1978-07-17,0.011714884206616682,1.0,1.0
1978-07-18,0.015019929904315768,1.0,1.0
1978-07-19,0.026844700718145875,1.0,1.0
1978-07-20,0.0150680022468978,1.0,1.0
1978-07-21,0.0107603388116055,1.0,1.0
1978-07-24,0.007635548524947206,1.0,1.0
1978-07-25,0.008834555979380735,1.0,1.0
1978-07-26,0.008819324485352945,1.0,1.0
1978-07-27,0.0081508951487309,1.0,1.0
1978-07-28,0.007384989543689925,1.0,1.0
1978-07-31,0.008989345199963783,1.0,1.0
1978-08-01,0.006699292040429581,1.0,1.0
1978-08-02,0.2600837894727752,0.0,1.0
1978-08-03,0.15890137978704738,0.0,1.0
1978-08-04,0.09355565357483761,1.0,1.0
1978-08-07,0.04980393161247878,1.0,1.0
1978-08-08,0.03103514471846181,1.0,1.0
1978-08-09,0.021028887996223745,1.0,1.0
1978-08-10,0.017917279598186595,1.0,1.0
1978-08-11,0.011634324288130004,1.0,1.0
1978-08-14,0.007909827332259353,1.0,1.0
1978-08-15,0.006362470737376674,1.0,1.0
1978-08-16,0.008376255978093095,1.0,1.0
1978-08-17,0.00811866647456634,1.0,1.0
1978-08-18,0.0067193451627865115,1.0,1.0
1978-08-21,0.01098332757872443,1.0,1.0
1978-08-22,0.008035567031784905,1.0,1.0
1978-08-23,0.008412162591445099,1.0,1.0
1978-08-24,0.005053019688401193,1.0,1.0
1978-08-25,0.004249437720841355,1.0,1.0
1978-08-28,0.006948469018558382,1.0,1.0
1978-08-29,0.007508163676287009,1.0,1.0
1978-08-30,0.005428226814403455,1.0,1.0
1978-08-31,0.004707131650928929,1.0,1.0
1978-09-01,0.004538344881592438,1.0,1.0
1978-09-05,0.004950147603680788,1.0,1.0
1978-09-06,0.007472943587568413,1.0,1.0
1978-09-07,0.005388144479071971,1.0,1.0
1978-09-08,0.016691500033477302,1.0,1.0
1978-09-11,0.009870455716602776,1.0,1.0
1978-09-12,0.006480836058138114,1.0,1.0
1978-09-13,0.006944168832392682,1.0,1.0
1978-09-14,0.016492887375942584,1.0,1.0
1978-09-15,0.024590872586909656,1.0,1.0
1978-09-18,0.0422497497023159,1.0,1.0
1978-09-19,0.03958833769440055,1.0,1.0
1978-09-20,0.04996873065412338,1.0,1.0
1978-09-21,0.02571693854502396,1.0,1.0
1978-09-22,0.01390721228552541,1.0,1.0
1978-09-25,0.008393407684598822,1.0,1.0
1978-09-26,0.00853879371353303,1.0,1.0
1978-09-27,0.013353896456090943,1.0,1.0
1978-09-28,0.008278675205137887,1.0,1.0
1978-09-29,0.006845320127209218,1.0,1.0
1978-10-02,0.005418053191505831,1.0,1.0
1978-10-03,0.005016261744901462,1.0,1.0
1978-10-04,0.004667818344364503,1.0,1.0
1978-10-05,0.004173962814974769,1.0,1.0
1978-10-06,0.003952750934578288,1.0,1.0
1978-10-09,0.007532008884011266,1.0,1.0
1978-10-10,0.005597062567153114,1.0,1.0
1978-10-11,0.008244127305360928,1.0,1.0
1978-10-12,0.0074351844326058,1.0,1.0
1978-10-13,0.00599378767051336,1.0,1.0
1978-10-16,0.1164710288056598,1.0,1.0
1978-10-17,0.5454210313495333,0.0,1.0
1978-10-18,0.6052001307000302,0.0,1.0
1978-10-19,0.801556792483794,0.0,0.0
1978-10-20,0.9776468803845892,0.0,0.0
1978-10-23,0.9242093988695815,0.0,0.0
1978-10-24,0.8708184459310658,0.0,0.0
1978-10-25,0.7484291515220374,0.0,0.0
1978-10-26,0.9639117329004022,0.0,0.0
1978-10-27,0.9975181684138538,0.0,0.0
1978-10-30,0.9566075338935248,0.0,0.0
1978-10-31,0.9949063255571161,0.0,0.0
1978-11-01,0.9999999920835707,0.0,0.0
1978-11-02,0.9842960844434062,0.0,0.0
1978-11-03,0.9444438421336134,0.0,0.0
1978-11-06,0.9228182992822107,0.0,0.0
1978-11-07,0.9827578960157812,0.0,0.0
1978-11-08,0.9354484650787611,0.0,0.0
1978-11-09,0.8412421560130595,0.0,0.0
1978-11-10,0.7250811386762542,0.0,0.0
1978-11-13,0.946554040400301,0.0,0.0
1978-11-14,0.9485699338858349,0.0,0.0
1978-11-15,0.8707823139852767,0.0,0.0
1978-11-16,0.8670594356186683,0.0,0.0
1978-11-17,0.8508684922046698,0.0,0.0
1978-11-20,0.8256797880225016,0.0,0.0
1978-11-21,0.6751529927771334,0.0,0.0
1978-11-22,0.5474188516289445,0.0,0.0
1978-11-24,0.3914320982534992,0.0,0.0
1978-11-27,0.23408198299724564,0.0,0.0
1978-11-28,0.22162879397850227,0.0,0.0
1978-11-29,0.4900350056040784,0.0,0.0
1978-11-30,0.4611577613904014,0.0,0.0
1978-12-01,0.7775858618341465,0.0,0.0
1978-12-04,0.6031194124372344,0.0,0.0
1978-12-05,0.7195072669778726,0.0,0.0
1978-12-06,0.5338105995907441,0.0,0.0
1978-12-07,0.3854625387481792,0.0,0.0
1978-12-08,0.26492485639700786,0.0,0.0
1978-12-11,0.16000214064446264,1.0,0.0
1978-12-12,0.10922934521126741,1.0,0.0
1978-12-13,0.07980873554640755,1.0,0.0
1978-12-14,0.04045986950492076,1.0,1.0
1978-12-15,0.03750207899274218,1.0,1.0
1978-12-18,0.745096422129842,0.0,0.0
1978-12-19,0.6598633181574804,0.0,0.0
1978-12-20,0.49332659540102286,0.0,0.0
1978-12-21,0.3070310176222929,0.0,0.0
1978-12-22,0.6988338181510068,0.0,0.0
1978-12-26,0.6968847480395384,0.0,0.0
1978-12-27,0.6857476498773708,0.0,0.0
1978-12-28,0.5415667785952939,0.0,0.0
1978-12-29,0.35616427611819995,0.0,0.0
1979-01-02,0.24967777786887965,0.0,0.0
1979-01-03,0.30997704218390054,0.0,0.0
1979-01-04,0.30226460150095213,0.0,0.0
1979-01-05,0.21811040876335908,0.0,0.0
1979-01-08,0.12639846242409494,1.0,0.0
1979-01-09,0.07673526720011493,1.0,0.0
1979-01-10,0.05276688560424204,1.0,1.0
1979-01-11,0.030296896895519936,1.0,1.0
1979-01-12,0.02537713807036575,1.0,1.0
1979-01-15,0.01904383089318751,1.0,1.0
1979-01-16,0.03961621775017898,1.0,1.0
1979-01-17,0.020868261152957528,1.0,1.0
1979-01-18,0.012960235316104384,1.0,1.0
1979-01-19,0.007961107601483419,1.0,1.0
1979-01-22,0.005594461100003552,1.0,1.0
1979-01-23,0.006124549963053148,1.0,1.0
1979-01-24,0.005589293467067997,1.0,1.0
1979-01-25,0.009194592598406891,1.0,1.0
1979-01-26,0.00847977816185588,1.0,1.0
1979-01-29,0.006340511232588905,1.0,1.0
1979-01-30,0.0056627635071393005,1.0,1.0
1979-01-31,0.017350779788537083,1.0,1.0
1979-02-01,0.009968767898843156,1.0,1.0
1979-02-02,0.007512976845416367,1.0,1.0
1979-02-05,0.030755330310357057,1.0,1.0
1979-02-06,0.01642630766561916,1.0,1.0
1979-02-07,0.024512070334955727,1.0,1.0
1979-02-08,0.016269667797200484,1.0,1.0
1979-02-09,0.009794786587923581,1.0,1.0
1979-02-12,0.006673249824072283,1.0,1.0
1979-02-13,0.007743584413673189,1.0,1.0
1979-02-14,0.005698683986267004,1.0,1.0
1979-02-15,0.004597177682915578,1.0,1.0
1979-02-16,0.004041585539714986,1.0,1.0
1979-02-20,0.004891251991323466,1.0,1.0
1979-02-21,0.004646727459303754,1.0,1.0
1979-02-22,0.005952611205234972,1.0,1.0
1979-02-23,0.0072922268136919955,1.0,1.0
1979-02-26,0.005661134045757196,1.0,1.0
1979-02-27,0.07430854540628416,1.0,1.0
1979-02-28,0.03744016018207568,1.0,1.0
1979-03-01,0.027462566969325815,1.0,1.0
1979-03-02,0.014874336795614415,1.0,1.0
1979-03-05,0.02417902738330686,1.0,1.0
1979-03-06,0.014265541904212814,1.0,1.0
1979-03-07,0.011853250008424552,1.0,1.0
1979-03-08,0.017678734475502302,1.0,1.0
1979-03-09,0.010271270630107266,1.0,1.0
1979-03-12,0.00690032128665812,1.0,1.0
1979-03-13,0.005428556692736094,1.0,1.0
1979-03-14,0.004674704664838674,1.0,1.0
1979-03-15,0.004309641868548839,1.0,1.0
1979-03-16,0.006289685978190272,1.0,1.0
1979-03-19,0.005411809930282659,1.0,1.0
1979-03-20,0.006319305476034868,1.0,1.0
1979-03-21,0.006931194632508345,1.0,1.0
1979-03-22,0.0059009921851205386,1.0,1.0
1979-03-23,0.004848859080461057,1.0,1.0
1979-03-26,0.005779025814819138,1.0,1.0
1979-03-27,0.019651672929900714,1.0,1.0
1979-03-28,0.01311628335352666,1.0,1.0
1979-03-29,0.008205424154673657,1.0,1.0
1979-03-30,0.006660204070682046,1.0,1.0
1979-04-02,0.008648101215395276,1.0,1.0
1979-04-03,0.02675029822080635,1.0,1.0
1979-04-04,0.015303584575995623,1.0,1.0
1979-04-05,0.011446916576962224,1.0,1.0
1979-04-06,0.007487211624858861,1.0,1.0
1979-04-09,0.006244425182176004,1.0,1.0
1979-04-10,0.005740838312218391,1.0,1.0
1979-04-11,0.011036274213965705,1.0,1.0
1979-04-12,0.007795744986033387,1.0,1.0
1979-04-16,0.012548361823370465,1.0,1.0
1979-04-17,0.008023347683573871,1.0,1.0
1979-04-18,0.006889214446665886,1.0,1.0
1979-04-19,0.006293376425013681,1.0,1.0
1979-04-20,0.005012753270695483,1.0,1.0
1979-04-23,0.004640663963880461,1.0,1.0
1979-04-24,0.005170648660563352,1.0,1.0
1979-04-25,0.004781925774151527,1.0,1.0
1979-04-26,0.005568624108905279,1.0,1.0
1979-04-27,0.005066391688892867,1.0,1.0
1979-04-30,0.00450601592646724,1.0,1.0
1979-05-01,0.004205217203519616,1.0,1.0
1979-05-02,0.004044364076710086,1.0,1.0
1979-05-03,0.003975546717595805,1.0,1.0
1979-05-04,0.0102173338973803,1.0,1.0
1979-05-07,0.14805021373541008,0.0,1.0
1979-05-08,0.07574412056321841,1.0,1.0
1979-05-09,0.04072350766253969,1.0,1.0
1979-05-10,0.047216543437830535,1.0,1.0
1979-05-11,0.024301055125388042,1.0,1.0
1979-05-14,0.017381308091241277,1.0,1.0
1979-05-15,0.010127468738243214,1.0,1.0
1979-05-16,0.0069342539617882,1.0,1.0
1979-05-17,0.032763625688355016,1.0,1.0
1979-05-18,0.01734212719622548,1.0,1.0
1979-05-21,0.010668937642886251,1.0,1.0
1979-05-22,0.008146187684938744,1.0,1.0
1979-05-23,0.007039347721122143,1.0,1.0
1979-05-24,0.0053790390824515035,1.0,1.0
1979-05-25,0.004817310758336337,1.0,1.0
1979-05-29,0.004555605268663343,1.0,1.0
1979-05-30,0.010506898869316142,1.0,1.0
1979-05-31,0.00695670535786187,1.0,1.0
1979-06-01,0.005316167836808443,1.0,1.0
1979-06-04,0.004617398524725443,1.0,1.0
1979-06-05,0.013492535855631453,1.0,1.0
1979-06-06,0.011615581275827066,1.0,1.0
1979-06-07,0.00949163351565688,1.0,1.0
1979-06-08,0.006881218544662606,1.0,1.0
1979-06-11,0.005476096016996163,1.0,1.0
1979-06-12,0.009039051606865434,1.0,1.0
1979-06-13,0.007355425216962721,1.0,1.0
1979-06-14,0.005809090350685654,1.0,1.0
1979-06-15,0.004780221953719628,1.0,1.0
1979-06-18,0.00619279345850992,1.0,1.0
1979-06-19,0.004962576522521597,1.0,1.0
1979-06-20,0.004419264480818992,1.0,1.0
1979-06-21,0.00458783882606028,1.0,1.0
1979-06-22,0.004830221583144796,1.0,1.0
1979-06-25,0.005889564760452254,1.0,1.0
1979-06-26,0.006050855622352395,1.0,1.0
1979-06-27,0.006174171925631198,1.0,1.0
1979-06-28,0.006133197639288744,1.0,1.0
1979-06-29,0.00493222475616081,1.0,1.0
1979-07-02,0.010360183868199806,1.0,1.0
1979-07-03,0.006918085788310035,1.0,1.0
1979-07-05,0.005788432145562595,1.0,1.0
1979-07-06,0.011598032336920167,1.0,1.0
1979-07-09,0.011871218268174161,1.0,1.0
1979-07-10,0.00857275511760249,1.0,1.0
1979-07-11,0.008793399648458794,1.0,1.0
1979-07-12,0.011201132916980014,1.0,1.0
1979-07-13,0.008397928160464755,1.0,1.0
1979-07-16,0.0066524127014438075,1.0,1.0
1979-07-17,0.01337766706615793,1.0,1.0
1979-07-18,0.009238521537672573,1.0,1.0
1979-07-19,0.0063840928918628345,1.0,1.0
1979-07-20,0.0052017572162242585,1.0,1.0
1979-07-23,0.005031174910322032,1.0,1.0
1979-07-24,0.004691381992339858,1.0,1.0
1979-07-25,0.01076672874541405,1.0,1.0
1979-07-26,0.007080351288196467,1.0,1.0
1979-07-27,0.005390282391315149,1.0,1.0
1979-07-30,0.004610143571023724,1.0,1.0
1979-07-31,0.0054956126700572115,1.0,1.0
1979-08-01,0.0050173430303522715,1.0,1.0
1979-08-02,0.004416813201551827,1.0,1.0
1979-08-03,0.004213897351410969,1.0,1.0
1979-08-06,0.004124950850082764,1.0,1.0
1979-08-07,0.012779253390504428,1.0,1.0
1979-08-08,0.00855765387339675,1.0,1.0
1979-08-09,0.006754210337178804,1.0,1.0
1979-08-10,0.008784709956070655,1.0,1.0
1979-08-13,0.011117396558041056,1.0,1.0
1979-08-14,0.007269765649404802,1.0,1.0
1979-08-15,0.007881289474541099,1.0,1.0
1979-08-16,0.006064955052841816,1.0,1.0
1979-08-17,0.005068114719378251,1.0,1.0
1979-08-20,0.005235506926753956,1.0,1.0
1979-08-21,0.004522506317105888,1.0,1.0
1979-08-22,0.0042161539197291455,1.0,1.0
1979-08-23,0.004064907070469716,1.0,1.0
1979-08-24,0.0037899836892379755,1.0,1.0
1979-08-27,0.00446419323394461,1.0,1.0
1979-08-28,0.004054948907530694,1.0,1.0
1979-08-29,0.003781574295700162,1.0,1.0
1979-08-30,0.003668687811412989,1.0,1.0
1979-08-31,0.003805586296397476,1.0,1.0
1979-09-04,0.045048002006092276,1.0,1.0
1979-09-05,0.10190840530099333,1.0,1.0
1979-09-06,0.05919612232064275,1.0,1.0
1979-09-07,0.045994574726413336,1.0,1.0
1979-09-10,0.027284069251858403,1.0,1.0
1979-09-11,0.02385785069127821,1.0,1.0
1979-09-12,0.013725152121213573,1.0,1.0
1979-09-13,0.008248796935032639,1.0,1.0
1979-09-14,0.010988090520373294,1.0,1.0
1979-09-17,0.0071371152279793345,1.0,1.0
1979-09-18,0.009569486550567573,1.0,1.0
1979-09-19,0.006445834923519394,1.0,1.0
1979-09-20,0.04984068098588831,1.0,1.0
1979-09-21,0.025619516251867088,1.0,1.0
1979-09-24,0.026406184746788672,1.0,1.0
1979-09-25,0.014204296906309642,1.0,1.0
1979-09-26,0.008638400546035126,1.0,1.0
1979-09-27,0.005893873227281758,1.0,1.0
1979-09-28,0.007708375366020461,1.0,1.0
1979-10-01,0.007920287746882472,1.0,1.0
1979-10-02,0.008891734403192558,1.0,1.0
1979-10-03,0.006029072095476749,1.0,1.0
1979-10-04,0.0058762914379846985,1.0,1.0
1979-10-05,0.008130545577437977,1.0,1.0
1979-10-08,0.026009009904458827,1.0,1.0
1979-10-09,0.9990487583558381,0.0,0.0
1979-10-10,0.9988463637075924,0.0,0.0
1979-10-11,0.9596989523894941,0.0,0.0
1979-10-12,0.8963714554231959,0.0,0.0
1979-10-15,0.9403459538964442,0.0,0.0
1979-10-16,0.857482759324149,0.0,0.0
1979-10-17,0.7243751026051202,0.0,0.0
1979-10-18,0.5391182836171272,0.0,0.0
1979-10-19,0.9742398618339947,0.0,0.0
1979-10-22,0.9874211784103983,0.0,0.0
1979-10-23,0.9461377395553352,0.0,0.0
1979-10-24,0.8619029315665402,0.0,0.0
1979-10-25,0.7489974453531077,0.0,0.0
1979-10-26,0.6416530608798658,0.0,0.0
1979-10-29,0.4463320203594413,0.0,0.0
1979-10-30,0.8419438111852254,0.0,0.0
1979-10-31,0.7732868033524807,0.0,0.0
1979-11-01,0.7063534182375526,0.0,0.0
1979-11-02,0.5175424840169841,0.0,0.0
1979-11-05,0.4449569350360979,0.0,0.0
1979-11-06,0.3551392312832403,0.0,0.0
1979-11-07,0.5426557752938381,0.0,0.0
1979-11-08,0.3959684090898482,0.0,0.0
1979-11-09,0.5171029314500096,0.0,0.0
1979-11-12,0.8539868348444067,0.0,0.0
1979-11-13,0.7407415860886957,0.0,0.0
1979-11-14,0.5771054911591114,0.0,0.0
1979-11-15,0.48062879887092824,0.0,0.0
1979-11-16,0.3079450982310251,0.0,0.0
1979-11-19,0.18539635452569278,0.0,0.0
1979-11-20,0.12066631202597365,1.0,0.0
1979-11-21,0.060902085498711504,1.0,0.0
1979-11-23,0.04725420715522213,1.0,1.0
1979-11-26,0.5357979484918421,0.0,1.0
1979-11-27,0.3557695605314415,0.0,1.0
1979-11-28,0.2218047601682648,0.0,1.0
1979-11-29,0.11680297582311777,1.0,1.0
1979-11-30,0.07623810109545079,1.0,1.0
1979-12-03,0.04288858500854634,1.0,1.0
1979-12-04,0.03674495944084105,1.0,1.0
1979-12-05,0.022496697975564542,1.0,1.0
1979-12-06,0.017439068960463374,1.0,1.0
1979-12-07,0.011611893168527614,1.0,1.0
1979-12-10,0.007431587518345775,1.0,1.0
1979-12-11,0.005723167847931303,1.0,1.0
1979-12-12,0.0045405874191884925,1.0,1.0
1979-12-13,0.004019416112054595,1.0,1.0
1979-12-14,0.009156246558806275,1.0,1.0
1979-12-17,0.006982512367041858,1.0,1.0
1979-12-18,0.012251136660708312,1.0,1.0
1979-12-19,0.007810469272921847,1.0,1.0
1979-12-20,0.005527454600772845,1.0,1.0
1979-12-21,0.006698797359958576,1.0,1.0
1979-12-24,0.004994377807329597,1.0,1.0
1979-12-26,0.0042084069075196875,1.0,1.0
1979-12-27,0.0038437551364744558,1.0,1.0
1979-12-28,0.0036788415815544756,1.0,1.0
1979-12-31,0.0036003058931550085,1.0,1.0
1980-01-02,0.16848864620079512,0.0,1.0
1980-01-03,0.14363567549871312,1.0,1.0
1980-01-04,0.25179864613066827,0.0,1.0
1980-01-07,0.14670542260634747,0.0,1.0
1980-01-08,0.6641779900375644,0.0,0.0
1980-01-09,0.468432260135455,0.0,0.0
1980-01-10,0.421893378891711,0.0,0.0
1980-01-11,0.2531307811535573,0.0,0.0
1980-01-14,0.14410163372841484,0.0,0.0
1980-01-15,0.08963599732198892,1.0,0.0
1980-01-16,0.04498764969313242,1.0,1.0
1980-01-17,0.0255131133018844,1.0,1.0
1980-01-18,0.014071813040426654,1.0,1.0
1980-01-21,0.014773564604180478,1.0,1.0
1980-01-22,0.012801572746652562,1.0,1.0
1980-01-23,0.049865673523419425,1.0,1.0
1980-01-24,0.02618170270243456,1.0,1.0
1980-01-25,0.014170115749224457,1.0,1.0
1980-01-28,0.01875855446696651,1.0,1.0
1980-01-29,0.016694472112537575,1.0,1.0
1980-01-30,0.019045241006501814,1.0,1.0
1980-01-31,0.018566612008409575,1.0,1.0
1980-02-01,0.014528015194840357,1.0,1.0
1980-02-04,0.010908101545371666,1.0,1.0
1980-02-05,0.00705942082705694,1.0,1.0
1980-02-06,0.008959963519588486,1.0,1.0
1980-02-07,0.006832472397829132,1.0,1.0
1980-02-08,0.017821761921544676,1.0,1.0
1980-02-11,0.017834898254398986,1.0,1.0
1980-02-12,0.012965492521074415,1.0,1.0
1980-02-13,0.008210478315127724,1.0,1.0
1980-02-14,0.040762668995188996,1.0,1.0
1980-02-15,0.049106393588413136,1.0,1.0
1980-02-19,0.04731954369391941,1.0,1.0
1980-02-20,0.1132978792353602,1.0,1.0
1980-02-21,0.1272432709661921,1.0,1.0
1980-02-22,0.08383084764660641,1.0,1.0
1980-02-25,0.24435899800120162,0.0,1.0
1980-02-26,0.15722466007443375,1.0,1.0
1980-02-27,0.29095650148059893,0.0,1.0
1980-02-28,0.1624399010059099,1.0,1.0
1980-02-29,0.1568738689528997,1.0,1.0
1980-03-03,0.18089167369593268,0.0,1.0
1980-03-04,0.09673234405448014,1.0,1.0
1980-03-05,0.3694280131192212,0.0,1.0
1980-03-06,0.9851132696150526,0.0,0.0
1980-03-07,0.9956008751668467,0.0,0.0
1980-03-10,0.9704747534133144,0.0,0.0
1980-03-11,0.964548492907901,0.0,0.0
1980-03-12,0.9316815290858598,0.0,0.0
1980-03-13,0.9342865926679415,0.0,0.0
1980-03-14,0.855566033272289,0.0,0.0
1980-03-17,0.9999682540756025,0.0,0.0
1980-03-18,0.9885073391447173,0.0,0.0
1980-03-19,0.9375621456912869,0.0,0.0
1980-03-20,0.9419614301186771,0.0,0.0
1980-03-21,0.9135601924859539,0.0,0.0
1980-03-24,0.9999710983092757,0.0,0.0
1980-03-25,0.9683686471843987,0.0,0.0
1980-03-26,0.9233600757880582,0.0,0.0
1980-03-27,0.9912927725528186,0.0,0.0
1980-03-28,0.9999496103198909,0.0,0.0
1980-03-31,0.9910473367761782,0.0,0.0
1980-04-01,0.9414168252341286,0.0,0.0
1980-04-02,0.9016337710945901,0.0,0.0
1980-04-03,0.8163207792440639,0.0,0.0
1980-04-07,0.9909946927058733,0.0,0.0
1980-04-08,0.9665230042729476,0.0,0.0
1980-04-09,0.991234063306138,0.0,0.0
1980-04-10,0.9633893078988882,0.0,0.0
1980-04-11,0.8899171631354014,0.0,0.0
1980-04-14,0.9044963702973121,0.0,0.0
1980-04-15,0.7996367972061423,0.0,0.0
1980-04-16,0.8455919649246054,0.0,0.0
1980-04-17,0.7619593042089721,0.0,0.0
1980-04-18,0.6330505555894176,0.0,0.0
1980-04-21,0.6357577767320018,0.0,0.0
1980-04-22,0.9999188399733355,0.0,0.0
1980-04-23,0.9583955647255584,0.0,0.0
1980-04-24,0.9201030888068051,0.0,0.0
1980-04-25,0.8313754534934685,0.0,0.0
1980-04-28,0.6951328301014464,0.0,0.0
1980-04-29,0.5129391214331549,0.0,0.0
1980-04-30,0.3350889432711644,0.0,0.0
1980-05-01,0.2749481523770902,0.0,0.0
1980-05-02,0.15163844837152685,1.0,0.0
1980-05-05,0.11385356632906399,1.0,0.0
1980-05-06,0.05857742843670564,1.0,1.0
1980-05-07,0.051473725657809485,1.0,1.0
1980-05-08,0.044808376175964726,1.0,1.0
1980-05-09,0.08851614109793164,1.0,1.0
1980-05-12,0.04566840580120779,1.0,1.0
1980-05-13,0.06797657398831707,1.0,1.0
1980-05-14,0.04608449897019769,1.0,1.0
1980-05-15,0.024474504555762982,1.0,1.0
1980-05-16,0.014889406617927639,1.0,1.0
1980-05-19,0.009455080478776006,1.0,1.0
1980-05-20,0.006805821173536665,1.0,1.0
1980-05-21,0.00541887439547652,1.0,1.0
1980-05-22,0.014599010372089409,1.0,1.0
1980-05-23,0.045856486819374265,1.0,1.0
1980-05-27,0.032143632665275534,1.0,1.0
1980-05-28,0.022244648005485073,1.0,1.0
1980-05-29,0.09825971668204254,1.0,1.0
1980-05-30,0.06929512004346824,1.0,1.0
1980-06-02,0.03900634272089457,1.0,1.0
1980-06-03,0.02215487153053651,1.0,1.0
1980-06-04,0.11214779386807641,1.0,1.0
1980-06-05,0.05833611137720469,1.0,1.0
1980-06-06,0.032959401374214665,1.0,1.0
1980-06-09,0.01917703715259824,1.0,1.0
1980-06-10,0.017672888194275416,1.0,1.0
1980-06-11,0.02511218085228526,1.0,1.0
1980-06-12,0.01543422116205124,1.0,1.0
1980-06-13,0.009849759412028073,1.0,1.0
1980-06-16,0.006884494567809063,1.0,1.0
1980-06-17,0.005492419758867733,1.0,1.0
1980-06-18,0.004821135630695974,1.0,1.0
1980-06-19,0.021853359266642468,1.0,1.0
1980-06-20,0.015513675023585196,1.0,1.0
1980-06-23,0.010295708467120926,1.0,1.0
1980-06-24,0.008714729446594374,1.0,1.0
1980-06-25,0.01925479023994503,1.0,1.0
1980-06-26,0.013223799756231254,1.0,1.0
1980-06-27,0.008722618123144737,1.0,1.0
1980-06-30,0.048528840262754475,1.0,1.0
1980-07-01,0.03068346694113156,1.0,1.0
1980-07-02,0.022404137371270796,1.0,1.0
1980-07-03,0.0556219412894208,1.0,1.0
1980-07-07,0.04330185647365019,1.0,1.0
1980-07-08,0.025787670003361598,1.0,1.0
1980-07-09,0.014415387821867076,1.0,1.0
1980-07-10,0.016318363940291358,1.0,1.0
1980-07-11,0.0138469518642381,1.0,1.0
1980-07-14,0.08867544470920267,1.0,1.0
1980-07-15,0.05779109731306588,1.0,1.0
1980-07-16,0.030349166051252353,1.0,1.0
1980-07-17,0.0743570119999753,1.0,1.0
1980-07-18,0.04024802027444971,1.0,1.0
1980-07-21,0.022628653669080602,1.0,1.0
1980-07-22,0.014220365744170483,1.0,1.0
1980-07-23,0.009388903218212778,1.0,1.0
1980-07-24,0.006835859187402225,1.0,1.0
1980-07-25,0.01003409216947618,1.0,1.0
1980-07-28,0.007723582189833791,1.0,1.0
1980-07-29,0.00878238231864005,1.0,1.0
1980-07-30,0.006343720563814529,1.0,1.0
1980-07-31,0.006201583986033533,1.0,1.0
1980-08-01,0.005444289056751078,1.0,1.0
1980-08-04,0.005657170523300225,1.0,1.0
1980-08-05,0.0049150003054842335,1.0,1.0
1980-08-06,0.006102157374883149,1.0,1.0
1980-08-07,0.026138657542665727,1.0,1.0
1980-08-08,0.015127707241859177,1.0,1.0
1980-08-11,0.017024351516535186,1.0,1.0
1980-08-12,0.01827241683824948,1.0,1.0
1980-08-13,0.012163809993728332,1.0,1.0
1980-08-14,0.044217571540798147,1.0,1.0
1980-08-15,0.025422166042301367,1.0,1.0
1980-08-18,0.23729587709012243,0.0,1.0
1980-08-19,0.18353871358113458,0.0,1.0
1980-08-20,0.17913077941918004,0.0,1.0
1980-08-21,0.34528373864855555,0.0,1.0
1980-08-22,0.23522141801099158,0.0,1.0
1980-08-25,0.16335469071194675,1.0,1.0
1980-08-26,0.088088060071399,1.0,1.0
1980-08-27,0.10551843816977531,1.0,1.0
1980-08-28,0.17701277039494515,0.0,1.0
1980-08-29,0.09487830392289605,1.0,1.0
1980-09-02,0.09350379142941578,1.0,1.0
1980-09-03,0.48423920667613807,0.0,1.0
1980-09-04,0.3445505066379993,0.0,1.0
1980-09-05,0.22031586802305128,0.0,1.0
1980-09-08,0.3634238604456539,0.0,1.0
1980-09-09,0.2402636596183694,0.0,1.0
1980-09-10,0.16609763728176938,1.0,1.0
1980-09-11,0.11367735092160441,1.0,1.0
1980-09-12,0.058421150969873784,1.0,1.0
1980-09-15,0.030372197457387427,1.0,1.0
1980-09-16,0.029187165447104663,1.0,1.0
1980-09-17,0.08401283876189447,1.0,1.0
1980-09-18,0.05018975442597546,1.0,1.0
1980-09-19,0.031972678548693054,1.0,1.0
1980-09-22,0.02563172524695669,1.0,1.0
1980-09-23,0.023890111152544222,1.0,1.0
1980-09-24,0.017211165884157675,1.0,1.0
1980-09-25,0.04078851102278452,1.0,1.0
1980-09-26,0.4982797410298963,0.0,1.0
1980-09-29,0.9904541537360864,0.0,0.0
1980-09-30,0.9884268786209925,0.0,0.0
1980-10-01,0.9811107562404511,0.0,0.0
1980-10-02,0.9420007808487981,0.0,0.0
1980-10-03,0.9340667422371678,0.0,0.0
1980-10-06,0.9801019785872462,0.0,0.0
1980-10-07,0.9380449916497122,0.0,0.0
1980-10-08,0.8604943465081192,0.0,0.0
1980-10-09,0.7534750937983884,0.0,0.0
1980-10-10,0.6284343017834847,0.0,0.0
1980-10-13,0.656512357002401,0.0,0.0
1980-10-14,0.46409479629197514,0.0,0.0
1980-10-15,0.49509210626526606,0.0,0.0
1980-10-16,0.643317557044977,0.0,0.0
1980-10-17,0.5278546917359422,0.0,0.0
1980-10-20,0.39055120695225315,0.0,0.0
1980-10-21,0.3141451087211587,0.0,0.0
1980-10-22,0.17661609860002284,0.0,0.0
1980-10-23,0.6814609261285367,0.0,0.0
1980-10-24,0.4938468196760326,0.0,0.0
1980-10-27,0.7517803806904971,0.0,0.0
1980-10-28,0.572427877182708,0.0,0.0
1980-10-29,0.3892350934769109,0.0,0.0
1980-10-30,0.6891344865819928,0.0,0.0
1980-10-31,0.6557779635422883,0.0,0.0
1980-11-03,0.6779756276803833,0.0,0.0
1980-11-05,0.8958824332694675,0.0,0.0
1980-11-06,0.985744282024024,0.0,0.0
1980-11-07,0.9297485581645824,0.0,0.0
1980-11-10,0.8327001097467229,0.0,0.0
1980-11-11,0.8592556306941631,0.0,0.0
1980-11-12,0.9952160136933009,0.0,0.0
1980-11-13,0.9892749930786858,0.0,0.0
1980-11-14,0.9442427723207873,0.0,0.0
1980-11-17,0.8632766267753115,0.0,0.0
1980-11-18,0.9164440807904295,0.0,0.0
1980-11-19,0.8330995313644989,0.0,0.0
1980-11-20,0.7929026498637312,0.0,0.0
1980-11-21,0.7851738775916827,0.0,0.0
1980-11-24,0.7121534253642906,0.0,0.0
1980-11-25,0.6130184560220782,0.0,0.0
1980-11-26,0.45340856353134523,0.0,0.0
1980-11-28,0.2822893412561943,0.0,0.0
1980-12-01,0.9461082436692531,0.0,0.0
1980-12-02,0.8722676025489992,0.0,0.0
1980-12-03,0.7402204099980297,0.0,0.0
1980-12-04,0.5668008925203609,0.0,0.0
1980-12-05,0.9491850766283342,0.0,0.0
1980-12-08,0.999805175218731,0.0,0.0
1980-12-09,0.9599936814727787,0.0,0.0
1980-12-10,0.9889957647699308,0.0,0.0
1980-12-11,0.9820952928507183,0.0,0.0
1980-12-12,0.9805227979069385,0.0,0.0
1980-12-15,0.9198089660500768,0.0,0.0
1980-12-16,0.8589409037337912,0.0,0.0
1980-12-17,0.9365345164874896,0.0,0.0
1980-12-18,0.8512534262062653,0.0,0.0
1980-12-19,0.7444252738367584,0.0,0.0
1980-12-22,0.8165674280041283,0.0,0.0
1980-12-23,0.6855029556744764,0.0,0.0
1980-12-24,0.5069913300325573,0.0,0.0
1980-12-26,0.3440255616953241,0.0,0.0
1980-12-29,0.43725804493414533,0.0,0.0
1980-12-30,0.26483050082318504,0.0,0.0
1980-12-31,0.15201864115451175,1.0,0.0
1981-01-02,0.09399828776192576,1.0,0.0
1981-01-05,0.08768960475542235,1.0,0.0
1981-01-06,0.045073814677983555,1.0,1.0
1981-01-07,0.9375828482106295,0.0,0.0
1981-01-08,0.9709544145403926,0.0,0.0
1981-01-09,0.907770397112457,0.0,0.0
1981-01-12,0.7927239026152876,0.0,0.0
1981-01-13,0.6578268697336033,0.0,0.0
1981-01-14,0.46970838957794775,0.0,0.0
1981-01-15,0.31748925621530005,0.0,0.0
1981-01-16,0.19854691224200985,0.0,0.0
1981-01-19,0.11403176750402637,1.0,0.0
1981-01-20,0.6456730100684721,0.0,0.0
1981-01-21,0.4938792128416764,0.0,0.0
1981-01-22,0.4772718018756751,0.0,0.0
1981-01-23,0.29915981498645927,0.0,0.0
1981-01-26,0.2137174907803003,0.0,0.0
1981-01-27,0.2080923619511061,0.0,0.0
1981-01-28,0.13867732746707837,1.0,0.0
1981-01-29,0.07331997997324471,1.0,0.0
1981-01-30,0.0488637993195425,1.0,1.0
1981-02-02,0.7390630340032097,0.0,0.0
1981-02-03,0.7412914953458648,0.0,0.0
1981-02-04,0.5616218004174139,0.0,0.0
1981-02-05,0.5180850657935177,0.0,0.0
1981-02-06,0.4235552577568493,0.0,0.0
1981-02-09,0.4808532243722645,0.0,0.0
1981-02-10,0.3081466034285492,0.0,0.0
1981-02-11,0.27330466964471833,0.0,0.0
1981-02-12,0.22230402831671547,0.0,0.0
1981-02-13,0.13391723338320924,1.0,0.0
1981-02-17,0.0762955934906146,1.0,0.0
1981-02-18,0.04373875127230191,1.0,1.0
1981-02-19,0.16175665567415962,1.0,1.0
1981-02-20,0.08954744755320357,1.0,1.0
1981-02-23,0.06350176666039417,1.0,1.0
1981-02-24,0.03480556722548601,1.0,1.0
1981-02-25,0.026820148027069522,1.0,1.0
1981-02-26,0.03941870445789253,1.0,1.0
1981-02-27,0.04032931139353997,1.0,1.0
1981-03-02,0.027941652983391307,1.0,1.0
1981-03-03,0.037298144124093144,1.0,1.0
1981-03-04,0.021322409044286915,1.0,1.0
1981-03-05,0.017814591665911417,1.0,1.0
1981-03-06,0.011924677117999192,1.0,1.0
1981-03-09,0.012077978528888617,1.0,1.0
1981-03-10,0.01123745010514851,1.0,1.0
1981-03-11,0.00961478830612489,1.0,1.0
1981-03-12,0.22369610859526032,0.0,1.0
1981-03-13,0.12445160570173765,1.0,1.0
1981-03-16,0.12588465251266273,1.0,1.0
1981-03-17,0.08447476516438251,1.0,1.0
1981-03-18,0.046088498525663026,1.0,1.0
1981-03-19,0.033877713119358346,1.0,1.0
1981-03-20,0.024392654135312865,1.0,1.0
1981-03-23,0.02935810936930478,1.0,1.0
1981-03-24,0.024787770245095236,1.0,1.0
1981-03-25,0.07686458419809512,1.0,1.0
1981-03-26,0.05211827937961967,1.0,1.0
1981-03-27,0.07342383423125129,1.0,1.0
1981-03-30,0.04477683055650665,1.0,1.0
1981-03-31,0.05043982839388419,1.0,1.0
1981-04-01,0.03160291749227265,1.0,1.0
1981-04-02,0.018932112989180103,1.0,1.0
1981-04-03,0.01594401147849375,1.0,1.0
1981-04-06,0.033666371329492635,1.0,1.0
1981-04-07,0.019700618986237373,1.0,1.0
1981-04-08,0.013067724785545388,1.0,1.0
1981-04-09,0.009829806882292909,1.0,1.0
1981-04-10,0.007733121132774674,1.0,1.0
1981-04-13,0.018634923801092503,1.0,1.0
1981-04-14,0.01670252391749344,1.0,1.0
1981-04-15,0.02194790076950561,1.0,1.0
1981-04-16,0.015110835800175028,1.0,1.0
1981-04-20,0.012069472258657843,1.0,1.0
1981-04-21,0.02059571121546766,1.0,1.0
1981-04-22,0.013292751531822607,1.0,1.0
1981-04-23,0.009488507656344201,1.0,1.0
1981-04-24,0.010128536318802003,1.0,1.0
1981-04-27,0.007933435403555405,1.0,1.0
1981-04-28,0.015913460889367324,1.0,1.0
1981-04-29,0.02535337993599086,1.0,1.0
1981-04-30,0.01543663482577301,1.0,1.0
1981-05-01,0.01108325992731028,1.0,1.0
1981-05-04,0.06593672926084457,1.0,1.0
1981-05-05,0.04363292097204357,1.0,1.0
1981-05-06,0.026364073933292452,1.0,1.0
1981-05-07,0.021860620292243192,1.0,1.0
1981-05-08,0.013604234108899261,1.0,1.0
1981-05-11,0.056528081961380997,1.0,1.0
1981-05-12,0.03953722552328098,1.0,1.0
1981-05-13,0.022722448988219447,1.0,1.0
1981-05-14,0.01669742985363519,1.0,1.0
1981-05-15,0.013700801729726526,1.0,1.0
1981-05-18,0.009617610897772726,1.0,1.0
1981-05-19,0.008709528396411079,1.0,1.0
1981-05-20,0.0071545980166593335,1.0,1.0
1981-05-21,0.006611965233853565,1.0,1.0
1981-05-22,0.00618551859735785,1.0,1.0
1981-05-26,0.009749639995647093,1.0,1.0
1981-05-27,0.009743148107290685,1.0,1.0
1981-05-28,0.008060835603797216,1.0,1.0
1981-05-29,0.008898116353665829,1.0,1.0
1981-06-01,0.00787803069833841,1.0,1.0
1981-06-02,0.044546973945069054,1.0,1.0
1981-06-03,0.025229931181339347,1.0,1.0
1981-06-04,0.015325633445654506,1.0,1.0
1981-06-05,0.016229485360528585,1.0,1.0
1981-06-08,0.010963220564758205,1.0,1.0
1981-06-09,0.009590530509091732,1.0,1.0
1981-06-10,0.0077360763134200405,1.0,1.0
1981-06-11,0.013114711419101619,1.0,1.0
1981-06-12,0.00943752771644604,1.0,1.0
1981-06-15,0.0075122121783828995,1.0,1.0
1981-06-16,0.023008875516791018,1.0,1.0
1981-06-17,0.01865064513494802,1.0,1.0
1981-06-18,0.04584058246264695,1.0,1.0
1981-06-19,0.02718517387515646,1.0,1.0
1981-06-22,0.01738486346013599,1.0,1.0
1981-06-23,0.019671529267469155,1.0,1.0
1981-06-24,0.017408526197030864,1.0,1.0
1981-06-25,0.011411669685527726,1.0,1.0
1981-06-26,0.009033349376511839,1.0,1.0
1981-06-29,0.010988128122968586,1.0,1.0
1981-06-30,0.012856014043133432,1.0,1.0
1981-07-01,0.02296592041092232,1.0,1.0
1981-07-02,0.03343942267051189,1.0,1.0
1981-07-06,0.06092340390539482,1.0,1.0
1981-07-07,0.03490304921268746,1.0,1.0
1981-07-08,0.02008523419329375,1.0,1.0
1981-07-09,0.0164542393812848,1.0,1.0
1981-07-10,0.010942860883510685,1.0,1.0
1981-07-13,0.008248617451795646,1.0,1.0
1981-07-14,0.007186160745332657,1.0,1.0
1981-07-15,0.006852792266419852,1.0,1.0
1981-07-16,0.006261738244164842,1.0,1.0
1981-07-17,0.0061528940750453206,1.0,1.0
1981-07-20,0.05552363624154678,1.0,1.0
1981-07-21,0.04013393940176049,1.0,1.0
1981-07-22,0.04830913528525246,1.0,1.0
1981-07-23,0.026883605110670672,1.0,1.0
1981-07-24,0.023930586279005725,1.0,1.0
1981-07-27,0.02227054426753382,1.0,1.0
1981-07-28,0.018436754755863326,1.0,1.0
1981-07-29,0.012085582371685177,1.0,1.0
1981-07-30,0.010486174889054367,1.0,1.0
1981-07-31,0.011585549466843257,1.0,1.0
1981-08-03,0.009943275463556826,1.0,1.0
1981-08-04,0.008452569294923471,1.0,1.0
1981-08-05,0.014645483291894445,1.0,1.0
1981-08-06,0.01005512228550573,1.0,1.0
1981-08-07,0.009891209170436592,1.0,1.0
1981-08-10,0.008119666966638767,1.0,1.0
1981-08-11,0.010879693254629896,1.0,1.0
1981-08-12,0.008975239186584888,1.0,1.0
1981-08-13,0.007294409134698909,1.0,1.0
1981-08-14,0.010704054003117384,1.0,1.0
1981-08-17,0.021447772065489742,1.0,1.0
1981-08-18,0.0411757735538587,1.0,1.0
1981-08-19,0.023407307699921654,1.0,1.0
1981-08-20,0.01440607768563444,1.0,1.0
1981-08-21,0.02290903661718156,1.0,1.0
1981-08-24,0.9587823634897769,0.0,0.0
1981-08-25,0.9138137333519502,0.0,0.0
1981-08-26,0.8157961190526495,0.0,0.0
1981-08-27,0.8533930640084907,0.0,0.0
1981-08-28,0.7335066392091367,0.0,0.0
1981-08-31,0.8100759219363187,0.0,0.0
1981-09-01,0.657049367301244,0.0,0.0
1981-09-02,0.47898922093996915,0.0,0.0
1981-09-03,0.914947753990181,0.0,0.0
1981-09-04,0.9231709564063744,0.0,0.0
1981-09-08,0.9929163721222705,0.0,0.0
1981-09-09,0.9491080714799227,0.0,0.0
1981-09-10,0.9691333029464524,0.0,0.0
1981-09-11,0.9590540408560704,0.0,0.0
1981-09-14,0.9348486165001624,0.0,0.0
1981-09-15,0.8909807424762177,0.0,0.0
1981-09-16,0.8743458347001047,0.0,0.0
1981-09-17,0.955282226576272,0.0,0.0
1981-09-18,0.9431996268527653,0.0,0.0
1981-09-21,0.8772632673274672,0.0,0.0
1981-09-22,0.8044684588896047,0.0,0.0
1981-09-23,0.8796590699006861,0.0,0.0
1981-09-24,0.7892888092527598,0.0,0.0
1981-09-25,0.9958359321480885,0.0,0.0
1981-09-28,0.9967885791890719,0.0,0.0
1981-09-29,0.9712865364201314,0.0,0.0
1981-09-30,0.910660536934948,0.0,0.0
1981-10-01,0.8421847143039983,0.0,0.0
1981-10-02,0.9740964028441847,0.0,0.0
1981-10-05,0.916360441818959,0.0,0.0
1981-10-06,0.8176065651943885,0.0,0.0
1981-10-07,0.9155828062137572,0.0,0.0
1981-10-08,0.8768565832120974,0.0,0.0
1981-10-09,0.7994042552214012,0.0,0.0
1981-10-12,0.6603793989278155,0.0,0.0
1981-10-13,0.4965616053353277,0.0,0.0
1981-10-14,0.8143682679145524,0.0,0.0
1981-10-15,0.6987671601798547,0.0,0.0
1981-10-16,0.5598868439463195,0.0,0.0
1981-10-19,0.39439872212489424,0.0,0.0
1981-10-20,0.36076955487324475,0.0,0.0
1981-10-21,0.22098411218525996,0.0,0.0
1981-10-22,0.14292548328457372,1.0,0.0
1981-10-23,0.13580159853128612,1.0,0.0
1981-10-26,0.09116895863642915,1.0,0.0
1981-10-27,0.08198067789416656,1.0,1.0
1981-10-28,0.044367206356257946,1.0,1.0
1981-10-29,0.029105197518025445,1.0,1.0
1981-10-30,0.3312894683088559,0.0,1.0
1981-11-02,0.7585490871711912,0.0,0.0
1981-11-03,0.6117776073593024,0.0,0.0
1981-11-04,0.4277465112824727,0.0,0.0
1981-11-05,0.3758284027952297,0.0,0.0
1981-11-06,0.28029851977425496,0.0,0.0
1981-11-09,0.16697151182389297,1.0,0.0
1981-11-10,0.10774818726000064,1.0,0.0
1981-11-11,0.05756616438856954,1.0,1.0
1981-11-12,0.031628029495526934,1.0,1.0
1981-11-13,0.059270863199428064,1.0,1.0
1981-11-16,0.1370023431287478,1.0,1.0
1981-11-17,0.08353453409803822,1.0,1.0
1981-11-18,0.05581409979360791,1.0,1.0
1981-11-19,0.032874691761136894,1.0,1.0
1981-11-20,0.029170402513878015,1.0,1.0
1981-11-23,0.017351928471586914,1.0,1.0
1981-11-24,0.029148512550895376,1.0,1.0
1981-11-25,0.017660642421232685,1.0,1.0
1981-11-27,0.01490119960621117,1.0,1.0
1981-11-30,0.014361818070641609,1.0,1.0
1981-12-01,0.01036195611987219,1.0,1.0
1981-12-02,0.01974690574739814,1.0,1.0
1981-12-03,0.012645238488053458,1.0,1.0
1981-12-04,0.011107600288141374,1.0,1.0
1981-12-07,0.014493889361173715,1.0,1.0
1981-12-08,0.012444703102804329,1.0,1.0
1981-12-09,0.009311441111925833,1.0,1.0
1981-12-10,0.007086184077876533,1.0,1.0
1981-12-11,0.008394300959198082,1.0,1.0
1981-12-14,0.059827332201459166,1.0,1.0
1981-12-15,0.03240634909002324,1.0,1.0
1981-12-16,0.02167424704632847,1.0,1.0
1981-12-17,0.014143777113562956,1.0,1.0
1981-12-18,0.011836146728167503,1.0,1.0
1981-12-21,0.010574827715082702,1.0,1.0
1981-12-22,0.009247732253901426,1.0,1.0
1981-12-23,0.008536002326240274,1.0,1.0
1981-12-24,0.006768509275566269,1.0,1.0
1981-12-28,0.006478693856599176,1.0,1.0
1981-12-29,0.008064745633324951,1.0,1.0
1981-12-30,0.00681214059582515,1.0,1.0
1981-12-31,0.006058336404340226,1.0,1.0
1982-01-04,0.0055163796921683965,1.0,1.0
1982-01-05,0.1597331679206095,1.0,1.0
1982-01-06,0.15322260163574683,1.0,1.0
1982-01-07,0.09097690075710771,1.0,1.0
1982-01-08,0.05318617651343676,1.0,1.0
1982-01-11,0.7250922129239745,0.0,0.0
1982-01-12,0.6292087526951634,0.0,0.0
1982-01-13,0.7783948890558949,0.0,0.0
1982-01-14,0.6415612638939157,0.0,0.0
1982-01-15,0.510177621848028,0.0,0.0
1982-01-18,0.37556500310053453,0.0,0.0
1982-01-19,0.4012384864269946,0.0,0.0
1982-01-20,0.32675414875260633,0.0,0.0
1982-01-21,0.1967522884313064,1.0,0.0
1982-01-22,0.12627023694872866,1.0,0.0
1982-01-25,0.0814984719336628,1.0,1.0
1982-01-26,0.04593746683242414,1.0,1.0
1982-01-27,0.026479199295731653,1.0,1.0
1982-01-28,0.6397778630227978,0.0,1.0
1982-01-29,0.6591628864827566,0.0,0.0
1982-02-01,0.9385379050082543,0.0,0.0
1982-02-02,0.8543162482300697,0.0,0.0
1982-02-03,0.8548216087653816,0.0,0.0
1982-02-04,0.7333213954658705,0.0,0.0
1982-02-05,0.6463783804873219,0.0,0.0
1982-02-08,0.9799596078218156,0.0,0.0
1982-02-09,0.9660972950590185,0.0,0.0
1982-02-10,0.9161605341143166,0.0,0.0
1982-02-11,0.8205643757502381,0.0,0.0
1982-02-12,0.6758914520971291,0.0,0.0
1982-02-16,0.552367122678347,0.0,0.0
1982-02-17,0.38513413877693947,0.0,0.0
1982-02-18,0.23268756981237496,0.0,0.0
1982-02-19,0.16087235859449478,1.0,0.0
1982-02-22,0.33677833824145603,0.0,0.0
1982-02-23,0.21497508284465827,0.0,0.0
1982-02-24,0.3318491800972723,0.0,0.0
1982-02-25,0.20093957874333013,1.0,0.0
1982-02-26,0.1187850611626855,1.0,0.0
1982-03-01,0.0659516887161162,1.0,1.0
1982-03-02,0.04400212065930488,1.0,1.0
1982-03-03,0.17354931007187405,1.0,1.0
1982-03-04,0.24610803461627728,0.0,1.0
1982-03-05,0.2117000209839322,1.0,1.0
1982-03-08,0.5823921134254079,0.0,1.0
1982-03-09,0.4695363993067468,0.0,1.0
1982-03-10,0.32810022469323036,0.0,1.0
1982-03-11,0.20217732267304653,1.0,1.0
1982-03-12,0.19775499868356078,1.0,1.0
1982-03-15,0.12233737196360776,1.0,1.0
1982-03-16,0.06864379497649,1.0,1.0
1982-03-17,0.040254567783397255,1.0,1.0
1982-03-18,0.050192433752139685,1.0,1.0
1982-03-19,0.029174697475330844,1.0,1.0
1982-03-22,0.16844431615848088,1.0,1.0
1982-03-23,0.10972153033144239,1.0,1.0
1982-03-24,0.07589542860992632,1.0,1.0
1982-03-25,0.04312684315159768,1.0,1.0
1982-03-26,0.052991187379602234,1.0,1.0
1982-03-29,0.02986618770317438,1.0,1.0
1982-03-30,0.01813789650228328,1.0,1.0
1982-03-31,0.013226250330363922,1.0,1.0
1982-04-01,0.03246085735876759,1.0,1.0
1982-04-02,0.0382751332860991,1.0,1.0
1982-04-05,0.025551531349652785,1.0,1.0
1982-04-06,0.017534739668735255,1.0,1.0
1982-04-07,0.01178201570280463,1.0,1.0
1982-04-08,0.01053554825300183,1.0,1.0
1982-04-12,0.008973222468128919,1.0,1.0
1982-04-13,0.007633516503459607,1.0,1.0
1982-04-14,0.007270187140452909,1.0,1.0
1982-04-15,0.007058543437261099,1.0,1.0
1982-04-16,0.007227090427620623,1.0,1.0
1982-04-19,0.0068446664367794235,1.0,1.0
1982-04-20,0.014998910137673504,1.0,1.0
1982-04-21,0.010611742661436958,1.0,1.0
1982-04-22,0.015512846169914472,1.0,1.0
1982-04-23,0.021508265990691097,1.0,1.0
1982-04-26,0.014877475119512052,1.0,1.0
1982-04-27,0.02343670817166935,1.0,1.0
1982-04-28,0.022055119135761588,1.0,1.0
1982-04-29,0.030898553184135844,1.0,1.0
1982-04-30,0.01857752518809709,1.0,1.0
1982-05-03,0.012529317512286508,1.0,1.0
1982-05-04,0.011057010145740682,1.0,1.0
1982-05-05,0.00853257285349201,1.0,1.0
1982-05-06,0.01085250834275624,1.0,1.0
1982-05-07,0.01091941857325065,1.0,1.0
1982-05-10,0.015090716316463101,1.0,1.0
1982-05-11,0.015041422482767202,1.0,1.0
1982-05-12,0.01209035801439764,1.0,1.0
1982-05-13,0.013732843965619967,1.0,1.0
1982-05-14,0.010331218813951631,1.0,1.0
1982-05-17,0.023698598969925634,1.0,1.0
1982-05-18,0.029035947510788866,1.0,1.0
1982-05-19,0.03151417535777075,1.0,1.0
1982-05-20,0.023817833548585278,1.0,1.0
1982-05-21,0.014954725747607927,1.0,1.0
1982-05-24,0.010785992317353988,1.0,1.0
1982-05-25,0.009590237072803431,1.0,1.0
1982-05-26,0.033405317630757436,1.0,1.0
1982-05-27,0.025690060653022782,1.0,1.0
1982-05-28,0.019151225686229175,1.0,1.0
1982-06-01,0.015187829234036892,1.0,1.0
1982-06-02,0.010917901416999772,1.0,1.0
1982-06-03,0.009134292320632708,1.0,1.0
1982-06-04,0.05696543152741229,1.0,1.0
1982-06-07,0.033520202650225414,1.0,1.0
1982-06-08,0.02510214393589803,1.0,1.0
1982-06-09,0.02558783167841691,1.0,1.0
1982-06-10,0.016649927882079016,1.0,1.0
1982-06-11,0.05139687364249501,1.0,1.0
1982-06-14,0.09305890543625518,1.0,1.0
1982-06-15,0.06117957583645559,1.0,1.0
1982-06-16,0.048012878283593845,1.0,1.0
1982-06-17,0.07504840475172898,1.0,1.0
1982-06-18,0.057547053436719724,1.0,1.0
1982-06-21,0.033062698374859,1.0,1.0
1982-06-22,0.02730516649646368,1.0,1.0
1982-06-23,0.07431742431909033,1.0,1.0
1982-06-24,0.04360318886772648,1.0,1.0
1982-06-25,0.03643874668820764,1.0,1.0
1982-06-28,0.028822756117875624,1.0,1.0
1982-06-29,0.017604383673959757,1.0,1.0
1982-06-30,0.014363480848284468,1.0,1.0
1982-07-01,0.019144452454105124,1.0,1.0
1982-07-02,0.022352585284982112,1.0,1.0
1982-07-06,0.017975551869247944,1.0,1.0
1982-07-07,0.013002163801264654,1.0,1.0
1982-07-08,0.00956663791273652,1.0,1.0
1982-07-09,0.016092279263843517,1.0,1.0
1982-07-12,0.014048674525152332,1.0,1.0
1982-07-13,0.010457566042977038,1.0,1.0
1982-07-14,0.009900765000496057,1.0,1.0
1982-07-15,0.007989829480183338,1.0,1.0
1982-07-16,0.007576595935128349,1.0,1.0
1982-07-19,0.007537846886602483,1.0,1.0
1982-07-20,0.007765460433270861,1.0,1.0
1982-07-21,0.006977149710087275,1.0,1.0
1982-07-22,0.006547963660924862,1.0,1.0
1982-07-23,0.007332080075206723,1.0,1.0
1982-07-26,0.011175856389881224,1.0,1.0
1982-07-27,0.01640504024458475,1.0,1.0
1982-07-28,0.09042593497602038,1.0,1.0
1982-07-29,0.05250561088820818,1.0,1.0
1982-07-30,0.03766486745089871,1.0,1.0
1982-08-02,0.1062175060162432,1.0,1.0
1982-08-03,0.11358456214324096,1.0,1.0
1982-08-04,0.3115306976278653,0.0,1.0
1982-08-05,0.30870451738530463,0.0,1.0
1982-08-06,0.4427228805908783,0.0,1.0
1982-08-09,0.4057513810395394,0.0,1.0
1982-08-10,0.26498845293193196,0.0,1.0
1982-08-11,0.17398744838305302,1.0,1.0
1982-08-12,0.10844940622031579,1.0,1.0
1982-08-13,0.11185771063453526,1.0,1.0
1982-08-16,0.06545294062361783,1.0,1.0
1982-08-17,0.9998857869061726,0.0,0.0
1982-08-18,0.9602446193030992,0.0,0.0
1982-08-19,0.8899059194661242,0.0,0.0
1982-08-20,0.9997331787521878,0.0,0.0
1982-08-23,0.999725114421332,0.0,0.0
1982-08-24,0.9640083750952344,0.0,0.0
1982-08-25,0.9934207058905051,0.0,0.0
1982-08-26,0.9746925636426248,0.0,0.0
1982-08-27,0.9696567829234873,0.0,0.0
1982-08-30,0.9114993314515145,0.0,0.0
1982-08-31,0.9456358154123979,0.0,0.0
1982-09-01,0.9314736380786264,0.0,0.0
1982-09-02,0.9666044437006078,0.0,0.0
1982-09-03,0.9889991540872093,0.0,0.0
1982-09-07,0.9743736408607967,0.0,0.0
1982-09-08,0.9330243032593796,0.0,0.0
1982-09-09,0.8456760724972334,0.0,0.0
1982-09-10,0.8088115771511903,0.0,0.0
1982-09-13,0.747897602945653,0.0,0.0
1982-09-14,0.6783236087732852,0.0,0.0
1982-09-15,0.6013775127594262,0.0,0.0
1982-09-16,0.4355960699964734,0.0,0.0
1982-09-17,0.467788061230524,0.0,0.0
1982-09-20,0.31132539496904293,0.0,0.0
1982-09-21,0.6284976579298898,0.0,0.0
1982-09-22,0.5124233222610602,0.0,0.0
1982-09-23,0.3568283643041949,0.0,0.0
1982-09-24,0.2375883861437599,0.0,0.0
1982-09-27,0.13771991094646782,1.0,0.0
1982-09-28,0.08188531467273119,1.0,0.0
1982-09-29,0.16008293722214714,1.0,0.0
1982-09-30,0.1659651819795307,1.0,0.0
1982-10-01,0.1856652300083682,1.0,0.0
1982-10-04,0.11469906134338918,1.0,0.0
1982-10-05,0.06906165161683449,1.0,1.0
1982-10-06,0.9575170110708121,0.0,0.0
1982-10-07,0.9936594342463398,0.0,0.0
1982-10-08,0.9938301850997852,0.0,0.0
1982-10-11,0.9985756551050216,0.0,0.0
1982-10-12,0.9592792441161171,0.0,0.0
1982-10-13,0.9871069808918035,0.0,0.0
1982-10-14,0.9853900234343848,0.0,0.0
1982-10-15,0.953562638917096,0.0,0.0
1982-10-18,0.9928161427893036,0.0,0.0
1982-10-19,0.9480441244589847,0.0,0.0
1982-10-20,0.9879369648862822,0.0,0.0
1982-10-21,0.9392261144121542,0.0,0.0
1982-10-22,0.8553879624423729,0.0,0.0
1982-10-25,0.9999926473631204,0.0,0.0
1982-10-26,0.9664247744654209,0.0,0.0
1982-10-27,0.9280021906967219,0.0,0.0
1982-10-28,0.9304095800234922,0.0,0.0
1982-10-29,0.84357287317075,0.0,0.0
1982-11-01,0.8544897472782675,0.0,0.0
1982-11-02,0.9302663329198527,0.0,0.0
1982-11-03,0.9999857454678539,0.0,0.0
1982-11-04,0.9663753115914149,0.0,0.0
1982-11-05,0.9113409157957635,0.0,0.0
1982-11-08,0.9109574354978868,0.0,0.0
1982-11-09,0.9653204123005825,0.0,0.0
1982-11-10,0.9614244255344198,0.0,0.0
1982-11-11,0.9010646411063761,0.0,0.0
1982-11-12,0.906783021534378,0.0,0.0
1982-11-15,0.9838346233117483,0.0,0.0
1982-11-16,0.9865467223255596,0.0,0.0
1982-11-17,0.9906702376387895,0.0,0.0
1982-11-18,0.9485323885293095,0.0,0.0
1982-11-19,0.9141054697317526,0.0,0.0
1982-11-22,0.9918152691669898,0.0,0.0
1982-11-23,0.9703463270654562,0.0,0.0
1982-11-24,0.9304985951540901,0.0,0.0
1982-11-26,0.8768171864004876,0.0,0.0
1982-11-29,0.8020177339730418,0.0,0.0
1982-11-30,0.9984593038219741,0.0,0.0
1982-12-01,0.9597677142741233,0.0,0.0
1982-12-02,0.8900768378723787,0.0,0.0
1982-12-03,0.7816020285770237,0.0,0.0
1982-12-06,0.9430014346459409,0.0,0.0
1982-12-07,0.8836614345422314,0.0,0.0
1982-12-08,0.8054097347785322,0.0,0.0
1982-12-09,0.8731830917065052,0.0,0.0
1982-12-10,0.8160148738415456,0.0,0.0
1982-12-13,0.6724074014346705,0.0,0.0
1982-12-14,0.8999804824765135,0.0,0.0
1982-12-15,0.9795916142881568,0.0,0.0
1982-12-16,0.9269358071473093,0.0,0.0
1982-12-17,0.9546033319248893,0.0,0.0
1982-12-20,0.9335317871626145,0.0,0.0
1982-12-21,0.951724165484861,0.0,0.0
1982-12-22,0.8777074291760845,0.0,0.0
1982-12-23,0.7900104453849759,0.0,0.0
1982-12-27,0.87737078300648,0.0,0.0
1982-12-28,0.8548020582127267,0.0,0.0
1982-12-29,0.7321934348579808,0.0,0.0
1982-12-30,0.6510397326167063,0.0,0.0
1982-12-31,0.4847417156557348,0.0,0.0
1983-01-03,0.7528516287944723,0.0,0.0
1983-01-04,0.9105298121528773,0.0,0.0
1983-01-05,0.8282197443837388,0.0,0.0
1983-01-06,0.9891658444043531,0.0,0.0
1983-01-07,0.9410436429809689,0.0,0.0
1983-01-10,0.9325656112398341,0.0,0.0
1983-01-11,0.8824672562370031,0.0,0.0
1983-01-12,0.8027397566967126,0.0,0.0
1983-01-13,0.7121540391772866,0.0,0.0
1983-01-14,0.596066157134184,0.0,0.0
1983-01-17,0.4215792435332339,0.0,0.0
1983-01-18,0.2756146085489427,0.0,0.0
1983-01-19,0.252715935228828,0.0,0.0
1983-01-20,0.1613495381890231,1.0,0.0
1983-01-21,0.43583735006667634,0.0,0.0
1983-01-24,0.9955309367472736,0.0,0.0
1983-01-25,0.979351139958332,0.0,0.0
1983-01-26,0.9236454939166354,0.0,0.0
1983-01-27,0.97736796533063,0.0,0.0
1983-01-28,0.9209499452931821,0.0,0.0
1983-01-31,0.849661319799131,0.0,0.0
1983-02-01,0.8959318241368823,0.0,0.0
1983-02-02,0.7871390487554597,0.0,0.0
1983-02-03,0.7020312859338562,0.0,0.0
1983-02-04,0.7706721908734474,0.0,0.0
1983-02-07,0.6447472785994638,0.0,0.0
1983-02-08,0.5948825220187972,0.0,0.0
1983-02-09,0.45856536096242817,0.0,0.0
1983-02-10,0.6661162219278777,0.0,0.0
1983-02-11,0.49226452546172034,0.0,0.0
1983-02-14,0.4358587980309043,0.0,0.0
1983-02-15,0.29322429548012774,0.0,0.0
1983-02-16,0.2203921909315237,0.0,0.0
1983-02-17,0.155900342553957,1.0,0.0
1983-02-18,0.09752702478756879,1.0,0.0
1983-02-22,0.20379217267339356,1.0,0.0
1983-02-23,0.16279894089392657,1.0,0.0
1983-02-24,0.40535085263931625,0.0,0.0
1983-02-25,0.25898221097004337,0.0,0.0
1983-02-28,0.2961291064860681,0.0,0.0
1983-03-01,0.5334279911394397,0.0,0.0
1983-03-02,0.4838926411671055,0.0,0.0
1983-03-03,0.40321502999613346,0.0,0.0
1983-03-04,0.25914367236598485,0.0,0.0
1983-03-07,0.15421596200511292,1.0,0.0
1983-03-08,0.3051009358358789,0.0,0.0
1983-03-09,0.27652645307215745,0.0,0.0
1983-03-10,0.20129569839902295,1.0,0.0
1983-03-11,0.13010018738119394,1.0,0.0
1983-03-14,0.08778133969788479,1.0,0.0
1983-03-15,0.050890894500896774,1.0,1.0
1983-03-16,0.049230154233800144,1.0,1.0
1983-03-17,0.030835214225863505,1.0,1.0
1983-03-18,0.01974103120118917,1.0,1.0
1983-03-21,0.01835246117340723,1.0,1.0
1983-03-22,0.01368209514807566,1.0,1.0
1983-03-23,0.02909656883763412,1.0,1.0
1983-03-24,0.020098890853189354,1.0,1.0
1983-03-25,0.015195518556223604,1.0,1.0
1983-03-28,0.015543483373762516,1.0,1.0
1983-03-29,0.011963072477984097,1.0,1.0
1983-03-30,0.017639612120368294,1.0,1.0
1983-03-31,0.013291640207136003,1.0,1.0
1983-04-04,0.010462551049929426,1.0,1.0
1983-04-05,0.012197786330152319,1.0,1.0
1983-04-06,0.014581741383110951,1.0,1.0
1983-04-07,0.01155816367821134,1.0,1.0
1983-04-08,0.01154065641888909,1.0,1.0
1983-04-11,0.028495910587988647,1.0,1.0
1983-04-12,0.020284228216038657,1.0,1.0
1983-04-13,0.01890707185146913,1.0,1.0
1983-04-14,0.020794509195925067,1.0,1.0
1983-04-15,0.016303469931187458,1.0,1.0
1983-04-18,0.014763711437193957,1.0,1.0
1983-04-19,0.015699941150705485,1.0,1.0
1983-04-20,0.026652405727706375,1.0,1.0
1983-04-21,0.018481723773705317,1.0,1.0
1983-04-22,0.01326046204024395,1.0,1.0
1983-04-25,0.021495017821921168,1.0,1.0
1983-04-26,0.06501762740002148,1.0,1.0
1983-04-27,0.03852560176688385,1.0,1.0
1983-04-28,0.03758370187317984,1.0,1.0
1983-04-29,0.03264608065902478,1.0,1.0
1983-05-02,0.07136769637670153,1.0,1.0
1983-05-03,0.04124197219955721,1.0,1.0
1983-05-04,0.038079494076910615,1.0,1.0
1983-05-05,0.035955582501444885,1.0,1.0
1983-05-06,0.05354929240216036,1.0,1.0
1983-05-09,0.03158009719227313,1.0,1.0
1983-05-10,0.02018071023874504,1.0,1.0
1983-05-11,0.018894247284298834,1.0,1.0
1983-05-12,0.015109129285442129,1.0,1.0
1983-05-13,0.012472640051158258,1.0,1.0
1983-05-16,0.022275668019414416,1.0,1.0
1983-05-17,0.015878877752373,1.0,1.0
1983-05-18,0.01168827593375878,1.0,1.0
1983-05-19,0.01419113113643339,1.0,1.0
1983-05-20,0.010860211601457333,1.0,1.0
1983-05-23,0.012202542819967145,1.0,1.0
1983-05-24,0.02749471400783021,1.0,1.0
1983-05-25,0.020301938836690476,1.0,1.0
1983-05-26,0.01481228656096252,1.0,1.0
1983-05-27,0.013037715403887398,1.0,1.0
1983-05-31,0.03270106146830695,1.0,1.0
1983-06-01,0.020483158696533256,1.0,1.0
1983-06-02,0.020647214025867784,1.0,1.0
1983-06-03,0.015401624405972971,1.0,1.0
1983-06-06,0.012051187926435029,1.0,1.0
1983-06-07,0.020509447855727524,1.0,1.0
1983-06-08,0.025415550907377953,1.0,1.0
1983-06-09,0.01697892272633343,1.0,1.0
1983-06-10,0.015850023661371143,1.0,1.0
1983-06-13,0.02859102159501264,1.0,1.0
1983-06-14,0.02011803488007271,1.0,1.0
1983-06-15,0.022557420857593463,1.0,1.0
1983-06-16,0.031229394352916134,1.0,1.0
1983-06-17,0.01982080087464422,1.0,1.0
1983-06-20,0.014051857503676875,1.0,1.0
1983-06-21,0.014409060998185681,1.0,1.0
1983-06-22,0.011138901676351759,1.0,1.0
1983-06-23,0.009782879806783431,1.0,1.0
1983-06-24,0.00858061619557553,1.0,1.0
1983-06-27,0.02367657212299237,1.0,1.0
1983-06-28,0.19421946429680897,1.0,1.0
1983-06-29,0.12257788137036423,1.0,1.0
1983-06-30,0.10404498246345224,1.0,1.0
1983-07-01,0.07070924133895524,1.0,1.0
1983-07-05,0.15600718121418167,1.0,1.0
1983-07-06,0.14976753686596922,1.0,1.0
1983-07-07,0.10114905897055215,1.0,1.0
1983-07-08,0.061525447657093744,1.0,1.0
1983-07-11,0.04021126781169679,1.0,1.0
1983-07-12,0.11681852290532124,1.0,1.0
1983-07-13,0.07125856659997067,1.0,1.0
1983-07-14,0.04255153895556127,1.0,1.0
1983-07-15,0.059181849232781546,1.0,1.0
1983-07-18,0.04121530635921215,1.0,1.0
1983-07-19,0.027877316240178404,1.0,1.0
1983-07-20,0.49197656966733216,0.0,1.0
1983-07-21,0.3297477170131198,0.0,1.0
1983-07-22,0.20347499957462287,1.0,1.0
1983-07-25,0.12278877605431329,1.0,1.0
1983-07-26,0.07331791140419613,1.0,1.0
1983-07-27,0.24936106029771235,1.0,1.0
1983-07-28,0.5842568655637831,0.0,1.0
1983-07-29,0.7999301126672983,0.0,0.0
1983-08-01,0.710097587816165,0.0,0.0
1983-08-02,0.5489121788171659,0.0,0.0
1983-08-03,0.4170728980022607,0.0,0.0
1983-08-04,0.5504255236918614,0.0,0.0
1983-08-05,0.38900541070802314,0.0,0.0
1983-08-08,0.6956831402613912,0.0,0.0
1983-08-09,0.5418372283551788,0.0,0.0
1983-08-10,0.47187535325471147,0.0,0.0
1983-08-11,0.3128136955997293,0.0,0.0
1983-08-12,0.21867656225300602,1.0,0.0
1983-08-15,0.18648861646729736,1.0,0.0
1983-08-16,0.12072117746304346,1.0,0.0
1983-08-17,0.11305670668246584,1.0,0.0
1983-08-18,0.07351007702683136,1.0,1.0
1983-08-19,0.04259166950439038,1.0,1.0
1983-08-22,0.0256609308527103,1.0,1.0
1983-08-23,0.03743897129233525,1.0,1.0
1983-08-24,0.04504036965388289,1.0,1.0
1983-08-25,0.03010381805694452,1.0,1.0
1983-08-26,0.02389641365746565,1.0,1.0
1983-08-29,0.01584152609801937,1.0,1.0
1983-08-30,0.011554718669235171,1.0,1.0
1983-08-31,0.01706510921177906,1.0,1.0
1983-09-01,0.012173962853709376,1.0,1.0
1983-09-02,0.011575083011315053,1.0,1.0
1983-09-06,0.03682748653637367,1.0,1.0
1983-09-07,0.022569970350906486,1.0,1.0
1983-09-08,0.015069260848156903,1.0,1.0
1983-09-09,0.011496798024568959,1.0,1.0
1983-09-12,0.01666872377290909,1.0,1.0
1983-09-13,0.01613803334881233,1.0,1.0
1983-09-14,0.011826588360426387,1.0,1.0
1983-09-15,0.011479893439907891,1.0,1.0
1983-09-16,0.014011335734142226,1.0,1.0
1983-09-19,0.019170557088194908,1.0,1.0
1983-09-20,0.017676693880098054,1.0,1.0
1983-09-21,0.014490348637290082,1.0,1.0
1983-09-22,0.014271242782951546,1.0,1.0
1983-09-23,0.011025739057728535,1.0,1.0
1983-09-26,0.008950376058592809,1.0,1.0
1983-09-27,0.015468710377245629,1.0,1.0
1983-09-28,0.012261301164429592,1.0,1.0
1983-09-29,0.011260710274539096,1.0,1.0
1983-09-30,0.013606973835026518,1.0,1.0
1983-10-03,0.01125685504869295,1.0,1.0
1983-10-04,0.009270997291671754,1.0,1.0
1983-10-05,0.010383446918987408,1.0,1.0
1983-10-06,0.02352494353052903,1.0,1.0
1983-10-07,0.015948980203436523,1.0,1.0
1983-10-10,0.015420742489390803,1.0,1.0
1983-10-11,0.03297679023326001,1.0,1.0
1983-10-12,0.028824778340066616,1.0,1.0
1983-10-13,0.018506844591632845,1.0,1.0
1983-10-14,0.012903996985280566,1.0,1.0
1983-10-17,0.009917139546980522,1.0,1.0
1983-10-18,0.05710669163501996,1.0,1.0
1983-10-19,0.05891640053510335,1.0,1.0
1983-10-20,0.03474247011516154,1.0,1.0
1983-10-21,0.03343657786345669,1.0,1.0
1983-10-24,0.021515793538809953,1.0,1.0
1983-10-25,0.014777806186948845,1.0,1.0
1983-10-26,0.014529155681711037,1.0,1.0
1983-10-27,0.012108651299399201,1.0,1.0
1983-10-28,0.016191294963932183,1.0,1.0
1983-10-31,0.011896601836543588,1.0,1.0
1983-11-01,0.00946435614266082,1.0,1.0
1983-11-02,0.011421387544063664,1.0,1.0
1983-11-03,0.01265970283649309,1.0,1.0
1983-11-04,0.013298222531039265,1.0,1.0
1983-11-07,0.011896678868758077,1.0,1.0
1983-11-08,0.009996131308664218,1.0,1.0
1983-11-09,0.016659589842534548,1.0,1.0
1983-11-10,0.012476144816509221,1.0,1.0
1983-11-11,0.02362367575058164,1.0,1.0
1983-11-14,0.016584441666042445,1.0,1.0
1983-11-15,0.015786741586458965,1.0,1.0
1983-11-16,0.012243257662474746,1.0,1.0
1983-11-17,0.009570285195647392,1.0,1.0
1983-11-18,0.009548175209220732,1.0,1.0
1983-11-21,0.009326388011397416,1.0,1.0
1983-11-22,0.00862728747444838,1.0,1.0
1983-11-23,0.0077006621328699325,1.0,1.0
1983-11-25,0.00727829022067311,1.0,1.0
1983-11-28,0.00800014906679679,1.0,1.0
1983-11-29,0.009611294622947963,1.0,1.0
1983-11-30,0.012453862419482003,1.0,1.0
1983-12-01,0.009693658012443247,1.0,1.0
1983-12-02,0.011999004511863844,1.0,1.0
1983-12-05,0.009480859468452884,1.0,1.0
1983-12-06,0.008551341589689272,1.0,1.0
1983-12-07,0.007739751690601013,1.0,1.0
1983-12-08,0.009008726829137961,1.0,1.0
1983-12-09,0.007914883540381995,1.0,1.0
1983-12-12,0.0073214866733157195,1.0,1.0
1983-12-13,0.008128804575902114,1.0,1.0
1983-12-14,0.016174549908506555,1.0,1.0
1983-12-15,0.02162663538971204,1.0,1.0
1983-12-16,0.015008829352777014,1.0,1.0
1983-12-19,0.011142086543166368,1.0,1.0
1983-12-20,0.009661034658610144,1.0,1.0
1983-12-21,0.011029495862669386,1.0,1.0
1983-12-22,0.009400485192024252,1.0,1.0
1983-12-23,0.008151876057580184,1.0,1.0
1983-12-27,0.009469517716221289,1.0,1.0
1983-12-28,0.008223897000596208,1.0,1.0
1983-12-29,0.0078055298996008195,1.0,1.0
1983-12-30,0.007333422483769218,1.0,1.0
1984-01-03,0.008610312447393386,1.0,1.0
1984-01-04,0.03079771802918585,1.0,1.0
1984-01-05,0.051118499267540425,1.0,1.0
1984-01-06,0.032670438846287626,1.0,1.0
1984-01-09,0.02116197069123145,1.0,1.0
1984-01-10,0.01673577839671609,1.0,1.0
1984-01-11,0.012220043917269996,1.0,1.0
1984-01-12,0.009685043761539038,1.0,1.0
1984-01-13,0.009554887021133468,1.0,1.0
1984-01-16,0.008220990182619337,1.0,1.0
1984-01-17,0.007716173806522023,1.0,1.0
1984-01-18,0.007529707555403821,1.0,1.0
1984-01-19,0.008051194300482414,1.0,1.0
1984-01-20,0.010435814414178552,1.0,1.0
1984-01-23,0.017460955075653244,1.0,1.0
1984-01-24,0.012870318879379295,1.0,1.0
1984-01-25,0.01357404075416028,1.0,1.0
1984-01-26,0.012695581467134717,1.0,1.0
1984-01-27,0.010485176880894074,1.0,1.0
1984-01-30,0.015923315898734608,1.0,1.0
1984-01-31,0.011499839815333894,1.0,1.0
1984-02-01,0.011539219634225065,1.0,1.0
1984-02-02,0.009531225400545846,1.0,1.0
1984-02-03,0.03361642303423562,1.0,1.0
1984-02-06,0.16016292947561891,1.0,1.0
1984-02-07,0.09266066821331789,1.0,1.0
1984-02-08,0.3697907442124036,0.0,1.0
1984-02-09,0.2808803274773843,0.0,1.0
1984-02-10,0.18978481352673773,1.0,1.0
1984-02-13,0.21479297965199248,1.0,1.0
1984-02-14,0.1941648739164256,1.0,1.0
1984-02-15,0.11717443045942652,1.0,1.0
1984-02-16,0.06348380056700104,1.0,1.0
1984-02-17,0.03989018140937824,1.0,1.0
1984-02-21,0.0382574441523874,1.0,1.0
1984-02-22,0.02516546111362837,1.0,1.0
1984-02-23,0.017073609973392002,1.0,1.0
1984-02-24,0.16679232038725814,1.0,1.0
1984-02-27,0.20423148540518996,1.0,1.0
1984-02-28,0.41238572041697336,0.0,1.0
1984-02-29,0.26901665927392476,0.0,1.0
1984-03-01,0.1994366892105148,1.0,1.0
1984-03-02,0.14771009300477772,1.0,1.0
1984-03-05,0.13404816516652543,1.0,1.0
1984-03-06,0.15795382494855112,1.0,1.0
1984-03-07,0.20930353445831806,1.0,1.0
1984-03-08,0.12760935366228085,1.0,1.0
1984-03-09,0.08831623158245322,1.0,1.0
1984-03-12,0.09099298256254074,1.0,1.0
1984-03-13,0.056126377742567735,1.0,1.0
1984-03-14,0.033275441798343526,1.0,1.0
1984-03-15,0.022537298634575074,1.0,1.0
1984-03-16,0.028729041616931145,1.0,1.0
1984-03-19,0.036254385736211064,1.0,1.0
1984-03-20,0.02585331615763289,1.0,1.0
1984-03-21,0.017127031464254403,1.0,1.0
1984-03-22,0.028011112960251865,1.0,1.0
1984-03-23,0.018162091264375298,1.0,1.0
1984-03-26,0.012787017255636742,1.0,1.0
1984-03-27,0.010054533322796237,1.0,1.0
1984-03-28,0.027901867294411974,1.0,1.0
1984-03-29,0.018146148288079013,1.0,1.0
1984-03-30,0.01303231380844489,1.0,1.0
1984-04-02,0.014857409102719436,1.0,1.0
1984-04-03,0.012226520683868706,1.0,1.0
1984-04-04,0.009658212688430068,1.0,1.0
1984-04-05,0.04841169123064883,1.0,1.0
1984-04-06,0.02884928929575957,1.0,1.0
1984-04-09,0.018498354098525037,1.0,1.0
1984-04-10,0.012947707542702986,1.0,1.0
1984-04-11,0.01339182460729942,1.0,1.0
1984-04-12,0.03296281601494916,1.0,1.0
1984-04-13,0.020711746405280233,1.0,1.0
1984-04-16,0.015602962318267001,1.0,1.0
1984-04-17,0.012540082356913179,1.0,1.0
1984-04-18,0.012984859693815682,1.0,1.0
1984-04-19,0.009952107659988135,1.0,1.0
1984-04-23,0.012598697498882223,1.0,1.0
1984-04-24,0.011329503862202894,1.0,1.0
1984-04-25,0.009354463611999283,1.0,1.0
1984-04-26,0.014349886634451612,1.0,1.0
1984-04-27,0.01083163557389636,1.0,1.0
1984-04-30,0.008789582476232412,1.0,1.0
1984-05-01,0.014569528396369172,1.0,1.0
1984-05-02,0.011480238018024995,1.0,1.0
1984-05-03,0.009926500250149989,1.0,1.0
1984-05-04,0.0193797312248902,1.0,1.0
1984-05-07,0.013307086126906554,1.0,1.0
1984-05-08,0.012651974010760356,1.0,1.0
1984-05-09,0.010271655492702363,1.0,1.0
1984-05-10,0.00868177498681642,1.0,1.0
1984-05-11,0.014228681878450266,1.0,1.0
1984-05-14,0.01514744638863677,1.0,1.0
1984-05-15,0.011263343445391464,1.0,1.0
1984-05-16,0.00914803432029658,1.0,1.0
1984-05-17,0.017623815550860088,1.0,1.0
1984-05-18,0.017170613165785886,1.0,1.0
1984-05-21,0.016841348581566586,1.0,1.0
1984-05-22,0.018208276077522626,1.0,1.0
1984-05-23,0.015243862853061157,1.0,1.0
1984-05-24,0.0475742076316709,1.0,1.0
1984-05-25,0.028655318175609096,1.0,1.0
1984-05-29,0.03255330625674344,1.0,1.0
1984-05-30,0.020419934116019514,1.0,1.0
1984-05-31,0.014234192999745019,1.0,1.0
1984-06-01,0.06082387899967221,1.0,1.0
1984-06-04,0.0536120018775055,1.0,1.0
1984-06-05,0.03594773633361349,1.0,1.0
1984-06-06,0.02802519442845639,1.0,1.0
1984-06-07,0.01788107664320905,1.0,1.0
1984-06-08,0.012517277628163112,1.0,1.0
1984-06-11,0.02823481118930968,1.0,1.0
1984-06-12,0.021753097372017506,1.0,1.0
1984-06-13,0.014673096516082342,1.0,1.0
1984-06-14,0.02469429157789453,1.0,1.0
1984-06-15,0.021900135699316987,1.0,1.0
1984-06-18,0.04702236236516377,1.0,1.0
1984-06-19,0.03255170391817471,1.0,1.0
1984-06-20,0.04090745354094435,1.0,1.0
1984-06-21,0.02492419165181299,1.0,1.0
1984-06-22,0.01618880038557605,1.0,1.0
1984-06-25,0.012048085328635,1.0,1.0
1984-06-26,0.01541400724059215,1.0,1.0
1984-06-27,0.016709995526133847,1.0,1.0
1984-06-28,0.015001628321506462,1.0,1.0
1984-06-29,0.011271957908495963,1.0,1.0
1984-07-02,0.00934564733208078,1.0,1.0
1984-07-03,0.008397544504362017,1.0,1.0
1984-07-05,0.009581425431307956,1.0,1.0
1984-07-06,0.009301320078948254,1.0,1.0
1984-07-09,0.00932563374815398,1.0,1.0
1984-07-10,0.008748934383476832,1.0,1.0
1984-07-11,0.031482340491148536,1.0,1.0
1984-07-12,0.023017495653582687,1.0,1.0
1984-07-13,0.01660230662259517,1.0,1.0
1984-07-16,0.011941390663675243,1.0,1.0
1984-07-17,0.009970241704858268,1.0,1.0
1984-07-18,0.011191521404368453,1.0,1.0
1984-07-19,0.013426797637016978,1.0,1.0
1984-07-20,0.013857965740735922,1.0,1.0
1984-07-23,0.014870626061523045,1.0,1.0
1984-07-24,0.016462274781717523,1.0,1.0
1984-07-25,0.012969858087344851,1.0,1.0
1984-07-26,0.013960508645793023,1.0,1.0
1984-07-27,0.015136368261462115,1.0,1.0
1984-07-30,0.013404939555786139,1.0,1.0
1984-07-31,0.010385473724782301,1.0,1.0
1984-08-01,0.1180384319880107,1.0,1.0
1984-08-02,0.8001762944173991,0.0,0.0
1984-08-03,0.997771887968858,0.0,0.0
1984-08-06,0.964114871638976,0.0,0.0
1984-08-07,0.9029983257134033,0.0,0.0
1984-08-08,0.8415412036035906,0.0,0.0
1984-08-09,0.9728768103515977,0.0,0.0
1984-08-10,0.9189987426715233,0.0,0.0
1984-08-13,0.833400537653844,0.0,0.0
1984-08-14,0.7524402313821443,0.0,0.0
1984-08-15,0.7213299842527315,0.0,0.0
1984-08-16,0.5596396752348188,0.0,0.0
1984-08-17,0.3941379876103212,0.0,0.0
1984-08-20,0.2604380223393957,0.0,0.0
1984-08-21,0.44953795460487694,0.0,0.0
1984-08-22,0.31716263917154164,0.0,0.0
1984-08-23,0.19593123396931741,1.0,0.0
1984-08-24,0.11603311241132222,1.0,0.0
1984-08-27,0.08413625320457518,1.0,0.0
1984-08-28,0.05498572837051642,1.0,1.0
1984-08-29,0.03307613022975673,1.0,1.0
1984-08-30,0.022599256649050777,1.0,1.0
1984-08-31,0.015247562718603867,1.0,1.0
1984-09-04,0.0208959548547932,1.0,1.0
1984-09-05,0.016247927393693153,1.0,1.0
1984-09-06,0.015670376815577477,1.0,1.0
1984-09-07,0.0156960470809505,1.0,1.0
1984-09-10,0.011826305656464187,1.0,1.0
1984-09-11,0.009690828289417888,1.0,1.0
1984-09-12,0.008482793798822951,1.0,1.0
1984-09-13,0.036906374348206615,1.0,1.0
1984-09-14,0.02797230483599497,1.0,1.0
1984-09-17,0.018091624233136327,1.0,1.0
1984-09-18,0.017260590927501783,1.0,1.0
1984-09-19,0.014424628229921688,1.0,1.0
1984-09-20,0.011225955761406246,1.0,1.0
1984-09-21,0.0156331471354683,1.0,1.0
1984-09-24,0.012820122281415661,1.0,1.0
1984-09-25,0.010085622561187455,1.0,1.0
1984-09-26,0.00891384650270776,1.0,1.0
1984-09-27,0.008332152274322616,1.0,1.0
1984-09-28,0.00917073191768872,1.0,1.0
1984-10-01,0.013991903483882899,1.0,1.0
1984-10-02,0.015661901783969607,1.0,1.0
1984-10-03,0.0164434007039306,1.0,1.0
1984-10-04,0.012086631973778876,1.0,1.0
1984-10-05,0.009871286746596496,1.0,1.0
1984-10-08,0.00980186921516598,1.0,1.0
1984-10-09,0.008970541480087963,1.0,1.0
1984-10-10,0.008112865788991687,1.0,1.0
1984-10-11,0.008320423843974509,1.0,1.0
1984-10-12,0.011203479483114726,1.0,1.0
1984-10-15,0.013248379615986003,1.0,1.0
1984-10-16,0.011978418615766859,1.0,1.0
1984-10-17,0.010481716042893195,1.0,1.0
1984-10-18,0.09140610417409138,1.0,1.0
1984-10-19,0.052989247062376794,1.0,1.0
1984-10-22,0.035679283254744835,1.0,1.0
1984-10-23,0.02287473263997919,1.0,1.0
1984-10-24,0.015422551902779545,1.0,1.0
1984-10-25,0.014858497829485845,1.0,1.0
1984-10-26,0.015694046236586,1.0,1.0
1984-10-29,0.012855594788101577,1.0,1.0
1984-10-30,0.01882008224764593,1.0,1.0
1984-10-31,0.014678800986723368,1.0,1.0
1984-11-01,0.014461814912108815,1.0,1.0
1984-11-02,0.010953255903385736,1.0,1.0
1984-11-05,0.011435622894734003,1.0,1.0
1984-11-06,0.01598762197883448,1.0,1.0
1984-11-07,0.016685560370955525,1.0,1.0
1984-11-08,0.012685995312109986,1.0,1.0
1984-11-09,0.011949508594219248,1.0,1.0
1984-11-12,0.01008208977296776,1.0,1.0
1984-11-13,0.013502634474341961,1.0,1.0
1984-11-14,0.01060472645380526,1.0,1.0
1984-11-15,0.00912347862908495,1.0,1.0
1984-11-16,0.014839720463608944,1.0,1.0
1984-11-19,0.01682331290453528,1.0,1.0
1984-11-20,0.013436220331674542,1.0,1.0
1984-11-21,0.010567085093836585,1.0,1.0
1984-11-23,0.024288394816548618,1.0,1.0
1984-11-26,0.021828346161265947,1.0,1.0
1984-11-27,0.016606559701913527,1.0,1.0
1984-11-28,0.017662988242576234,1.0,1.0
1984-11-29,0.01793172317906083,1.0,1.0
1984-11-30,0.013691857421039172,1.0,1.0
1984-12-03,0.012756553639121319,1.0,1.0
1984-12-04,0.010166481358188819,1.0,1.0
1984-12-05,0.01300310801167765,1.0,1.0
1984-12-06,0.010459375368222425,1.0,1.0
1984-12-07,0.009265034951060108,1.0,1.0
1984-12-10,0.008404802833689306,1.0,1.0
1984-12-11,0.007848973520883887,1.0,1.0
1984-12-12,0.007864631943795176,1.0,1.0
1984-12-13,0.008599289105915474,1.0,1.0
1984-12-14,0.008875055754691052,1.0,1.0
1984-12-17,0.008986594604758804,1.0,1.0
1984-12-18,0.2635327103554133,0.0,1.0
1984-12-19,0.16788691518980894,1.0,1.0
1984-12-20,0.11258631717698221,1.0,1.0
1984-12-21,0.07271600410271027,1.0,1.0
1984-12-24,0.05446353070943537,1.0,1.0
1984-12-26,0.03314924996769853,1.0,1.0
1984-12-27,0.02449774336658601,1.0,1.0
1984-12-28,0.016601158109342203,1.0,1.0
1984-12-31,0.013522109546049346,1.0,1.0
1985-01-02,0.020006958853914746,1.0,1.0
1985-01-03,0.015292463573487652,1.0,1.0
1985-01-04,0.013309071350331613,1.0,1.0
1985-01-07,0.010624289187789059,1.0,1.0
1985-01-08,0.00899554706787018,1.0,1.0
1985-01-09,0.010151892416789684,1.0,1.0
1985-01-10,0.05239076844240038,1.0,1.0
1985-01-11,0.03144193123717326,1.0,1.0
1985-01-14,0.06733563729657231,1.0,1.0
1985-01-15,0.04057957948544938,1.0,1.0
1985-01-16,0.0269476537677792,1.0,1.0
1985-01-17,0.017892175942966607,1.0,1.0
1985-01-18,0.013346228644674692,1.0,1.0
1985-01-21,0.11298509502189329,1.0,1.0
1985-01-22,0.06588938745112403,1.0,1.0
1985-01-23,0.06852623538945053,1.0,1.0
1985-01-24,0.04115630082291278,1.0,1.0
1985-01-25,0.02728386581292978,1.0,1.0
1985-01-28,0.017895226097208155,1.0,1.0
1985-01-29,0.01921395984143738,1.0,1.0
1985-01-30,0.013779620510194393,1.0,1.0
1985-01-31,0.010589268458324143,1.0,1.0
1985-02-01,0.010567970207967441,1.0,1.0
1985-02-04,0.015783724320970763,1.0,1.0
1985-02-05,0.012142941817219508,1.0,1.0
1985-02-06,0.009735443977550462,1.0,1.0
1985-02-07,0.012271684286538008,1.0,1.0
1985-02-08,0.01003879729171167,1.0,1.0
1985-02-11,0.01376957116735726,1.0,1.0
1985-02-12,0.010655953272580815,1.0,1.0
1985-02-13,0.027927743992126733,1.0,1.0
1985-02-14,0.01965858932083734,1.0,1.0
1985-02-15,0.016002678908437765,1.0,1.0
1985-02-19,0.012091150209080323,1.0,1.0
1985-02-20,0.00973078797540967,1.0,1.0
1985-02-21,0.010950455934221578,1.0,1.0
1985-02-22,0.010483002509147602,1.0,1.0
1985-02-25,0.009488595309810489,1.0,1.0
1985-02-26,0.012492741697077446,1.0,1.0
1985-02-27,0.01036556356217844,1.0,1.0
1985-02-28,0.008919885592062592,1.0,1.0
1985-03-01,0.01545191271053672,1.0,1.0
1985-03-04,0.014546929930332159,1.0,1.0
1985-03-05,0.011001893531295659,1.0,1.0
1985-03-06,0.014801505535993872,1.0,1.0
1985-03-07,0.014718873225185844,1.0,1.0
1985-03-08,0.011950726316058017,1.0,1.0
1985-03-11,0.010180825256129695,1.0,1.0
1985-03-12,0.009129651921890539,1.0,1.0
1985-03-13,0.014560657285401988,1.0,1.0
1985-03-14,0.01134818686928498,1.0,1.0
1985-03-15,0.011228418652851877,1.0,1.0
1985-03-18,0.009480295042500647,1.0,1.0
1985-03-19,0.02042363354404356,1.0,1.0
1985-03-20,0.014800894816894469,1.0,1.0
1985-03-21,0.011180019144653957,1.0,1.0
1985-03-22,0.009720584402148376,1.0,1.0
1985-03-25,0.011130017641861218,1.0,1.0
1985-03-26,0.009279304771048782,1.0,1.0
1985-03-27,0.009842362779019466,1.0,1.0
1985-03-28,0.008556824241389512,1.0,1.0
1985-03-29,0.009331247599209173,1.0,1.0
1985-04-01,0.008555637738827527,1.0,1.0
1985-04-02,0.008893659028731866,1.0,1.0
1985-04-03,0.012468328087205662,1.0,1.0
1985-04-04,0.010072289294108479,1.0,1.0
1985-04-08,0.010357636951811043,1.0,1.0
1985-04-09,0.008819211174256028,1.0,1.0
1985-04-10,0.009693389669346271,1.0,1.0
1985-04-11,0.009290059797521639,1.0,1.0
1985-04-12,0.008305037219736307,1.0,1.0
1985-04-15,0.00785080475862482,1.0,1.0
1985-04-16,0.007553287506778345,1.0,1.0
1985-04-17,0.007469942699036855,1.0,1.0
1985-04-18,0.008805691149935096,1.0,1.0
1985-04-19,0.008013650769203743,1.0,1.0
1985-04-22,0.008265810336460896,1.0,1.0
1985-04-23,0.009031642145401544,1.0,1.0
1985-04-24,0.008160722351350163,1.0,1.0
1985-04-25,0.008695476262473786,1.0,1.0
1985-04-26,0.010091416844550134,1.0,1.0
1985-04-29,0.014709714677719298,1.0,1.0
1985-04-30,0.013945305061875883,1.0,1.0
1985-05-01,0.015362134176221962,1.0,1.0
1985-05-02,0.011474598444138923,1.0,1.0
1985-05-03,0.011280383825622709,1.0,1.0
1985-05-06,0.009299797495268776,1.0,1.0
1985-05-07,0.00893592913371511,1.0,1.0
1985-05-08,0.008105299760754484,1.0,1.0
1985-05-09,0.010361145344431378,1.0,1.0
1985-05-10,0.024865301325617113,1.0,1.0
1985-05-13,0.01650439911857365,1.0,1.0
1985-05-14,0.013205390421906797,1.0,1.0
1985-05-15,0.010671745304974799,1.0,1.0
1985-05-16,0.010491413456006191,1.0,1.0
1985-05-17,0.014482965488546733,1.0,1.0
1985-05-20,0.025128528410644793,1.0,1.0
1985-05-21,0.016696670060282023,1.0,1.0
1985-05-22,0.015886826979876582,1.0,1.0
1985-05-23,0.0141729260577387,1.0,1.0
1985-05-24,0.01126753256221625,1.0,1.0
1985-05-28,0.009635639202382631,1.0,1.0
1985-05-29,0.008556944790502076,1.0,1.0
1985-05-30,0.007915940498191942,1.0,1.0
1985-05-31,0.010418590786305923,1.0,1.0
1985-06-03,0.00884893271570228,1.0,1.0
1985-06-04,0.008568829967037395,1.0,1.0
1985-06-05,0.00791130265506031,1.0,1.0
1985-06-06,0.008016249322801023,1.0,1.0
1985-06-07,0.010330582649847719,1.0,1.0
1985-06-10,0.009002327777491518,1.0,1.0
1985-06-11,0.008561873906343324,1.0,1.0
1985-06-12,0.010714771826460178,1.0,1.0
1985-06-13,0.022787843265434867,1.0,1.0
1985-06-14,0.020897244038368037,1.0,1.0
1985-06-17,0.015367568393337987,1.0,1.0
1985-06-18,0.012191292013960024,1.0,1.0
1985-06-19,0.010313101607377464,1.0,1.0
1985-06-20,0.00889763034103203,1.0,1.0
1985-06-21,0.01584780467890197,1.0,1.0
1985-06-24,0.011688903001915368,1.0,1.0
1985-06-25,0.01006259166892653,1.0,1.0
1985-06-26,0.008720024899163542,1.0,1.0
1985-06-27,0.00963116682860121,1.0,1.0
1985-06-28,0.008743237126605581,1.0,1.0
1985-07-01,0.008216088851033414,1.0,1.0
1985-07-02,0.007878194856576275,1.0,1.0
1985-07-03,0.007887094739281566,1.0,1.0
1985-07-05,0.008745568606554642,1.0,1.0
1985-07-08,0.008765063619251128,1.0,1.0
1985-07-09,0.00906887465566295,1.0,1.0
1985-07-10,0.009850031143878973,1.0,1.0
1985-07-11,0.009015230062063782,1.0,1.0
1985-07-12,0.008240702429071784,1.0,1.0
1985-07-15,0.007954971257060397,1.0,1.0
1985-07-16,0.013423420613137164,1.0,1.0
1985-07-17,0.011108794887210826,1.0,1.0
1985-07-18,0.01207501811693913,1.0,1.0
1985-07-19,0.010093142529839205,1.0,1.0
1985-07-22,0.010370579900863982,1.0,1.0
1985-07-23,0.015319559035863227,1.0,1.0
1985-07-24,0.015624900612547957,1.0,1.0
1985-07-25,0.011566976117216368,1.0,1.0
1985-07-26,0.00946111969329578,1.0,1.0
1985-07-29,0.03455843578222775,1.0,1.0
1985-07-30,0.021555990338487627,1.0,1.0
1985-07-31,0.01661206915559535,1.0,1.0
1985-08-01,0.01591893497007068,1.0,1.0
1985-08-02,0.012414486472404231,1.0,1.0
1985-08-05,0.012541508538771942,1.0,1.0
1985-08-06,0.02912451195117679,1.0,1.0
1985-08-07,0.020290349505203878,1.0,1.0
1985-08-08,0.018448977266660248,1.0,1.0
1985-08-09,0.013817209517893522,1.0,1.0
1985-08-12,0.011849432095077788,1.0,1.0
1985-08-13,0.010015592769485732,1.0,1.0
1985-08-14,0.008643112886917369,1.0,1.0
1985-08-15,0.006856276385542469,1.0,1.0
1985-08-16,0.008550609519117802,1.0,1.0
1985-08-19,0.007388616406390706,1.0,1.0
1985-08-20,0.008907062951412241,1.0,1.0
1985-08-21,0.008603816056837093,1.0,1.0
1985-08-22,0.011928200709554915,1.0,1.0
1985-08-23,0.009294792506202115,1.0,1.0
1985-08-26,0.007774700589845172,1.0,1.0
1985-08-27,0.0073992382662342055,1.0,1.0
1985-08-28,0.007113476684481072,1.0,1.0
1985-08-29,0.006643305731144704,1.0,1.0
1985-08-30,0.006454509317574056,1.0,1.0
1985-09-03,0.007421331548939002,1.0,1.0
1985-09-04,0.007564536081890289,1.0,1.0
1985-09-05,0.006916014330089903,1.0,1.0
1985-09-06,0.007128708193722722,1.0,1.0
1985-09-09,0.006652973888653822,1.0,1.0
1985-09-10,0.010217275803536277,1.0,1.0
1985-09-11,0.019107013459126663,1.0,1.0
1985-09-12,0.021252067014593715,1.0,1.0
1985-09-13,0.01884054897457414,1.0,1.0
1985-09-16,0.012978675237737316,1.0,1.0
1985-09-17,0.019281501825545208,1.0,1.0
1985-09-18,0.012858827106025573,1.0,1.0
1985-09-19,0.015230233968212187,1.0,1.0
1985-09-20,0.013037404665224498,1.0,1.0
1985-09-23,0.01631407183376305,1.0,1.0
1985-09-24,0.01822735117628539,1.0,1.0
1985-09-25,0.02720809142418866,1.0,1.0
1985-09-26,0.016946793012062235,1.0,1.0
1985-09-30,0.012052370240935781,1.0,1.0
1985-10-01,0.030844554924595338,1.0,1.0
1985-10-02,0.02167585083500614,1.0,1.0
1985-10-03,0.014118777993272318,1.0,1.0
1985-10-04,0.013052076902390465,1.0,1.0
1985-10-07,0.014240115313669265,1.0,1.0
1985-10-08,0.010528553806966146,1.0,1.0
1985-10-09,0.008884088578776855,1.0,1.0
1985-10-10,0.007730612132341787,1.0,1.0
1985-10-11,0.010156251293310943,1.0,1.0
1985-10-14,0.015760835043536793,1.0,1.0
1985-10-15,0.011296462051130959,1.0,1.0
1985-10-16,0.013653547504033149,1.0,1.0
1985-10-17,0.00997359490860077,1.0,1.0
1985-10-18,0.008583558170926172,1.0,1.0
1985-10-21,0.00751799487171994,1.0,1.0
1985-10-22,0.007950162014699716,1.0,1.0
1985-10-23,0.007954533733597627,1.0,1.0
1985-10-24,0.0074082664620340345,1.0,1.0
1985-10-25,0.008617639961327327,1.0,1.0
1985-10-28,0.007407750972521167,1.0,1.0
1985-10-29,0.00925189240172907,1.0,1.0
1985-10-30,0.008508039142176996,1.0,1.0
1985-10-31,0.007421014103555137,1.0,1.0
1985-11-01,0.009439967616943547,1.0,1.0
1985-11-04,0.007875722768593746,1.0,1.0
1985-11-05,0.008574222063876358,1.0,1.0
1985-11-06,0.007684589128757332,1.0,1.0
1985-11-07,0.006938356590719925,1.0,1.0
1985-11-08,0.008684578566586124,1.0,1.0
1985-11-11,0.03439484424515774,1.0,1.0
1985-11-12,0.023799830244812564,1.0,1.0
1985-11-13,0.018345672169754346,1.0,1.0
1985-11-14,0.019227933380958902,1.0,1.0
1985-11-15,0.014187540544972364,1.0,1.0
1985-11-18,0.010381682829095648,1.0,1.0
1985-11-19,0.008304435253088167,1.0,1.0
1985-11-20,0.0072579390135361094,1.0,1.0
1985-11-21,0.01429272965400605,1.0,1.0
1985-11-22,0.010382251497612632,1.0,1.0
1985-11-25,0.010803792583858562,1.0,1.0
1985-11-26,0.00855403717181078,1.0,1.0
1985-11-27,0.011114085506286913,1.0,1.0
1985-11-29,0.008712541395101386,1.0,1.0
1985-12-02,0.012016918324316367,1.0,1.0
1985-12-03,0.009277382272130708,1.0,1.0
1985-12-04,0.03363460933112226,1.0,1.0
1985-12-05,0.020439911185980052,1.0,1.0
1985-12-06,0.017037442536941352,1.0,1.0
1985-12-09,0.014157045359034445,1.0,1.0
1985-12-10,0.010245738697344414,1.0,1.0
1985-12-11,0.013429620248825363,1.0,1.0
1985-12-12,0.010078815718613389,1.0,1.0
1985-12-13,0.028562955250235764,1.0,1.0
1985-12-16,0.025378376823135672,1.0,1.0
1985-12-17,0.02191863821146027,1.0,1.0
1985-12-18,0.016931752209598108,1.0,1.0
1985-12-19,0.01165618455688025,1.0,1.0
1985-12-20,0.009707227342334911,1.0,1.0
1985-12-23,0.018227114870707623,1.0,1.0
1985-12-24,0.016285703449698704,1.0,1.0
1985-12-26,0.01146935941203311,1.0,1.0
1985-12-27,0.014272238897685712,1.0,1.0
1985-12-30,0.011154128222810476,1.0,1.0
1985-12-31,0.009114998431632534,1.0,1.0
1986-01-02,0.010733440183577659,1.0,1.0
1986-01-03,0.010192515161111672,1.0,1.0
1986-01-06,0.008261299379059256,1.0,1.0
1986-01-07,0.025381515379333225,1.0,1.0
1986-01-08,0.3716087768307637,0.0,1.0
1986-01-09,0.47091551432366924,0.0,1.0
1986-01-10,0.3095390784041913,0.0,1.0
1986-01-13,0.19159389603419777,1.0,1.0
1986-01-14,0.10952371402831541,1.0,1.0
1986-01-15,0.08815889953894229,1.0,1.0
1986-01-16,0.05535315691534432,1.0,1.0
1986-01-17,0.03285802436857793,1.0,1.0
1986-01-20,0.022877239169205775,1.0,1.0
1986-01-21,0.02139111913990471,1.0,1.0
1986-01-22,0.02779650615571527,1.0,1.0
1986-01-23,0.017675630686865198,1.0,1.0
1986-01-24,0.02132531554210578,1.0,1.0
1986-01-27,0.015551049442092504,1.0,1.0
1986-01-28,0.020181729971134692,1.0,1.0
1986-01-29,0.013650400415321454,1.0,1.0
1986-01-30,0.011153601451886222,1.0,1.0
1986-01-31,0.015068957042150046,1.0,1.0
1986-02-03,0.018505803943077548,1.0,1.0
1986-02-04,0.013316435414833816,1.0,1.0
1986-02-05,0.009802824687184275,1.0,1.0
1986-02-06,0.008255975671200684,1.0,1.0
1986-02-07,0.008278226428648627,1.0,1.0
1986-02-10,0.009416382945545592,1.0,1.0
1986-02-11,0.007816319437723908,1.0,1.0
1986-02-12,0.007035886122810856,1.0,1.0
1986-02-13,0.007994528074541422,1.0,1.0
1986-02-14,0.00982400047724523,1.0,1.0
1986-02-18,0.017527736112160436,1.0,1.0
1986-02-19,0.0233722797426525,1.0,1.0
1986-02-20,0.022462143501734137,1.0,1.0
1986-02-21,0.02724679992338791,1.0,1.0
1986-02-24,0.016969461136404976,1.0,1.0
1986-02-25,0.011938851970790542,1.0,1.0
1986-02-26,0.008621892639323824,1.0,1.0
1986-02-27,0.016357158484892897,1.0,1.0
1986-02-28,0.011030628706369356,1.0,1.0
1986-03-03,0.009472359429567125,1.0,1.0
1986-03-04,0.007565718773352901,1.0,1.0
1986-03-05,0.0066925598084235805,1.0,1.0
1986-03-06,0.006474276551506853,1.0,1.0
1986-03-07,0.005828196539271166,1.0,1.0
1986-03-10,0.006053440848648626,1.0,1.0
1986-03-11,0.05965995390252449,1.0,1.0
1986-03-12,0.03748519339584123,1.0,1.0
1986-03-13,0.0222607906759823,1.0,1.0
1986-03-14,0.027812905240705003,1.0,1.0
1986-03-17,0.027307324172846065,1.0,1.0
1986-03-18,0.018769531294336693,1.0,1.0
1986-03-19,0.012635879944048441,1.0,1.0
1986-03-20,0.009721903368968587,1.0,1.0
1986-03-21,0.013459851603979712,1.0,1.0
1986-03-24,0.010233047287031958,1.0,1.0
1986-03-25,0.00830980257675659,1.0,1.0
1986-03-26,0.012793984580773243,1.0,1.0
1986-03-27,0.012490163564584938,1.0,1.0
1986-03-31,0.00889712449264807,1.0,1.0
1986-04-01,0.023251511322216995,1.0,1.0
1986-04-02,0.014486779276839766,1.0,1.0
1986-04-03,0.023502858484337835,1.0,1.0
1986-04-04,0.07741120522772861,1.0,1.0
1986-04-07,0.048210739259395265,1.0,1.0
1986-04-08,0.263699050400648,1.0,1.0
1986-04-09,0.15819599710720295,1.0,1.0
1986-04-10,0.15458861855209707,1.0,1.0
1986-04-11,0.08869948515956187,1.0,1.0
1986-04-14,0.05807259862721388,1.0,1.0
1986-04-15,0.03308419408427998,1.0,1.0
1986-04-16,0.14822143511201158,1.0,1.0
1986-04-17,0.08798964135960832,1.0,1.0
1986-04-18,0.050334541955527966,1.0,1.0
1986-04-21,0.04097706228086418,1.0,1.0
1986-04-22,0.0397664116646546,1.0,1.0
1986-04-23,0.02741866867906532,1.0,1.0
1986-04-24,0.016828854391456344,1.0,1.0
1986-04-25,0.011170786713271265,1.0,1.0
1986-04-28,0.008303015697532645,1.0,1.0
1986-04-29,0.014826256122280593,1.0,1.0
1986-04-30,0.15022553024877108,1.0,1.0
1986-05-01,0.08897310862690579,1.0,1.0
1986-05-02,0.05036541414384101,1.0,1.0
1986-05-05,0.06332796997362299,1.0,1.0
1986-05-06,0.036632136466105546,1.0,1.0
1986-05-07,0.025464112655869415,1.0,1.0
1986-05-08,0.01801591874356165,1.0,1.0
1986-05-09,0.012262678231331951,1.0,1.0
1986-05-12,0.009134280527336473,1.0,1.0
1986-05-13,0.008394865635427887,1.0,1.0
1986-05-14,0.007321005911214309,1.0,1.0
1986-05-15,0.016650218005069547,1.0,1.0
1986-05-16,0.014831156662126385,1.0,1.0
1986-05-19,0.01010589350274077,1.0,1.0
1986-05-20,0.0149432143255979,1.0,1.0
1986-05-21,0.010538905429957043,1.0,1.0
1986-05-22,0.04579274144490565,1.0,1.0
1986-05-23,0.03136250041348251,1.0,1.0
1986-05-27,0.05395094432740969,1.0,1.0
1986-05-28,0.04051521321818821,1.0,1.0
1986-05-29,0.025614025589309475,1.0,1.0
1986-05-30,0.01613941619060305,1.0,1.0
1986-06-02,0.017530782252633357,1.0,1.0
1986-06-03,0.011516674670485467,1.0,1.0
1986-06-04,0.010516566062991716,1.0,1.0
1986-06-05,0.008717594333732159,1.0,1.0
1986-06-06,0.006966938076853692,1.0,1.0
1986-06-09,0.12803842969216672,1.0,1.0
1986-06-10,0.07602032312509649,1.0,1.0
1986-06-11,0.05293316742781661,1.0,1.0
1986-06-12,0.030433201248461158,1.0,1.0
1986-06-13,0.0730468804873604,1.0,1.0
1986-06-16,0.041142047655740574,1.0,1.0
1986-06-17,0.031922365544436795,1.0,1.0
1986-06-18,0.01902278608343713,1.0,1.0
1986-06-19,0.012729940526655882,1.0,1.0
1986-06-20,0.012954849606523208,1.0,1.0
1986-06-23,0.011942553619758009,1.0,1.0
1986-06-24,0.012503198661620914,1.0,1.0
1986-06-25,0.012165522000633346,1.0,1.0
1986-06-26,0.008809459162297967,1.0,1.0
1986-06-27,0.007278940881853376,1.0,1.0
1986-06-30,0.00726860095740525,1.0,1.0
1986-07-01,0.00703173807156403,1.0,1.0
1986-07-02,0.006424044497901361,1.0,1.0
1986-07-03,0.0061003211040666075,1.0,1.0
1986-07-07,0.8007663273212609,0.0,1.0
1986-07-08,0.9258476550894814,0.0,0.0
1986-07-09,0.8697451339709605,0.0,0.0
1986-07-10,0.7533770344629952,0.0,0.0
1986-07-11,0.6026588959335507,0.0,0.0
1986-07-14,0.8718029002198944,0.0,0.0
1986-07-15,0.9677410443797152,0.0,0.0
1986-07-16,0.9141548544084417,0.0,0.0
1986-07-17,0.83697855672272,0.0,0.0
1986-07-18,0.7063153332303028,0.0,0.0
1986-07-21,0.5516711310739673,0.0,0.0
1986-07-22,0.4690241631611763,0.0,0.0
1986-07-23,0.3098905299731115,1.0,0.0
1986-07-24,0.20110991055160457,1.0,0.0
1986-07-25,0.15878734181031368,1.0,0.0
1986-07-28,0.45103771037069074,0.0,0.0
1986-07-29,0.38374351769113396,1.0,0.0
1986-07-30,0.26613825121760376,1.0,0.0
1986-07-31,0.16090806742814356,1.0,0.0
1986-08-01,0.10739202417172233,1.0,1.0
1986-08-04,0.060268336930830384,1.0,1.0
1986-08-05,0.03511054895919716,1.0,1.0
1986-08-06,0.021382296629082788,1.0,1.0
1986-08-07,0.013827557480528925,1.0,1.0
1986-08-08,0.009599139007921888,1.0,1.0
1986-08-11,0.0333032760508569,1.0,1.0
1986-08-12,0.04261974630124646,1.0,1.0
1986-08-13,0.04210535798172624,1.0,1.0
1986-08-14,0.025928557885102007,1.0,1.0
1986-08-15,0.01654934880196471,1.0,1.0
1986-08-18,0.011130897075419019,1.0,1.0
1986-08-19,0.00894504357966227,1.0,1.0
1986-08-20,0.016290103747310755,1.0,1.0
1986-08-21,0.011052092398044541,1.0,1.0
1986-08-22,0.008372989259701494,1.0,1.0
1986-08-25,0.01173683529012203,1.0,1.0
1986-08-26,0.043537768017535734,1.0,1.0
1986-08-27,0.025378735222237506,1.0,1.0
1986-08-28,0.015868264881476572,1.0,1.0
1986-08-29,0.010782435013345467,1.0,1.0
1986-09-02,0.038094964697266843,1.0,1.0
1986-09-03,0.023058156471783598,1.0,1.0
1986-09-04,0.04246046820830572,1.0,1.0
1986-09-05,0.08013670201952645,1.0,1.0
1986-09-08,0.11320481805058742,1.0,1.0
1986-09-09,0.06796164710500767,1.0,1.0
1986-09-10,0.045581627410880676,1.0,1.0
1986-09-11,0.9999872016879295,1.0,1.0
1986-09-12,0.9963216570637762,1.0,1.0
1986-09-15,0.9450974870321556,1.0,1.0
1986-09-16,0.8609611812604616,1.0,1.0
1986-09-17,0.7397100305278953,1.0,1.0
1986-09-18,0.5749109748640169,1.0,1.0
1986-09-19,0.40125250220287423,1.0,1.0
1986-09-22,0.41756754338580776,1.0,1.0
1986-09-23,0.28907739263410615,1.0,1.0
1986-09-24,0.18438758752605022,1.0,1.0
1986-09-25,0.4228629196179367,1.0,1.0
1986-09-26,0.268366646798887,1.0,1.0
1986-09-29,0.2919395028632329,1.0,1.0
1986-09-30,0.21616834126162032,1.0,1.0
1986-10-01,0.1834539442711117,1.0,1.0
1986-10-02,0.10427674047173416,1.0,1.0
1986-10-03,0.0586732351688454,1.0,1.0
1986-10-06,0.03531801994311826,1.0,1.0
1986-10-07,0.02165117841879232,1.0,1.0
1986-10-08,0.020273443078177047,1.0,1.0
1986-10-09,0.013940155903896632,1.0,1.0
1986-10-10,0.009942744777362381,1.0,1.0
1986-10-13,0.007805211743396317,1.0,1.0
1986-10-14,0.006968057418403729,1.0,1.0
1986-10-15,0.0170785947999447,1.0,1.0
1986-10-16,0.011848366577143667,1.0,1.0
1986-10-17,0.009467226221644299,1.0,1.0
1986-10-20,0.016202817593507574,1.0,1.0
1986-10-21,0.011021239146706626,1.0,1.0
1986-10-22,0.008368735697277956,1.0,1.0
1986-10-23,0.015400961360341326,1.0,1.0
1986-10-24,0.011273080486174926,1.0,1.0
1986-10-27,0.008638013563200741,1.0,1.0
1986-10-28,0.007229991071425825,1.0,1.0
1986-10-29,0.00810392330667417,1.0,1.0
1986-10-30,0.01362648747330909,1.0,1.0
1986-10-31,0.009637556562662849,1.0,1.0
1986-11-03,0.009573525608726763,1.0,1.0
1986-11-04,0.00773293323796843,1.0,1.0
1986-11-05,0.006778223177941583,1.0,1.0
1986-11-06,0.006524356728369541,1.0,1.0
1986-11-07,0.006041176151251637,1.0,1.0
1986-11-10,0.00578086425454935,1.0,1.0
1986-11-11,0.005981171887243084,1.0,1.0
1986-11-12,0.006024400923295911,1.0,1.0
1986-11-13,0.02084959692983506,1.0,1.0
1986-11-14,0.014898337420080628,1.0,1.0
1986-11-17,0.013542649729457583,1.0,1.0
1986-11-18,0.33303419707897786,1.0,1.0
1986-11-19,0.20252377992341802,1.0,1.0
1986-11-20,0.4374935275154152,1.0,1.0
1986-11-21,0.5536405739600635,1.0,1.0
1986-11-24,0.42548757078899974,1.0,1.0
1986-11-25,0.2774942340476073,1.0,1.0
1986-11-26,0.16462200945183705,1.0,1.0
1986-11-28,0.09399099944103079,1.0,1.0
1986-12-01,0.05378422690307333,1.0,1.0
1986-12-02,0.20005099634814208,1.0,1.0
1986-12-03,0.1141998026169062,1.0,1.0
1986-12-04,0.06572680965761989,1.0,1.0
1986-12-05,0.05342388730913993,1.0,1.0
1986-12-08,0.030843393403590432,1.0,1.0
1986-12-09,0.027012002517668655,1.0,1.0
1986-12-10,0.019386068387176204,1.0,1.0
1986-12-11,0.02580766197608602,1.0,1.0
1986-12-12,0.01896039994944833,1.0,1.0
1986-12-15,0.012379738132242482,1.0,1.0
1986-12-16,0.011326911309894524,1.0,1.0
1986-12-17,0.01461516906604725,1.0,1.0
1986-12-18,0.011419846992694592,1.0,1.0
1986-12-19,0.013453838780908145,1.0,1.0
1986-12-22,0.010690387790953071,1.0,1.0
1986-12-23,0.017531027930531767,1.0,1.0
1986-12-24,0.012367944519714132,1.0,1.0
1986-12-26,0.009026286941317588,1.0,1.0
1986-12-29,0.014013693886796878,1.0,1.0
1986-12-30,0.012613526239089214,1.0,1.0
1986-12-31,0.010332549670592822,1.0,1.0
1987-01-02,0.07243125060871136,1.0,1.0
1987-01-05,0.7600105779293929,1.0,1.0
1987-01-06,0.6237560242739459,1.0,1.0
1987-01-07,0.6609254618801284,1.0,1.0
1987-01-08,0.5964248269811437,1.0,1.0
1987-01-09,0.47091057658343255,1.0,1.0
1987-01-12,0.3796496346383663,1.0,1.0
1987-01-13,0.23767930106793866,1.0,1.0
1987-01-14,0.22522399698690523,1.0,1.0
1987-01-15,0.20282431998467787,1.0,1.0
1987-01-16,0.1159336586553815,1.0,1.0
1987-01-19,0.11723522697221167,1.0,1.0
1987-01-20,0.06601867495300175,1.0,1.0
1987-01-21,0.04603317323191378,1.0,1.0
1987-01-22,0.23651298306079316,1.0,1.0
1987-01-23,0.30923418102754757,1.0,1.0
1987-01-26,0.20466168899488604,1.0,1.0
1987-01-27,0.300605277136151,1.0,1.0
1987-01-28,0.2090429804863394,1.0,1.0
1987-01-29,0.13338999835048537,1.0,1.0
1987-01-30,0.0746098940146235,1.0,1.0
1987-02-02,0.07632258147262304,1.0,1.0
1987-02-03,0.04276504527868361,1.0,1.0
1987-02-04,0.0654381171415212,1.0,1.0
1987-02-05,0.049128870422348016,1.0,1.0
1987-02-06,0.029377881098578522,1.0,1.0
1987-02-09,0.02439767593451059,1.0,1.0
1987-02-10,0.0328708593817309,1.0,1.0
1987-02-11,0.03178613415142313,1.0,1.0
1987-02-12,0.022804269234861396,1.0,1.0
1987-02-13,0.03858786294439471,1.0,1.0
1987-02-17,0.13686783094562918,1.0,1.0
1987-02-18,0.07427213064449958,1.0,1.0
1987-02-19,0.04055890104572638,1.0,1.0
1987-02-20,0.023657871051274558,1.0,1.0
1987-02-23,0.029056815550768243,1.0,1.0
1987-02-24,0.01789995893051197,1.0,1.0
1987-02-25,0.01351138804127734,1.0,1.0
1987-02-26,0.01090059937446766,1.0,1.0
1987-02-27,0.009444334285343494,1.0,1.0
1987-03-02,0.008742459496646487,1.0,1.0
1987-03-03,0.007926253427862469,1.0,1.0
1987-03-04,0.020594685947167176,1.0,1.0
1987-03-05,0.016604200227748257,1.0,1.0
1987-03-06,0.01173243386699646,1.0,1.0
1987-03-09,0.01413972140118016,1.0,1.0
1987-03-10,0.015193428362948708,1.0,1.0
1987-03-11,0.011171315097506055,1.0,1.0
1987-03-12,0.009302512247830668,1.0,1.0
1987-03-13,0.009498380439717057,1.0,1.0
1987-03-16,0.011596178846729858,1.0,1.0
1987-03-17,0.022261145728842285,1.0,1.0
1987-03-18,0.014410212664045841,1.0,1.0
1987-03-19,0.011581985424035978,1.0,1.0
1987-03-20,0.018798004246109053,1.0,1.0
1987-03-23,0.016176201052569998,1.0,1.0
1987-03-24,0.011447405009480199,1.0,1.0
1987-03-25,0.009919756081354408,1.0,1.0
1987-03-26,0.008447502505102978,1.0,1.0
1987-03-27,0.03302783697426047,1.0,1.0
1987-03-30,0.5673104335811867,0.0,1.0
1987-03-31,0.4416754210352512,0.0,1.0
1987-04-01,0.2706858040849767,1.0,1.0
1987-04-02,0.16244202646694925,1.0,1.0
1987-04-03,0.5537660363599138,0.0,1.0
1987-04-06,0.38128145158323445,1.0,1.0
1987-04-07,0.6108190066127168,0.0,1.0
1987-04-08,0.4139958338942777,0.0,1.0
1987-04-09,0.6001296941643749,0.0,1.0
1987-04-10,0.4266157970847185,0.0,1.0
1987-04-13,0.9179863334215707,0.0,0.0
1987-04-14,0.9979769073356296,0.0,0.0
1987-04-15,0.9810637842215413,0.0,0.0
1987-04-16,0.9240245160453189,0.0,0.0
1987-04-20,0.8040180036977159,0.0,0.0
1987-04-21,0.9310985884604509,0.0,0.0
1987-04-22,0.9572588303130413,0.0,0.0
1987-04-23,0.8447285837516498,0.0,0.0
1987-04-24,0.9497841131704264,0.0,0.0
1987-04-27,0.8329026286672827,0.0,0.0
1987-04-28,0.68023828211002,0.0,0.0
1987-04-29,0.545590847181048,0.0,0.0
1987-04-30,0.5544662377532914,0.0,0.0
1987-05-01,0.37065168791717595,1.0,0.0
1987-05-04,0.22615155084980776,1.0,0.0
1987-05-05,0.5519433170325765,0.0,0.0
1987-05-06,0.3610730651335906,1.0,0.0
1987-05-07,0.21945084276125576,1.0,0.0
1987-05-08,0.13444156246113287,1.0,1.0
1987-05-11,0.08811281325086685,1.0,1.0
1987-05-12,0.04867342558609162,1.0,1.0
1987-05-13,0.027787974457156774,1.0,1.0
1987-05-14,0.017151991221652556,1.0,1.0
1987-05-15,0.21933451078416363,1.0,1.0
1987-05-18,0.1707291734010471,1.0,1.0
1987-05-19,0.7595741081565991,0.0,1.0
1987-05-20,0.6409636291777023,0.0,1.0
1987-05-21,0.5081621551354376,0.0,1.0
1987-05-22,0.34270523264070113,1.0,1.0
1987-05-26,0.8742055192839389,0.0,1.0
1987-05-27,0.7137593103021198,0.0,1.0
1987-05-28,0.5627070263301553,0.0,1.0
1987-05-29,0.3726647560926648,1.0,1.0
1987-06-01,0.22202918359553978,1.0,1.0
1987-06-02,0.14828231298997185,1.0,1.0
1987-06-03,0.22697836154685871,1.0,1.0
1987-06-04,0.1406753258090676,1.0,1.0
1987-06-05,0.08434468880870187,1.0,1.0
1987-06-08,0.07201429051656917,1.0,1.0
1987-06-09,0.03975890563739491,1.0,1.0
1987-06-10,0.023084890233741513,1.0,1.0
1987-06-11,0.015565532304122026,1.0,1.0
1987-06-12,0.017499589941768503,1.0,1.0
1987-06-15,0.013093830882146912,1.0,1.0
1987-06-16,0.011061417490352029,1.0,1.0
1987-06-17,0.00895143299396813,1.0,1.0
1987-06-18,0.007999997598794297,1.0,1.0
1987-06-19,0.007694168405814654,1.0,1.0
1987-06-22,0.009175794322539227,1.0,1.0
1987-06-23,0.0090683454712797,1.0,1.0
1987-06-24,0.009788245819720513,1.0,1.0
1987-06-25,0.009894779561514543,1.0,1.0
1987-06-26,0.010441970627732182,1.0,1.0
1987-06-29,0.00865689327446049,1.0,1.0
1987-06-30,0.019890898508661724,1.0,1.0
1987-07-01,0.014305133193504432,1.0,1.0
1987-07-02,0.013178661690918215,1.0,1.0
1987-07-06,0.010630843919814604,1.0,1.0
1987-07-07,0.010610738836291189,1.0,1.0
1987-07-08,0.008898724845305933,1.0,1.0
1987-07-09,0.008172743447521945,1.0,1.0
1987-07-10,0.0076333151112315326,1.0,1.0
1987-07-13,0.007675444335555989,1.0,1.0
1987-07-14,0.012228000290962581,1.0,1.0
1987-07-15,0.009659229114224734,1.0,1.0
1987-07-16,0.00982077853036477,1.0,1.0
1987-07-17,0.009297153177151005,1.0,1.0
1987-07-20,0.01505814592309113,1.0,1.0
1987-07-21,0.01941651903526832,1.0,1.0
1987-07-22,0.01333717888884218,1.0,1.0
1987-07-23,0.011084842249579523,1.0,1.0
1987-07-24,0.00953928504568972,1.0,1.0
1987-07-27,0.008821869417666356,1.0,1.0
1987-07-28,0.008810177619790983,1.0,1.0
1987-07-29,0.01282283830370404,1.0,1.0
1987-07-30,0.013298785371395288,1.0,1.0
1987-07-31,0.010142133433371935,1.0,1.0
1987-08-03,0.009974125798587922,1.0,1.0
1987-08-04,0.009392932975826935,1.0,1.0
1987-08-05,0.01094719566591221,1.0,1.0
1987-08-06,0.018997401566281165,1.0,1.0
1987-08-07,0.013753609675766146,1.0,1.0
1987-08-10,0.031989331121513684,1.0,1.0
1987-08-11,0.06195343469262905,1.0,1.0
1987-08-12,0.03655207340517098,1.0,1.0
1987-08-13,0.026363993667743252,1.0,1.0
1987-08-14,0.016309915375993734,1.0,1.0
1987-08-17,0.011491407099723459,1.0,1.0
1987-08-18,0.05206377991520957,1.0,1.0
1987-08-19,0.028420726974464416,1.0,1.0
1987-08-20,0.06095027780919912,1.0,1.0
1987-08-21,0.03373042931460171,1.0,1.0
1987-08-24,0.02833550071891049,1.0,1.0
1987-08-25,0.02527823038987725,1.0,1.0
1987-08-26,0.02014940766125373,1.0,1.0
1987-08-27,0.025525564058777015,1.0,1.0
1987-08-28,0.048351158217262595,1.0,1.0
1987-08-31,0.035407434401103846,1.0,1.0
1987-09-01,0.16157555964948137,1.0,1.0
1987-09-02,0.12776479310879876,1.0,1.0
1987-09-03,0.08259478016227953,1.0,1.0
1987-09-04,0.09181035693876165,1.0,1.0
1987-09-08,0.17758322195968945,1.0,1.0
1987-09-09,0.09366158764066544,1.0,1.0
1987-09-10,0.08131618293078734,1.0,1.0
1987-09-11,0.13052534678434513,1.0,1.0
1987-09-14,0.06832943051817135,1.0,1.0
1987-09-15,0.1616082257250865,1.0,1.0
1987-09-16,0.14288725666133484,1.0,1.0
1987-09-17,0.07510679796114048,1.0,1.0
1987-09-18,0.04084293998985159,1.0,1.0
1987-09-21,0.095507112377736,1.0,1.0
1987-09-22,0.6061126346182334,0.0,1.0
1987-09-23,0.4397122567840803,0.0,1.0
1987-09-24,0.2780441258707411,1.0,1.0
1987-09-25,0.1508856826747638,1.0,1.0
1987-09-28,0.10431894620979384,1.0,1.0
1987-09-29,0.06142192985097462,1.0,1.0
1987-09-30,0.03306495385148944,1.0,1.0
1987-10-01,0.07379659889552567,1.0,1.0
1987-10-02,0.04019918421057839,1.0,1.0
1987-10-05,0.022773231092837895,1.0,1.0
1987-10-06,0.5234862119801432,0.0,1.0
1987-10-07,0.36496387246813833,0.0,1.0
1987-10-08,0.5656350848201018,0.0,1.0
1987-10-09,0.5221073727189623,0.0,1.0
1987-10-12,0.45388975155437566,0.0,1.0
1987-10-13,0.5303362787762949,0.0,1.0
1987-10-14,0.987534377963278,0.0,0.0
1987-10-15,0.9980481587740497,0.0,0.0
1987-10-16,0.9999999995622333,0.0,0.0
1987-10-19,1.0,0.0,0.0
1987-10-20,0.9149194907314528,0.0,0.0
1987-10-21,1.0,0.0,0.0
1987-10-22,0.9999997024557218,0.0,0.0
1987-10-23,0.9188383814327657,0.0,0.0
1987-10-26,1.0,0.0,0.0
1987-10-27,0.9764162729568653,0.0,0.0
1987-10-28,0.8543277129137247,0.0,0.0
1987-10-29,0.9999999772316561,0.0,0.0
1987-10-30,0.9999917133822173,0.0,0.0
1987-11-02,0.9570291651961308,0.0,0.0
1987-11-03,0.989427888797282,0.0,0.0
1987-11-04,0.9057439194508712,0.0,0.0
1987-11-05,0.9855522431933865,0.0,0.0
1987-11-06,0.9531821430190713,0.0,0.0
1987-11-09,0.9987535812955652,0.0,0.0
1987-11-10,0.9908677390240342,0.0,0.0
1987-11-11,0.926766107423475,0.0,0.0
1987-11-12,0.9953841655317834,0.0,0.0
1987-11-13,0.9311282476282836,0.0,0.0
1987-11-16,0.7797264348025678,0.0,0.0
1987-11-17,0.9039438677552593,0.0,0.0
1987-11-18,0.8162011246790543,0.0,0.0
1987-11-19,0.9806179012570642,0.0,0.0
1987-11-20,0.8702186620803342,0.0,0.0
1987-11-23,0.6967437282383043,0.0,0.0
1987-11-24,0.744627378318246,0.0,0.0
1987-11-25,0.6307642109406747,0.0,0.0
1987-11-27,0.7311401072742694,0.0,0.0
1987-11-30,0.9999982547881039,0.0,0.0
1987-12-01,0.8979259096433735,0.0,0.0
1987-12-02,0.7399291842224788,0.0,0.0
1987-12-03,0.9996593475078471,0.0,0.0
1987-12-04,0.9535990370520759,0.0,0.0
1987-12-07,0.9650664495999091,0.0,0.0
1987-12-08,0.9951203153362499,0.0,0.0
1987-12-09,0.9793338904920792,0.0,0.0
1987-12-10,0.9853256677786375,0.0,0.0
1987-12-11,0.8786620656084801,0.0,0.0
1987-12-14,0.9980146429861201,0.0,0.0
1987-12-15,0.8894279595829018,0.0,0.0
1987-12-16,0.9786998797077541,0.0,0.0
1987-12-17,0.9714449781652494,0.0,0.0
1987-12-18,0.9942588819870919,0.0,0.0
1987-12-21,0.8806991202959349,0.0,0.0
1987-12-22,0.7065041299538013,0.0,0.0
1987-12-23,0.7169633048468675,0.0,0.0
1987-12-24,0.5178705458773443,0.0,0.0
1987-12-28,0.9821997475425254,0.0,0.0
1987-12-29,0.8739581507693137,0.0,0.0
1987-12-30,0.8547391947587154,0.0,0.0
1987-12-31,0.6823519691519725,0.0,0.0
1988-01-04,0.9997120800954973,0.0,0.0
1988-01-05,0.9537671110790235,0.0,0.0
1988-01-06,0.8133990817792873,0.0,0.0
1988-01-07,0.688440315180581,0.0,0.0
1988-01-08,0.9999999999950964,0.0,0.0
1988-01-11,0.9273621385563514,0.0,0.0
1988-01-12,0.8750747858937605,0.0,0.0
1988-01-13,0.6965296428792055,0.0,0.0
1988-01-14,0.4832689707896675,0.0,0.0
1988-01-15,0.9510651942530114,0.0,0.0
1988-01-18,0.8062684514777809,0.0,0.0
1988-01-19,0.7182406165177297,0.0,0.0
1988-01-20,0.9934766398681572,0.0,0.0
1988-01-21,0.8745128155826556,0.0,0.0
1988-01-22,0.8551799865615242,0.0,0.0
1988-01-25,0.9668211338972237,0.0,0.0
1988-01-26,0.8963558882076862,0.0,0.0
1988-01-27,0.7281623766767422,0.0,0.0
1988-01-28,0.769098018602509,0.0,0.0
1988-01-29,0.7818765195420284,0.0,0.0
1988-02-01,0.6075605863297253,0.0,0.0
1988-02-02,0.3983066976517556,0.0,0.0
1988-02-03,0.48524297346201706,0.0,0.0
1988-02-04,0.2952418509954739,1.0,0.0
1988-02-05,0.17192432169795532,1.0,0.0
1988-02-08,0.13727300870524634,1.0,1.0
1988-02-09,0.10463320646331328,1.0,1.0
1988-02-10,0.3132656067886139,1.0,1.0
1988-02-11,0.1787772510703707,1.0,1.0
1988-02-12,0.007772861523431829,1.0,1.0
1988-02-16,0.006489252564557604,1.0,1.0
1988-02-17,0.004229343658504746,1.0,1.0
1988-02-18,0.003915406337126272,1.0,1.0
1988-02-19,0.008613621558066407,1.0,1.0
1988-02-22,0.016457444855640838,1.0,1.0
1988-02-23,0.0070150070028876564,1.0,1.0
1988-02-24,0.004201605370379785,1.0,1.0
1988-02-25,0.005824565654801095,1.0,1.0
1988-02-26,0.003930344868065286,1.0,1.0
1988-02-29,0.039821777592726926,1.0,1.0
1988-03-01,0.01436961711753489,1.0,1.0
1988-03-02,0.00703507380408551,1.0,1.0
1988-03-03,0.004197549685155674,1.0,1.0
1988-03-04,0.0035014137878740695,1.0,1.0
1988-03-07,0.0031945165370787427,1.0,1.0
1988-03-08,0.004312409232357163,1.0,1.0
1988-03-09,0.003414967947484182,1.0,1.0
1988-03-10,0.037632936698633504,1.0,1.0
1988-03-11,0.013307631683454932,1.0,1.0
1988-03-14,0.006691958866373736,1.0,1.0
1988-03-15,0.004142959239534015,1.0,1.0
1988-03-16,0.005390164872199176,1.0,1.0
1988-03-17,0.00636256517026919,1.0,1.0
1988-03-18,0.004027184760260363,1.0,1.0
1988-03-21,0.006065578802048371,1.0,1.0
1988-03-22,0.003918578068736816,1.0,1.0
1988-03-23,0.003318624566642365,1.0,1.0
1988-03-24,0.055974610726926416,1.0,1.0
1988-03-25,0.12823708508041948,1.0,1.0
1988-03-28,0.049908206044672554,1.0,1.0
1988-03-29,0.024160088322886335,1.0,1.0
1988-03-30,0.01372292303492683,1.0,1.0
1988-03-31,0.006571934790361163,1.0,1.0
1988-04-04,0.009314325525347495,1.0,1.0
1988-04-05,0.006690509728929126,1.0,1.0
1988-04-06,0.16448879167180983,0.0,1.0
1988-04-07,0.05661805262888554,1.0,1.0
1988-04-08,0.045036822885891926,1.0,1.0
1988-04-11,0.016025310264769246,1.0,1.0
1988-04-12,0.007714302647396,1.0,1.0
1988-04-13,0.004425174446014992,1.0,1.0
1988-04-14,0.9987804260490543,0.0,0.0
1988-04-15,0.7727642586036348,0.0,0.0
1988-04-18,0.4385076550078147,0.0,0.0
1988-04-19,0.18958968635041445,0.0,0.0
1988-04-20,0.0988740775481766,1.0,0.0
1988-04-21,0.03254361506536539,1.0,1.0
1988-04-22,0.028026128299027106,1.0,1.0
1988-04-25,0.014652742927902234,1.0,1.0
1988-04-26,0.008159046972722673,1.0,1.0
1988-04-27,0.004532002034438099,1.0,1.0
1988-04-28,0.00413461283246327,1.0,1.0
1988-04-29,0.003673076235301601,1.0,1.0
1988-05-02,0.003234503533436811,1.0,1.0
1988-05-03,0.0036769215052016423,1.0,1.0
1988-05-04,0.005642335492243141,1.0,1.0
1988-05-05,0.005157716493128044,1.0,1.0
1988-05-06,0.004315339732471331,1.0,1.0
1988-05-09,0.0041923531022200105,1.0,1.0
1988-05-10,0.0034712865011112663,1.0,1.0
1988-05-11,0.028756848033584085,1.0,1.0
1988-05-12,0.010852466133329174,1.0,1.0
1988-05-13,0.009971188451237099,1.0,1.0
1988-05-16,0.006374602404796187,1.0,1.0
1988-05-17,0.00903388327335042,1.0,1.0
1988-05-18,0.03563640834898893,1.0,1.0
1988-05-19,0.012957689749740382,1.0,1.0
1988-05-20,0.005925468569526061,1.0,1.0
1988-05-23,0.00676589049369021,1.0,1.0
1988-05-24,0.007036451977479634,1.0,1.0
1988-05-25,0.004265094244562591,1.0,1.0
1988-05-26,0.0036126054575081486,1.0,1.0
1988-05-27,0.0037375363847582956,1.0,1.0
1988-05-31,0.5407857098541186,0.0,1.0
1988-06-01,0.7278405608634066,0.0,0.0
1988-06-02,0.4279221329951954,0.0,0.0
1988-06-03,0.18668643556113262,0.0,0.0
1988-06-06,0.06468631278088786,1.0,0.0
1988-06-07,0.028089550377208946,1.0,1.0
1988-06-08,0.18045194195073164,0.0,1.0
1988-06-09,0.06313784319912483,1.0,1.0
1988-06-10,0.02194196106025113,1.0,1.0
1988-06-13,0.00853235222066187,1.0,1.0
1988-06-14,0.008010130156891731,1.0,1.0
1988-06-15,0.004481232621581256,1.0,1.0
1988-06-16,0.01685311880493502,1.0,1.0
1988-06-17,0.007077338250303523,1.0,1.0
1988-06-20,0.005550352976722235,1.0,1.0
1988-06-21,0.006035749360382295,1.0,1.0
1988-06-22,0.012782950602223377,1.0,1.0
1988-06-23,0.006064820939158289,1.0,1.0
1988-06-24,0.004172118633954292,1.0,1.0
1988-06-27,0.017606119447583512,1.0,1.0
1988-06-28,0.0136397125646911,1.0,1.0
1988-06-29,0.007048330154428999,1.0,1.0
1988-06-30,0.007174900009620417,1.0,1.0
1988-07-01,0.00503716501394512,1.0,1.0
1988-07-05,0.008807382372802043,1.0,1.0
1988-07-06,0.014935137633538893,1.0,1.0
1988-07-07,0.006566262785270132,1.0,1.0
1988-07-08,0.00535664355891156,1.0,1.0
1988-07-11,0.0037217656546708637,1.0,1.0
1988-07-12,0.005906611996192986,1.0,1.0
1988-07-13,0.004061078474458006,1.0,1.0
1988-07-14,0.003478625982236016,1.0,1.0
1988-07-15,0.0035810306640959287,1.0,1.0
1988-07-18,0.0039018173394580334,1.0,1.0
1988-07-19,0.005834404442512325,1.0,1.0
1988-07-20,0.004264335282340602,1.0,1.0
1988-07-21,0.009644677946432305,1.0,1.0
1988-07-22,0.013740596126580854,1.0,1.0
1988-07-25,0.006384915860229398,1.0,1.0
1988-07-26,0.00402571223055775,1.0,1.0
1988-07-27,0.00672546412961052,1.0,1.0
1988-07-28,0.008340814620574588,1.0,1.0
1988-07-29,0.04869386627236325,1.0,1.0
1988-08-01,0.01670519754311574,1.0,1.0
1988-08-02,0.007030080571473054,1.0,1.0
1988-08-03,0.004399961912589439,1.0,1.0
1988-08-04,0.0036629908030294776,1.0,1.0
1988-08-05,0.0036536378634381057,1.0,1.0
1988-08-08,0.0036745705248690096,1.0,1.0
1988-08-09,0.010490183428131189,1.0,1.0
1988-08-10,0.060558428565814684,1.0,1.0
1988-08-11,0.020511089077284297,1.0,1.0
1988-08-12,0.007822936390099938,1.0,1.0
1988-08-15,0.019509906336148908,1.0,1.0
1988-08-16,0.00976065559024099,1.0,1.0
1988-08-17,0.005056539283079869,1.0,1.0
1988-08-18,0.003758647543386863,1.0,1.0
1988-08-19,0.003538563803347287,1.0,1.0
1988-08-22,0.010402524690132647,1.0,1.0
1988-08-23,0.005266096401173718,1.0,1.0
1988-08-24,0.012005051104922627,1.0,1.0
1988-08-25,0.008391290965803901,1.0,1.0
1988-08-26,0.004699089118164389,1.0,1.0
1988-08-29,0.006379590436528482,1.0,1.0
1988-08-30,0.004115946251775769,1.0,1.0
1988-08-31,0.003719270371744252,1.0,1.0
1988-09-01,0.01016294690574602,1.0,1.0
1988-09-02,0.07250156156755634,1.0,1.0
1988-09-06,0.025062910590503456,1.0,1.0
1988-09-07,0.009378119652997847,1.0,1.0
1988-09-08,0.00495762663890924,1.0,1.0
1988-09-09,0.004016305046221599,1.0,1.0
1988-09-12,0.0035322321483930107,1.0,1.0
1988-09-13,0.0034003070732179976,1.0,1.0
1988-09-14,0.004024463363235026,1.0,1.0
1988-09-15,0.003975346134134314,1.0,1.0
1988-09-16,0.004754672194095773,1.0,1.0
1988-09-19,0.004615860815043586,1.0,1.0
1988-09-20,0.0037526494744332807,1.0,1.0
1988-09-21,0.00341616592392203,1.0,1.0
1988-09-22,0.003782233213438518,1.0,1.0
1988-09-23,0.003437625128457527,1.0,1.0
1988-09-26,0.0037638773830249027,1.0,1.0
1988-09-27,0.003632442926496675,1.0,1.0
1988-09-28,0.003470998851551275,1.0,1.0
1988-09-29,0.0077020442444743036,1.0,1.0
1988-09-30,0.0045530239749234916,1.0,1.0
1988-10-03,0.00406326669685956,1.0,1.0
1988-10-04,0.00365543966794242,1.0,1.0
1988-10-05,0.0036272825218949026,1.0,1.0
1988-10-06,0.0033704069077194147,1.0,1.0
1988-10-07,0.021324538748718685,1.0,1.0
1988-10-10,0.008294576857403342,1.0,1.0
1988-10-11,0.004785403200081307,1.0,1.0
1988-10-12,0.014920660584717743,1.0,1.0
1988-10-13,0.00679809103675339,1.0,1.0
1988-10-14,0.004232156068297674,1.0,1.0
1988-10-17,0.0035714184394997107,1.0,1.0
1988-10-18,0.0052013356501346844,1.0,1.0
1988-10-19,0.006010362953808309,1.0,1.0
1988-10-20,0.03168098128329111,1.0,1.0
1988-10-21,0.011326522639619101,1.0,1.0
1988-10-24,0.006182727329581148,1.0,1.0
1988-10-25,0.0040987270759494645,1.0,1.0
1988-10-26,0.0039723770479043585,1.0,1.0
1988-10-27,0.016695199376625874,1.0,1.0
1988-10-28,0.0074102278602603345,1.0,1.0
1988-10-31,0.004399898469364073,1.0,1.0
1988-11-01,0.003563366157993753,1.0,1.0
1988-11-02,0.0033603530108223152,1.0,1.0
1988-11-03,0.003276388668292716,1.0,1.0
1988-11-04,0.0057300863161202625,1.0,1.0
1988-11-07,0.008371691633713655,1.0,1.0
1988-11-08,0.005064931760386164,1.0,1.0
1988-11-09,0.005040761066036455,1.0,1.0
1988-11-10,0.003741204338687807,1.0,1.0
1988-11-11,0.05856779011865351,1.0,1.0
1988-11-14,0.02015491365287707,1.0,1.0
1988-11-15,0.008026012280295442,1.0,1.0
1988-11-16,0.038304742157081864,1.0,1.0
1988-11-17,0.013167359393120914,1.0,1.0
1988-11-18,0.007466744035921168,1.0,1.0
1988-11-21,0.004710024252521325,1.0,1.0
1988-11-22,0.0037796356405204166,1.0,1.0
1988-11-23,0.004373305284365887,1.0,1.0
1988-11-25,0.004982207924797598,1.0,1.0
1988-11-28,0.004003792050709465,1.0,1.0
1988-11-29,0.005387422047053218,1.0,1.0
1988-11-30,0.006897964694046135,1.0,1.0
1988-12-01,0.004482406151261894,1.0,1.0
1988-12-02,0.003793474050266567,1.0,1.0
1988-12-05,0.005710613386538198,1.0,1.0
1988-12-06,0.006433093079389963,1.0,1.0
1988-12-07,0.004141472599820699,1.0,1.0
1988-12-08,0.004441035476393229,1.0,1.0
1988-12-09,0.003584012441323683,1.0,1.0
1988-12-12,0.00350170476888273,1.0,1.0
1988-12-13,0.0034643629401597004,1.0,1.0
1988-12-14,0.0037478646074990455,1.0,1.0
1988-12-15,0.003766283584709928,1.0,1.0
1988-12-16,0.004291029176451989,1.0,1.0
1988-12-19,0.004874968461131204,1.0,1.0
1988-12-20,0.00413800918956208,1.0,1.0
1988-12-21,0.0035666142049412134,1.0,1.0
1988-12-22,0.003405236806499247,1.0,1.0
1988-12-23,0.003552605050896155,1.0,1.0
1988-12-27,0.0037062264188488236,1.0,1.0
1988-12-28,0.00337738237383736,1.0,1.0
1988-12-29,0.004436431527696155,1.0,1.0
1988-12-30,0.003831827878433569,1.0,1.0
1989-01-03,0.006434508200850479,1.0,1.0
1989-01-04,0.01436119085129356,1.0,1.0
1989-01-05,0.0064651322204371696,1.0,1.0
1989-01-06,0.004313783522051874,1.0,1.0
1989-01-09,0.0035487192621233596,1.0,1.0
1989-01-10,0.003535866291640069,1.0,1.0
1989-01-11,0.003712603239555853,1.0,1.0
1989-01-12,0.0036263503534237633,1.0,1.0
1989-01-13,0.0033655952317068194,1.0,1.0
1989-01-16,0.0032859158778288,1.0,1.0
1989-01-17,0.003458733295604965,1.0,1.0
1989-01-18,0.005703832634010502,1.0,1.0
1989-01-19,0.003943260315143419,1.0,1.0
1989-01-20,0.003479024503279723,1.0,1.0
1989-01-23,0.004788114178857585,1.0,1.0
1989-01-24,0.008008678146420655,1.0,1.0
1989-01-25,0.004711334056545861,1.0,1.0
1989-01-26,0.005692098227171987,1.0,1.0
1989-01-27,0.005101645377495983,1.0,1.0
1989-01-30,0.0039837116780113355,1.0,1.0
1989-01-31,0.0051916686816119665,1.0,1.0
1989-02-01,0.0037982825128608094,1.0,1.0
1989-02-02,0.0034074058048462934,1.0,1.0
1989-02-03,0.003292363929127194,1.0,1.0
1989-02-06,0.003403925897301607,1.0,1.0
1989-02-07,0.007176812767885225,1.0,1.0
1989-02-08,0.00462413973911347,1.0,1.0
1989-02-09,0.0058288228657936095,1.0,1.0
1989-02-10,0.01654619717768595,1.0,1.0
1989-02-13,0.006908407200186247,1.0,1.0
1989-02-14,0.004315916736133899,1.0,1.0
1989-02-15,0.005051898214431567,1.0,1.0
1989-02-16,0.00377488035324485,1.0,1.0
1989-02-17,0.004048286792759971,1.0,1.0
1989-02-21,0.0036836182640981145,1.0,1.0
1989-02-22,0.02243081469165882,1.0,1.0
1989-02-23,0.008818995300085591,1.0,1.0
1989-02-24,0.02508648095428057,1.0,1.0
1989-02-27,0.009311273744767343,1.0,1.0
1989-02-28,0.005122667954691928,1.0,1.0
1989-03-01,0.00435149448549865,1.0,1.0
1989-03-02,0.005695296834903054,1.0,1.0
1989-03-03,0.004160954153669846,1.0,1.0
1989-03-06,0.00689240999172673,1.0,1.0
1989-03-07,0.004411926483768423,1.0,1.0
1989-03-08,0.003527855313056181,1.0,1.0
1989-03-09,0.0033599275484896217,1.0,1.0
1989-03-10,0.003514541574348105,1.0,1.0
1989-03-13,0.004164238946162219,1.0,1.0
1989-03-14,0.003513310284144634,1.0,1.0
1989-03-15,0.0035682130997723833,1.0,1.0
1989-03-16,0.00509085910216216,1.0,1.0
1989-03-17,0.13809432856271475,1.0,1.0
1989-03-20,0.09925593640139681,1.0,1.0
1989-03-21,0.03518329456753175,1.0,1.0
1989-03-22,0.013437813500809961,1.0,1.0
1989-03-23,0.007150901166512542,1.0,1.0
1989-03-27,0.004592674185274093,1.0,1.0
1989-03-28,0.0038165942522797483,1.0,1.0
1989-03-29,0.003445408862672539,1.0,1.0
1989-03-30,0.0032612769185426807,1.0,1.0
1989-03-31,0.0047363103381071435,1.0,1.0
1989-04-03,0.004072699229510093,1.0,1.0
1989-04-04,0.003727957133426838,1.0,1.0
1989-04-05,0.0034516893631620946,1.0,1.0
1989-04-06,0.0035606334783229803,1.0,1.0
1989-04-07,0.004008528105342692,1.0,1.0
1989-04-10,0.003433361851039668,1.0,1.0
1989-04-11,0.003563111422116899,1.0,1.0
1989-04-12,0.003333704868039188,1.0,1.0
1989-04-13,0.005559431512125243,1.0,1.0
1989-04-14,0.01366279560596845,1.0,1.0
1989-04-17,0.006097161372760769,1.0,1.0
1989-04-18,0.009955750152113469,1.0,1.0
1989-04-19,0.005401509104892367,1.0,1.0
1989-04-20,0.0040472514415510015,1.0,1.0
1989-04-21,0.004839958932771605,1.0,1.0
1989-04-24,0.00380314290201202,1.0,1.0
1989-04-25,0.004177379098236936,1.0,1.0
1989-04-26,0.0034659835383589774,1.0,1.0
1989-04-27,0.004565580253464966,1.0,1.0
1989-04-28,0.0035712061147043814,1.0,1.0
1989-05-01,0.0034135913345977303,1.0,1.0
1989-05-02,0.0034629175231518593,1.0,1.0
1989-05-03,0.0032748490146738357,1.0,1.0
1989-05-04,0.003257079228250948,1.0,1.0
1989-05-05,0.003217929314039309,1.0,1.0
1989-05-08,0.004118213895641443,1.0,1.0
1989-05-09,0.003638076814291537,1.0,1.0
1989-05-10,0.0033324518200796623,1.0,1.0
1989-05-11,0.0033744450717032577,1.0,1.0
1989-05-12,0.03818720228662842,1.0,1.0
1989-05-15,0.01729778919833328,1.0,1.0
1989-05-16,0.007477607215124693,1.0,1.0
1989-05-17,0.005603240625444443,1.0,1.0
1989-05-18,0.0038966037550065787,1.0,1.0
1989-05-19,0.00510950617196438,1.0,1.0
1989-05-22,0.003822089695537037,1.0,1.0
1989-05-23,0.007424833311765845,1.0,1.0
1989-05-24,0.0044235768504342615,1.0,1.0
1989-05-25,0.0035314794133061407,1.0,1.0
1989-05-26,0.004366582523751601,1.0,1.0
1989-05-30,0.005104418669069944,1.0,1.0
1989-05-31,0.004067533446428782,1.0,1.0
1989-06-01,0.00379637164075283,1.0,1.0
1989-06-02,0.006497745733106134,1.0,1.0
1989-06-05,0.008371210580714553,1.0,1.0
1989-06-06,0.005173377243659014,1.0,1.0
1989-06-07,0.005843646904881138,1.0,1.0
1989-06-08,0.003938262722149889,1.0,1.0
1989-06-09,0.0034184751266475217,1.0,1.0
1989-06-12,0.003348362852878007,1.0,1.0
1989-06-13,0.005032076317388227,1.0,1.0
1989-06-14,0.0037848159479459366,1.0,1.0
1989-06-15,0.009404590492985176,1.0,1.0
1989-06-16,0.005044652768760656,1.0,1.0
1989-06-19,0.003703070847500435,1.0,1.0
1989-06-20,0.003532227496014945,1.0,1.0
1989-06-21,0.0034977503979778325,1.0,1.0
1989-06-22,0.0035635452715019364,1.0,1.0
1989-06-23,0.01414258562339978,1.0,1.0
1989-06-26,0.006912228974583332,1.0,1.0
1989-06-27,0.004909468186345979,1.0,1.0
1989-06-28,0.0059137214252116925,1.0,1.0
1989-06-29,0.06939951880835338,1.0,1.0
1989-06-30,0.029526974770198135,1.0,1.0
1989-07-03,0.011175191172623403,1.0,1.0
1989-07-05,0.00566621462934553,1.0,1.0
1989-07-06,0.004133028671210766,1.0,1.0
1989-07-07,0.006134381303244646,1.0,1.0
1989-07-10,0.004726370610661707,1.0,1.0
1989-07-11,0.004149080979455842,1.0,1.0
1989-07-12,0.003609801307123523,1.0,1.0
1989-07-13,0.0033066242307362662,1.0,1.0
1989-07-14,0.0034708438351104863,1.0,1.0
1989-07-17,0.003307945621639253,1.0,1.0
1989-07-18,0.003619659122021476,1.0,1.0
1989-07-19,0.007719525425945075,1.0,1.0
1989-07-20,0.00624442336619639,1.0,1.0
1989-07-21,0.00446149588265761,1.0,1.0
1989-07-24,0.0050322028910878445,1.0,1.0
1989-07-25,0.0037060906792741994,1.0,1.0
1989-07-26,0.006743553844072012,1.0,1.0
1989-07-27,0.00869583710185802,1.0,1.0
1989-07-28,0.004717892605715531,1.0,1.0
1989-07-31,0.006693679274440108,1.0,1.0
1989-08-01,0.005402464573176803,1.0,1.0
1989-08-02,0.0038405195511399645,1.0,1.0
1989-08-03,0.003442812736224551,1.0,1.0
1989-08-04,0.00348748754031572,1.0,1.0
1989-08-07,0.010549719848215466,1.0,1.0
1989-08-08,0.0052298338014788275,1.0,1.0
1989-08-09,0.004747457101838427,1.0,1.0
1989-08-10,0.0038621924200272933,1.0,1.0
1989-08-11,0.005968991849546334,1.0,1.0
1989-08-14,0.005032931046343662,1.0,1.0
1989-08-15,0.0038027428489107373,1.0,1.0
1989-08-16,0.003306582559677313,1.0,1.0
1989-08-17,0.0034473846162270975,1.0,1.0
1989-08-18,0.003317944799068311,1.0,1.0
1989-08-21,0.013531497088233688,1.0,1.0
1989-08-22,0.005977578992329641,1.0,1.0
1989-08-23,0.006412234192360082,1.0,1.0
1989-08-24,0.030700918511492696,1.0,1.0
1989-08-25,0.011302819316058707,1.0,1.0
1989-08-28,0.005560695168976793,1.0,1.0
1989-08-29,0.004886889799745911,1.0,1.0
1989-08-30,0.00364826538474589,1.0,1.0
1989-08-31,0.003237057980585664,1.0,1.0
1989-09-01,0.003854028270348037,1.0,1.0
1989-09-05,0.003521399482544536,1.0,1.0
1989-09-06,0.006228768642400643,1.0,1.0
1989-09-07,0.0041474202053654735,1.0,1.0
1989-09-08,0.003366742693303909,1.0,1.0
1989-09-11,0.0035050274563128408,1.0,1.0
1989-09-12,0.0033607616607701546,1.0,1.0
1989-09-13,0.005568529730451421,1.0,1.0
1989-09-14,0.00637925957897564,1.0,1.0
1989-09-15,0.004022413592953608,1.0,1.0
1989-09-18,0.0035249886650087427,1.0,1.0
1989-09-19,0.003195793796429912,1.0,1.0
1989-09-20,0.003172855609034411,1.0,1.0
1989-09-21,0.0031841480713528988,1.0,1.0
1989-09-22,0.0031883455017506666,1.0,1.0
1989-09-25,0.00507359002609792,1.0,1.0
1989-09-26,0.00362654247432468,1.0,1.0
1989-09-27,0.003226379738283172,1.0,1.0
1989-09-28,0.005296680835429545,1.0,1.0
1989-09-29,0.0037845770616208164,1.0,1.0
1989-10-02,0.003656346276200419,1.0,1.0
1989-10-03,0.005960272307755442,1.0,1.0
1989-10-04,0.004561200236882704,1.0,1.0
1989-10-05,0.0034803146717823177,1.0,1.0
1989-10-06,0.0036071242878433865,1.0,1.0
1989-10-09,0.003258603030351461,1.0,1.0
1989-10-10,0.0033160410530513763,1.0,1.0
1989-10-11,0.00446572505629904,1.0,1.0
1989-10-12,0.00416603056403004,1.0,1.0
1989-10-13,0.9999999966332664,0.0,0.0
1989-10-16,0.9491448246804672,0.0,0.0
1989-10-17,0.6798323540951567,0.0,0.0
1989-10-18,0.32908953492784393,0.0,0.0
1989-10-19,0.40485482367401054,0.0,0.0
1989-10-20,0.15156089746822765,1.0,0.0
1989-10-23,0.07363129282590719,1.0,1.0
1989-10-24,0.031907574609251636,1.0,1.0
1989-10-25,0.01215382201335333,1.0,1.0
1989-10-26,0.017976369792344148,1.0,1.0
1989-10-27,0.017671102273130113,1.0,1.0
1989-10-30,0.007229981857832907,1.0,1.0
1989-10-31,0.015064480385922209,1.0,1.0
1989-11-01,0.006624899687478899,1.0,1.0
1989-11-02,0.00615340621004297,1.0,1.0
1989-11-03,0.004160592801826645,1.0,1.0
1989-11-06,0.01731365462192747,1.0,1.0
1989-11-07,0.008044305182714201,1.0,1.0
1989-11-08,0.008412689660796516,1.0,1.0
1989-11-09,0.005207679518164383,1.0,1.0
1989-11-10,0.004522672296898545,1.0,1.0
1989-11-13,0.0034895010789596764,1.0,1.0
1989-11-14,0.004037304844941164,1.0,1.0
1989-11-15,0.004091862443892529,1.0,1.0
1989-11-16,0.0033587950390120067,1.0,1.0
1989-11-17,0.0032578908626675574,1.0,1.0
1989-11-20,0.004694547123966476,1.0,1.0
1989-11-21,0.0035840763122676777,1.0,1.0
1989-11-22,0.0038189906287712156,1.0,1.0
1989-11-24,0.0038956018792058356,1.0,1.0
1989-11-27,0.0035354213295223412,1.0,1.0
1989-11-28,0.0031982000776103643,1.0,1.0
1989-11-29,0.004284341236842866,1.0,1.0
1989-11-30,0.0038098583886229114,1.0,1.0
1989-12-01,0.007107782788393245,1.0,1.0
1989-12-04,0.004296969944188778,1.0,1.0
1989-12-05,0.004018691234019667,1.0,1.0
1989-12-06,0.0037485107500344187,1.0,1.0
1989-12-07,0.0035425641727565697,1.0,1.0
1989-12-08,0.003218859930635527,1.0,1.0
1989-12-11,0.0032278550649883103,1.0,1.0
1989-12-12,0.0038509091093863793,1.0,1.0
1989-12-13,0.0033763617755367668,1.0,1.0
1989-12-14,0.004265705793642243,1.0,1.0
1989-12-15,0.004038111476873083,1.0,1.0
1989-12-18,0.044855503520817894,1.0,1.0
1989-12-19,0.018132743673578575,1.0,1.0
1989-12-20,0.007243510672363691,1.0,1.0
1989-12-21,0.004978022024259025,1.0,1.0
1989-12-22,0.005410061218252766,1.0,1.0
1989-12-26,0.0037941862961451134,1.0,1.0
1989-12-27,0.0037783389265501253,1.0,1.0
1989-12-28,0.003676729438322999,1.0,1.0
1989-12-29,0.004764460356845261,1.0,1.0
1990-01-02,0.015590207614042416,1.0,1.0
1990-01-03,0.006625242306800952,1.0,1.0
1990-01-04,0.006614055061092018,1.0,1.0
1990-01-05,0.00799627547337749,1.0,1.0
1990-01-08,0.004608881932578656,1.0,1.0
1990-01-09,0.00892388115251216,1.0,1.0
1990-01-10,0.008155866755357458,1.0,1.0
1990-01-11,0.004556628443274253,1.0,1.0
1990-01-12,0.26511270512152685,0.0,1.0
1990-01-15,0.18468989845420225,0.0,1.0
1990-01-16,0.10047459806324,1.0,1.0
1990-01-17,0.053805825650048884,1.0,1.0
1990-01-18,0.017444007912775256,1.0,1.0
1990-01-19,0.007365770946354332,1.0,1.0
1990-01-22,0.290091258819424,0.0,1.0
1990-01-23,0.10018584705257724,1.0,1.0
1990-01-24,0.038556809311291566,1.0,1.0
1990-01-25,0.03635683720932143,1.0,1.0
1990-01-26,0.014387468675905065,1.0,1.0
1990-01-29,0.007104671521932168,1.0,1.0
1990-01-30,0.008910524470542533,1.0,1.0
1990-01-31,0.03496083674014143,1.0,1.0
1990-02-01,0.01199227528599125,1.0,1.0
1990-02-02,0.007789467875982698,1.0,1.0
1990-02-05,0.004706474751438975,1.0,1.0
1990-02-06,0.004758882725194221,1.0,1.0
1990-02-07,0.007793260672098817,1.0,1.0
1990-02-08,0.004464820188416171,1.0,1.0
1990-02-09,0.003722130239916556,1.0,1.0
1990-02-12,0.007547219668437016,1.0,1.0
1990-02-13,0.004415785707805846,1.0,1.0
1990-02-14,0.0036257598539837605,1.0,1.0
1990-02-15,0.004997369483659924,1.0,1.0
1990-02-16,0.004848271763458261,1.0,1.0
1990-02-20,0.018235982044739966,1.0,1.0
1990-02-21,0.007700990985502025,1.0,1.0
1990-02-22,0.005193644893198876,1.0,1.0
1990-02-23,0.005153278870007152,1.0,1.0
1990-02-26,0.007411879473839743,1.0,1.0
1990-02-27,0.005140332119731772,1.0,1.0
1990-02-28,0.004440352050736912,1.0,1.0
1990-03-01,0.0036860011090509527,1.0,1.0
1990-03-02,0.005194716901956416,1.0,1.0
1990-03-05,0.004426462535378729,1.0,1.0
1990-03-06,0.007825830801988988,1.0,1.0
1990-03-07,0.004792845326365876,1.0,1.0
1990-03-08,0.005840445874069463,1.0,1.0
1990-03-09,0.005279855171856924,1.0,1.0
1990-03-12,0.003824144059001012,1.0,1.0
1990-03-13,0.005441563913030087,1.0,1.0
1990-03-14,0.003923191111682229,1.0,1.0
1990-03-15,0.0035371554785811003,1.0,1.0
1990-03-16,0.00573676186024089,1.0,1.0
1990-03-19,0.00422597258558496,1.0,1.0
1990-03-20,0.004809326896810979,1.0,1.0
1990-03-21,0.00458110749151484,1.0,1.0
1990-03-22,0.013577670311762949,1.0,1.0
1990-03-23,0.006651430103903126,1.0,1.0
1990-03-26,0.00419602573405681,1.0,1.0
1990-03-27,0.005336553018800497,1.0,1.0
1990-03-28,0.0038227462506348203,1.0,1.0
1990-03-29,0.003952686801439014,1.0,1.0
1990-03-30,0.0036431369989476194,1.0,1.0
1990-04-02,0.004102210352632392,1.0,1.0
1990-04-03,0.01058243016968507,1.0,1.0
1990-04-04,0.007780029821751019,1.0,1.0
1990-04-05,0.004644473878616098,1.0,1.0
1990-04-06,0.004045733455908839,1.0,1.0
1990-04-09,0.003535148142261173,1.0,1.0
1990-04-10,0.0033705170241653164,1.0,1.0
1990-04-11,0.0033195423441023542,1.0,1.0
1990-04-12,0.004442421310102936,1.0,1.0
1990-04-16,0.0035883857149134313,1.0,1.0
1990-04-17,0.0034299408974615927,1.0,1.0
1990-04-18,0.009350434303192587,1.0,1.0
1990-04-19,0.008337097106963712,1.0,1.0
1990-04-20,0.009748323990327065,1.0,1.0
1990-04-23,0.016831789039164456,1.0,1.0
1990-04-24,0.007565990001278972,1.0,1.0
1990-04-25,0.004923082796203383,1.0,1.0
1990-04-26,0.003730432948361608,1.0,1.0
1990-04-27,0.009744230556774884,1.0,1.0
1990-04-30,0.005561971729113134,1.0,1.0
1990-05-01,0.004263397440785328,1.0,1.0
1990-05-02,0.0042323225807955715,1.0,1.0
1990-05-03,0.0036908843289010164,1.0,1.0
1990-05-04,0.00486104599290892,1.0,1.0
1990-05-07,0.004452458230663928,1.0,1.0
1990-05-08,0.003846359329393376,1.0,1.0
1990-05-09,0.0034359256264872816,1.0,1.0
1990-05-10,0.0035965951238259093,1.0,1.0
1990-05-11,0.061785618763251,1.0,1.0
1990-05-14,0.028407102926782977,1.0,1.0
1990-05-15,0.01013376115580937,1.0,1.0
1990-05-16,0.005220006366657943,1.0,1.0
1990-05-17,0.0038313279138893486,1.0,1.0
1990-05-18,0.0034293011194973613,1.0,1.0
1990-05-21,0.006000169530505241,1.0,1.0
1990-05-22,0.004013469802965822,1.0,1.0
1990-05-23,0.003534406804322324,1.0,1.0
1990-05-24,0.003415581980662869,1.0,1.0
1990-05-25,0.0076097955421479775,1.0,1.0
1990-05-29,0.015542021004610058,1.0,1.0
1990-05-30,0.00650869085055325,1.0,1.0
1990-05-31,0.004128999846991697,1.0,1.0
1990-06-01,0.004129291145117977,1.0,1.0
1990-06-04,0.008162275360904381,1.0,1.0
1990-06-05,0.004803199663873765,1.0,1.0
1990-06-06,0.004276971497082067,1.0,1.0
1990-06-07,0.004483432099627861,1.0,1.0
1990-06-08,0.010687655181573545,1.0,1.0
1990-06-11,0.006908545426238875,1.0,1.0
1990-06-12,0.009687381751881384,1.0,1.0
1990-06-13,0.005452505075141619,1.0,1.0
1990-06-14,0.0051444701647920385,1.0,1.0
1990-06-15,0.003864403366424776,1.0,1.0
1990-06-18,0.02241048023404322,1.0,1.0
1990-06-19,0.008644056738769033,1.0,1.0
1990-06-20,0.004689884557906787,1.0,1.0
1990-06-21,0.0037529911948005717,1.0,1.0
1990-06-22,0.009586170445907514,1.0,1.0
1990-06-25,0.009688156841350179,1.0,1.0
1990-06-26,0.0051660710983510326,1.0,1.0
1990-06-27,0.0049041628465248625,1.0,1.0
1990-06-28,0.004859640045385331,1.0,1.0
1990-06-29,0.0037237488649027387,1.0,1.0
1990-07-02,0.0035392900470056794,1.0,1.0
1990-07-03,0.0033604504280963063,1.0,1.0
1990-07-05,0.00881696618780237,1.0,1.0
1990-07-06,0.005933435463677306,1.0,1.0
1990-07-09,0.004044775248488781,1.0,1.0
1990-07-10,0.005402561477706825,1.0,1.0
1990-07-11,0.00800166614491094,1.0,1.0
1990-07-12,0.009135632102285272,1.0,1.0
1990-07-13,0.005292362528106395,1.0,1.0
1990-07-16,0.004081492956207156,1.0,1.0
1990-07-17,0.004344831056507463,1.0,1.0
1990-07-18,0.007783109715782151,1.0,1.0
1990-07-19,0.004470120612085519,1.0,1.0
1990-07-20,0.007276725580854129,1.0,1.0
1990-07-23,0.08516690428698476,1.0,1.0
1990-07-24,0.02589758817490073,1.0,1.0
1990-07-25,0.009836397601248902,1.0,1.0
1990-07-26,0.005437719924479877,1.0,1.0
1990-07-27,0.006036898446439709,1.0,1.0
1990-07-30,0.004127328290200641,1.0,1.0
1990-07-31,0.0035060761631258283,1.0,1.0
1990-08-01,0.003550046577491103,1.0,1.0
1990-08-02,0.012326533923197219,1.0,1.0
1990-08-03,0.09456098001625929,1.0,1.0
1990-08-06,0.9963756868133817,0.0,0.0
1990-08-07,0.6713328477602335,0.0,0.0
1990-08-08,0.4997431080486524,0.0,0.0
1990-08-09,0.23023930305010856,0.0,0.0
1990-08-10,0.19817667299304054,0.0,0.0
1990-08-13,0.08154828095716977,1.0,0.0
1990-08-14,0.025073325419760647,1.0,1.0
1990-08-15,0.009462296271419994,1.0,1.0
1990-08-16,0.22481996369855745,0.0,1.0
1990-08-17,0.37657210773250493,0.0,1.0
1990-08-20,0.13093876991179126,0.0,1.0
1990-08-21,0.5524295045020832,0.0,1.0
1990-08-22,0.7064817651415783,0.0,0.0
1990-08-23,0.9996483371942173,0.0,0.0
1990-08-24,0.8967140085623899,0.0,0.0
1990-08-27,0.9995819327012765,0.0,0.0
1990-08-28,0.653951366686762,0.0,0.0
1990-08-29,0.35700887352750654,0.0,0.0
1990-08-30,0.42619974424315404,0.0,0.0
1990-08-31,0.2452645356258318,0.0,0.0
1990-09-04,0.07663560524833796,1.0,0.0
1990-09-05,0.024745206965283522,1.0,1.0
1990-09-06,0.024936338596151467,1.0,1.0
1990-09-07,0.013754261425824288,1.0,1.0
1990-09-10,0.007360459279117767,1.0,1.0
1990-09-11,0.004856645904698538,1.0,1.0
1990-09-12,0.004085479482697425,1.0,1.0
1990-09-13,0.011306029060596853,1.0,1.0
1990-09-14,0.008122424386529744,1.0,1.0
1990-09-17,0.004837981795259959,1.0,1.0
1990-09-18,0.0039454776431762035,1.0,1.0
1990-09-19,0.0051522042343370095,1.0,1.0
1990-09-20,0.03685733262069363,1.0,1.0
1990-09-21,0.013121137628983846,1.0,1.0
1990-09-24,0.26285403201219504,0.0,1.0
1990-09-25,0.1574092622215062,0.0,1.0
1990-09-26,0.12297779672572143,0.0,1.0
1990-09-27,0.2182028588163972,0.0,1.0
1990-09-28,0.26571356818158753,0.0,1.0
1990-10-01,0.9626257677098344,0.0,0.0
1990-10-02,0.5991561716384435,0.0,0.0
1990-10-03,0.5191977768677982,0.0,0.0
1990-10-04,0.1988592021568631,0.0,0.0
1990-10-05,0.07495422284093217,1.0,0.0
1990-10-08,0.02684470495126611,1.0,1.0
1990-10-09,0.6969235809796825,0.0,0.0
1990-10-10,0.8072549046907802,0.0,0.0
1990-10-11,0.9085285896184097,0.0,0.0
1990-10-12,0.7758511268470316,0.0,0.0
1990-10-15,0.5149035118756369,0.0,0.0
1990-10-16,0.5751451592287329,0.0,0.0
1990-10-17,0.23055621462054537,0.0,0.0
1990-10-18,0.7352715437633625,0.0,0.0
1990-10-19,0.836587322306647,0.0,0.0
1990-10-22,0.5369687165404049,0.0,0.0
1990-10-23,0.2566241621361115,0.0,0.0
1990-10-24,0.08132176480276081,1.0,0.0
1990-10-25,0.03728137226807511,1.0,1.0
1990-10-26,0.12653629979675168,0.0,1.0
1990-10-29,0.08410090612742287,1.0,1.0
1990-10-30,0.028548236924753483,1.0,1.0
1990-10-31,0.01017800778716401,1.0,1.0
1990-11-01,0.007983617015474493,1.0,1.0
1990-11-02,0.02622853254598564,1.0,1.0
1990-11-05,0.01764316068575139,1.0,1.0
1990-11-06,0.01178701068236543,1.0,1.0
1990-11-07,0.04932306127888008,1.0,1.0
1990-11-08,0.017485669395613385,1.0,1.0
1990-11-09,0.07375073854468801,1.0,1.0
1990-11-12,0.25590307685556324,0.0,1.0
1990-11-13,0.09104849596054437,1.0,1.0
1990-11-14,0.042027740074744926,1.0,1.0
1990-11-15,0.029185309894558583,1.0,1.0
1990-11-16,0.010448916714857174,1.0,1.0
1990-11-19,0.0066083120136923995,1.0,1.0
1990-11-20,0.012774366618615023,1.0,1.0
1990-11-21,0.006003987006691684,1.0,1.0
1990-11-23,0.0046125364089915875,1.0,1.0
1990-11-26,0.004033779338975696,1.0,1.0
1990-11-27,0.004997370060671173,1.0,1.0
1990-11-28,0.0039901322185024865,1.0,1.0
1990-11-29,0.004416023172423255,1.0,1.0
1990-11-30,0.024426498132451686,1.0,1.0
1990-12-03,0.01209426961865383,1.0,1.0
1990-12-04,0.008097460291963595,1.0,1.0
1990-12-05,0.012543147480799415,1.0,1.0
1990-12-06,0.006361389881065979,1.0,1.0
1990-12-07,0.005141024147886135,1.0,1.0
1990-12-10,0.004092398968606067,1.0,1.0
1990-12-11,0.005427227465510575,1.0,1.0
1990-12-12,0.007306924805151573,1.0,1.0
1990-12-13,0.004707228723128249,1.0,1.0
1990-12-14,0.00694949958388377,1.0,1.0
1990-12-17,0.005321134428789795,1.0,1.0
1990-12-18,0.010674159870917847,1.0,1.0
1990-12-19,0.005457302950182913,1.0,1.0
1990-12-20,0.0041059550065810765,1.0,1.0
1990-12-21,0.003911849883535376,1.0,1.0
1990-12-24,0.004424737733581831,1.0,1.0
1990-12-26,0.003923723059543338,1.0,1.0
1990-12-27,0.005483104666400643,1.0,1.0
1990-12-28,0.0041405498022590624,1.0,1.0
1990-12-31,0.004162965542131405,1.0,1.0
1991-01-02,0.008613658994684319,1.0,1.0
1991-01-03,0.01945769600001715,1.0,1.0
1991-01-04,0.008376372058099664,1.0,1.0
1991-01-07,0.05892698648821198,1.0,1.0
1991-01-08,0.020371829954132566,1.0,1.0
1991-01-09,0.018158043343750555,1.0,1.0
1991-01-10,0.013361313459475825,1.0,1.0
1991-01-11,0.0061603510281454275,1.0,1.0
1991-01-14,0.010805930340248087,1.0,1.0
1991-01-15,0.005760886710015277,1.0,1.0
1991-01-16,0.008229830895719424,1.0,1.0
1991-01-17,0.9706287264507836,0.0,0.0
1991-01-18,0.7351633401479876,0.0,0.0
1991-01-21,0.3473255976899728,0.0,0.0
1991-01-22,0.1652692068084425,0.0,0.0
1991-01-23,0.06085642979481369,1.0,0.0
1991-01-24,0.07970907054879729,1.0,0.0
1991-01-25,0.026270489175002663,1.0,1.0
1991-01-28,0.00958386304557436,1.0,1.0
1991-01-29,0.005176852571428073,1.0,1.0
1991-01-30,0.02083373072342173,1.0,1.0
1991-01-31,0.014821016576142479,1.0,1.0
1991-02-01,0.006593492394655491,1.0,1.0
1991-02-04,0.026638615152019797,1.0,1.0
1991-02-05,0.02032807454863725,1.0,1.0
1991-02-06,0.07307329261600826,1.0,1.0
1991-02-07,0.027371453651554748,1.0,1.0
1991-02-08,0.02272383794858851,1.0,1.0
1991-02-11,0.43396417457565306,0.0,1.0
1991-02-12,0.19424610197801298,0.0,1.0
1991-02-13,0.09562402154157378,1.0,1.0
1991-02-14,0.10339175513587108,1.0,1.0
1991-02-15,0.08403277543417022,1.0,1.0
1991-02-19,0.027017224097902515,1.0,1.0
1991-02-20,0.03360069397192327,1.0,1.0
1991-02-21,0.013921293899755854,1.0,1.0
1991-02-22,0.00901968241984231,1.0,1.0
1991-02-25,0.008301230774981672,1.0,1.0
1991-02-26,0.021612993676361252,1.0,1.0
1991-02-27,0.027663209238879376,1.0,1.0
1991-02-28,0.01232478181128975,1.0,1.0
1991-03-01,0.013768729606880905,1.0,1.0
1991-03-04,0.008831778663832448,1.0,1.0
1991-03-05,0.10238201333926386,1.0,1.0
1991-03-06,0.03313456019637244,1.0,1.0
1991-03-07,0.013741354915345397,1.0,1.0
1991-03-08,0.009498522043224582,1.0,1.0
1991-03-11,0.01106497553265538,1.0,1.0
1991-03-12,0.01662742374109794,1.0,1.0
1991-03-13,0.021821006602356044,1.0,1.0
1991-03-14,0.011279054827679666,1.0,1.0
1991-03-15,0.00867993363448488,1.0,1.0
1991-03-18,0.008319999916058708,1.0,1.0
1991-03-19,0.032754652211645106,1.0,1.0
1991-03-20,0.014467680023471433,1.0,1.0
1991-03-21,0.00984347684117406,1.0,1.0
1991-03-22,0.007876357319722357,1.0,1.0
1991-03-25,0.009828946558639034,1.0,1.0
1991-03-26,0.057313723574022805,1.0,1.0
1991-03-27,0.02004135888549884,1.0,1.0
1991-03-28,0.010585719318005702,1.0,1.0
1991-04-01,0.015908077060419107,1.0,1.0
1991-04-02,0.14791605510183026,1.0,1.0
1991-04-03,0.04476156225820891,1.0,1.0
1991-04-04,0.01730927618301161,1.0,1.0
1991-04-05,0.02312261292529289,1.0,1.0
1991-04-08,0.013738978171674271,1.0,1.0
1991-04-09,0.025914646901242327,1.0,1.0
1991-04-10,0.01259968750615346,1.0,1.0
1991-04-11,0.02197280116541139,1.0,1.0
1991-04-12,0.013495117353210448,1.0,1.0
1991-04-15,0.008807991146262038,1.0,1.0
1991-04-16,0.03292709481545567,1.0,1.0
1991-04-17,0.02013155051400945,1.0,1.0
1991-04-18,0.013684282309190124,1.0,1.0
1991-04-19,0.023656900768483,1.0,1.0
1991-04-22,0.027295307667629973,1.0,1.0
1991-04-23,0.012226595813911481,1.0,1.0
1991-04-24,0.008686490153466337,1.0,1.0
1991-04-25,0.013758062994976051,1.0,1.0
1991-04-26,0.009151855350829784,1.0,1.0
1991-04-29,0.035103091821072054,1.0,1.0
1991-04-30,0.014294739777670852,1.0,1.0
1991-05-01,0.024709960868480204,1.0,1.0
1991-05-02,0.011574545276914235,1.0,1.0
1991-05-03,0.008272786577448761,1.0,1.0
1991-05-06,0.007860374168290886,1.0,1.0
1991-05-07,0.009966699244218087,1.0,1.0
1991-05-08,0.007985008418281786,1.0,1.0
1991-05-09,0.018740833557672365,1.0,1.0
1991-05-10,0.10592684026026478,1.0,1.0
1991-05-13,0.033131383186926225,1.0,1.0
1991-05-14,0.05304917505609005,1.0,1.0
1991-05-15,0.05053773301148739,1.0,1.0
1991-05-16,0.03251069988680947,1.0,1.0
1991-05-17,0.013642337681342057,1.0,1.0
1991-05-20,0.008881702755369767,1.0,1.0
1991-05-21,0.010792523034750909,1.0,1.0
1991-05-22,0.008272349537497194,1.0,1.0
1991-05-23,0.0077419771269421605,1.0,1.0
1991-05-24,0.009344655761972458,1.0,1.0
1991-05-28,0.016130657205731116,1.0,1.0
1991-05-29,0.009629009566595827,1.0,1.0
1991-05-30,0.0155598616997275,1.0,1.0
1991-05-31,0.012484098492005222,1.0,1.0
1991-06-03,0.009462886554057047,1.0,1.0
1991-06-04,0.007850349890481337,1.0,1.0
1991-06-05,0.010164510497639332,1.0,1.0
1991-06-06,0.009361704495932429,1.0,1.0
1991-06-07,0.017874191121217905,1.0,1.0
1991-06-10,0.010771276345212633,1.0,1.0
1991-06-11,0.0089653104043776,1.0,1.0
1991-06-12,0.02333673179333161,1.0,1.0
1991-06-13,0.011362020505290496,1.0,1.0
1991-06-14,0.017700106756338662,1.0,1.0
1991-06-17,0.01183293464971922,1.0,1.0
1991-06-18,0.00999681189329623,1.0,1.0
1991-06-19,0.0188410788455603,1.0,1.0
1991-06-20,0.01011555674407596,1.0,1.0
1991-06-21,0.00873533674297052,1.0,1.0
1991-06-24,0.09306363290981251,1.0,1.0
1991-06-25,0.03149632418747651,1.0,1.0
1991-06-26,0.013272139635796272,1.0,1.0
1991-06-27,0.011835779897705193,1.0,1.0
1991-06-28,0.012704425443074664,1.0,1.0
1991-07-01,0.0552709389962289,1.0,1.0
1991-07-02,0.01996474003201572,1.0,1.0
1991-07-03,0.02509141438454987,1.0,1.0
1991-07-05,0.011724628661939344,1.0,1.0
1991-07-08,0.012888284583454144,1.0,1.0
1991-07-09,0.008897568146162447,1.0,1.0
1991-07-10,0.00763723935019286,1.0,1.0
1991-07-11,0.007592948570957982,1.0,1.0
1991-07-12,0.010453052576329952,1.0,1.0
1991-07-15,0.0099386912956528,1.0,1.0
1991-07-16,0.008402999144070701,1.0,1.0
1991-07-17,0.007585155091256695,1.0,1.0
1991-07-18,0.012490860499556689,1.0,1.0
1991-07-19,0.009209927429032217,1.0,1.0
1991-07-22,0.009017956805400991,1.0,1.0
1991-07-23,0.016588068103585225,1.0,1.0
1991-07-24,0.010660521756091354,1.0,1.0
1991-07-25,0.009613674152729955,1.0,1.0
1991-07-26,0.007788399316313995,1.0,1.0
1991-07-29,0.008296018395211564,1.0,1.0
1991-07-30,0.012153902422284438,1.0,1.0
1991-07-31,0.009097175891578997,1.0,1.0
1991-08-01,0.007900938753469151,1.0,1.0
1991-08-02,0.007364452375391652,1.0,1.0
1991-08-05,0.009706157171795082,1.0,1.0
1991-08-06,0.02200316012506976,1.0,1.0
1991-08-07,0.01087127943272665,1.0,1.0
1991-08-08,0.008470142648300124,1.0,1.0
1991-08-09,0.008439674737729668,1.0,1.0
1991-08-12,0.007170681436318616,1.0,1.0
1991-08-13,0.007426146284474525,1.0,1.0
1991-08-14,0.006936386735225658,1.0,1.0
1991-08-15,0.007021777615458279,1.0,1.0
1991-08-16,0.013079833190545261,1.0,1.0
1991-08-19,0.47628674530196696,0.0,1.0
1991-08-20,0.20663441456255216,0.0,1.0
1991-08-21,0.946191809390517,0.0,0.0
1991-08-22,0.4716457038190094,0.0,0.0
1991-08-23,0.18957198904456504,0.0,0.0
1991-08-26,0.056468725156156405,1.0,1.0
1991-08-27,0.01965333254103894,1.0,1.0
1991-08-28,0.015543539232088349,1.0,1.0
1991-08-29,0.008877111834572734,1.0,1.0
1991-08-30,0.007484972591765765,1.0,1.0
1991-09-03,0.012405314326653052,1.0,1.0
1991-09-04,0.011113944371264362,1.0,1.0
1991-09-05,0.008488478708808235,1.0,1.0
1991-09-06,0.007161956843992107,1.0,1.0
1991-09-09,0.007006214634450911,1.0,1.0
1991-09-10,0.017605200803578653,1.0,1.0
1991-09-11,0.009393114171595015,1.0,1.0
1991-09-12,0.009429955437900194,1.0,1.0
1991-09-13,0.015746918739693083,1.0,1.0
1991-09-16,0.009704943200269527,1.0,1.0
1991-09-17,0.007486154187500696,1.0,1.0
1991-09-18,0.007327283589127796,1.0,1.0
1991-09-19,0.007136843190808145,1.0,1.0
1991-09-20,0.00688017815641989,1.0,1.0
1991-09-23,0.00845430113336824,1.0,1.0
1991-09-24,0.00785110908504934,1.0,1.0
1991-09-25,0.0072797984654519934,1.0,1.0
1991-09-26,0.00686704271990275,1.0,1.0
1991-09-27,0.007147513300821839,1.0,1.0
1991-09-30,0.007995760346548893,1.0,1.0
1991-10-01,0.007183874445163566,1.0,1.0
1991-10-02,0.0075272036910409915,1.0,1.0
1991-10-03,0.015228163582456789,1.0,1.0
1991-10-04,0.012698899313789334,1.0,1.0
1991-10-07,0.011560143335184122,1.0,1.0
1991-10-08,0.00804939060174668,1.0,1.0
1991-10-09,0.014370207701195641,1.0,1.0
1991-10-10,0.01184532976121114,1.0,1.0
1991-10-11,0.00807715600747856,1.0,1.0
1991-10-14,0.019119854957127348,1.0,1.0
1991-10-15,0.02679992316371126,1.0,1.0
1991-10-16,0.014768070894067474,1.0,1.0
1991-10-17,0.009567587448161118,1.0,1.0
1991-10-18,0.007421023815714146,1.0,1.0
1991-10-21,0.00974388552272981,1.0,1.0
1991-10-22,0.009027381899249952,1.0,1.0
1991-10-23,0.007319971727958125,1.0,1.0
1991-10-24,0.01250191951689175,1.0,1.0
1991-10-25,0.009007785341844547,1.0,1.0
1991-10-28,0.01841933372918191,1.0,1.0
1991-10-29,0.011475596461002697,1.0,1.0
1991-10-30,0.00910326704586924,1.0,1.0
1991-10-31,0.007248795110421609,1.0,1.0
1991-11-01,0.007632982405448528,1.0,1.0
1991-11-04,0.007882609500051312,1.0,1.0
1991-11-05,0.007589717257657627,1.0,1.0
1991-11-06,0.007082824990464556,1.0,1.0
1991-11-07,0.011695839676578751,1.0,1.0
1991-11-08,0.007903867762839486,1.0,1.0
1991-11-11,0.006986348460522494,1.0,1.0
1991-11-12,0.010944427385086095,1.0,1.0
1991-11-13,0.0077052343356779395,1.0,1.0
1991-11-14,0.007078665392279361,1.0,1.0
1991-11-15,0.9947774451363843,0.0,0.0
1991-11-18,0.5547378728402699,0.0,0.0
1991-11-19,0.6780000061759023,0.0,0.0
1991-11-20,0.26794557523811363,0.0,0.0
1991-11-21,0.08762801716882253,1.0,0.0
1991-11-22,0.05955486115190861,1.0,1.0
1991-11-25,0.02247390913766472,1.0,1.0
1991-11-26,0.012062250724123967,1.0,1.0
1991-11-27,0.008526531749387703,1.0,1.0
1991-11-29,0.007480096914295061,1.0,1.0
1991-12-02,0.025233174190223535,1.0,1.0
1991-12-03,0.011189155267774272,1.0,1.0
1991-12-04,0.007989226658773678,1.0,1.0
1991-12-05,0.00945188741947551,1.0,1.0
1991-12-06,0.007835435546174887,1.0,1.0
1991-12-09,0.0074650472382257515,1.0,1.0
1991-12-10,0.0070598559746144,1.0,1.0
1991-12-11,0.0071357964973261636,1.0,1.0
1991-12-12,0.011717880659960343,1.0,1.0
1991-12-13,0.010843190064194885,1.0,1.0
1991-12-16,0.007710644678520926,1.0,1.0
1991-12-17,0.008857700118382134,1.0,1.0
1991-12-18,0.007191334781467147,1.0,1.0
1991-12-19,0.008088767779610056,1.0,1.0
1991-12-20,0.013504055369687394,1.0,1.0
1991-12-23,0.2683653573177776,0.0,1.0
1991-12-24,0.11597502694708241,1.0,1.0
1991-12-26,0.13013379878721,1.0,1.0
1991-12-27,0.04663723711579462,1.0,1.0
1991-12-30,0.2523381691473572,0.0,1.0
1991-12-31,0.09269616372821951,1.0,1.0
1992-01-02,0.02913537956278126,1.0,1.0
1992-01-03,0.014432342888263092,1.0,1.0
1992-01-06,0.008592122506286106,1.0,1.0
1992-01-07,0.007128057799150897,1.0,1.0
1992-01-08,0.007268238088850319,1.0,1.0
1992-01-09,0.006928284810502496,1.0,1.0
1992-01-10,0.009886107382230369,1.0,1.0
1992-01-13,0.00771276980227759,1.0,1.0
1992-01-14,0.022648953246151227,1.0,1.0
1992-01-15,0.011003620314683446,1.0,1.0
1992-01-16,0.01121045383564054,1.0,1.0
1992-01-17,0.007759032718510076,1.0,1.0
1992-01-20,0.010525917600353799,1.0,1.0
1992-01-21,0.02409862053459469,1.0,1.0
1992-01-22,0.04050593281369087,1.0,1.0
1992-01-23,0.018385518353385765,1.0,1.0
1992-01-24,0.009536477956150233,1.0,1.0
1992-01-27,0.007651111105211173,1.0,1.0
1992-01-28,0.006928009966099294,1.0,1.0
1992-01-29,0.016971696181021647,1.0,1.0
1992-01-30,0.010086009111820914,1.0,1.0
1992-01-31,0.009855013658193388,1.0,1.0
1992-02-03,0.007603991141331915,1.0,1.0
1992-02-04,0.013470067601256259,1.0,1.0
1992-02-05,0.008480295501610686,1.0,1.0
1992-02-06,0.007104478024032524,1.0,1.0
1992-02-07,0.008460184363237352,1.0,1.0
1992-02-10,0.007299396522758904,1.0,1.0
1992-02-11,0.0062375428905453055,1.0,1.0
1992-02-12,0.010225936044315627,1.0,1.0
1992-02-13,0.01290078440285997,1.0,1.0
1992-02-14,0.007930303772995476,1.0,1.0
1992-02-18,0.022460594793341167,1.0,1.0
1992-02-19,0.009444895665275828,1.0,1.0
1992-02-20,0.021114262458243643,1.0,1.0
1992-02-21,0.011967779218360914,1.0,1.0
1992-02-24,0.007277837376084056,1.0,1.0
1992-02-25,0.007629296361164615,1.0,1.0
1992-02-26,0.016923636746062246,1.0,1.0
1992-02-27,0.008494004971192948,1.0,1.0
1992-02-28,0.007086645250905509,1.0,1.0
1992-03-02,0.0061841309105094885,1.0,1.0
1992-03-03,0.006001538966627333,1.0,1.0
1992-03-04,0.009972164877072254,1.0,1.0
1992-03-05,0.013762958955649265,1.0,1.0
1992-03-06,0.010335383960000681,1.0,1.0
1992-03-09,0.006893624210723382,1.0,1.0
1992-03-10,0.007375867595438917,1.0,1.0
1992-03-11,0.010316432557509452,1.0,1.0
1992-03-12,0.0070697212951083745,1.0,1.0
1992-03-13,0.006890092349411082,1.0,1.0
1992-03-16,0.00614495260648694,1.0,1.0
1992-03-17,0.008545418781520197,1.0,1.0
1992-03-18,0.0065250577943192275,1.0,1.0
1992-03-19,0.006114964052277314,1.0,1.0
1992-03-20,0.006039361654639968,1.0,1.0
1992-03-23,0.006601259201217485,1.0,1.0
1992-03-24,0.006692741224881665,1.0,1.0
1992-03-25,0.006334220411573843,1.0,1.0
1992-03-26,0.006179056877540863,1.0,1.0
1992-03-27,0.0172138114529573,1.0,1.0
1992-03-30,0.008817792576704658,1.0,1.0
1992-03-31,0.006555360280227484,1.0,1.0
1992-04-01,0.0060828109375510395,1.0,1.0
1992-04-02,0.01466809165470291,1.0,1.0
1992-04-03,0.007790747972392224,1.0,1.0
1992-04-06,0.011057905757344161,1.0,1.0
1992-04-07,0.11010960747454583,1.0,1.0
1992-04-08,0.077919750754434,1.0,1.0
1992-04-09,0.1321127746273539,1.0,1.0
1992-04-10,0.04738622415438331,1.0,1.0
1992-04-13,0.016504164764090546,1.0,1.0
1992-04-14,0.03186546868046201,1.0,1.0
1992-04-15,0.01773503397886483,1.0,1.0
1992-04-16,0.009353037052886131,1.0,1.0
1992-04-20,0.047381313147643475,1.0,1.0
1992-04-21,0.015186631156894649,1.0,1.0
1992-04-22,0.007899681934296677,1.0,1.0
1992-04-23,0.006467052762179369,1.0,1.0
1992-04-24,0.007882186562875794,1.0,1.0
1992-04-27,0.00677780059541399,1.0,1.0
1992-04-28,0.0062401479836392965,1.0,1.0
1992-04-29,0.009057142358126697,1.0,1.0
1992-04-30,0.011075559812821743,1.0,1.0
1992-05-01,0.008666543070983952,1.0,1.0
1992-05-04,0.013279283035573202,1.0,1.0
1992-05-05,0.007521305989992162,1.0,1.0
1992-05-06,0.00627610133702125,1.0,1.0
1992-05-07,0.006339231074123385,1.0,1.0
1992-05-08,0.0060729852912085195,1.0,1.0
1992-05-11,0.006965655914069292,1.0,1.0
1992-05-12,0.00794452702130798,1.0,1.0
1992-05-13,0.00643080587330008,1.0,1.0
1992-05-14,0.011105213727118222,1.0,1.0
1992-05-15,0.009875570424006533,1.0,1.0
1992-05-18,0.0078322557131132,1.0,1.0
1992-05-19,0.008857499049968949,1.0,1.0
1992-05-20,0.006635622987843217,1.0,1.0
1992-05-21,0.008944959936578002,1.0,1.0
1992-05-22,0.006782223746078781,1.0,1.0
1992-05-26,0.00974635123486356,1.0,1.0
1992-05-27,0.006842272830725413,1.0,1.0
1992-05-28,0.010305440287579543,1.0,1.0
1992-05-29,0.006869689457290181,1.0,1.0
1992-06-01,0.006884624972949049,1.0,1.0
1992-06-02,0.00892268076361045,1.0,1.0
1992-06-03,0.006590033999262532,1.0,1.0
1992-06-04,0.0069342956181815095,1.0,1.0
1992-06-05,0.006258097658565119,1.0,1.0
1992-06-08,0.0062626565865649695,1.0,1.0
1992-06-09,0.011853570493243029,1.0,1.0
1992-06-10,0.011702939580878024,1.0,1.0
1992-06-11,0.0072408580985691764,1.0,1.0
1992-06-12,0.006377863281639778,1.0,1.0
1992-06-15,0.006072096933278109,1.0,1.0
1992-06-16,0.007637529527908288,1.0,1.0
1992-06-17,0.048337826967354044,1.0,1.0
1992-06-18,0.018132815132068363,1.0,1.0
1992-06-19,0.011077596123803308,1.0,1.0
1992-06-22,0.007675027400349453,1.0,1.0
1992-06-23,0.0065533305224127125,1.0,1.0
1992-06-24,0.006262826128029027,1.0,1.0
1992-06-25,0.00628680984837443,1.0,1.0
1992-06-26,0.006016192402036857,1.0,1.0
1992-06-29,0.02163889776751663,1.0,1.0
1992-06-30,0.009263395034207932,1.0,1.0
1992-07-01,0.014159991048040993,1.0,1.0
1992-07-02,0.008520164946849176,1.0,1.0
1992-07-06,0.006995912559911766,1.0,1.0
1992-07-07,0.016195528392957338,1.0,1.0
1992-07-08,0.008135610208703488,1.0,1.0
1992-07-09,0.011970290320196725,1.0,1.0
1992-07-10,0.007282835489904021,1.0,1.0
1992-07-13,0.0062639740749697425,1.0,1.0
1992-07-14,0.0076429950530981445,1.0,1.0
1992-07-15,0.0064763486491596686,1.0,1.0
1992-07-16,0.006055827131702715,1.0,1.0
1992-07-17,0.007916870056258225,1.0,1.0
1992-07-20,0.008055893172722298,1.0,1.0
1992-07-21,0.006435443009983244,1.0,1.0
1992-07-22,0.009404861619638655,1.0,1.0
1992-07-23,0.006820467793117195,1.0,1.0
1992-07-24,0.006194780927438667,1.0,1.0
1992-07-27,0.006000585281249766,1.0,1.0
1992-07-28,0.019993666507511606,1.0,1.0
1992-07-29,0.018903788303058177,1.0,1.0
1992-07-30,0.00929292746151226,1.0,1.0
1992-07-31,0.006684580521124796,1.0,1.0
1992-08-03,0.0062419202572357585,1.0,1.0
1992-08-04,0.00615942547497234,1.0,1.0
1992-08-05,0.007871321557987497,1.0,1.0
1992-08-06,0.007284884703881537,1.0,1.0
1992-08-07,0.0042448800635752825,1.0,1.0
1992-08-10,0.003858893776567927,1.0,1.0
1992-08-11,0.0038749134244121875,1.0,1.0
1992-08-12,0.004187257597758441,1.0,1.0
1992-08-13,0.003838380158692604,1.0,1.0
1992-08-14,0.004346993720544987,1.0,1.0
1992-08-17,0.0039305819646516076,1.0,1.0
1992-08-18,0.003776385659195128,1.0,1.0
1992-08-19,0.005623803206194162,1.0,1.0
1992-08-20,0.004234723445162789,1.0,1.0
1992-08-21,0.006544868134816809,1.0,1.0
1992-08-24,0.01402253311360315,1.0,1.0
1992-08-25,0.006301078953817339,1.0,1.0
1992-08-26,0.005057965151937541,1.0,1.0
1992-08-27,0.004138881853500908,1.0,1.0
1992-08-28,0.003915487813541542,1.0,1.0
1992-08-31,0.003877520378087632,1.0,1.0
1992-09-01,0.004246022064580473,1.0,1.0
1992-09-02,0.00456034464778479,1.0,1.0
1992-09-03,0.003938495736572512,1.0,1.0
1992-09-04,0.003997702105084279,1.0,1.0
1992-09-08,0.005290106899399366,1.0,1.0
1992-09-09,0.004535087533692928,1.0,1.0
1992-09-10,0.006287473783729091,1.0,1.0
1992-09-11,0.0043621143083532364,1.0,1.0
1992-09-14,0.01573008793715208,1.0,1.0
1992-09-15,0.020070995326558823,1.0,1.0
1992-09-16,0.0079498609006101,1.0,1.0
1992-09-17,0.00478523530066552,1.0,1.0
1992-09-18,0.004719239453082893,1.0,1.0
1992-09-21,0.004060315813352557,1.0,1.0
1992-09-22,0.009888248258944484,1.0,1.0
1992-09-23,0.005294479623114499,1.0,1.0
1992-09-24,0.004441947259936616,1.0,1.0
1992-09-25,0.009960407896725395,1.0,1.0
1992-09-28,0.005550801326219619,1.0,1.0
1992-09-29,0.004182802083609576,1.0,1.0
1992-09-30,0.0041637635483775136,1.0,1.0
1992-10-01,0.004666192999078628,1.0,1.0
1992-10-02,0.016275241491806133,1.0,1.0
1992-10-05,0.012626912773357965,1.0,1.0
1992-10-06,0.005998019201706976,1.0,1.0
1992-10-07,0.005751220788187346,1.0,1.0
1992-10-08,0.00661080311679926,1.0,1.0
1992-10-09,0.01193815208656301,1.0,1.0
1992-10-12,0.010669795360886768,1.0,1.0
1992-10-13,0.006281495627819619,1.0,1.0
1992-10-14,0.0043645753468025,1.0,1.0
1992-10-15,0.0038845250163873244,1.0,1.0
1992-10-16,0.004247989796512435,1.0,1.0
1992-10-19,0.006934152557979722,1.0,1.0
1992-10-20,0.004559427683806646,1.0,1.0
1992-10-21,0.00396890265457211,1.0,1.0
1992-10-22,0.003943034738210511,1.0,1.0
1992-10-23,0.003884572583639378,1.0,1.0
1992-10-26,0.00595582843141688,1.0,1.0
1992-10-27,0.004280924102743346,1.0,1.0
1992-10-28,0.0044444621547180905,1.0,1.0
1992-10-29,0.004056062366942588,1.0,1.0
1992-10-30,0.0042626345884443665,1.0,1.0
1992-11-02,0.0058919109724675,1.0,1.0
1992-11-03,0.005457666204137956,1.0,1.0
1992-11-04,0.005183484014125455,1.0,1.0
1992-11-05,0.00458499014780785,1.0,1.0
1992-11-06,0.003938935264163483,1.0,1.0
1992-11-09,0.004038578002072913,1.0,1.0
1992-11-10,0.003837920347915036,1.0,1.0
1992-11-11,0.0063187429140322314,1.0,1.0
1992-11-12,0.004370315654094378,1.0,1.0
1992-11-13,0.0038934965774730414,1.0,1.0
1992-11-16,0.00424304756301781,1.0,1.0
1992-11-17,0.00455003103892466,1.0,1.0
1992-11-18,0.006143564429516542,1.0,1.0
1992-11-19,0.004426936154845112,1.0,1.0
1992-11-20,0.0052924890985812595,1.0,1.0
1992-11-23,0.004503998122107496,1.0,1.0
1992-11-24,0.004940678073673309,1.0,1.0
1992-11-25,0.004439067010983934,1.0,1.0
1992-11-27,0.0040031819711436115,1.0,1.0
1992-11-30,0.004037298338103211,1.0,1.0
1992-12-01,0.0038426136490161337,1.0,1.0
1992-12-02,0.0039724372356549085,1.0,1.0
1992-12-03,0.0037840689587209293,1.0,1.0
1992-12-04,0.004392391728012896,1.0,1.0
1992-12-07,0.005083347539810576,1.0,1.0
1992-12-08,0.004286674585364018,1.0,1.0
1992-12-09,0.004252743034892728,1.0,1.0
1992-12-10,0.004317473200534452,1.0,1.0
1992-12-11,0.004019200233178808,1.0,1.0
1992-12-14,0.003956083133100679,1.0,1.0
1992-12-15,0.003954332980632894,1.0,1.0
1992-12-16,0.004371947436618677,1.0,1.0
1992-12-17,0.006627196043920991,1.0,1.0
1992-12-18,0.0104796581492553,1.0,1.0
1992-12-21,0.005492899498046381,1.0,1.0
1992-12-22,0.0042093455674784746,1.0,1.0
1992-12-23,0.003977741294139257,1.0,1.0
1992-12-24,0.0038373812241082285,1.0,1.0
1992-12-28,0.0037922951050995655,1.0,1.0
1992-12-29,0.003774141967241401,1.0,1.0
1992-12-30,0.0037942121882359003,1.0,1.0
1992-12-31,0.003912190412469352,1.0,1.0
1993-01-04,0.004173454584184636,1.0,1.0
1993-01-05,0.0040264632232552295,1.0,1.0
1993-01-06,0.0038173174565680613,1.0,1.0
1993-01-07,0.00645218564599254,1.0,1.0
1993-01-08,0.005200274941135224,1.0,1.0
1993-01-11,0.0045103986881306155,1.0,1.0
1993-01-12,0.003928481179266597,1.0,1.0
1993-01-13,0.004403334455249891,1.0,1.0
1993-01-14,0.005562084081411615,1.0,1.0
1993-01-15,0.004492111925407724,1.0,1.0
1993-01-18,0.003920580380275945,1.0,1.0
1993-01-19,0.004108062548890816,1.0,1.0
1993-01-20,0.004158889170725452,1.0,1.0
1993-01-21,0.0042730754806674055,1.0,1.0
1993-01-22,0.00397248344467772,1.0,1.0
1993-01-25,0.005467248437733787,1.0,1.0
1993-01-26,0.004161186941224377,1.0,1.0
1993-01-27,0.005089149526075106,1.0,1.0
1993-01-28,0.004081951529613848,1.0,1.0
1993-01-29,0.003819112249591993,1.0,1.0
1993-02-01,0.006076698951982262,1.0,1.0
1993-02-02,0.004331017394825178,1.0,1.0
1993-02-03,0.007267172382393766,1.0,1.0
1993-02-04,0.005576647433410364,1.0,1.0
1993-02-05,0.0044976390452847945,1.0,1.0
1993-02-08,0.003957032690633165,1.0,1.0
1993-02-09,0.005518970071089446,1.0,1.0
1993-02-10,0.004067766776553708,1.0,1.0
1993-02-11,0.003812952547589573,1.0,1.0
1993-02-12,0.0051545416974789135,1.0,1.0
1993-02-16,0.7066864726823731,0.0,1.0
1993-02-17,0.36449648841554694,0.0,1.0
1993-02-18,0.12712345638544337,1.0,1.0
1993-02-19,0.04189979075303022,1.0,1.0
1993-02-22,0.01408271022452227,1.0,1.0
1993-02-23,0.006274112874837425,1.0,1.0
1993-02-24,0.020062583838760986,1.0,1.0
1993-02-25,0.008694598467722194,1.0,1.0
1993-02-26,0.00504495904545255,1.0,1.0
1993-03-01,0.0039967421362074994,1.0,1.0
1993-03-02,0.010491787808365034,1.0,1.0
1993-03-03,0.0061959327759056534,1.0,1.0
1993-03-04,0.0049955182640301484,1.0,1.0
1993-03-05,0.004025863253293741,1.0,1.0
1993-03-08,0.024816452971659533,1.0,1.0
1993-03-09,0.009023176664190698,1.0,1.0
1993-03-10,0.005750838349564668,1.0,1.0
1993-03-11,0.0047153864704430675,1.0,1.0
1993-03-12,0.006270915619811299,1.0,1.0
1993-03-15,0.0044272929073632524,1.0,1.0
1993-03-16,0.0037477626688236267,1.0,1.0
1993-03-17,0.005938263548635298,1.0,1.0
1993-03-18,0.005538884279183562,1.0,1.0
1993-03-19,0.005129913285858047,1.0,1.0
1993-03-22,0.004704454809322262,1.0,1.0
1993-03-23,0.003826523255201786,1.0,1.0
1993-03-24,0.0036994006866300647,1.0,1.0
1993-03-25,0.0048622439490053305,1.0,1.0
1993-03-26,0.004482310373273007,1.0,1.0
1993-03-29,0.004229866677504258,1.0,1.0
1993-03-30,0.0040314714540964774,1.0,1.0
1993-03-31,0.0036413038553052453,1.0,1.0
1993-04-01,0.004085911873490469,1.0,1.0
1993-04-02,0.11822372458060976,1.0,1.0
1993-04-05,0.035249522691432,1.0,1.0
1993-04-06,0.014316442653452019,1.0,1.0
1993-04-07,0.00662503217865006,1.0,1.0
1993-04-08,0.004557057511189107,1.0,1.0
1993-04-12,0.01328205900593243,1.0,1.0
1993-04-13,0.006398490440764528,1.0,1.0
1993-04-14,0.0042665524197039225,1.0,1.0
1993-04-15,0.003816663617089165,1.0,1.0
1993-04-16,0.0035695921571828933,1.0,1.0
1993-04-19,0.004064540291135022,1.0,1.0
1993-04-20,0.004777995782629087,1.0,1.0
1993-04-21,0.003967623479485336,1.0,1.0
1993-04-22,0.006113224945415253,1.0,1.0
1993-04-23,0.005878199913504825,1.0,1.0
1993-04-26,0.010967668604278063,1.0,1.0
1993-04-27,0.010008962822808247,1.0,1.0
1993-04-28,0.0051771005169819195,1.0,1.0
1993-04-29,0.003968829698649495,1.0,1.0
1993-04-30,0.00393571817874204,1.0,1.0
1993-05-03,0.00445622346208739,1.0,1.0
1993-05-04,0.004703174742298131,1.0,1.0
1993-05-05,0.004001524861195866,1.0,1.0
1993-05-06,0.0040296190568155175,1.0,1.0
1993-05-07,0.003727847891234492,1.0,1.0
1993-05-10,0.003599634054275767,1.0,1.0
1993-05-11,0.003735799727173196,1.0,1.0
1993-05-12,0.003545300008760223,1.0,1.0
1993-05-13,0.011793134708221837,1.0,1.0
1993-05-14,0.005645846282230197,1.0,1.0
1993-05-17,0.004059055139060195,1.0,1.0
1993-05-18,0.0036198597347715314,1.0,1.0
1993-05-19,0.01847084687479546,1.0,1.0
1993-05-20,0.010221702051861398,1.0,1.0
1993-05-21,0.009743943752125254,1.0,1.0
1993-05-24,0.00532886854157594,1.0,1.0
1993-05-25,0.004090586598031021,1.0,1.0
1993-05-26,0.0077204738154226325,1.0,1.0
1993-05-27,0.0047392759116852675,1.0,1.0
1993-05-28,0.00451232012164416,1.0,1.0
1993-06-01,0.005625983576600161,1.0,1.0
1993-06-02,0.004022053510491392,1.0,1.0
1993-06-03,0.0038276969136395544,1.0,1.0
1993-06-04,0.00499358957368417,1.0,1.0
1993-06-07,0.006148784273519649,1.0,1.0
1993-06-08,0.007256097956509446,1.0,1.0
1993-06-09,0.004604396178489142,1.0,1.0
1993-06-10,0.003867717890439287,1.0,1.0
1993-06-11,0.003929291451495074,1.0,1.0
1993-06-14,0.0036043176372716327,1.0,1.0
1993-06-15,0.0036402091294060286,1.0,1.0
1993-06-16,0.0035462688633705617,1.0,1.0
1993-06-17,0.0035710850084879975,1.0,1.0
1993-06-18,0.007763170707174605,1.0,1.0
1993-06-21,0.0049755707133671044,1.0,1.0
1993-06-22,0.003932097508673628,1.0,1.0
1993-06-23,0.004404627021176685,1.0,1.0
1993-06-24,0.005165072659914207,1.0,1.0
1993-06-25,0.004184045385224478,1.0,1.0
1993-06-28,0.008575616575927697,1.0,1.0
1993-06-29,0.005092061646476909,1.0,1.0
1993-06-30,0.003904209630937658,1.0,1.0
1993-07-01,0.0038128857666071877,1.0,1.0
1993-07-02,0.004521007011608041,1.0,1.0
1993-07-06,0.00680690746386535,1.0,1.0
1993-07-07,0.0043472733596725596,1.0,1.0
1993-07-08,0.008250579499557247,1.0,1.0
1993-07-09,0.004697652211309293,1.0,1.0
1993-07-12,0.0038201459722282107,1.0,1.0
1993-07-13,0.003597185976916006,1.0,1.0
1993-07-14,0.003946913119908862,1.0,1.0
1993-07-15,0.003774857987327329,1.0,1.0
1993-07-16,0.0058724046083251545,1.0,1.0
1993-07-19,0.004202752026428157,1.0,1.0
1993-07-20,0.003804488760564322,1.0,1.0
1993-07-21,0.0036256057942302684,1.0,1.0
1993-07-22,0.004869169267134913,1.0,1.0
1993-07-23,0.0044316639894456155,1.0,1.0
1993-07-26,0.0045374181135392445,1.0,1.0
1993-07-27,0.004024145507159278,1.0,1.0
1993-07-28,0.0036573630199870314,1.0,1.0
1993-07-29,0.004295062193708696,1.0,1.0
1993-07-30,0.00431186755772535,1.0,1.0
1993-08-02,0.004078064424521723,1.0,1.0
1993-08-03,0.0036458624567947736,1.0,1.0
1993-08-04,0.0035256527333629517,1.0,1.0
1993-08-05,0.0035279036751303325,1.0,1.0
1993-08-06,0.00337572155176889,1.0,1.0
1993-08-09,0.0038456800527771878,1.0,1.0
1993-08-10,0.003614473916693394,1.0,1.0
1993-08-11,0.0034316466116131434,1.0,1.0
1993-08-12,0.003757875338646513,1.0,1.0
1993-08-13,0.0034811033019221645,1.0,1.0
1993-08-16,0.003991766356368167,1.0,1.0
1993-08-17,0.003701153175237513,1.0,1.0
1993-08-18,0.004300245067190313,1.0,1.0
1993-08-19,0.0035919212116408725,1.0,1.0
1993-08-20,0.003411732484235247,1.0,1.0
1993-08-23,0.0034723465300701122,1.0,1.0
1993-08-24,0.006042371459358287,1.0,1.0
1993-08-25,0.004036481949233654,1.0,1.0
1993-08-26,0.0035165712842980005,1.0,1.0
1993-08-27,0.0034392488757803296,1.0,1.0
1993-08-30,0.003520927036690439,1.0,1.0
1993-08-31,0.003836404694278988,1.0,1.0
1993-09-01,0.0034670872751422434,1.0,1.0
1993-09-02,0.003587739698582197,1.0,1.0
1993-09-03,0.0034002939280102598,1.0,1.0
1993-09-07,0.005911773127832425,1.0,1.0
1993-09-08,0.006262738022833053,1.0,1.0
1993-09-09,0.004449633531145606,1.0,1.0
1993-09-10,0.006402762057486298,1.0,1.0
1993-09-13,0.004137246118236312,1.0,1.0
1993-09-14,0.00499244716508108,1.0,1.0
1993-09-15,0.004029656769388717,1.0,1.0
1993-09-16,0.0038391592725445203,1.0,1.0
1993-09-17,0.003532804187013555,1.0,1.0
1993-09-20,0.004825406605440991,1.0,1.0
1993-09-21,0.005483956916227247,1.0,1.0
1993-09-22,0.006596224859491013,1.0,1.0
1993-09-23,0.004836688936498237,1.0,1.0
1993-09-24,0.0037234708985461225,1.0,1.0
1993-09-27,0.005457316937497748,1.0,1.0
1993-09-28,0.0038836907298908014,1.0,1.0
1993-09-29,0.0036691571455570583,1.0,1.0
1993-09-30,0.0034973812152120387,1.0,1.0
1993-10-01,0.003598727900440958,1.0,1.0
1993-10-04,0.003403380377926312,1.0,1.0
1993-10-05,0.0033942743985251457,1.0,1.0
1993-10-06,0.0033851795577250553,1.0,1.0
1993-10-07,0.0037681897758448366,1.0,1.0
1993-10-08,0.0034716341841437093,1.0,1.0
1993-10-11,0.00342069498346701,1.0,1.0
1993-10-12,0.0034431890996564646,1.0,1.0
1993-10-13,0.003421291248295694,1.0,1.0
1993-10-14,0.006194352690297176,1.0,1.0
1993-10-15,0.00471621748035322,1.0,1.0
1993-10-18,0.004182173572554748,1.0,1.0
1993-10-19,0.006637094955728207,1.0,1.0
1993-10-20,0.004321343135943292,1.0,1.0
1993-10-21,0.0036421975381646914,1.0,1.0
1993-10-22,0.003729850081800508,1.0,1.0
1993-10-25,0.003439541572731565,1.0,1.0
1993-10-26,0.0035051289530706026,1.0,1.0
1993-10-27,0.0034873556728280066,1.0,1.0
1993-10-28,0.004089491308418448,1.0,1.0
1993-10-29,0.003643136938530881,1.0,1.0
1993-11-01,0.0035620817135441885,1.0,1.0
1993-11-02,0.003459845612762332,1.0,1.0
1993-11-03,0.015136232388191923,1.0,1.0
1993-11-04,0.035035165024674825,1.0,1.0
1993-11-05,0.013413379026521675,1.0,1.0
1993-11-08,0.006186737600525334,1.0,1.0
1993-11-09,0.00412442890417348,1.0,1.0
1993-11-10,0.004789325758033251,1.0,1.0
1993-11-11,0.0037649619343276077,1.0,1.0
1993-11-12,0.003961170578829889,1.0,1.0
1993-11-15,0.004267193837526833,1.0,1.0
1993-11-16,0.003909621116501563,1.0,1.0
1993-11-17,0.004805452278504074,1.0,1.0
1993-11-18,0.004425216961872657,1.0,1.0
1993-11-19,0.004044858769322421,1.0,1.0
1993-11-22,0.010808544744827142,1.0,1.0
1993-11-23,0.006441348099700251,1.0,1.0
1993-11-24,0.004860609731533792,1.0,1.0
1993-11-26,0.003848875005612538,1.0,1.0
1993-11-29,0.003659666577723796,1.0,1.0
1993-11-30,0.0034768289296365574,1.0,1.0
1993-12-01,0.003576545479451832,1.0,1.0
1993-12-02,0.003484462241328943,1.0,1.0
1993-12-03,0.0037311647402832075,1.0,1.0
1993-12-06,0.003599868951680872,1.0,1.0
1993-12-07,0.003407966947725827,1.0,1.0
1993-12-08,0.0034027985965515467,1.0,1.0
1993-12-09,0.004125817920547044,1.0,1.0
1993-12-10,0.0035831981937480568,1.0,1.0
1993-12-13,0.003449934488904937,1.0,1.0
1993-12-14,0.00490403873025647,1.0,1.0
1993-12-15,0.0039831219764171425,1.0,1.0
1993-12-16,0.003603141566759499,1.0,1.0
1993-12-17,0.004607289395773733,1.0,1.0
1993-12-20,0.0037258634447341595,1.0,1.0
1993-12-21,0.0037134051722092815,1.0,1.0
1993-12-22,0.0035950654848925846,1.0,1.0
1993-12-23,0.003421501886249933,1.0,1.0
1993-12-27,0.004247578270908257,1.0,1.0
1993-12-28,0.003662258902233092,1.0,1.0
1993-12-29,0.0034244771772155387,1.0,1.0
1993-12-30,0.0036485103380516745,1.0,1.0
1993-12-31,0.0034826008629601484,1.0,1.0
1994-01-03,0.00418687650957271,1.0,1.0
1994-01-04,0.003657304081715437,1.0,1.0
1994-01-05,0.0034863481646872454,1.0,1.0
1994-01-06,0.003423331994062834,1.0,1.0
1994-01-07,0.003915189253607084,1.0,1.0
1994-01-10,0.006246861063748913,1.0,1.0
1994-01-11,0.004262053757564787,1.0,1.0
1994-01-12,0.0035771592391303114,1.0,1.0
1994-01-13,0.0035559777597191956,1.0,1.0
1994-01-14,0.003926691238884548,1.0,1.0
1994-01-17,0.003789399796974056,1.0,1.0
1994-01-18,0.003457365389818881,1.0,1.0
1994-01-19,0.0034237020097440314,1.0,1.0
1994-01-20,0.00342482426418702,1.0,1.0
1994-01-21,0.0033931493606937954,1.0,1.0
1994-01-24,0.004270932912436718,1.0,1.0
1994-01-25,0.003907253141118367,1.0,1.0
1994-01-26,0.003875065843260456,1.0,1.0
1994-01-27,0.005450476565873629,1.0,1.0
1994-01-28,0.004345627118355566,1.0,1.0
1994-01-31,0.0044695110138563456,1.0,1.0
1994-02-01,0.004008819133640534,1.0,1.0
1994-02-02,0.003953411786144925,1.0,1.0
1994-02-03,0.00369754765329126,1.0,1.0
1994-02-04,0.3946407561467825,0.0,1.0
1994-02-07,0.1473858914154678,1.0,1.0
1994-02-08,0.044792285566647584,1.0,1.0
1994-02-09,0.01641671459575064,1.0,1.0
1994-02-10,0.011064079104285382,1.0,1.0
1994-02-11,0.00533825079511105,1.0,1.0
1994-02-14,0.0038274949939650894,1.0,1.0
1994-02-15,0.003983640069864401,1.0,1.0
1994-02-16,0.003465680675841513,1.0,1.0
1994-02-17,0.004289437360297889,1.0,1.0
1994-02-18,0.004657930625395447,1.0,1.0
1994-02-22,0.004887626413402096,1.0,1.0
1994-02-23,0.003847443932276258,1.0,1.0
1994-02-24,0.01671339767321266,1.0,1.0
1994-02-25,0.007396731139238604,1.0,1.0
1994-02-28,0.004752046335314288,1.0,1.0
1994-03-01,0.00502143317255755,1.0,1.0
1994-03-02,0.00386967244921532,1.0,1.0
1994-03-03,0.0037415327172505165,1.0,1.0
1994-03-04,0.003928387039362456,1.0,1.0
1994-03-07,0.004325405024762619,1.0,1.0
1994-03-08,0.003850269148369371,1.0,1.0
1994-03-09,0.00345894834125583,1.0,1.0
1994-03-10,0.005122301419423883,1.0,1.0
1994-03-11,0.004284959302398415,1.0,1.0
1994-03-14,0.003713754014870993,1.0,1.0
1994-03-15,0.003398041416009927,1.0,1.0
1994-03-16,0.004151432584981974,1.0,1.0
1994-03-17,0.0036927254533888204,1.0,1.0
1994-03-18,0.0033894565631778007,1.0,1.0
1994-03-21,0.004438165908389573,1.0,1.0
1994-03-22,0.0035861226269053794,1.0,1.0
1994-03-23,0.0033645777921747764,1.0,1.0
1994-03-24,0.009003199558134407,1.0,1.0
1994-03-25,0.007359032593828347,1.0,1.0
1994-03-28,0.005659263882856291,1.0,1.0
1994-03-29,0.08880580309959434,1.0,1.0
1994-03-30,0.21998883644701758,1.0,1.0
1994-03-31,0.07129397859895074,1.0,1.0
1994-04-04,0.21416854543805983,1.0,1.0
1994-04-05,0.9070729069248357,0.0,0.0
1994-04-06,0.5551713054521339,0.0,0.0
1994-04-07,0.27465408205622444,0.0,0.0
1994-04-08,0.16539243904821546,1.0,0.0
1994-04-11,0.05378058185345944,1.0,1.0
1994-04-12,0.02358301575010318,1.0,1.0
1994-04-13,0.013135764368330987,1.0,1.0
1994-04-14,0.00588019066307592,1.0,1.0
1994-04-15,0.003966882957928162,1.0,1.0
1994-04-18,0.007106516579057016,1.0,1.0
1994-04-19,0.004721009886255854,1.0,1.0
1994-04-20,0.004540999310630946,1.0,1.0
1994-04-21,0.021999732100096505,1.0,1.0
1994-04-22,0.008339578645402471,1.0,1.0
1994-04-25,0.010289732407801098,1.0,1.0
1994-04-26,0.005124891751329103,1.0,1.0
1994-04-28,0.0053896185198079784,1.0,1.0
1994-04-29,0.004459897687158955,1.0,1.0
1994-05-02,0.004274435593183108,1.0,1.0
1994-05-03,0.0035593951845980343,1.0,1.0
1994-05-04,0.0034991786321082498,1.0,1.0
1994-05-05,0.003422442084405783,1.0,1.0
1994-05-06,0.00794545002201151,1.0,1.0
1994-05-09,0.021355749922536128,1.0,1.0
1994-05-10,0.010387827970161096,1.0,1.0
1994-05-11,0.01638746410172044,1.0,1.0
1994-05-12,0.007343146816515346,1.0,1.0
1994-05-13,0.004349525773843266,1.0,1.0
1994-05-16,0.0037301846838325345,1.0,1.0
1994-05-17,0.005667031575695642,1.0,1.0
1994-05-18,0.011292844708328474,1.0,1.0
1994-05-19,0.007082407499852933,1.0,1.0
1994-05-20,0.00465977125379893,1.0,1.0
1994-05-23,0.00420358279149051,1.0,1.0
1994-05-24,0.003907166872422362,1.0,1.0
1994-05-25,0.0035814929076135892,1.0,1.0
1994-05-26,0.003394232256753514,1.0,1.0
1994-05-27,0.003311352914809786,1.0,1.0
1994-05-31,0.0034453380738586766,1.0,1.0
1994-06-01,0.003455757984011679,1.0,1.0
1994-06-02,0.0033491734382703376,1.0,1.0
1994-06-03,0.0038379854463107092,1.0,1.0
1994-06-06,0.003440031768967921,1.0,1.0
1994-06-07,0.0036397028976845546,1.0,1.0
1994-06-08,0.00430670942195154,1.0,1.0
1994-06-09,0.0035561706221160553,1.0,1.0
1994-06-10,0.003460917990066466,1.0,1.0
1994-06-13,0.003328152073980178,1.0,1.0
1994-06-14,0.0041667226937676565,1.0,1.0
1994-06-15,0.003997476153417277,1.0,1.0
1994-06-16,0.0035466635404456056,1.0,1.0
1994-06-17,0.0058193313965999105,1.0,1.0
1994-06-20,0.009788842665798768,1.0,1.0
1994-06-21,0.012823643920606583,1.0,1.0
1994-06-22,0.006244510752191289,1.0,1.0
1994-06-23,0.009371024450128017,1.0,1.0
1994-06-24,0.035308335659686205,1.0,1.0
1994-06-27,0.021993330226656168,1.0,1.0
1994-06-28,0.008969030160158875,1.0,1.0
1994-06-29,0.005174459690282828,1.0,1.0
1994-06-30,0.005118144230748574,1.0,1.0
1994-07-01,0.0042264768152558314,1.0,1.0
1994-07-05,0.0035643612187226154,1.0,1.0
1994-07-06,0.00338914789640745,1.0,1.0
1994-07-07,0.003909511613772111,1.0,1.0
1994-07-08,0.0034881203285244498,1.0,1.0
1994-07-11,0.0037695420389768706,1.0,1.0
1994-07-12,0.003409005763343894,1.0,1.0
1994-07-13,0.003632580856755778,1.0,1.0
1994-07-14,0.007289399689564468,1.0,1.0
1994-07-15,0.004333914703257638,1.0,1.0
1994-07-18,0.003600706806742615,1.0,1.0
1994-07-19,0.0037301076571964018,1.0,1.0
1994-07-20,0.004758029251440311,1.0,1.0
1994-07-21,0.003721521187646943,1.0,1.0
1994-07-22,0.003397000239412976,1.0,1.0
1994-07-25,0.003345427647174065,1.0,1.0
1994-07-26,0.0034693230015113248,1.0,1.0
1994-07-27,0.0036481016754336248,1.0,1.0
1994-07-28,0.0034741993860640925,1.0,1.0
1994-07-29,0.006851813561108862,1.0,1.0
1994-08-01,0.005148004941008737,1.0,1.0
1994-08-02,0.0037746633197695,1.0,1.0
1994-08-03,0.0034196252754709186,1.0,1.0
1994-08-04,0.004543828138671421,1.0,1.0
1994-08-05,0.004380605347554567,1.0,1.0
1994-08-08,0.0037271702862735267,1.0,1.0
1994-08-09,0.0035050561017859532,1.0,1.0
1994-08-10,0.0042725401105040885,1.0,1.0
1994-08-11,0.00404635726871082,1.0,1.0
1994-08-12,0.004443732106520291,1.0,1.0
1994-08-15,0.00371763957564851,1.0,1.0
1994-08-16,0.004596052759451914,1.0,1.0
1994-08-17,0.0037592139294280505,1.0,1.0
1994-08-18,0.004159750017093891,1.0,1.0
1994-08-19,0.0036220946189380048,1.0,1.0
1994-08-22,0.0037314294397376904,1.0,1.0
1994-08-23,0.004344120196309753,1.0,1.0
1994-08-24,0.005368257854393141,1.0,1.0
1994-08-25,0.004000470869510147,1.0,1.0
1994-08-26,0.009113468558291073,1.0,1.0
1994-08-29,0.004927680402479757,1.0,1.0
1994-08-30,0.004096669267605759,1.0,1.0
1994-08-31,0.0036902782399524763,1.0,1.0
1994-09-01,0.00471511929077204,1.0,1.0
1994-09-02,0.004347192139676052,1.0,1.0
1994-09-06,0.003669024404118791,1.0,1.0
1994-09-07,0.0035180796439730207,1.0,1.0
1994-09-08,0.0039741751670275645,1.0,1.0
1994-09-09,0.009209338261212523,1.0,1.0
1994-09-12,0.0062928562937652035,1.0,1.0
1994-09-13,0.004367245479527563,1.0,1.0
1994-09-14,0.0037904224861577103,1.0,1.0
1994-09-15,0.010281076987796196,1.0,1.0
1994-09-16,0.007223393897012709,1.0,1.0
1994-09-19,0.004573912550798842,1.0,1.0
1994-09-20,0.031691129709688376,1.0,1.0
1994-09-21,0.015495299125514783,1.0,1.0
1994-09-22,0.0067192664050800995,1.0,1.0
1994-09-23,0.004977836640638306,1.0,1.0
1994-09-26,0.0038822024441299823,1.0,1.0
1994-09-27,0.0035634819485621254,1.0,1.0
1994-09-28,0.004454986678467791,1.0,1.0
1994-09-29,0.004442216752620858,1.0,1.0
1994-09-30,0.003752481592588005,1.0,1.0
1994-10-03,0.003923843804329795,1.0,1.0
1994-10-04,0.03297598894752766,1.0,1.0
1994-10-05,0.013471178925473882,1.0,1.0
1994-10-06,0.006551695474882495,1.0,1.0
1994-10-07,0.005491132294989906,1.0,1.0
1994-10-10,0.006091771887175609,1.0,1.0
1994-10-11,0.016139454846188128,1.0,1.0
1994-10-12,0.006742877872931082,1.0,1.0
1994-10-13,0.0045961649008414785,1.0,1.0
1994-10-14,0.0037592428536401654,1.0,1.0
1994-10-17,0.003581094244842586,1.0,1.0
1994-10-18,0.0037201978400177205,1.0,1.0
1994-10-19,0.00412641352913513,1.0,1.0
1994-10-20,0.006072835369085913,1.0,1.0
1994-10-21,0.005115885931634504,1.0,1.0
1994-10-24,0.007544259767388324,1.0,1.0
1994-10-25,0.004518259143939965,1.0,1.0
1994-10-26,0.003844204055364839,1.0,1.0
1994-10-27,0.004735125456383782,1.0,1.0
1994-10-28,0.02672096160692777,1.0,1.0
1994-10-31,0.010098663230471669,1.0,1.0
1994-11-01,0.010031861543676978,1.0,1.0
1994-11-02,0.005617110518978267,1.0,1.0
1994-11-03,0.0041066737944951215,1.0,1.0
1994-11-04,0.009296232408547773,1.0,1.0
1994-11-07,0.004991444956841197,1.0,1.0
1994-11-08,0.00454499148219258,1.0,1.0
1994-11-09,0.0038077701191613694,1.0,1.0
1994-11-10,0.00391453502552847,1.0,1.0
1994-11-11,0.004469297165844252,1.0,1.0
1994-11-14,0.005168953571072483,1.0,1.0
1994-11-15,0.003997474605309827,1.0,1.0
1994-11-16,0.0035827694943789488,1.0,1.0
1994-11-17,0.004535151855115571,1.0,1.0
1994-11-18,0.004758174905090383,1.0,1.0
1994-11-21,0.007138593050139626,1.0,1.0
1994-11-22,0.12377994297490615,1.0,1.0
1994-11-23,0.03837165029317638,1.0,1.0
1994-11-25,0.016590655667082836,1.0,1.0
1994-11-28,0.007325422094982291,1.0,1.0
1994-11-29,0.004557502152180267,1.0,1.0
1994-11-30,0.004008835625657274,1.0,1.0
1994-12-01,0.011485579825313303,1.0,1.0
1994-12-02,0.008049305252147605,1.0,1.0
1994-12-05,0.004611151747058833,1.0,1.0
1994-12-06,0.0039444066717439245,1.0,1.0
1994-12-07,0.005076596033596341,1.0,1.0
1994-12-08,0.03186052120340378,1.0,1.0
1994-12-09,0.010894864787878288,1.0,1.0
1994-12-12,0.0058727669339764706,1.0,1.0
1994-12-13,0.004136025503301343,1.0,1.0
1994-12-14,0.00839844848581165,1.0,1.0
1994-12-15,0.0050021172718203765,1.0,1.0
1994-12-16,0.004410708053988352,1.0,1.0
1994-12-19,0.003990028719993501,1.0,1.0
1994-12-20,0.0036411950154163417,1.0,1.0
1994-12-21,0.004617418629063183,1.0,1.0
1994-12-22,0.003777113418803983,1.0,1.0
1994-12-23,0.003589120583844369,1.0,1.0
1994-12-27,0.003995054610689792,1.0,1.0
1994-12-28,0.004453921410113468,1.0,1.0
1994-12-29,0.003827147572890435,1.0,1.0
1994-12-30,0.0036846159378423195,1.0,1.0
1995-01-03,0.0038796172501228397,1.0,1.0
1995-01-04,0.0037527117665059665,1.0,1.0
1995-01-05,0.0035614153158949413,1.0,1.0
1995-01-06,0.0034992440916700018,1.0,1.0
1995-01-09,0.003446076783845445,1.0,1.0
1995-01-10,0.0034848128638098096,1.0,1.0
1995-01-11,0.003530034612285931,1.0,1.0
1995-01-12,0.0034668815026790115,1.0,1.0
1995-01-13,0.006256558999235197,1.0,1.0
1995-01-16,0.006829669352854769,1.0,1.0
1995-01-17,0.004386225204445855,1.0,1.0
1995-01-18,0.0038495482928018695,1.0,1.0
1995-01-19,0.005224554513144,1.0,1.0
1995-01-20,0.005358158433789492,1.0,1.0
1995-01-23,0.003941024630225779,1.0,1.0
1995-01-24,0.0035841194763835908,1.0,1.0
1995-01-25,0.0035125088932233773,1.0,1.0
1995-01-26,0.003452928006058075,1.0,1.0
1995-01-27,0.0037753552616985988,1.0,1.0
1995-01-30,0.004553786267751727,1.0,1.0
1995-01-31,0.004084431015562411,1.0,1.0
1995-02-01,0.00361543214094839,1.0,1.0
1995-02-02,0.003974041750640566,1.0,1.0
1995-02-03,0.015532677192347948,1.0,1.0
1995-02-06,0.0085846560489552,1.0,1.0
1995-02-07,0.0050372121734251945,1.0,1.0
1995-02-08,0.0042181225550999,1.0,1.0
1995-02-09,0.004152880869593365,1.0,1.0
1995-02-10,0.004124100846256483,1.0,1.0
1995-02-13,0.004032160224862977,1.0,1.0
1995-02-14,0.004001618874354867,1.0,1.0
1995-02-15,0.004717043471654365,1.0,1.0
1995-02-16,0.004207207779332782,1.0,1.0
1995-02-17,0.006246733024099392,1.0,1.0
1995-02-21,0.004524102119997601,1.0,1.0
1995-02-22,0.0045639652730357135,1.0,1.0
1995-02-23,0.004738298662421038,1.0,1.0
1995-02-24,0.004182268030786789,1.0,1.0
1995-02-27,0.009098290074610877,1.0,1.0
1995-02-28,0.008832028396011587,1.0,1.0
1995-03-01,0.005792445355137481,1.0,1.0
1995-03-02,0.004550888493347163,1.0,1.0
1995-03-03,0.004123730775846454,1.0,1.0
1995-03-06,0.00419601060269034,1.0,1.0
1995-03-07,0.008059071213522501,1.0,1.0
1995-03-08,0.004911623942029503,1.0,1.0
1995-03-09,0.004182662314267805,1.0,1.0
1995-03-10,0.012178425691760662,1.0,1.0
1995-03-13,0.005667944791542817,1.0,1.0
1995-03-14,0.005500847993829201,1.0,1.0
1995-03-15,0.004595300100269769,1.0,1.0
1995-03-16,0.005275896622142172,1.0,1.0
1995-03-17,0.0043468250648538015,1.0,1.0
1995-03-20,0.004067291487711889,1.0,1.0
1995-03-21,0.004435183459285784,1.0,1.0
1995-03-22,0.004088098904433193,1.0,1.0
1995-03-23,0.004012241828118681,1.0,1.0
1995-03-24,0.00838494595532571,1.0,1.0
1995-03-27,0.0058204708639964685,1.0,1.0
1995-03-28,0.004389758388027601,1.0,1.0
1995-03-29,0.004331303762690186,1.0,1.0
1995-03-30,0.004162951431747638,1.0,1.0
1995-03-31,0.004547505588851332,1.0,1.0
1995-04-03,0.00412303892681037,1.0,1.0
1995-04-04,0.004707833713453912,1.0,1.0
1995-04-05,0.004139224322555093,1.0,1.0
1995-04-06,0.0040252576114045745,1.0,1.0
1995-04-07,0.004054122011108031,1.0,1.0
1995-04-10,0.004131036408117032,1.0,1.0
1995-04-11,0.004275312882377218,1.0,1.0
1995-04-12,0.004325734321730913,1.0,1.0
1995-04-13,0.00435962757294113,1.0,1.0
1995-04-17,0.0059044008693603985,1.0,1.0
1995-04-18,0.00522321343027836,1.0,1.0
1995-04-19,0.004897741722961997,1.0,1.0
1995-04-20,0.004207389950586506,1.0,1.0
1995-04-21,0.004889918122906308,1.0,1.0
1995-04-24,0.006450694492146235,1.0,1.0
1995-04-25,0.004620792155498916,1.0,1.0
1995-04-26,0.004138027618187447,1.0,1.0
1995-04-27,0.004086106416519076,1.0,1.0
1995-04-28,0.004040909993747318,1.0,1.0
1995-05-01,0.004178415255229859,1.0,1.0
1995-05-02,0.004030626773295441,1.0,1.0
1995-05-03,0.008540090961383162,1.0,1.0
1995-05-04,0.005077367563305675,1.0,1.0
1995-05-05,0.004347880193590238,1.0,1.0
1995-05-08,0.005618772764766072,1.0,1.0
1995-05-09,0.0043268945866914875,1.0,1.0
1995-05-10,0.004083685111013448,1.0,1.0
1995-05-11,0.0041096716520764714,1.0,1.0
1995-05-12,0.004115090415568169,1.0,1.0
1995-05-15,0.004532537051938144,1.0,1.0
1995-05-16,0.004110875105913848,1.0,1.0
1995-05-17,0.004364229280871451,1.0,1.0
1995-05-18,0.027435128083467406,1.0,1.0
1995-05-19,0.009049281010035697,1.0,1.0
1995-05-22,0.008081685076729711,1.0,1.0
1995-05-23,0.00886819486179125,1.0,1.0
1995-05-24,0.005068485714264322,1.0,1.0
1995-05-25,0.004269477926417469,1.0,1.0
1995-05-26,0.00913815460784083,1.0,1.0
1995-05-30,0.005478845695687818,1.0,1.0
1995-05-31,0.029629585229844976,1.0,1.0
1995-06-01,0.009342042820043965,1.0,1.0
1995-06-02,0.005114514768804446,1.0,1.0
1995-06-05,0.005642257232696522,1.0,1.0
1995-06-06,0.004378175411154616,1.0,1.0
1995-06-07,0.004852773847009298,1.0,1.0
1995-06-08,0.004285770446258206,1.0,1.0
1995-06-09,0.007832255946607582,1.0,1.0
1995-06-12,0.005734656924836205,1.0,1.0
1995-06-13,0.008962233496179469,1.0,1.0
1995-06-14,0.005007276749895388,1.0,1.0
1995-06-15,0.004289312402949586,1.0,1.0
1995-06-16,0.0046051199845549735,1.0,1.0
1995-06-19,0.008489771595449789,1.0,1.0
1995-06-20,0.004913701009452447,1.0,1.0
1995-06-21,0.004237508837953608,1.0,1.0
1995-06-22,0.013020120857666215,1.0,1.0
1995-06-23,0.006688222995489701,1.0,1.0
1995-06-26,0.01465260043488336,1.0,1.0
1995-06-27,0.007694557734870005,1.0,1.0
1995-06-28,0.005044828571586652,1.0,1.0
1995-06-29,0.004255008536809644,1.0,1.0
1995-06-30,0.004221704641097404,1.0,1.0
1995-07-03,0.004314081443444503,1.0,1.0
1995-07-05,0.004103378129741254,1.0,1.0
1995-07-06,0.012130068617006537,1.0,1.0
1995-07-07,0.007398521778370128,1.0,1.0
1995-07-10,0.004729919827843925,1.0,1.0
1995-07-11,0.0049380931602251476,1.0,1.0
1995-07-12,0.012122709812717462,1.0,1.0
1995-07-13,0.00565548880465353,1.0,1.0
1995-07-14,0.004541140424543897,1.0,1.0
1995-07-17,0.004567825157719522,1.0,1.0
1995-07-18,0.008948001312786972,1.0,1.0
1995-07-19,0.0951968735559529,1.0,1.0
1995-07-20,0.030697185268949462,1.0,1.0
1995-07-21,0.009516351814109087,1.0,1.0
1995-07-24,0.0075104507549425825,1.0,1.0
1995-07-25,0.007576899978820976,1.0,1.0
1995-07-26,0.004855252301131916,1.0,1.0
1995-07-27,0.006193951255541166,1.0,1.0
1995-07-28,0.005050478914665442,1.0,1.0
1995-07-31,0.004358204342521456,1.0,1.0
1995-08-01,0.005762897893962059,1.0,1.0
1995-08-02,0.004729803249191841,1.0,1.0
1995-08-03,0.00429055107633385,1.0,1.0
1995-08-04,0.003889615441448439,1.0,1.0
1995-08-07,0.0039308054105848655,1.0,1.0
1995-08-08,0.0038341339301340384,1.0,1.0
1995-08-09,0.0038293925140655202,1.0,1.0
1995-08-10,0.004296007543893894,1.0,1.0
1995-08-11,0.004694236028081028,1.0,1.0
1995-08-14,0.006425672173044124,1.0,1.0
1995-08-15,0.004511739890843348,1.0,1.0
1995-08-16,0.004574507997409905,1.0,1.0
1995-08-17,0.003989376699196607,1.0,1.0
1995-08-18,0.003843445559630692,1.0,1.0
1995-08-21,0.004185714754026416,1.0,1.0
1995-08-22,0.003927269021798567,1.0,1.0
1995-08-23,0.0043825513085289465,1.0,1.0
1995-08-24,0.004015460115486604,1.0,1.0
1995-08-25,0.004295327634346251,1.0,1.0
1995-08-28,0.0045393885393694615,1.0,1.0
1995-08-29,0.0039663847988353285,1.0,1.0
1995-08-30,0.0040844699237453696,1.0,1.0
1995-08-31,0.004110453237917175,1.0,1.0
1995-09-01,0.0040227488144955505,1.0,1.0
1995-09-05,0.008743174445254394,1.0,1.0
1995-09-06,0.005253447011053143,1.0,1.0
1995-09-07,0.004104902843466211,1.0,1.0
1995-09-08,0.00471107334741694,1.0,1.0
1995-09-11,0.004105561462957645,1.0,1.0
1995-09-12,0.003990820341052341,1.0,1.0
1995-09-13,0.004319387809704207,1.0,1.0
1995-09-14,0.005160372920508919,1.0,1.0
1995-09-15,0.00438108874529455,1.0,1.0
1995-09-18,0.004124717766931085,1.0,1.0
1995-09-19,0.004079074023163331,1.0,1.0
1995-09-20,0.00443640351015813,1.0,1.0
1995-09-21,0.006569339093067653,1.0,1.0
1995-09-22,0.005170181263825436,1.0,1.0
1995-09-25,0.004407581250254552,1.0,1.0
1995-09-26,0.004094508781931001,1.0,1.0
1995-09-27,0.004527494228204531,1.0,1.0
1995-09-28,0.00792708883685962,1.0,1.0
1995-09-29,0.004835156966893667,1.0,1.0
1995-10-02,0.006806564500877306,1.0,1.0
1995-10-03,0.0047217672035709726,1.0,1.0
1995-10-04,0.005415815669831308,1.0,1.0
1995-10-05,0.0043406776566919485,1.0,1.0
1995-10-06,0.003940681721255001,1.0,1.0
1995-10-09,0.015274677442592758,1.0,1.0
1995-10-10,0.006932228069464037,1.0,1.0
1995-10-11,0.006072768861986707,1.0,1.0
1995-10-12,0.007408522881400074,1.0,1.0
1995-10-13,0.004868700152790345,1.0,1.0
1995-10-16,0.004365281528726502,1.0,1.0
1995-10-17,0.0052296171031669565,1.0,1.0
1995-10-18,0.004188899759127782,1.0,1.0
1995-10-19,0.004112764975754677,1.0,1.0
1995-10-20,0.006016712080848066,1.0,1.0
1995-10-23,0.005314416308975508,1.0,1.0
1995-10-24,0.00412213932392285,1.0,1.0
1995-10-25,0.009756649776776205,1.0,1.0
1995-10-26,0.014931886384782432,1.0,1.0
1995-10-27,0.0068773078803416165,1.0,1.0
1995-10-30,0.006199842059761109,1.0,1.0
1995-10-31,0.004920700191870089,1.0,1.0
1995-11-01,0.00491657409489276,1.0,1.0
1995-11-02,0.010694762685643887,1.0,1.0
1995-11-03,0.005542907159329623,1.0,1.0
1995-11-06,0.004764993932514283,1.0,1.0
1995-11-07,0.005620720020546921,1.0,1.0
1995-11-08,0.006548800428677686,1.0,1.0
1995-11-09,0.005062845668441429,1.0,1.0
1995-11-10,0.0042358206682427835,1.0,1.0
1995-11-13,0.00409313162149696,1.0,1.0
1995-11-14,0.006960380789996691,1.0,1.0
1995-11-15,0.005642325029761898,1.0,1.0
1995-11-16,0.0054625733883795075,1.0,1.0
1995-11-17,0.004568875760093615,1.0,1.0
1995-11-20,0.006248372522053825,1.0,1.0
1995-11-21,0.0044046113248684335,1.0,1.0
1995-11-22,0.004340682254581125,1.0,1.0
1995-11-24,0.004188666136020658,1.0,1.0
1995-11-27,0.00391980101996974,1.0,1.0
1995-11-28,0.0065385347269488,1.0,1.0
1995-11-29,0.0048783443606665675,1.0,1.0
1995-11-30,0.0040966472670665045,1.0,1.0
1995-12-01,0.003881464349056026,1.0,1.0
1995-12-04,0.009929249130993028,1.0,1.0
1995-12-05,0.0057866610354307835,1.0,1.0
1995-12-06,0.004262477647655273,1.0,1.0
1995-12-07,0.007250586892727603,1.0,1.0
1995-12-08,0.004579942907526764,1.0,1.0
1995-12-11,0.004077653499868704,1.0,1.0
1995-12-12,0.00435387179189366,1.0,1.0
1995-12-13,0.0045016762277628325,1.0,1.0
1995-12-14,0.00939215807597693,1.0,1.0
1995-12-15,0.0057225016132184114,1.0,1.0
1995-12-18,0.12655654570708744,0.0,1.0
1995-12-19,0.07219242976343841,1.0,1.0
1995-12-20,0.02861489579004756,1.0,1.0
1995-12-21,0.01352676045589749,1.0,1.0
1995-12-22,0.0061998138816334964,1.0,1.0
1995-12-26,0.004553644793103908,1.0,1.0
1995-12-27,0.0039715788299760696,1.0,1.0
1995-12-28,0.003905780471245769,1.0,1.0
1995-12-29,0.004270021857373329,1.0,1.0
1996-01-02,0.0051469145589439855,1.0,1.0
1996-01-03,0.004190791903976325,1.0,1.0
1996-01-04,0.008898425868558664,1.0,1.0
1996-01-05,0.00513363295874853,1.0,1.0
1996-01-08,0.004195522653512813,1.0,1.0
1996-01-09,0.09003963754559123,1.0,1.0
1996-01-10,0.32835206743213013,0.0,1.0
1996-01-11,0.1565345580455742,0.0,1.0
1996-01-12,0.040287925293973376,1.0,1.0
1996-01-15,0.018079812709941245,1.0,1.0
1996-01-16,0.01719900695943836,1.0,1.0
1996-01-17,0.0067943325927240054,1.0,1.0
1996-01-18,0.004842419578872519,1.0,1.0
1996-01-19,0.005191861617294768,1.0,1.0
1996-01-22,0.004598612411684082,1.0,1.0
1996-01-23,0.004009141968260917,1.0,1.0
1996-01-24,0.010409232353159423,1.0,1.0
1996-01-25,0.00657940123508027,1.0,1.0
1996-01-26,0.006042347699756296,1.0,1.0
1996-01-29,0.004671763746315812,1.0,1.0
1996-01-30,0.008267599487704261,1.0,1.0
1996-01-31,0.008585449825164286,1.0,1.0
1996-02-01,0.005468029036724119,1.0,1.0
1996-02-02,0.004542171484833487,1.0,1.0
1996-02-05,0.006090187453021457,1.0,1.0
1996-02-06,0.006020693674534162,1.0,1.0
1996-02-07,0.00445592789893719,1.0,1.0
1996-02-08,0.006426417626156881,1.0,1.0
1996-02-09,0.004198721352905801,1.0,1.0
1996-02-12,0.004691675078823427,1.0,1.0
1996-02-13,0.004183147903831347,1.0,1.0
1996-02-14,0.005128743110257933,1.0,1.0
1996-02-15,0.004643982292412878,1.0,1.0
1996-02-16,0.0048741486130695925,1.0,1.0
1996-02-20,0.015383342492114623,1.0,1.0
1996-02-21,0.016115793422971734,1.0,1.0
1996-02-22,0.06144459114397417,1.0,1.0
1996-02-23,0.016296933153368637,1.0,1.0
1996-02-26,0.024901535273809852,1.0,1.0
1996-02-27,0.010981911466983617,1.0,1.0
1996-02-28,0.005610681426831011,1.0,1.0
1996-02-29,0.00667137143826272,1.0,1.0
1996-03-01,0.004374218077055666,1.0,1.0
1996-03-04,0.007921690487204777,1.0,1.0
1996-03-05,0.006587622744899442,1.0,1.0
1996-03-06,0.0053456217943782984,1.0,1.0
1996-03-07,0.0040064266322710805,1.0,1.0
1996-03-08,0.9833085933419619,0.0,0.0
1996-03-11,0.6927586813437374,0.0,0.0
1996-03-12,0.32954163449275137,0.0,0.0
1996-03-13,0.10072752721345465,1.0,0.0
1996-03-14,0.028415841951911772,1.0,1.0
1996-03-15,0.009001297828738717,1.0,1.0
1996-03-18,0.03721238063098818,1.0,1.0
1996-03-19,0.01153296098258623,1.0,1.0
1996-03-20,0.0061542690131407285,1.0,1.0
1996-03-21,0.004281516096586221,1.0,1.0
1996-03-22,0.0037954804114430254,1.0,1.0
1996-03-25,0.004273601807508542,1.0,1.0
1996-03-26,0.0039117385410675,1.0,1.0
1996-03-27,0.004455263746153238,1.0,1.0
1996-03-28,0.003789001521826772,1.0,1.0
1996-03-29,0.003999260129867568,1.0,1.0
1996-04-01,0.009952861986840596,1.0,1.0
1996-04-02,0.005031011267181928,1.0,1.0
1996-04-03,0.003910210659540904,1.0,1.0
1996-04-04,0.0036732389490293314,1.0,1.0
1996-04-08,0.09479471466131273,1.0,1.0
1996-04-09,0.025381360764967463,1.0,1.0
1996-04-10,0.04487914074920799,1.0,1.0
1996-04-11,0.019056058964638706,1.0,1.0
1996-04-12,0.01245318711914464,1.0,1.0
1996-04-15,0.009599124333450218,1.0,1.0
1996-04-16,0.005803100688310365,1.0,1.0
1996-04-17,0.005807310622016658,1.0,1.0
1996-04-18,0.0047620219521917065,1.0,1.0
1996-04-19,0.003919474916782354,1.0,1.0
1996-04-22,0.004761624933781043,1.0,1.0
1996-04-23,0.005102122223119587,1.0,1.0
1996-04-24,0.0039653813719068105,1.0,1.0
1996-04-25,0.004236469544795141,1.0,1.0
1996-04-26,0.003745312145663133,1.0,1.0
1996-04-29,0.0036299504470380154,1.0,1.0
1996-04-30,0.0036177461121828227,1.0,1.0
1996-05-01,0.003672340999106916,1.0,1.0
1996-05-02,0.07462513362874866,1.0,1.0
1996-05-03,0.0201252536783621,1.0,1.0
1996-05-06,0.007613035526847334,1.0,1.0
1996-05-07,0.005797398450354986,1.0,1.0
1996-05-08,0.00545361889684221,1.0,1.0
1996-05-09,0.00410809493128856,1.0,1.0
1996-05-10,0.010891215973568121,1.0,1.0
1996-05-13,0.025317198756710818,1.0,1.0
1996-05-14,0.012502556196894334,1.0,1.0
1996-05-15,0.005561629381376059,1.0,1.0
1996-05-16,0.004024217215293651,1.0,1.0
1996-05-17,0.0045997000017174135,1.0,1.0
1996-05-20,0.004948608680436535,1.0,1.0
1996-05-21,0.003975378464353263,1.0,1.0
1996-05-22,0.0049921073447219905,1.0,1.0
1996-05-23,0.004429592623712159,1.0,1.0
1996-05-24,0.0038846116483293174,1.0,1.0
1996-05-28,0.009950163105390932,1.0,1.0
1996-05-29,0.009280805549794161,1.0,1.0
1996-05-30,0.005824645363220458,1.0,1.0
1996-05-31,0.004393138023075363,1.0,1.0
1996-06-03,0.0042539108184271104,1.0,1.0
1996-06-04,0.005453357965027449,1.0,1.0
1996-06-05,0.006138158365684233,1.0,1.0
1996-06-06,0.00907596574603621,1.0,1.0
1996-06-07,0.005233257664779754,1.0,1.0
1996-06-10,0.004129995129320174,1.0,1.0
1996-06-11,0.00386838769658259,1.0,1.0
1996-06-12,0.0037663334811306997,1.0,1.0
1996-06-13,0.004231570750144233,1.0,1.0
1996-06-14,0.0050258811236709245,1.0,1.0
1996-06-17,0.004287261998657716,1.0,1.0
1996-06-18,0.008218384726188497,1.0,1.0
1996-06-19,0.004794083786933871,1.0,1.0
1996-06-20,0.004560016671372427,1.0,1.0
1996-06-21,0.004937696495197366,1.0,1.0
1996-06-24,0.0041164042149106975,1.0,1.0
1996-06-25,0.004218526114424289,1.0,1.0
1996-06-26,0.008823457484900448,1.0,1.0
1996-06-27,0.006315791061233014,1.0,1.0
1996-06-28,0.0065074693378091315,1.0,1.0
1996-07-01,0.00675723874604913,1.0,1.0
1996-07-02,0.004969954983972596,1.0,1.0
1996-07-03,0.004771662785356254,1.0,1.0
1996-07-05,0.3457805475679971,0.0,1.0
1996-07-08,0.21650153400282127,0.0,1.0
1996-07-09,0.05857917286438529,1.0,1.0
1996-07-10,0.017173580360532025,1.0,1.0
1996-07-11,0.2880488723788186,0.0,1.0
1996-07-12,0.0770749617673297,1.0,1.0
1996-07-15,0.9879868077069166,0.0,0.0
1996-07-16,0.6263939750192627,0.0,0.0
1996-07-17,0.6524774804549527,0.0,0.0
1996-07-18,0.780265204034572,0.0,0.0
1996-07-19,0.51465076190163,0.0,0.0
1996-07-22,0.373879872274111,0.0,0.0
1996-07-23,0.6067699742125333,0.0,0.0
1996-07-24,0.22784258367238122,0.0,0.0
1996-07-25,0.11632761160035411,1.0,0.0
1996-07-26,0.0578854576136767,1.0,1.0
1996-07-29,0.03475156205921084,1.0,1.0
1996-07-30,0.01217461802801188,1.0,1.0
1996-07-31,0.008334121862125987,1.0,1.0
1996-08-01,0.0472127128620128,1.0,1.0
1996-08-02,0.35860432534835585,0.0,1.0
1996-08-05,0.11367740001790069,1.0,1.0
1996-08-06,0.030716011873517152,1.0,1.0
1996-08-07,0.011772216091522632,1.0,1.0
1996-08-08,0.0073232985500178,1.0,1.0
1996-08-09,0.006838981356470198,1.0,1.0
1996-08-12,0.007076884561453613,1.0,1.0
1996-08-13,0.013790126209827175,1.0,1.0
1996-08-14,0.00786274263036561,1.0,1.0
1996-08-15,0.005944606590647241,1.0,1.0
1996-08-16,0.006155505680101218,1.0,1.0
1996-08-19,0.00559363688757016,1.0,1.0
1996-08-20,0.005897614453304577,1.0,1.0
1996-08-21,0.005761354979182039,1.0,1.0
1996-08-22,0.01017989203952175,1.0,1.0
1996-08-23,0.008195826893973097,1.0,1.0
1996-08-26,0.007670420171022717,1.0,1.0
1996-08-27,0.006552519158847713,1.0,1.0
1996-08-28,0.005734215469181754,1.0,1.0
1996-08-29,0.018413397053777265,1.0,1.0
1996-08-30,0.014612215170395824,1.0,1.0
1996-09-03,0.007367148545564351,1.0,1.0
1996-09-04,0.005853987425792613,1.0,1.0
1996-09-05,0.0198233532191335,1.0,1.0
1996-09-06,0.019965888004304284,1.0,1.0
1996-09-09,0.019656164393611786,1.0,1.0
1996-09-10,0.008440931556363078,1.0,1.0
1996-09-11,0.006776505494517337,1.0,1.0
1996-09-12,0.007679627333277375,1.0,1.0
1996-09-13,0.0275154344959828,1.0,1.0
1996-09-16,0.011775001217745782,1.0,1.0
1996-09-17,0.007128658311386219,1.0,1.0
1996-09-18,0.006315147815873387,1.0,1.0
1996-09-19,0.005659004896390686,1.0,1.0
1996-09-20,0.006530747533010747,1.0,1.0
1996-09-23,0.006259587839479885,1.0,1.0
1996-09-24,0.005716503190052418,1.0,1.0
1996-09-25,0.005510987867674912,1.0,1.0
1996-09-26,0.005512762825693641,1.0,1.0
1996-09-27,0.005460385873576873,1.0,1.0
1996-09-30,0.005502175631303828,1.0,1.0
1996-10-01,0.005492095869805595,1.0,1.0
1996-10-02,0.008409384127597626,1.0,1.0
1996-10-03,0.006604946370899748,1.0,1.0
1996-10-04,0.01690631027668957,1.0,1.0
1996-10-07,0.007881824241798717,1.0,1.0
1996-10-08,0.008200499180017041,1.0,1.0
1996-10-09,0.009057745770650666,1.0,1.0
1996-10-10,0.0070343788263458875,1.0,1.0
1996-10-11,0.008438589443413785,1.0,1.0
1996-10-14,0.006874423373033757,1.0,1.0
1996-10-15,0.0062198065156149765,1.0,1.0
1996-10-16,0.0056017138612588484,1.0,1.0
1996-10-17,0.005589742952779821,1.0,1.0
1996-10-18,0.005854934565088291,1.0,1.0
1996-10-21,0.006428938422233729,1.0,1.0
1996-10-22,0.010835482232195031,1.0,1.0
1996-10-23,0.0066851468132216926,1.0,1.0
1996-10-24,0.008362132321297287,1.0,1.0
1996-10-25,0.006724206112888421,1.0,1.0
1996-10-28,0.010094126844085234,1.0,1.0
1996-10-29,0.0065626717692423816,1.0,1.0
1996-10-30,0.005780506153581002,1.0,1.0
1996-10-31,0.007402905394923366,1.0,1.0
1996-11-01,0.006377169162281702,1.0,1.0
1996-11-04,0.005812339767288261,1.0,1.0
1996-11-05,0.010368834769861092,1.0,1.0
1996-11-06,0.03915231584175675,1.0,1.0
1996-11-07,0.013928590972141235,1.0,1.0
1996-11-08,0.007669505875085767,1.0,1.0
1996-11-11,0.005923863852551724,1.0,1.0
1996-11-12,0.00624965770941722,1.0,1.0
1996-11-13,0.0056557296423312255,1.0,1.0
1996-11-14,0.007205639125281064,1.0,1.0
1996-11-15,0.005816199733922215,1.0,1.0
1996-11-18,0.005982168156165609,1.0,1.0
1996-11-19,0.006857850495123873,1.0,1.0
1996-11-20,0.005794783416230233,1.0,1.0
1996-11-21,0.006091222762484631,1.0,1.0
1996-11-22,0.008844272551331044,1.0,1.0
1996-11-25,0.014581651087587683,1.0,1.0
1996-11-26,0.008057766524172321,1.0,1.0
1996-11-27,0.006025757018471848,1.0,1.0
1996-11-29,0.005737236509455494,1.0,1.0
1996-12-02,0.005511313012363305,1.0,1.0
1996-12-03,0.011847228705034912,1.0,1.0
1996-12-04,0.00830313601369674,1.0,1.0
1996-12-05,0.006254942512744106,1.0,1.0
1996-12-06,0.012179547238899609,1.0,1.0
1996-12-09,0.040248603535142244,1.0,1.0
1996-12-10,0.01511329560080205,1.0,1.0
1996-12-11,0.022720592062461065,1.0,1.0
1996-12-12,0.07406937057070034,1.0,1.0
1996-12-13,0.02406819998652321,1.0,1.0
1996-12-16,0.046700824587624645,1.0,1.0
1996-12-17,0.016446545997438913,1.0,1.0
1996-12-18,0.013816784665469463,1.0,1.0
1996-12-19,0.07056356903174345,1.0,1.0
1996-12-20,0.020202916671856835,1.0,1.0
1996-12-23,0.010866489274917013,1.0,1.0
1996-12-24,0.007684686991839415,1.0,1.0
1996-12-26,0.0075927429792153125,1.0,1.0
1996-12-27,0.005916140718045981,1.0,1.0
1996-12-30,0.0063920492223826526,1.0,1.0
1996-12-31,0.02223868972781986,1.0,1.0
1997-01-02,0.019719884298723657,1.0,1.0
1997-01-03,0.05050539787509989,1.0,1.0
1997-01-06,0.015122128964331473,1.0,1.0
1997-01-07,0.011334212172200438,1.0,1.0
1997-01-08,0.009188358631428356,1.0,1.0
1997-01-09,0.00958848271096071,1.0,1.0
1997-01-10,0.007500514451431037,1.0,1.0
1997-01-13,0.006036630927732076,1.0,1.0
1997-01-14,0.017301597277795906,1.0,1.0
1997-01-15,0.008922807091559867,1.0,1.0
1997-01-16,0.006313137646366588,1.0,1.0
1997-01-17,0.008553282979132293,1.0,1.0
1997-01-20,0.006255556325894073,1.0,1.0
1997-01-21,0.007212288759316942,1.0,1.0
1997-01-22,0.006585962930437818,1.0,1.0
1997-01-23,0.015282830819431823,1.0,1.0
1997-01-24,0.026118676593842885,1.0,1.0
1997-01-27,0.020370006357201105,1.0,1.0
1997-01-28,0.008635019202679952,1.0,1.0
1997-01-29,0.008809783408228213,1.0,1.0
1997-01-30,0.024024873008833426,1.0,1.0
1997-01-31,0.007265967330617487,1.0,1.0
1997-02-03,0.004809919815035023,1.0,1.0
1997-02-04,0.004197428134526824,1.0,1.0
1997-02-05,0.03177045999163644,1.0,1.0
1997-02-06,0.010331096915305767,1.0,1.0
1997-02-07,0.012077290646909688,1.0,1.0
1997-02-10,0.010682299562567584,1.0,1.0
1997-02-11,0.005752135944813886,1.0,1.0
1997-02-12,0.03742912857643945,1.0,1.0
1997-02-13,0.027300195319559968,1.0,1.0
1997-02-14,0.010234528590985371,1.0,1.0
1997-02-18,0.00797617343231666,1.0,1.0
1997-02-19,0.005883423359899543,1.0,1.0
1997-02-20,0.02537108898734623,1.0,1.0
1997-02-21,0.010048640135935937,1.0,1.0
1997-02-24,0.009702316437834249,1.0,1.0
1997-02-25,0.0053631859971312095,1.0,1.0
1997-02-26,0.009504557069123341,1.0,1.0
1997-02-27,0.03930937222522241,1.0,1.0
1997-02-28,0.017282528857257725,1.0,1.0
1997-03-03,0.007550015997139393,1.0,1.0
1997-03-04,0.00567177965049694,1.0,1.0
1997-03-05,0.014862515306059353,1.0,1.0
1997-03-06,0.007692025332022871,1.0,1.0
1997-03-07,0.0068047640889934025,1.0,1.0
1997-03-10,0.008424037796561019,1.0,1.0
1997-03-11,0.005665355737728977,1.0,1.0
1997-03-12,0.01060588401356788,1.0,1.0
1997-03-13,0.13938727849862415,1.0,1.0
1997-03-14,0.037537448382382835,1.0,1.0
1997-03-17,0.012009190883352986,1.0,1.0
1997-03-18,0.013145221001412187,1.0,1.0
1997-03-19,0.01111174786323605,1.0,1.0
1997-03-20,0.006155459242254982,1.0,1.0
1997-03-21,0.004489156026085635,1.0,1.0
1997-03-24,0.004765752051554992,1.0,1.0
1997-03-25,0.0043451954165361914,1.0,1.0
1997-03-26,0.004165402109394454,1.0,1.0
1997-03-27,0.24324217000034823,0.0,1.0
1997-03-31,0.9678282036809173,0.0,0.0
1997-04-01,0.506501598280195,0.0,0.0
1997-04-02,0.5276854645959668,0.0,0.0
1997-04-03,0.1723923151127524,0.0,0.0
1997-04-04,0.13251950750412503,1.0,0.0
1997-04-07,0.054088432055928594,1.0,1.0
1997-04-08,0.01700895465580557,1.0,1.0
1997-04-09,0.011369212603478972,1.0,1.0
1997-04-10,0.007572299886374751,1.0,1.0
1997-04-11,0.8727471655987851,0.0,0.0
1997-04-14,0.45344502046020707,0.0,0.0
1997-04-15,0.36432016303990294,0.0,0.0
1997-04-16,0.16565698150804395,0.0,0.0
1997-04-17,0.044898372349154406,1.0,1.0
1997-04-18,0.01455943125277732,1.0,1.0
1997-04-21,0.02287578111821753,1.0,1.0
1997-04-22,0.04833158030930169,1.0,1.0
1997-04-23,0.014150231294665323,1.0,1.0
1997-04-24,0.006983863684521658,1.0,1.0
1997-04-25,0.015478686360437432,1.0,1.0
1997-04-28,0.011305790316047082,1.0,1.0
1997-04-29,0.6440390283529499,0.0,0.0
1997-04-30,0.38506274070480734,0.0,0.0
1997-05-01,0.11581017200831815,1.0,0.0
1997-05-02,0.534972517173746,0.0,0.0
1997-05-05,0.9536860073874586,0.0,0.0
1997-05-06,0.5348006511605755,0.0,0.0
1997-05-07,0.5577608974457954,0.0,0.0
1997-05-08,0.19997619433797045,0.0,0.0
1997-05-09,0.06165754888406566,1.0,1.0
1997-05-12,0.07338886684585248,1.0,1.0
1997-05-13,0.02730955040520305,1.0,1.0
1997-05-14,0.00974412421113375,1.0,1.0
1997-05-15,0.006719907640420415,1.0,1.0
1997-05-16,0.023725244124342463,1.0,1.0
1997-05-19,0.008618689785311029,1.0,1.0
1997-05-20,0.010099807590291646,1.0,1.0
1997-05-21,0.005674879410051616,1.0,1.0
1997-05-22,0.005104692414752585,1.0,1.0
1997-05-23,0.01788958688114613,1.0,1.0
1997-05-27,0.007345733916970414,1.0,1.0
1997-05-28,0.004990131396612056,1.0,1.0
1997-05-29,0.004972763855865291,1.0,1.0
1997-05-30,0.0052409052468878675,1.0,1.0
1997-06-02,0.00440306886843267,1.0,1.0
1997-06-03,0.004433209522881092,1.0,1.0
1997-06-04,0.005674607847544068,1.0,1.0
1997-06-05,0.0048795196989325435,1.0,1.0
1997-06-06,0.0261794972126375,1.0,1.0
1997-06-09,0.010333742160004867,1.0,1.0
1997-06-10,0.005403599149113074,1.0,1.0
1997-06-11,0.004782037123737917,1.0,1.0
1997-06-12,0.01896813151519674,1.0,1.0
1997-06-13,0.016895192214591903,1.0,1.0
1997-06-16,0.006864056746504148,1.0,1.0
1997-06-17,0.004644860629327207,1.0,1.0
1997-06-18,0.005366954466745544,1.0,1.0
1997-06-19,0.009326037723860264,1.0,1.0
1997-06-20,0.005296374873585131,1.0,1.0
1997-06-23,0.20855878457471003,0.0,1.0
1997-06-24,0.41092209127131135,0.0,1.0
1997-06-25,0.22057985279000036,0.0,1.0
1997-06-26,0.08389824095140183,1.0,1.0
1997-06-27,0.024643195673093136,1.0,1.0
1997-06-30,0.008939705866661702,1.0,1.0
1997-07-01,0.00630620681982586,1.0,1.0
1997-07-02,0.014980338367887713,1.0,1.0
1997-07-03,0.02317886129648331,1.0,1.0
1997-07-07,0.01027258891699575,1.0,1.0
1997-07-08,0.0077862180530468604,1.0,1.0
1997-07-09,0.016050100627210837,1.0,1.0
1997-07-10,0.008390297844255972,1.0,1.0
1997-07-11,0.005613685332195663,1.0,1.0
1997-07-14,0.004444773459876005,1.0,1.0
1997-07-15,0.006364224597426849,1.0,1.0
1997-07-16,0.014051086295345674,1.0,1.0
1997-07-17,0.009861995113986846,1.0,1.0
1997-07-18,0.06055849223688179,1.0,1.0
1997-07-21,0.02190706168926733,1.0,1.0
1997-07-22,0.2750739429388162,0.0,1.0
1997-07-23,0.0767748913380718,1.0,1.0
1997-07-24,0.021424677125281278,1.0,1.0
1997-07-25,0.00827070067138408,1.0,1.0
1997-07-28,0.005586237119973946,1.0,1.0
1997-07-29,0.005304717067952151,1.0,1.0
1997-07-30,0.012243284907369326,1.0,1.0
1997-07-31,0.005848496758186728,1.0,1.0
1997-08-01,0.009660099459833567,1.0,1.0
1997-08-04,0.006572830040442865,1.0,1.0
1997-08-05,0.006016017940379511,1.0,1.0
1997-08-06,0.008413164654914927,1.0,1.0
1997-08-07,0.013768792024324761,1.0,1.0
1997-08-08,0.26386000071750154,0.0,1.0
1997-08-11,0.06769947622191581,1.0,1.0
1997-08-12,0.056824273882341916,1.0,1.0
1997-08-13,0.018899274386821232,1.0,1.0
1997-08-14,0.00844214642312903,1.0,1.0
1997-08-15,0.4601534514553223,0.0,1.0
1997-08-18,0.200309478103828,0.0,1.0
1997-08-19,0.22269291720870618,0.0,1.0
1997-08-20,0.2339018752294626,0.0,1.0
1997-08-21,0.2974895949947072,0.0,1.0
1997-08-22,0.08976919239999952,1.0,1.0
1997-08-25,0.025037057022924,1.0,1.0
1997-08-26,0.01647884440821206,1.0,1.0
1997-08-27,0.007788708203113501,1.0,1.0
1997-08-28,0.014531998661967433,1.0,1.0
1997-08-29,0.008206438496165537,1.0,1.0
1997-09-02,0.6434180038031622,0.0,1.0
1997-09-03,0.21031666825023423,0.0,1.0
1997-09-04,0.054489874826127646,1.0,1.0
1997-09-05,0.01598287573813382,1.0,1.0
1997-09-08,0.007995068727953395,1.0,1.0
1997-09-09,0.0061509082586861325,1.0,1.0
1997-09-10,0.035580639500006284,1.0,1.0
1997-09-11,0.02091740706248289,1.0,1.0
1997-09-12,0.028728425776129662,1.0,1.0
1997-09-15,0.012565406034986232,1.0,1.0
1997-09-16,0.45950034960349834,0.0,1.0
1997-09-17,0.1352401792884829,1.0,1.0
1997-09-18,0.036211924497012236,1.0,1.0
1997-09-19,0.01233758062193205,1.0,1.0
1997-09-22,0.008051182035988874,1.0,1.0
1997-09-23,0.0070740387599801035,1.0,1.0
1997-09-24,0.010211176699285047,1.0,1.0
1997-09-25,0.011342788510707953,1.0,1.0
1997-09-26,0.00892296803527042,1.0,1.0
1997-09-29,0.009191445016527734,1.0,1.0
1997-09-30,0.00851666573177362,1.0,1.0
1997-10-01,0.007972623655858095,1.0,1.0
1997-10-02,0.007306183315189103,1.0,1.0
1997-10-03,0.006732835405762879,1.0,1.0
1997-10-06,0.00801382457129059,1.0,1.0
1997-10-07,0.011424563575705206,1.0,1.0
1997-10-08,0.011603620396991648,1.0,1.0
1997-10-09,0.007479247007767242,1.0,1.0
1997-10-10,0.006935501291146615,1.0,1.0
1997-10-13,0.005781006189178069,1.0,1.0
1997-10-14,0.005584172296933079,1.0,1.0
1997-10-15,0.006767869220934383,1.0,1.0
1997-10-16,0.023550844443325607,1.0,1.0
1997-10-17,0.07323931496041582,1.0,1.0
1997-10-20,0.05354416370628451,1.0,1.0
1997-10-21,0.15961793840794583,1.0,1.0
1997-10-22,0.04774231374551105,1.0,1.0
1997-10-23,0.4595078963663626,0.0,1.0
1997-10-24,0.2699997299748599,0.0,1.0
1997-10-27,1.0,0.0,0.0
1997-10-28,0.9999999428975905,0.0,0.0
1997-10-29,0.46807879967055865,0.0,0.0
1997-10-30,0.7799596451159897,0.0,0.0
1997-10-31,0.5650042284282868,0.0,0.0
1997-11-03,0.9709724527206087,0.0,0.0
1997-11-04,0.4415771707276533,0.0,0.0
1997-11-05,0.13001236146166373,1.0,0.0
1997-11-06,0.048943198452083406,1.0,1.0
1997-11-07,0.1033209656272008,1.0,1.0
1997-11-10,0.04084705878170979,1.0,1.0
1997-11-11,0.012950440070647435,1.0,1.0
1997-11-12,0.39693566259177854,0.0,1.0
1997-11-13,0.1747925914545848,0.0,1.0
1997-11-14,0.13973288844253248,1.0,1.0
1997-11-17,0.4567295835207843,0.0,1.0
1997-11-18,0.26443257102598255,0.0,1.0
1997-11-19,0.07608872936746881,1.0,1.0
1997-11-20,0.09945296438134926,1.0,1.0
1997-11-21,0.02635143150016041,1.0,1.0
1997-11-24,0.22774451763485676,0.0,1.0
1997-11-25,0.06089675121202239,1.0,1.0
1997-11-26,0.01730743707307293,1.0,1.0
1997-11-28,0.008440216810504211,1.0,1.0
1997-12-01,0.10527107429149374,1.0,1.0
1997-12-02,0.03329102191487323,1.0,1.0
1997-12-03,0.013500576343408843,1.0,1.0
1997-12-04,0.007914667757829319,1.0,1.0
1997-12-05,0.012830538297323486,1.0,1.0
1997-12-08,0.00703798004338744,1.0,1.0
1997-12-09,0.012438918658174458,1.0,1.0
1997-12-10,0.016225410556331983,1.0,1.0
1997-12-11,0.13780266308564676,1.0,1.0
1997-12-12,0.04148331069484634,1.0,1.0
1997-12-15,0.017936427832388017,1.0,1.0
1997-12-16,0.010300911208393134,1.0,1.0
1997-12-17,0.006966384077151662,1.0,1.0
1997-12-18,0.02550395214841728,1.0,1.0
1997-12-19,0.018583691227125613,1.0,1.0
1997-12-22,0.01026758593539608,1.0,1.0
1997-12-23,0.03968681305492427,1.0,1.0
1997-12-24,0.020851503719290225,1.0,1.0
1997-12-26,0.009095075797092412,1.0,1.0
1997-12-29,0.06186987400813381,1.0,1.0
1997-12-30,0.23488379770670725,0.0,1.0
1997-12-31,0.06000284406469191,1.0,1.0
1998-01-02,0.01723213324277013,1.0,1.0
1998-01-05,0.008002918480866096,1.0,1.0
1998-01-06,0.02399500210927081,1.0,1.0
1998-01-07,0.012034295418193832,1.0,1.0
1998-01-08,0.01697372322769496,1.0,1.0
1998-01-09,0.9947692366008011,0.0,0.0
1998-01-12,0.5645479075521501,0.0,0.0
1998-01-13,0.6117541057454051,0.0,0.0
1998-01-14,0.23783411337248866,0.0,0.0
1998-01-15,0.10050276740281835,1.0,0.0
1998-01-16,0.06671419483722561,1.0,1.0
1998-01-20,0.17461406744649347,0.0,1.0
1998-01-21,0.07948572799233569,1.0,1.0
1998-01-22,0.05001849231896479,1.0,1.0
1998-01-23,0.023796393043254652,1.0,1.0
1998-01-26,0.010664656654695404,1.0,1.0
1998-01-27,0.014038575282633501,1.0,1.0
1998-01-28,0.01669160184149404,1.0,1.0
1998-01-29,0.01236943911270088,1.0,1.0
1998-01-30,0.00910325771227434,1.0,1.0
1998-02-02,0.2015193557312229,0.0,1.0
1998-02-03,0.06363975532335926,1.0,1.0
1998-02-04,0.019803476974730422,1.0,1.0
1998-02-05,0.010521584050803652,1.0,1.0
1998-02-06,0.011984819188145234,1.0,1.0
1998-02-09,0.008486938262294345,1.0,1.0
1998-02-10,0.012296105681694798,1.0,1.0
1998-02-11,0.008252397856950392,1.0,1.0
1998-02-12,0.007866300863251031,1.0,1.0
1998-02-13,0.008286870413644886,1.0,1.0
1998-02-17,0.007385443660268389,1.0,1.0
1998-02-18,0.011740112992406388,1.0,1.0
1998-02-19,0.009098328768930955,1.0,1.0
1998-02-20,0.008146535878301426,1.0,1.0
1998-02-23,0.00822870243745731,1.0,1.0
1998-02-24,0.015254128986671616,1.0,1.0
1998-02-25,0.026209678508851704,1.0,1.0
1998-02-26,0.013854066791965023,1.0,1.0
1998-02-27,0.00858893482789793,1.0,1.0
1998-03-02,0.007991954954150178,1.0,1.0
1998-03-03,0.007729427133710437,1.0,1.0
1998-03-04,0.009618497613690347,1.0,1.0
1998-03-05,0.028314357467791932,1.0,1.0
1998-03-06,0.21367010524178054,0.0,1.0
1998-03-09,0.06756783938949742,1.0,1.0
1998-03-10,0.05156820754357198,1.0,1.0
1998-03-11,0.019689111051832107,1.0,1.0
1998-03-12,0.009823653957387676,1.0,1.0
1998-03-13,0.007945793984925523,1.0,1.0
1998-03-16,0.013449354613228352,1.0,1.0
1998-03-17,0.008475141103962656,1.0,1.0
1998-03-18,0.008551193441791725,1.0,1.0
1998-03-19,0.008114249846515412,1.0,1.0
1998-03-20,0.009140371503705618,1.0,1.0
1998-03-23,0.00917009308852959,1.0,1.0
1998-03-24,0.013297561689362242,1.0,1.0
1998-03-25,0.009538496212532459,1.0,1.0
1998-03-26,0.007855469439983819,1.0,1.0
1998-03-27,0.00945292671651188,1.0,1.0
1998-03-30,0.008492524770703606,1.0,1.0
1998-03-31,0.01163157129352287,1.0,1.0
1998-04-01,0.010374842611790816,1.0,1.0
1998-04-02,0.013542593241116185,1.0,1.0
1998-04-03,0.008556613682723757,1.0,1.0
1998-04-06,0.008789541308794249,1.0,1.0
1998-04-07,0.028972336908240852,1.0,1.0
1998-04-08,0.016968791426294507,1.0,1.0
1998-04-09,0.015514381935708445,1.0,1.0
1998-04-13,0.009063512769694452,1.0,1.0
1998-04-14,0.010431163870333828,1.0,1.0
1998-04-15,0.008407440932664084,1.0,1.0
1998-04-16,0.019876408033125178,1.0,1.0
1998-04-17,0.02736965839677161,1.0,1.0
1998-04-20,0.011517922189084569,1.0,1.0
1998-04-21,0.008210782614444157,1.0,1.0
1998-04-22,0.0076141481878487915,1.0,1.0
1998-04-23,0.03391994639561044,1.0,1.0
1998-04-24,0.042219980035337,1.0,1.0
1998-04-27,0.7299172136647035,0.0,0.0
1998-04-28,0.261785520932662,0.0,0.0
1998-04-29,0.12620862631162064,1.0,0.0
1998-04-30,0.19438908906092714,0.0,0.0
1998-05-01,0.06534017422978049,1.0,1.0
1998-05-04,0.01996964589288438,1.0,1.0
1998-05-05,0.016163461706538134,1.0,1.0
1998-05-06,0.02203548196875019,1.0,1.0
1998-05-07,0.02507256225178087,1.0,1.0
1998-05-08,0.02812866470706037,1.0,1.0
1998-05-11,0.013250083188197927,1.0,1.0
1998-05-12,0.01013238037008819,1.0,1.0
1998-05-13,0.00798169844152258,1.0,1.0
1998-05-14,0.007941869170490036,1.0,1.0
1998-05-15,0.016229179830392564,1.0,1.0
1998-05-18,0.012290646780465082,1.0,1.0
1998-05-19,0.008883232170587452,1.0,1.0
1998-05-20,0.008586542764000582,1.0,1.0
1998-05-21,0.009279531740570704,1.0,1.0
1998-05-22,0.011759970936871679,1.0,1.0
1998-05-26,0.10437270331431751,1.0,1.0
1998-05-27,0.03600067567700038,1.0,1.0
1998-05-28,0.016487083942398874,1.0,1.0
1998-05-29,0.012098807883057656,1.0,1.0
1998-06-01,0.009936771889119362,1.0,1.0
1998-06-02,0.0077665048298122714,1.0,1.0
1998-06-03,0.016146780908524325,1.0,1.0
1998-06-04,0.02003722907146352,1.0,1.0
1998-06-05,0.060404822097004776,1.0,1.0
1998-06-08,0.019331705212805913,1.0,1.0
1998-06-09,0.009949476859759372,1.0,1.0
1998-06-10,0.014971649031235795,1.0,1.0
1998-06-11,0.09992349083232353,1.0,1.0
1998-06-12,0.027951424155394238,1.0,1.0
1998-06-15,0.44617146301041954,0.0,1.0
1998-06-16,0.25078663453716604,0.0,1.0
1998-06-17,0.4401932197445909,0.0,1.0
1998-06-18,0.13502979856959987,1.0,1.0
1998-06-19,0.047837245256759586,1.0,1.0
1998-06-22,0.016827959849892774,1.0,1.0
1998-06-23,0.04376014500099181,1.0,1.0
1998-06-24,0.043188614849116534,1.0,1.0
1998-06-25,0.017975965347477828,1.0,1.0
1998-06-26,0.00978103834523488,1.0,1.0
1998-06-29,0.009406861804014678,1.0,1.0
1998-06-30,0.008372826129522223,1.0,1.0
1998-07-01,0.021466236630292675,1.0,1.0
1998-07-02,0.011153509472837372,1.0,1.0
1998-07-06,0.014038683290123009,1.0,1.0
1998-07-07,0.00929588943504482,1.0,1.0
1998-07-08,0.014429239983758942,1.0,1.0
1998-07-09,0.012783326604961447,1.0,1.0
1998-07-10,0.00869466338720036,1.0,1.0
1998-07-13,0.0074579416266382145,1.0,1.0
1998-07-14,0.012286056193152992,1.0,1.0
1998-07-15,0.008520735307737032,1.0,1.0
1998-07-16,0.01004170350957994,1.0,1.0
1998-07-17,0.00781591908992266,1.0,1.0
1998-07-20,0.007695562356822337,1.0,1.0
1998-07-21,0.12373969257116893,1.0,1.0
1998-07-22,0.03901044842235236,1.0,1.0
1998-07-23,0.6308917805522637,0.0,1.0
1998-07-24,0.21992280076124537,0.0,1.0
1998-07-27,0.05891209484130552,1.0,1.0
1998-07-28,0.21147033668714416,0.0,1.0
1998-07-29,0.07636385561858294,1.0,1.0
1998-07-30,0.13189374785131966,1.0,1.0
1998-07-31,0.6734786624968163,0.0,1.0
1998-08-03,0.39023036716748644,0.0,1.0
1998-08-04,0.9999887747997538,0.0,0.0
1998-08-05,0.5294049119799104,0.0,0.0
1998-08-06,0.33711170691049636,0.0,0.0
1998-08-07,0.10057122273222269,1.0,0.0
1998-08-10,0.04361674721453245,1.0,1.0
1998-08-11,0.24800072977015192,0.0,1.0
1998-08-12,0.36143081916543746,0.0,1.0
1998-08-13,0.22728960242688667,0.0,1.0
1998-08-14,0.16720805916291942,1.0,1.0
1998-08-17,0.25223595073614263,0.0,1.0
1998-08-18,0.415391620147955,0.0,1.0
1998-08-19,0.15866796252023282,1.0,1.0
1998-08-20,0.07382869708333395,1.0,1.0
1998-08-21,0.09699884888715729,1.0,1.0
1998-08-24,0.028463382165571063,1.0,1.0
1998-08-25,0.010808473680039309,1.0,1.0
1998-08-26,0.02755786473452297,1.0,1.0
1998-08-27,0.9999918174073131,0.0,0.0
1998-08-28,0.9617319471939694,0.0,0.0
1998-08-31,1.0,0.0,0.0
1998-09-01,0.9999940053207991,0.0,0.0
1998-09-02,0.49774928050754313,0.0,0.0
1998-09-03,0.43095201060355576,0.0,0.0
1998-09-04,0.2409739900686103,0.0,0.0
1998-09-08,0.9999999990875581,0.0,0.0
1998-09-09,0.9712598903161179,0.0,0.0
1998-09-10,0.9988876317829627,0.0,0.0
1998-09-11,0.9986581446696071,0.0,0.0
1998-09-14,0.977021247812435,0.0,0.0
1998-09-15,0.5610075140738363,0.0,0.0
1998-09-16,0.2743811090538713,0.0,0.0
1998-09-17,0.9720373103513873,0.0,0.0
1998-09-18,0.4855724772245492,0.0,0.0
1998-09-21,0.14817459047215403,1.0,0.0
1998-09-22,0.05429094915972006,1.0,1.0
1998-09-23,0.9968841571048394,0.0,0.0
1998-09-24,0.9904780083212862,0.0,0.0
1998-09-25,0.4834541202445629,0.0,0.0
1998-09-28,0.15352795348495862,1.0,0.0
1998-09-29,0.042408765969470595,1.0,1.0
1998-09-30,0.9526052419584135,0.0,0.0
1998-10-01,0.999987161271086,0.0,0.0
1998-10-02,0.8449405097429997,0.0,0.0
1998-10-05,0.969839398815328,0.0,0.0
1998-10-06,0.5687866091288468,0.0,0.0
1998-10-07,0.8970406202691418,0.0,0.0
1998-10-08,0.9392037124717719,0.0,0.0
1998-10-09,0.9979912166006442,0.0,0.0
1998-10-12,0.9150570677020274,0.0,0.0
1998-10-13,0.542868456991935,0.0,0.0
1998-10-14,0.4914125179496205,0.0,0.0
1998-10-15,0.9999992095598457,0.0,0.0
1998-10-16,0.6945317534727471,0.0,0.0
1998-10-19,0.3596276405506837,0.0,0.0
1998-10-20,0.10334603688128577,1.0,0.0
1998-10-21,0.03518328624387145,1.0,1.0
1998-10-22,0.0217847660253994,1.0,1.0
1998-10-23,0.015122349586873618,1.0,1.0
1998-10-26,0.008530829313822668,1.0,1.0
1998-10-27,0.009490160864121947,1.0,1.0
1998-10-28,0.006672107037854844,1.0,1.0
1998-10-29,0.05252504107030788,1.0,1.0
1998-10-30,0.05422803000035004,1.0,1.0
1998-11-02,0.08342495619773901,1.0,1.0
1998-11-03,0.024175971942684935,1.0,1.0
1998-11-04,0.01773918687691927,1.0,1.0
1998-11-05,0.03280303024808958,1.0,1.0
1998-11-06,0.016197861701141448,1.0,1.0
1998-11-09,0.019095800995561633,1.0,1.0
1998-11-10,0.009211291185511604,1.0,1.0
1998-11-11,0.012196981615415157,1.0,1.0
1998-11-12,0.008272572343186698,1.0,1.0
1998-11-13,0.007604642209882073,1.0,1.0
1998-11-16,0.00944851353890116,1.0,1.0
1998-11-17,0.006853288631474088,1.0,1.0
1998-11-18,0.007054861177161439,1.0,1.0
1998-11-19,0.008209696237992973,1.0,1.0
1998-11-20,0.00990838120725661,1.0,1.0
1998-11-23,0.21330686090824375,0.0,1.0
1998-11-24,0.07367912509884511,1.0,1.0
1998-11-25,0.022809023252442356,1.0,1.0
1998-11-27,0.011416949514444769,1.0,1.0
1998-11-30,0.7154492972659476,0.0,1.0
1998-12-01,0.38526115254238635,0.0,1.0
1998-12-02,0.11969027130493906,1.0,1.0
1998-12-03,0.39841030845632097,0.0,1.0
1998-12-04,0.8342040737612613,0.0,0.0
1998-12-07,0.49065700825932246,0.0,0.0
1998-12-08,0.19138408736335444,0.0,0.0
1998-12-09,0.050320604724135264,1.0,1.0
1998-12-10,0.20017508000297538,0.0,1.0
1998-12-11,0.053894602320117724,1.0,1.0
1998-12-14,0.7103596488481952,0.0,1.0
1998-12-15,0.8044127249578463,0.0,0.0
1998-12-16,0.32706190725175227,0.0,0.0
1998-12-17,0.42103288491109886,0.0,0.0
1998-12-18,0.16303234096523525,1.0,0.0
1998-12-21,0.17640832588249356,0.0,0.0
1998-12-22,0.04691777845133196,1.0,1.0
1998-12-23,0.3025738195241678,0.0,1.0
1998-12-24,0.08447386436694969,1.0,1.0
1998-12-28,0.023519973839779072,1.0,1.0
1998-12-29,0.027816502671897336,1.0,1.0
1998-12-30,0.015174343998553916,1.0,1.0
1998-12-31,0.008651805762628166,1.0,1.0
1999-01-04,0.006907051888993278,1.0,1.0
1999-01-05,0.016130316878216238,1.0,1.0
1999-01-06,0.31803075665470626,0.0,1.0
1999-01-07,0.08971061501385237,1.0,1.0
1999-01-08,0.02775942574470588,1.0,1.0
1999-01-11,0.015530934300063935,1.0,1.0
1999-01-12,0.27202371057597236,0.0,1.0
1999-01-13,0.10706799547661607,1.0,1.0
1999-01-14,0.40714467071506244,0.0,1.0
1999-01-15,0.9403692778493407,0.0,0.0
1999-01-19,0.5531959461929541,0.0,0.0
1999-01-20,0.1788387303049678,0.0,0.0
1999-01-21,0.6740225458149952,0.0,0.0
1999-01-22,0.3584721985657253,0.0,0.0
1999-01-25,0.1335747370855507,1.0,0.0
1999-01-26,0.16264913218539517,1.0,0.0
1999-01-27,0.08397142381123249,1.0,1.0
1999-01-28,0.20007792745771838,0.0,1.0
1999-01-29,0.1026317088328837,1.0,1.0
1999-02-01,0.035260026704636835,1.0,1.0
1999-02-02,0.08964238267063375,1.0,1.0
1999-02-03,0.051455960655635,1.0,1.0
1999-02-04,0.49105196763650555,0.0,1.0
1999-02-05,0.3946498148620327,0.0,1.0
1999-02-08,0.14354102365255444,1.0,1.0
1999-02-09,0.9118425978933099,0.0,0.0
1999-02-10,0.563592986502088,0.0,0.0
1999-02-11,0.9867292267280383,0.0,0.0
1999-02-12,0.9907489204063898,0.0,0.0
1999-02-16,0.7380998133836976,0.0,0.0
1999-02-17,0.856612328965823,0.0,0.0
1999-02-18,0.6418411216103012,0.0,0.0
1999-02-19,0.2889384593857617,0.0,0.0
1999-02-22,0.9502221440969122,0.0,0.0
1999-02-23,0.6140814615463536,0.0,0.0
1999-02-24,0.7167658351536123,0.0,0.0
1999-02-25,0.49268349162546393,0.0,0.0
1999-02-26,0.24987686779598584,0.0,0.0
1999-03-01,0.08261593163540136,1.0,1.0
1999-03-02,0.04813277401306586,1.0,1.0
1999-03-03,0.01684860833013045,1.0,1.0
1999-03-04,0.03442187424762217,1.0,1.0
1999-03-05,0.32817113947167303,0.0,1.0
1999-03-08,0.14539361888883895,1.0,1.0
1999-03-09,0.05082663806418295,1.0,1.0
1999-03-10,0.020524890193676364,1.0,1.0
1999-03-11,0.01319131650613674,1.0,1.0
1999-03-12,0.008484944722703282,1.0,1.0
1999-03-15,0.011601050592698324,1.0,1.0
1999-03-16,0.00709827294623664,1.0,1.0
1999-03-17,0.008219375004457307,1.0,1.0
1999-03-18,0.021619294214637104,1.0,1.0
1999-03-19,0.06394371940251244,1.0,1.0
1999-03-22,0.02537608810545658,1.0,1.0
1999-03-23,0.940647503333774,0.0,0.0
1999-03-24,0.6381968037001711,0.0,0.0
1999-03-25,0.8556661183451851,0.0,0.0
1999-03-26,0.5734102447554723,0.0,0.0
1999-03-29,0.9036865990721359,0.0,0.0
1999-03-30,0.6738905861569704,0.0,0.0
1999-03-31,0.5446118657792012,0.0,0.0
1999-04-01,0.25334205249931424,0.0,0.0
1999-04-05,0.6477645930480854,0.0,0.0
1999-04-06,0.3168315044354502,0.0,0.0
1999-04-07,0.11707976620469103,1.0,0.0
1999-04-08,0.1220538975119613,1.0,0.0
1999-04-09,0.04235612131764531,1.0,1.0
1999-04-12,0.026217879383046296,1.0,1.0
1999-04-13,0.01300000597857599,1.0,1.0
1999-04-14,0.06393694710168786,1.0,1.0
1999-04-15,0.026505925613998893,1.0,1.0
1999-04-16,0.011953365496475812,1.0,1.0
1999-04-19,0.80282780300161,0.0,0.0
1999-04-20,0.7807666183738345,0.0,0.0
1999-04-21,0.9945382506464779,0.0,0.0
1999-04-22,0.9080267796797992,0.0,0.0
1999-04-23,0.5519609532943546,0.0,0.0
1999-04-26,0.24310294435524127,0.0,0.0
1999-04-27,0.07914292511135036,1.0,1.0
1999-04-28,0.06322550999267787,1.0,1.0
1999-04-29,0.028126880212797616,1.0,1.0
1999-04-30,0.015351975243277092,1.0,1.0
1999-05-03,0.019775814856204985,1.0,1.0
1999-05-04,0.0961917677167914,1.0,1.0
1999-05-05,0.06835302573500548,1.0,1.0
1999-05-06,0.09820603604128883,1.0,1.0
1999-05-07,0.05433293775222206,1.0,1.0
1999-05-10,0.018684783916954644,1.0,1.0
1999-05-11,0.026314344913999015,1.0,1.0
1999-05-12,0.013858361395823042,1.0,1.0
1999-05-13,0.007404251385100305,1.0,1.0
1999-05-14,0.42847892048404834,0.0,1.0
1999-05-17,0.15790338042245347,1.0,1.0
1999-05-18,0.0629995888127692,1.0,1.0
1999-05-19,0.033762051500828685,1.0,1.0
1999-05-20,0.015654693324794054,1.0,1.0
1999-05-21,0.011929502814284036,1.0,1.0
1999-05-24,0.26084393975076436,0.0,1.0
1999-05-25,0.7612243239820395,0.0,0.0
1999-05-26,0.7591249663623335,0.0,0.0
1999-05-27,0.8699426987103,0.0,0.0
1999-05-28,0.8686262896445154,0.0,0.0
1999-06-01,0.689862152495282,0.0,0.0
1999-06-02,0.32178820047658613,0.0,0.0
1999-06-03,0.10967286453586067,1.0,0.0
1999-06-04,0.5640136867766641,0.0,0.0
1999-06-07,0.30104774727570516,0.0,0.0
1999-06-08,0.3894403551751541,0.0,0.0
1999-06-09,0.13937675933817545,1.0,0.0
1999-06-10,0.19384070042146104,0.0,0.0
1999-06-11,0.12749431704853592,1.0,0.0
1999-06-14,0.05518029100580036,1.0,1.0
1999-06-15,0.021963912658409655,1.0,1.0
1999-06-16,0.4509600410835499,0.0,1.0
1999-06-17,0.22611570907999395,0.0,1.0
1999-06-18,0.07382370837777646,1.0,1.0
1999-06-21,0.0307781773299152,1.0,1.0
1999-06-22,0.033012933437829184,1.0,1.0
1999-06-23,0.013253484770487135,1.0,1.0
1999-06-24,0.04672781646973702,1.0,1.0
1999-06-25,0.016744621010111167,1.0,1.0
1999-06-28,0.02688966751406989,1.0,1.0
1999-06-29,0.06212540280917136,1.0,1.0
1999-06-30,0.1403272355801764,1.0,1.0
1999-07-01,0.053347018894962746,1.0,1.0
1999-07-02,0.026238708836817577,1.0,1.0
1999-07-06,0.011010010727118158,1.0,1.0
1999-07-07,0.006630108039431157,1.0,1.0
1999-07-08,0.005397377300124052,1.0,1.0
1999-07-09,0.00603622388907844,1.0,1.0
1999-07-12,0.005850579196430624,1.0,1.0
1999-07-13,0.006547488646323593,1.0,1.0
1999-07-14,0.005985540078430324,1.0,1.0
1999-07-15,0.00859189653935129,1.0,1.0
1999-07-16,0.006732549701138207,1.0,1.0
1999-07-19,0.012326961206027007,1.0,1.0
1999-07-20,0.558444529406841,0.0,1.0
1999-07-21,0.23354595205866358,0.0,1.0
1999-07-22,0.37097794215534297,0.0,1.0
1999-07-23,0.15216560998318307,1.0,1.0
1999-07-26,0.14182020940357515,1.0,1.0
1999-07-27,0.11613532572492302,1.0,1.0
1999-07-28,0.03668517151630095,1.0,1.0
1999-07-29,0.2796346944843341,0.0,1.0
1999-07-30,0.170315070237595,1.0,1.0
1999-08-02,0.061318785337760605,1.0,1.0
1999-08-03,0.054524603607887905,1.0,1.0
1999-08-04,0.1653956605349703,1.0,1.0
1999-08-05,0.0712987228687823,1.0,1.0
1999-08-06,0.07612259158651367,1.0,1.0
1999-08-09,0.033509562724514046,1.0,1.0
1999-08-10,0.05837096354161897,1.0,1.0
1999-08-11,0.15974989046866928,1.0,1.0
1999-08-12,0.056835976389987386,1.0,1.0
1999-08-13,0.5764604178755585,0.0,1.0
1999-08-16,0.2588982433802451,0.0,1.0
1999-08-17,0.1713330273938009,1.0,1.0
1999-08-18,0.1087920689635655,1.0,1.0
1999-08-19,0.07377354320783149,1.0,1.0
1999-08-20,0.04520877990142367,1.0,1.0
1999-08-23,0.18974412886880532,1.0,1.0
1999-08-24,0.06446852395520339,1.0,1.0
1999-08-25,0.06678767337559448,1.0,1.0
1999-08-26,0.1048849526213168,1.0,1.0
1999-08-27,0.1022279708972112,1.0,1.0
1999-08-30,0.5082788551452602,0.0,1.0
1999-08-31,0.226589090336713,0.0,1.0
1999-09-01,0.11302943030982546,1.0,1.0
1999-09-02,0.08692111724454447,1.0,1.0
1999-09-03,0.9741848397929838,0.0,0.0
1999-09-07,0.7247017458768737,0.0,0.0
1999-09-08,0.46931974353002986,0.0,0.0
1999-09-09,0.19574913856137635,1.0,0.0
1999-09-10,0.0734993982266678,1.0,1.0
1999-09-13,0.04228788163926539,1.0,1.0
1999-09-14,0.023033846564911798,1.0,1.0
1999-09-15,0.060684036844867104,1.0,1.0
1999-09-16,0.02349171261535016,1.0,1.0
1999-09-17,0.0337639495411596,1.0,1.0
1999-09-20,0.013682235854247972,1.0,1.0
1999-09-21,0.28218230808749606,0.0,1.0
1999-09-22,0.10294148684759655,1.0,1.0
1999-09-23,0.9120833682291556,0.0,0.0
1999-09-24,0.6067780932138124,0.0,0.0
1999-09-27,0.2943248725065557,0.0,0.0
1999-09-28,0.11455312990295898,1.0,0.0
1999-09-29,0.07859399238979066,1.0,1.0
1999-09-30,0.049914816140897766,1.0,1.0
1999-10-01,0.019548562095090496,1.0,1.0
1999-10-04,0.08933301554648947,1.0,1.0
1999-10-05,0.031493997609942904,1.0,1.0
1999-10-06,0.17702490665465861,1.0,1.0
1999-10-07,0.07976984404539354,1.0,1.0
1999-10-08,0.0677288301198541,1.0,1.0
1999-10-11,0.023988933295357572,1.0,1.0
1999-10-12,0.207581859600024,1.0,1.0
1999-10-13,0.8560078765721532,0.0,0.0
1999-10-14,0.5146394386605118,0.0,0.0
1999-10-15,0.9972688780204226,0.0,0.0
1999-10-18,0.7279212040458246,0.0,0.0
1999-10-19,0.4742444820639679,0.0,0.0
1999-10-20,0.8172545631488527,0.0,0.0
1999-10-21,0.48176606550588896,0.0,0.0
1999-10-22,0.49402757318330875,0.0,0.0
1999-10-25,0.2504232449597482,0.0,0.0
1999-10-26,0.18688051849854723,1.0,0.0
1999-10-27,0.10851863031284777,1.0,1.0
1999-10-28,0.9985870268035456,0.0,0.0
1999-10-29,0.9692691478340703,0.0,0.0
1999-11-01,0.7238798689596501,0.0,0.0
1999-11-02,0.4127541712697137,0.0,0.0
1999-11-03,0.20842913906020052,1.0,0.0
1999-11-04,0.0932669733320614,1.0,1.0
1999-11-05,0.04877912263445488,1.0,1.0
1999-11-08,0.022457767445388608,1.0,1.0
1999-11-09,0.02123238182611235,1.0,1.0
1999-11-10,0.011854643868659278,1.0,1.0
1999-11-11,0.007712325716073036,1.0,1.0
1999-11-12,0.015662663245523616,1.0,1.0
1999-11-15,0.008350680894229624,1.0,1.0
1999-11-16,0.10515346294729488,1.0,1.0
1999-11-17,0.05766125204776414,1.0,1.0
1999-11-18,0.053426899590908884,1.0,1.0
1999-11-19,0.020219848577003267,1.0,1.0
1999-11-22,0.009685772980708409,1.0,1.0
1999-11-23,0.03909966626663617,1.0,1.0
1999-11-24,0.026169750927206855,1.0,1.0
1999-11-26,0.011433941654556004,1.0,1.0
1999-11-29,0.011736115660079366,1.0,1.0
1999-11-30,0.044646714054939377,1.0,1.0
1999-12-01,0.019727847527953254,1.0,1.0
1999-12-02,0.0258909510531056,1.0,1.0
1999-12-03,0.08517853847259012,1.0,1.0
1999-12-06,0.03742381803111136,1.0,1.0
1999-12-07,0.019051400683186673,1.0,1.0
1999-12-08,0.009565790463752137,1.0,1.0
1999-12-09,0.006802074286529322,1.0,1.0
1999-12-10,0.006750685216926594,1.0,1.0
1999-12-13,0.005765054370539587,1.0,1.0
1999-12-14,0.035283685138272486,1.0,1.0
1999-12-15,0.016743361585876887,1.0,1.0
1999-12-16,0.01076735299979104,1.0,1.0
1999-12-17,0.007022550347940636,1.0,1.0
1999-12-20,0.00599797097295268,1.0,1.0
1999-12-21,0.02959000653022535,1.0,1.0
1999-12-22,0.012999347594403257,1.0,1.0
1999-12-23,0.029446315827307945,1.0,1.0
1999-12-27,0.013383342862779502,1.0,1.0
1999-12-28,0.00771420042569798,1.0,1.0
1999-12-29,0.007919817417257991,1.0,1.0
1999-12-30,0.006093271436310585,1.0,1.0
1999-12-31,0.006515721866902979,1.0,1.0
2000-01-03,0.010589093666099069,1.0,1.0
2000-01-04,0.9999895832643755,0.0,0.0
2000-01-05,0.7398161936381136,0.0,0.0
2000-01-06,0.5514245416783988,0.0,0.0
2000-01-07,0.9996680588004407,0.0,0.0
2000-01-10,0.9730198411589618,0.0,0.0
2000-01-11,0.9799839366851202,0.0,0.0
2000-01-12,0.8062619915324188,0.0,0.0
2000-01-13,0.8715013045134109,0.0,0.0
2000-01-14,0.7592750582772555,0.0,0.0
2000-01-18,0.43277735732875955,0.0,0.0
2000-01-19,0.18551981416390267,1.0,0.0
2000-01-20,0.0764220240337742,1.0,1.0
2000-01-21,0.026811525887201124,1.0,1.0
2000-01-24,0.9190567683495232,0.0,0.0
2000-01-25,0.6313516242248643,0.0,0.0
2000-01-26,0.3526900993004096,0.0,0.0
2000-01-27,0.1655778883191801,1.0,0.0
2000-01-28,0.994633929999007,0.0,0.0
2000-01-31,0.9420380953310661,0.0,0.0
2000-02-01,0.9617454818587118,0.0,0.0
2000-02-02,0.8301462252315237,0.0,0.0
2000-02-03,0.9153927571761102,0.0,0.0
2000-02-04,0.7567750145059796,0.0,0.0
2000-02-07,0.5546940040768453,0.0,0.0
2000-02-08,0.6339959866111473,0.0,0.0
2000-02-09,0.9616053630286584,0.0,0.0
2000-02-10,0.8574986352478914,0.0,0.0
2000-02-11,0.9806362715236681,0.0,0.0
2000-02-14,0.8653629686131238,0.0,0.0
2000-02-15,0.751032961506855,0.0,0.0
2000-02-16,0.638138965192571,0.0,0.0
2000-02-17,0.4385728242722574,1.0,0.0
2000-02-18,0.9980937977725803,0.0,0.0
2000-02-22,0.8952453270241186,0.0,0.0
2000-02-23,0.8983206617501203,0.0,0.0
2000-02-24,0.7296689797182563,0.0,0.0
2000-02-25,0.7878897096088635,0.0,0.0
2000-02-28,0.6734046083483342,0.0,0.0
2000-02-29,0.950663384982716,0.0,0.0
2000-03-01,0.955766372778375,0.0,0.0
2000-03-02,0.8239760796179667,0.0,0.0
2000-03-03,0.9956128103989133,0.0,0.0
2000-03-06,0.9382266357321225,0.0,0.0
2000-03-07,0.9983661996667227,0.0,0.0
2000-03-08,0.9238197151203594,0.0,0.0
2000-03-09,0.9983093010485843,0.0,0.0
2000-03-10,0.9195479438324069,0.0,0.0
2000-03-13,0.9690064372683005,0.0,0.0
2000-03-14,0.9992993001684964,0.0,0.0
2000-03-15,0.9383415473375533,0.0,0.0
2000-03-16,0.9999999851338376,0.0,0.0
2000-03-17,0.9200362120488509,0.0,0.0
2000-03-20,0.9848954689949401,0.0,0.0
2000-03-21,0.994977278353967,0.0,0.0
2000-03-22,0.9675349809953082,0.0,0.0
2000-03-23,0.9693317690927427,0.0,0.0
2000-03-24,0.8430143099666364,0.0,0.0
2000-03-27,0.6975280762795025,0.0,0.0
2000-03-28,0.8661244839716666,0.0,0.0
2000-03-29,0.8608326540929021,0.0,0.0
2000-03-30,0.9789899908945282,0.0,0.0
2000-03-31,0.9494779458678749,0.0,0.0
2000-04-03,0.9874131292793211,0.0,0.0
2000-04-04,0.9730113432299754,0.0,0.0
2000-04-05,0.8502577449297657,0.0,0.0
2000-04-06,0.9222954914226975,0.0,0.0
2000-04-07,0.9450090020571975,0.0,0.0
2000-04-10,0.9956868076518531,0.0,0.0
2000-04-11,0.9641691589353231,0.0,0.0
2000-04-12,0.9999752464846661,0.0,0.0
2000-04-13,0.9964064445785985,0.0,0.0
2000-04-14,1.0,0.0,0.0
2000-04-17,0.9999547141466086,0.0,0.0
2000-04-18,0.9999998357870196,0.0,0.0
2000-04-19,0.952872195283032,0.0,0.0
2000-04-20,0.81458910426317,0.0,0.0
2000-04-24,0.834695909344455,0.0,0.0
2000-04-25,0.9999986311832618,0.0,0.0
2000-04-26,0.9800482535551166,0.0,0.0
2000-04-27,0.9046797207611573,0.0,0.0
2000-04-28,0.7370058505024,0.0,0.0
2000-05-01,0.8430116810649919,0.0,0.0
2000-05-02,0.9939319056509411,0.0,0.0
2000-05-03,0.9986931157147634,0.0,0.0
2000-05-04,0.896972815896699,0.0,0.0
2000-05-05,0.943650697508268,0.0,0.0
2000-05-08,0.9235480363316891,0.0,0.0
2000-05-09,0.9412126749552567,0.0,0.0
2000-05-10,0.9998465096336013,0.0,0.0
2000-05-11,0.9973469625303638,0.0,0.0
2000-05-12,0.9299752340799258,0.0,0.0
2000-05-15,0.994654108928411,0.0,0.0
2000-05-16,0.9687393457835687,0.0,0.0
2000-05-17,0.977263017568693,0.0,0.0
2000-05-18,0.9594211157214452,0.0,0.0
2000-05-19,0.9994305480703796,0.0,0.0
2000-05-22,0.9424515446865803,0.0,0.0
2000-05-23,0.9992448245466464,0.0,0.0
2000-05-24,0.9857321568293185,0.0,0.0
2000-05-25,0.977900203993202,0.0,0.0
2000-05-26,0.8669909427778937,0.0,0.0
2000-05-30,0.999998954639997,0.0,0.0
2000-05-31,0.908265218495098,0.0,0.0
2000-06-01,0.9985932915958519,0.0,0.0
2000-06-02,0.9999389000888789,0.0,0.0
2000-06-05,0.9168766274940597,0.0,0.0
2000-06-06,0.8815145315675862,0.0,0.0
2000-06-07,0.8757414735970172,0.0,0.0
2000-06-08,0.7828672662302321,0.0,0.0
2000-06-09,0.5702495051826475,0.0,0.0
2000-06-12,0.7254069333475691,0.0,0.0
2000-06-13,0.8493988935601643,0.0,0.0
2000-06-14,0.6726798476355444,0.0,0.0
2000-06-15,0.4833922450811626,1.0,0.0
2000-06-16,0.43685381647365323,1.0,0.0
2000-06-19,0.7649024287715291,0.0,0.0
2000-06-20,0.5799673235386943,0.0,0.0
2000-06-21,0.3724724445642406,1.0,0.0
2000-06-22,0.9170871570504077,0.0,0.0
2000-06-23,0.902172428637109,0.0,0.0
2000-06-26,0.8393885124307555,0.0,0.0
2000-06-27,0.7286476090721811,0.0,0.0
2000-06-28,0.6152129517331941,0.0,0.0
2000-06-29,0.5417161545885177,0.0,0.0
2000-06-30,0.4154921182476873,1.0,0.0
2000-07-03,0.3753337328896225,1.0,0.0
2000-07-05,0.8213008460616285,0.0,0.0
2000-07-06,0.7494984928338615,0.0,0.0
2000-07-07,0.8658340061580989,0.0,0.0
2000-07-10,0.6890769933920518,0.0,0.0
2000-07-11,0.4642649372316922,1.0,0.0
2000-07-12,0.6012562780575175,0.0,0.0
2000-07-13,0.41724329657063813,1.0,0.0
2000-07-14,0.380787759258988,1.0,0.0
2000-07-17,0.20768951330142246,1.0,1.0
2000-07-18,0.47090986538121865,1.0,1.0
2000-07-19,0.6393026428147627,0.0,1.0
2000-07-20,0.7592085971849654,0.0,1.0
2000-07-21,0.8923344224757586,0.0,1.0
2000-07-24,0.9595271260114981,0.0,0.0
2000-07-25,0.8500554067085979,0.0,0.0
2000-07-26,0.9272381773574044,0.0,0.0
2000-07-27,0.8978133908592583,0.0,0.0
2000-07-28,0.9987136087690359,0.0,0.0
2000-07-31,0.9535331005745071,0.0,0.0
2000-08-01,0.8578221424246211,0.0,0.0
2000-08-02,0.6796083373482896,0.0,0.0
2000-08-03,0.6939901136745699,0.0,0.0
2000-08-04,0.6210763005539651,0.0,0.0
2000-08-07,0.6636016833235294,0.0,0.0
2000-08-08,0.43906136199816437,1.0,0.0
2000-08-09,0.3441876553528086,1.0,0.0
2000-08-10,0.4294056031609115,1.0,0.0
2000-08-11,0.3591517384581226,1.0,0.0
2000-08-14,0.45698496536229305,1.0,0.0
2000-08-15,0.32150263731755047,1.0,0.0
2000-08-16,0.17842452871566095,1.0,1.0
2000-08-17,0.21239840886742578,1.0,1.0
2000-08-18,0.11900408865007292,1.0,1.0
2000-08-21,0.06293875522144089,1.0,1.0
2000-08-22,0.032360073081700504,1.0,1.0
2000-08-23,0.02251559522548231,1.0,1.0
2000-08-24,0.015124744453751624,1.0,1.0
2000-08-25,0.01139435912556631,1.0,1.0
2000-08-28,0.011012498871792257,1.0,1.0
2000-08-29,0.009588584130097139,1.0,1.0
2000-08-30,0.009227780615829158,1.0,1.0
2000-08-31,0.024996912548746728,1.0,1.0
2000-09-01,0.01657687232636372,1.0,1.0
2000-09-05,0.035009654128364015,1.0,1.0
2000-09-06,0.1009908684737638,1.0,1.0
2000-09-07,0.0774306208771442,1.0,1.0
2000-09-08,0.08505953209945666,1.0,1.0
2000-09-11,0.055583047018803,1.0,1.0
2000-09-12,0.04025867767867445,1.0,1.0
2000-09-13,0.022670200223874552,1.0,1.0
2000-09-14,0.014479535339110429,1.0,1.0
2000-09-15,0.057956868340313626,1.0,1.0
2000-09-18,0.49858512783628345,1.0,1.0
2000-09-19,0.5878850088551989,0.0,1.0
2000-09-20,0.4216873197512739,1.0,1.0
2000-09-21,0.30932106242317325,1.0,1.0
2000-09-22,0.17157757552016917,1.0,1.0
2000-09-25,0.12258023671364617,1.0,1.0
2000-09-26,0.15637479739900953,1.0,1.0
2000-09-27,0.08209603599315962,1.0,1.0
2000-09-28,0.8386326084754075,0.0,1.0
2000-09-29,0.920311077422075,0.0,1.0
2000-10-02,0.8679134917993222,0.0,1.0
2000-10-03,0.9367049666771036,0.0,0.0
2000-10-04,0.8469164394365576,0.0,0.0
2000-10-05,0.6852043474537781,0.0,0.0
2000-10-06,0.9923442202042292,0.0,0.0
2000-10-09,0.925737556499862,0.0,0.0
2000-10-10,0.9735870821468647,0.0,0.0
2000-10-11,0.9951330802281608,0.0,0.0
2000-10-12,0.9999779206055033,0.0,0.0
2000-10-13,0.9999999263971047,0.0,0.0
2000-10-16,0.9245473789156339,0.0,0.0
2000-10-17,0.995408125922512,0.0,0.0
2000-10-18,0.961077638881946,0.0,0.0
2000-10-19,0.9999991792192012,0.0,0.0
2000-10-20,0.9581244029393684,0.0,0.0
2000-10-23,0.8434090367564929,0.0,0.0
2000-10-24,0.6674328853908664,0.0,0.0
2000-10-25,0.9983512344964771,0.0,0.0
2000-10-26,0.9206112820906365,0.0,0.0
2000-10-27,0.8686292034524352,0.0,0.0
2000-10-30,0.776446245470127,0.0,0.0
2000-10-31,0.9991929237667642,0.0,0.0
2000-11-01,0.9422952201664828,0.0,0.0
2000-11-02,0.9137248331642944,0.0,0.0
2000-11-03,0.7682770746403886,0.0,0.0
2000-11-06,0.5572069720156948,1.0,0.0
2000-11-07,0.3452953160822218,1.0,0.0
2000-11-08,0.9353908956777347,0.0,0.0
2000-11-09,0.9236641845870144,0.0,0.0
2000-11-10,0.9998501299548057,0.0,0.0
2000-11-13,0.9902137057451929,0.0,0.0
2000-11-14,0.9998221157463695,0.0,0.0
2000-11-15,0.9381415197188244,0.0,0.0
2000-11-16,0.9884169947550373,0.0,0.0
2000-11-17,0.9283660872582858,0.0,0.0
2000-11-20,0.999528314100656,0.0,0.0
2000-11-21,0.9239519556209215,0.0,0.0
2000-11-22,0.9976169955627522,0.0,0.0
2000-11-24,0.9980708845197301,0.0,0.0
2000-11-27,0.9223513588980101,0.0,0.0
2000-11-28,0.9863542951252814,0.0,0.0
2000-11-29,0.896988915799948,0.0,0.0
2000-11-30,0.9957404121890495,0.0,0.0
2000-12-01,0.9267974859567842,0.0,0.0
2000-12-04,0.7974900081597159,0.0,0.0
2000-12-05,0.9999999972003688,0.0,0.0
2000-12-06,0.9973499342887483,0.0,0.0
2000-12-07,0.9467780608607463,0.0,0.0
2000-12-08,0.9998142917086151,0.0,0.0
2000-12-11,0.9723651460947518,0.0,0.0
2000-12-12,0.9618353895596721,0.0,0.0
2000-12-13,0.9618727035047201,0.0,0.0
2000-12-14,0.9945700652475152,0.0,0.0
2000-12-15,0.9984633006173013,0.0,0.0
2000-12-18,0.9359023422419199,0.0,0.0
2000-12-19,0.9868700527596712,0.0,0.0
2000-12-20,0.999999801486123,0.0,0.0
2000-12-21,0.9357569934805928,0.0,0.0
2000-12-22,0.9999523250855678,0.0,0.0
2000-12-26,0.9361969120563416,0.0,0.0
2000-12-27,0.9518395321663936,0.0,0.0
2000-12-28,0.899348231818611,0.0,0.0
2000-12-29,0.9428592478898571,0.0,0.0
2001-01-02,0.9999993534384741,0.0,0.0
2001-01-03,0.999999999999841,0.0,0.0
2001-01-04,0.9881575532535685,0.0,0.0
2001-01-05,0.999988530368086,0.0,0.0
2001-01-08,0.9366746460995902,0.0,0.0
2001-01-09,0.8290599320384524,0.0,0.0
2001-01-10,0.910054404908354,0.0,0.0
2001-01-11,0.939838272380015,0.0,0.0
2001-01-12,0.8458445390616313,0.0,0.0
2001-01-16,0.7299845781120979,0.0,0.0
2001-01-17,0.5253856788350231,1.0,0.0
2001-01-18,0.5763924497895591,0.0,0.0
2001-01-19,0.4706965572549674,1.0,0.0
2001-01-22,0.2714954552352293,1.0,0.0
2001-01-23,0.5756712751272727,0.0,0.0
2001-01-24,0.36616228520372474,1.0,0.0
2001-01-25,0.3567784136400043,1.0,0.0
2001-01-26,0.19575600216342137,1.0,1.0
2001-01-29,0.16609310780801226,1.0,1.0
2001-01-30,0.1060062459205886,1.0,1.0
2001-01-31,0.0675330591211409,1.0,1.0
2001-02-01,0.03626449109200552,1.0,1.0
2001-02-02,0.500557337629779,0.0,1.0
2001-02-05,0.2878159866369694,1.0,1.0
2001-02-06,0.1450482506577063,1.0,1.0
2001-02-07,0.15515575741440313,1.0,1.0
2001-02-08,0.12555460552414058,1.0,1.0
2001-02-09,0.3772313031477385,1.0,1.0
2001-02-12,0.39595472911718166,1.0,1.0
2001-02-13,0.41659421702150873,1.0,1.0
2001-02-14,0.22926252514497716,1.0,1.0
2001-02-15,0.19247872660892162,1.0,1.0
2001-02-16,0.8327876164323549,0.0,1.0
2001-02-20,0.9895730069693172,0.0,0.0
2001-02-21,0.9969087463831455,0.0,0.0
2001-02-22,0.9339154136253489,0.0,0.0
2001-02-23,0.8276957475231371,0.0,0.0
2001-02-26,0.9755609944708107,0.0,0.0
2001-02-27,0.9689322763415612,0.0,0.0
2001-02-28,0.9854267443967307,0.0,0.0
2001-03-01,0.8888459453537206,0.0,0.0
2001-03-02,0.7879713832044244,0.0,0.0
2001-03-05,0.6176082016742925,0.0,0.0
2001-03-06,0.6068243153638584,0.0,0.0
2001-03-07,0.42890035659222975,1.0,0.0
2001-03-08,0.2448748843259988,1.0,0.0
2001-03-09,0.9897106139971061,0.0,0.0
2001-03-12,0.9999999993427077,0.0,0.0
2001-03-13,0.9898812678101929,0.0,0.0
2001-03-14,0.9998364586404418,0.0,0.0
2001-03-15,0.9209163911016734,0.0,0.0
2001-03-16,0.9974002462943683,0.0,0.0
2001-03-19,0.9950316168473768,0.0,0.0
2001-03-20,0.9997618350355784,0.0,0.0
2001-03-21,0.9979926594673283,0.0,0.0
2001-03-22,0.9329514720420545,0.0,0.0
2001-03-23,0.9935837141988281,0.0,0.0
2001-03-26,0.9599622442317952,0.0,0.0
2001-03-27,0.9987946763193813,0.0,0.0
2001-03-28,0.9999073260795003,0.0,0.0
2001-03-29,0.9424886493945407,0.0,0.0
2001-03-30,0.9285245264922399,0.0,0.0
2001-04-02,0.984141148704249,0.0,0.0
2001-04-03,0.9999998815212051,0.0,0.0
2001-04-04,0.9331642147965529,0.0,0.0
2001-04-05,0.9999999994909192,0.0,0.0
2001-04-06,0.9990689014697818,0.0,0.0
2001-04-09,0.9485204963099507,0.0,0.0
2001-04-10,0.9998583737758193,0.0,0.0
2001-04-11,0.9204885525326376,0.0,0.0
2001-04-12,0.9632731849973223,0.0,0.0
2001-04-16,0.8819282809058865,0.0,0.0
2001-04-17,0.8617191792151772,0.0,0.0
2001-04-18,0.9999996060878791,0.0,0.0
2001-04-19,0.9855558015413255,0.0,0.0
2001-04-20,0.9523659049299998,0.0,0.0
2001-04-23,0.9916188338227391,0.0,0.0
2001-04-24,0.9764867678971098,0.0,0.0
2001-04-25,0.9864859637021152,0.0,0.0
2001-04-26,0.9007759237890619,0.0,0.0
2001-04-27,0.9436771683127078,0.0,0.0
2001-04-30,0.8106559175865893,0.0,0.0
2001-05-01,0.8763532771382551,0.0,0.0
2001-05-02,0.708197122103092,0.0,0.0
2001-05-03,0.9348111412613845,0.0,0.0
2001-05-04,0.956353179409022,0.0,0.0
2001-05-07,0.8579374361701356,0.0,0.0
2001-05-08,0.6787563267756976,0.0,0.0
2001-05-09,0.5336685597457607,0.0,0.0
2001-05-10,0.3225260387623726,1.0,0.0
2001-05-11,0.28308464267864103,1.0,0.0
2001-05-14,0.14178659885124267,1.0,1.0
2001-05-15,0.06789024809296448,1.0,1.0
2001-05-16,0.9716021435870917,0.0,0.0
2001-05-17,0.8797553515593936,0.0,0.0
2001-05-18,0.7060259914212945,0.0,0.0
2001-05-21,0.9462717458414294,0.0,0.0
2001-05-22,0.8246170519077933,0.0,0.0
2001-05-23,0.9755561107454968,0.0,0.0
2001-05-24,0.8792322374496673,0.0,0.0
2001-05-25,0.8937452780172496,0.0,0.0
2001-05-29,0.907703349617691,0.0,0.0
2001-05-30,0.9880472001232957,0.0,0.0
2001-05-31,0.9240261048650118,0.0,0.0
2001-06-01,0.8052799453497053,0.0,0.0
2001-06-04,0.6302092812645147,0.0,0.0
2001-06-05,0.790589613904691,0.0,0.0
2001-06-06,0.8040135175880727,0.0,0.0
2001-06-07,0.6377069579255298,0.0,0.0
2001-06-08,0.6862526110158684,0.0,0.0
2001-06-11,0.7236619585087168,0.0,0.0
2001-06-12,0.4985770881800502,0.0,0.0
2001-06-13,0.5979198519739781,0.0,0.0
2001-06-14,0.9729984888529248,0.0,0.0
2001-06-15,0.896524022039935,0.0,0.0
2001-06-18,0.8203395835460282,0.0,0.0
2001-06-19,0.6194561845984945,0.0,0.0
2001-06-20,0.6085713854469226,0.0,0.0
2001-06-21,0.5594932673607456,0.0,0.0
2001-06-22,0.6269036773862924,0.0,0.0
2001-06-25,0.4955699969860779,0.0,0.0
2001-06-26,0.28689266759921184,1.0,0.0
2001-06-27,0.15719471270480082,1.0,1.0
2001-06-28,0.24684311429243558,1.0,1.0
2001-06-29,0.12769663266821324,1.0,1.0
2001-07-02,0.07339400492728557,1.0,1.0
2001-07-03,0.039808950469915505,1.0,1.0
2001-07-05,0.11315754236775431,1.0,1.0
2001-07-06,0.9360211575121385,0.0,0.0
2001-07-09,0.8302143091388406,0.0,0.0
2001-07-10,0.9495172824787224,0.0,0.0
2001-07-11,0.8317186091292383,0.0,0.0
2001-07-12,0.9969470390870476,0.0,0.0
2001-07-13,0.9241321843360276,0.0,0.0
2001-07-16,0.9420929948714236,0.0,0.0
2001-07-17,0.9092663267668796,0.0,0.0
2001-07-18,0.8495241481446425,0.0,0.0
2001-07-19,0.6891541862211265,0.0,0.0
2001-07-20,0.5027847328739755,0.0,0.0
2001-07-23,0.855615507661805,0.0,0.0
2001-07-24,0.979053558906767,0.0,0.0
2001-07-25,0.9703481480885543,0.0,0.0
2001-07-26,0.9495860048194793,0.0,0.0
2001-07-27,0.822508213994132,0.0,0.0
2001-07-30,0.6307294469619156,0.0,0.0
2001-07-31,0.435805980759354,1.0,0.0
2001-08-01,0.3231708431673358,1.0,0.0
2001-08-02,0.17631059068521512,1.0,1.0
2001-08-03,0.11712945508064616,1.0,1.0
2001-08-06,0.21598797822493454,1.0,1.0
2001-08-07,0.1085461734066019,1.0,1.0
2001-08-08,0.5650226271932844,0.0,1.0
2001-08-09,0.35328217804383605,1.0,1.0
2001-08-10,0.20624972662964847,1.0,1.0
2001-08-13,0.10368055357013699,1.0,1.0
2001-08-14,0.05891903486126332,1.0,1.0
2001-08-15,0.058608103926410395,1.0,1.0
2001-08-16,0.031034519827409155,1.0,1.0
2001-08-17,0.2496044302447706,1.0,1.0
2001-08-20,0.16946156103129323,1.0,1.0
2001-08-21,0.32160624814895367,1.0,1.0
2001-08-22,0.22259135339147818,1.0,1.0
2001-08-23,0.12824999554119224,1.0,1.0
2001-08-24,0.5428211739686442,0.0,1.0
2001-08-27,0.3876564761145213,1.0,1.0
2001-08-28,0.7279552314734578,0.0,1.0
2001-08-29,0.7566473626838479,0.0,1.0
2001-08-30,0.9503516168877428,0.0,0.0
2001-08-31,0.8476139953542532,0.0,0.0
2001-09-04,0.6785929578565554,0.0,0.0
2001-09-05,0.49946498020430524,0.0,0.0
2001-09-06,0.9784842275557508,0.0,0.0
2001-09-07,0.9963597571915751,0.0,0.0
2001-09-10,0.9301957517742446,0.0,0.0
2001-09-17,0.9999999999958522,0.0,0.0
2001-09-18,0.9689609331236778,0.0,0.0
2001-09-19,0.992441610814996,0.0,0.0
2001-09-20,0.9999923361340939,0.0,0.0
2001-09-21,0.9987051374828111,0.0,0.0
2001-09-24,0.9999998432968271,0.0,0.0
2001-09-25,0.9533905249736186,0.0,0.0
2001-09-26,0.9036891848909461,0.0,0.0
2001-09-27,0.8871743759907394,0.0,0.0
2001-09-28,0.9951545699773802,0.0,0.0
2001-10-01,0.9414008100425103,0.0,0.0
2001-10-02,0.9301691055795094,0.0,0.0
2001-10-03,0.997123726388716,0.0,0.0
2001-10-04,0.9301550218781482,0.0,0.0
2001-10-05,0.8010620228075395,0.0,0.0
2001-10-08,0.7663455433104465,0.0,0.0
2001-10-09,0.6431819422182332,0.0,0.0
2001-10-10,0.9887203167357285,0.0,0.0
2001-10-11,0.9921352089674035,0.0,0.0
2001-10-12,0.9443700931996579,0.0,0.0
2001-10-15,0.83028207560972,0.0,0.0
2001-10-16,0.7349668241017272,0.0,0.0
2001-10-17,0.987495071586973,0.0,0.0
2001-10-18,0.9491314605062336,0.0,0.0
2001-10-19,0.8576952344951515,0.0,0.0
2001-10-22,0.9327689134718952,0.0,0.0
2001-10-23,0.8533978210330571,0.0,0.0
2001-10-24,0.6769766505681439,0.0,0.0
2001-10-25,0.8104305776271135,0.0,0.0
2001-10-26,0.6363800543351676,0.0,0.0
2001-10-29,0.9949167582253403,0.0,0.0
2001-10-30,0.9969437580039011,0.0,0.0
2001-10-31,0.92730366609954,0.0,0.0
2001-11-01,0.994001169658355,0.0,0.0
2001-11-02,0.9213262680756095,0.0,0.0
2001-11-05,0.9491623190349101,0.0,0.0
2001-11-06,0.9643810690505736,0.0,0.0
2001-11-07,0.8740722938324682,0.0,0.0
2001-11-08,0.7083024172490252,0.0,0.0
2001-11-09,0.4899584518203973,0.0,0.0
2001-11-12,0.2911421190927758,1.0,0.0
2001-11-13,0.7631371261225229,0.0,0.0
2001-11-14,0.5683671106445843,0.0,0.0
2001-11-15,0.3527886483371998,1.0,0.0
2001-11-16,0.20675071876745882,1.0,0.0
2001-11-19,0.2429994443761221,1.0,0.0
2001-11-20,0.23149302962319537,1.0,0.0
2001-11-21,0.15333724438695012,1.0,1.0
2001-11-23,0.1919277500501796,1.0,1.0
2001-11-26,0.130453906421042,1.0,1.0
2001-11-27,0.09394982807950837,1.0,1.0
2001-11-28,0.5811796096183182,0.0,1.0
2001-11-29,0.6138170896718025,0.0,1.0
2001-11-30,0.4055661701773183,1.0,1.0
2001-12-03,0.40806725971103097,1.0,1.0
2001-12-04,0.6092442251726238,0.0,1.0
2001-12-05,0.984114916480544,0.0,0.0
2001-12-06,0.9051944119153557,0.0,0.0
2001-12-07,0.8596022878682122,0.0,0.0
2001-12-10,0.9631961943140321,0.0,0.0
2001-12-11,0.8706619166939977,0.0,0.0
2001-12-12,0.7036173212520237,0.0,0.0
2001-12-13,0.91609948039883,0.0,0.0
2001-12-14,0.7824462537685233,0.0,0.0
2001-12-17,0.7614038441063938,0.0,0.0
2001-12-18,0.6725434120500778,0.0,0.0
2001-12-19,0.4757692417825538,0.0,0.0
2001-12-20,0.5084382526511321,0.0,0.0
2001-12-21,0.34458581690751144,1.0,0.0
2001-12-24,0.18382889145381232,1.0,1.0
2001-12-26,0.10303918363423828,1.0,1.0
2001-12-27,0.06915882287049205,1.0,1.0
2001-12-28,0.03858849590234078,1.0,1.0
2001-12-31,0.07129584715352587,1.0,1.0
2002-01-02,0.04009078870365982,1.0,1.0
2002-01-03,0.04610646893327871,1.0,1.0
2002-01-04,0.034849008663385875,1.0,1.0
2002-01-07,0.03611186033806432,1.0,1.0
2002-01-08,0.023075504346533174,1.0,1.0
2002-01-09,0.020193923319905938,1.0,1.0
2002-01-10,0.013980336076490045,1.0,1.0
2002-01-11,0.026755577332622404,1.0,1.0
2002-01-14,0.03865367504002167,1.0,1.0
2002-01-15,0.02942646011766759,1.0,1.0
2002-01-16,0.2364695542103955,1.0,1.0
2002-01-17,0.24519188945331732,1.0,1.0
2002-01-18,0.34567114764564943,1.0,1.0
2002-01-22,0.33044617615857497,1.0,1.0
2002-01-23,0.2827642499900897,1.0,1.0
2002-01-24,0.15569468116625132,1.0,1.0
2002-01-25,0.07650104248598182,1.0,1.0
2002-01-28,0.03887103323290344,1.0,1.0
2002-01-29,0.9420745894285346,0.0,0.0
2002-01-30,0.914523122152643,0.0,0.0
2002-01-31,0.9364716372286157,0.0,0.0
2002-02-01,0.8908608888742692,0.0,0.0
2002-02-04,0.9988660376195945,0.0,0.0
2002-02-05,0.9423673349586986,0.0,0.0
2002-02-06,0.9206066256791933,0.0,0.0
2002-02-07,0.831529127891233,0.0,0.0
2002-02-08,0.9359198055639969,0.0,0.0
2002-02-11,0.9485943532598707,0.0,0.0
2002-02-12,0.8613350824881932,0.0,0.0
2002-02-13,0.8275258862363206,0.0,0.0
2002-02-14,0.6737473673000224,0.0,0.0
2002-02-15,0.7723383637721035,0.0,0.0
2002-02-19,0.9845560752331062,0.0,0.0
2002-02-20,0.9767674672618697,0.0,0.0
2002-02-21,0.9900627606094577,0.0,0.0
2002-02-22,0.9470127372055182,0.0,0.0
2002-02-25,0.9802661345884851,0.0,0.0
2002-02-26,0.9044501455699006,0.0,0.0
2002-02-27,0.7675015267121693,0.0,0.0
2002-02-28,0.6072935031162949,0.0,0.0
2002-03-01,0.9759005663161849,0.0,0.0
2002-03-04,0.9955152821334791,0.0,0.0
2002-03-05,0.9546826284910485,0.0,0.0
2002-03-06,0.9646642162720431,0.0,0.0
2002-03-07,0.8995293854900956,0.0,0.0
2002-03-08,0.8175528413052618,0.0,0.0
2002-03-11,0.6428732797765473,0.0,0.0
2002-03-12,0.4617511969887753,1.0,0.0
2002-03-13,0.4870247451203156,1.0,0.0
2002-03-14,0.29325719433034386,1.0,0.0
2002-03-15,0.29860573535018026,1.0,0.0
2002-03-18,0.15790493399913094,1.0,1.0
2002-03-19,0.08316238784411388,1.0,1.0
2002-03-20,0.3232081879129462,1.0,1.0
2002-03-21,0.17885138243106916,1.0,1.0
2002-03-22,0.11311927827276576,1.0,1.0
2002-03-25,0.35874832629464654,1.0,1.0
2002-03-26,0.23443314396193501,1.0,1.0
2002-03-27,0.14123478134617393,1.0,1.0
2002-03-28,0.07300415540601493,1.0,1.0
2002-04-01,0.03966183529455157,1.0,1.0
2002-04-02,0.05769860267366744,1.0,1.0
2002-04-03,0.08605986334978129,1.0,1.0
2002-04-04,0.04405747918951885,1.0,1.0
2002-04-05,0.02785817188275348,1.0,1.0
2002-04-08,0.01853747801516126,1.0,1.0
2002-04-09,0.02106761937208589,1.0,1.0
2002-04-10,0.039028095000825595,1.0,1.0
2002-04-11,0.7698962549081518,0.0,1.0
2002-04-12,0.6882183912452784,0.0,1.0
2002-04-15,0.6119506090767501,0.0,1.0
2002-04-16,0.9797185196740094,0.0,0.0
2002-04-17,0.9124457826488649,0.0,0.0
2002-04-18,0.7899954508543814,0.0,0.0
2002-04-19,0.5984142809164736,0.0,0.0
2002-04-22,0.8701788743370226,0.0,0.0
2002-04-23,0.7800503042847294,0.0,0.0
2002-04-24,0.7071257810583599,0.0,0.0
2002-04-25,0.5075279595139127,0.0,0.0
2002-04-26,0.7841738474359526,0.0,0.0
2002-04-29,0.7786820430438159,0.0,0.0
2002-04-30,0.8095231446063121,0.0,0.0
2002-05-01,0.7073160124747033,0.0,0.0
2002-05-02,0.5198720272393748,0.0,0.0
2002-05-03,0.5666159180623236,0.0,0.0
2002-05-06,0.9455307037968964,0.0,0.0
2002-05-07,0.8647864237851823,0.0,0.0
2002-05-08,0.9999931622039457,0.0,0.0
2002-05-09,0.9932856543093903,0.0,0.0
2002-05-10,0.995344922175908,0.0,0.0
2002-05-13,0.9943064417291986,0.0,0.0
2002-05-14,0.9987494833488356,0.0,0.0
2002-05-15,0.9527963197272901,0.0,0.0
2002-05-16,0.8590263483599445,0.0,0.0
2002-05-17,0.7583634916960454,0.0,0.0
2002-05-20,0.8804862021218839,0.0,0.0
2002-05-21,0.9195687865397517,0.0,0.0
2002-05-22,0.8035109895685549,0.0,0.0
2002-05-23,0.7859451709401879,0.0,0.0
2002-05-24,0.8638761206879523,0.0,0.0
2002-05-28,0.8223678625536506,0.0,0.0
2002-05-29,0.7569921782617977,0.0,0.0
2002-05-30,0.5826667359073747,0.0,0.0
2002-05-31,0.3719276115036579,1.0,0.0
2002-06-03,0.9896863017675182,0.0,0.0
2002-06-04,0.9261072970661149,0.0,0.0
2002-06-05,0.8699357307947787,0.0,0.0
2002-06-06,0.9904823760884721,0.0,0.0
2002-06-07,0.9248246842140256,0.0,0.0
2002-06-10,0.8036665615191442,0.0,0.0
2002-06-11,0.9699420516033057,0.0,0.0
2002-06-12,0.9019226123298465,0.0,0.0
2002-06-13,0.9245617064058215,0.0,0.0
2002-06-14,0.8059051081190888,0.0,0.0
2002-06-17,0.9991326044957233,0.0,0.0
2002-06-18,0.942545375679041,0.0,0.0
2002-06-19,0.9876419511244623,0.0,0.0
2002-06-20,0.9882515169767572,0.0,0.0
2002-06-21,0.9926618328856295,0.0,0.0
2002-06-24,0.9296508409912057,0.0,0.0
2002-06-25,0.9881007864211053,0.0,0.0
2002-06-26,0.92896239046758,0.0,0.0
2002-06-27,0.9767753027794914,0.0,0.0
2002-06-28,0.8976299758998106,0.0,0.0
2002-07-01,0.998570693510324,0.0,0.0
2002-07-02,0.9996544295551312,0.0,0.0
2002-07-03,0.9479369046072662,0.0,0.0
2002-07-05,0.9999967718812196,0.0,0.0
2002-07-08,0.9880992028378877,0.0,0.0
2002-07-09,0.9996778009321917,0.0,0.0
2002-07-10,0.999993023372139,0.0,0.0
2002-07-11,0.9535000942782597,0.0,0.0
2002-07-12,0.8961294730597119,0.0,0.0
2002-07-15,0.8007082588403417,0.0,0.0
2002-07-16,0.9442084964326606,0.0,0.0
2002-07-17,0.8673742035965568,0.0,0.0
2002-07-18,0.9997073902400163,0.0,0.0
2002-07-19,0.9999992285483843,0.0,0.0
2002-07-22,0.9999971648710135,0.0,0.0
2002-07-23,0.999982072716578,0.0,0.0
2002-07-24,0.9999999999997478,0.0,0.0
2002-07-25,0.961209058918257,0.0,0.0
2002-07-26,0.974813934039632,0.0,0.0
2002-07-29,0.9999999999993197,0.0,0.0
2002-07-30,0.9488757950338311,0.0,0.0
2002-07-31,0.8777011858580489,0.0,0.0
2002-08-01,0.999700225842797,0.0,0.0
2002-08-02,0.9997783924542816,0.0,0.0
2002-08-05,0.9999989405504128,0.0,0.0
2002-08-06,0.9999781687863102,0.0,0.0
2002-08-07,0.996187983825203,0.0,0.0
2002-08-08,0.9999780676775047,0.0,0.0
2002-08-09,0.9490597742717409,0.0,0.0
2002-08-12,0.8781306871479151,0.0,0.0
2002-08-13,0.9965213941193708,0.0,0.0
2002-08-14,0.9999997106639296,0.0,0.0
2002-08-15,0.9808173086168287,0.0,0.0
2002-08-16,0.9082724954168613,0.0,0.0
2002-08-19,0.9942890428348778,0.0,0.0
2002-08-20,0.9889594109532212,0.0,0.0
2002-08-21,0.9812064828630572,0.0,0.0
2002-08-22,0.9748745883400937,0.0,0.0
2002-08-23,0.9993038531460784,0.0,0.0
2002-08-26,0.9663903468171116,0.0,0.0
2002-08-27,0.9891799386604135,0.0,0.0
2002-08-28,0.9970509191772409,0.0,0.0
2002-08-29,0.9417905151328221,0.0,0.0
2002-08-30,0.8525756760647288,0.0,0.0
2002-09-03,0.9999998797022315,0.0,0.0
2002-09-04,0.9965353992926722,0.0,0.0
2002-09-05,0.9959222763739991,0.0,0.0
2002-09-06,0.9956760832580421,0.0,0.0
2002-09-09,0.9660749765250812,0.0,0.0
2002-09-10,0.9061196693272267,0.0,0.0
2002-09-11,0.7738924101738143,0.0,0.0
2002-09-12,0.9975265098552051,0.0,0.0
2002-09-13,0.945887557190515,0.0,0.0
2002-09-16,0.8419252696657555,0.0,0.0
2002-09-17,0.9884619758210558,0.0,0.0
2002-09-18,0.9419393632144681,0.0,0.0
2002-09-19,0.9999653828475975,0.0,0.0
2002-09-20,0.947733054326598,0.0,0.0
2002-09-23,0.9821565185624087,0.0,0.0
2002-09-24,0.9919862074211503,0.0,0.0
2002-09-25,0.9995087219350425,0.0,0.0
2002-09-26,0.995183655214361,0.0,0.0
2002-09-27,0.9999896399153504,0.0,0.0
2002-09-30,0.9903791323154177,0.0,0.0
2002-10-01,0.9999986833112029,0.0,0.0
2002-10-02,0.999731578358371,0.0,0.0
2002-10-03,0.9864342287663963,0.0,0.0
2002-10-04,0.9994726019034994,0.0,0.0
2002-10-07,0.9990460490966013,0.0,0.0
2002-10-08,0.9913938810144012,0.0,0.0
2002-10-09,0.9999627674081863,0.0,0.0
2002-10-10,0.9999976177757677,0.0,0.0
2002-10-11,0.9999997114178242,0.0,0.0
2002-10-14,0.9643408720948405,0.0,0.0
2002-10-15,0.9999999984924088,0.0,0.0
2002-10-16,0.9998443749226159,0.0,0.0
2002-10-17,0.9995622506663729,0.0,0.0
2002-10-18,0.9529676002749401,0.0,0.0
2002-10-21,0.9813785770893153,0.0,0.0
2002-10-22,0.9750585194992861,0.0,0.0
2002-10-23,0.9279123122865844,0.0,0.0
2002-10-24,0.9744634191511493,0.0,0.0
2002-10-25,0.9885728565759829,0.0,0.0
2002-10-28,0.9644786746748052,0.0,0.0
2002-10-29,0.9444119701807322,0.0,0.0
2002-10-30,0.9192814612191224,0.0,0.0
2002-10-31,0.8307204366070267,0.0,0.0
2002-11-01,0.9554202875949376,0.0,0.0
2002-11-04,0.9034885573628182,0.0,0.0
2002-11-05,0.8087261520367917,0.0,0.0
2002-11-06,0.7693400288252826,0.0,0.0
2002-11-07,0.9948655235763472,0.0,0.0
2002-11-08,0.9750063455847244,0.0,0.0
2002-11-11,0.998643074116899,0.0,0.0
2002-11-12,0.9650620941717701,0.0,0.0
2002-11-13,0.877896754465643,0.0,0.0
2002-11-14,0.9974968436861701,0.0,0.0
2002-11-15,0.9536853289945224,0.0,0.0
2002-11-18,0.9480935078815944,0.0,0.0
2002-11-19,0.8821288661510572,0.0,0.0
2002-11-20,0.9847775607392971,0.0,0.0
2002-11-21,0.9980538284021111,0.0,0.0
2002-11-22,0.9492491101487703,0.0,0.0
2002-11-25,0.8547919377273285,0.0,0.0
2002-11-26,0.9924625570625476,0.0,0.0
2002-11-27,0.9998991794801704,0.0,0.0
2002-11-29,0.9542797237419463,0.0,0.0
2002-12-02,0.861367325329837,0.0,0.0
2002-12-03,0.9656980295960618,0.0,0.0
2002-12-04,0.8997718388375839,0.0,0.0
2002-12-05,0.9252448450642331,0.0,0.0
2002-12-06,0.8381794958503909,0.0,0.0
2002-12-09,0.9970953009821368,0.0,0.0
2002-12-10,0.9880545505434357,0.0,0.0
2002-12-11,0.9227223115819457,0.0,0.0
2002-12-12,0.8194677810496174,0.0,0.0
2002-12-13,0.9289633056363229,0.0,0.0
2002-12-16,0.996056722470297,0.0,0.0
2002-12-17,0.9685514203724988,0.0,0.0
2002-12-18,0.9817002358364887,0.0,0.0
2002-12-19,0.948351852766759,0.0,0.0
2002-12-20,0.9460738739519252,0.0,0.0
2002-12-23,0.843254157058186,0.0,0.0
2002-12-24,0.7459051562316498,0.0,0.0
2002-12-26,0.5611458423244617,0.0,0.0
2002-12-27,0.8631961519161953,0.0,0.0
2002-12-30,0.7122667781318781,0.0,0.0
2002-12-31,0.5015039080653845,0.0,0.0
2003-01-02,0.9995134970120376,0.0,0.0
2003-01-03,0.9485144659930891,0.0,0.0
2003-01-06,0.995837472825838,0.0,0.0
2003-01-07,0.9618639732053931,0.0,0.0
2003-01-08,0.9794142596864112,0.0,0.0
2003-01-09,0.9944612656691223,0.0,0.0
2003-01-10,0.93610548006665,0.0,0.0
2003-01-13,0.8299176651083695,0.0,0.0
2003-01-14,0.6923687914673683,0.0,0.0
2003-01-15,0.856784965417455,0.0,0.0
2003-01-16,0.729591903724832,0.0,0.0
2003-01-17,0.9005269031301382,0.0,0.0
2003-01-21,0.9740689964815814,0.0,0.0
2003-01-22,0.9588023952081919,0.0,0.0
2003-01-23,0.9295235120514584,0.0,0.0
2003-01-24,0.9998917334487136,0.0,0.0
2003-01-27,0.9967514217977032,0.0,0.0
2003-01-28,0.9818338092573975,0.0,0.0
2003-01-29,0.9288154294717563,0.0,0.0
2003-01-30,0.9976613866101003,0.0,0.0
2003-01-31,0.9831629900138745,0.0,0.0
2003-02-03,0.9178037732324648,0.0,0.0
2003-02-04,0.9628772963276389,0.0,0.0
2003-02-05,0.9050314504225768,0.0,0.0
2003-02-06,0.8665982994181948,0.0,0.0
2003-02-07,0.8952907156930393,0.0,0.0
2003-02-10,0.8088851276385326,0.0,0.0
2003-02-11,0.7529237799893144,0.0,0.0
2003-02-12,0.8695909771668108,0.0,0.0
2003-02-13,0.7372356627251246,0.0,0.0
2003-02-14,0.957282188509647,0.0,0.0
2003-02-18,0.994224578649229,0.0,0.0
2003-02-19,0.9680829922373325,0.0,0.0
2003-02-20,0.9474598951921313,0.0,0.0
2003-02-21,0.9557908903165792,0.0,0.0
2003-02-24,0.9942702454514026,0.0,0.0
2003-02-25,0.9585685000147758,0.0,0.0
2003-02-26,0.9716061760900594,0.0,0.0
2003-02-27,0.9596810215136162,0.0,0.0
2003-02-28,0.881582795435703,0.0,0.0
2003-03-03,0.8267338080596844,0.0,0.0
2003-03-04,0.9440310795679092,0.0,0.0
2003-03-05,0.8906315252866224,0.0,0.0
2003-03-06,0.8712623899639493,0.0,0.0
2003-03-07,0.7892174257381958,0.0,0.0
2003-03-10,0.9976027910121875,0.0,0.0
2003-03-11,0.9766363093173779,0.0,0.0
2003-03-12,0.9099058694248795,0.0,0.0
2003-03-13,0.999987607094744,0.0,0.0
2003-03-14,0.9557070268535698,0.0,0.0
2003-03-17,0.9999939078072192,0.0,0.0
2003-03-18,0.9599151510075022,0.0,0.0
2003-03-19,0.9069477011490992,0.0,0.0
2003-03-20,0.7797096509628463,0.0,0.0
2003-03-21,0.9875520023719695,0.0,0.0
2003-03-24,0.9999989119529369,0.0,0.0
2003-03-25,0.9853308183610368,0.0,0.0
2003-03-26,0.9479210752642105,0.0,0.0
2003-03-27,0.8538762016751832,0.0,0.0
2003-03-28,0.7518198324697489,0.0,0.0
2003-03-31,0.9560904039418678,0.0,0.0
2003-04-01,0.9436078773942296,0.0,0.0
2003-04-02,0.9994219941198629,0.0,0.0
2003-04-03,0.9667907709235545,0.0,0.0
2003-04-04,0.8865425176351298,0.0,0.0
2003-04-07,0.7411658966005149,0.0,0.0
2003-04-08,0.5604790662796393,0.0,0.0
2003-04-09,0.7578282367608802,0.0,0.0
2003-04-10,0.5930265746883955,0.0,0.0
2003-04-11,0.4145560537036857,1.0,0.0
2003-04-14,0.8478248453213675,0.0,0.0
2003-04-15,0.7299702262174178,0.0,0.0
2003-04-16,0.8099916432727459,0.0,0.0
2003-04-17,0.914180877378042,0.0,0.0
2003-04-21,0.7945150557538123,0.0,0.0
2003-04-22,0.9820844135779224,0.0,0.0
2003-04-23,0.951800833904001,0.0,0.0
2003-04-24,0.9287354794504613,0.0,0.0
2003-04-25,0.9646922521658884,0.0,0.0
2003-04-28,0.9896468816501313,0.0,0.0
2003-04-29,0.9365825449304567,0.0,0.0
2003-04-30,0.8287706944399486,0.0,0.0
2003-05-01,0.6540860122189955,0.0,0.0
2003-05-02,0.846376663968435,0.0,0.0
2003-05-05,0.6927393453712367,0.0,0.0
2003-05-06,0.5878926170065627,0.0,0.0
2003-05-07,0.4410568361879841,1.0,0.0
2003-05-08,0.5017788824516021,0.0,0.0
2003-05-09,0.6604703597609008,0.0,0.0
2003-05-12,0.7279415050460998,0.0,0.0
2003-05-13,0.5430675453424383,0.0,0.0
2003-05-14,0.35305213683747466,1.0,0.0
2003-05-15,0.25169897718893514,1.0,0.0
2003-05-16,0.14528905731839079,1.0,1.0
2003-05-19,0.942465352885403,0.0,0.0
2003-05-20,0.845297417624124,0.0,0.0
2003-05-21,0.6935473920528009,0.0,0.0
2003-05-22,0.6432507083373847,0.0,0.0
2003-05-23,0.4291182459855984,1.0,0.0
2003-05-27,0.8819675052172669,0.0,0.0
2003-05-28,0.7350237722876466,0.0,0.0
2003-05-29,0.5563349343938884,0.0,0.0
2003-05-30,0.7738946138604932,0.0,0.0
2003-06-02,0.5928564032488683,0.0,0.0
2003-06-03,0.39224297103588485,1.0,0.0
2003-06-04,0.6607545061594056,0.0,0.0
2003-06-05,0.48760827250912675,0.0,0.0
2003-06-06,0.32092594416179865,1.0,0.0
2003-06-09,0.5637889583216347,0.0,0.0
2003-06-10,0.508870608290414,0.0,0.0
2003-06-11,0.6137811581462973,0.0,0.0
2003-06-12,0.39556218826256245,1.0,0.0
2003-06-13,0.4718815684858149,0.0,0.0
2003-06-16,0.9460561488369064,0.0,0.0
2003-06-17,0.8459416648187702,0.0,0.0
2003-06-18,0.6888826029034677,0.0,0.0
2003-06-19,0.9048939889383946,0.0,0.0
2003-06-20,0.7716997210254407,0.0,0.0
2003-06-23,0.9394817487004751,0.0,0.0
2003-06-24,0.8346145587846167,0.0,0.0
2003-06-25,0.7539622741618448,0.0,0.0
2003-06-26,0.7569295162981338,0.0,0.0
2003-06-27,0.7390975001342254,0.0,0.0
2003-06-30,0.5493017897604868,0.0,0.0
2003-07-01,0.4201803976437231,1.0,0.0
2003-07-02,0.5235816309282713,0.0,0.0
2003-07-03,0.4617421364308419,0.0,0.0
2003-07-07,0.8811835990377501,0.0,0.0
2003-07-08,0.7602484267991809,0.0,0.0
2003-07-09,0.6016802499006184,0.0,0.0
2003-07-10,0.8077392872053679,0.0,0.0
2003-07-11,0.751804256831576,0.0,0.0
2003-07-14,0.6339098225913754,0.0,0.0
2003-07-15,0.47491320175940394,0.0,0.0
2003-07-16,0.38723263820886283,1.0,0.0
2003-07-17,0.715966701895974,0.0,0.0
2003-07-18,0.710166241234275,0.0,0.0
2003-07-21,0.8953172783006318,0.0,0.0
2003-07-22,0.8587065223585432,0.0,0.0
2003-07-23,0.6965390219315936,0.0,0.0
2003-07-24,0.6112296968349513,0.0,0.0
2003-07-25,0.801571452446782,0.0,0.0
2003-07-28,0.6150589271577779,0.0,0.0
2003-07-29,0.4997881802874846,0.0,0.0
2003-07-30,0.30947318599282886,1.0,0.0
2003-07-31,0.16627627917990986,1.0,1.0
2003-08-01,0.23711426531146337,1.0,1.0
2003-08-04,0.11839544448668597,1.0,1.0
2003-08-05,0.5654936778205936,0.0,1.0
2003-08-06,0.35084806536197816,1.0,1.0
2003-08-07,0.36644219582788795,1.0,1.0
2003-08-08,0.20906871849016498,1.0,1.0
2003-08-11,0.11544527492236453,1.0,1.0
2003-08-12,0.13088192730200304,1.0,1.0
2003-08-13,0.08888238240562656,1.0,1.0
2003-08-14,0.05638221604564569,1.0,1.0
2003-08-15,0.029441550527742767,1.0,1.0
2003-08-18,0.037810710292072336,1.0,1.0
2003-08-19,0.02320785163524721,1.0,1.0
2003-08-20,0.015421696884906745,1.0,1.0
2003-08-21,0.012587146655639174,1.0,1.0
2003-08-22,0.03515296813806546,1.0,1.0
2003-08-25,0.020258643154611754,1.0,1.0
2003-08-26,0.0137393640887151,1.0,1.0
2003-08-27,0.010509605365905297,1.0,1.0
2003-08-28,0.012587112250700761,1.0,1.0
2003-08-29,0.011785438598346132,1.0,1.0
2003-09-02,0.04450134304419247,1.0,1.0
2003-09-03,0.02650128769742361,1.0,1.0
2003-09-04,0.016248291858889097,1.0,1.0
2003-09-05,0.01846900894509519,1.0,1.0
2003-09-08,0.02941497637345533,1.0,1.0
2003-09-09,0.03585419423176021,1.0,1.0
2003-09-10,0.13532631469342635,1.0,1.0
2003-09-11,0.0844540496847185,1.0,1.0
2003-09-12,0.04304487733483613,1.0,1.0
2003-09-15,0.02822756078872361,1.0,1.0
2003-09-16,0.07576732945654496,1.0,1.0
2003-09-17,0.04320064590091384,1.0,1.0
2003-09-18,0.07569040435913543,1.0,1.0
2003-09-19,0.042360710806160176,1.0,1.0
2003-09-22,0.12952431973041056,1.0,1.0
2003-09-23,0.08311965725146019,1.0,1.0
2003-09-24,0.6321326132346612,0.0,1.0
2003-09-25,0.6133717401840845,0.0,1.0
2003-09-26,0.6073250416280429,0.0,1.0
2003-09-29,0.5774901383002162,0.0,1.0
2003-09-30,0.6262546520244409,0.0,1.0
2003-10-01,0.9734687214918485,0.0,0.0
2003-10-02,0.9141906806010064,0.0,0.0
2003-10-03,0.8968159680132393,0.0,0.0
2003-10-06,0.7925780600727582,0.0,0.0
2003-10-07,0.6459987189141739,0.0,0.0
2003-10-08,0.5146001296722728,1.0,0.0
2003-10-09,0.3539017786257695,1.0,0.0
2003-10-10,0.19787797495720133,1.0,1.0
2003-10-13,0.14977833836583415,1.0,1.0
2003-10-14,0.0819978041910024,1.0,1.0
2003-10-15,0.04960410104324185,1.0,1.0
2003-10-16,0.0279758588773085,1.0,1.0
2003-10-17,0.0629565568518989,1.0,1.0
2003-10-20,0.035302410180968,1.0,1.0
2003-10-21,0.020337540365439215,1.0,1.0
2003-10-22,0.13326469756039525,1.0,1.0
2003-10-23,0.06686848770033275,1.0,1.0
2003-10-24,0.04508741521375576,1.0,1.0
2003-10-27,0.026340511489447275,1.0,1.0
2003-10-28,0.11308538773435606,1.0,1.0
2003-10-29,0.05769757046642438,1.0,1.0
2003-10-30,0.031306239951525934,1.0,1.0
2003-10-31,0.018694123443975513,1.0,1.0
2003-11-03,0.023600203200106404,1.0,1.0
2003-11-04,0.019575690860954134,1.0,1.0
2003-11-05,0.013260608403966466,1.0,1.0
2003-11-06,0.012645141656395232,1.0,1.0
2003-11-07,0.011889655732887807,1.0,1.0
2003-11-10,0.018618275238851165,1.0,1.0
2003-11-11,0.013788205701585971,1.0,1.0
2003-11-12,0.04132293592924663,1.0,1.0
2003-11-13,0.022745619091144444,1.0,1.0
2003-11-14,0.03191834962848677,1.0,1.0
2003-11-17,0.034193631827815464,1.0,1.0
2003-11-18,0.045873344227195405,1.0,1.0
2003-11-19,0.03642854113128129,1.0,1.0
2003-11-20,0.04083600392943842,1.0,1.0
2003-11-21,0.022645430744287626,1.0,1.0
2003-11-24,0.13917425020145546,1.0,1.0
2003-11-25,0.07163678610057007,1.0,1.0
2003-11-26,0.03943322643367274,1.0,1.0
2003-11-28,0.02178715385896163,1.0,1.0
2003-12-01,0.035172124945686584,1.0,1.0
2003-12-02,0.022596574203267855,1.0,1.0
2003-12-03,0.017177132122791552,1.0,1.0
2003-12-04,0.012234542097301593,1.0,1.0
2003-12-05,0.020467720620784766,1.0,1.0
2003-12-08,0.017623060286729945,1.0,1.0
2003-12-09,0.03353925723631593,1.0,1.0
2003-12-10,0.02208161782200769,1.0,1.0
2003-12-11,0.056192760503768834,1.0,1.0
2003-12-12,0.03049992275925218,1.0,1.0
2003-12-15,0.03354507908461308,1.0,1.0
2003-12-16,0.02211760978835647,1.0,1.0
2003-12-17,0.014150035357159698,1.0,1.0
2003-12-18,0.034639855492309565,1.0,1.0
2003-12-19,0.02002619239072286,1.0,1.0
2003-12-22,0.014028338390031207,1.0,1.0
2003-12-23,0.01130796007455124,1.0,1.0
2003-12-24,0.010141264696595131,1.0,1.0
2003-12-26,0.008969357596296785,1.0,1.0
2003-12-29,0.030527064534790233,1.0,1.0
2003-12-30,0.017873637635753625,1.0,1.0
2003-12-31,0.01236693214026865,1.0,1.0
2004-01-02,0.010580578380341397,1.0,1.0
2004-01-05,0.027399128786594347,1.0,1.0
2004-01-06,0.016584138874747602,1.0,1.0
2004-01-07,0.012321537987815377,1.0,1.0
2004-01-08,0.011004204427453729,1.0,1.0
2004-01-09,0.017347231978825556,1.0,1.0
2004-01-12,0.014701970696054126,1.0,1.0
2004-01-13,0.01540418653513813,1.0,1.0
2004-01-14,0.017476244069477093,1.0,1.0
2004-01-15,0.012117031897730713,1.0,1.0
2004-01-16,0.013855410644572571,1.0,1.0
2004-01-20,0.0105383650598859,1.0,1.0
2004-01-21,0.011839315604094961,1.0,1.0
2004-01-22,0.011384326417928017,1.0,1.0
2004-01-23,0.009980257644599085,1.0,1.0
2004-01-26,0.0228349697980535,1.0,1.0
2004-01-27,0.040426997822679646,1.0,1.0
2004-01-28,0.17377108596271848,1.0,1.0
2004-01-29,0.08838376585639426,1.0,1.0
2004-01-30,0.046911458532940035,1.0,1.0
2004-02-02,0.025782099327274044,1.0,1.0
2004-02-03,0.015888949565300365,1.0,1.0
2004-02-04,0.03273168596282886,1.0,1.0
2004-02-05,0.01907819785351662,1.0,1.0
2004-02-06,0.04795104181804458,1.0,1.0
2004-02-09,0.0264263887318691,1.0,1.0
2004-02-10,0.018794294159554588,1.0,1.0
2004-02-11,0.026403352265412395,1.0,1.0
2004-02-12,0.020880663224832674,1.0,1.0
2004-02-13,0.019890005597594736,1.0,1.0
2004-02-17,0.024958491760099833,1.0,1.0
2004-02-18,0.0189215976767079,1.0,1.0
2004-02-19,0.0179543886203463,1.0,1.0
2004-02-20,0.013857313408295041,1.0,1.0
2004-02-23,0.01424097781173648,1.0,1.0
2004-02-24,0.010895384375873743,1.0,1.0
2004-02-25,0.010425579258554156,1.0,1.0
2004-02-26,0.008890503266707256,1.0,1.0
2004-02-27,0.007963434771646414,1.0,1.0
2004-03-01,0.015764402288691193,1.0,1.0
2004-03-02,0.016917182432715797,1.0,1.0
2004-03-03,0.011501845478354956,1.0,1.0
2004-03-04,0.009979520862542748,1.0,1.0
2004-03-05,0.008569783747309845,1.0,1.0
2004-03-08,0.017367534787488093,1.0,1.0
2004-03-09,0.0197023854001176,1.0,1.0
2004-03-10,0.11595155881423615,1.0,1.0
2004-03-11,0.3325702390090017,1.0,1.0
2004-03-12,0.46130653587813547,1.0,1.0
2004-03-15,0.8194195311371804,0.0,1.0
2004-03-16,0.671925928868366,0.0,1.0
2004-03-17,0.7253206409188577,0.0,1.0
2004-03-18,0.5487997421376715,0.0,1.0
2004-03-19,0.6132522994316549,0.0,1.0
2004-03-22,0.847117627579922,0.0,1.0
2004-03-23,0.6997968260212651,0.0,1.0
2004-03-24,0.5297157461883742,1.0,1.0
2004-03-25,0.816819438285107,0.0,1.0
2004-03-26,0.6499728377219246,0.0,1.0
2004-03-29,0.7554546606356766,0.0,1.0
2004-03-30,0.5932000215684777,0.0,1.0
2004-03-31,0.38844808025299876,1.0,1.0
2004-04-01,0.2643836850550831,1.0,1.0
2004-04-02,0.22173575198448947,1.0,1.0
2004-04-05,0.16253403936868177,1.0,1.0
2004-04-06,0.09279568385886547,1.0,1.0
2004-04-07,0.06363711686435933,1.0,1.0
2004-04-08,0.034476933170676426,1.0,1.0
2004-04-12,0.022095098908216763,1.0,1.0
2004-04-13,0.12143614630842893,1.0,1.0
2004-04-14,0.0655462408136891,1.0,1.0
2004-04-15,0.03430624409401623,1.0,1.0
2004-04-16,0.021312767345025425,1.0,1.0
2004-04-19,0.013584747018317758,1.0,1.0
2004-04-20,0.08867194322450954,1.0,1.0
2004-04-21,0.0546316256900135,1.0,1.0
2004-04-22,0.12546198969045028,1.0,1.0
2004-04-23,0.06325074064631654,1.0,1.0
2004-04-26,0.03838634721644776,1.0,1.0
2004-04-27,0.02109514007879422,1.0,1.0
2004-04-28,0.10936473835605,1.0,1.0
2004-04-29,0.1180089469064713,1.0,1.0
2004-04-30,0.09594380282069313,1.0,1.0
2004-05-03,0.07616183481565475,1.0,1.0
2004-05-04,0.03888391011998065,1.0,1.0
2004-05-05,0.021801356995575685,1.0,1.0
2004-05-06,0.028213635064055748,1.0,1.0
2004-05-07,0.13892946214093346,1.0,1.0
2004-05-10,0.30078288517348933,1.0,1.0
2004-05-11,0.2645999710706939,1.0,1.0
2004-05-12,0.1383408516733404,1.0,1.0
2004-05-13,0.07107912137360015,1.0,1.0
2004-05-14,0.038664407041297436,1.0,1.0
2004-05-17,0.07900896332322165,1.0,1.0
2004-05-18,0.057254999728878826,1.0,1.0
2004-05-19,0.03211381747905063,1.0,1.0
2004-05-20,0.018387897294038277,1.0,1.0
2004-05-21,0.013376936912131427,1.0,1.0
2004-05-24,0.0102243595788656,1.0,1.0
2004-05-25,0.06924902554957146,1.0,1.0
2004-05-26,0.0361952089471988,1.0,1.0
2004-05-27,0.02313798606691948,1.0,1.0
2004-05-28,0.014348969670267386,1.0,1.0
2004-06-01,0.010368434928052306,1.0,1.0
2004-06-02,0.00892503348049547,1.0,1.0
2004-06-03,0.01963680291849478,1.0,1.0
2004-06-04,0.015315661439577478,1.0,1.0
2004-06-07,0.06873049929845591,1.0,1.0
2004-06-08,0.035076285817284794,1.0,1.0
2004-06-09,0.06124943703131143,1.0,1.0
2004-06-10,0.033333423706623844,1.0,1.0
2004-06-14,0.06005373435959923,1.0,1.0
2004-06-15,0.0423520522383016,1.0,1.0
2004-06-16,0.022903950684807904,1.0,1.0
2004-06-17,0.014941379045209358,1.0,1.0
2004-06-18,0.010682382329431998,1.0,1.0
2004-06-21,0.011214985254710366,1.0,1.0
2004-06-22,0.00958666647410353,1.0,1.0
2004-06-23,0.014392496343987577,1.0,1.0
2004-06-24,0.01149244498635317,1.0,1.0
2004-06-25,0.010082063609291316,1.0,1.0
2004-06-28,0.009514857196775367,1.0,1.0
2004-06-29,0.008537482545108301,1.0,1.0
2004-06-30,0.008767083070363932,1.0,1.0
2004-07-01,0.026416436384278822,1.0,1.0
2004-07-02,0.01807574335124256,1.0,1.0
2004-07-06,0.030981248428084654,1.0,1.0
2004-07-07,0.017777661424671475,1.0,1.0
2004-07-08,0.032376804163425976,1.0,1.0
2004-07-09,0.019041836892850755,1.0,1.0
2004-07-12,0.01248411742016954,1.0,1.0
2004-07-13,0.009542471644430745,1.0,1.0
2004-07-14,0.009789438042087128,1.0,1.0
2004-07-15,0.009841520326098752,1.0,1.0
2004-07-16,0.012614114057877504,1.0,1.0
2004-07-19,0.010054044740615414,1.0,1.0
2004-07-20,0.013430508324612223,1.0,1.0
2004-07-21,0.09283469032281115,1.0,1.0
2004-07-22,0.0465596020327461,1.0,1.0
2004-07-23,0.07522672474451289,1.0,1.0
2004-07-26,0.047183236111231326,1.0,1.0
2004-07-27,0.058400646076330366,1.0,1.0
2004-07-28,0.03130245012413299,1.0,1.0
2004-07-29,0.023585610630459924,1.0,1.0
2004-07-30,0.014459930715729886,1.0,1.0
2004-08-02,0.011005794618002626,1.0,1.0
2004-08-03,0.01708203036935308,1.0,1.0
2004-08-04,0.012585755653420268,1.0,1.0
2004-08-05,0.1269861866759399,1.0,1.0
2004-08-06,0.47298703523688057,1.0,1.0
2004-08-09,0.21638802755205044,1.0,1.0
2004-08-10,0.3302540443214757,1.0,1.0
2004-08-11,0.20225041794577744,1.0,1.0
2004-08-12,0.3146079072972462,1.0,1.0
2004-08-13,0.1718739511811759,1.0,1.0
2004-08-16,0.2769681275892923,1.0,1.0
2004-08-17,0.1521718232912444,1.0,1.0
2004-08-18,0.22745586605253287,1.0,1.0
2004-08-19,0.14102445911303382,1.0,1.0
2004-08-20,0.1018847225030916,1.0,1.0
2004-08-23,0.05979447812023122,1.0,1.0
2004-08-24,0.03164384845125019,1.0,1.0
2004-08-25,0.028361220155539834,1.0,1.0
2004-08-26,0.017242310742333164,1.0,1.0
2004-08-27,0.012345036822931414,1.0,1.0
2004-08-30,0.020675527364545764,1.0,1.0
2004-08-31,0.01500956121863583,1.0,1.0
2004-09-01,0.011184716383894004,1.0,1.0
2004-09-02,0.02004338394080194,1.0,1.0
2004-09-03,0.016893553142568473,1.0,1.0
2004-09-07,0.01603886154911214,1.0,1.0
2004-09-08,0.014988166344981528,1.0,1.0
2004-09-09,0.011330941267442485,1.0,1.0
2004-09-10,0.010645882890721015,1.0,1.0
2004-09-13,0.009167747875220053,1.0,1.0
2004-09-14,0.008279071921933645,1.0,1.0
2004-09-15,0.012841444422523657,1.0,1.0
2004-09-16,0.010405942371668489,1.0,1.0
2004-09-17,0.009219685569960894,1.0,1.0
2004-09-20,0.011275861479333156,1.0,1.0
2004-09-21,0.011774674524615418,1.0,1.0
2004-09-22,0.05438694529436684,1.0,1.0
2004-09-23,0.034731073064886944,1.0,1.0
2004-09-24,0.019832214739231142,1.0,1.0
2004-09-27,0.022398945371420842,1.0,1.0
2004-09-28,0.017710095009731745,1.0,1.0
2004-09-29,0.013681559118451026,1.0,1.0
2004-09-30,0.010273625630536527,1.0,1.0
2004-10-01,0.0400198922919004,1.0,1.0
2004-10-04,0.02373180993776836,1.0,1.0
2004-10-05,0.01537189132413376,1.0,1.0
2004-10-06,0.014523042135931783,1.0,1.0
2004-10-07,0.03145614820319655,1.0,1.0
2004-10-08,0.03550771230625694,1.0,1.0
2004-10-11,0.020418587665514375,1.0,1.0
2004-10-12,0.01458177250551816,1.0,1.0
2004-10-13,0.019385069455321383,1.0,1.0
2004-10-14,0.030116363494308702,1.0,1.0
2004-10-15,0.01946510153334151,1.0,1.0
2004-10-18,0.014672734138491132,1.0,1.0
2004-10-19,0.02520235112468352,1.0,1.0
2004-10-20,0.015460117801409866,1.0,1.0
2004-10-21,0.011693485111898026,1.0,1.0
2004-10-22,0.02535431666835248,1.0,1.0
2004-10-25,0.015769505295777746,1.0,1.0
2004-10-26,0.03968725247340155,1.0,1.0
2004-10-27,0.07920161820292168,1.0,1.0
2004-10-28,0.04077769600765546,1.0,1.0
2004-10-29,0.02269883498323484,1.0,1.0
2004-11-01,0.014349621040675217,1.0,1.0
2004-11-02,0.010674434673364994,1.0,1.0
2004-11-03,0.022310901563999043,1.0,1.0
2004-11-04,0.06784512334185043,1.0,1.0
2004-11-05,0.038557213992468385,1.0,1.0
2004-11-08,0.02258203868279259,1.0,1.0
2004-11-09,0.014308786694276713,1.0,1.0
2004-11-10,0.010655882010333033,1.0,1.0
2004-11-11,0.014854426597005742,1.0,1.0
2004-11-12,0.016890351297670688,1.0,1.0
2004-11-15,0.011711352485422684,1.0,1.0
2004-11-16,0.015150055639635396,1.0,1.0
2004-11-17,0.013635913475456618,1.0,1.0
2004-11-18,0.010253094593238725,1.0,1.0
2004-11-19,0.02960275505460635,1.0,1.0
2004-11-22,0.021426672297293902,1.0,1.0
2004-11-23,0.013772143654688221,1.0,1.0
2004-11-24,0.011461493861641033,1.0,1.0
2004-11-26,0.00926033022043246,1.0,1.0
2004-11-29,0.008985909099771658,1.0,1.0
2004-11-30,0.009823293361949386,1.0,1.0
2004-12-01,0.039124898331535485,1.0,1.0
2004-12-02,0.02240142938390088,1.0,1.0
2004-12-03,0.014241170020318059,1.0,1.0
2004-12-06,0.011001232517826854,1.0,1.0
2004-12-07,0.03326435122995374,1.0,1.0
2004-12-08,0.02116583083390431,1.0,1.0
2004-12-09,0.014911724053577461,1.0,1.0
2004-12-10,0.01092990353638368,1.0,1.0
2004-12-13,0.014319739428961729,1.0,1.0
2004-12-14,0.011600761873322638,1.0,1.0
2004-12-15,0.009706606114666104,1.0,1.0
2004-12-16,0.009642974810096072,1.0,1.0
2004-12-17,0.012153963676225014,1.0,1.0
2004-12-20,0.00998290022964368,1.0,1.0
2004-12-21,0.014734559614016051,1.0,1.0
2004-12-22,0.011449959318134775,1.0,1.0
2004-12-23,0.009256294153985852,1.0,1.0
2004-12-27,0.010666230748524075,1.0,1.0
2004-12-28,0.013633374457687633,1.0,1.0
2004-12-29,0.010312846877703322,1.0,1.0
2004-12-30,0.00877764119683264,1.0,1.0
2004-12-31,0.008473193295218982,1.0,1.0
2005-01-03,0.02039806130082929,1.0,1.0
2005-01-04,0.06459944019458112,1.0,1.0
2005-01-05,0.04568883463934689,1.0,1.0
2005-01-06,0.025986484624028645,1.0,1.0
2005-01-07,0.01725555878487626,1.0,1.0
2005-01-10,0.012845632651631782,1.0,1.0
2005-01-11,0.016375481286938644,1.0,1.0
2005-01-12,0.012182042574707081,1.0,1.0
2005-01-13,0.017939494020110986,1.0,1.0
2005-01-14,0.015604370698064338,1.0,1.0
2005-01-18,0.02035529902897894,1.0,1.0
2005-01-19,0.03385733287186353,1.0,1.0
2005-01-20,0.0360350201631627,1.0,1.0
2005-01-21,0.029224369403229495,1.0,1.0
2005-01-24,0.02308225284333916,1.0,1.0
2005-01-25,0.015148769513623997,1.0,1.0
2005-01-26,0.013520763341348847,1.0,1.0
2005-01-27,0.01018881420872876,1.0,1.0
2005-01-28,0.009953318198510587,1.0,1.0
2005-01-31,0.01574850933784642,1.0,1.0
2005-02-01,0.014745656355237073,1.0,1.0
2005-02-02,0.011306213078135416,1.0,1.0
2005-02-03,0.010324838561112765,1.0,1.0
2005-02-04,0.020161083702408208,1.0,1.0
2005-02-07,0.012496313997320827,1.0,1.0
2005-02-08,0.009505345162427148,1.0,1.0
2005-02-09,0.021196325059115898,1.0,1.0
2005-02-10,0.014077579660955814,1.0,1.0
2005-02-11,0.014340416401790379,1.0,1.0
2005-02-14,0.010338516099811372,1.0,1.0
2005-02-15,0.008717163441409874,1.0,1.0
2005-02-16,0.007799178723975745,1.0,1.0
2005-02-17,0.013859313296720964,1.0,1.0
2005-02-18,0.010195656780481793,1.0,1.0
2005-02-22,0.05735990108074112,1.0,1.0
2005-02-23,0.034705652140120676,1.0,1.0
2005-02-24,0.02932842264066394,1.0,1.0
2005-02-25,0.03038613325284368,1.0,1.0
2005-02-28,0.026356650584468153,1.0,1.0
2005-03-01,0.01878220558587745,1.0,1.0
2005-03-02,0.012495726899985304,1.0,1.0
2005-03-03,0.009605272204671778,1.0,1.0
2005-03-04,0.013162594466784621,1.0,1.0
2005-03-07,0.00999919345211685,1.0,1.0
2005-03-08,0.011629656795159775,1.0,1.0
2005-03-09,0.02212484535465352,1.0,1.0
2005-03-10,0.013992842005598461,1.0,1.0
2005-03-11,0.014277834664095141,1.0,1.0
2005-03-14,0.012524175929860933,1.0,1.0
2005-03-15,0.015261709855465547,1.0,1.0
2005-03-16,0.02163638100473112,1.0,1.0
2005-03-17,0.013730221495611861,1.0,1.0
2005-03-18,0.010559164013430291,1.0,1.0
2005-03-21,0.010394982560161962,1.0,1.0
2005-03-22,0.019480328938117908,1.0,1.0
2005-03-23,0.013206545268987867,1.0,1.0
2005-03-24,0.009897210066747507,1.0,1.0
2005-03-28,0.008339001774910548,1.0,1.0
2005-03-29,0.015842628715031868,1.0,1.0
2005-03-30,0.03605923247042384,1.0,1.0
2005-03-31,0.020540888339382068,1.0,1.0
2005-04-01,0.02033757173857088,1.0,1.0
2005-04-04,0.01340184418135554,1.0,1.0
2005-04-05,0.010582062325071763,1.0,1.0
2005-04-06,0.008714529505771687,1.0,1.0
2005-04-07,0.009189394911533623,1.0,1.0
2005-04-08,0.017146170562591066,1.0,1.0
2005-04-11,0.011977385620558712,1.0,1.0
2005-04-12,0.010849937629252184,1.0,1.0
2005-04-13,0.03431165116115771,1.0,1.0
2005-04-14,0.05923187115311176,1.0,1.0
2005-04-15,0.2386687120244557,1.0,1.0
2005-04-18,0.1291081231487025,1.0,1.0
2005-04-19,0.0887769759269733,1.0,1.0
2005-04-20,0.20350428527226713,1.0,1.0
2005-04-21,0.5763349715205963,0.0,1.0
2005-04-22,0.547946475351405,0.0,1.0
2005-04-25,0.4786323575632932,1.0,1.0
2005-04-26,0.4673096813565761,1.0,1.0
2005-04-27,0.28852313544702635,1.0,1.0
2005-04-28,0.4172947862407951,1.0,1.0
2005-04-29,0.3898316673664844,1.0,1.0
2005-05-02,0.2481557055641017,1.0,1.0
2005-05-03,0.13390190327350515,1.0,1.0
2005-05-04,0.17748910146857533,1.0,1.0
2005-05-05,0.09764205071961064,1.0,1.0
2005-05-06,0.050680465305978084,1.0,1.0
2005-05-09,0.03289193061991822,1.0,1.0
2005-05-10,0.050702961347092075,1.0,1.0
2005-05-11,0.028863193420033115,1.0,1.0
2005-05-12,0.04506343998772896,1.0,1.0
2005-05-13,0.03258916285563471,1.0,1.0
2005-05-16,0.03580461868224122,1.0,1.0
2005-05-17,0.025496557950881484,1.0,1.0
2005-05-18,0.03544718061423665,1.0,1.0
2005-05-19,0.022138678529285187,1.0,1.0
2005-05-20,0.014525149055965261,1.0,1.0
2005-05-23,0.011285991030477975,1.0,1.0
2005-05-24,0.00897557445136271,1.0,1.0
2005-05-25,0.010008683115945063,1.0,1.0
2005-05-26,0.011412898957870569,1.0,1.0
2005-05-27,0.009042896230630412,1.0,1.0
2005-05-31,0.010507275563821947,1.0,1.0
2005-06-01,0.01398385046175185,1.0,1.0
2005-06-02,0.010309009278350134,1.0,1.0
2005-06-03,0.01366110018470645,1.0,1.0
2005-06-06,0.010034201718813413,1.0,1.0
2005-06-07,0.008513187513717053,1.0,1.0
2005-06-08,0.008666785791725163,1.0,1.0
2005-06-09,0.009299484130103933,1.0,1.0
2005-06-10,0.008721439944716284,1.0,1.0
2005-06-13,0.00797005219046094,1.0,1.0
2005-06-14,0.00771455813770697,1.0,1.0
2005-06-15,0.007407395752682363,1.0,1.0
2005-06-16,0.007923305039509162,1.0,1.0
2005-06-17,0.0078042737411079845,1.0,1.0
2005-06-20,0.007566299142494836,1.0,1.0
2005-06-21,0.007763269877714717,1.0,1.0
2005-06-22,0.007379784375989488,1.0,1.0
2005-06-23,0.021195119699176184,1.0,1.0
2005-06-24,0.022922038996176532,1.0,1.0
2005-06-27,0.014612117834821334,1.0,1.0
2005-06-28,0.020762601765428164,1.0,1.0
2005-06-29,0.013598766798163159,1.0,1.0
2005-06-30,0.01530086767961232,1.0,1.0
2005-07-01,0.011149221760623704,1.0,1.0
2005-07-05,0.014816975465811004,1.0,1.0
2005-07-06,0.018241145579866523,1.0,1.0
2005-07-07,0.012325132498346625,1.0,1.0
2005-07-08,0.023676393022357717,1.0,1.0
2005-07-11,0.018944310580299904,1.0,1.0
2005-07-12,0.012510324863928675,1.0,1.0
2005-07-13,0.009579127146610147,1.0,1.0
2005-07-14,0.008189196557773509,1.0,1.0
2005-07-15,0.0075519741996215965,1.0,1.0
2005-07-18,0.010202544441521381,1.0,1.0
2005-07-19,0.011646577796142926,1.0,1.0
2005-07-20,0.010529287986375785,1.0,1.0
2005-07-21,0.015099167717970418,1.0,1.0
2005-07-22,0.012594650227739522,1.0,1.0
2005-07-25,0.012398330579538649,1.0,1.0
2005-07-26,0.009528877136194085,1.0,1.0
2005-07-27,0.008792862921136643,1.0,1.0
2005-07-28,0.009995766178407183,1.0,1.0
2005-07-29,0.013274167316242064,1.0,1.0
2005-08-01,0.009863962831823355,1.0,1.0
2005-08-02,0.01090160137225167,1.0,1.0
2005-08-03,0.008892687477712264,1.0,1.0
2005-08-04,0.015422568623939792,1.0,1.0
2005-08-05,0.02086058800201465,1.0,1.0
2005-08-08,0.014653084379190244,1.0,1.0
2005-08-09,0.01209058469563443,1.0,1.0
2005-08-10,0.009737012288451904,1.0,1.0
2005-08-11,0.010730355070130615,1.0,1.0
2005-08-12,0.012120773050419684,1.0,1.0
2005-08-15,0.009615293587708254,1.0,1.0
2005-08-16,0.029841686811425717,1.0,1.0
2005-08-17,0.017586345484143603,1.0,1.0
2005-08-18,0.012462829828689771,1.0,1.0
2005-08-19,0.009510812374662595,1.0,1.0
2005-08-22,0.008184658656613171,1.0,1.0
2005-08-23,0.008596223773822735,1.0,1.0
2005-08-24,0.01076726222718061,1.0,1.0
2005-08-25,0.008784344691914546,1.0,1.0
2005-08-26,0.012100786768236093,1.0,1.0
2005-08-29,0.011541834087994179,1.0,1.0
2005-08-30,0.010342585655513289,1.0,1.0
2005-08-31,0.01794189342428381,1.0,1.0
2005-09-01,0.012019859606283574,1.0,1.0
2005-09-02,0.010944341875182284,1.0,1.0
2005-09-06,0.02159152653578343,1.0,1.0
2005-09-07,0.014062017201583083,1.0,1.0
2005-09-08,0.01239677985806668,1.0,1.0
2005-09-09,0.01252971325305218,1.0,1.0
2005-09-12,0.009617070815230546,1.0,1.0
2005-09-13,0.014306645715799133,1.0,1.0
2005-09-14,0.01292876256982277,1.0,1.0
2005-09-15,0.009836762017278131,1.0,1.0
2005-09-16,0.010885327008035158,1.0,1.0
2005-09-19,0.012100432452450774,1.0,1.0
2005-09-20,0.01669963611987581,1.0,1.0
2005-09-21,0.02952254842620257,1.0,1.0
2005-09-22,0.01784292746081153,1.0,1.0
2005-09-23,0.011984134625811247,1.0,1.0
2005-09-26,0.009279781607423748,1.0,1.0
2005-09-27,0.008145702033785032,1.0,1.0
2005-09-28,0.007539595302290242,1.0,1.0
2005-09-29,0.011709036830145366,1.0,1.0
2005-09-30,0.009205800368624804,1.0,1.0
2005-10-03,0.008082493528494005,1.0,1.0
2005-10-04,0.017384932961806984,1.0,1.0
2005-10-05,0.09897076486704859,1.0,1.0
2005-10-06,0.06992387378891726,1.0,1.0
2005-10-07,0.03923462297113115,1.0,1.0
2005-10-10,0.036547813485890875,1.0,1.0
2005-10-11,0.02382136083448957,1.0,1.0
2005-10-12,0.026596901896674973,1.0,1.0
2005-10-13,0.01650795510592491,1.0,1.0
2005-10-14,0.018086045114362945,1.0,1.0
2005-10-17,0.012400868931977421,1.0,1.0
2005-10-18,0.024506652499792773,1.0,1.0
2005-10-19,0.054484583487800387,1.0,1.0
2005-10-20,0.15492871611355183,1.0,1.0
2005-10-21,0.08256347609689646,1.0,1.0
2005-10-24,0.22100271766016527,1.0,1.0
2005-10-25,0.13136658843136084,1.0,1.0
2005-10-26,0.08466663121184236,1.0,1.0
2005-10-27,0.15363793487093622,1.0,1.0
2005-10-28,0.28563584077314375,1.0,1.0
2005-10-31,0.24195576917960795,1.0,1.0
2005-11-01,0.14201330650725555,1.0,1.0
2005-11-02,0.1494967947028915,1.0,1.0
2005-11-03,0.08277760209434522,1.0,1.0
2005-11-04,0.043295923565495734,1.0,1.0
2005-11-07,0.024197322893928726,1.0,1.0
2005-11-08,0.01765916270543653,1.0,1.0
2005-11-09,0.011899352307720637,1.0,1.0
2005-11-10,0.013075367362467689,1.0,1.0
2005-11-11,0.0099607573267135,1.0,1.0
2005-11-14,0.008633380288060464,1.0,1.0
2005-11-15,0.01010793028843805,1.0,1.0
2005-11-16,0.008420816956797358,1.0,1.0
2005-11-17,0.01478840740859658,1.0,1.0
2005-11-18,0.01137979854050418,1.0,1.0
2005-11-21,0.010723330663523014,1.0,1.0
2005-11-22,0.00961323149491276,1.0,1.0
2005-11-23,0.008434813688011559,1.0,1.0
2005-11-25,0.007682908661708618,1.0,1.0
2005-11-28,0.018376598458140266,1.0,1.0
2005-11-29,0.01231034447667464,1.0,1.0
2005-11-30,0.011693016319064099,1.0,1.0
2005-12-01,0.024337160679081052,1.0,1.0
2005-12-02,0.015016859109362188,1.0,1.0
2005-12-05,0.012082101909768859,1.0,1.0
2005-12-06,0.009324659400748775,1.0,1.0
2005-12-07,0.0105187059770074,1.0,1.0
2005-12-08,0.00873666947989014,1.0,1.0
2005-12-09,0.007939221204362626,1.0,1.0
2005-12-12,0.0074313242252247134,1.0,1.0
2005-12-13,0.007792652377815558,1.0,1.0
2005-12-14,0.007651314115880035,1.0,1.0
2005-12-15,0.007954026291714947,1.0,1.0
2005-12-16,0.008374479625917879,1.0,1.0
2005-12-19,0.01283046358376327,1.0,1.0
2005-12-20,0.009791121565035695,1.0,1.0
2005-12-21,0.008598907984844223,1.0,1.0
2005-12-22,0.008409829459402298,1.0,1.0
2005-12-23,0.007650929078905577,1.0,1.0
2005-12-27,0.018044730283475707,1.0,1.0
2005-12-28,0.012118516454047757,1.0,1.0
2005-12-29,0.010395211869799048,1.0,1.0
2005-12-30,0.011254935636651902,1.0,1.0
2006-01-03,0.03628279792222436,1.0,1.0
2006-01-04,0.022444753494918607,1.0,1.0
2006-01-05,0.014166672765633156,1.0,1.0
2006-01-06,0.016773159029482818,1.0,1.0
2006-01-09,0.012481403516496523,1.0,1.0
2006-01-10,0.009533815677189184,1.0,1.0
2006-01-11,0.0083299075766335,1.0,1.0
2006-01-12,0.01164947950550249,1.0,1.0
2006-01-13,0.009141661858442283,1.0,1.0
2006-01-17,0.009672026409407487,1.0,1.0
2006-01-18,0.009615493496452493,1.0,1.0
2006-01-19,0.009907615090258804,1.0,1.0
2006-01-20,0.11479160380848895,1.0,1.0
2006-01-23,0.05929562026083645,1.0,1.0
2006-01-24,0.034204013449087974,1.0,1.0
2006-01-25,0.021311732083146184,1.0,1.0
2006-01-26,0.019171309981702977,1.0,1.0
2006-01-27,0.015801366251071727,1.0,1.0
2006-01-30,0.01103137166975818,1.0,1.0
2006-01-31,0.009541628456527158,1.0,1.0
2006-02-01,0.008166785807835768,1.0,1.0
2006-02-02,0.015492335053196029,1.0,1.0
2006-02-03,0.014449581813149166,1.0,1.0
2006-02-06,0.010411147072457086,1.0,1.0
2006-02-07,0.016860417352795382,1.0,1.0
2006-02-08,0.015384756504079963,1.0,1.0
2006-02-09,0.011434853228591646,1.0,1.0
2006-02-10,0.008926955667285323,1.0,1.0
2006-02-13,0.00978410760335633,1.0,1.0
2006-02-14,0.014190698508793783,1.0,1.0
2006-02-15,0.010837677002783186,1.0,1.0
2006-02-16,0.011435551214180557,1.0,1.0
2006-02-17,0.009378812445837935,1.0,1.0
2006-02-21,0.00940285234318798,1.0,1.0
2006-02-22,0.010380900733308768,1.0,1.0
2006-02-23,0.009414602736232127,1.0,1.0
2006-02-24,0.008019287704958479,1.0,1.0
2006-02-27,0.0077760596631944205,1.0,1.0
2006-02-28,0.019716810601398262,1.0,1.0
2006-03-01,0.019511096118764566,1.0,1.0
2006-03-02,0.013318173040760604,1.0,1.0
2006-03-03,0.01025683658532737,1.0,1.0
2006-03-06,0.013915184728894475,1.0,1.0
2006-03-07,0.012036848509648847,1.0,1.0
2006-03-08,0.009201251592319914,1.0,1.0
2006-03-09,0.01019006215886792,1.0,1.0
2006-03-10,0.010501511138736763,1.0,1.0
2006-03-13,0.008569505601305445,1.0,1.0
2006-03-14,0.013061112589030525,1.0,1.0
2006-03-15,0.010616676506486981,1.0,1.0
2006-03-16,0.008539637870367293,1.0,1.0
2006-03-17,0.007606480323873051,1.0,1.0
2006-03-20,0.007314679791877355,1.0,1.0
2006-03-21,0.010901746479665637,1.0,1.0
2006-03-22,0.010432285581608287,1.0,1.0
2006-03-23,0.008960516199467536,1.0,1.0
2006-03-24,0.007839382180408194,1.0,1.0
2006-03-27,0.007424321919019684,1.0,1.0
2006-03-28,0.010100639555058131,1.0,1.0
2006-03-29,0.012323998102239244,1.0,1.0
2006-03-30,0.009810637807498069,1.0,1.0
2006-03-31,0.008846456400080716,1.0,1.0
2006-04-03,0.007728044972198614,1.0,1.0
2006-04-04,0.008180295314538183,1.0,1.0
2006-04-05,0.007919411990477009,1.0,1.0
2006-04-06,0.0076187315033087325,1.0,1.0
2006-04-07,0.017186279049634694,1.0,1.0
2006-04-10,0.011720606836282151,1.0,1.0
2006-04-11,0.01658466289486058,1.0,1.0
2006-04-12,0.011352686270994047,1.0,1.0
2006-04-13,0.0088801327273228,1.0,1.0
2006-04-17,0.008595357720971,1.0,1.0
2006-04-18,0.0440551042433985,1.0,1.0
2006-04-19,0.024985185915254438,1.0,1.0
2006-04-20,0.015331468040193077,1.0,1.0
2006-04-21,0.011054151907197487,1.0,1.0
2006-04-24,0.009815966923585571,1.0,1.0
2006-04-25,0.010062842081656235,1.0,1.0
2006-04-26,0.008329240210874236,1.0,1.0
2006-04-27,0.007570866539644439,1.0,1.0
2006-04-28,0.0071536766392991885,1.0,1.0
2006-05-01,0.008367627891774601,1.0,1.0
2006-05-02,0.008514235102456384,1.0,1.0
2006-05-03,0.008550087796178992,1.0,1.0
2006-05-04,0.007944609696805657,1.0,1.0
2006-05-05,0.013209682995833257,1.0,1.0
2006-05-08,0.00991321281130739,1.0,1.0
2006-05-09,0.008312248480877747,1.0,1.0
2006-05-10,0.007990620494643079,1.0,1.0
2006-05-11,0.03199639358329304,1.0,1.0
2006-05-12,0.06375876759413014,1.0,1.0
2006-05-15,0.03390144534604206,1.0,1.0
2006-05-16,0.020206694238360166,1.0,1.0
2006-05-17,0.1036168763189878,1.0,1.0
2006-05-18,0.08131032865307172,1.0,1.0
2006-05-19,0.04453582441141322,1.0,1.0
2006-05-22,0.03285845873008025,1.0,1.0
2006-05-23,0.023259904768325325,1.0,1.0
2006-05-24,0.014466731482001978,1.0,1.0
2006-05-25,0.02386913978796128,1.0,1.0
2006-05-26,0.017306326892911738,1.0,1.0
2006-05-30,0.09167868052162421,1.0,1.0
2006-05-31,0.07454076588044645,1.0,1.0
2006-06-01,0.09631177666771687,1.0,1.0
2006-06-02,0.05006570039089057,1.0,1.0
2006-06-05,0.3396358084538445,1.0,1.0
2006-06-06,0.20940639462389704,1.0,1.0
2006-06-07,0.14700092521042388,1.0,1.0
2006-06-08,0.0769045339678946,1.0,1.0
2006-06-09,0.04921778771928267,1.0,1.0
2006-06-12,0.13691828038421497,1.0,1.0
2006-06-13,0.18702587580947802,1.0,1.0
2006-06-14,0.1061125735416489,1.0,1.0
2006-06-15,0.6381438635604798,0.0,1.0
2006-06-16,0.4923312081191373,0.0,1.0
2006-06-19,0.5139162409955284,0.0,1.0
2006-06-20,0.32952533373910403,1.0,1.0
2006-06-21,0.3127714248397189,1.0,1.0
2006-06-22,0.21790601517339536,1.0,1.0
2006-06-23,0.11649046612168419,1.0,1.0
2006-06-26,0.06655000974449932,1.0,1.0
2006-06-27,0.0778078531599436,1.0,1.0
2006-06-28,0.044342607492911024,1.0,1.0
2006-06-29,0.40885769200341393,1.0,1.0
2006-06-30,0.24358435398832295,1.0,1.0
2006-07-03,0.16337580648890346,1.0,1.0
2006-07-05,0.1554435596466212,1.0,1.0
2006-07-06,0.08168776515187431,1.0,1.0
2006-07-07,0.07333509554053068,1.0,1.0
2006-07-10,0.03862223965089541,1.0,1.0
2006-07-11,0.02267368919078017,1.0,1.0
2006-07-12,0.045850024903027836,1.0,1.0
2006-07-13,0.1177734184537643,1.0,1.0
2006-07-14,0.08440314202630081,1.0,1.0
2006-07-17,0.04729705035918304,1.0,1.0
2006-07-18,0.025872879586785563,1.0,1.0
2006-07-19,0.1516430392632756,1.0,1.0
2006-07-20,0.19393789628087435,1.0,1.0
2006-07-21,0.18569720947683527,1.0,1.0
2006-07-24,0.4103151832981968,1.0,1.0
2006-07-25,0.28765496315910943,1.0,1.0
2006-07-26,0.16382282385930969,1.0,1.0
2006-07-27,0.11517222281657497,1.0,1.0
2006-07-28,0.1465636638587847,1.0,1.0
2006-07-31,0.07816235354277473,1.0,1.0
2006-08-01,0.05704822658101953,1.0,1.0
2006-08-02,0.03681008771132461,1.0,1.0
2006-08-03,0.021164704703962093,1.0,1.0
2006-08-04,0.013981377093407224,1.0,1.0
2006-08-07,0.011678427224263578,1.0,1.0
2006-08-08,0.007908314547308294,1.0,1.0
2006-08-09,0.008517041683615922,1.0,1.0
2006-08-10,0.007671588538908735,1.0,1.0
2006-08-11,0.00819390895200353,1.0,1.0
2006-08-14,0.006846376107935927,1.0,1.0
2006-08-15,0.01925589573325753,1.0,1.0
2006-08-16,0.017811843635371,1.0,1.0
2006-08-17,0.011329823445026905,1.0,1.0
2006-08-18,0.008490483892208574,1.0,1.0
2006-08-21,0.008597728450246128,1.0,1.0
2006-08-22,0.007035104446586328,1.0,1.0
2006-08-23,0.008199533471974895,1.0,1.0
2006-08-24,0.0068617555860484986,1.0,1.0
2006-08-25,0.006347877554514644,1.0,1.0
2006-08-28,0.006902690970712716,1.0,1.0
2006-08-29,0.006437452708292019,1.0,1.0
2006-08-30,0.006041429122272021,1.0,1.0
2006-08-31,0.005875668065700831,1.0,1.0
2006-09-01,0.006342111062300616,1.0,1.0
2006-09-05,0.00603794032226569,1.0,1.0
2006-09-06,0.014859040664594059,1.0,1.0
2006-09-07,0.012385348234087133,1.0,1.0
2006-09-08,0.00905998908629161,1.0,1.0
2006-09-11,0.007321366186239623,1.0,1.0
2006-09-12,0.013146719375424963,1.0,1.0
2006-09-13,0.009789664579579183,1.0,1.0
2006-09-14,0.007905856158499617,1.0,1.0
2006-09-15,0.006752377937390987,1.0,1.0
2006-09-18,0.006197709058886604,1.0,1.0
2006-09-19,0.006517028675353461,1.0,1.0
2006-09-20,0.0070763588760672565,1.0,1.0
2006-09-21,0.008573339608985762,1.0,1.0
2006-09-22,0.008247299578354505,1.0,1.0
2006-09-25,0.009776818106555061,1.0,1.0
2006-09-26,0.009502832701392362,1.0,1.0
2006-09-27,0.007451713039915381,1.0,1.0
2006-09-28,0.00650981361737554,1.0,1.0
2006-09-29,0.006811066749185448,1.0,1.0
2006-10-02,0.007391568807252316,1.0,1.0
2006-10-03,0.0064777167047916605,1.0,1.0
2006-10-04,0.014189474464244475,1.0,1.0
2006-10-05,0.010264306715085804,1.0,1.0
2006-10-06,0.008655031369891937,1.0,1.0
2006-10-09,0.007098741228183223,1.0,1.0
2006-10-10,0.006387619296016739,1.0,1.0
2006-10-11,0.006645117374237826,1.0,1.0
2006-10-12,0.010906472459015631,1.0,1.0
2006-10-13,0.008162901221584883,1.0,1.0
2006-10-16,0.00709398667576086,1.0,1.0
2006-10-17,0.007647205834422306,1.0,1.0
2006-10-18,0.006595818692077408,1.0,1.0
2006-10-19,0.006111200669606292,1.0,1.0
2006-10-20,0.005943187868003355,1.0,1.0
2006-10-23,0.006612678430344629,1.0,1.0
2006-10-24,0.006150944959088798,1.0,1.0
2006-10-25,0.0060664739455469985,1.0,1.0
2006-10-26,0.006921854913474162,1.0,1.0
2006-10-27,0.011321055585947057,1.0,1.0
2006-10-30,0.008289820497994364,1.0,1.0
2006-10-31,0.007015746591328771,1.0,1.0
2006-11-01,0.011398583263025315,1.0,1.0
2006-11-02,0.008439383102594712,1.0,1.0
2006-11-03,0.0071530365764018045,1.0,1.0
2006-11-06,0.012655168717879795,1.0,1.0
2006-11-07,0.008990035283840412,1.0,1.0
2006-11-08,0.007369372509583047,1.0,1.0
2006-11-09,0.008607496190304946,1.0,1.0
2006-11-10,0.007158217651244455,1.0,1.0
2006-11-13,0.006480797852890102,1.0,1.0
2006-11-14,0.00760513139407467,1.0,1.0
2006-11-15,0.00684920348208435,1.0,1.0
2006-11-16,0.006240329485029985,1.0,1.0
2006-11-17,0.005967172766920661,1.0,1.0
2006-11-20,0.005917817192751117,1.0,1.0
2006-11-21,0.005805358886887677,1.0,1.0
2006-11-22,0.005849363938309041,1.0,1.0
2006-11-24,0.0064376033560418315,1.0,1.0
2006-11-27,0.030665557823584245,1.0,1.0
2006-11-28,0.01771360778723964,1.0,1.0
2006-11-29,0.017439840471553742,1.0,1.0
2006-11-30,0.01111512390828938,1.0,1.0
2006-12-01,0.009044484686100475,1.0,1.0
2006-12-04,0.011612844867669062,1.0,1.0
2006-12-05,0.008890769820408541,1.0,1.0
2006-12-06,0.007347632713149468,1.0,1.0
2006-12-07,0.007586362641569896,1.0,1.0
2006-12-08,0.00657170686142899,1.0,1.0
2006-12-11,0.006122966801188429,1.0,1.0
2006-12-12,0.006234939327216914,1.0,1.0
2006-12-13,0.005946174513418571,1.0,1.0
2006-12-14,0.007844594684365054,1.0,1.0
2006-12-15,0.006688748483070353,1.0,1.0
2006-12-18,0.007474178735902311,1.0,1.0
2006-12-19,0.006527835454673435,1.0,1.0
2006-12-20,0.006267433631488363,1.0,1.0
2006-12-21,0.006877144973397944,1.0,1.0
2006-12-22,0.007686411337653935,1.0,1.0
2006-12-26,0.00709304576787219,1.0,1.0
2006-12-27,0.008142112351450395,1.0,1.0
2006-12-28,0.007163395636641546,1.0,1.0
2006-12-29,0.00802271264130256,1.0,1.0
2007-01-03,0.006863322969210558,1.0,1.0
2007-01-04,0.006246822757290753,1.0,1.0
2007-01-05,0.009109183140804038,1.0,1.0
2007-01-08,0.007351360882205719,1.0,1.0
2007-01-09,0.006499523736681703,1.0,1.0
2007-01-10,0.006128437356392254,1.0,1.0
2007-01-11,0.007574634157720112,1.0,1.0
2007-01-12,0.007267653038185262,1.0,1.0
2007-01-16,0.006460843067787484,1.0,1.0
2007-01-17,0.006271495737178923,1.0,1.0
2007-01-18,0.0073446199733203195,1.0,1.0
2007-01-19,0.006664563701003111,1.0,1.0
2007-01-22,0.008043758352317836,1.0,1.0
2007-01-23,0.0070819388050521945,1.0,1.0
2007-01-24,0.008696082221645085,1.0,1.0
2007-01-25,0.018472506103296437,1.0,1.0
2007-01-26,0.011782594106945364,1.0,1.0
2007-01-29,0.008532683532136912,1.0,1.0
2007-01-30,0.007754974473832191,1.0,1.0
2007-01-31,0.007937179910297763,1.0,1.0
2007-02-01,0.007787665350382494,1.0,1.0
2007-02-02,0.006664254327101402,1.0,1.0
2007-02-05,0.006331941521440745,1.0,1.0
2007-02-06,0.005990147233687972,1.0,1.0
2007-02-07,0.005875373386136348,1.0,1.0
2007-02-08,0.006041879841464521,1.0,1.0
2007-02-09,0.00939700356683378,1.0,1.0
2007-02-12,0.00851286705162908,1.0,1.0
2007-02-13,0.008893320259070525,1.0,1.0
2007-02-14,0.009114358832426311,1.0,1.0
2007-02-15,0.007323693013760404,1.0,1.0
2007-02-16,0.006548160985876751,1.0,1.0
2007-02-20,0.006521919619276592,1.0,1.0
2007-02-21,0.006285657069858053,1.0,1.0
2007-02-22,0.006131234511465502,1.0,1.0
2007-02-23,0.006647370042856829,1.0,1.0
2007-02-26,0.006547411839090648,1.0,1.0
2007-02-27,0.9418447856091174,0.0,0.0
2007-02-28,0.8626015344320975,0.0,0.0
2007-03-01,0.7384079288574105,0.0,0.0
2007-03-02,0.7939990691234802,0.0,0.0
2007-03-05,0.8074159634464929,0.0,0.0
2007-03-06,0.8754763399114174,0.0,0.0
2007-03-07,0.7542916381898761,0.0,0.0
2007-03-08,0.6222096993963993,0.0,0.0
2007-03-09,0.4250273253392798,0.0,0.0
2007-03-12,0.256449963172556,1.0,0.0
2007-03-13,0.7437771271161493,0.0,0.0
2007-03-14,0.5925343707081238,0.0,0.0
2007-03-15,0.4133314025144453,1.0,0.0
2007-03-16,0.2784902735594595,1.0,0.0
2007-03-19,0.24523546413816033,1.0,0.0
2007-03-20,0.15511838924157054,1.0,1.0
2007-03-21,0.2767219213492724,1.0,1.0
2007-03-22,0.15242102372635422,1.0,1.0
2007-03-23,0.07885826025346138,1.0,1.0
2007-03-26,0.040792498877369944,1.0,1.0
2007-03-27,0.03080345800351216,1.0,1.0
2007-03-28,0.027271231448001927,1.0,1.0
2007-03-29,0.016101577509416064,1.0,1.0
2007-03-30,0.010776461707641152,1.0,1.0
2007-04-02,0.008152343263641096,1.0,1.0
2007-04-03,0.01058570700212051,1.0,1.0
2007-04-04,0.008003643378226068,1.0,1.0
2007-04-05,0.006983807389778682,1.0,1.0
2007-04-09,0.006361524053596307,1.0,1.0
2007-04-10,0.006109962826020103,1.0,1.0
2007-04-11,0.008454978891248905,1.0,1.0
2007-04-12,0.008208073766543169,1.0,1.0
2007-04-13,0.007117714658040424,1.0,1.0
2007-04-16,0.011261368356124813,1.0,1.0
2007-04-17,0.008317616002344663,1.0,1.0
2007-04-18,0.007009625662091418,1.0,1.0
2007-04-19,0.00683279098321609,1.0,1.0
2007-04-20,0.009091280027347232,1.0,1.0
2007-04-23,0.007863971168904827,1.0,1.0
2007-04-24,0.006919297441500494,1.0,1.0
2007-04-25,0.009422301230710476,1.0,1.0
2007-04-26,0.007545826008633485,1.0,1.0
2007-04-27,0.006844293106063571,1.0,1.0
2007-04-30,0.012359928277742202,1.0,1.0
2007-05-01,0.008890326316160246,1.0,1.0
2007-05-02,0.009641876723097222,1.0,1.0
2007-05-03,0.00789351038974848,1.0,1.0
2007-05-04,0.0068438739791171635,1.0,1.0
2007-05-07,0.00629643946291223,1.0,1.0
2007-05-08,0.006248051013261959,1.0,1.0
2007-05-09,0.006223384114829422,1.0,1.0
2007-05-10,0.025776515940673143,1.0,1.0
2007-05-11,0.02333802010527679,1.0,1.0
2007-05-14,0.015322654263773357,1.0,1.0
2007-05-15,0.011162644011905243,1.0,1.0
2007-05-16,0.011330447642082724,1.0,1.0
2007-05-17,0.008582071708221539,1.0,1.0
2007-05-18,0.008552915347157374,1.0,1.0
2007-05-21,0.007225725920848699,1.0,1.0
2007-05-22,0.006459761883847722,1.0,1.0
2007-05-23,0.006432193836553775,1.0,1.0
2007-05-24,0.014551960018026057,1.0,1.0
2007-05-25,0.01110270222655025,1.0,1.0
2007-05-29,0.008316215761884127,1.0,1.0
2007-05-30,0.009134787553586059,1.0,1.0
2007-05-31,0.0073348800397489205,1.0,1.0
2007-06-01,0.0069619668578907315,1.0,1.0
2007-06-04,0.006350965265354797,1.0,1.0
2007-06-05,0.007954001736003734,1.0,1.0
2007-06-06,0.013359576443319766,1.0,1.0
2007-06-07,0.07698861711605695,1.0,1.0
2007-06-08,0.06902639319226282,1.0,1.0
2007-06-11,0.03588733332095559,1.0,1.0
2007-06-12,0.045904462483023996,1.0,1.0
2007-06-13,0.06435947679782052,1.0,1.0
2007-06-14,0.03683026889776004,1.0,1.0
2007-06-15,0.024978778789805985,1.0,1.0
2007-06-18,0.015198990037458768,1.0,1.0
2007-06-19,0.010145707480297923,1.0,1.0
2007-06-20,0.026409368107973268,1.0,1.0
2007-06-21,0.01743396507440664,1.0,1.0
2007-06-22,0.035106064383487144,1.0,1.0
2007-06-25,0.02260619413445684,1.0,1.0
2007-06-26,0.015510443547728067,1.0,1.0
2007-06-27,0.01547651368192623,1.0,1.0
2007-06-28,0.010310652452831739,1.0,1.0
2007-06-29,0.008334122403368144,1.0,1.0
2007-07-02,0.01224173415278825,1.0,1.0
2007-07-03,0.009117657080520852,1.0,1.0
2007-07-05,0.007332721946696094,1.0,1.0
2007-07-06,0.006853618195930218,1.0,1.0
2007-07-09,0.0062822540757500695,1.0,1.0
2007-07-10,0.026384319418308586,1.0,1.0
2007-07-11,0.01732478999256584,1.0,1.0
2007-07-12,0.060216649356491146,1.0,1.0
2007-07-13,0.03204910409538517,1.0,1.0
2007-07-16,0.020122090040399016,1.0,1.0
2007-07-17,0.012482507575561049,1.0,1.0
2007-07-18,0.009589742744289998,1.0,1.0
2007-07-19,0.008074360119053898,1.0,1.0
2007-07-20,0.021696040598899957,1.0,1.0
2007-07-23,0.013688641934561279,1.0,1.0
2007-07-24,0.14678128395026716,1.0,1.0
2007-07-25,0.07741032633888474,1.0,1.0
2007-07-26,0.6629463873754989,0.0,1.0
2007-07-27,0.8215899817019863,0.0,0.0
2007-07-30,0.7497887728877788,0.0,0.0
2007-07-31,0.792356072545772,0.0,0.0
2007-08-01,0.6467114515099108,0.0,0.0
2007-08-02,0.4804330426671092,0.0,0.0
2007-08-03,0.9817159473954332,0.0,0.0
2007-08-06,0.9930464197796357,0.0,0.0
2007-08-07,0.9570903325504433,0.0,0.0
2007-08-08,0.9593691770674192,0.0,0.0
2007-08-09,0.9984237957021626,0.0,0.0
2007-08-10,0.9545267662112924,0.0,0.0
2007-08-13,0.8730350377672441,0.0,0.0
2007-08-14,0.9606532432610012,0.0,0.0
2007-08-15,0.9692949701206334,0.0,0.0
2007-08-16,0.9007787752047619,0.0,0.0
2007-08-17,0.9857483219449517,0.0,0.0
2007-08-20,0.9300232610383752,0.0,0.0
2007-08-21,0.8281680021341645,0.0,0.0
2007-08-22,0.8030125504962604,0.0,0.0
2007-08-23,0.6504937674270515,0.0,0.0
2007-08-24,0.6284350764141122,0.0,0.0
2007-08-27,0.5634878175157463,0.0,0.0
2007-08-28,0.9509303804906635,0.0,0.0
2007-08-29,0.9860027163569917,0.0,0.0
2007-08-30,0.9402730015150356,0.0,0.0
2007-08-31,0.909238172950631,0.0,0.0
2007-09-04,0.863304254936764,0.0,0.0
2007-09-05,0.8476705721339206,0.0,0.0
2007-09-06,0.709263431173574,0.0,0.0
2007-09-07,0.8788065639644689,0.0,0.0
2007-09-10,0.7596935603054973,0.0,0.0
2007-09-11,0.7722432011952887,0.0,0.0
2007-09-12,0.5965288331512405,0.0,0.0
2007-09-13,0.4476323613809898,0.0,0.0
2007-09-14,0.27015091805041547,1.0,0.0
2007-09-17,0.18754291148855393,1.0,0.0
2007-09-18,0.9081556119583697,0.0,0.0
2007-09-19,0.8129553640643277,0.0,0.0
2007-09-20,0.7200872294681078,0.0,0.0
2007-09-21,0.5453445327209032,0.0,0.0
2007-09-24,0.41279323456744255,0.0,0.0
2007-09-25,0.2456957479973232,1.0,0.0
2007-09-26,0.14935594717029396,1.0,1.0
2007-09-27,0.08183626252195728,1.0,1.0
2007-09-28,0.0481101749085595,1.0,1.0
2007-10-01,0.06338748929137085,1.0,1.0
2007-10-02,0.03327087933390267,1.0,1.0
2007-10-03,0.022875553938352836,1.0,1.0
2007-10-04,0.013933321516166223,1.0,1.0
2007-10-05,0.017209808920665596,1.0,1.0
2007-10-08,0.012204772234033746,1.0,1.0
2007-10-09,0.011608658173312063,1.0,1.0
2007-10-10,0.008930249435845302,1.0,1.0
2007-10-11,0.00966149495977639,1.0,1.0
2007-10-12,0.008515585179265414,1.0,1.0
2007-10-15,0.01283387827634034,1.0,1.0
2007-10-16,0.01306100127661757,1.0,1.0
2007-10-17,0.009388477387457876,1.0,1.0
2007-10-18,0.007810251816346087,1.0,1.0
2007-10-19,0.24181228079663433,1.0,1.0
2007-10-22,0.13878145056021113,1.0,1.0
2007-10-23,0.09648322853409563,1.0,1.0
2007-10-24,0.05528325574444991,1.0,1.0
2007-10-25,0.030824719277043753,1.0,1.0
2007-10-26,0.04373759659211327,1.0,1.0
2007-10-29,0.024967632424008235,1.0,1.0
2007-10-30,0.02031355494546394,1.0,1.0
2007-10-31,0.02623332674569422,1.0,1.0
2007-11-01,0.5814871027388563,0.0,1.0
2007-11-02,0.384712973429766,0.0,1.0
2007-11-05,0.2762812084004958,1.0,1.0
2007-11-06,0.2587256187062661,1.0,1.0
2007-11-07,0.9524438110047788,0.0,0.0
2007-11-08,0.8691056665014597,0.0,0.0
2007-11-09,0.91893532465374,0.0,0.0
2007-11-12,0.9062518160933601,0.0,0.0
2007-11-13,0.9963015629308667,0.0,0.0
2007-11-14,0.9632574207582337,0.0,0.0
2007-11-15,0.9591251798394742,0.0,0.0
2007-11-16,0.8844983389113492,0.0,0.0
2007-11-19,0.9632567745294324,0.0,0.0
2007-11-20,0.8898198431907756,0.0,0.0
2007-11-21,0.9398383180761366,0.0,0.0
2007-11-23,0.952739730211757,0.0,0.0
2007-11-26,0.991291614530718,0.0,0.0
2007-11-27,0.9735837554423596,0.0,0.0
2007-11-28,0.9989342867933191,0.0,0.0
2007-11-29,0.9556142049910631,0.0,0.0
2007-11-30,0.8943667576124749,0.0,0.0
2007-12-03,0.8153979846783539,0.0,0.0
2007-12-04,0.7160978693852951,0.0,0.0
2007-12-05,0.7669954644885113,0.0,0.0
2007-12-06,0.8283185619301356,0.0,0.0
2007-12-07,0.6733661408668176,0.0,0.0
2007-12-10,0.5307727141972851,0.0,0.0
2007-12-11,0.9647581946583592,0.0,0.0
2007-12-12,0.8977028849486955,0.0,0.0
2007-12-13,0.7743844106124758,0.0,0.0
2007-12-14,0.841321873367404,0.0,0.0
2007-12-17,0.9224450790467303,0.0,0.0
2007-12-18,0.8406389345923616,0.0,0.0
2007-12-19,0.6923107938775723,0.0,0.0
2007-12-20,0.5399429896871989,0.0,0.0
2007-12-21,0.678026002563755,0.0,0.0
2007-12-24,0.5527999458336229,0.0,0.0
2007-12-26,0.3582022166195082,0.0,0.0
2007-12-27,0.5336396993375312,0.0,0.0
2007-12-28,0.34118495810226707,1.0,0.0
2007-12-31,0.2521991797043089,1.0,0.0
2008-01-02,0.3984870129489836,0.0,0.0
2008-01-03,0.23958209539066586,1.0,0.0
2008-01-04,0.901876084966861,0.0,0.0
2008-01-07,0.7812162596505474,0.0,0.0
2008-01-08,0.9295190359071361,0.0,0.0
2008-01-09,0.8951180377905191,0.0,0.0
2008-01-10,0.8275381348254092,0.0,0.0
2008-01-11,0.8892114467120236,0.0,0.0
2008-01-14,0.8382257221849998,0.0,0.0
2008-01-15,0.9881094759906408,0.0,0.0
2008-01-16,0.9462291972689296,0.0,0.0
2008-01-17,0.9987694281290516,0.0,0.0
2008-01-18,0.9652851429436019,0.0,0.0
2008-01-22,0.9421982393915244,0.0,0.0
2008-01-23,0.9800945655532805,0.0,0.0
2008-01-24,0.9485595015132177,0.0,0.0
2008-01-25,0.9581475214455155,0.0,0.0
2008-01-28,0.9706183171639748,0.0,0.0
2008-01-29,0.9172970956410448,0.0,0.0
2008-01-30,0.8469214432376674,0.0,0.0
2008-01-31,0.9040735934876596,0.0,0.0
2008-02-01,0.9166614891427489,0.0,0.0
2008-02-04,0.8931990349040443,0.0,0.0
2008-02-05,0.9989725875615718,0.0,0.0
2008-02-06,0.9734666747584011,0.0,0.0
2008-02-07,0.9281098430337948,0.0,0.0
2008-02-08,0.8408737642330055,0.0,0.0
2008-02-11,0.7199033234473241,0.0,0.0
2008-02-12,0.57140083847095,0.0,0.0
2008-02-13,0.6292885126357342,0.0,0.0
2008-02-14,0.7207497159980838,0.0,0.0
2008-02-15,0.5415454413776069,0.0,0.0
2008-02-19,0.35933825806341885,0.0,0.0
2008-02-20,0.2620661675451918,1.0,0.0
2008-02-21,0.33557820874687755,0.0,0.0
2008-02-22,0.21659385018531307,1.0,0.0
2008-02-25,0.26887797021324306,1.0,0.0
2008-02-26,0.17843601699023998,1.0,0.0
2008-02-27,0.098673824027428,1.0,1.0
2008-02-28,0.09261042985496533,1.0,1.0
2008-02-29,0.7801790582725873,0.0,0.0
2008-03-03,0.6146921100196882,0.0,0.0
2008-03-04,0.45525363306609923,0.0,0.0
2008-03-05,0.3045021282644025,1.0,0.0
2008-03-06,0.8285324470554596,0.0,0.0
2008-03-07,0.7837289824073472,0.0,0.0
2008-03-10,0.9125635714568883,0.0,0.0
2008-03-11,0.9996681907528608,0.0,0.0
2008-03-12,0.9721484272787628,0.0,0.0
2008-03-13,0.9186635222581926,0.0,0.0
2008-03-14,0.9841003786927297,0.0,0.0
2008-03-17,0.9711907497188783,0.0,0.0
2008-03-18,0.9999839035309798,0.0,0.0
2008-03-19,0.9985952743356608,0.0,0.0
2008-03-20,0.9966669982072521,0.0,0.0
2008-03-24,0.9880804799420975,0.0,0.0
2008-03-25,0.9376478504453499,0.0,0.0
2008-03-26,0.8995392061993662,0.0,0.0
2008-03-27,0.8947605030413347,0.0,0.0
2008-03-28,0.8482199455129933,0.0,0.0
2008-03-31,0.7278707282722184,0.0,0.0
2008-04-01,0.9977277916092887,0.0,0.0
2008-04-02,0.9548780976023189,0.0,0.0
2008-04-03,0.8749817347809132,0.0,0.0
2008-04-04,0.7443091336670912,0.0,0.0
2008-04-07,0.5668005356723663,0.0,0.0
2008-04-08,0.4058306172268459,0.0,0.0
2008-04-09,0.3808958164378222,0.0,0.0
2008-04-10,0.24344852524638472,1.0,0.0
2008-04-11,0.6677133496700136,0.0,0.0
2008-04-14,0.513202042366199,0.0,0.0
2008-04-15,0.3463228841327555,0.0,0.0
2008-04-16,0.7743776405577564,0.0,0.0
2008-04-17,0.6102149076699122,0.0,0.0
2008-04-18,0.738956411296444,0.0,0.0
2008-04-21,0.5713056361754633,0.0,0.0
2008-04-22,0.543868739464329,0.0,0.0
2008-04-23,0.3602403707346424,0.0,0.0
2008-04-24,0.2403612650682413,1.0,0.0
2008-04-25,0.15460053980570612,1.0,0.0
2008-04-28,0.08369242949137724,1.0,1.0
2008-04-29,0.05062365375830108,1.0,1.0
2008-04-30,0.030965468495597243,1.0,1.0
2008-05-01,0.0666544831614567,1.0,1.0
2008-05-02,0.03639287794810782,1.0,1.0
2008-05-05,0.024627944370800074,1.0,1.0
2008-05-06,0.019310526627229763,1.0,1.0
2008-05-07,0.07016547537600865,1.0,1.0
2008-05-08,0.0393778718359112,1.0,1.0
2008-05-09,0.028596220959777423,1.0,1.0
2008-05-12,0.029512281176603157,1.0,1.0
2008-05-13,0.01786378640105508,1.0,1.0
2008-05-14,0.012708673134172007,1.0,1.0
2008-05-15,0.015310506997485459,1.0,1.0
2008-05-16,0.011001689413270066,1.0,1.0
2008-05-19,0.009032292239275576,1.0,1.0
2008-05-20,0.012686441207798223,1.0,1.0
2008-05-21,0.04473771459545383,1.0,1.0
2008-05-22,0.026294139186197107,1.0,1.0
2008-05-23,0.04393700976816248,1.0,1.0
2008-05-27,0.030379141868378097,1.0,1.0
2008-05-28,0.019735346030688397,1.0,1.0
2008-05-29,0.015017542012001008,1.0,1.0
2008-05-30,0.011046950244946264,1.0,1.0
2008-06-02,0.017308666091264337,1.0,1.0
2008-06-03,0.014335213712677675,1.0,1.0
2008-06-04,0.010586648326541704,1.0,1.0
2008-06-05,0.054360852480110446,1.0,1.0
2008-06-06,0.8294975609929941,0.0,0.0
2008-06-09,0.6802927176821155,0.0,0.0
2008-06-10,0.517922761563168,0.0,0.0
2008-06-11,0.73978609528848,0.0,0.0
2008-06-12,0.5664728089775043,0.0,0.0
2008-06-13,0.6603815104450849,0.0,0.0
2008-06-16,0.47165493429852134,0.0,0.0
2008-06-17,0.3494137215339814,0.0,0.0
2008-06-18,0.3273795646212948,1.0,0.0
2008-06-19,0.193102798156471,1.0,0.0
2008-06-20,0.47309757464299074,0.0,0.0
2008-06-23,0.3058252731635982,1.0,0.0
2008-06-24,0.21254367500478727,1.0,0.0
2008-06-25,0.13272550204607675,1.0,1.0
2008-06-26,0.9045640895879044,0.0,0.0
2008-06-27,0.8102582491321686,0.0,0.0
2008-06-30,0.6550997748120844,0.0,0.0
2008-07-01,0.47003934697985844,0.0,0.0
2008-07-02,0.8339341408058476,0.0,0.0
2008-07-03,0.6923494898328143,0.0,0.0
2008-07-07,0.6225377315662867,0.0,0.0
2008-07-08,0.7995804768222432,0.0,0.0
2008-07-09,0.9596286507949171,0.0,0.0
2008-07-10,0.8987938150599227,0.0,0.0
2008-07-11,0.8608045033756986,0.0,0.0
2008-07-14,0.8271396380087188,0.0,0.0
2008-07-15,0.7994324403625869,0.0,0.0
2008-07-16,0.9776939973075005,0.0,0.0
2008-07-17,0.9504064344568142,0.0,0.0
2008-07-18,0.8694522521878753,0.0,0.0
2008-07-21,0.7359591287185208,0.0,0.0
2008-07-22,0.7511017575693056,0.0,0.0
2008-07-23,0.5807311307296938,0.0,0.0
2008-07-24,0.9442268097974948,0.0,0.0
2008-07-25,0.8642756967427055,0.0,0.0
2008-07-28,0.9497499562439337,0.0,0.0
2008-07-29,0.9881793081539143,0.0,0.0
2008-07-30,0.9799353852209488,0.0,0.0
2008-07-31,0.9665499634907698,0.0,0.0
2008-08-01,0.9122090290261702,0.0,0.0
2008-08-04,0.9011185747394803,0.0,0.0
2008-08-05,0.9923850537649928,0.0,0.0
2008-08-06,0.9478834961775592,0.0,0.0
2008-08-07,0.9765710065065653,0.0,0.0
2008-08-08,0.99338898545617,0.0,0.0
2008-08-11,0.9629815307137081,0.0,0.0
2008-08-12,0.9470919056879439,0.0,0.0
2008-08-13,0.8730112201426725,0.0,0.0
2008-08-14,0.774725170752287,0.0,0.0
2008-08-15,0.6217542863762533,0.0,0.0
2008-08-18,0.7434568070567815,0.0,0.0
2008-08-19,0.7239136366949666,0.0,0.0
2008-08-20,0.5741227239965973,0.0,0.0
2008-08-21,0.3925623589952099,0.0,0.0
2008-08-22,0.35509557798058383,0.0,0.0
2008-08-25,0.7112105032940318,0.0,0.0
2008-08-26,0.5424753355009861,0.0,0.0
2008-08-27,0.4373401583178798,0.0,0.0
2008-08-28,0.514766484755287,0.0,0.0
2008-08-29,0.580885654918215,0.0,0.0
2008-09-02,0.4407655169382705,0.0,0.0
2008-09-03,0.2901046283132385,1.0,0.0
2008-09-04,0.963749256781645,0.0,0.0
2008-09-05,0.902232721551481,0.0,0.0
2008-09-08,0.9420534638543757,0.0,0.0
2008-09-09,0.9997842892868865,0.0,0.0
2008-09-10,0.9699022248897469,0.0,0.0
2008-09-11,0.9501000596712231,0.0,0.0
2008-09-12,0.8756442287182477,0.0,0.0
2008-09-15,0.9999950905537149,0.0,0.0
2008-09-16,0.9897503121517406,0.0,0.0
2008-09-17,0.9999995859999161,0.0,0.0
2008-09-18,0.9999978852980471,0.0,0.0
2008-09-19,0.9999962085765682,0.0,0.0
2008-09-22,0.9999940167213512,0.0,0.0
2008-09-23,0.9917120780377987,0.0,0.0
2008-09-24,0.9536301080996873,0.0,0.0
2008-09-25,0.9652989381249425,0.0,0.0
2008-09-26,0.9006188770745445,0.0,0.0
2008-09-29,1.0,0.0,0.0
2008-09-30,0.9999997903492797,0.0,0.0
2008-10-01,0.9703480904068809,0.0,0.0
2008-10-02,0.9999951398894283,0.0,0.0
2008-10-03,0.9904917843316753,0.0,0.0
2008-10-06,0.9999915755195854,0.0,0.0
2008-10-07,0.9999999996219793,0.0,0.0
2008-10-08,0.9871861395938641,0.0,0.0
2008-10-09,0.9999999999999929,0.0,0.0
2008-10-10,0.9805945912713836,0.0,0.0
2008-10-13,1.0,0.0,0.0
2008-10-14,0.9783990027895285,0.0,0.0
2008-10-15,1.0,0.0,0.0
2008-10-16,0.999996964911587,0.0,0.0
2008-10-17,0.9694691597416913,0.0,0.0
2008-10-20,0.9999972279543863,0.0,0.0
2008-10-21,0.999755064869112,0.0,0.0
2008-10-22,0.9999999996169935,0.0,0.0
2008-10-23,0.9651728763780815,0.0,0.0
2008-10-24,0.9997631039254469,0.0,0.0
2008-10-27,0.9999426957041069,0.0,0.0
2008-10-28,1.0,0.0,0.0
2008-10-29,0.9703484268733734,0.0,0.0
2008-10-30,0.9986952800062153,0.0,0.0
2008-10-31,0.992513712233695,0.0,0.0
2008-11-03,0.9511101753922321,0.0,0.0
2008-11-04,0.9997507438199199,0.0,0.0
2008-11-05,0.9999999750831575,0.0,0.0
2008-11-06,0.9999999196432207,0.0,0.0
2008-11-07,0.9986562168161415,0.0,0.0
2008-11-10,0.986836883531268,0.0,0.0
2008-11-11,0.9967720986884839,0.0,0.0
2008-11-12,0.9999999823936675,0.0,0.0
2008-11-13,0.9999999999982574,0.0,0.0
2008-11-14,0.99999870062096,0.0,0.0
2008-11-17,0.9988418816023252,0.0,0.0
2008-11-18,0.9685771216803926,0.0,0.0
2008-11-19,0.9999999999690417,0.0,0.0
2008-11-20,0.9999999999987415,0.0,0.0
2008-11-21,0.9999999998280598,0.0,0.0
2008-11-24,0.9999999999348597,0.0,0.0
2008-11-25,0.9750144951757551,0.0,0.0
2008-11-26,0.9999523761915464,0.0,0.0
2008-11-28,0.9775602649195934,0.0,0.0
2008-12-01,1.0,0.0,0.0
2008-12-02,0.9999863871036672,0.0,0.0
2008-12-03,0.9987248963335069,0.0,0.0
2008-12-04,0.9997013177786669,0.0,0.0
2008-12-05,0.9999680109740037,0.0,0.0
2008-12-08,0.999973031229624,0.0,0.0
2008-12-09,0.998048346610243,0.0,0.0
2008-12-10,0.978631649306227,0.0,0.0
2008-12-11,0.999420540489662,0.0,0.0
2008-12-12,0.9746685479077776,0.0,0.0
2008-12-15,0.9795963716155598,0.0,0.0
2008-12-16,0.9999998891214644,0.0,0.0
2008-12-17,0.973451935065488,0.0,0.0
2008-12-18,0.9881099729089946,0.0,0.0
2008-12-19,0.9437175771923455,0.0,0.0
2008-12-22,0.9809844518854677,0.0,0.0
2008-12-23,0.9569477984164881,0.0,0.0
2008-12-24,0.8938740567104455,0.0,0.0
2008-12-26,0.8043420576009165,0.0,0.0
2008-12-29,0.7051079574033411,0.0,0.0
2008-12-30,0.955274081471666,0.0,0.0
2008-12-31,0.9662076507054511,0.0,0.0
2009-01-02,0.999107710948485,0.0,0.0
2009-01-05,0.9654965810271404,0.0,0.0
2009-01-06,0.9247900323148216,0.0,0.0
2009-01-07,0.9987321631032392,0.0,0.0
2009-01-08,0.9644929172761307,0.0,0.0
2009-01-09,0.9937739630021737,0.0,0.0
2009-01-12,0.9975626658016611,0.0,0.0
2009-01-13,0.9605420648765293,0.0,0.0
2009-01-14,0.9998207113133518,0.0,0.0
2009-01-15,0.9659795450944617,0.0,0.0
2009-01-16,0.9201366436778171,0.0,0.0
2009-01-20,0.9999999628525227,0.0,0.0
2009-01-21,0.9999941326353555,0.0,0.0
2009-01-22,0.9925576619257184,0.0,0.0
2009-01-23,0.9528774954006094,0.0,0.0
2009-01-26,0.8889426080062578,0.0,0.0
2009-01-27,0.8471391466932854,0.0,0.0
2009-01-28,0.9980906281595215,0.0,0.0
2009-01-29,0.999892053491304,0.0,0.0
2009-01-30,0.9976716179482041,0.0,0.0
2009-02-02,0.9602136650593003,0.0,0.0
2009-02-03,0.955480212529824,0.0,0.0
2009-02-04,0.9087207289481533,0.0,0.0
2009-02-05,0.9310469034885047,0.0,0.0
2009-02-06,0.9958106212084133,0.0,0.0
2009-02-09,0.8363273285429885,0.0,0.0
2009-02-10,0.999979882179494,0.0,0.0
2009-02-11,0.9328206238664356,0.0,0.0
2009-02-12,0.7803668201071585,0.0,0.0
2009-02-13,0.6307901232578254,0.0,0.0
2009-02-17,0.9998272924438427,0.0,0.0
2009-02-18,0.9226105834756503,0.0,0.0
2009-02-19,0.8614017251590002,0.0,0.0
2009-02-20,0.7928865659548208,0.0,0.0
2009-02-23,0.997389530476949,0.0,0.0
2009-02-24,0.999935365578835,0.0,0.0
2009-02-25,0.9569495956789635,0.0,0.0
2009-02-26,0.9399225083433463,0.0,0.0
2009-02-27,0.9659014980353554,0.0,0.0
2009-03-02,0.9999966562011408,0.0,0.0
2009-03-03,0.9369981776568327,0.0,0.0
2009-03-04,0.9800699071318526,0.0,0.0
2009-03-05,0.9999726574775721,0.0,0.0
2009-03-06,0.9182207395880344,0.0,0.0
2009-03-09,0.8490998853397559,0.0,0.0
2009-03-10,0.9999999952413076,0.0,0.0
2009-03-11,0.9195833734983475,0.0,0.0
2009-03-12,0.9998746586188166,0.0,0.0
2009-03-13,0.9322145454320417,0.0,0.0
2009-03-16,0.8041405858412017,0.0,0.0
2009-03-17,0.992536822666653,0.0,0.0
2009-03-18,0.9864149588348933,0.0,0.0
2009-03-19,0.9321039571515248,0.0,0.0
2009-03-20,0.9585147178959583,0.0,0.0
2009-03-23,0.9999999999386473,0.0,0.0
2009-03-24,0.9863346294912515,0.0,0.0
2009-03-25,0.9179858048960403,0.0,0.0
2009-03-26,0.9866456696409378,0.0,0.0
2009-03-27,0.984055977407281,0.0,0.0
2009-03-30,0.9996441194051929,0.0,0.0
2009-03-31,0.9575878581996053,0.0,0.0
2009-04-01,0.938841797049031,0.0,0.0
2009-04-02,0.9961420341413391,0.0,0.0
2009-04-03,0.938078541815516,0.0,0.0
2009-04-06,0.8527216519373985,0.0,0.0
2009-04-07,0.9704097877524764,0.0,0.0
2009-04-08,0.9200042869252473,0.0,0.0
2009-04-09,0.9996941185449542,0.0,0.0
2009-04-13,0.9182804402708581,0.0,0.0
2009-04-14,0.9582025875205892,0.0,0.0
2009-04-15,0.8891711669363719,0.0,0.0
2009-04-16,0.8885083368937963,0.0,0.0
2009-04-17,0.7190102950659827,0.0,0.0
2009-04-20,0.9998601872930489,0.0,0.0
2009-04-21,0.9893235270562322,0.0,0.0
2009-04-22,0.9113997987472251,0.0,0.0
2009-04-23,0.7671847463658894,0.0,0.0
2009-04-24,0.8087525301136833,0.0,0.0
2009-04-27,0.6858025864402195,0.0,0.0
2009-04-28,0.4329803823713507,0.0,0.0
2009-04-29,0.7827174403405559,0.0,0.0
2009-04-30,0.5402401843555374,0.0,0.0
2009-05-01,0.3061231257139417,0.0,0.0
2009-05-04,0.9632865773338872,0.0,0.0
2009-05-05,0.8441731964378006,0.0,0.0
2009-05-06,0.8063202948912213,0.0,0.0
2009-05-07,0.7889360247394953,0.0,0.0
2009-05-08,0.9492847189324809,0.0,0.0
2009-05-11,0.9694992882266957,0.0,0.0
2009-05-12,0.8584282225325767,0.0,0.0
2009-05-13,0.9915250444604251,0.0,0.0
2009-05-14,0.9364611715357426,0.0,0.0
2009-05-15,0.8623297262960122,0.0,0.0
2009-05-18,0.9936203938970686,0.0,0.0
2009-05-19,0.9033649109990998,0.0,0.0
2009-05-20,0.7488516614491617,0.0,0.0
2009-05-21,0.8044106037346513,0.0,0.0
2009-05-22,0.5730541625518963,0.0,0.0
2009-05-26,0.9387178329055086,0.0,0.0
2009-05-27,0.9498449059530527,0.0,0.0
2009-05-28,0.9010842370963091,0.0,0.0
2009-05-29,0.851521412055474,0.0,0.0
2009-06-01,0.9801115324031605,0.0,0.0
2009-06-02,0.8753205671936384,0.0,0.0
2009-06-03,0.8481961835298281,0.0,0.0
2009-06-04,0.7543838961650494,0.0,0.0
2009-06-05,0.5104926953925727,0.0,0.0
2009-06-08,0.2749146250764087,0.0,0.0
2009-06-09,0.13042068375376534,0.0,0.0
2009-06-10,0.05755706994895578,1.0,0.0
2009-06-11,0.027611579044255558,1.0,1.0
2009-06-12,0.01250823875115103,1.0,1.0
2009-06-15,0.10365148852175833,1.0,1.0
2009-06-16,0.098910848818983,1.0,1.0
2009-06-17,0.04062343036039794,1.0,1.0
2009-06-18,0.0214487023257029,1.0,1.0
2009-06-19,0.010612746474808196,1.0,1.0
2009-06-22,0.38825339357013977,0.0,1.0
2009-06-23,0.185093785860236,0.0,1.0
2009-06-24,0.09641057848154515,1.0,1.0
2009-06-25,0.25432291926474815,0.0,1.0
2009-06-26,0.11061084699802767,0.0,1.0
2009-06-29,0.05809525160428045,1.0,1.0
2009-06-30,0.03232651240283614,1.0,1.0
2009-07-01,0.01590468758219308,1.0,1.0
2009-07-02,0.33850859003260253,0.0,1.0
2009-07-06,0.1561677277188183,0.0,1.0
2009-07-07,0.304590200274702,0.0,1.0
2009-07-08,0.14041075766349947,0.0,1.0
2009-07-09,0.05971638446434737,1.0,1.0
2009-07-10,0.026603089911628987,1.0,1.0
2009-07-13,0.14540452664798834,0.0,1.0
2009-07-14,0.06747651503391447,1.0,1.0
2009-07-15,0.6071997066641438,0.0,0.0
2009-07-16,0.43374467666896716,0.0,0.0
2009-07-17,0.21516622476967878,0.0,0.0
2009-07-20,0.1542866631176471,0.0,0.0
2009-07-21,0.06532827197166695,1.0,0.0
2009-07-22,0.026868268569190234,1.0,1.0
2009-07-23,0.13072243135644834,0.0,1.0
2009-07-24,0.055881859077402875,1.0,1.0
2009-07-27,0.023752229673863437,1.0,1.0
2009-07-28,0.011434443451237813,1.0,1.0
2009-07-29,0.007439017960612171,1.0,1.0
2009-07-30,0.009698648131907784,1.0,1.0
2009-07-31,0.0059118356304030195,1.0,1.0
2009-08-03,0.014210219674871023,1.0,1.0
2009-08-04,0.0077912546696364835,1.0,1.0
2009-08-05,0.00557112409610421,1.0,1.0
2009-08-06,0.005493224846003036,1.0,1.0
2009-08-07,0.010600934953519893,1.0,1.0
2009-08-10,0.00706270909149612,1.0,1.0
2009-08-11,0.01112580012210491,1.0,1.0
2009-08-12,0.012137796139857987,1.0,1.0
2009-08-13,0.008617472217538232,1.0,1.0
2009-08-14,0.009202696770579714,1.0,1.0
2009-08-17,0.0979491118186062,1.0,1.0
2009-08-18,0.06625908936453288,1.0,1.0
2009-08-19,0.03401405268898758,1.0,1.0
2009-08-20,0.022857552770431305,1.0,1.0
2009-08-21,0.045131944172768265,1.0,1.0
2009-08-24,0.019814903293199262,1.0,1.0
2009-08-25,0.010107595395762128,1.0,1.0
2009-08-26,0.006264520244716035,1.0,1.0
2009-08-27,0.004870893778532609,1.0,1.0
2009-08-28,0.004422168993689016,1.0,1.0
2009-08-31,0.006066212133724453,1.0,1.0
2009-09-01,0.04257495594374842,1.0,1.0
2009-09-02,0.01960286513709328,1.0,1.0
2009-09-03,0.01387513010452738,1.0,1.0
2009-09-04,0.015620645594551924,1.0,1.0
2009-09-08,0.011402406833087781,1.0,1.0
2009-09-09,0.009308876529429515,1.0,1.0
2009-09-10,0.00958745850473001,1.0,1.0
2009-09-11,0.006125687357707759,1.0,1.0
2009-09-14,0.005597653673128943,1.0,1.0
2009-09-15,0.004887951023179493,1.0,1.0
2009-09-16,0.01172453747120789,1.0,1.0
2009-09-17,0.007265664333517232,1.0,1.0
2009-09-18,0.005263180135215967,1.0,1.0
2009-09-21,0.004668705583676135,1.0,1.0
2009-09-22,0.0049895841735115385,1.0,1.0
2009-09-23,0.007229428534747753,1.0,1.0
2009-09-24,0.009136403758005984,1.0,1.0
2009-09-25,0.007346421228634256,1.0,1.0
2009-09-28,0.020075464594247,1.0,1.0
2009-09-29,0.010142300345746837,1.0,1.0
2009-09-30,0.006889253220442718,1.0,1.0
2009-10-01,0.10956907582511743,1.0,1.0
2009-10-02,0.0529466309941228,1.0,1.0
2009-10-05,0.05619821592383634,1.0,1.0
2009-10-06,0.05318731660564444,1.0,1.0
2009-10-07,0.023207611787911298,1.0,1.0
2009-10-08,0.01476733075904157,1.0,1.0
2009-10-09,0.009058493892041658,1.0,1.0
2009-10-12,0.006110918791252793,1.0,1.0
2009-10-13,0.0049189222448479996,1.0,1.0
2009-10-14,0.014741825479075384,1.0,1.0
2009-10-15,0.008307285616555431,1.0,1.0
2009-10-16,0.007794843950009393,1.0,1.0
2009-10-19,0.007688637222349539,1.0,1.0
2009-10-20,0.006992477206458617,1.0,1.0
2009-10-21,0.007527676382476454,1.0,1.0
2009-10-22,0.008142985486365916,1.0,1.0
2009-10-23,0.011716780912580533,1.0,1.0
2009-10-26,0.01372438348557848,1.0,1.0
2009-10-27,0.008848525975853743,1.0,1.0
2009-10-28,0.051447243553306,1.0,1.0
2009-10-29,0.14904097898372845,0.0,1.0
2009-10-30,0.7133155185130031,0.0,0.0
2009-11-02,0.4879901767038855,0.0,0.0
2009-11-03,0.27192995748721294,0.0,0.0
2009-11-04,0.12251099803907077,1.0,0.0
2009-11-05,0.24725045825357392,0.0,0.0
2009-11-06,0.11157482669925124,1.0,0.0
2009-11-09,0.27498292848475125,0.0,0.0
2009-11-10,0.12458333186365038,0.0,0.0
2009-11-11,0.05753767675641878,1.0,0.0
2009-11-12,0.044330414077061904,1.0,1.0
2009-11-13,0.022382360250469743,1.0,1.0
2009-11-16,0.030053315044831667,1.0,1.0
2009-11-17,0.013840165502885218,1.0,1.0
2009-11-18,0.007785779584480228,1.0,1.0
2009-11-19,0.01375930005135528,1.0,1.0
2009-11-20,0.008155956023366703,1.0,1.0
2009-11-23,0.011157262176682604,1.0,1.0
2009-11-24,0.006693123038360058,1.0,1.0
2009-11-25,0.00540240225551974,1.0,1.0
2009-11-27,0.019468828395980377,1.0,1.0
2009-11-30,0.009937304590282374,1.0,1.0
2009-12-01,0.0124917802453351,1.0,1.0
2009-12-02,0.007211205862853302,1.0,1.0
2009-12-03,0.007583946254287011,1.0,1.0
2009-12-04,0.006412575407749316,1.0,1.0
2009-12-07,0.004960847352654282,1.0,1.0
2009-12-08,0.007075559924950719,1.0,1.0
2009-12-09,0.005298247879748791,1.0,1.0
2009-12-10,0.0048781673049679555,1.0,1.0
2009-12-11,0.004602195067417935,1.0,1.0
2009-12-14,0.005334074499216793,1.0,1.0
2009-12-15,0.005052634496580875,1.0,1.0
2009-12-16,0.004398893569834587,1.0,1.0
2009-12-17,0.008101594706228836,1.0,1.0
2009-12-18,0.00653214757333322,1.0,1.0
2009-12-21,0.007507398027744504,1.0,1.0
2009-12-22,0.005628141404140008,1.0,1.0
2009-12-23,0.004806183663304776,1.0,1.0
2009-12-24,0.004678326408319692,1.0,1.0
2009-12-28,0.004231613615904387,1.0,1.0
2009-12-29,0.0041038067860805225,1.0,1.0
2009-12-30,0.004024415376963389,1.0,1.0
2009-12-31,0.006699402024208979,1.0,1.0
2010-01-04,0.016725189211527883,1.0,1.0
2010-01-05,0.008993278632714322,1.0,1.0
2010-01-06,0.005849978835208667,1.0,1.0
2010-01-07,0.004922513029483748,1.0,1.0
2010-01-08,0.004469985028533341,1.0,1.0
2010-01-11,0.0041623274531051874,1.0,1.0
2010-01-12,0.006719843093064528,1.0,1.0
2010-01-13,0.0066459052437257,1.0,1.0
2010-01-14,0.0050374699243325004,1.0,1.0
2010-01-15,0.008113421817649565,1.0,1.0
2010-01-19,0.010642401431707681,1.0,1.0
2010-01-20,0.010517871382978834,1.0,1.0
2010-01-21,0.027545615415453334,1.0,1.0
2010-01-22,0.10434797727668896,1.0,1.0
2010-01-25,0.045514564857287505,1.0,1.0
2010-01-26,0.022189139585658255,1.0,1.0
2010-01-27,0.011954411095910004,1.0,1.0
2010-01-28,0.013901336218184015,1.0,1.0
2010-01-29,0.012382632125304983,1.0,1.0
2010-02-01,0.015907049110626122,1.0,1.0
2010-02-02,0.01539816749178581,1.0,1.0
2010-02-03,0.009433618065767643,1.0,1.0
2010-02-04,0.39551584262630257,0.0,1.0
2010-02-05,0.19798047755540288,0.0,1.0
2010-02-08,0.11490080854192845,1.0,1.0
2010-02-09,0.07485313416306735,1.0,1.0
2010-02-10,0.03210448554629254,1.0,1.0
2010-02-11,0.023919008228707704,1.0,1.0
2010-02-12,0.011291319212690791,1.0,1.0
2010-02-16,0.022771430793753013,1.0,1.0
2010-02-17,0.011729837952046225,1.0,1.0
2010-02-18,0.007574601134966485,1.0,1.0
2010-02-19,0.005111624639914639,1.0,1.0
2010-02-22,0.004086185978433431,1.0,1.0
2010-02-23,0.007715005191399257,1.0,1.0
2010-02-24,0.007161043644487426,1.0,1.0
2010-02-25,0.004910121201487527,1.0,1.0
2010-02-26,0.004000076244472902,1.0,1.0
2010-03-01,0.006551864790719384,1.0,1.0
2010-03-02,0.004759081829147057,1.0,1.0
2010-03-03,0.0039375955890730025,1.0,1.0
2010-03-04,0.0037935478373891302,1.0,1.0
2010-03-05,0.008294041397832084,1.0,1.0
2010-03-08,0.005268377179222162,1.0,1.0
2010-03-09,0.004172663117941368,1.0,1.0
2010-03-10,0.004129853620368974,1.0,1.0
2010-03-11,0.003941537634350268,1.0,1.0
2010-03-12,0.003636257300263283,1.0,1.0
2010-03-15,0.003521427162454461,1.0,1.0
2010-03-16,0.0043923420896190965,1.0,1.0
2010-03-17,0.004278509917961296,1.0,1.0
2010-03-18,0.003793014038129209,1.0,1.0
2010-03-19,0.004338599670834083,1.0,1.0
2010-03-22,0.004476031740984032,1.0,1.0
2010-03-23,0.004909342838958083,1.0,1.0
2010-03-24,0.004819178334102322,1.0,1.0
2010-03-25,0.0041319257112554615,1.0,1.0
2010-03-26,0.003699578645895323,1.0,1.0
2010-03-29,0.004023191230653563,1.0,1.0
2010-03-30,0.003658858924997451,1.0,1.0
2010-03-31,0.003797129147525963,1.0,1.0
2010-04-01,0.004438040780378648,1.0,1.0
2010-04-05,0.0054573600602007746,1.0,1.0
2010-04-06,0.004233343579334242,1.0,1.0
2010-04-07,0.00423720456710994,1.0,1.0
2010-04-08,0.003851538117732649,1.0,1.0
2010-04-09,0.004236344717173807,1.0,1.0
2010-04-12,0.0037918979467464536,1.0,1.0
2010-04-13,0.003572363286872896,1.0,1.0
2010-04-14,0.00652935170708102,1.0,1.0
2010-04-15,0.004607845197808653,1.0,1.0
2010-04-16,0.011735194433161551,1.0,1.0
2010-04-19,0.006720713607488869,1.0,1.0
2010-04-20,0.006334795074975447,1.0,1.0
2010-04-21,0.004552712929552941,1.0,1.0
2010-04-22,0.004035120359427721,1.0,1.0
2010-04-23,0.004414937072394653,1.0,1.0
2010-04-26,0.004218537830876849,1.0,1.0
2010-04-27,0.04577248490457464,1.0,1.0
2010-04-28,0.022092048222524783,1.0,1.0
2010-04-29,0.02179096619742975,1.0,1.0
2010-04-30,0.04084522013924139,1.0,1.0
2010-05-03,0.03740925330957683,1.0,1.0
2010-05-04,0.23353015437296062,0.0,1.0
2010-05-05,0.13339382973036246,0.0,1.0
2010-05-06,0.8908856345839544,0.0,0.0
2010-05-07,0.9150647645544977,0.0,0.0
2010-05-10,0.9999475993332076,0.0,0.0
2010-05-11,0.9371701159671793,0.0,0.0
2010-05-12,0.9247878623647621,0.0,0.0
2010-05-13,0.8661397077864023,0.0,0.0
2010-05-14,0.9205431752349427,0.0,0.0
2010-05-17,0.770534704554364,0.0,0.0
2010-05-18,0.7507438937342679,0.0,0.0
2010-05-19,0.5638987990793329,0.0,0.0
2010-05-20,0.9985439881230637,0.0,0.0
2010-05-21,0.9699495282293391,0.0,0.0
2010-05-24,0.9294473389818846,0.0,0.0
2010-05-25,0.787557296686176,0.0,0.0
2010-05-26,0.5775419609275593,0.0,0.0
2010-05-27,0.9881169593984872,0.0,0.0
2010-05-28,0.9514100520998164,0.0,0.0
2010-06-01,0.9633193718722279,0.0,0.0
2010-06-02,0.9913097252134261,0.0,0.0
2010-06-03,0.9237984978163938,0.0,0.0
2010-06-04,0.9992933384266078,0.0,0.0
2010-06-07,0.9771678532373291,0.0,0.0
2010-06-08,0.9140292785568754,0.0,0.0
2010-06-09,0.7789712742807301,0.0,0.0
2010-06-10,0.9809170750317149,0.0,0.0
2010-06-11,0.9052944811531799,0.0,0.0
2010-06-14,0.7434763684398079,0.0,0.0
2010-06-15,0.9160463141947454,0.0,0.0
2010-06-16,0.7640401578396673,0.0,0.0
2010-06-17,0.5292487528588551,0.0,0.0
2010-06-18,0.29242931232376657,0.0,0.0
2010-06-21,0.14941296007909513,0.0,0.0
2010-06-22,0.19293622933971158,0.0,0.0
2010-06-23,0.0877416627866384,1.0,0.0
2010-06-24,0.12181889121596212,0.0,0.0
2010-06-25,0.05537840823054357,1.0,0.0
2010-06-28,0.02437853167476822,1.0,1.0
2010-06-29,0.5836153291006624,0.0,1.0
2010-06-30,0.45032898702694196,0.0,1.0
2010-07-01,0.24929331897950055,0.0,1.0
2010-07-02,0.12530866386277997,0.0,1.0
2010-07-06,0.05465621276709885,1.0,1.0
2010-07-07,0.6451700553943663,0.0,0.0
2010-07-08,0.4940704606178729,0.0,0.0
2010-07-09,0.3172753223366971,0.0,0.0
2010-07-12,0.15002738836108276,0.0,0.0
2010-07-13,0.20252743164685685,0.0,0.0
2010-07-14,0.0885804935329672,1.0,0.0
2010-07-15,0.03711802566990503,1.0,1.0
2010-07-16,0.4729686519974186,0.0,1.0
2010-07-19,0.2692539366099916,0.0,1.0
2010-07-20,0.20531228328288678,0.0,1.0
2010-07-21,0.18186299656358754,0.0,1.0
2010-07-22,0.48303972232942455,0.0,1.0
2010-07-23,0.3495128352214436,0.0,1.0
2010-07-26,0.2718397924819435,0.0,1.0
2010-07-27,0.12737638937130039,0.0,1.0
2010-07-28,0.07425152547853572,1.0,1.0
2010-07-29,0.0335491812260484,1.0,1.0
2010-07-30,0.014943538240321253,1.0,1.0
2010-08-02,0.047636903223215545,1.0,1.0
2010-08-03,0.023970669406558585,1.0,1.0
2010-08-04,0.013844929878822031,1.0,1.0
2010-08-05,0.007612046420502686,1.0,1.0
2010-08-06,0.005399609286892541,1.0,1.0
2010-08-09,0.004819594413233366,1.0,1.0
2010-08-10,0.005812872726388114,1.0,1.0
2010-08-11,0.17919373403573055,0.0,1.0
2010-08-12,0.0894767609434398,1.0,1.0
2010-08-13,0.04300392961497503,1.0,1.0
2010-08-16,0.01912716087697177,1.0,1.0
2010-08-17,0.01896536230772904,1.0,1.0
2010-08-18,0.009678337960113604,1.0,1.0
2010-08-19,0.024418136145787226,1.0,1.0
2010-08-20,0.012331582701502952,1.0,1.0
2010-08-23,0.008036045980367282,1.0,1.0
2010-08-24,0.015031807180358221,1.0,1.0
2010-08-25,0.008600326552414026,1.0,1.0
2010-08-26,0.007465747095842492,1.0,1.0
2010-08-27,0.019655440247622145,1.0,1.0
2010-08-30,0.029805344849416573,1.0,1.0
2010-08-31,0.013864531810949337,1.0,1.0
2010-09-01,0.2795725037889542,0.0,1.0
2010-09-02,0.17705023210302145,0.0,1.0
2010-09-03,0.14894713834998846,1.0,1.0
2010-09-07,0.12575012351667617,1.0,1.0
2010-09-08,0.06250211848002281,1.0,1.0
2010-09-09,0.0287592453398649,1.0,1.0
2010-09-10,0.014343754113926466,1.0,1.0
2010-09-13,0.015165326495694829,1.0,1.0
2010-09-14,0.008156529024121627,1.0,1.0
2010-09-15,0.005603843855618488,1.0,1.0
2010-09-16,0.004439860681078767,1.0,1.0
2010-09-17,0.003972801197625942,1.0,1.0
2010-09-20,0.010625489940733968,1.0,1.0
2010-09-21,0.006737011390197373,1.0,1.0
2010-09-22,0.005613644573890789,1.0,1.0
2010-09-23,0.006010038119582342,1.0,1.0
2010-09-24,0.03248774670030487,1.0,1.0
2010-09-27,0.016772635860054706,1.0,1.0
2010-09-28,0.009771105891602246,1.0,1.0
2010-09-29,0.006155221787876747,1.0,1.0
2010-09-30,0.004831987706952106,1.0,1.0
2010-10-01,0.0043616164161581344,1.0,1.0
2010-10-04,0.005789265257567064,1.0,1.0
2010-10-05,0.027662882691373465,1.0,1.0
2010-10-06,0.013168389354030672,1.0,1.0
2010-10-07,0.007486882753331961,1.0,1.0
2010-10-08,0.006275419098670234,1.0,1.0
2010-10-11,0.004665757093108645,1.0,1.0
2010-10-12,0.004241768849048814,1.0,1.0
2010-10-13,0.004867688542994363,1.0,1.0
2010-10-14,0.004490417495100807,1.0,1.0
2010-10-15,0.004003165522859072,1.0,1.0
2010-10-18,0.004507430559109552,1.0,1.0
2010-10-19,0.014719296985713119,1.0,1.0
2010-10-20,0.012240057828676114,1.0,1.0
2010-10-21,0.006975726796691714,1.0,1.0
2010-10-22,0.0050485636944037175,1.0,1.0
2010-10-25,0.00430799216357376,1.0,1.0
2010-10-26,0.003911451146444076,1.0,1.0
2010-10-27,0.003908663157485946,1.0,1.0
2010-10-28,0.003755802838677894,1.0,1.0
2010-10-29,0.003696692453457024,1.0,1.0
2010-11-01,0.003682091707787984,1.0,1.0
2010-11-02,0.00499033352006203,1.0,1.0
2010-11-03,0.0043601143859417005,1.0,1.0
2010-11-04,0.018263005515114585,1.0,1.0
2010-11-05,0.009817335384981703,1.0,1.0
2010-11-08,0.006118112668306289,1.0,1.0
2010-11-09,0.006274043408593478,1.0,1.0
2010-11-10,0.005134530839134255,1.0,1.0
2010-11-11,0.004550825314648068,1.0,1.0
2010-11-12,0.008885446869972766,1.0,1.0
2010-11-15,0.005727937059299062,1.0,1.0
2010-11-16,0.014205687769202382,1.0,1.0
2010-11-17,0.007731543931225796,1.0,1.0
2010-11-18,0.014268498073431068,1.0,1.0
2010-11-19,0.007967609848020913,1.0,1.0
2010-11-22,0.0053321445704577536,1.0,1.0
2010-11-23,0.010651904263561983,1.0,1.0
2010-11-24,0.017777206247503285,1.0,1.0
2010-11-26,0.01151133775984946,1.0,1.0
2010-11-29,0.006793937527637554,1.0,1.0
2010-11-30,0.005889404380614319,1.0,1.0
2010-12-01,0.028388954266501697,1.0,1.0
2010-12-02,0.023956930212210972,1.0,1.0
2010-12-03,0.011967135190731374,1.0,1.0
2010-12-06,0.006887806942112639,1.0,1.0
2010-12-07,0.00490379690503824,1.0,1.0
2010-12-08,0.004260291106261179,1.0,1.0
2010-12-09,0.004115523021114115,1.0,1.0
2010-12-10,0.004509578414045757,1.0,1.0
2010-12-13,0.0040209519778527806,1.0,1.0
2010-12-14,0.003799693267886983,1.0,1.0
2010-12-15,0.004241960447562568,1.0,1.0
2010-12-16,0.004641991564006295,1.0,1.0
2010-12-17,0.004050700046979319,1.0,1.0
2010-12-20,0.003857480162710811,1.0,1.0
2010-12-21,0.004416836299690572,1.0,1.0
2010-12-22,0.004041758088817691,1.0,1.0
2010-12-23,0.0038888509227562634,1.0,1.0
2010-12-27,0.0037481981815007427,1.0,1.0
2010-12-28,0.0036997476674518605,1.0,1.0
2010-12-29,0.0036941059360604506,1.0,1.0
2010-12-30,0.003720427695210778,1.0,1.0
2010-12-31,0.0037252263792143525,1.0,1.0
2011-01-03,0.006369330753487747,1.0,1.0
2011-01-04,0.00491817733581155,1.0,1.0
2011-01-05,0.004703677961390639,1.0,1.0
2011-01-06,0.0041406631563066475,1.0,1.0
2011-01-07,0.003970224297395579,1.0,1.0
2011-01-10,0.0037898257583909322,1.0,1.0
2011-01-11,0.0038892592727002083,1.0,1.0
2011-01-12,0.004989341632017796,1.0,1.0
2011-01-13,0.004277926290025198,1.0,1.0
2011-01-14,0.00463273206586474,1.0,1.0
2011-01-18,0.004058162105519326,1.0,1.0
2011-01-19,0.007991748577763465,1.0,1.0
2011-01-20,0.005621334835112465,1.0,1.0
2011-01-21,0.004417763575753324,1.0,1.0
2011-01-24,0.004621480119693073,1.0,1.0
2011-01-25,0.004031931495229761,1.0,1.0
2011-01-26,0.004317453400417609,1.0,1.0
2011-01-27,0.003987421756557296,1.0,1.0
2011-01-28,0.019523956010205415,1.0,1.0
2011-01-31,0.011838932482167237,1.0,1.0
2011-02-01,0.02345700480260744,1.0,1.0
2011-02-02,0.011865945452072679,1.0,1.0
2011-02-03,0.006942090760294536,1.0,1.0
2011-02-04,0.005035309939173817,1.0,1.0
2011-02-07,0.005005979060393317,1.0,1.0
2011-02-08,0.004761157512180289,1.0,1.0
2011-02-09,0.0044646200534975726,1.0,1.0
2011-02-10,0.004084716113200154,1.0,1.0
2011-02-11,0.004654871970908875,1.0,1.0
2011-02-14,0.004258295943770005,1.0,1.0
2011-02-15,0.004374561999171073,1.0,1.0
2011-02-16,0.004811032236594288,1.0,1.0
2011-02-17,0.004394474486556592,1.0,1.0
2011-02-18,0.004058174487349181,1.0,1.0
2011-02-22,0.03863239814160425,1.0,1.0
2011-02-23,0.023727947915716037,1.0,1.0
2011-02-24,0.011444432097534905,1.0,1.0
2011-02-25,0.012343838633050476,1.0,1.0
2011-02-28,0.007491578048084106,1.0,1.0
2011-03-01,0.017735047249939198,1.0,1.0
2011-03-02,0.009330143592653035,1.0,1.0
2011-03-03,0.021772378426706356,1.0,1.0
2011-03-04,0.01362237497032752,1.0,1.0
2011-03-07,0.012141310318940671,1.0,1.0
2011-03-08,0.01015756565172088,1.0,1.0
2011-03-09,0.006406401685700511,1.0,1.0
2011-03-10,0.02890269728504489,1.0,1.0
2011-03-11,0.016058672291928606,1.0,1.0
2011-03-14,0.010298850072830821,1.0,1.0
2011-03-15,0.011033107397126443,1.0,1.0
2011-03-16,0.029840277573620063,1.0,1.0
2011-03-17,0.022826024687952876,1.0,1.0
2011-03-18,0.012047607418431234,1.0,1.0
2011-03-21,0.019688921646621112,1.0,1.0
2011-03-22,0.010637292501800129,1.0,1.0
2011-03-23,0.006600327466843267,1.0,1.0
2011-03-24,0.007047262483108852,1.0,1.0
2011-03-25,0.005341118099193025,1.0,1.0
2011-03-28,0.004765884553901789,1.0,1.0
2011-03-29,0.005134729376713337,1.0,1.0
2011-03-30,0.005511234176470736,1.0,1.0
2011-03-31,0.004535600201283774,1.0,1.0
2011-04-01,0.004515634671081807,1.0,1.0
2011-04-04,0.004099288530751164,1.0,1.0
2011-04-05,0.003941158241834957,1.0,1.0
2011-04-06,0.003914348694875564,1.0,1.0
2011-04-07,0.003994570193174711,1.0,1.0
2011-04-08,0.004439779663343752,1.0,1.0
2011-04-11,0.004467691384526737,1.0,1.0
2011-04-12,0.005912917131432243,1.0,1.0
2011-04-13,0.004631016693988775,1.0,1.0
2011-04-14,0.004148958584697113,1.0,1.0
2011-04-15,0.004224590311174116,1.0,1.0
2011-04-18,0.007787160365478736,1.0,1.0
2011-04-19,0.005844857282476184,1.0,1.0
2011-04-20,0.01116500976325152,1.0,1.0
2011-04-21,0.007407399681273925,1.0,1.0
2011-04-25,0.0053006113660019165,1.0,1.0
2011-04-26,0.006000598589945014,1.0,1.0
2011-04-27,0.005480896922763392,1.0,1.0
2011-04-28,0.004599360332958243,1.0,1.0
2011-04-29,0.00422782035705095,1.0,1.0
2011-05-02,0.00420861551920297,1.0,1.0
2011-05-03,0.004600082828980939,1.0,1.0
2011-05-04,0.005538435308305909,1.0,1.0
2011-05-05,0.00639379777550646,1.0,1.0
2011-05-06,0.005148040612477067,1.0,1.0
2011-05-09,0.0048320982074361845,1.0,1.0
2011-05-10,0.0056328131235679185,1.0,1.0
2011-05-11,0.008272056669704259,1.0,1.0
2011-05-12,0.006071191287609281,1.0,1.0
2011-05-13,0.007021621736308436,1.0,1.0
2011-05-16,0.006917847098317562,1.0,1.0
2011-05-17,0.00507543594883535,1.0,1.0
2011-05-18,0.006539136805397285,1.0,1.0
2011-05-19,0.004918454830121133,1.0,1.0
2011-05-20,0.005658352992817331,1.0,1.0
2011-05-23,0.010403775736841363,1.0,1.0
2011-05-24,0.006462327891056043,1.0,1.0
2011-05-25,0.005175818300367803,1.0,1.0
2011-05-26,0.004781707285670389,1.0,1.0
2011-05-27,0.004562426348923311,1.0,1.0
2011-05-31,0.006356357908883301,1.0,1.0
2011-06-01,0.06204813320622043,1.0,1.0
2011-06-02,0.02692706724520103,1.0,1.0
2011-06-03,0.023289174704154845,1.0,1.0
2011-06-06,0.022590867111724887,1.0,1.0
2011-06-07,0.011065884662776363,1.0,1.0
2011-06-08,0.007764160148286121,1.0,1.0
2011-06-09,0.0066043242293073404,1.0,1.0
2011-06-10,0.012410631841965985,1.0,1.0
2011-06-13,0.007104223137396472,1.0,1.0
2011-06-14,0.010901438676137796,1.0,1.0
2011-06-15,0.026901613174026798,1.0,1.0
2011-06-16,0.01269718579447467,1.0,1.0
2011-06-17,0.0073201479312580055,1.0,1.0
2011-06-20,0.005827216152151811,1.0,1.0
2011-06-21,0.012046769781217688,1.0,1.0
2011-06-22,0.00859639125630634,1.0,1.0
2011-06-23,0.005750217083088702,1.0,1.0
2011-06-24,0.00853118432713126,1.0,1.0
2011-06-27,0.007668720339374861,1.0,1.0
2011-06-28,0.011358163350407883,1.0,1.0
2011-06-29,0.008400831968712169,1.0,1.0
2011-06-30,0.00823142989409205,1.0,1.0
2011-07-01,0.01317615609398332,1.0,1.0
2011-07-05,0.007446783287420387,1.0,1.0
2011-07-06,0.005234712712005333,1.0,1.0
2011-07-07,0.007128886199431696,1.0,1.0
2011-07-08,0.006494529184916559,1.0,1.0
2011-07-11,0.027602850715570285,1.0,1.0
2011-07-12,0.014574505379936974,1.0,1.0
2011-07-13,0.008479416581125651,1.0,1.0
2011-07-14,0.007915752518794289,1.0,1.0
2011-07-15,0.006053897229699049,1.0,1.0
2011-07-18,0.007393702168454701,1.0,1.0
2011-07-19,0.01772532618343544,1.0,1.0
2011-07-20,0.009239360780004988,1.0,1.0
2011-07-21,0.011659874918523078,1.0,1.0
2011-07-22,0.006813265608378995,1.0,1.0
2011-07-25,0.006384721934171427,1.0,1.0
2011-07-26,0.005467772352142266,1.0,1.0
2011-07-27,0.04038091215313608,1.0,1.0
2011-07-28,0.019102562720712497,1.0,1.0
2011-07-29,0.011577780322561992,1.0,1.0
2011-08-01,0.0074703627142040496,1.0,1.0
2011-08-02,0.14081576681327843,1.0,1.0
2011-08-03,0.06777401469303555,1.0,1.0
2011-08-04,0.9997646843569716,0.0,0.0
2011-08-05,0.9372964616525485,0.0,0.0
2011-08-08,0.9999999999605893,0.0,0.0
2011-08-09,0.9999993126741116,0.0,0.0
2011-08-10,0.9999923556221371,0.0,0.0
2011-08-11,0.9999978151907326,0.0,0.0
2011-08-12,0.9348251957609144,0.0,0.0
2011-08-15,0.9744137272290609,0.0,0.0
2011-08-16,0.9266864610825524,0.0,0.0
2011-08-17,0.7763778912654696,0.0,0.0
2011-08-18,0.9999813146100391,0.0,0.0
2011-08-19,0.9781864808899502,0.0,0.0
2011-08-22,0.8797945931120426,0.0,0.0
2011-08-23,0.9989501902876022,0.0,0.0
2011-08-24,0.9649932397750609,0.0,0.0
2011-08-25,0.9610133729975283,0.0,0.0
2011-08-26,0.9542278892403722,0.0,0.0
2011-08-29,0.9976793395818816,0.0,0.0
2011-08-30,0.9247741845840819,0.0,0.0
2011-08-31,0.7827770557220167,0.0,0.0
2011-09-01,0.7587226460682442,0.0,0.0
2011-09-02,0.9739921447282408,0.0,0.0
2011-09-06,0.9005339883341756,0.0,0.0
2011-09-07,0.9951513185244114,0.0,0.0
2011-09-08,0.9589857517539943,0.0,0.0
2011-09-09,0.9946322234838453,0.0,0.0
2011-09-12,0.9286980447507762,0.0,0.0
2011-09-13,0.8582402679460105,0.0,0.0
2011-09-14,0.8297110985520862,0.0,0.0
2011-09-15,0.8413463456339453,0.0,0.0
2011-09-16,0.6508053327838904,0.0,0.0
2011-09-19,0.5328779745637022,0.0,0.0
2011-09-20,0.3213936053527668,0.0,0.0
2011-09-21,0.9301778103796139,0.0,0.0
2011-09-22,0.9988091882913238,0.0,0.0
2011-09-23,0.9390155744747272,0.0,0.0
2011-09-26,0.9770920005044937,0.0,0.0
2011-09-27,0.9313639548679152,0.0,0.0
2011-09-28,0.9816658218106735,0.0,0.0
2011-09-29,0.9087579699629158,0.0,0.0
2011-09-30,0.9859363214906198,0.0,0.0
2011-10-03,0.9992948730465795,0.0,0.0
2011-10-04,0.9970887976797403,0.0,0.0
2011-10-05,0.984042381165364,0.0,0.0
2011-10-06,0.9783421116164643,0.0,0.0
2011-10-07,0.9247738809612196,0.0,0.0
2011-10-10,0.9988053733977346,0.0,0.0
2011-10-11,0.9253910996125276,0.0,0.0
2011-10-12,0.8475234316379368,0.0,0.0
2011-10-13,0.6505228695792534,0.0,0.0
2011-10-14,0.7137024804917435,0.0,0.0
2011-10-17,0.8861924330032528,0.0,0.0
2011-10-18,0.9472273943520166,0.0,0.0
2011-10-19,0.9239950351257524,0.0,0.0
2011-10-20,0.781376848952809,0.0,0.0
2011-10-21,0.8649460216958598,0.0,0.0
2011-10-24,0.8597692789336717,0.0,0.0
2011-10-25,0.9527002855695552,0.0,0.0
2011-10-26,0.8905710399207457,0.0,0.0
2011-10-27,0.9988201392177736,0.0,0.0
2011-10-28,0.925441954157047,0.0,0.0
2011-10-31,0.9880632963926196,0.0,0.0
2011-11-01,0.9982600512004756,0.0,0.0
2011-11-02,0.9788721206958754,0.0,0.0
2011-11-03,0.9770988351507583,0.0,0.0
2011-11-04,0.8943793851760891,0.0,0.0
2011-11-07,0.7344328436300089,0.0,0.0
2011-11-08,0.6465932425884233,0.0,0.0
2011-11-09,0.9988116970672118,0.0,0.0
2011-11-10,0.9425070912520703,0.0,0.0
2011-11-11,0.9607128526443519,0.0,0.0
2011-11-14,0.89550562505169,0.0,0.0
2011-11-15,0.7430596579217463,0.0,0.0
2011-11-16,0.803870208980113,0.0,0.0
2011-11-17,0.8511026537118442,0.0,0.0
2011-11-18,0.6499262110863427,0.0,0.0
2011-11-21,0.7996234084436522,0.0,0.0
2011-11-22,0.6006389945723055,0.0,0.0
2011-11-23,0.8839070447654198,0.0,0.0
2011-11-25,0.7167474061143655,0.0,0.0
2011-11-28,0.9873890948885339,0.0,0.0
2011-11-29,0.8999984090749119,0.0,0.0
2011-11-30,0.9999642618000685,0.0,0.0
2011-12-01,0.9304333053105223,0.0,0.0
2011-12-02,0.7829492241985448,0.0,0.0
2011-12-05,0.6725455126457647,0.0,0.0
2011-12-06,0.42145192777565893,0.0,0.0
2011-12-07,0.21330031636577543,0.0,0.0
2011-12-08,0.5709665361805446,0.0,0.0
2011-12-09,0.6848696473416085,0.0,0.0
2011-12-12,0.7096081965168092,0.0,0.0
2011-12-13,0.610355337707104,0.0,0.0
2011-12-14,0.5536321789379908,0.0,0.0
2011-12-15,0.3224885155289136,0.0,0.0
2011-12-16,0.16151297119007593,0.0,0.0
2011-12-19,0.1556833140490589,0.0,0.0
2011-12-20,0.8602156045051075,0.0,0.0
2011-12-21,0.6636933156206838,0.0,0.0
2011-12-22,0.4819040885341632,0.0,0.0
2011-12-23,0.31355758053018895,0.0,0.0
2011-12-27,0.1465981166785973,0.0,0.0
2011-12-28,0.14853872688362565,0.0,0.0
2011-12-29,0.10230346146948123,1.0,0.0
2011-12-30,0.04834389532403751,1.0,1.0
2012-01-03,0.056098675219922005,1.0,1.0
2012-01-04,0.02463890132658966,1.0,1.0
2012-01-05,0.012926696479949843,1.0,1.0
2012-01-06,0.008090854565620609,1.0,1.0
2012-01-09,0.006150728423920529,1.0,1.0
2012-01-10,0.007831605695400238,1.0,1.0
2012-01-11,0.005931473027814036,1.0,1.0
2012-01-12,0.005357964308233908,1.0,1.0
2012-01-13,0.0058913100152600895,1.0,1.0
2012-01-17,0.005411972365984067,1.0,1.0
2012-01-18,0.009396249276597754,1.0,1.0
2012-01-19,0.007153364176898944,1.0,1.0
2012-01-20,0.005669010250776591,1.0,1.0
2012-01-23,0.005114208447167575,1.0,1.0
2012-01-24,0.004911593057399215,1.0,1.0
2012-01-25,0.006795056729634075,1.0,1.0
2012-01-26,0.006848362693532824,1.0,1.0
2012-01-27,0.0055594849065946925,1.0,1.0
2012-01-30,0.005425769032919284,1.0,1.0
2012-01-31,0.005050690218534563,1.0,1.0
2012-02-01,0.008151422853808812,1.0,1.0
2012-02-02,0.0060713073576698475,1.0,1.0
2012-02-03,0.0157673717646212,1.0,1.0
2012-02-06,0.008972704531386573,1.0,1.0
2012-02-07,0.006375548030411257,1.0,1.0
2012-02-08,0.0059563050620577256,1.0,1.0
2012-02-09,0.005434307998442512,1.0,1.0
2012-02-10,0.007343196793468329,1.0,1.0
2012-02-13,0.007561552241627884,1.0,1.0
2012-02-14,0.006106771386536202,1.0,1.0
2012-02-15,0.0064525476718219855,1.0,1.0
2012-02-16,0.011785611125109025,1.0,1.0
2012-02-17,0.0076921064445466,1.0,1.0
2012-02-21,0.006123182421123156,1.0,1.0
2012-02-22,0.006097244561087256,1.0,1.0
2012-02-23,0.0061992960564544244,1.0,1.0
2012-02-24,0.005527819077045692,1.0,1.0
2012-02-27,0.005265204679622138,1.0,1.0
2012-02-28,0.005272432030096505,1.0,1.0
2012-02-29,0.00626326165210858,1.0,1.0
2012-03-01,0.0065527851541996125,1.0,1.0
2012-03-02,0.00650637243838972,1.0,1.0
2012-03-05,0.006290453477670215,1.0,1.0
2012-03-06,0.023672836809726264,1.0,1.0
2012-03-07,0.016159364288894473,1.0,1.0
2012-03-08,0.01564528598804486,1.0,1.0
2012-03-09,0.01003294616523292,1.0,1.0
2012-03-12,0.007048226740905844,1.0,1.0
2012-03-13,0.030055227420907576,1.0,1.0
2012-03-14,0.015464241565400884,1.0,1.0
2012-03-15,0.010944555536622694,1.0,1.0
2012-03-16,0.007333008487136167,1.0,1.0
2012-03-19,0.006315292484411277,1.0,1.0
2012-03-20,0.006179188791443994,1.0,1.0
2012-03-21,0.005578785632613823,1.0,1.0
2012-03-22,0.007359449716803131,1.0,1.0
2012-03-23,0.00628281605574888,1.0,1.0
2012-03-26,0.014775505023085372,1.0,1.0
2012-03-27,0.009440525143075345,1.0,1.0
2012-03-28,0.008055735926659995,1.0,1.0
2012-03-29,0.006401437725217697,1.0,1.0
2012-03-30,0.005718305510565888,1.0,1.0
2012-04-02,0.006917410316689931,1.0,1.0
2012-04-03,0.006295118826378737,1.0,1.0
2012-04-04,0.011272810609453388,1.0,1.0
2012-04-05,0.007494967866322469,1.0,1.0
2012-04-09,0.013830415959304069,1.0,1.0
2012-04-10,0.053825022726030604,1.0,1.0
2012-04-11,0.03309617174320434,1.0,1.0
2012-04-12,0.040788939965206786,1.0,1.0
2012-04-13,0.045410096370767844,1.0,1.0
2012-04-16,0.021164862423547124,1.0,1.0
2012-04-17,0.03445416060786066,1.0,1.0
2012-04-18,0.018638074144872504,1.0,1.0
2012-04-19,0.012684207522878254,1.0,1.0
2012-04-20,0.008012425190047277,1.0,1.0
2012-04-23,0.010535748983203084,1.0,1.0
2012-04-24,0.0073622189896290595,1.0,1.0
2012-04-25,0.015648190253610778,1.0,1.0
2012-04-26,0.01162690788520277,1.0,1.0
2012-04-27,0.007916787202512699,1.0,1.0
2012-04-30,0.007188350492359431,1.0,1.0
2012-05-01,0.006429142447591331,1.0,1.0
2012-05-02,0.005732078653773034,1.0,1.0
2012-05-03,0.00878045521464855,1.0,1.0
2012-05-04,0.02767071633935849,1.0,1.0
2012-05-07,0.01385086906963354,1.0,1.0
2012-05-08,0.009497532915583773,1.0,1.0
2012-05-09,0.008688102333019202,1.0,1.0
2012-05-10,0.006647937590178085,1.0,1.0
2012-05-11,0.006062675117091344,1.0,1.0
2012-05-14,0.011505429472240265,1.0,1.0
2012-05-15,0.009003805955993115,1.0,1.0
2012-05-16,0.007550532172432492,1.0,1.0
2012-05-17,0.026590835784439788,1.0,1.0
2012-05-18,0.019661772856955265,1.0,1.0
2012-05-21,0.04196059667921506,1.0,1.0
2012-05-22,0.019552414117747798,1.0,1.0
2012-05-23,0.010877066484743741,1.0,1.0
2012-05-24,0.007339955397315448,1.0,1.0
2012-05-25,0.006090115005914816,1.0,1.0
2012-05-29,0.010100925894731582,1.0,1.0
2012-05-30,0.022993522666933882,1.0,1.0
2012-05-31,0.012564061127045868,1.0,1.0
2012-06-01,0.2405448475802791,0.0,1.0
2012-06-04,0.11065209274031804,1.0,1.0
2012-06-05,0.05799856364765424,1.0,1.0
2012-06-06,0.26969838534288765,0.0,1.0
2012-06-07,0.12677220965855643,1.0,1.0
2012-06-08,0.07447999017697227,1.0,1.0
2012-06-11,0.09474561712302296,1.0,1.0
2012-06-12,0.07415753890491708,1.0,1.0
2012-06-13,0.04624137913047147,1.0,1.0
2012-06-14,0.03422492266416869,1.0,1.0
2012-06-15,0.027099490225815603,1.0,1.0
2012-06-18,0.013768893052793706,1.0,1.0
2012-06-19,0.01439867755830793,1.0,1.0
2012-06-20,0.008858703544549896,1.0,1.0
2012-06-21,0.09737261290966605,1.0,1.0
2012-06-22,0.05497661388888644,1.0,1.0
2012-06-25,0.10109209354352328,1.0,1.0
2012-06-26,0.04879396902439438,1.0,1.0
2012-06-27,0.03241594919204544,1.0,1.0
2012-06-28,0.016489566317207844,1.0,1.0
2012-06-29,0.188655498124402,0.0,1.0
2012-07-02,0.08682896462997595,1.0,1.0
2012-07-03,0.04821248932467671,1.0,1.0
2012-07-05,0.024150991881829825,1.0,1.0
2012-07-06,0.02198181098207917,1.0,1.0
2012-07-09,0.012150516974015108,1.0,1.0
2012-07-10,0.01187457307626491,1.0,1.0
2012-07-11,0.007788589069076935,1.0,1.0
2012-07-12,0.007212902392372127,1.0,1.0
2012-07-13,0.020255932285360653,1.0,1.0
2012-07-16,0.011765193176120107,1.0,1.0
2012-07-17,0.009222300073394125,1.0,1.0
2012-07-18,0.008250692616195541,1.0,1.0
2012-07-19,0.006431433162180904,1.0,1.0
2012-07-20,0.01072797688334173,1.0,1.0
2012-07-23,0.013116305243979946,1.0,1.0
2012-07-24,0.014456197170626055,1.0,1.0
2012-07-25,0.008715968595068206,1.0,1.0
2012-07-26,0.0196455150534568,1.0,1.0
2012-07-27,0.06468244423983294,1.0,1.0
2012-07-30,0.029250903108577364,1.0,1.0
2012-07-31,0.016751827486767814,1.0,1.0
2012-08-01,0.011354176917338074,1.0,1.0
2012-08-02,0.010042038805602086,1.0,1.0
2012-08-03,0.045521076601897956,1.0,1.0
2012-08-06,0.021760306908770892,1.0,1.0
2012-08-07,0.013643151539252073,1.0,1.0
2012-08-08,0.006407915405446982,1.0,1.0
2012-08-09,0.004995435570968915,1.0,1.0
2012-08-10,0.004484354943000726,1.0,1.0
2012-08-13,0.004353700907117276,1.0,1.0
2012-08-14,0.004235531229120968,1.0,1.0
2012-08-15,0.00426544738304117,1.0,1.0
2012-08-16,0.005263269690075012,1.0,1.0
2012-08-17,0.004658187215222584,1.0,1.0
2012-08-20,0.004363650430227691,1.0,1.0
2012-08-21,0.004521370622020695,1.0,1.0
2012-08-22,0.004288703070459563,1.0,1.0
2012-08-23,0.005962482221844503,1.0,1.0
2012-08-24,0.005598700866266687,1.0,1.0
2012-08-27,0.0047181072968584484,1.0,1.0
2012-08-28,0.004359963688905486,1.0,1.0
2012-08-29,0.004236984218064306,1.0,1.0
2012-08-30,0.00603629843363614,1.0,1.0
2012-08-31,0.005382599455843117,1.0,1.0
2012-09-04,0.004603687139405852,1.0,1.0
2012-09-05,0.004338103572225699,1.0,1.0
2012-09-06,0.030811334527568148,1.0,1.0
2012-09-07,0.015371052524543977,1.0,1.0
2012-09-10,0.010187927285709194,1.0,1.0
2012-09-11,0.006560706801468391,1.0,1.0
2012-09-12,0.005154677196009527,1.0,1.0
2012-09-13,0.013756191912975467,1.0,1.0
2012-09-14,0.008685844187119039,1.0,1.0
2012-09-17,0.0065536317017276515,1.0,1.0
2012-09-18,0.005154512616404166,1.0,1.0
2012-09-19,0.004549368719263497,1.0,1.0
2012-09-20,0.004369958940843488,1.0,1.0
2012-09-21,0.004225061078180922,1.0,1.0
2012-09-24,0.00438963770334599,1.0,1.0
2012-09-25,0.008364410415188756,1.0,1.0
2012-09-26,0.006972582672663189,1.0,1.0
2012-09-27,0.007978695143468693,1.0,1.0
2012-09-28,0.006381684734822849,1.0,1.0
2012-10-01,0.005066050344390467,1.0,1.0
2012-10-02,0.00448779084166111,1.0,1.0
2012-10-03,0.0044621021422169855,1.0,1.0
2012-10-04,0.005429477867676271,1.0,1.0
2012-10-05,0.004639572913028652,1.0,1.0
2012-10-08,0.004724010839833519,1.0,1.0
2012-10-09,0.008045417195196724,1.0,1.0
2012-10-10,0.006870011826920333,1.0,1.0
2012-10-11,0.005166173380553687,1.0,1.0
2012-10-12,0.0049186629447055125,1.0,1.0
2012-10-15,0.005768365456486321,1.0,1.0
2012-10-16,0.007355764530354763,1.0,1.0
2012-10-17,0.005853500388661268,1.0,1.0
2012-10-18,0.0051181313572413005,1.0,1.0
2012-10-19,0.020174286278363623,1.0,1.0
2012-10-22,0.010207613984568988,1.0,1.0
2012-10-23,0.01582340744925395,1.0,1.0
2012-10-24,0.009041963760769123,1.0,1.0
2012-10-25,0.006106322237466041,1.0,1.0
2012-10-26,0.004915750541087255,1.0,1.0
2012-10-31,0.004438650690881786,1.0,1.0
2012-11-01,0.008004353009642449,1.0,1.0
2012-11-02,0.010192445887772452,1.0,1.0
2012-11-05,0.006562448457924103,1.0,1.0
2012-11-06,0.006616718616940778,1.0,1.0
2012-11-07,0.07798597273436028,1.0,1.0
2012-11-08,0.07372995239745085,1.0,1.0
2012-11-09,0.03140410154263259,1.0,1.0
2012-11-12,0.014523991170212096,1.0,1.0
2012-11-13,0.00889691415810803,1.0,1.0
2012-11-14,0.017020544058413693,1.0,1.0
2012-11-15,0.009402364805867125,1.0,1.0
2012-11-16,0.00694932727540785,1.0,1.0
2012-11-19,0.03181239753024385,1.0,1.0
2012-11-20,0.01467221572646981,1.0,1.0
2012-11-21,0.008351644866356442,1.0,1.0
2012-11-23,0.011935357312456292,1.0,1.0
2012-11-26,0.007208397715102597,1.0,1.0
2012-11-27,0.0059604899819338,1.0,1.0
2012-11-28,0.006464959856233408,1.0,1.0
2012-11-29,0.005612895928637773,1.0,1.0
2012-11-30,0.004693036712868155,1.0,1.0
2012-12-03,0.004973586156437042,1.0,1.0
2012-12-04,0.004559484524367802,1.0,1.0
2012-12-05,0.0043203560991564366,1.0,1.0
2012-12-06,0.004337176428927476,1.0,1.0
2012-12-07,0.004313438827637386,1.0,1.0
2012-12-10,0.004207979404801452,1.0,1.0
2012-12-11,0.005037435281038118,1.0,1.0
2012-12-12,0.004488417236251405,1.0,1.0
2012-12-13,0.005203987884947588,1.0,1.0
2012-12-14,0.004914152002007708,1.0,1.0
2012-12-17,0.00806623392308053,1.0,1.0
2012-12-18,0.010791798934425135,1.0,1.0
2012-12-19,0.008240719176413027,1.0,1.0
2012-12-20,0.006329135469731072,1.0,1.0
2012-12-21,0.0076972812131257335,1.0,1.0
2012-12-24,0.005722662207357753,1.0,1.0
2012-12-26,0.005661409667502441,1.0,1.0
2012-12-27,0.00477636172946186,1.0,1.0
2012-12-28,0.007657662975951933,1.0,1.0
2012-12-31,0.020901058358705128,1.0,1.0
2013-01-02,0.21814792656543783,0.0,1.0
2013-01-03,0.09757640172390451,1.0,1.0
2013-01-04,0.046121168270121964,1.0,1.0
2013-01-07,0.021645746289786792,1.0,1.0
2013-01-08,0.011312297305151342,1.0,1.0
2013-01-09,0.007118820319486026,1.0,1.0
2013-01-10,0.006278085495017041,1.0,1.0
2013-01-11,0.004944639800780899,1.0,1.0
2013-01-14,0.004477183674561601,1.0,1.0
2013-01-15,0.004294267499545051,1.0,1.0
2013-01-16,0.004226605419854489,1.0,1.0
2013-01-17,0.0048448445777511655,1.0,1.0
2013-01-18,0.004507813808448155,1.0,1.0
2013-01-22,0.004685325411076398,1.0,1.0
2013-01-23,0.004343819516603777,1.0,1.0
2013-01-24,0.004216089125694622,1.0,1.0
2013-01-25,0.004763777258038846,1.0,1.0
2013-01-28,0.00446029790937282,1.0,1.0
2013-01-29,0.004451359011293515,1.0,1.0
2013-01-30,0.0046872241796083285,1.0,1.0
2013-01-31,0.004380085091005805,1.0,1.0
2013-02-01,0.006492385149805407,1.0,1.0
2013-02-04,0.01090965928299729,1.0,1.0
2013-02-05,0.011057766544288677,1.0,1.0
2013-02-06,0.00676059408723118,1.0,1.0
2013-02-07,0.005245083703439322,1.0,1.0
2013-02-08,0.0052034486249878985,1.0,1.0
2013-02-11,0.003793703047289836,1.0,1.0
2013-02-12,0.003575627120364846,1.0,1.0
2013-02-13,0.003490244043637901,1.0,1.0
2013-02-14,0.0034531048073337123,1.0,1.0
2013-02-15,0.0034946800118736574,1.0,1.0
2013-02-19,0.004369284876912422,1.0,1.0
2013-02-20,0.010941573335044448,1.0,1.0
2013-02-21,0.00813423661865667,1.0,1.0
2013-02-22,0.007637775140709665,1.0,1.0
2013-02-25,0.03146945489358915,1.0,1.0
2013-02-26,0.015769183166597513,1.0,1.0
2013-02-27,0.01721354010688175,1.0,1.0
2013-02-28,0.008542930187864343,1.0,1.0
2013-03-01,0.005351650201333556,1.0,1.0
2013-03-04,0.004488215073069328,1.0,1.0
2013-03-05,0.005998931834951232,1.0,1.0
2013-03-06,0.004389512260733852,1.0,1.0
2013-03-07,0.003857153845127701,1.0,1.0
2013-03-08,0.00398591247867137,1.0,1.0
2013-03-11,0.003732787604249339,1.0,1.0
2013-03-12,0.0036960922279210937,1.0,1.0
2013-03-13,0.003556574718065129,1.0,1.0
2013-03-14,0.003983233093205265,1.0,1.0
2013-03-15,0.003758526381136345,1.0,1.0
2013-03-18,0.0042023162673362245,1.0,1.0
2013-03-19,0.0038859938724541644,1.0,1.0
2013-03-20,0.004614088521930107,1.0,1.0
2013-03-21,0.0059997305498907865,1.0,1.0
2013-03-22,0.00511239292740815,1.0,1.0
2013-03-25,0.004320596606089735,1.0,1.0
2013-03-26,0.004816395998738108,1.0,1.0
2013-03-27,0.00394769365875187,1.0,1.0
2013-03-28,0.0038165409399289634,1.0,1.0
2013-04-01,0.004418438257531403,1.0,1.0
2013-04-02,0.003924433942826991,1.0,1.0
2013-04-03,0.007943143787277633,1.0,1.0
2013-04-04,0.005406779368857504,1.0,1.0
2013-04-05,0.0046745172423362106,1.0,1.0
2013-04-08,0.004778793707289382,1.0,1.0
2013-04-09,0.004038748374317222,1.0,1.0
2013-04-10,0.007853903632572023,1.0,1.0
2013-04-11,0.005249248865202986,1.0,1.0
2013-04-12,0.004357617301217536,1.0,1.0
2013-04-15,0.1030220285833402,1.0,1.0
2013-04-16,0.10927551258252488,1.0,1.0
2013-04-17,0.13719297425255084,1.0,1.0
2013-04-18,0.07523946764670777,1.0,1.0
2013-04-19,0.04623736245875711,1.0,1.0
2013-04-22,0.020874891567226554,1.0,1.0
2013-04-23,0.017232112959506014,1.0,1.0
2013-04-24,0.00847647634140638,1.0,1.0
2013-04-25,0.005775021779914159,1.0,1.0
2013-04-26,0.004444856461889143,1.0,1.0
2013-04-29,0.004586615504457854,1.0,1.0
2013-04-30,0.003947656990576416,1.0,1.0
2013-05-01,0.007209678934315037,1.0,1.0
2013-05-02,0.007857917450926639,1.0,1.0
2013-05-03,0.0089681654357368,1.0,1.0
2013-05-06,0.005517716337746316,1.0,1.0
2013-05-07,0.004701635734817588,1.0,1.0
2013-05-08,0.004180397049823258,1.0,1.0
2013-05-09,0.003989299835144866,1.0,1.0
2013-05-10,0.004078408927915438,1.0,1.0
2013-05-13,0.0036786316994260686,1.0,1.0
2013-05-14,0.006135289092435059,1.0,1.0
2013-05-15,0.004883382505286876,1.0,1.0
2013-05-16,0.004713932192481378,1.0,1.0
2013-05-17,0.006376011548419286,1.0,1.0
2013-05-20,0.004537750695328005,1.0,1.0
2013-05-21,0.0038468602855344083,1.0,1.0
2013-05-22,0.0059698311910858955,1.0,1.0
2013-05-23,0.004505974168026693,1.0,1.0
2013-05-24,0.0038520176841170643,1.0,1.0
2013-05-28,0.004631884125083535,1.0,1.0
2013-05-29,0.005265039368766767,1.0,1.0
2013-05-30,0.004512534953141779,1.0,1.0
2013-05-31,0.01046024910785745,1.0,1.0
2013-06-03,0.006569677428654016,1.0,1.0
2013-06-04,0.005582110243906104,1.0,1.0
2013-06-05,0.012580762119796878,1.0,1.0
2013-06-06,0.009614073273760874,1.0,1.0
2013-06-07,0.012508173489694347,1.0,1.0
2013-06-10,0.006738732469063844,1.0,1.0
2013-06-11,0.008799396391226332,1.0,1.0
2013-06-12,0.00812944951873322,1.0,1.0
2013-06-13,0.014280434487370522,1.0,1.0
2013-06-14,0.00926558582874482,1.0,1.0
2013-06-17,0.006975409105984119,1.0,1.0
2013-06-18,0.0062367364210036275,1.0,1.0
2013-06-19,0.011490328350200384,1.0,1.0
2013-06-20,0.15236963189233788,1.0,1.0
2013-06-21,0.06299198649350751,1.0,1.0
2013-06-24,0.05751394235024885,1.0,1.0
2013-06-25,0.03555784710163539,1.0,1.0
2013-06-26,0.02224923231684004,1.0,1.0
2013-06-27,0.013337137171256608,1.0,1.0
2013-06-28,0.0076847732521172375,1.0,1.0
2013-07-01,0.0061671738338399,1.0,1.0
2013-07-02,0.004488983598982998,1.0,1.0
2013-07-03,0.003817693023868889,1.0,1.0
2013-07-05,0.006290732165337083,1.0,1.0
2013-07-08,0.004992859053206097,1.0,1.0
2013-07-09,0.005056965849187394,1.0,1.0
2013-07-10,0.004018958797170383,1.0,1.0
2013-07-11,0.00836018169235496,1.0,1.0
2013-07-12,0.005425965265971088,1.0,1.0
2013-07-15,0.004190414233430849,1.0,1.0
2013-07-16,0.004176581318898787,1.0,1.0
2013-07-17,0.003803940715789643,1.0,1.0
2013-07-18,0.004022899486449215,1.0,1.0
2013-07-19,0.003644139037442378,1.0,1.0
2013-07-22,0.0035538333060495535,1.0,1.0
2013-07-23,0.003561379546707613,1.0,1.0
2013-07-24,0.0038810540262862138,1.0,1.0
2013-07-25,0.0038312567192528403,1.0,1.0
2013-07-26,0.0035782323408416416,1.0,1.0
2013-07-29,0.0038515021871308387,1.0,1.0
2013-07-30,0.0035842639999708777,1.0,1.0
2013-07-31,0.0034859166140787418,1.0,1.0
2013-08-01,0.008703576596052262,1.0,1.0
2013-08-02,0.005395042735643144,1.0,1.0
2013-08-05,0.004183698606318009,1.0,1.0
2013-08-06,0.004964210156246865,1.0,1.0
2013-08-07,0.004516073336570577,1.0,1.0
2013-08-08,0.004158097325463058,1.0,1.0
2013-08-09,0.003949949177160658,1.0,1.0
2013-08-12,0.0038031935993593927,1.0,1.0
2013-08-13,0.0036712974268516847,1.0,1.0
2013-08-14,0.004368182535510473,1.0,1.0
2013-08-15,0.015172930149520364,1.0,1.0
2013-08-16,0.008345935376283621,1.0,1.0
2013-08-19,0.0070259952231479916,1.0,1.0
2013-08-20,0.005366589289214948,1.0,1.0
2013-08-21,0.005457303109203211,1.0,1.0
2013-08-22,0.006318973775368781,1.0,1.0
2013-08-23,0.004775794528789656,1.0,1.0
2013-08-26,0.004329179983230941,1.0,1.0
2013-08-27,0.02574607300944153,1.0,1.0
2013-08-28,0.012036361749090802,1.0,1.0
2013-08-29,0.0069013698263481246,1.0,1.0
2013-08-30,0.005683273076525264,1.0,1.0
2013-09-03,0.0046897241580016015,1.0,1.0
2013-09-04,0.005444479052025526,1.0,1.0
2013-09-05,0.004267282871621325,1.0,1.0
2013-09-06,0.0038274458364669305,1.0,1.0
2013-09-09,0.0064990015562784356,1.0,1.0
2013-09-10,0.00619086726036355,1.0,1.0
2013-09-11,0.00461159410717309,1.0,1.0
2013-09-12,0.004321688292530402,1.0,1.0
2013-09-13,0.003925395632054374,1.0,1.0
2013-09-16,0.004050801747800993,1.0,1.0
2013-09-17,0.004202805965835599,1.0,1.0
2013-09-18,0.006818931504035973,1.0,1.0
2013-09-19,0.004866535901761163,1.0,1.0
2013-09-20,0.005389662856083941,1.0,1.0
2013-09-23,0.004965783346933156,1.0,1.0
2013-09-24,0.004173810747136706,1.0,1.0
2013-09-25,0.0039969200238375085,1.0,1.0
2013-09-26,0.003945442423023642,1.0,1.0
2013-09-27,0.004200761736939234,1.0,1.0
2013-09-30,0.004571415247136989,1.0,1.0
2013-10-01,0.005731341236073584,1.0,1.0
2013-10-02,0.004429504300480327,1.0,1.0
2013-10-03,0.006647227129373272,1.0,1.0
2013-10-04,0.00602166658928828,1.0,1.0
2013-10-07,0.008180231737244784,1.0,1.0
2013-10-08,0.016811242775058945,1.0,1.0
2013-10-09,0.00849329198900592,1.0,1.0
2013-10-10,0.06830136298795078,1.0,1.0
2013-10-11,0.034844153360989935,1.0,1.0
2013-10-14,0.016194201467864187,1.0,1.0
2013-10-15,0.011910881762825128,1.0,1.0
2013-10-16,0.016840630538888606,1.0,1.0
2013-10-17,0.010437326394130515,1.0,1.0
2013-10-18,0.007629930970337827,1.0,1.0
2013-10-21,0.0050680183740641925,1.0,1.0
2013-10-22,0.0045498655152618655,1.0,1.0
2013-10-23,0.004787791057492066,1.0,1.0
2013-10-24,0.004266867938590597,1.0,1.0
2013-10-25,0.003945414541480702,1.0,1.0
2013-10-28,0.0036950823928047316,1.0,1.0
2013-10-29,0.004057390040621356,1.0,1.0
2013-10-30,0.004841080232167215,1.0,1.0
2013-10-31,0.004433902146753908,1.0,1.0
2013-11-01,0.0039022499330261017,1.0,1.0
2013-11-04,0.0040052467273909926,1.0,1.0
2013-11-05,0.003932130343371549,1.0,1.0
2013-11-06,0.003763534393251574,1.0,1.0
2013-11-07,0.013825392930982842,1.0,1.0
2013-11-08,0.021291937966879535,1.0,1.0
2013-11-11,0.01006926898265037,1.0,1.0
2013-11-12,0.006168739311856683,1.0,1.0
2013-11-13,0.0065790232206992105,1.0,1.0
2013-11-14,0.0049621457237950806,1.0,1.0
2013-11-15,0.004368789880443236,1.0,1.0
2013-11-18,0.004645065594416684,1.0,1.0
2013-11-19,0.004242313407222465,1.0,1.0
2013-11-20,0.004193910885276753,1.0,1.0
2013-11-21,0.005860194193775622,1.0,1.0
2013-11-22,0.004823535844910586,1.0,1.0
2013-11-25,0.004101547934698904,1.0,1.0
2013-11-26,0.003767513226524733,1.0,1.0
2013-11-27,0.003728075898226179,1.0,1.0
2013-11-29,0.003638551871837545,1.0,1.0
2013-12-02,0.003933679563331256,1.0,1.0
2013-12-03,0.00408978184708379,1.0,1.0
2013-12-04,0.0038055898488898927,1.0,1.0
2013-12-05,0.004038237320850757,1.0,1.0
2013-12-06,0.006141200783408595,1.0,1.0
2013-12-09,0.004512749311706863,1.0,1.0
2013-12-10,0.004322900065331522,1.0,1.0
2013-12-11,0.009248489167859154,1.0,1.0
2013-12-12,0.005975213206723098,1.0,1.0
2013-12-13,0.004433495366663366,1.0,1.0
2013-12-16,0.004709064214474102,1.0,1.0
2013-12-17,0.004233933411260976,1.0,1.0
2013-12-18,0.012883793144402283,1.0,1.0
2013-12-19,0.007096185909595814,1.0,1.0
2013-12-20,0.005967302857776709,1.0,1.0
2013-12-23,0.005217800085206434,1.0,1.0
2013-12-24,0.0043156400738859095,1.0,1.0
2013-12-26,0.004116179250628565,1.0,1.0
2013-12-27,0.0037958907778798583,1.0,1.0
2013-12-30,0.003655466785808131,1.0,1.0
2013-12-31,0.0038430189789424897,1.0,1.0
2014-01-02,0.006213279443210791,1.0,1.0
2014-01-03,0.00452772730357805,1.0,1.0
2014-01-06,0.004328931875418481,1.0,1.0
2014-01-07,0.004694382577921023,1.0,1.0
2014-01-08,0.003971690884352867,1.0,1.0
2014-01-09,0.0037132955334606803,1.0,1.0
2014-01-10,0.0036824640362665825,1.0,1.0
2014-01-13,0.011049726513410806,1.0,1.0
2014-01-14,0.011979341340436848,1.0,1.0
2014-01-15,0.007421199357115271,1.0,1.0
2014-01-16,0.005028266912344908,1.0,1.0
2014-01-17,0.004648072862307456,1.0,1.0
2014-01-21,0.004056685325771877,1.0,1.0
2014-01-22,0.0037446649324354,1.0,1.0
2014-01-23,0.006020530146952427,1.0,1.0
2014-01-24,0.07764367859725896,1.0,1.0
2014-01-27,0.042734480690521985,1.0,1.0
2014-01-28,0.02291095949127965,1.0,1.0
2014-01-29,0.022598892301846994,1.0,1.0
2014-01-30,0.021831577882057192,1.0,1.0
2014-01-31,0.014043650092023826,1.0,1.0
2014-02-03,0.2431311030224619,1.0,1.0
2014-02-04,0.13387269776416114,1.0,1.0
2014-02-05,0.058020792826477936,1.0,1.0
2014-02-06,0.04898527512909951,1.0,1.0
2014-02-07,0.04848838323612135,1.0,1.0
2014-02-10,0.020400572843960196,1.0,1.0
2014-02-11,0.028400216080180375,1.0,1.0
2014-02-12,0.012425453048355262,1.0,1.0
2014-02-13,0.008166142742067794,1.0,1.0
2014-02-14,0.005117529575273945,1.0,1.0
2014-02-18,0.0037224058914159044,1.0,1.0
2014-02-19,0.0048083892554852785,1.0,1.0
2014-02-20,0.00449542587625252,1.0,1.0
2014-02-21,0.0034922693783598696,1.0,1.0
2014-02-24,0.003706349214940904,1.0,1.0
2014-02-25,0.0032009226683403762,1.0,1.0
2014-02-26,0.0029412139498559042,1.0,1.0
2014-02-27,0.003224921929139568,1.0,1.0
2014-02-28,0.002953595976768327,1.0,1.0
2014-03-03,0.004239667647598008,1.0,1.0
2014-03-04,0.015898996593289694,1.0,1.0
2014-03-05,0.007714567734939025,1.0,1.0
2014-03-06,0.004628752713391395,1.0,1.0
2014-03-07,0.0034744921616626685,1.0,1.0
2014-03-10,0.003105507618150282,1.0,1.0
2014-03-11,0.004006147586828431,1.0,1.0
2014-03-12,0.003239967370547251,1.0,1.0
2014-03-13,0.008632763490922752,1.0,1.0
2014-03-14,0.005163318190259706,1.0,1.0
2014-03-17,0.005531204521460718,1.0,1.0
2014-03-18,0.005309528119749449,1.0,1.0
2014-03-19,0.004998711166801403,1.0,1.0
2014-03-20,0.004045320335814672,1.0,1.0
2014-03-21,0.0037248702991860695,1.0,1.0
2014-03-24,0.00440228159683213,1.0,1.0
2014-03-25,0.003467944712711857,1.0,1.0
2014-03-26,0.005597943674704863,1.0,1.0
2014-03-27,0.004013460422501072,1.0,1.0
2014-03-28,0.00345204290821269,1.0,1.0
2014-03-31,0.004874460743015363,1.0,1.0
2014-04-01,0.0052110406574631465,1.0,1.0
2014-04-02,0.0037852450625010677,1.0,1.0
2014-04-03,0.0034974730432296938,1.0,1.0
2014-04-04,0.014224258518879313,1.0,1.0
2014-04-07,0.021840714477456554,1.0,1.0
2014-04-08,0.010956396837323638,1.0,1.0
2014-04-09,0.01276588701986338,1.0,1.0
2014-04-10,0.17183992016430594,1.0,1.0
2014-04-11,0.15618948524223364,1.0,1.0
2014-04-14,0.08196783641145156,1.0,1.0
2014-04-15,0.03933096024146161,1.0,1.0
2014-04-16,0.03196270657639312,1.0,1.0
2014-04-17,0.013950427002280098,1.0,1.0
2014-04-21,0.007317441182822461,1.0,1.0
2014-04-22,0.005157253316305581,1.0,1.0
2014-04-23,0.004061619236413685,1.0,1.0
2014-04-24,0.0032581677903487337,1.0,1.0
2014-04-25,0.006665038949650181,1.0,1.0
2014-04-28,0.0042268924298294,1.0,1.0
2014-04-29,0.003831921442934065,1.0,1.0
2014-04-30,0.0033075718716147847,1.0,1.0
2014-05-01,0.0029836204515295167,1.0,1.0
2014-05-02,0.002913135300558842,1.0,1.0
2014-05-05,0.002834511568209992,1.0,1.0
2014-05-06,0.0062236524902480606,1.0,1.0
2014-05-07,0.004400675218096792,1.0,1.0
2014-05-08,0.0036617307383674754,1.0,1.0
2014-05-09,0.0031581376306436975,1.0,1.0
2014-05-12,0.006337296718812031,1.0,1.0
2014-05-13,0.004156758141124735,1.0,1.0
2014-05-14,0.004463152561566187,1.0,1.0
2014-05-15,0.006354913175993538,1.0,1.0
2014-05-16,0.004298463452350464,1.0,1.0
2014-05-19,0.0037144671570229636,1.0,1.0
2014-05-20,0.005068334051981501,1.0,1.0
2014-05-21,0.0050238333068451,1.0,1.0
2014-05-22,0.0037811038946069615,1.0,1.0
2014-05-23,0.003483752203531963,1.0,1.0
2014-05-27,0.003812106845712924,1.0,1.0
2014-05-28,0.00325779869453781,1.0,1.0
2014-05-29,0.0033579342460466777,1.0,1.0
2014-05-30,0.002999020463683825,1.0,1.0
2014-06-02,0.002865945482111159,1.0,1.0
2014-06-03,0.0028515084400270933,1.0,1.0
2014-06-04,0.0028718858024317567,1.0,1.0
2014-06-05,0.003763134630044883,1.0,1.0
2014-06-06,0.0035703490882931024,1.0,1.0
2014-06-09,0.0031069848246488853,1.0,1.0
2014-06-10,0.002932042138908324,1.0,1.0
2014-06-11,0.0031974923047009616,1.0,1.0
2014-06-12,0.004330649451159657,1.0,1.0
2014-06-13,0.003458743366378912,1.0,1.0
2014-06-16,0.0030368378708143036,1.0,1.0
2014-06-17,0.0029908543180470113,1.0,1.0
2014-06-18,0.003727199919018382,1.0,1.0
2014-06-19,0.003135184988509999,1.0,1.0
2014-06-20,0.002928230910308826,1.0,1.0
2014-06-23,0.00286089429460579,1.0,1.0
2014-06-24,0.004274561233023299,1.0,1.0
2014-06-25,0.00376436509501745,1.0,1.0
2014-06-26,0.00323104848359782,1.0,1.0
2014-06-27,0.0029960236790195728,1.0,1.0
2014-06-30,0.002863804721123695,1.0,1.0
2014-07-01,0.0036659439912906976,1.0,1.0
2014-07-02,0.0031411955707440894,1.0,1.0
2014-07-03,0.003409148449022177,1.0,1.0
2014-07-07,0.004161217753196107,1.0,1.0
2014-07-08,0.005582435975540088,1.0,1.0
2014-07-09,0.004161407979263923,1.0,1.0
2014-07-10,0.004086162273357306,1.0,1.0
2014-07-11,0.003268363509332418,1.0,1.0
2014-07-14,0.003226789614535548,1.0,1.0
2014-07-15,0.003285034779226498,1.0,1.0
2014-07-16,0.003076985892347275,1.0,1.0
2014-07-17,0.008457231532381851,1.0,1.0
2014-07-18,0.009507425570894491,1.0,1.0
2014-07-21,0.005692981141596344,1.0,1.0
2014-07-22,0.004358276997903407,1.0,1.0
2014-07-23,0.0033877919759297084,1.0,1.0
2014-07-24,0.003011557009782395,1.0,1.0
2014-07-25,0.0036682073648754256,1.0,1.0
2014-07-28,0.0031716871035830907,1.0,1.0
2014-07-29,0.0032796118962966055,1.0,1.0
2014-07-30,0.002969208248519304,1.0,1.0
2014-07-31,0.04767609198917689,1.0,1.0
2014-08-01,0.02211151199588422,1.0,1.0
2014-08-04,0.013036643897628052,1.0,1.0
2014-08-05,0.011427867934921726,1.0,1.0
2014-08-06,0.006022996136063312,1.0,1.0
2014-08-07,0.0050561338133361675,1.0,1.0
2014-08-08,0.007148657613424775,1.0,1.0
2014-08-11,0.00467459817771282,1.0,1.0
2014-08-12,0.0029422218323390966,1.0,1.0
2014-08-13,0.003129757200084228,1.0,1.0
2014-08-14,0.0027342878590848364,1.0,1.0
2014-08-15,0.0024020752514674923,1.0,1.0
2014-08-18,0.00358313529811047,1.0,1.0
2014-08-19,0.002982864327350213,1.0,1.0
2014-08-20,0.0024911849665705545,1.0,1.0
2014-08-21,0.002350826630065033,1.0,1.0
2014-08-22,0.002307084791973287,1.0,1.0
2014-08-25,0.0024725818942173345,1.0,1.0
2014-08-26,0.002305845736185965,1.0,1.0
2014-08-27,0.002246424570718858,1.0,1.0
2014-08-28,0.0023345726012639467,1.0,1.0
2014-08-29,0.0023736489145314613,1.0,1.0
2014-09-02,0.0022602896927214973,1.0,1.0
2014-09-03,0.002299752629945833,1.0,1.0
2014-09-04,0.0023461461862297017,1.0,1.0
2014-09-05,0.002439678349206726,1.0,1.0
2014-09-08,0.0024371820860805533,1.0,1.0
2014-09-09,0.003540808767769017,1.0,1.0
2014-09-10,0.0029081261753241008,1.0,1.0
2014-09-11,0.002464032003507327,1.0,1.0
2014-09-12,0.003017777489073021,1.0,1.0
2014-09-15,0.0027343118322904016,1.0,1.0
2014-09-16,0.0030343672219690578,1.0,1.0
2014-09-17,0.002504404540801667,1.0,1.0
2014-09-18,0.002564873421288828,1.0,1.0
2014-09-19,0.0024468161831277253,1.0,1.0
2014-09-22,0.004836098686488555,1.0,1.0
2014-09-23,0.004416192921946154,1.0,1.0
2014-09-24,0.004187534180664146,1.0,1.0
2014-09-25,0.020570079724769763,1.0,1.0
2014-09-26,0.012899986077371377,1.0,1.0
2014-09-29,0.006497297923931574,1.0,1.0
2014-09-30,0.004411893513905325,1.0,1.0
2014-10-01,0.01279590091344952,1.0,1.0
2014-10-02,0.006059816395019198,1.0,1.0
2014-10-03,0.006782270732712841,1.0,1.0
2014-10-06,0.004190265777317877,1.0,1.0
2014-10-07,0.0176455190593623,1.0,1.0
2014-10-08,0.04136234056142206,1.0,1.0
2014-10-09,0.33686813393604265,1.0,1.0
2014-10-10,0.39570722988023044,0.0,1.0
2014-10-13,0.6074796130514611,0.0,1.0
2014-10-14,0.3585998321339807,0.0,1.0
2014-10-15,0.20866655365931952,1.0,1.0
2014-10-16,0.08858369950124245,1.0,1.0
2014-10-17,0.06872887306216721,1.0,1.0
2014-10-20,0.04290022059888235,1.0,1.0
2014-10-21,0.15495986661129504,1.0,1.0
2014-10-22,0.10873918493975201,1.0,1.0
2014-10-23,0.10417856887068527,1.0,1.0
2014-10-24,0.05034892641784871,1.0,1.0
2014-10-27,0.021062484238101437,1.0,1.0
2014-10-28,0.026076890123568116,1.0,1.0
2014-10-29,0.011464692360968115,1.0,1.0
2014-10-30,0.0065633841960536345,1.0,1.0
2014-10-31,0.008776275873198243,1.0,1.0
2014-11-03,0.004612187055555681,1.0,1.0
2014-11-04,0.003477559458010631,1.0,1.0
2014-11-05,0.0029256048411085553,1.0,1.0
2014-11-06,0.002719827528144105,1.0,1.0
2014-11-07,0.0023824460386541466,1.0,1.0
2014-11-10,0.0023426331952981863,1.0,1.0
2014-11-11,0.0022458178287097516,1.0,1.0
2014-11-12,0.002211920883316538,1.0,1.0
2014-11-13,0.002222144568486038,1.0,1.0
2014-11-14,0.0022043027563274117,1.0,1.0
2014-11-17,0.0022274054332164905,1.0,1.0
2014-11-18,0.0024668441914208234,1.0,1.0
2014-11-19,0.0024376040248366266,1.0,1.0
2014-11-20,0.0023493991550547063,1.0,1.0
2014-11-21,0.0024767765337579757,1.0,1.0
2014-11-24,0.002437537649182964,1.0,1.0
2014-11-25,0.0023276806945005833,1.0,1.0
2014-11-26,0.00229617609661882,1.0,1.0
2014-11-28,0.0025283528032362824,1.0,1.0
2014-12-01,0.004453855614428685,1.0,1.0
2014-12-02,0.003681021984798975,1.0,1.0
2014-12-03,0.002977175265188284,1.0,1.0
2014-12-04,0.002594111561720335,1.0,1.0
2014-12-05,0.0023729798632792388,1.0,1.0
2014-12-08,0.003929112157336546,1.0,1.0
2014-12-09,0.00282107667714951,1.0,1.0
2014-12-10,0.021072028661518225,1.0,1.0
2014-12-11,0.010107057310360924,1.0,1.0
2014-12-12,0.029692489246930392,1.0,1.0
2014-12-15,0.018212510053122088,1.0,1.0
2014-12-16,0.013598509192033384,1.0,1.0
2014-12-17,0.09389203418539586,1.0,1.0
2014-12-18,0.5341241575050182,0.0,1.0
2014-12-19,0.3054413325914835,1.0,1.0
2014-12-22,0.14324621275885688,1.0,1.0
2014-12-23,0.05849614133759505,1.0,1.0
2014-12-24,0.02327526780683009,1.0,1.0
2014-12-26,0.010435471470841829,1.0,1.0
2014-12-29,0.005185697294418314,1.0,1.0
2014-12-30,0.004077026623251012,1.0,1.0
2014-12-31,0.005754057940091517,1.0,1.0
2015-01-02,0.0035895408530966025,1.0,1.0
2015-01-05,0.031322817916732554,1.0,1.0
2015-01-06,0.029384724893492583,1.0,1.0
2015-01-07,0.026445400675772914,1.0,1.0
2015-01-08,0.07238800276073296,1.0,1.0
2015-01-09,0.05074206654814601,1.0,1.0
2015-01-12,0.03325299145401513,1.0,1.0
2015-01-13,0.0143756574942645,1.0,1.0
2015-01-14,0.00910893672198776,1.0,1.0
2015-01-15,0.01166408287825162,1.0,1.0
2015-01-16,0.016003654465574668,1.0,1.0
2015-01-20,0.007220420294897581,1.0,1.0
2015-01-21,0.00429738155638588,1.0,1.0
2015-01-22,0.012524080690188365,1.0,1.0
2015-01-23,0.007342674875679728,1.0,1.0
2015-01-26,0.004344931854896143,1.0,1.0
2015-01-27,0.009292706640414332,1.0,1.0
2015-01-28,0.02025133860039578,1.0,1.0
2015-01-29,0.014624877476031676,1.0,1.0
2015-01-30,0.02442290778504009,1.0,1.0
2015-02-02,0.024165706207065953,1.0,1.0
2015-02-03,0.03597181159758017,1.0,1.0
2015-02-04,0.016680877018686712,1.0,1.0
2015-02-05,0.014426747672670482,1.0,1.0
2015-02-06,0.007037227955182238,1.0,1.0
2015-02-09,0.004839677531813132,1.0,1.0
2015-02-10,0.005726521984248995,1.0,1.0
2015-02-11,0.003059094860298586,1.0,1.0
2015-02-12,0.004174430560651147,1.0,1.0
2015-02-13,0.0030759109518635466,1.0,1.0
2015-02-17,0.002439110157539668,1.0,1.0
2015-02-18,0.002224188019360964,1.0,1.0
2015-02-19,0.002161446968492166,1.0,1.0
2015-02-20,0.0025384205991331944,1.0,1.0
2015-02-23,0.002295464864048126,1.0,1.0
2015-02-24,0.002247237366658584,1.0,1.0
2015-02-25,0.002164025854837856,1.0,1.0
2015-02-26,0.002168131076966379,1.0,1.0
2015-02-27,0.0024322290454675305,1.0,1.0
2015-03-02,0.0026645280269417806,1.0,1.0
2015-03-03,0.0027411758066130817,1.0,1.0
2015-03-04,0.002734803106540563,1.0,1.0
2015-03-05,0.002322884930488187,1.0,1.0
2015-03-06,0.0076080175037975106,1.0,1.0
2015-03-09,0.004156947082241272,1.0,1.0
2015-03-10,0.01929876743837573,1.0,1.0
2015-03-11,0.007982656271596751,1.0,1.0
2015-03-12,0.010280869486528945,1.0,1.0
2015-03-13,0.006509773618682335,1.0,1.0
2015-03-16,0.008504509197327677,1.0,1.0
2015-03-17,0.004476178782414244,1.0,1.0
2015-03-18,0.00558200275835609,1.0,1.0
2015-03-19,0.0037359154986594087,1.0,1.0
2015-03-20,0.0037247369572516527,1.0,1.0
2015-03-23,0.0027887956064716023,1.0,1.0
2015-03-24,0.002960047291140438,1.0,1.0
2015-03-25,0.014222243226881323,1.0,1.0
2015-03-26,0.0065840818041028835,1.0,1.0
2015-03-27,0.003732388632355021,1.0,1.0
2015-03-30,0.006303674379654254,1.0,1.0
2015-03-31,0.0055812281555058605,1.0,1.0
2015-04-01,0.003781051982896609,1.0,1.0
2015-04-02,0.0027874911759682083,1.0,1.0
2015-04-06,0.0027877444023191827,1.0,1.0
2015-04-07,0.0024880271420189026,1.0,1.0
2015-04-08,0.0023527393163504055,1.0,1.0
2015-04-09,0.002341782014603221,1.0,1.0
2015-04-10,0.0024278735648840927,1.0,1.0
2015-04-13,0.0025620546132422966,1.0,1.0
2015-04-14,0.0022599805698816206,1.0,1.0
2015-04-15,0.0025108893575802164,1.0,1.0
2015-04-16,0.0022860992523461134,1.0,1.0
2015-04-17,0.006804726439946918,1.0,1.0
2015-04-20,0.0059708497415231964,1.0,1.0
2015-04-21,0.0034821787649059223,1.0,1.0
2015-04-22,0.002807773419119036,1.0,1.0
2015-04-23,0.00240382791829231,1.0,1.0
2015-04-24,0.002216196748870398,1.0,1.0
2015-04-27,0.0027619416357535405,1.0,1.0
2015-04-28,0.002376268652610493,1.0,1.0
2015-04-29,0.002558078567050318,1.0,1.0
2015-04-30,0.005815183757571914,1.0,1.0
2015-05-01,0.0058267747879853,1.0,1.0
2015-05-04,0.003469543362319534,1.0,1.0
2015-05-05,0.00750996036585982,1.0,1.0
2015-05-06,0.004351380058311344,1.0,1.0
2015-05-07,0.0030309554750882757,1.0,1.0
2015-05-08,0.005497637551000703,1.0,1.0
2015-05-11,0.003772148462271034,1.0,1.0
2015-05-12,0.002888087503262569,1.0,1.0
2015-05-13,0.0023788346398909426,1.0,1.0
2015-05-14,0.0038299324099594534,1.0,1.0
2015-05-15,0.0026862842410149998,1.0,1.0
2015-05-18,0.0024934423260210984,1.0,1.0
2015-05-19,0.0022854332993881366,1.0,1.0
2015-05-20,0.0021958992478597625,1.0,1.0
2015-05-21,0.0021651239922491692,1.0,1.0
2015-05-22,0.002266672582076728,1.0,1.0
2015-05-26,0.004786729150868525,1.0,1.0
2015-05-27,0.00476808695204744,1.0,1.0
2015-05-28,0.003077476508118327,1.0,1.0
2015-05-29,0.0032675591292518342,1.0,1.0
2015-06-01,0.002505774794504128,1.0,1.0
2015-06-02,0.002259167177597224,1.0,1.0
2015-06-03,0.0022897105565705404,1.0,1.0
2015-06-04,0.004026279335380614,1.0,1.0
2015-06-05,0.0027507168139475737,1.0,1.0
2015-06-08,0.003362935102385037,1.0,1.0
2015-06-09,0.0025355939875393602,1.0,1.0
2015-06-10,0.0049756635170262395,1.0,1.0
2015-06-11,0.0030955037716669043,1.0,1.0
2015-06-12,0.0034286688272031126,1.0,1.0
2015-06-15,0.003088711368209981,1.0,1.0
2015-06-16,0.0028324846649016556,1.0,1.0
2015-06-17,0.002357565102156363,1.0,1.0
2015-06-18,0.0037275659135585964,1.0,1.0
2015-06-19,0.0031652618966862933,1.0,1.0
2015-06-22,0.0029794167100561124,1.0,1.0
2015-06-23,0.002400547650467594,1.0,1.0
2015-06-24,0.0036708338570555607,1.0,1.0
2015-06-25,0.002838467009515461,1.0,1.0
2015-06-26,0.0023874562481502022,1.0,1.0
2015-06-29,0.055222619293285966,1.0,1.0
2015-06-30,0.021225639439724418,1.0,1.0
2015-07-01,0.010213140308094485,1.0,1.0
2015-07-02,0.004955236855758565,1.0,1.0
2015-07-06,0.003517137129062493,1.0,1.0
2015-07-07,0.002927369101878556,1.0,1.0
2015-07-08,0.01847235493658506,1.0,1.0
2015-07-09,0.007825986595735076,1.0,1.0
2015-07-10,0.009406793221714735,1.0,1.0
2015-07-13,0.009359993476188396,1.0,1.0
2015-07-14,0.005012910990379889,1.0,1.0
2015-07-15,0.0032308412216935155,1.0,1.0
2015-07-16,0.0033621739780249236,1.0,1.0
2015-07-17,0.00252978456266711,1.0,1.0
2015-07-20,0.00226409946791579,1.0,1.0
2015-07-21,0.0026366410448439245,1.0,1.0
2015-07-22,0.002389035420512885,1.0,1.0
2015-07-23,0.0029589952029229374,1.0,1.0
2015-07-24,0.0059694831409843815,1.0,1.0
2015-07-27,0.005344658433111679,1.0,1.0
2015-07-28,0.007468422289727919,1.0,1.0
2015-07-29,0.005189633094162127,1.0,1.0
2015-07-30,0.003138517408803848,1.0,1.0
2015-07-31,0.002547412692783794,1.0,1.0
2015-08-03,0.002547143963628743,1.0,1.0
2015-08-04,0.0023350815684730496,1.0,1.0
2015-08-05,0.0022907487839463414,1.0,1.0
2015-08-06,0.004026921168431398,1.0,1.0
2015-08-07,0.0031414004597499477,1.0,1.0
2015-08-10,0.006504590886418968,1.0,1.0
2015-08-11,0.00758343848439497,1.0,1.0
2015-08-12,0.003972300173336417,1.0,1.0
2015-08-13,0.0027830680849096345,1.0,1.0
2015-08-14,0.002487584545182167,1.0,1.0
2015-08-17,0.002633049659333617,1.0,1.0
2015-08-18,0.0025579801896769214,1.0,1.0
2015-08-19,0.0040560948966048204,1.0,1.0
2015-08-20,0.10232098416696357,1.0,1.0
2015-08-21,0.9575683806549282,0.0,0.0
2015-08-24,0.9999968771368926,0.0,0.0
2015-08-25,0.9808880795339351,0.0,0.0
2015-08-26,0.9999843879909195,0.0,0.0
2015-08-27,0.9985857099508268,0.0,0.0
2015-08-28,0.9431022871545371,0.0,0.0
2015-08-31,0.869922087579069,0.0,0.0
2015-09-01,0.9989630013499028,0.0,0.0
2015-09-02,0.9925107700298523,0.0,0.0
2015-09-03,0.9264660252484708,0.0,0.0
2015-09-04,0.9380594297004723,0.0,0.0
2015-09-08,0.9957086764275048,0.0,0.0
2015-09-09,0.9831076237491113,0.0,0.0
2015-09-10,0.9112898710555263,0.0,0.0
2015-09-11,0.7561597626391054,0.0,0.0
2015-09-14,0.5345668883881252,0.0,0.0
2015-09-15,0.4749543043769667,0.0,0.0
2015-09-16,0.30618451932847146,0.0,0.0
2015-09-17,0.13244784193193193,1.0,0.0
2015-09-18,0.2780710308463524,1.0,0.0
2015-09-21,0.11849409398581381,1.0,1.0
2015-09-22,0.14437411216869075,1.0,1.0
2015-09-23,0.05849646620975083,1.0,1.0
2015-09-24,0.02447800276130999,1.0,1.0
2015-09-25,0.010199877690397803,1.0,1.0
2015-09-28,0.4374519260533321,0.0,1.0
2015-09-29,0.20524145363037108,1.0,1.0
2015-09-30,0.44266029739784174,0.0,1.0
2015-10-01,0.20642767688728292,1.0,1.0
2015-10-02,0.24915686502945686,1.0,1.0
2015-10-05,0.5351836694608525,0.0,1.0
2015-10-06,0.30985449035472445,0.0,1.0
2015-10-07,0.1970243171633747,1.0,1.0
2015-10-08,0.1092680745751642,1.0,1.0
2015-10-09,0.04014476035156043,1.0,1.0
2015-10-12,0.014956869984195407,1.0,1.0
2015-10-13,0.010018937197424497,1.0,1.0
2015-10-14,0.0064883445999776666,1.0,1.0
2015-10-15,0.015568630970256405,1.0,1.0
2015-10-16,0.006874366197652378,1.0,1.0
2015-10-19,0.0036678445843398295,1.0,1.0
2015-10-20,0.0026872479965014693,1.0,1.0
2015-10-21,0.003577506627336667,1.0,1.0
2015-10-22,0.010074846557995646,1.0,1.0
2015-10-23,0.009404197231778178,1.0,1.0
2015-10-26,0.00475125973389867,1.0,1.0
2015-10-27,0.0035125449929275542,1.0,1.0
2015-10-28,0.008755721626415663,1.0,1.0
2015-10-29,0.00452270639848894,1.0,1.0
2015-10-30,0.0034222726064358864,1.0,1.0
2015-11-02,0.006352100926655786,1.0,1.0
2015-11-03,0.0036204668376394323,1.0,1.0
2015-11-04,0.0027783312367912535,1.0,1.0
2015-11-05,0.0023306424602561123,1.0,1.0
2015-11-06,0.002148093228774058,1.0,1.0
2015-11-09,0.004362116337313667,1.0,1.0
2015-11-10,0.0028194225596324357,1.0,1.0
2015-11-11,0.0027697116491898037,1.0,1.0
2015-11-12,0.01156082330202723,1.0,1.0
2015-11-13,0.012806824726338626,1.0,1.0
2015-11-16,0.0179599711275298,1.0,1.0
2015-11-17,0.007556302518533211,1.0,1.0
2015-11-18,0.018946939115814156,1.0,1.0
2015-11-19,0.007942860111296156,1.0,1.0
2015-11-20,0.004200344754403855,1.0,1.0
2015-11-23,0.002779852582556034,1.0,1.0
2015-11-24,0.0023165199758394496,1.0,1.0
2015-11-25,0.002139565306662152,1.0,1.0
2015-11-27,0.0020807511127472755,1.0,1.0
2015-11-30,0.002570687475364536,1.0,1.0
2015-12-01,0.0038046344553874013,1.0,1.0
2015-12-02,0.006010519470953166,1.0,1.0
2015-12-03,0.01879578865222232,1.0,1.0
2015-12-04,0.06471021700839386,1.0,1.0
2015-12-07,0.04139945950327581,1.0,1.0
2015-12-08,0.02078759387513456,1.0,1.0
2015-12-09,0.014745793404651132,1.0,1.0
2015-12-10,0.006477706788272737,1.0,1.0
2015-12-11,0.07012646910812666,1.0,1.0
2015-12-14,0.026296331238137537,1.0,1.0
2015-12-15,0.02048329592864685,1.0,1.0
2015-12-16,0.030098368153124597,1.0,1.0
2015-12-17,0.05705338355671223,1.0,1.0
2015-12-18,0.15843539084535888,1.0,1.0
2015-12-21,0.07837551297381702,1.0,1.0
2015-12-22,0.04391546649878794,1.0,1.0
2015-12-23,0.04299779304297679,1.0,1.0
2015-12-24,0.016365100483940045,1.0,1.0
2015-12-28,0.007479331958300478,1.0,1.0
2015-12-29,0.007283024084945179,1.0,1.0
2015-12-30,0.0060494941001140775,1.0,1.0
2015-12-31,0.006766046936878617,1.0,1.0
2016-01-04,0.024595532314342913,1.0,1.0
2016-01-05,0.009618884792416972,1.0,1.0
2016-01-06,0.018319581097662307,1.0,1.0
2016-01-07,0.38145497255712585,0.0,1.0
2016-01-08,0.35241915403332663,0.0,1.0
2016-01-11,0.15392455340611969,1.0,1.0
2016-01-12,0.07476128995468975,1.0,1.0
2016-01-13,0.8361916476690007,0.0,0.0
2016-01-14,0.8927149918101224,0.0,0.0
2016-01-15,0.9860187211969393,0.0,0.0
2016-01-19,0.9134800966247945,0.0,0.0
2016-01-20,0.8575709940838825,0.0,0.0
2016-01-21,0.6619661438403734,0.0,0.0
2016-01-22,0.906624085468345,0.0,0.0
2016-01-25,0.9608381237139152,0.0,0.0
2016-01-26,0.9581774514441396,0.0,0.0
2016-01-27,0.9342238292807935,0.0,0.0
2016-01-28,0.8055986698175645,0.0,0.0
2016-01-29,0.9889776592106883,0.0,0.0
2016-02-01,0.917717613197699,0.0,0.0
2016-02-02,0.98398003653371,0.0,0.0
2016-02-03,0.9120380928606538,0.0,0.0
2016-02-04,0.7458268381329712,0.0,0.0
2016-02-05,0.956704038705545,0.0,0.0
2016-02-08,0.9676717400462428,0.0,0.0
2016-02-09,0.8657540507042307,0.0,0.0
2016-02-10,0.6561628968905879,0.0,0.0
2016-02-11,0.5799232420848317,0.0,0.0
2016-02-12,0.8335214140820343,0.0,0.0
2016-02-16,0.9115305808901909,0.0,0.0
2016-02-17,0.945606856244142,0.0,0.0
2016-02-18,0.8393118444693317,0.0,0.0
2016-02-19,0.6091024154201162,0.0,0.0
2016-02-22,0.6295891262712003,0.0,0.0
2016-02-23,0.6301947842963622,0.0,0.0
2016-02-24,0.38735580494950317,0.0,0.0
2016-02-25,0.2958908493871788,0.0,0.0
2016-02-26,0.12480388784060223,1.0,0.0
2016-02-29,0.06938049378875309,1.0,1.0
2016-03-01,0.45008587240382186,0.0,1.0
2016-03-02,0.23734291260008417,1.0,1.0
2016-03-03,0.10586233137330707,1.0,1.0
2016-03-04,0.0420463888959341,1.0,1.0
2016-03-07,0.01660031630806212,1.0,1.0
2016-03-08,0.025782542938445924,1.0,1.0
2016-03-09,0.01205024967390864,1.0,1.0
2016-03-10,0.0062041643801956075,1.0,1.0
2016-03-11,0.022559993263464122,1.0,1.0
2016-03-14,0.009929595337179142,1.0,1.0
2016-03-15,0.006070749021179746,1.0,1.0
2016-03-16,0.004920842837376704,1.0,1.0
2016-03-17,0.004736780029643292,1.0,1.0
2016-03-18,0.0041201110923471205,1.0,1.0
2016-03-21,0.003384727453811053,1.0,1.0
2016-03-22,0.0031774711038502863,1.0,1.0
2016-03-23,0.00552560825018854,1.0,1.0
2016-03-24,0.0038763880315607836,1.0,1.0
2016-03-28,0.003307496887502785,1.0,1.0
2016-03-29,0.00594073326330473,1.0,1.0
2016-03-30,0.004285050541107568,1.0,1.0
2016-03-31,0.003530633960825877,1.0,1.0
2016-04-01,0.003910531178325108,1.0,1.0
2016-04-04,0.003911272865549696,1.0,1.0
2016-04-05,0.006716289665200977,1.0,1.0
2016-04-06,0.008928985892890793,1.0,1.0
2016-04-07,0.015898047847041182,1.0,1.0
2016-04-08,0.007573742593377046,1.0,1.0
2016-04-11,0.004976021171040433,1.0,1.0
2016-04-12,0.006335026188197576,1.0,1.0
2016-04-13,0.009879672796946888,1.0,1.0
2016-04-14,0.00533692427429972,1.0,1.0
2016-04-15,0.003834593597807127,1.0,1.0
2016-04-18,0.004065868023801034,1.0,1.0
2016-04-19,0.003451005496601062,1.0,1.0
2016-04-20,0.003168161853134296,1.0,1.0
2016-04-21,0.0038027062070616164,1.0,1.0
2016-04-22,0.003280172596431278,1.0,1.0
2016-04-25,0.0033334735535801422,1.0,1.0
2016-04-26,0.0032075657063282514,1.0,1.0
2016-04-27,0.0031094105076006507,1.0,1.0
2016-04-28,0.006346439053800489,1.0,1.0
2016-04-29,0.005206187055469321,1.0,1.0
2016-05-02,0.005169951170551849,1.0,1.0
2016-05-03,0.008872761147284382,1.0,1.0
2016-05-04,0.007240532664170762,1.0,1.0
2016-05-05,0.004517944386650048,1.0,1.0
2016-05-06,0.003725880232038115,1.0,1.0
2016-05-09,0.003255066335015021,1.0,1.0
2016-05-10,0.007765888863994656,1.0,1.0
2016-05-11,0.008729150852114918,1.0,1.0
2016-05-12,0.005066608698898659,1.0,1.0
2016-05-13,0.0064225932347626675,1.0,1.0
2016-05-16,0.007172096465001539,1.0,1.0
2016-05-17,0.00905251103403698,1.0,1.0
2016-05-18,0.005046149246471008,1.0,1.0
2016-05-19,0.004129760665948422,1.0,1.0
2016-05-20,0.004546443561964937,1.0,1.0
2016-05-23,0.0037140238488274366,1.0,1.0
2016-05-24,0.010836872493713016,1.0,1.0
2016-05-25,0.0073201852155328545,1.0,1.0
2016-05-26,0.00450958968303082,1.0,1.0
2016-05-27,0.0038978673682673677,1.0,1.0
2016-05-31,0.0033308133734287555,1.0,1.0
2016-06-01,0.0031461914795178525,1.0,1.0
2016-06-02,0.0032024112501115413,1.0,1.0
2016-06-03,0.003561314855527074,1.0,1.0
2016-06-06,0.0038127247155231355,1.0,1.0
2016-06-07,0.003283537206147841,1.0,1.0
2016-06-08,0.0032745025878840803,1.0,1.0
2016-06-09,0.003377605545870158,1.0,1.0
2016-06-10,0.007449949974780853,1.0,1.0
2016-06-13,0.008003439522596885,1.0,1.0
2016-06-14,0.004939103462136238,1.0,1.0
2016-06-15,0.0037561449317771133,1.0,1.0
2016-06-16,0.003313602306672305,1.0,1.0
2016-06-17,0.0034430470648051945,1.0,1.0
2016-06-20,0.004094047781190664,1.0,1.0
2016-06-21,0.003409861838565893,1.0,1.0
2016-06-22,0.003324960045276629,1.0,1.0
2016-06-23,0.010786027142813398,1.0,1.0
2016-06-24,0.9881325116231343,0.0,0.0
2016-06-27,0.995174936737436,0.0,0.0
2016-06-28,0.9870142181291406,0.0,0.0
2016-06-29,0.9844315241889403,0.0,0.0
2016-06-30,0.965196284648983,0.0,0.0
2016-07-01,0.8498963812600396,0.0,0.0
2016-07-05,0.7488595159856002,0.0,0.0
2016-07-06,0.5308093884499245,0.0,0.0
2016-07-07,0.2713523468435906,0.0,0.0
2016-07-08,0.36479858898457596,0.0,0.0
2016-07-11,0.17134992004189384,1.0,0.0
2016-07-12,0.087090331697803,1.0,1.0
2016-07-13,0.03315745989880827,1.0,1.0
2016-07-14,0.014993988033472273,1.0,1.0
2016-07-15,0.0071501978927528045,1.0,1.0
2016-07-18,0.004472965965699232,1.0,1.0
2016-07-19,0.00373163294295359,1.0,1.0
2016-07-20,0.0036083468938172113,1.0,1.0
2016-07-21,0.0037188563169642946,1.0,1.0
2016-07-22,0.003603594287742398,1.0,1.0
2016-07-25,0.0034978231474643443,1.0,1.0
2016-07-26,0.0031794095700972904,1.0,1.0
2016-07-27,0.0031768551941583423,1.0,1.0
2016-07-28,0.0030896531725217737,1.0,1.0
2016-07-29,0.003052605482004155,1.0,1.0
2016-08-01,0.00315284176648741,1.0,1.0
2016-08-02,0.004634884006719902,1.0,1.0
2016-08-03,0.003885085848691007,1.0,1.0
2016-08-04,0.0033085450538318105,1.0,1.0
2016-08-05,0.004952014044360823,1.0,1.0
2016-08-08,0.0037174408393691083,1.0,1.0
2016-08-09,0.0032522317660710694,1.0,1.0
2016-08-10,0.003402813872920891,1.0,1.0
2016-08-11,0.004483745342639353,1.0,1.0
2016-08-12,0.0040601533809330485,1.0,1.0
2016-08-15,0.004068933374512563,1.0,1.0
2016-08-16,0.00522944238538322,1.0,1.0
2016-08-17,0.004241865093580702,1.0,1.0
2016-08-18,0.004047524837058119,1.0,1.0
2016-08-19,0.003961761590990295,1.0,1.0
2016-08-22,0.003854489518509577,1.0,1.0
2016-08-23,0.0038524909836796504,1.0,1.0
2016-08-24,0.005040290228438472,1.0,1.0
2016-08-25,0.0042680518930081094,1.0,1.0
2016-08-26,0.004087908165437305,1.0,1.0
2016-08-29,0.0043907019192689686,1.0,1.0
2016-08-30,0.004116750847915173,1.0,1.0
2016-08-31,0.004183643110455076,1.0,1.0
2016-09-01,0.0039042495662319613,1.0,1.0
2016-09-02,0.0043212805202472995,1.0,1.0
2016-09-06,0.004019835432988387,1.0,1.0
2016-09-07,0.0038379091884582946,1.0,1.0
2016-09-08,0.0039815019070483185,1.0,1.0
2016-09-09,0.2579508388076203,1.0,1.0
2016-09-12,0.28835396879938574,0.0,1.0
2016-09-13,0.42941855064815565,0.0,1.0
2016-09-14,0.2016506075324681,1.0,1.0
2016-09-15,0.1415420623071501,1.0,1.0
2016-09-16,0.061817190877158985,1.0,1.0
2016-09-19,0.023830190347722113,1.0,1.0
2016-09-20,0.010592062078728912,1.0,1.0
2016-09-21,0.01233087965404398,1.0,1.0
2016-09-22,0.008484753019554103,1.0,1.0
2016-09-23,0.007358821072694098,1.0,1.0
2016-09-26,0.009512717901457184,1.0,1.0
2016-09-27,0.0069398908818716675,1.0,1.0
2016-09-28,0.0055724053053147924,1.0,1.0
2016-09-29,0.009633054563888157,1.0,1.0
2016-09-30,0.00868836491519622,1.0,1.0
2016-10-03,0.005887024036480693,1.0,1.0
2016-10-04,0.005474796596853576,1.0,1.0
2016-10-05,0.005072267882964442,1.0,1.0
2016-10-06,0.004259367009305773,1.0,1.0
2016-10-07,0.0045792737019288016,1.0,1.0
2016-10-10,0.004549708796850732,1.0,1.0
2016-10-11,0.015231011918030975,1.0,1.0
2016-10-12,0.007599797693650393,1.0,1.0
2016-10-13,0.0059998812134144175,1.0,1.0
2016-10-14,0.004520411590093476,1.0,1.0
2016-10-17,0.004437603818171271,1.0,1.0
2016-10-18,0.004730873412967541,1.0,1.0
2016-10-19,0.0041319612070839055,1.0,1.0
2016-10-20,0.0040547163529170704,1.0,1.0
2016-10-21,0.0038650570598983093,1.0,1.0
2016-10-24,0.004332435659899395,1.0,1.0
2016-10-25,0.00487662000252941,1.0,1.0
2016-10-26,0.004436616041088211,1.0,1.0
2016-10-27,0.004480241233199896,1.0,1.0
2016-10-28,0.004422798051509762,1.0,1.0
2016-10-31,0.003987984046363801,1.0,1.0
2016-11-01,0.005790176034105029,1.0,1.0
2016-11-02,0.007073538504446325,1.0,1.0
2016-11-03,0.005750799337809595,1.0,1.0
2016-11-04,0.004558856757503155,1.0,1.0
2016-11-07,0.08722054173111411,1.0,1.0
2016-11-08,0.03514406172329907,1.0,1.0
2016-11-09,0.04905614099149129,1.0,1.0
2016-11-10,0.019916237659482673,1.0,1.0
2016-11-11,0.009221379458065105,1.0,1.0
2016-11-14,0.005613912413820264,1.0,1.0
2016-11-15,0.006130471702404974,1.0,1.0
2016-11-16,0.004689551595496191,1.0,1.0
2016-11-17,0.004704177981865429,1.0,1.0
2016-11-18,0.004253877290755735,1.0,1.0
2016-11-21,0.00534272794642781,1.0,1.0
2016-11-22,0.004413398954992874,1.0,1.0
2016-11-23,0.00397636150822729,1.0,1.0
2016-11-25,0.004072133994003378,1.0,1.0
2016-11-28,0.005595368042768809,1.0,1.0
2016-11-29,0.004363805704230642,1.0,1.0
2016-11-30,0.004292546241964533,1.0,1.0
2016-12-01,0.004533701232346222,1.0,1.0
2016-12-02,0.004034652537300133,1.0,1.0
2016-12-05,0.005148905502318805,1.0,1.0
2016-12-06,0.004635675354157254,1.0,1.0
2016-12-07,0.01020550481718976,1.0,1.0
2016-12-08,0.00618938506610419,1.0,1.0
2016-12-09,0.004991696235893308,1.0,1.0
2016-12-12,0.004636224142173223,1.0,1.0
2016-12-13,0.004809435769176102,1.0,1.0
2016-12-14,0.007295981570928977,1.0,1.0
2016-12-15,0.0053957013638271135,1.0,1.0
2016-12-16,0.004602191869770337,1.0,1.0
2016-12-19,0.004073624518215194,1.0,1.0
2016-12-20,0.00418006249208424,1.0,1.0
2016-12-21,0.00420639845280731,1.0,1.0
2016-12-22,0.004345194964743787,1.0,1.0
2016-12-23,0.003969521780301373,1.0,1.0
2016-12-27,0.0039004279085112035,1.0,1.0
2016-12-28,0.007209607846817259,1.0,1.0
2016-12-29,0.004964057300286231,1.0,1.0
2016-12-30,0.005390507615181695,1.0,1.0
2017-01-03,0.006206685572772632,1.0,1.0
2017-01-04,0.006346287051278696,1.0,1.0
2017-01-05,0.004920432992007041,1.0,1.0
2017-01-06,0.004244620835964911,1.0,1.0
2017-01-09,0.004544024881689428,1.0,1.0
2017-01-10,0.004023112310186292,1.0,1.0
2017-01-11,0.003960382466700739,1.0,1.0
2017-01-12,0.004254078703549705,1.0,1.0
2017-01-13,0.004017159019252396,1.0,1.0
2017-01-17,0.004860062198620308,1.0,1.0
2017-01-18,0.004175568018493739,1.0,1.0
2017-01-19,0.004546714093504425,1.0,1.0
2017-01-20,0.004165470925449419,1.0,1.0
2017-01-23,0.004306806626762655,1.0,1.0
2017-01-24,0.005629718480952694,1.0,1.0
2017-01-25,0.006385880129816063,1.0,1.0
2017-01-26,0.004750458927224629,1.0,1.0
2017-01-27,0.004214808002256854,1.0,1.0
2017-01-30,0.0059040687014011006,1.0,1.0
2017-01-31,0.004493973168793276,1.0,1.0
2017-02-01,0.0040078007632939555,1.0,1.0
2017-02-02,0.0038699418105605605,1.0,1.0
2017-02-03,0.005422115545207239,1.0,1.0
2017-02-06,0.004721061206507591,1.0,1.0
2017-02-07,0.004097404572499756,1.0,1.0
2017-02-08,0.003865502721199565,1.0,1.0
2017-02-09,0.004900468915953542,1.0,1.0
2017-02-10,0.0045713539256107445,1.0,1.0
2017-02-13,0.0046139921695222425,1.0,1.0
2017-02-14,0.004534969509033696,1.0,1.0
2017-02-15,0.004707152151245951,1.0,1.0
2017-02-16,0.0043914326154501256,1.0,1.0
2017-02-17,0.004116818121994367,1.0,1.0
2017-02-21,0.0047608157881521805,1.0,1.0
2017-02-22,0.004394564738124248,1.0,1.0
2017-02-23,0.0042263452458119605,1.0,1.0
2017-02-24,0.004040064603649217,1.0,1.0
2017-02-27,0.004005383493220001,1.0,1.0
2017-02-28,0.0047732810575700215,1.0,1.0
2017-03-01,0.015512955978100701,1.0,1.0
2017-03-02,0.011996861578494953,1.0,1.0
2017-03-03,0.006624277244979435,1.0,1.0
2017-03-06,0.005624725598558043,1.0,1.0
2017-03-07,0.005171593111083559,1.0,1.0
2017-03-08,0.004605159328043948,1.0,1.0
2017-03-09,0.004165033540152846,1.0,1.0
2017-03-10,0.0041786079434387524,1.0,1.0
2017-03-13,0.004019543270433292,1.0,1.0
2017-03-14,0.004588054247867253,1.0,1.0
2017-03-15,0.006215194829832302,1.0,1.0
2017-03-16,0.004786531322047768,1.0,1.0
2017-03-17,0.004312891610745672,1.0,1.0
2017-03-20,0.0044191851315268215,1.0,1.0
2017-03-21,0.023420049377582033,1.0,1.0
2017-03-22,0.010505291273711224,1.0,1.0
2017-03-23,0.0061940335022773714,1.0,1.0
2017-03-24,0.00475834363009826,1.0,1.0
2017-03-27,0.004274074245580606,1.0,1.0
2017-03-28,0.005343064218973495,1.0,1.0
2017-03-29,0.004423682559848371,1.0,1.0
2017-03-30,0.004297937345547211,1.0,1.0
2017-03-31,0.004249231039090664,1.0,1.0
2017-04-03,0.004463408759711282,1.0,1.0
2017-04-04,0.00411792390905205,1.0,1.0
2017-04-05,0.004889574603837973,1.0,1.0
2017-04-06,0.004387236095333206,1.0,1.0
2017-04-07,0.004177441357962603,1.0,1.0
2017-04-10,0.004017306315246364,1.0,1.0
2017-04-11,0.004024461864452682,1.0,1.0
2017-04-12,0.005045525037804159,1.0,1.0
2017-04-13,0.007097892409899232,1.0,1.0
2017-04-17,0.007705623335000756,1.0,1.0
2017-04-18,0.005645860362428372,1.0,1.0
2017-04-19,0.004604628284139794,1.0,1.0
2017-04-20,0.006032767202986312,1.0,1.0
2017-04-21,0.005117374280218272,1.0,1.0
2017-04-24,0.009749584796921002,1.0,1.0
2017-04-25,0.007308098970109632,1.0,1.0
2017-04-26,0.005068731358925938,1.0,1.0
2017-04-27,0.004319157528554529,1.0,1.0
2017-04-28,0.0045377983867582175,1.0,1.0
2017-05-01,0.004171912911438574,1.0,1.0
2017-05-02,0.004027615752083075,1.0,1.0
2017-05-03,0.004203037500177433,1.0,1.0
2017-05-04,0.004042098769873118,1.0,1.0
2017-05-05,0.004349829163675028,1.0,1.0
2017-05-08,0.004128193707924958,1.0,1.0
2017-05-09,0.004061798441353733,1.0,1.0
2017-05-10,0.0040067022959308675,1.0,1.0
2017-05-11,0.004308729353760689,1.0,1.0
2017-05-12,0.004284868399085458,1.0,1.0
2017-05-15,0.004612752854436188,1.0,1.0
2017-05-16,0.004208771927750074,1.0,1.0
2017-05-17,0.07438827748539913,1.0,1.0
2017-05-18,0.03020464318106121,1.0,1.0
2017-05-19,0.016416094023655372,1.0,1.0
2017-05-22,0.009396870238781534,1.0,1.0
2017-05-23,0.0057798787739719165,1.0,1.0
2017-05-24,0.00461225121079646,1.0,1.0
2017-05-25,0.0044710783750372286,1.0,1.0
2017-05-26,0.004117985197093232,1.0,1.0
2017-05-30,0.004234782700244887,1.0,1.0
2017-05-31,0.004074933141468936,1.0,1.0
2017-06-01,0.0065162342914928595,1.0,1.0
2017-06-02,0.005008916111743014,1.0,1.0
2017-06-05,0.004512848684305407,1.0,1.0
2017-06-06,0.004559980005962038,1.0,1.0
2017-06-07,0.004150950164650469,1.0,1.0
2017-06-08,0.004026197490966498,1.0,1.0
2017-06-09,0.0041000646737653496,1.0,1.0
2017-06-12,0.004125382514881504,1.0,1.0
2017-06-13,0.004608854730736597,1.0,1.0
2017-06-14,0.00437326641187149,1.0,1.0
2017-06-15,0.004557833680660496,1.0,1.0
2017-06-16,0.004198125093432786,1.0,1.0
2017-06-19,0.006021974829910537,1.0,1.0
2017-06-20,0.007455777054825206,1.0,1.0
2017-06-21,0.005207554212372459,1.0,1.0
2017-06-22,0.004376895782227628,1.0,1.0
2017-06-23,0.004139896118667134,1.0,1.0
2017-06-26,0.004013420480564671,1.0,1.0
2017-06-27,0.007402392130158134,1.0,1.0
2017-06-28,0.009057932421997126,1.0,1.0
2017-06-29,0.010252652880824619,1.0,1.0
2017-06-30,0.006046344757441259,1.0,1.0
2017-07-03,0.004693132945300758,1.0,1.0
2017-07-05,0.004188809150664872,1.0,1.0
2017-07-06,0.0086256089806712,1.0,1.0
2017-07-07,0.007007975199243841,1.0,1.0
2017-07-10,0.004964890889457803,1.0,1.0
2017-07-11,0.00430655953283141,1.0,1.0
2017-07-12,0.005310803478672463,1.0,1.0
2017-07-13,0.004408216122597163,1.0,1.0
2017-07-14,0.004398351628986262,1.0,1.0
2017-07-17,0.004117279338731097,1.0,1.0
2017-07-18,0.004005902316262161,1.0,1.0
2017-07-19,0.004684559434546153,1.0,1.0
2017-07-20,0.004218949921846762,1.0,1.0
2017-07-21,0.004120375252951923,1.0,1.0
2017-07-24,0.004043558029472586,1.0,1.0
2017-07-25,0.004197349111682121,1.0,1.0
2017-07-26,0.004093816952206089,1.0,1.0
2017-07-27,0.0041495376087301574,1.0,1.0
2017-07-28,0.004213095441025828,1.0,1.0
2017-07-31,0.004151779612311555,1.0,1.0
2017-08-01,0.004064182574274378,1.0,1.0
2017-08-02,0.004067904123416732,1.0,1.0
2017-08-03,0.004252359737134442,1.0,1.0
2017-08-04,0.004106379311912764,1.0,1.0
2017-08-07,0.004003358436845243,1.0,1.0
2017-08-08,0.004267145682461701,1.0,1.0
2017-08-09,0.00420933181532298,1.0,1.0
2017-08-10,0.023029678592010168,1.0,1.0
2017-08-11,0.011182355430754897,1.0,1.0
2017-08-14,0.01190230390445248,1.0,1.0
2017-08-15,0.006876797402988755,1.0,1.0
2017-08-16,0.0050176302094830805,1.0,1.0
2017-08-17,0.03405347715206135,1.0,1.0
2017-08-18,0.014788614090433954,1.0,1.0
2017-08-21,0.007634637855764711,1.0,1.0
2017-08-22,0.01027148472526043,1.0,1.0
2017-08-23,0.006944312064222599,1.0,1.0
2017-08-24,0.005247250381228949,1.0,1.0
2017-08-25,0.004476606956729725,1.0,1.0
2017-08-28,0.0042031581269999,1.0,1.0
2017-08-29,0.004111749437689026,1.0,1.0
2017-08-30,0.0046593752324004594,1.0,1.0
2017-08-31,0.0051725514590883,1.0,1.0
2017-09-01,0.004535416932738086,1.0,1.0
2017-09-05,0.0075399438523851645,1.0,1.0
2017-09-06,0.005336391237225497,1.0,1.0
2017-09-07,0.004579787466802391,1.0,1.0
2017-09-08,0.004463569890605022,1.0,1.0
2017-09-11,0.00822763732548352,1.0,1.0
2017-09-12,0.005855419869581117,1.0,1.0
2017-09-13,0.004657106701096718,1.0,1.0
2017-09-14,0.004426479032575765,1.0,1.0
2017-09-15,0.004209644906143621,1.0,1.0
2017-09-18,0.004171914793982,1.0,1.0
2017-09-19,0.004108739986332127,1.0,1.0
2017-09-20,0.0040878749616185366,1.0,1.0
2017-09-21,0.004518546281909277,1.0,1.0
2017-09-22,0.0042184395231119306,1.0,1.0
2017-09-25,0.004518068437685271,1.0,1.0
2017-09-26,0.004220493963150248,1.0,1.0
2017-09-27,0.005034747762498829,1.0,1.0
2017-09-28,0.004388873177495216,1.0,1.0
2017-09-29,0.004363846456201744,1.0,1.0
2017-10-02,0.004670187803896171,1.0,1.0
2017-10-03,0.004344559525916004,1.0,1.0
2017-10-04,0.004165902565846916,1.0,1.0
2017-10-05,0.0047391013080615415,1.0,1.0
2017-10-06,0.004389532951143062,1.0,1.0
2017-10-09,0.004512480932750378,1.0,1.0
2017-10-10,0.0042731879310052585,1.0,1.0
2017-10-11,0.0041454459511680785,1.0,1.0
2017-10-12,0.004329716712501238,1.0,1.0
2017-10-13,0.004164294949155707,1.0,1.0
2017-10-16,0.004113268259569457,1.0,1.0
2017-10-17,0.004106006494463375,1.0,1.0
2017-10-18,0.004084349021108322,1.0,1.0
2017-10-19,0.004091414171731923,1.0,1.0
2017-10-20,0.004773213097376592,1.0,1.0
2017-10-23,0.0053412591691663356,1.0,1.0
2017-10-24,0.004519403687303281,1.0,1.0
2017-10-25,0.005457574640307925,1.0,1.0
2017-10-26,0.0045580875890563685,1.0,1.0
2017-10-27,0.00612862068987075,1.0,1.0
2017-10-30,0.005943701644895181,1.0,1.0
2017-10-31,0.004743170566772836,1.0,1.0
2017-11-01,0.004297625940680527,1.0,1.0
2017-11-02,0.004147707150885871,1.0,1.0
2017-11-03,0.004212280526828667,1.0,1.0
2017-11-06,0.004119532897192117,1.0,1.0
2017-11-07,0.004356783139779169,1.0,1.0
2017-11-08,0.004163574280235566,1.0,1.0
2017-11-09,0.004939350244395152,1.0,1.0
2017-11-10,0.004380080893378777,1.0,1.0
2017-11-13,0.00417040291031886,1.0,1.0
2017-11-14,0.004413750438783747,1.0,1.0
2017-11-15,0.005507941200810291,1.0,1.0
2017-11-16,0.008211986476996934,1.0,1.0
2017-11-17,0.005666255951492865,1.0,1.0
2017-11-20,0.004634458431464646,1.0,1.0
2017-11-21,0.0053679654699993525,1.0,1.0
2017-11-22,0.004569397293408396,1.0,1.0
2017-11-24,0.004269253683408963,1.0,1.0
2017-11-27,0.004210320389541408,1.0,1.0
2017-11-28,0.007954227719126173,1.0,1.0
2017-11-29,0.005376243244486368,1.0,1.0
2017-11-30,0.006519161597482137,1.0,1.0
2017-12-01,0.005248157132396661,1.0,1.0
2017-12-04,0.0045999365223305475,1.0,1.0
2017-12-05,0.005150495007733713,1.0,1.0
2017-12-06,0.004540527135543879,1.0,1.0
2017-12-07,0.0045441443722875445,1.0,1.0
2017-12-08,0.004764391628650202,1.0,1.0
2017-12-11,0.00438656106069295,1.0,1.0
2017-12-12,0.00417496069327651,1.0,1.0
2017-12-13,0.004121425178229578,1.0,1.0
2017-12-14,0.005156581235908914,1.0,1.0
2017-12-15,0.007160687919651146,1.0,1.0
2017-12-18,0.006368243374144901,1.0,1.0
2017-12-19,0.005413339851779521,1.0,1.0
2017-12-20,0.004537470247931535,1.0,1.0
2017-12-21,0.004281546496511174,1.0,1.0
2017-12-22,0.004224444066586308,1.0,1.0
2017-12-26,0.00420522165937278,1.0,1.0
2017-12-27,0.004119873418351174,1.0,1.0
2017-12-28,0.0041265156718669534,1.0,1.0
2017-12-29,0.005637842457052072,1.0,1.0
2018-01-02,0.006856881464559807,1.0,1.0
2018-01-03,0.005922908799475806,1.0,1.0
2018-01-04,0.005035072414651828,1.0,1.0
2018-01-05,0.005490010710186199,1.0,1.0
2018-01-08,0.004562674238458694,1.0,1.0
2018-01-09,0.004237835399745412,1.0,1.0
2018-01-10,0.004209729462627871,1.0,1.0
2018-01-11,0.006220332849613397,1.0,1.0
2018-01-12,0.005979463058445799,1.0,1.0
2018-01-16,0.006029139892792665,1.0,1.0
2018-01-17,0.007903340437504501,1.0,1.0
2018-01-18,0.005643170612186338,1.0,1.0
2018-01-19,0.005372570135330065,1.0,1.0
2018-01-22,0.006201419511659186,1.0,1.0
2018-01-23,0.004820751386813248,1.0,1.0
2018-01-24,0.004482553932765904,1.0,1.0
2018-01-25,0.004206641251898016,1.0,1.0
2018-01-26,0.008531107329049556,1.0,1.0
2018-01-29,0.008031768183362242,1.0,1.0
2018-01-30,0.01404797038033476,1.0,1.0
2018-01-31,0.007532739614963993,1.0,1.0
2018-02-01,0.005230358317433749,1.0,1.0
2018-02-02,0.13829015156208221,1.0,1.0
2018-02-05,0.9999162114762421,0.0,0.0
2018-02-06,0.9840557571889885,0.0,0.0
2018-02-07,0.891051423036255,0.0,0.0
2018-02-08,0.9999832597808826,0.0,0.0
2018-02-09,0.9710121643931093,0.0,0.0
2018-02-12,0.9396116140717958,0.0,0.0
2018-02-13,0.7716387107624076,0.0,0.0
2018-02-14,0.815181152257714,0.0,0.0
2018-02-15,0.7591842297490873,0.0,0.0
2018-02-16,0.4827116886854794,0.0,0.0
2018-02-20,0.3085565855462995,0.0,0.0
2018-02-21,0.15575001076864456,1.0,0.0
2018-02-22,0.059832799859088875,1.0,1.0
2018-02-23,0.10093443663602183,1.0,1.0
2018-02-26,0.07901721522285539,1.0,1.0
2018-02-27,0.11246556393355438,1.0,1.0
2018-02-28,0.12071669701906561,1.0,1.0
2018-03-01,0.14686195689118992,1.0,1.0
2018-03-02,0.07134382651399157,1.0,1.0
2018-03-05,0.053670746515695804,1.0,1.0
2018-03-06,0.022369579701184163,1.0,1.0
2018-03-07,0.010756827159890634,1.0,1.0
2018-03-08,0.007237473067554491,1.0,1.0
2018-03-09,0.038099276907557454,1.0,1.0
2018-03-12,0.016514402126591898,1.0,1.0
2018-03-13,0.013855646183128116,1.0,1.0
2018-03-14,0.01075380148523304,1.0,1.0
2018-03-15,0.007305590269173582,1.0,1.0
2018-03-16,0.005837243558417321,1.0,1.0
2018-03-19,0.02704087374021376,1.0,1.0
2018-03-20,0.012295193812833286,1.0,1.0
2018-03-21,0.007575462115860748,1.0,1.0
2018-03-22,0.5420675723202586,0.0,1.0
2018-03-23,0.9374376468139636,0.0,0.0
2018-03-26,0.9977649968212239,0.0,0.0
2018-03-27,0.9941020056382323,0.0,0.0
2018-03-28,0.9029958830272937,0.0,0.0
2018-03-29,0.8908754155899247,0.0,0.0
2018-04-02,0.9940379611243704,0.0,0.0
2018-04-03,0.9546107198256131,0.0,0.0
2018-04-04,0.9017403071300046,0.0,0.0
2018-04-05,0.754856559344278,0.0,0.0
2018-04-06,0.9801985226507502,0.0,0.0
2018-04-09,0.8580639055097029,0.0,0.0
2018-04-10,0.9283898582743595,0.0,0.0
2018-04-11,0.7924373532553757,0.0,0.0
2018-04-12,0.6215030436770579,0.0,0.0
2018-04-13,0.3777032662872381,0.0,0.0
2018-04-16,0.22348570810317098,1.0,0.0
2018-04-17,0.16541006348141107,1.0,0.0
2018-04-18,0.06329532276299717,1.0,1.0
2018-04-19,0.03226033693432511,1.0,1.0
2018-04-20,0.026329838686103953,1.0,1.0
2018-04-23,0.012286865280329075,1.0,1.0
2018-04-24,0.032395800702754385,1.0,1.0
2018-04-25,0.014089831264285457,1.0,1.0
2018-04-26,0.01348653539231787,1.0,1.0
2018-04-27,0.007843136874992536,1.0,1.0
2018-04-30,0.011198066449600662,1.0,1.0
2018-05-01,0.007131045265153986,1.0,1.0
2018-05-02,0.008509083119488453,1.0,1.0
2018-05-03,0.0067815389629728605,1.0,1.0
2018-05-04,0.0160294238881061,1.0,1.0
2018-05-07,0.009214736761547309,1.0,1.0
2018-05-08,0.00638731274089993,1.0,1.0
2018-05-09,0.008687697110052827,1.0,1.0
2018-05-10,0.009333536034492216,1.0,1.0
2018-05-11,0.006447417909008414,1.0,1.0
2018-05-14,0.005489496534711264,1.0,1.0
2018-05-15,0.007167560464252487,1.0,1.0
2018-05-16,0.006392273073796588,1.0,1.0
2018-05-17,0.005498359467041741,1.0,1.0
2018-05-18,0.0056371748271732995,1.0,1.0
2018-05-21,0.006875168381468019,1.0,1.0
2018-05-22,0.006939201745181223,1.0,1.0
2018-05-23,0.0057703304555600755,1.0,1.0
2018-05-24,0.005552160552895135,1.0,1.0
2018-05-25,0.005627809667092341,1.0,1.0
2018-05-29,0.013801259591827547,1.0,1.0
2018-05-30,0.022945244358886487,1.0,1.0
2018-05-31,0.017824852262103584,1.0,1.0
2018-06-01,0.0180012066511753,1.0,1.0
2018-06-04,0.010263268050264184,1.0,1.0
2018-06-05,0.006734509317171692,1.0,1.0
2018-06-06,0.008469286920030846,1.0,1.0
2018-06-07,0.006433392500061364,1.0,1.0
2018-06-08,0.0056328982396209,1.0,1.0
2018-06-11,0.005208266070256356,1.0,1.0
2018-06-12,0.005123021244977779,1.0,1.0
2018-06-13,0.005836858836732889,1.0,1.0
2018-06-14,0.005387774418162466,1.0,1.0
2018-06-15,0.005256807314183494,1.0,1.0
2018-06-18,0.005243138581502595,1.0,1.0
2018-06-19,0.006091707364546892,1.0,1.0
2018-06-20,0.005414199651538075,1.0,1.0
2018-06-21,0.008735376192518766,1.0,1.0
2018-06-22,0.006221958176581256,1.0,1.0
2018-06-25,0.035425293258615244,1.0,1.0
2018-06-26,0.015398639425085264,1.0,1.0
2018-06-27,0.021815463528494734,1.0,1.0
2018-06-28,0.01241442467867945,1.0,1.0
2018-06-29,0.007444499616773033,1.0,1.0
2018-07-02,0.006073909079094501,1.0,1.0
2018-07-03,0.0067245313283409965,1.0,1.0
2018-07-05,0.008560271923606286,1.0,1.0
2018-07-06,0.009589483808935756,1.0,1.0
2018-07-09,0.01072907437298079,1.0,1.0
2018-07-10,0.006925559929055259,1.0,1.0
2018-07-11,0.009222596383961954,1.0,1.0
2018-07-12,0.009596181460168267,1.0,1.0
2018-07-13,0.006508906701833144,1.0,1.0
2018-07-16,0.0058068721840016215,1.0,1.0
2018-07-17,0.00582859874174161,1.0,1.0
2018-07-18,0.00535950390404803,1.0,1.0
2018-07-19,0.005965884419590244,1.0,1.0
2018-07-20,0.005498579470761398,1.0,1.0
2018-07-23,0.005173222711201755,1.0,1.0
2018-07-24,0.005102795472779606,1.0,1.0
2018-07-25,0.007413255668990956,1.0,1.0
2018-07-26,0.006256758424760959,1.0,1.0
2018-07-27,0.010366410626616755,1.0,1.0
2018-07-30,0.011060185834577742,1.0,1.0
2018-07-31,0.007865206815703636,1.0,1.0
2018-08-01,0.0062031624049611305,1.0,1.0
2018-08-02,0.006814105184799524,1.0,1.0
2018-08-03,0.005760931172865129,1.0,1.0
2018-08-06,0.0057498766673522664,1.0,1.0
2018-08-07,0.005372743735648852,1.0,1.0
2018-08-08,0.005212493188070993,1.0,1.0
2018-08-09,0.005171496889500961,1.0,1.0
2018-08-10,0.0073946345971488605,1.0,1.0
2018-08-13,0.009168276009791608,1.0,1.0
2018-08-14,0.009063303438609512,1.0,1.0
2018-08-15,0.0159916021821422,1.0,1.0
2018-08-16,0.014145565055520505,1.0,1.0
2018-08-17,0.008894170826661744,1.0,1.0
2018-08-20,0.007055418409500925,1.0,1.0
2018-08-21,0.006587475400808461,1.0,1.0
2018-08-22,0.006242371425613132,1.0,1.0
2018-08-23,0.006584445569343234,1.0,1.0
2018-08-24,0.007538595447571137,1.0,1.0
2018-08-27,0.00877950438060234,1.0,1.0
2018-08-28,0.007022488559087138,1.0,1.0
2018-08-29,0.0073814559988023675,1.0,1.0
2018-08-30,0.008063649162610915,1.0,1.0
2018-08-31,0.006705169167332159,1.0,1.0
2018-09-04,0.0065220341734706965,1.0,1.0
2018-09-05,0.007717308958042263,1.0,1.0
2018-09-06,0.00841030583859048,1.0,1.0
2018-09-07,0.007307208549259502,1.0,1.0
2018-09-10,0.006509795961204185,1.0,1.0
2018-09-11,0.006496189845565634,1.0,1.0
2018-09-12,0.006228480348161214,1.0,1.0
2018-09-13,0.006634167690840351,1.0,1.0
2018-09-14,0.006232629310747767,1.0,1.0
2018-09-17,0.010571393891360265,1.0,1.0
2018-09-18,0.008778291423161003,1.0,1.0
2018-09-19,0.006955868030406241,1.0,1.0
2018-09-20,0.008780756228049955,1.0,1.0
2018-09-21,0.007278263455491008,1.0,1.0
2018-09-24,0.007444286010098026,1.0,1.0
2018-09-25,0.00664563555617951,1.0,1.0
2018-09-26,0.007703877748578333,1.0,1.0
2018-09-27,0.006692757380641711,1.0,1.0
2018-09-28,0.006364373699709947,1.0,1.0
2018-10-01,0.006152241958313874,1.0,1.0
2018-10-02,0.0066188184896757195,1.0,1.0
2018-10-03,0.006257387638153094,1.0,1.0
2018-10-04,0.014389601299572258,1.0,1.0
2018-10-05,0.013715797516403401,1.0,1.0
2018-10-08,0.009161106246418691,1.0,1.0
2018-10-09,0.007568824844624056,1.0,1.0
2018-10-10,0.9865069607502136,0.0,0.0
2018-10-11,0.9942939569661733,0.0,0.0
2018-10-12,0.9602816779665961,0.0,0.0
2018-10-15,0.8386725665708074,0.0,0.0
2018-10-16,0.9795841482822125,0.0,0.0
2018-10-17,0.8435627611775529,0.0,0.0
2018-10-18,0.9253900359686484,0.0,0.0
2018-10-19,0.746468079293868,0.0,0.0
2018-10-22,0.5097569183770749,0.0,0.0
2018-10-23,0.3345335652314059,0.0,0.0
2018-10-24,0.999450308911219,0.0,0.0
2018-10-25,0.9900580215270611,0.0,0.0
2018-10-26,0.9865428614254128,0.0,0.0
2018-10-29,0.9153375994557874,0.0,0.0
2018-10-30,0.9390745595887381,0.0,0.0
2018-10-31,0.8851005743548017,0.0,0.0
2018-11-01,0.8464212346122161,0.0,0.0
2018-11-02,0.6701193803704977,0.0,0.0
2018-11-05,0.39361387632293343,0.0,0.0
2018-11-06,0.19638205483177235,1.0,0.0
2018-11-07,0.6518001212611012,0.0,0.0
2018-11-08,0.39134388998792624,0.0,0.0
2018-11-09,0.3728342477697723,0.0,0.0
2018-11-12,0.8881111623137212,0.0,0.0
2018-11-13,0.6707624222176597,0.0,0.0
2018-11-14,0.5363595636533047,0.0,0.0
2018-11-15,0.46472808478863414,0.0,0.0
2018-11-16,0.21612287686131995,1.0,0.0
2018-11-19,0.6794615502906906,0.0,0.0
2018-11-20,0.9299553916283202,0.0,0.0
2018-11-21,0.7576517418489839,0.0,0.0
2018-11-23,0.5616954434920426,0.0,0.0
2018-11-26,0.6973367166127828,0.0,0.0
2018-11-27,0.40666388780457813,0.0,0.0
2018-11-28,0.9318813356370093,0.0,0.0
2018-11-29,0.7562878374389373,0.0,0.0
2018-11-30,0.5592113986810671,0.0,0.0
2018-12-03,0.46624711054282686,0.0,0.0
2018-12-04,0.9998411906534526,0.0,0.0
2018-12-06,0.8924049653137326,0.0,0.0
2018-12-07,0.9959726778239262,0.0,0.0
2018-12-10,0.8770274350735886,0.0,0.0
2018-12-11,0.6485114559957976,0.0,0.0
2018-12-12,0.4164333198128028,0.0,0.0
2018-12-13,0.20392993806941026,1.0,0.0
2018-12-14,0.6711350231454424,0.0,0.0
2018-12-17,0.9699950377500964,0.0,0.0
2018-12-18,0.8202173502020675,0.0,0.0
2018-12-19,0.9230769322947201,0.0,0.0
2018-12-20,0.9653638372244175,0.0,0.0
2018-12-21,0.9959481858363343,0.0,0.0
2018-12-24,0.9994715127275937,0.0,0.0
2018-12-26,0.9999999993732873,0.0,0.0
2018-12-27,0.9165359595641954,0.0,0.0
2018-12-28,0.7137396113333699,0.0,0.0
2018-12-31,0.5417024642026123,0.0,0.0
2019-01-02,0.27106058940810845,1.0,0.0
2019-01-03,0.9557830661784854,0.0,0.0
2019-01-04,0.999972408273819,0.0,0.0
2019-01-07,0.9295799493745537,0.0,0.0
2019-01-08,0.8368868994684775,0.0,0.0
2019-01-09,0.6087876634019386,0.0,0.0
2019-01-10,0.33660963207911665,0.0,0.0
2019-01-11,0.14309022482475864,1.0,1.0
2019-01-14,0.07993855565326842,1.0,1.0
2019-01-15,0.05932337786277834,1.0,1.0
2019-01-16,0.024357230138277605,1.0,1.0
2019-01-17,0.016814334021320567,1.0,1.0
2019-01-18,0.027766297272954075,1.0,1.0
2019-01-22,0.09894510055180923,1.0,1.0
2019-01-23,0.03805267482177816,1.0,1.0
2019-01-24,0.016769729033429746,1.0,1.0
2019-01-25,0.015227793145986622,1.0,1.0
2019-01-28,0.01740115215039429,1.0,1.0
2019-01-29,0.010505787280800899,1.0,1.0
2019-01-30,0.032938962006911175,1.0,1.0
2019-01-31,0.02399804880925398,1.0,1.0
2019-02-01,0.0119214114634117,1.0,1.0
2019-02-04,0.010590981622599792,1.0,1.0
2019-02-05,0.008093022938290107,1.0,1.0
2019-02-06,0.007303662227428921,1.0,1.0
2019-02-07,0.015180900535036065,1.0,1.0
2019-02-08,0.009019837203061152,1.0,1.0
2019-02-11,0.007008462153918468,1.0,1.0
2019-02-12,0.02076886494278074,1.0,1.0
2019-02-13,0.010751177209222891,1.0,1.0
2019-02-14,0.008179444713734808,1.0,1.0
2019-02-15,0.014249183225014703,1.0,1.0
2019-02-19,0.008766246096526667,1.0,1.0
2019-02-20,0.00690651084512767,1.0,1.0
2019-02-21,0.0075266507907503265,1.0,1.0
2019-02-22,0.00795417984476684,1.0,1.0
2019-02-25,0.00661435765602715,1.0,1.0
2019-02-26,0.006549726809672082,1.0,1.0
2019-02-27,0.006141954788962168,1.0,1.0
2019-02-28,0.0069214218574588406,1.0,1.0
2019-03-01,0.008171200431678578,1.0,1.0
2019-03-04,0.009138930727110046,1.0,1.0
2019-03-05,0.007485270487834739,1.0,1.0
2019-03-06,0.01298052752910279,1.0,1.0
2019-03-07,0.0162124514182803,1.0,1.0
2019-03-08,0.01028512362768276,1.0,1.0
2019-03-11,0.02961648849601426,1.0,1.0
2019-03-12,0.014167973043093914,1.0,1.0
2019-03-13,0.01088104528505978,1.0,1.0
2019-03-14,0.007893694291151727,1.0,1.0
2019-03-15,0.007244781192225381,1.0,1.0
2019-03-18,0.006932722725445031,1.0,1.0
2019-03-19,0.006490126907410727,1.0,1.0
2019-03-20,0.0073585814614211,1.0,1.0
2019-03-21,0.01307202235465636,1.0,1.0
2019-03-22,0.31216871235113935,1.0,1.0
2019-03-25,0.1361791643154417,1.0,1.0
2019-03-26,0.07133519268893254,1.0,1.0
2019-03-27,0.038391374358066145,1.0,1.0
2019-03-28,0.018042889672231333,1.0,1.0
2019-03-29,0.012422432138724708,1.0,1.0
2019-04-01,0.01894350564736376,1.0,1.0
2019-04-02,0.010577081870526998,1.0,1.0
2019-04-03,0.007614519805604911,1.0,1.0
2019-04-04,0.006517500660454213,1.0,1.0
2019-04-05,0.006931463232063186,1.0,1.0
2019-04-08,0.006276979569666018,1.0,1.0
2019-04-09,0.009499083269865836,1.0,1.0
2019-04-10,0.00783890898484626,1.0,1.0
2019-04-11,0.0066505966143065075,1.0,1.0
2019-04-12,0.007533362270753923,1.0,1.0
2019-04-15,0.0066992416471820205,1.0,1.0
2019-04-16,0.0061893416754899904,1.0,1.0
2019-04-17,0.006985851630768671,1.0,1.0
2019-04-18,0.006286686468257961,1.0,1.0
2019-04-22,0.006051693475523696,1.0,1.0
2019-04-23,0.010205327587427223,1.0,1.0
2019-04-24,0.008060773372810588,1.0,1.0
2019-04-25,0.00700846572980856,1.0,1.0
2019-04-26,0.007117952127262066,1.0,1.0
2019-04-29,0.006344253377242376,1.0,1.0
2019-04-30,0.0061960542526194266,1.0,1.0
2019-05-01,0.011941467684721652,1.0,1.0
2019-05-02,0.008458342301372436,1.0,1.0
2019-05-03,0.014447770940924014,1.0,1.0
2019-05-06,0.010745790379170644,1.0,1.0
2019-05-07,0.08443161865744268,1.0,1.0
2019-05-08,0.0365467908374215,1.0,1.0
2019-05-09,0.01854662175616754,1.0,1.0
2019-05-10,0.010594132800192177,1.0,1.0
2019-05-13,0.7202620724532387,0.0,1.0
2019-05-14,0.5596383747297924,0.0,1.0
2019-05-15,0.32550151085238843,1.0,1.0
2019-05-16,0.20658670414266958,1.0,1.0
2019-05-17,0.13322387737930924,1.0,1.0
2019-05-20,0.08019519781191747,1.0,1.0
2019-05-21,0.04963681235040679,1.0,1.0
2019-05-22,0.025780773663590825,1.0,1.0
2019-05-23,0.06523756422659913,1.0,1.0
2019-05-24,0.026835453719083507,1.0,1.0
2019-05-28,0.023989420222766247,1.0,1.0
2019-05-29,0.02028942730798988,1.0,1.0
2019-05-30,0.010797920329137095,1.0,1.0
2019-05-31,0.039800902496915994,1.0,1.0
2019-06-03,0.020613562153687114,1.0,1.0
2019-06-04,0.2971278886039435,1.0,1.0
2019-06-05,0.15594524484830866,1.0,1.0
2019-06-06,0.06996015629057477,1.0,1.0
2019-06-07,0.05208065559662213,1.0,1.0
2019-06-10,0.024860095011914336,1.0,1.0
2019-06-11,0.012932401213960693,1.0,1.0
2019-06-12,0.00897778010935341,1.0,1.0
2019-06-13,0.007819971177109922,1.0,1.0
2019-06-14,0.0073846473189586445,1.0,1.0
2019-06-17,0.0064226304397467125,1.0,1.0
2019-06-18,0.01142364929367153,1.0,1.0
2019-06-19,0.008006470949380307,1.0,1.0
2019-06-20,0.010401695329158724,1.0,1.0
2019-06-21,0.008091770741846496,1.0,1.0
2019-06-24,0.007889637821099279,1.0,1.0
2019-06-25,0.016450934745014762,1.0,1.0
2019-06-26,0.009762111313041036,1.0,1.0
2019-06-27,0.00849202513727049,1.0,1.0
2019-06-28,0.008558757493239673,1.0,1.0
2019-07-01,0.009135770824359821,1.0,1.0
2019-07-02,0.0070104936553774784,1.0,1.0
2019-07-03,0.008771841934982086,1.0,1.0
2019-07-05,0.007154570814913726,1.0,1.0
2019-07-08,0.00921596056561216,1.0,1.0
2019-07-09,0.007058561620719803,1.0,1.0
2019-07-10,0.006678486046289497,1.0,1.0
2019-07-11,0.006201760574734546,1.0,1.0
2019-07-12,0.0068115890042216775,1.0,1.0
2019-07-15,0.006372636895259566,1.0,1.0
2019-07-16,0.007057251849534894,1.0,1.0
2019-07-17,0.009795701262075048,1.0,1.0
2019-07-18,0.007511558556360349,1.0,1.0
2019-07-19,0.009291804026621914,1.0,1.0
2019-07-22,0.007144979015750444,1.0,1.0
2019-07-23,0.007735894975213498,1.0,1.0
2019-07-24,0.008104857066507504,1.0,1.0
2019-07-25,0.010223734717313426,1.0,1.0
2019-07-26,0.010594934827622476,1.0,1.0
2019-07-29,0.008706195203022453,1.0,1.0
2019-07-30,0.007329623846072425,1.0,1.0
2019-07-31,0.019680228474162866,1.0,1.0
2019-08-01,0.02904614963095498,1.0,1.0
2019-08-02,0.02878427209343898,1.0,1.0
2019-08-05,0.9693482046225619,0.0,0.0
2019-08-06,0.9337623307083375,0.0,0.0
2019-08-07,0.760937086099425,0.0,0.0
2019-08-08,0.9270015726950821,0.0,0.0
2019-08-09,0.8461720694452216,0.0,0.0
2019-08-12,0.8808081992619007,0.0,0.0
2019-08-13,0.8859636394926387,0.0,0.0
2019-08-14,0.9996018918669608,0.0,0.0
2019-08-15,0.9022122391405067,0.0,0.0
2019-08-16,0.9155449443630991,0.0,0.0
2019-08-19,0.850825512489786,0.0,0.0
2019-08-20,0.7374754441012575,0.0,0.0
2019-08-21,0.5599560401225196,0.0,0.0
2019-08-22,0.2975075278067539,1.0,0.0
2019-08-23,0.9806436778634557,0.0,0.0
2019-08-26,0.9232340760893089,0.0,0.0
2019-08-27,0.7834733017817467,0.0,0.0
2019-08-28,0.5747995870512241,0.0,0.0
2019-08-29,0.5755211439877062,0.0,0.0
2019-08-30,0.30360314998977356,1.0,0.0
2019-09-03,0.23339935871822118,1.0,0.0
2019-09-04,0.17244884736629545,1.0,0.0
2019-09-05,0.20667427626009383,1.0,0.0
2019-09-06,0.08339255434552219,1.0,1.0
2019-09-09,0.0329712342766548,1.0,1.0
2019-09-10,0.015017376655260126,1.0,1.0
2019-09-11,0.013547828793124666,1.0,1.0
2019-09-12,0.008473082173480674,1.0,1.0
2019-09-13,0.0068210298513449626,1.0,1.0
2019-09-16,0.006773423169824545,1.0,1.0
2019-09-17,0.006163220405809887,1.0,1.0
2019-09-18,0.006069400185278678,1.0,1.0
2019-09-19,0.0060528984101790246,1.0,1.0
2019-09-20,0.007772662113867955,1.0,1.0
2019-09-23,0.006584437220295704,1.0,1.0
2019-09-24,0.01568494358800896,1.0,1.0
2019-09-25,0.011629767113958817,1.0,1.0
2019-09-26,0.009540544226716864,1.0,1.0
2019-09-27,0.010705597847322926,1.0,1.0
2019-09-30,0.00830816472765271,1.0,1.0
2019-10-01,0.030834659834386158,1.0,1.0
2019-10-02,0.16359083064196991,1.0,1.0
2019-10-03,0.0883492494284537,1.0,1.0
2019-10-04,0.10859523767313348,1.0,1.0
2019-10-07,0.0519370145959558,1.0,1.0
2019-10-08,0.17708721208258538,1.0,1.0
2019-10-09,0.10813249573712466,1.0,1.0
2019-10-10,0.04971159956574923,1.0,1.0
2019-10-11,0.051179598011979334,1.0,1.0
2019-10-14,0.0228269005857783,1.0,1.0
2019-10-15,0.02135106895860348,1.0,1.0
2019-10-16,0.012181707836779394,1.0,1.0
2019-10-17,0.008331226358068843,1.0,1.0
2019-10-18,0.008846168266282192,1.0,1.0
2019-10-21,0.008874353031591993,1.0,1.0
2019-10-22,0.008047836422555027,1.0,1.0
2019-10-23,0.006657645823692271,1.0,1.0
2019-10-24,0.006189891072633984,1.0,1.0
2019-10-25,0.0066358203416823575,1.0,1.0
2019-10-28,0.007360773015775925,1.0,1.0
2019-10-29,0.006659770305378648,1.0,1.0
2019-10-30,0.006230717611240313,1.0,1.0
2019-10-31,0.007223477222863678,1.0,1.0
2019-11-01,0.01238353885598982,1.0,1.0
2019-11-04,0.00846732965835181,1.0,1.0
2019-11-05,0.0068342398534695864,1.0,1.0
2019-11-06,0.0063125361592517035,1.0,1.0
2019-11-07,0.006307839060860198,1.0,1.0
2019-11-08,0.006159632761465313,1.0,1.0
2019-11-11,0.006402820076623844,1.0,1.0
2019-11-12,0.0060360561301810774,1.0,1.0
2019-11-13,0.005964283761260026,1.0,1.0
2019-11-14,0.005896170248206841,1.0,1.0
2019-11-15,0.00781471266064674,1.0,1.0
2019-11-18,0.0065405582747612686,1.0,1.0
2019-11-19,0.006123417239369422,1.0,1.0
2019-11-20,0.006926821199505909,1.0,1.0
2019-11-21,0.0065602106561320475,1.0,1.0
2019-11-22,0.006145749720882474,1.0,1.0
2019-11-25,0.009599092882424184,1.0,1.0
2019-11-26,0.0071173949441078466,1.0,1.0
2019-11-27,0.0067625226693061695,1.0,1.0
2019-11-29,0.007674485855144079,1.0,1.0
2019-12-02,0.013523527961036915,1.0,1.0
2019-12-03,0.013305297026157748,1.0,1.0
2019-12-04,0.009890997924175682,1.0,1.0
2019-12-05,0.007190476495989444,1.0,1.0
2019-12-06,0.010036921427571217,1.0,1.0
2019-12-09,0.008444064408292425,1.0,1.0
2019-12-10,0.006918169564017905,1.0,1.0
2019-12-11,0.0063181580859409,1.0,1.0
2019-12-12,0.00946434385925082,1.0,1.0
2019-12-13,0.0071721209530204375,1.0,1.0
2019-12-16,0.00837836296194815,1.0,1.0
2019-12-17,0.006688738470422964,1.0,1.0
2019-12-18,0.006263124017523817,1.0,1.0
2019-12-19,0.006426151923110557,1.0,1.0
2019-12-20,0.0066489602112948095,1.0,1.0
2019-12-23,0.006113587815972774,1.0,1.0
2019-12-24,0.005990256161533494,1.0,1.0
2019-12-26,0.006525320028098181,1.0,1.0
2019-12-27,0.0062800619022481165,1.0,1.0
2019-12-30,0.008592962655452795,1.0,1.0
2019-12-31,0.006885587392297195,1.0,1.0
2020-01-02,0.009325687387769436,1.0,1.0
2020-01-03,0.011225848642172296,1.0,1.0
2020-01-06,0.00796759537920348,1.0,1.0
2020-01-07,0.007049045723928802,1.0,1.0
2020-01-08,0.0068401839763184355,1.0,1.0
2020-01-09,0.007616932986521366,1.0,1.0
2020-01-10,0.0075569059724892,1.0,1.0
2020-01-13,0.008470030371647827,1.0,1.0
2020-01-14,0.006887049116406937,1.0,1.0
2020-01-15,0.006197030999741892,1.0,1.0
2020-01-16,0.009186596139874114,1.0,1.0
2020-01-17,0.007087001697354498,1.0,1.0
2020-01-21,0.007250730371984968,1.0,1.0
2020-01-22,0.006319723305030294,1.0,1.0
2020-01-23,0.006010084260236077,1.0,1.0
2020-01-24,0.014462065805352612,1.0,1.0
2020-01-27,0.07005079531281803,1.0,1.0
2020-01-28,0.05051361807875438,1.0,1.0
2020-01-29,0.021884589393122385,1.0,1.0
2020-01-30,0.011626569891891422,1.0,1.0
2020-01-31,0.09814764874674413,1.0,1.0
2020-02-03,0.05570935080028612,1.0,1.0
2020-02-04,0.10324807336280659,1.0,1.0
2020-02-05,0.06753885846379712,1.0,1.0
2020-02-06,0.02758783481906861,1.0,1.0
2020-02-07,0.018442761396123476,1.0,1.0
2020-02-10,0.013267866167957883,1.0,1.0
2020-02-11,0.00845637551436937,1.0,1.0
2020-02-12,0.00834543569032291,1.0,1.0
2020-02-13,0.005596338579659844,1.0,1.0
2020-02-14,0.005030223103925002,1.0,1.0
2020-02-18,0.0052283836146485565,1.0,1.0
2020-02-19,0.0058756498152013606,1.0,1.0
2020-02-20,0.006084070656151587,1.0,1.0
2020-02-21,0.017143272924910278,1.0,1.0
2020-02-24,0.9928959255649394,0.0,0.0
2020-02-25,0.9999570017376388,0.0,0.0
2020-02-26,0.92133118825237,0.0,0.0
2020-02-27,0.9999998538083972,0.0,0.0
2020-02-28,0.9413777519615394,0.0,0.0
2020-03-02,0.9999996724720275,0.0,0.0
2020-03-03,0.9998542792878221,0.0,0.0
2020-03-04,0.9999992675541922,0.0,0.0
2020-03-05,0.9999921596732292,0.0,0.0
2020-03-06,0.9931347294623758,0.0,0.0
2020-03-09,1.0,0.0,0.0
2020-03-10,0.9999999936960742,0.0,0.0
2020-03-11,0.9999999999160541,0.0,0.0
2020-03-12,1.0,0.0,0.0
2020-03-13,1.0,0.0,0.0
2020-03-16,1.0,0.0,0.0
2020-03-17,0.9999999999994142,0.0,0.0
2020-03-18,0.9999999999988162,0.0,0.0
2020-03-19,0.9626433440332044,0.0,0.0
2020-03-20,0.9999998542669266,0.0,0.0
2020-03-23,0.9995816472162944,0.0,0.0
2020-03-24,1.0,0.0,0.0
2020-03-25,0.9527218622468288,0.0,0.0
2020-03-26,0.9999999999996554,0.0,0.0
2020-03-27,0.9999955092639118,0.0,0.0
2020-03-30,0.999920124856015,0.0,0.0
2020-03-31,0.9828582095957243,0.0,0.0
2020-04-01,0.9999999908715687,0.0,0.0
2020-04-02,0.9945854416333102,0.0,0.0
2020-04-03,0.9883042317096941,0.0,0.0
2020-04-06,1.0,0.0,0.0
2020-04-07,0.8985579999611379,0.0,0.0
2020-04-08,0.9999078640057182,0.0,0.0
2020-04-09,0.9787680729123782,0.0,0.0
2020-04-13,0.9264258949080906,0.0,0.0
2020-04-14,0.999521196159662,0.0,0.0
2020-04-15,0.9979194720128314,0.0,0.0
2020-04-16,0.9072840411803775,0.0,0.0
2020-04-17,0.9979067214068075,0.0,0.0
2020-04-20,0.9869820177178045,0.0,0.0
2020-04-21,0.9999511907096598,0.0,0.0
2020-04-22,0.9972647913433627,0.0,0.0
2020-04-23,0.8878429446100655,0.0,0.0
2020-04-24,0.8819174668908605,0.0,0.0
2020-04-27,0.9341724689254285,0.0,0.0
2020-04-28,0.7921533612906902,0.0,0.0
2020-04-29,0.9979964652967148,0.0,0.0
2020-04-30,0.9681728765020866,0.0,0.0
2020-05-01,0.9998364006852818,0.0,0.0
2020-05-04,0.9066186874575045,0.0,0.0
2020-05-05,0.7955464834238684,0.0,0.0
2020-05-06,0.5993618714999446,0.0,0.0
2020-05-07,0.5885038188987396,0.0,0.0
2020-05-08,0.8391631326930892,0.0,0.0
2020-05-11,0.5826554793405188,0.0,0.0
2020-05-12,0.9484150511712276,0.0,0.0
2020-05-13,0.9880630954592228,0.0,0.0
2020-05-14,0.9365137727572562,0.0,0.0
2020-05-15,0.7800045323788135,0.0,0.0
2020-05-18,0.99951632422247,0.0,0.0
2020-05-19,0.9581160520395013,0.0,0.0
2020-05-20,0.9728631913639271,0.0,0.0
2020-05-21,0.8933113972941796,0.0,0.0
2020-05-22,0.6739694508675899,0.0,0.0
2020-05-26,0.6171112375867507,0.0,0.0
2020-05-27,0.7028289717848408,0.0,0.0
2020-05-28,0.4642330166404732,0.0,0.0
2020-05-29,0.24316929435301604,1.0,0.0
2020-06-01,0.10510919506388476,1.0,1.0
2020-06-02,0.055497635495153914,1.0,1.0
2020-06-03,0.07473244410288081,1.0,1.0
2020-06-04,0.033000127664665986,1.0,1.0
2020-06-05,0.5450776233128439,0.0,1.0
2020-06-08,0.5464557110710128,0.0,1.0
2020-06-09,0.4405096526588323,0.0,1.0
2020-06-10,0.2598483151604984,1.0,1.0
2020-06-11,0.9999999999964482,0.0,0.0
2020-06-12,0.9612893438506195,0.0,0.0
2020-06-15,0.8939824305246198,0.0,0.0
2020-06-16,0.9586109808130902,0.0,0.0
2020-06-17,0.8312562840217925,0.0,0.0
2020-06-18,0.5708607618767417,0.0,0.0
2020-06-19,0.3442176579768688,0.0,0.0
2020-06-22,0.17991713698641196,1.0,0.0
2020-06-23,0.07186296696244039,1.0,1.0
2020-06-24,0.9099428052245869,0.0,0.0
2020-06-25,0.8385403535309932,0.0,0.0
2020-06-26,0.9956470471503611,0.0,0.0
2020-06-29,0.9713012653851346,0.0,0.0
2020-06-30,0.9619188234329837,0.0,0.0
2020-07-01,0.8152593648996324,0.0,0.0
2020-07-02,0.5764149110470246,0.0,0.0
2020-07-06,0.727150069119512,0.0,0.0
2020-07-07,0.67866310865307,0.0,0.0
2020-07-08,0.4989876465531888,0.0,0.0
2020-07-09,0.30313310406900845,1.0,0.0
2020-07-10,0.23110042156295293,1.0,0.0
2020-07-13,0.27365949283270696,1.0,0.0
2020-07-14,0.28843881594162935,1.0,0.0
2020-07-15,0.2274772894798102,1.0,0.0
2020-07-16,0.10459577542617521,1.0,1.0
2020-07-17,0.03966408124914076,1.0,1.0
2020-07-20,0.030393903616152282,1.0,1.0
2020-07-21,0.013063153676116256,1.0,1.0
2020-07-22,0.008296808027311624,1.0,1.0
2020-07-23,0.022761737215574975,1.0,1.0
2020-07-24,0.018725782652837055,1.0,1.0
2020-07-27,0.014456654317147422,1.0,1.0
2020-07-28,0.015407471580967435,1.0,1.0
2020-07-29,0.026759272639673374,1.0,1.0
2020-07-30,0.013518695467033437,1.0,1.0
2020-07-31,0.009183361333602195,1.0,1.0
2020-08-03,0.010820765784010672,1.0,1.0
2020-08-04,0.0070302605120406035,1.0,1.0
2020-08-05,0.007697617415669954,1.0,1.0
2020-08-06,0.006493800937478017,1.0,1.0
2020-08-07,0.005357065726034188,1.0,1.0
2020-08-10,0.004998909682797169,1.0,1.0
2020-08-11,0.00978664507377894,1.0,1.0
2020-08-12,0.022614761565756567,1.0,1.0
2020-08-13,0.007095880424406693,1.0,1.0
2020-08-14,0.004579941298057606,1.0,1.0
2020-08-17,0.004110259357789191,1.0,1.0
2020-08-18,0.003676784121465233,1.0,1.0
2020-08-19,0.0042635122907405745,1.0,1.0
2020-08-20,0.0037912719457420673,1.0,1.0
2020-08-21,0.003606384362939319,1.0,1.0
2020-08-24,0.005749001809493201,1.0,1.0
2020-08-25,0.00428191800487494,1.0,1.0
2020-08-26,0.006727695242414489,1.0,1.0
2020-08-27,0.004399841315125214,1.0,1.0
2020-08-28,0.004837198034501208,1.0,1.0
2020-08-31,0.003923643813568999,1.0,1.0
2020-09-01,0.005896808074349515,1.0,1.0
2020-09-02,0.011536772545797845,1.0,1.0
2020-09-03,0.9979155429850823,0.0,0.0
2020-09-04,0.94256370360712,0.0,0.0
2020-09-08,0.9997524086191423,0.0,0.0
2020-09-09,0.9936195076866905,0.0,0.0
2020-09-10,0.986997002807786,0.0,0.0
2020-09-11,0.8580602897331211,0.0,0.0
2020-09-14,0.8818607856478549,0.0,0.0
2020-09-15,0.6637752254560133,0.0,0.0
2020-09-16,0.3937686016286676,0.0,0.0
2020-09-17,0.27477994239733117,1.0,0.0
2020-09-18,0.1931918383940075,1.0,0.0
2020-09-21,0.17315856626859563,1.0,0.0
2020-09-22,0.10242220911071327,1.0,1.0
2020-09-23,0.8633579960687732,0.0,0.0
2020-09-24,0.5994314745558507,0.0,0.0
2020-09-25,0.7440390945557012,0.0,0.0
2020-09-28,0.8230283083430711,0.0,0.0
2020-09-29,0.5879414397052984,0.0,0.0
2020-09-30,0.3555225562920737,0.0,0.0
2020-10-01,0.1799932836528871,1.0,0.0
2020-10-02,0.13903787329858747,1.0,1.0
2020-10-05,0.3875571374880162,0.0,1.0
2020-10-06,0.44882526503849124,0.0,1.0
2020-10-07,0.6943950544503615,0.0,1.0
2020-10-08,0.46281137003662026,0.0,1.0
2020-10-09,0.2859487634990049,1.0,1.0
2020-10-12,0.3552196614224577,0.0,1.0
2020-10-13,0.16348290718200245,1.0,1.0
2020-10-14,0.0835329552334049,1.0,1.0
2020-10-15,0.028346142280880306,1.0,1.0
2020-10-16,0.010910915858191674,1.0,1.0
2020-10-19,0.04426061657948911,1.0,1.0
2020-10-20,0.01602160384320735,1.0,1.0
2020-10-21,0.008354863585814457,1.0,1.0
2020-10-22,0.006085420870964421,1.0,1.0
2020-10-23,0.004432255824462334,1.0,1.0
2020-10-26,0.07055502982205135,1.0,1.0
2020-10-27,0.025685531789285294,1.0,1.0
2020-10-28,0.9940203048890387,0.0,0.0
2020-10-29,0.9389561031012494,0.0,0.0
2020-10-30,0.950550407280268,0.0,0.0
2020-11-02,0.885340337902595,0.0,0.0
2020-11-03,0.9567705682309706,0.0,0.0
2020-11-04,0.9918011980520305,0.0,0.0
2020-11-05,0.9932811332385981,0.0,0.0
2020-11-06,0.8731902664218137,0.0,0.0
2020-11-09,0.70068580321675,0.0,0.0
2020-11-10,0.3959979304447272,0.0,0.0
2020-11-11,0.22457205037574396,1.0,0.0
2020-11-12,0.1668843520869228,1.0,0.0
2020-11-13,0.1508926607393392,1.0,1.0
2020-11-16,0.1190405976524778,1.0,1.0
2020-11-17,0.04216737829134752,1.0,1.0
2020-11-18,0.034493815675324245,1.0,1.0
2020-11-19,0.014672204844152076,1.0,1.0
2020-11-20,0.00903608806675163,1.0,1.0
2020-11-23,0.007379012437114105,1.0,1.0
2020-11-24,0.022550659488253317,1.0,1.0
2020-11-25,0.00901768031097438,1.0,1.0
2020-11-27,0.005408374738930476,1.0,1.0
2020-11-30,0.005495631692623586,1.0,1.0
2020-12-01,0.007256564621191096,1.0,1.0
2020-12-02,0.004538127428380052,1.0,1.0
2020-12-03,0.003770945222072628,1.0,1.0
2020-12-04,0.0065527091560587105,1.0,1.0
2020-12-07,0.004369583178110033,1.0,1.0
2020-12-08,0.0040881138225059175,1.0,1.0
2020-12-09,0.010056582033471187,1.0,1.0
2020-12-10,0.005400219219530201,1.0,1.0
2020-12-11,0.004294210122641179,1.0,1.0
2020-12-14,0.0041263294618074375,1.0,1.0
2020-12-15,0.010513788709676425,1.0,1.0
2020-12-16,0.0054772707500937035,1.0,1.0
2020-12-17,0.005653014356375708,1.0,1.0
2020-12-18,0.004296705803113666,1.0,1.0
2020-12-21,0.0040803614387704655,1.0,1.0
2020-12-22,0.0036461633801018597,1.0,1.0
2020-12-23,0.0035097980665767295,1.0,1.0
2020-12-24,0.003504503809966748,1.0,1.0
2020-12-28,0.0038606176137001356,1.0,1.0
2020-12-29,0.0043605740863972755,1.0,1.0
2020-12-30,0.0037793081468447827,1.0,1.0
2020-12-31,0.0037719550628551738,1.0,1.0
2021-01-04,0.021358874344922268,1.0,1.0
2021-01-05,0.01312747889278432,1.0,1.0
2021-01-06,0.00880737451423514,1.0,1.0
2021-01-07,0.03900024883390872,1.0,1.0
2021-01-08,0.015521335246096429,1.0,1.0
2021-01-11,0.009459184917575475,1.0,1.0
2021-01-12,0.005426743300793081,1.0,1.0
2021-01-13,0.004026691968743079,1.0,1.0
2021-01-14,0.0037803168864141198,1.0,1.0
2021-01-15,0.007431167241824046,1.0,1.0
2021-01-19,0.0075340398192295,1.0,1.0
2021-01-20,0.012824587438596715,1.0,1.0
2021-01-21,0.006253580288176254,1.0,1.0
2021-01-22,0.004369964252856509,1.0,1.0
2021-01-25,0.0038009896063017677,1.0,1.0
2021-01-26,0.0041514787132135985,1.0,1.0
2021-01-27,0.45956174037926845,0.0,1.0
2021-01-28,0.28338991390567364,1.0,1.0
2021-01-29,0.6900635143894543,0.0,1.0
2021-02-01,0.8120465892954805,0.0,0.0
2021-02-02,0.8185530852086047,0.0,0.0
2021-02-03,0.5261229374481715,0.0,0.0
2021-02-04,0.43996277644964576,0.0,0.0
2021-02-05,0.20472433101015536,1.0,0.0
2021-02-08,0.1149987833009846,1.0,1.0
2021-02-09,0.037883408019865714,1.0,1.0
2021-02-10,0.013881773794530844,1.0,1.0
2021-02-11,0.006471280279672161,1.0,1.0
2021-02-12,0.013513409389660908,1.0,1.0
2021-02-16,0.010536309213256196,1.0,1.0
2021-02-17,0.009792437996495802,1.0,1.0
2021-02-18,0.014151474743152153,1.0,1.0
2021-02-19,0.010083067003920396,1.0,1.0
2021-02-22,0.031702396350918954,1.0,1.0
2021-02-23,0.01676412767840205,1.0,1.0
2021-02-24,0.02533912888441102,1.0,1.0
2021-02-25,0.9303132699391038,0.0,0.0
2021-02-26,0.738779138385918,0.0,0.0
2021-03-01,0.9928126948809188,0.0,0.0
2021-03-02,0.9415405065087803,0.0,0.0
2021-03-03,0.9673247756489586,0.0,0.0
2021-03-04,0.9821004076981463,0.0,0.0
2021-03-05,0.9810437062296963,0.0,0.0
2021-03-08,0.8781711875445848,0.0,0.0
2021-03-09,0.938787175443726,0.0,0.0
2021-03-10,0.76873717197028,0.0,0.0
2021-03-11,0.7790435850034809,0.0,0.0
2021-03-12,0.4895446027554713,0.0,0.0
2021-03-15,0.2801111686214114,1.0,0.0
2021-03-16,0.14337640390127515,1.0,1.0
2021-03-17,0.058106327158274525,1.0,1.0
2021-03-18,0.42320109322668625,1.0,1.0
2021-03-19,0.19152058246985665,1.0,1.0
2021-03-22,0.08664735479799018,1.0,1.0
2021-03-23,0.13047732165364687,1.0,1.0
2021-03-24,0.13209999239666675,1.0,1.0
2021-03-25,0.06482993808384936,1.0,1.0
2021-03-26,0.13195960009860805,1.0,1.0
2021-03-29,0.07029133307467476,1.0,1.0
2021-03-30,0.029918227134534146,1.0,1.0
2021-03-31,0.01866365304369383,1.0,1.0
2021-04-01,0.03298763267670462,1.0,1.0
2021-04-05,0.04705559930307674,1.0,1.0
2021-04-06,0.02147733612468299,1.0,1.0
2021-04-07,0.013168063240600084,1.0,1.0
2021-04-08,0.011806323650471596,1.0,1.0
2021-04-09,0.011546854366355637,1.0,1.0
2021-04-12,0.009477468386812031,1.0,1.0
2021-04-13,0.009078146239237575,1.0,1.0
2021-04-14,0.010195663864326247,1.0,1.0
2021-04-15,0.017682166724120065,1.0,1.0
2021-04-16,0.011401471435007717,1.0,1.0
2021-04-19,0.016941534992080162,1.0,1.0
2021-04-20,0.028255372286099974,1.0,1.0
2021-04-21,0.031403938820922926,1.0,1.0
2021-04-22,0.031673762304148076,1.0,1.0
2021-04-23,0.044193425762074814,1.0,1.0
2021-04-26,0.021390445400436647,1.0,1.0
2021-04-27,0.012776450023363563,1.0,1.0
2021-04-28,0.009988829833912543,1.0,1.0
2021-04-29,0.00921520656652808,1.0,1.0
2021-04-30,0.018161177890188583,1.0,1.0
2021-05-03,0.011417216710380342,1.0,1.0
2021-05-04,0.022080138904572583,1.0,1.0
2021-05-05,0.013089035009972069,1.0,1.0
2021-05-06,0.01076855284354771,1.0,1.0
2021-05-07,0.013457219576208969,1.0,1.0
2021-05-10,0.06024569499341332,1.0,1.0
2021-05-11,0.041581393440124424,1.0,1.0
2021-05-12,0.7737359086696282,0.0,1.0
2021-05-13,0.6480815144669616,0.0,1.0
2021-05-14,0.8429219497037418,0.0,1.0
2021-05-17,0.6012376646131261,0.0,1.0
2021-05-18,0.45292566282811875,1.0,1.0
2021-05-19,0.24225721302820302,1.0,1.0
2021-05-20,0.19980980717468233,1.0,1.0
2021-05-21,0.08113961848027694,1.0,1.0
2021-05-24,0.0589569587744488,1.0,1.0
2021-05-25,0.02957344332297486,1.0,1.0
2021-05-26,0.016539099424491416,1.0,1.0
2021-05-27,0.01101876338603167,1.0,1.0
2021-05-28,0.009127496435797248,1.0,1.0
2021-06-01,0.00851811744861732,1.0,1.0
2021-06-02,0.008239222886889355,1.0,1.0
2021-06-03,0.011826188877206998,1.0,1.0
2021-06-04,0.015023465110160361,1.0,1.0
2021-06-07,0.010366963158844531,1.0,1.0
2021-06-08,0.008849057955518796,1.0,1.0
2021-06-09,0.009730047141510401,1.0,1.0
2021-06-10,0.009165877290143528,1.0,1.0
2021-06-11,0.008822403866617147,1.0,1.0
2021-06-14,0.008332895384252685,1.0,1.0
2021-06-15,0.009602786174480451,1.0,1.0
2021-06-16,0.011584885456075283,1.0,1.0
2021-06-17,0.009368455756964583,1.0,1.0
2021-06-18,0.03982059992139349,1.0,1.0
2021-06-21,0.06207141607559954,1.0,1.0
2021-06-22,0.030816490245712966,1.0,1.0
2021-06-23,0.015877179278473073,1.0,1.0
2021-06-24,0.013674133298766633,1.0,1.0
2021-06-25,0.010162281955009941,1.0,1.0
2021-06-28,0.008805834859518271,1.0,1.0
2021-06-29,0.00844568750052162,1.0,1.0
2021-06-30,0.008243211423200551,1.0,1.0
2021-07-01,0.008773413867197266,1.0,1.0
2021-07-02,0.009625680467147773,1.0,1.0
2021-07-06,0.009886849453886093,1.0,1.0
2021-07-07,0.00869229560215233,1.0,1.0
2021-07-08,0.018984868272144916,1.0,1.0
2021-07-09,0.032682639148194394,1.0,1.0
2021-07-12,0.016355726921893184,1.0,1.0
2021-07-13,0.01603349079095447,1.0,1.0
2021-07-14,0.012141984796436536,1.0,1.0
2021-07-15,0.011794154768899175,1.0,1.0
2021-07-16,0.018203647109088412,1.0,1.0
2021-07-19,0.0817294540211527,1.0,1.0
2021-07-20,0.20926320420330052,1.0,1.0
2021-07-21,0.13573510757349252,1.0,1.0
2021-07-22,0.0534200772485773,1.0,1.0
2021-07-23,0.041902031578516324,1.0,1.0
2021-07-26,0.0193954516702194,1.0,1.0
2021-07-27,0.019786171087830436,1.0,1.0
2021-07-28,0.012107323261310695,1.0,1.0
2021-07-29,0.009992905429141209,1.0,1.0
2021-07-30,0.014630914504462095,1.0,1.0
2021-08-02,0.010830852489581724,1.0,1.0
2021-08-03,0.011993914563737983,1.0,1.0
2021-08-04,0.011836102140339446,1.0,1.0
2021-08-05,0.012555288871988318,1.0,1.0
2021-08-06,0.009575521767908905,1.0,1.0
2021-08-09,0.008720570633617034,1.0,1.0
2021-08-10,0.008343878377317138,1.0,1.0
2021-08-11,0.008199987829637113,1.0,1.0
2021-08-12,0.008196069355588491,1.0,1.0
2021-08-13,0.008651271652967406,1.0,1.0
2021-08-16,0.008782595649087944,1.0,1.0
2021-08-17,0.018196487758168494,1.0,1.0
2021-08-18,0.03274671713505493,1.0,1.0
2021-08-19,0.017371659523532142,1.0,1.0
2021-08-20,0.018827620942901694,1.0,1.0
2021-08-23,0.02430164906111034,1.0,1.0
2021-08-24,0.01429622697709777,1.0,1.0
2021-08-25,0.010471375729480634,1.0,1.0
2021-08-26,0.015711928463259806,1.0,1.0
2021-08-27,0.02227471404751165,1.0,1.0
2021-08-30,0.013346622388281885,1.0,1.0
2021-08-31,0.010718893536435499,1.0,1.0
2021-09-01,0.009213460606148274,1.0,1.0
2021-09-02,0.009039267760056252,1.0,1.0
2021-09-03,0.008882150136312855,1.0,1.0
2021-09-07,0.010749719016641724,1.0,1.0
2021-09-08,0.011197650936030036,1.0,1.0
2021-09-09,0.010938005647798675,1.0,1.0
2021-09-10,0.018724551408893148,1.0,1.0
2021-09-13,0.011749657938968741,1.0,1.0
2021-09-14,0.01662976735103644,1.0,1.0
2021-09-15,0.017517109291400934,1.0,1.0
2021-09-16,0.01174829615329169,1.0,1.0
2021-09-17,0.01866044451757301,1.0,1.0
2021-09-20,0.2795061967884397,1.0,1.0
2021-09-21,0.11240449603499625,1.0,1.0
2021-09-22,0.07869382508655454,1.0,1.0
2021-09-23,0.09027908947732106,1.0,1.0
2021-09-24,0.03578566182073034,1.0,1.0
2021-09-27,0.01826128810450331,1.0,1.0
2021-09-28,0.5503809369504111,0.0,1.0
2021-09-29,0.26739063356047527,1.0,1.0
2021-09-30,0.28185037172426447,1.0,1.0
2021-10-01,0.22290182414298684,1.0,1.0
2021-10-04,0.44242884409224165,0.0,1.0
2021-10-05,0.3332463790364655,1.0,1.0
2021-10-06,0.14052828822040853,1.0,1.0
2021-10-07,0.09781671410483672,1.0,1.0
2021-10-08,0.04430020624047321,1.0,1.0
2021-10-11,0.03776444999355428,1.0,1.0
2021-10-12,0.018642056780443447,1.0,1.0
2021-10-13,0.012551444606010022,1.0,1.0
2021-10-14,0.06517971589970925,1.0,1.0
2021-10-15,0.03315225123333494,1.0,1.0
2021-10-18,0.01731873957899523,1.0,1.0
2021-10-19,0.014668759987892533,1.0,1.0
2021-10-20,0.010793418520008757,1.0,1.0
2021-10-21,0.009590761575601797,1.0,1.0
2021-10-22,0.010127477210663408,1.0,1.0
2021-10-25,0.010431847431296933,1.0,1.0
2021-10-26,0.00918593564867117,1.0,1.0
2021-10-27,0.017615501398983678,1.0,1.0
2021-10-28,0.02505860726909602,1.0,1.0
2021-10-29,0.01382830093009042,1.0,1.0
2021-11-01,0.011333249751154005,1.0,1.0
2021-11-02,0.009482279374039872,1.0,1.0
2021-11-03,0.012549489754748462,1.0,1.0
2021-11-04,0.010288726167535452,1.0,1.0
2021-11-05,0.009460026539803457,1.0,1.0
2021-11-08,0.008805500193320475,1.0,1.0
2021-11-09,0.010538565464325841,1.0,1.0
2021-11-10,0.030315370509667185,1.0,1.0
2021-11-11,0.015488202583457148,1.0,1.0
2021-11-12,0.014468302642997055,1.0,1.0
2021-11-15,0.01078166578906305,1.0,1.0
2021-11-16,0.009924836060585607,1.0,1.0
2021-11-17,0.011679626869518022,1.0,1.0
2021-11-18,0.009507179291710997,1.0,1.0
2021-11-19,0.010097269259795441,1.0,1.0
2021-11-22,0.013987054911120766,1.0,1.0
2021-11-23,0.010487546308341044,1.0,1.0
2021-11-24,0.009313499489867967,1.0,1.0
2021-11-26,0.540404473008436,0.0,1.0
2021-11-29,0.43317924127110885,0.0,1.0
2021-11-30,0.9135385818467066,0.0,0.0
2021-12-01,0.9628292655647703,0.0,0.0
2021-12-02,0.9373298016700489,0.0,0.0
2021-12-03,0.9128295811351816,0.0,0.0
2021-12-06,0.831483723175351,0.0,0.0
2021-12-07,0.9794192200165104,0.0,0.0
2021-12-08,0.7871764351990092,0.0,0.0
2021-12-09,0.7587766704245383,0.0,0.0
2021-12-10,0.517701943828793,0.0,0.0
2021-12-13,0.5207105545982937,0.0,0.0
2021-12-14,0.39802703783573345,0.0,0.0
2021-12-15,0.5728968433229991,0.0,0.0
2021-12-16,0.6484604383249278,0.0,0.0
2021-12-17,0.47774280584893375,0.0,0.0
2021-12-20,0.6060105823850414,0.0,0.0
2021-12-21,0.9131475445119761,0.0,0.0
2021-12-22,0.7729747105785351,0.0,0.0
2021-12-23,0.5360094553652844,0.0,0.0
2021-12-27,0.48601606964863564,0.0,0.0
2021-12-28,0.24797810167286316,1.0,0.0
2021-12-29,0.09765490748003787,1.0,1.0
2021-12-30,0.041623127039848405,1.0,1.0
2021-12-31,0.022892685423450448,1.0,1.0
2022-01-03,0.01730485915891303,1.0,1.0
2022-01-04,0.013109114768535797,1.0,1.0
2022-01-05,0.6025330408723197,0.0,1.0
2022-01-06,0.30846590221647674,1.0,1.0
2022-01-07,0.16836978806988892,1.0,1.0
2022-01-10,0.06893521731295471,1.0,1.0
2022-01-11,0.0582615886244412,1.0,1.0
2022-01-12,0.024712955488591044,1.0,1.0
2022-01-13,0.14361515818832493,1.0,1.0
2022-01-14,0.05523522324514166,1.0,1.0
2022-01-18,0.6219503398725323,0.0,1.0
2022-01-19,0.6048339312860272,0.0,1.0
2022-01-20,0.6545248718989237,0.0,1.0
2022-01-21,0.9759201012528319,0.0,0.0
2022-01-24,0.7877862323482357,0.0,0.0
2022-01-25,0.8864229992183515,0.0,0.0
2022-01-26,0.6514649415726034,0.0,0.0
2022-01-27,0.5176961826749221,0.0,0.0
2022-01-28,0.9704403787378572,0.0,0.0
2022-01-31,0.9945789515584542,0.0,0.0
2022-02-01,0.865045051491947,0.0,0.0
2022-02-02,0.6092043227758595,0.0,0.0
2022-02-03,0.9943612861104613,0.0,0.0
2022-02-04,0.867654057893678,0.0,0.0
2022-02-07,0.6166307619320334,0.0,0.0
2022-02-08,0.47140434983940405,0.0,0.0
2022-02-09,0.6270084435119625,0.0,0.0
2022-02-10,0.8990594520788754,0.0,0.0
2022-02-11,0.9886706045444843,0.0,0.0
2022-02-14,0.8419576357964337,0.0,0.0
2022-02-15,0.9440464389388431,0.0,0.0
2022-02-16,0.7293344760173872,0.0,0.0
2022-02-17,0.9925289919873106,0.0,0.0
2022-02-18,0.9149537108856383,0.0,0.0
2022-02-22,0.9030049277601553,0.0,0.0
2022-02-23,0.9886825309564979,0.0,0.0
2022-02-24,0.9836181908874041,0.0,0.0
2022-02-25,0.9948977728031435,0.0,0.0
2022-02-28,0.8266256162092034,0.0,0.0
2022-03-01,0.9355406428671563,0.0,0.0
2022-03-02,0.966933845277768,0.0,0.0
2022-03-03,0.8883255185325256,0.0,0.0
2022-03-04,0.8656387240072252,0.0,0.0
2022-03-07,0.9999463592240806,0.0,0.0
2022-03-08,0.8830217998887288,0.0,0.0
2022-03-09,0.9987386519664166,0.0,0.0
2022-03-10,0.8738168689295921,0.0,0.0
2022-03-11,0.9395847473861161,0.0,0.0
2022-03-14,0.8955980708105601,0.0,0.0
2022-03-15,0.9843022329103928,0.0,0.0
2022-03-16,0.9987999341513213,0.0,0.0
2022-03-17,0.9548708141440904,0.0,0.0
2022-03-18,0.9086509043789026,0.0,0.0
2022-03-21,0.6820611403069479,0.0,0.0
2022-03-22,0.6674539168941985,0.0,0.0
2022-03-23,0.7591693890567138,0.0,0.0
2022-03-24,0.7827545360074778,0.0,0.0
2022-03-25,0.4918314493348177,0.0,0.0
2022-03-28,0.2893010998549177,1.0,0.0
2022-03-29,0.365969197086159,1.0,0.0
2022-03-30,0.29323388384832083,1.0,0.0
2022-03-31,0.6175652350900077,0.0,0.0
2022-04-01,0.33550918290261494,1.0,0.0
2022-04-04,0.22053977180053372,1.0,0.0
2022-04-05,0.5234678973162095,0.0,0.0
2022-04-06,0.635622473000181,0.0,0.0
2022-04-07,0.346546955343607,1.0,0.0
2022-04-08,0.1780070663148489,1.0,1.0
2022-04-11,0.469493836373916,0.0,1.0
2022-04-12,0.24469519441601575,1.0,1.0
2022-04-13,0.2991175324537924,1.0,1.0
2022-04-14,0.44975346363255625,0.0,1.0
2022-04-18,0.21969131649688908,1.0,1.0
2022-04-19,0.4879458754532294,0.0,1.0
2022-04-20,0.2547732674026479,1.0,1.0
2022-04-21,0.7090352954255759,0.0,1.0
2022-04-22,0.9989940554719517,0.0,0.0
2022-04-25,0.8687755390272877,0.0,0.0
2022-04-26,0.9998776266527527,0.0,0.0
2022-04-27,0.835831504254931,0.0,0.0
2022-04-28,0.992689342012126,0.0,0.0
2022-04-29,0.9999984910960227,0.0,0.0
2022-05-02,0.8821841910393143,0.0,0.0
2022-05-03,0.6366849118458057,0.0,0.0
2022-05-04,0.9986052168311609,0.0,0.0
2022-05-05,0.9999997573441909,0.0,0.0
2022-05-06,0.9232976303772039,0.0,0.0
2022-05-09,0.9999964474388162,0.0,0.0
2022-05-10,0.8368710840274953,0.0,0.0
2022-05-11,0.9817387362546615,0.0,0.0
2022-05-12,0.7976957397737362,0.0,0.0
2022-05-13,0.9974370110202618,0.0,0.0
2022-05-16,0.8865585419821818,0.0,0.0
2022-05-17,0.9821356832702093,0.0,0.0
2022-05-18,0.9999999523285914,0.0,0.0
2022-05-19,0.8618481845196165,0.0,0.0
2022-05-20,0.5988680332282634,0.0,0.0
2022-05-23,0.8131005651184879,0.0,0.0
2022-05-24,0.8451886220564744,0.0,0.0
2022-05-25,0.7824617491073051,0.0,0.0
2022-05-26,0.9735899047406977,0.0,0.0
2022-05-27,0.9985080947490442,0.0,0.0
2022-05-31,0.9036774858181164,0.0,0.0
2022-06-01,0.7894342434321858,0.0,0.0
2022-06-02,0.9641176118433864,0.0,0.0
2022-06-03,0.9804434890482356,0.0,0.0
2022-06-06,0.8002178402965738,0.0,0.0
2022-06-07,0.6650700630054526,0.0,0.0
2022-06-08,0.6511599230493288,0.0,0.0
2022-06-09,0.9944321793528308,0.0,0.0
2022-06-10,0.9999626987505713,0.0,0.0
2022-06-13,0.9999999762691941,0.0,0.0
2022-06-14,0.8543420234251059,0.0,0.0
2022-06-15,0.8883347165363159,0.0,0.0
2022-06-16,0.9999954157830115,0.0,0.0
2022-06-17,0.8474014170487918,0.0,0.0
2022-06-21,0.9909503454618406,0.0,0.0
2022-06-22,0.8305590942404861,0.0,0.0
2022-06-23,0.7382770379851542,0.0,0.0
2022-06-24,0.999502105562098,0.0,0.0
2022-06-27,0.8542491560317129,0.0,0.0
2022-06-28,0.9908685361683497,0.0,0.0
2022-06-29,0.8303972943656092,0.0,0.0
2022-06-30,0.7774751755474169,0.0,0.0
2022-07-01,0.6948202273609538,0.0,0.0
2022-07-05,0.41740625384140695,0.0,0.0
2022-07-06,0.18478171154548578,1.0,1.0
2022-07-07,0.43843292275047335,0.0,1.0
2022-07-08,0.2031392884613674,1.0,1.0
2022-07-11,0.3960202267388393,0.0,1.0
2022-07-12,0.3456114507109239,1.0,1.0
2022-07-13,0.17878867345943203,1.0,1.0
2022-07-14,0.08884305909500002,1.0,1.0
2022-07-15,0.4043156972306979,0.0,1.0
2022-07-18,0.288453819365757,1.0,1.0
2022-07-19,0.9859150943586863,0.0,0.0
2022-07-20,0.872302317256548,0.0,0.0
2022-07-21,0.738874769040226,0.0,0.0
2022-07-22,0.7820220587014923,0.0,0.0
2022-07-25,0.48666421101688434,0.0,0.0
2022-07-26,0.6556627230280432,0.0,0.0
2022-07-27,0.9948249153739216,0.0,0.0
2022-07-28,0.925586572892169,0.0,0.0
2022-07-29,0.9105293791159299,0.0,0.0
2022-08-01,0.6887417670614623,0.0,0.0
2022-08-02,0.47451281233514553,0.0,0.0
2022-08-03,0.687610687148037,0.0,0.0
2022-08-04,0.39324860367342235,0.0,0.0
2022-08-05,0.17499327269051618,1.0,1.0
2022-08-08,0.06919168376700315,1.0,1.0
2022-08-09,0.04977901066589096,1.0,1.0
2022-08-10,0.6221020303637149,0.0,1.0
2022-08-11,0.3355385755432109,1.0,1.0
2022-08-12,0.6215001848726497,0.0,1.0
2022-08-15,0.3651297726121602,1.0,1.0
2022-08-16,0.16057241544454967,1.0,1.0
2022-08-17,0.14692753729538727,1.0,1.0
2022-08-18,0.058627462060066395,1.0,1.0
2022-08-19,0.18901269331155235,1.0,1.0
2022-08-22,0.8611650285735104,0.0,0.0
2022-08-23,0.6275514453790799,0.0,0.0
2022-08-24,0.35679858747667065,1.0,0.0
2022-08-25,0.4466030522243638,0.0,0.0
2022-08-26,0.9998842431977581,0.0,0.0
2022-08-29,0.9283110946564099,0.0,0.0
2022-08-30,0.9084745463910041,0.0,0.0
2022-08-31,0.8136072284725301,0.0,0.0
2022-09-01,0.5511824748718165,0.0,0.0
2022-09-02,0.5314802715673889,0.0,0.0
2022-09-06,0.33946259691316016,1.0,0.0
2022-09-07,0.7216520714990712,0.0,0.0
2022-09-08,0.5252373237782763,0.0,0.0
2022-09-09,0.7257162698272542,0.0,0.0
2022-09-12,0.6247962363527226,0.0,0.0
2022-09-13,0.9999998788235209,0.0,0.0
2022-09-14,0.8854310541306143,0.0,0.0
2022-09-15,0.8583046434848016,0.0,0.0
2022-09-16,0.817728595730827,0.0,0.0
2022-09-19,0.624394781299263,0.0,0.0
2022-09-20,0.6754886056835505,0.0,0.0
2022-09-21,0.9112272253502688,0.0,0.0
2022-09-22,0.9009995073625983,0.0,0.0
2022-09-23,0.9834480441853656,0.0,0.0
2022-09-26,0.9415762596366901,0.0,0.0
2022-09-27,0.7584223122620689,0.0,0.0
2022-09-28,0.9656789303260301,0.0,0.0
2022-09-29,0.9971314209838268,0.0,0.0
2022-09-30,0.9814935985015001,0.0,0.0
2022-10-03,0.9986849060289831,0.0,0.0
2022-10-04,0.9999697332225964,0.0,0.0
2022-10-05,0.8871141146095719,0.0,0.0
2022-10-06,0.8125438858281946,0.0,0.0
2022-10-07,0.9996576685115076,0.0,0.0
2022-10-10,0.9365225933080529,0.0,0.0
2022-10-11,0.8393805255600859,0.0,0.0
2022-10-12,0.616296819853279,0.0,0.0
2022-10-13,0.9762920120754799,0.0,0.0
2022-10-14,0.9992516432894885,0.0,0.0
2022-10-17,0.9995585903765568,0.0,0.0
2022-10-18,0.9481653086612124,0.0,0.0
2022-10-19,0.8848598030016038,0.0,0.0
2022-10-20,0.7972493499189112,0.0,0.0
2022-10-21,0.9836477408961409,0.0,0.0
2022-10-24,0.9125908284492799,0.0,0.0
2022-10-25,0.9592142785642628,0.0,0.0
2022-10-26,0.8638377862035647,0.0,0.0
2022-10-27,0.7050945699464298,0.0,0.0
2022-10-28,0.9775884898135143,0.0,0.0
2022-10-31,0.8930630507943216,0.0,0.0
2022-11-01,0.7090121256267196,0.0,0.0
2022-11-02,0.9982461842322501,0.0,0.0
2022-11-03,0.9556411493249397,0.0,0.0
2022-11-04,0.8978215133025652,0.0,0.0
2022-11-07,0.7675424104318499,0.0,0.0
2022-11-08,0.5192353951779567,0.0,0.0
2022-11-09,0.9760842648815686,0.0,0.0
2022-11-10,0.9999999999990413,0.0,0.0
2022-11-11,0.936820492816609,0.0,0.0
2022-11-14,0.8871629843402714,0.0,0.0
2022-11-15,0.7920052174953024,0.0,0.0
2022-11-16,0.7685796047198844,0.0,0.0
2022-11-17,0.5541109985109302,0.0,0.0
2022-11-18,0.2958554289506616,1.0,0.0
2022-11-21,0.16851316407441447,1.0,1.0
2022-11-22,0.2042622388730906,1.0,1.0
2022-11-23,0.09887019824224773,1.0,1.0
2022-11-25,0.03997826880507068,1.0,1.0
2022-11-28,0.16712287195428366,1.0,1.0
2022-11-29,0.07112998904810111,1.0,1.0
2022-11-30,0.9832044350772414,0.0,0.0
2022-12-01,0.8417795782130539,0.0,0.0
2022-12-02,0.5961861522517025,0.0,0.0
2022-12-05,0.9591762322129066,0.0,0.0
2022-12-06,0.9734240192315345,0.0,0.0
2022-12-07,0.8348519173970896,0.0,0.0
2022-12-08,0.656316544881269,0.0,0.0
2022-12-09,0.5506545001473983,0.0,0.0
2022-12-12,0.609925243165754,0.0,0.0
2022-12-13,0.3828489152936929,1.0,0.0
2022-12-14,0.23502969740805604,1.0,0.0
2022-12-15,0.9808700211863695,0.0,0.0
2022-12-16,0.9392700036629611,0.0,0.0
2022-12-19,0.89849055907041,0.0,0.0
2022-12-20,0.6760968991750926,0.0,0.0
2022-12-21,0.770388378531318,0.0,0.0
2022-12-22,0.9072855523714636,0.0,0.0
2022-12-23,0.7179452306002222,0.0,0.0
2022-12-27,0.5161356030439083,0.0,0.0
2022-12-28,0.6277351155776364,0.0,0.0
2022-12-29,0.8722891754151273,0.0,0.0
2022-12-30,0.6571507112907826,0.0,0.0
2023-01-03,0.4446887222877113,0.0,0.0
2023-01-04,0.27868073488805734,1.0,0.0
2023-01-05,0.3396206186874035,1.0,0.0
2023-01-06,0.8704927121488041,0.0,0.0
2023-01-09,0.6324421576949132,0.0,0.0
2023-01-10,0.4357977291888146,0.0,0.0
2023-01-11,0.42221245410252156,0.0,0.0
2023-01-12,0.20703820163664774,1.0,0.0
2023-01-13,0.09001875238252775,1.0,1.0
2023-01-17,0.03879372800730423,1.0,1.0
2023-01-18,0.16386758668672652,1.0,1.0
2023-01-19,0.13700715733736468,1.0,1.0
2023-01-20,0.47760921721662836,0.0,1.0
2023-01-23,0.47593241776619827,0.0,1.0
2023-01-24,0.24016329784159218,1.0,1.0
2023-01-25,0.09878163249661856,1.0,1.0
2023-01-26,0.08041205674098462,1.0,1.0
2023-01-27,0.033502695239843165,1.0,1.0
2023-01-30,0.09957095380889917,1.0,1.0
2023-01-31,0.19603395630723902,1.0,1.0
2023-02-01,0.17983893318838304,1.0,1.0
2023-02-02,0.29244489158989,1.0,1.0
2023-02-03,0.3257958146490304,1.0,1.0
2023-02-06,0.2325586176054797,1.0,1.0
2023-02-07,0.231106543750026,1.0,1.0
2023-02-08,0.30682324657740706,1.0,1.0
2023-02-09,0.282280071161164,1.0,1.0
2023-02-10,0.11730986770109103,1.0,1.0
2023-02-13,0.10297285880920443,1.0,1.0
2023-02-14,0.0754750414022324,1.0,1.0
2023-02-15,0.03572484325725117,1.0,1.0
2023-02-16,0.1066139728763999,1.0,1.0
2023-02-17,0.050411111814437005,1.0,1.0
2023-02-21,0.6676470741905489,0.0,1.0
2023-02-22,0.4004332829522498,1.0,1.0
2023-02-23,0.20295892916243832,1.0,1.0
2023-02-24,0.24320854438641343,1.0,1.0
2023-02-27,0.10570505649471519,1.0,1.0
2023-02-28,0.04935931972082487,1.0,1.0
2023-03-01,0.028304503403466623,1.0,1.0
2023-03-02,0.01862350833972098,1.0,1.0
2023-03-03,0.06777150614462076,1.0,1.0
2023-03-06,0.030707783814142117,1.0,1.0
2023-03-07,0.1162883889369548,1.0,1.0
2023-03-08,0.04790709530599126,1.0,1.0
2023-03-09,0.5314922888541039,0.0,1.0
2023-03-10,0.8614675300733586,0.0,0.0
2023-03-13,0.6773945943201906,0.0,0.0
2023-03-14,0.8533896779756157,0.0,0.0
2023-03-15,0.7723002887161524,0.0,0.0
2023-03-16,0.9090333644666533,0.0,0.0
2023-03-17,0.9200422942826483,0.0,0.0
2023-03-20,0.8085210117645608,0.0,0.0
2023-03-21,0.8587553367075641,0.0,0.0
2023-03-22,0.9710507545551875,0.0,0.0
2023-03-23,0.8343804722051003,0.0,0.0
2023-03-24,0.616287808681477,0.0,0.0
2023-03-27,0.3505431412997579,1.0,0.0
2023-03-28,0.16906382205370832,1.0,1.0
2023-03-29,0.22396333328529736,1.0,1.0
2023-03-30,0.10508024001625033,1.0,1.0
2023-03-31,0.19345575269892032,1.0,1.0
2023-04-03,0.0816983511653643,1.0,1.0
2023-04-04,0.06169216671570427,1.0,1.0
2023-04-05,0.033473321098160175,1.0,1.0
2023-04-06,0.017063754570889763,1.0,1.0
2023-04-10,0.010661969878047978,1.0,1.0
2023-04-11,0.008411713217162484,1.0,1.0
2023-04-12,0.010731914355448936,1.0,1.0
2023-04-13,0.031626657029904436,1.0,1.0
2023-04-14,0.01760285974232642,1.0,1.0
2023-04-17,0.01117605291031268,1.0,1.0
2023-04-18,0.008615318991181117,1.0,1.0
2023-04-19,0.007853929061149068,1.0,1.0
2023-04-20,0.011747604269386437,1.0,1.0
2023-04-21,0.00877437505660965,1.0,1.0
2023-04-24,0.007830567527578965,1.0,1.0
2023-04-25,0.13486707682386606,1.0,1.0
2023-04-26,0.06985190552953957,1.0,1.0
2023-04-27,0.2754200763635091,1.0,1.0
2023-04-28,0.1618287017878531,1.0,1.0
2023-05-01,0.06777174351736029,1.0,1.0
2023-05-02,0.1369886441691887,1.0,1.0
2023-05-03,0.08291035514730995,1.0,1.0
2023-05-04,0.06798185359991665,1.0,1.0
2023-05-05,0.3072007735939609,1.0,1.0
2023-05-08,0.13544861313620596,1.0,1.0
2023-05-09,0.07138041074791623,1.0,1.0
2023-05-10,0.032717301304307084,1.0,1.0
2023-05-11,0.01772791873971584,1.0,1.0
2023-05-12,0.012035356324293072,1.0,1.0
2023-05-15,0.009703725505785863,1.0,1.0
2023-05-16,0.014785141229836096,1.0,1.0
2023-05-17,0.03136433109655757,1.0,1.0
2023-05-18,0.029018253224993594,1.0,1.0
2023-05-19,0.016880099394799612,1.0,1.0
2023-05-22,0.010568091316204817,1.0,1.0
2023-05-23,0.029621974012949727,1.0,1.0
2023-05-24,0.027542533136512178,1.0,1.0
2023-05-25,0.01795792257298243,1.0,1.0
2023-05-26,0.03552376897082931,1.0,1.0
2023-05-30,0.017473395411548586,1.0,1.0
2023-05-31,0.01684791363299418,1.0,1.0
2023-06-01,0.020457250003179956,1.0,1.0
2023-06-02,0.07315457558257367,1.0,1.0
2023-06-05,0.03521347897732664,1.0,1.0
2023-06-06,0.018694720576202795,1.0,1.0
2023-06-07,0.013703106827203503,1.0,1.0
2023-06-08,0.011274615464566509,1.0,1.0
2023-06-09,0.008663944984900444,1.0,1.0
2023-06-12,0.013332815852094157,1.0,1.0
2023-06-13,0.012724320983087047,1.0,1.0
2023-06-14,0.009297026530463853,1.0,1.0
2023-06-15,0.021389266892742242,1.0,1.0
2023-06-16,0.016114860536326926,1.0,1.0
2023-06-20,0.01407233683321297,1.0,1.0
2023-06-21,0.01429101563038589,1.0,1.0
2023-06-22,0.009941141661721093,1.0,1.0
2023-06-23,0.017934247765797353,1.0,1.0
2023-06-26,0.014944212889752267,1.0,1.0
2023-06-27,0.02616865641006751,1.0,1.0
2023-06-28,0.013957553930214781,1.0,1.0
2023-06-29,0.0103283948400784,1.0,1.0
2023-06-30,0.01943147016609805,1.0,1.0
2023-07-03,0.011456480862980388,1.0,1.0
2023-07-05,0.010045881450877035,1.0,1.0
2023-07-06,0.02135818352560344,1.0,1.0
2023-07-07,0.01284629397462583,1.0,1.0
2023-07-10,0.009553751879730718,1.0,1.0
2023-07-11,0.011155840808026722,1.0,1.0
2023-07-12,0.011687389588702966,1.0,1.0
2023-07-13,0.014370104493316743,1.0,1.0
2023-07-14,0.010928714889888958,1.0,1.0
2023-07-17,0.009387333440701846,1.0,1.0
2023-07-18,0.01131601038599151,1.0,1.0
2023-07-19,0.0087085841001424,1.0,1.0
2023-07-20,0.016199216859638772,1.0,1.0
2023-07-21,0.010602500950277956,1.0,1.0
2023-07-24,0.008585351321594476,1.0,1.0
2023-07-25,0.007745223751409545,1.0,1.0
2023-07-26,0.007451542956717921,1.0,1.0
2023-07-27,0.013744466816377709,1.0,1.0
2023-07-28,0.02183607430664517,1.0,1.0
2023-07-31,0.012450414421666235,1.0,1.0
2023-08-01,0.010847991875409975,1.0,1.0
2023-08-02,0.07369734814249831,1.0,1.0
2023-08-03,0.034024503379615156,1.0,1.0
2023-08-04,0.02272313595918714,1.0,1.0
2023-08-07,0.017770419116842035,1.0,1.0
2023-08-08,0.014715447369473453,1.0,1.0
2023-08-09,0.019638039838150767,1.0,1.0
2023-08-10,0.011667803603500114,1.0,1.0
2023-08-11,0.009164417375449282,1.0,1.0
2023-08-14,0.008868109942950866,1.0,1.0
2023-08-15,0.032595817915726216,1.0,1.0
2023-08-16,0.038049319899460074,1.0,1.0
2023-08-17,0.04346347530249912,1.0,1.0
2023-08-18,0.02079743675935173,1.0,1.0
2023-08-21,0.015434747737320054,1.0,1.0
2023-08-22,0.01242557624815526,1.0,1.0
2023-08-23,0.020250343240339887,1.0,1.0
2023-08-24,0.0907560288716363,1.0,1.0
2023-08-25,0.04845619023479692,1.0,1.0
2023-08-28,0.027800458108010358,1.0,1.0
2023-08-29,0.07166341145361665,1.0,1.0
2023-08-30,0.03341844459056328,1.0,1.0
2023-08-31,0.01760546371054045,1.0,1.0
2023-09-01,0.011371587622404254,1.0,1.0
2023-09-05,0.013227191158878606,1.0,1.0
2023-09-06,0.01769365248651416,1.0,1.0
2023-09-07,0.014322647101276209,1.0,1.0
2023-09-08,0.010033937719180718,1.0,1.0
2023-09-11,0.010819524265010259,1.0,1.0
2023-09-12,0.013735013957983858,1.0,1.0
2023-09-13,0.009909424206136018,1.0,1.0
2023-09-14,0.012878787639215551,1.0,1.0
2023-09-15,0.04390965390101035,1.0,1.0
2023-09-18,0.02134181518255422,1.0,1.0
2023-09-19,0.01431659683620407,1.0,1.0
2023-09-20,0.027241364282775935,1.0,1.0
2023-09-21,0.2054788360508378,1.0,1.0
2023-09-22,0.09812026175918416,1.0,1.0
2023-09-25,0.044033010788203535,1.0,1.0
2023-09-26,0.161565221483259,1.0,1.0
2023-09-27,0.0679408621073836,1.0,1.0
2023-09-28,0.03746274598190838,1.0,1.0
2023-09-29,0.02114289148696149,1.0,1.0
2023-10-02,0.013296900008150524,1.0,1.0
2023-10-03,0.08758328085283698,1.0,1.0
2023-10-04,0.0526212219231336,1.0,1.0
2023-10-05,0.025735778708159213,1.0,1.0
2023-10-06,0.03800148402071579,1.0,1.0
2023-10-09,0.022294776619349754,1.0,1.0
2023-10-10,0.015577240490389974,1.0,1.0
2023-10-11,0.010845449278736725,1.0,1.0
2023-10-12,0.01880169703319281,1.0,1.0
2023-10-13,0.018176084510540227,1.0,1.0
2023-10-16,0.026772194577863683,1.0,1.0
2023-10-17,0.014543545431571405,1.0,1.0
2023-10-18,0.0845726261145001,1.0,1.0
2023-10-19,0.0896501341685554,1.0,1.0
2023-10-20,0.19911387846754044,1.0,1.0
2023-10-23,0.0937929897609278,1.0,1.0
2023-10-24,0.0543000669589285,1.0,1.0
2023-10-25,0.23886896470555558,1.0,1.0
2023-10-26,0.319297483200446,1.0,1.0
2023-10-27,0.19588599309967578,1.0,1.0
2023-10-30,0.18280403497291614,1.0,1.0
2023-10-31,0.09417325339610032,1.0,1.0
2023-11-01,0.06781263293914111,1.0,1.0
2023-11-02,0.3462363039098914,1.0,1.0
2023-11-03,0.2997348876661281,1.0,1.0
2023-11-06,0.13524838424019414,1.0,1.0
2023-11-07,0.05903927584926543,1.0,1.0
2023-11-08,0.02707403449885569,1.0,1.0
2023-11-09,0.035472498356486123,1.0,1.0
2023-11-10,0.08242981789674612,1.0,1.0
2023-11-13,0.0364547035489367,1.0,1.0
2023-11-14,0.41491021156190666,1.0,1.0
2023-11-15,0.2002200406507303,1.0,1.0
2023-11-16,0.08911049250102364,1.0,1.0
2023-11-17,0.03853396407426702,1.0,1.0
2023-11-20,0.02554741934831008,1.0,1.0
2023-11-21,0.016757656102382147,1.0,1.0
2023-11-22,0.012038069202923314,1.0,1.0
2023-11-24,0.009219927951061847,1.0,1.0
2023-11-27,0.009189430538534575,1.0,1.0
2023-11-28,0.008248143311634915,1.0,1.0
2023-11-29,0.007967068885001701,1.0,1.0
2023-11-30,0.008095198175367992,1.0,1.0
2023-12-01,0.011621932476462609,1.0,1.0
2023-12-04,0.012006476479686393,1.0,1.0
2023-12-05,0.010175305396132137,1.0,1.0
2023-12-06,0.010904289838321153,1.0,1.0
2023-12-07,0.013102232748063014,1.0,1.0
2023-12-08,0.010418610476185456,1.0,1.0
2023-12-11,0.009038416193170732,1.0,1.0
2023-12-12,0.008460562976538848,1.0,1.0
2023-12-13,0.04307865388513694,1.0,1.0
2023-12-14,0.0230270954069974,1.0,1.0
2023-12-15,0.013583670687138597,1.0,1.0
2023-12-18,0.010496694650146295,1.0,1.0
2023-12-19,0.011683641231150045,1.0,1.0
2023-12-20,0.09680969851170393,1.0,1.0
2023-12-21,0.0871219407769048,1.0,1.0
2023-12-22,0.03744882433942681,1.0,1.0
2023-12-26,0.02044507276653174,1.0,1.0
2023-12-27,0.012241048170058106,1.0,1.0
2023-12-28,0.00944948323121398,1.0,1.0
2023-12-29,0.010878092574186041,1.0,1.0
2024-01-02,0.015936736145778063,1.0,1.0
2024-01-03,0.03221482191584452,1.0,1.0
2024-01-04,0.019793438024656048,1.0,1.0
2024-01-05,0.012001067800860236,1.0,1.0
2024-01-08,0.04425687878965359,1.0,1.0
2024-01-09,0.023124239739704802,1.0,1.0
2024-01-10,0.014930002300456163,1.0,1.0
2024-01-11,0.010919421502038803,1.0,1.0
2024-01-12,0.008969997144715617,1.0,1.0
2024-01-16,0.011089802202543918,1.0,1.0
2024-01-17,0.013884917209189496,1.0,1.0
2024-01-18,0.015786464747797612,1.0,1.0
2024-01-19,0.027522336655582447,1.0,1.0
2024-01-22,0.015602038654282927,1.0,1.0
2024-01-23,0.01056280699127729,1.0,1.0
2024-01-24,0.008840748491074975,1.0,1.0
2024-01-25,0.008867752602269005,1.0,1.0
2024-01-26,0.008247924862432001,1.0,1.0
2024-01-29,0.012278445686862493,1.0,1.0
2024-01-30,0.009821303348453237,1.0,1.0
2024-01-31,0.15154060855508172,1.0,1.0
2024-02-01,0.16012918431965206,1.0,1.0
2024-02-02,0.12059729402764235,1.0,1.0
2024-02-05,0.06504290998398865,1.0,1.0
2024-02-06,0.02923864153682497,1.0,1.0
2024-02-07,0.02185145582929294,1.0,1.0
2024-02-08,0.012808163319608731,1.0,1.0
2024-02-09,0.01196699367096471,1.0,1.0
2024-02-12,0.009256947931774685,1.0,1.0
2024-02-13,0.1010534877729366,1.0,1.0
2024-02-14,0.09782000012885032,1.0,1.0
2024-02-15,0.04879364064549832,1.0,1.0
2024-02-16,0.03232425856419204,1.0,1.0
2024-02-20,0.030576450769052847,1.0,1.0
2024-02-21,0.016218422086942005,1.0,1.0
2024-02-22,0.18320234898394872,1.0,1.0
2024-02-23,0.07723305483596635,1.0,1.0
2024-02-26,0.037614884963863116,1.0,1.0
2024-02-27,0.018710241498563675,1.0,1.0
2024-02-28,0.01327082752457456,1.0,1.0
2024-02-29,0.011143256640187374,1.0,1.0
2024-03-01,0.01254221960140762,1.0,1.0
2024-03-04,0.01030064602424727,1.0,1.0
2024-03-05,0.02898449542329197,1.0,1.0
2024-03-06,0.017512993907059977,1.0,1.0
2024-03-07,0.02173834399661925,1.0,1.0
2024-03-08,0.021484882848942517,1.0,1.0
2024-03-11,0.013876920186014451,1.0,1.0
2024-03-12,0.019864767720451926,1.0,1.0
2024-03-13,0.01285194611032863,1.0,1.0
2024-03-14,0.012392378060295067,1.0,1.0
2024-03-15,0.014426939597568257,1.0,1.0
2024-03-18,0.011608098845124658,1.0,1.0
2024-03-19,0.010546935591241213,1.0,1.0
2024-03-20,0.01703325099529737,1.0,1.0
2024-03-21,0.011881842985199616,1.0,1.0
2024-03-22,0.010336460837492017,1.0,1.0
2024-03-25,0.009983768092597456,1.0,1.0
2024-03-26,0.009777039526612968,1.0,1.0
2024-03-27,0.013638113924524855,1.0,1.0
2024-03-28,0.009885673132061812,1.0,1.0
2024-04-01,0.009737958958033269,1.0,1.0
2024-04-02,0.019045856637545152,1.0,1.0
2024-04-03,0.011808222744797287,1.0,1.0
2024-04-04,0.04198685390469756,1.0,1.0
2024-04-05,0.040754545947924575,1.0,1.0
2024-04-08,0.01983672936541503,1.0,1.0
2024-04-09,0.012074067373293529,1.0,1.0
2024-04-10,0.02711310096707918,1.0,1.0
2024-04-11,0.01977243867957883,1.0,1.0
2024-04-12,0.1123177070167807,1.0,1.0
2024-04-15,0.214115970441697,1.0,1.0
2024-04-16,0.09982828382982933,1.0,1.0
2024-04-17,0.0675617255311804,1.0,1.0
2024-04-18,0.033696606296700266,1.0,1.0
2024-04-19,0.035977843104004884,1.0,1.0
2024-04-22,0.02806794351796789,1.0,1.0
2024-04-23,0.04373231002509614,1.0,1.0
2024-04-24,0.021027844045508455,1.0,1.0
2024-04-25,0.016902944103199504,1.0,1.0
2024-04-26,0.0216440410341386,1.0,1.0
2024-04-29,0.013143279412749237,1.0,1.0
2024-04-30,0.13295868145601591,1.0,1.0
2024-05-01,0.06277605721378686,1.0,1.0
2024-05-02,0.05201243777999471,1.0,1.0
2024-05-03,0.05813133580146964,1.0,1.0
2024-05-06,0.05412600910373951,1.0,1.0
2024-05-07,0.024640807934477697,1.0,1.0
2024-05-08,0.014360357409543138,1.0,1.0
2024-05-09,0.011505170952682098,1.0,1.0
2024-05-10,0.009144502901834863,1.0,1.0
2024-05-13,0.008510385199964512,1.0,1.0
2024-05-14,0.009429989470331718,1.0,1.0
2024-05-15,0.020011775556312505,1.0,1.0
2024-05-16,0.013706045646635981,1.0,1.0
2024-05-17,0.00990961675368353,1.0,1.0
2024-05-20,0.008571798858873636,1.0,1.0
2024-05-21,0.008108033073431423,1.0,1.0
2024-05-22,0.009646056355255431,1.0,1.0
2024-05-23,0.01866889262855172,1.0,1.0
2024-05-24,0.01542734851689849,1.0,1.0
2024-05-28,0.010774909599942012,1.0,1.0
2024-05-29,0.017513806093753474,1.0,1.0
2024-05-30,0.01621683573650023,1.0,1.0
2024-05-31,0.013885041787475969,1.0,1.0
2024-06-03,0.01002438009487197,1.0,1.0
2024-06-04,0.008880434880724685,1.0,1.0
2024-06-05,0.022509887988631086,1.0,1.0
2024-06-06,0.013429412291465237,1.0,1.0
2024-06-07,0.010943409065207622,1.0,1.0
2024-06-10,0.009079549841861172,1.0,1.0
2024-06-11,0.008313170363825168,1.0,1.0
2024-06-12,0.013863622995622044,1.0,1.0
2024-06-13,0.010016790119346213,1.0,1.0
2024-06-14,0.00924493692917018,1.0,1.0
2024-06-17,0.011868842402938834,1.0,1.0
2024-06-18,0.009295973466391499,1.0,1.0
2024-06-20,0.009769248648727117,1.0,1.0
2024-06-21,0.009025220348331314,1.0,1.0
2024-06-24,0.009395341885368507,1.0,1.0
2024-06-25,0.008619111447378664,1.0,1.0
2024-06-26,0.008124611811028998,1.0,1.0
2024-06-27,0.007946387611827707,1.0,1.0
2024-06-28,0.009577456376717084,1.0,1.0
2024-07-01,0.008524253379781355,1.0,1.0
2024-07-02,0.009504605443487062,1.0,1.0
2024-07-03,0.009335597102013857,1.0,1.0
2024-07-05,0.009270046243407024,1.0,1.0
2024-07-08,0.008353912418913301,1.0,1.0
2024-07-09,0.008143347774561301,1.0,1.0
2024-07-10,0.014341579473862763,1.0,1.0
2024-07-11,0.015846989446123484,1.0,1.0
2024-07-12,0.012619573258010929,1.0,1.0
2024-07-15,0.010030597135262885,1.0,1.0
2024-07-16,0.012820828916610813,1.0,1.0
2024-07-17,0.08248363174487794,1.0,1.0
2024-07-18,0.08948123757481152,1.0,1.0
2024-07-19,0.06437777163996132,1.0,1.0
2024-07-22,0.0588332925985054,1.0,1.0
2024-07-23,0.02714742322373092,1.0,1.0
2024-07-24,0.7728071501575905,0.0,1.0
2024-07-25,0.5458480533251365,0.0,1.0
2024-07-26,0.47142754251159535,0.0,1.0
2024-07-29,0.2368485327357108,1.0,1.0
2024-07-30,0.1346528204751923,1.0,1.0
2024-07-31,0.23286717110432692,1.0,1.0
2024-08-01,0.5893941396627407,0.0,1.0
2024-08-02,0.9710495997937793,0.0,0.0
2024-08-05,0.9999504139902031,0.0,0.0
2024-08-06,0.9315048962370986,0.0,0.0
2024-08-07,0.8625543054310794,0.0,0.0
2024-08-08,0.9919080863573987,0.0,0.0
2024-08-09,0.8690529531993405,0.0,0.0
2024-08-12,0.6464355592568665,0.0,0.0
2024-08-13,0.8229231692635312,0.0,0.0
2024-08-14,0.5769915014308176,0.0,0.0
2024-08-15,0.8151491868651075,0.0,0.0
2024-08-16,0.6022148806548655,0.0,0.0
2024-08-19,0.4824313653934854,0.0,0.0
2024-08-20,0.27365414194907944,1.0,0.0
2024-08-21,0.13163110729512786,1.0,1.0
2024-08-22,0.1405745164072369,1.0,1.0
2024-08-23,0.16478727446702385,1.0,1.0
2024-08-26,0.08170844277166092,1.0,1.0
2024-08-27,0.03474915249141001,1.0,1.0
2024-08-28,0.029353933190941414,1.0,1.0
2024-08-29,0.015228123675214785,1.0,1.0
2024-08-30,0.018800703075255765,1.0,1.0
2024-09-03,0.6345581752522982,0.0,1.0
2024-09-04,0.3875738638235547,1.0,1.0
2024-09-05,0.20692217336978433,1.0,1.0
2024-09-06,0.7278808410505668,0.0,1.0
2024-09-09,0.6504030523492146,0.0,1.0
2024-09-10,0.3910546428452607,1.0,1.0
2024-09-11,0.3128455911282219,1.0,1.0
2024-09-12,0.19103188191578016,1.0,1.0
2024-09-13,0.10243781146663966,1.0,1.0
2024-09-16,0.04259187502522509,1.0,1.0
2024-09-17,0.020001447184002798,1.0,1.0
2024-09-18,0.013460869882203366,1.0,1.0
2024-09-19,0.09060199306249987,1.0,1.0
2024-09-20,0.04326164522460536,1.0,1.0
2024-09-23,0.02029116127654946,1.0,1.0
2024-09-24,0.012061981925467528,1.0,1.0
2024-09-25,0.010580814196375033,1.0,1.0
2024-09-26,0.009199750425928552,1.0,1.0
2024-09-27,0.008409943269577842,1.0,1.0
2024-09-30,0.0081223593254866,1.0,1.0
2024-10-01,0.021981596097883707,1.0,1.0
2024-10-02,0.012745216647177468,1.0,1.0
2024-10-03,0.010424287676742416,1.0,1.0
2024-10-04,0.016926520068157563,1.0,1.0
2024-10-07,0.030644961363065857,1.0,1.0
2024-10-08,0.024836426874889597,1.0,1.0
2024-10-09,0.017676311904230246,1.0,1.0
2024-10-10,0.012145576896825822,1.0,1.0
2024-10-11,0.012591630675696573,1.0,1.0
2024-10-14,0.012171795846679656,1.0,1.0
2024-10-15,0.01707665383071907,1.0,1.0
2024-10-16,0.01228957523441024,1.0,1.0
2024-10-17,0.009404230119738625,1.0,1.0
2024-10-18,0.008484790344436602,1.0,1.0
2024-10-21,0.0091207746080183,1.0,1.0
2024-10-22,0.008449684953506837,1.0,1.0
2024-10-23,0.022303805672641577,1.0,1.0
2024-10-24,0.012926077303547617,1.0,1.0
2024-10-25,0.009734565481521061,1.0,1.0
2024-10-28,0.008675676687381216,1.0,1.0
2024-10-29,0.007867683535067395,1.0,1.0
2024-10-30,0.009074597671482209,1.0,1.0
2024-10-31,0.1754354269651178,1.0,1.0
2024-11-01,0.079551476354144,1.0,1.0
2024-11-04,0.03870887350180799,1.0,1.0
2024-11-05,0.05825578905902882,1.0,1.0
2024-11-06,0.9566833940163605,0.0,0.0
2024-11-07,0.83203494678252,0.0,0.0
2024-11-08,0.6051730310816843,0.0,0.0
2024-11-11,0.34231919647695985,1.0,0.0
2024-11-12,0.18682228568877185,1.0,1.0
2024-11-13,0.08178982896901345,1.0,1.0
2024-11-14,0.06263978128144414,1.0,1.0
2024-11-15,0.17277571052235083,1.0,1.0
2024-11-18,0.07602509051496723,1.0,1.0
2024-11-19,0.03600779874858669,1.0,1.0
2024-11-20,0.01770059629244904,1.0,1.0
2024-11-21,0.0138706567323661,1.0,1.0
2024-11-22,0.011083770447875325,1.0,1.0
2024-11-25,0.009297109222724807,1.0,1.0
2024-11-26,0.008672678455226486,1.0,1.0
2024-11-27,0.00998547447788165,1.0,1.0
2024-11-29,0.009594332451249405,1.0,1.0
2024-12-02,0.008251173559822692,1.0,1.0
2024-12-03,0.007778661142644589,1.0,1.0
2024-12-04,0.00996006831222825,1.0,1.0
2024-12-05,0.009651797672759439,1.0,1.0
2024-12-06,0.008542463625650901,1.0,1.0
2024-12-09,0.014928601323812839,1.0,1.0
2024-12-10,0.012427041750285377,1.0,1.0
2024-12-11,0.014635488182290369,1.0,1.0
2024-12-12,0.016274104178354162,1.0,1.0
2024-12-13,0.010845578525796849,1.0,1.0
2024-12-16,0.009450517075036987,1.0,1.0
2024-12-17,0.011408946143057187,1.0,1.0
2024-12-18,0.9920288312283951,0.0,0.0
2024-12-19,0.8757020266925525,0.0,0.0
2024-12-20,0.8010906749488053,0.0,0.0
2024-12-23,0.5929402369048736,0.0,0.0
2024-12-24,0.5251417828379733,0.0,0.0
2024-12-26,0.2740263276847921,1.0,0.0
2024-12-27,0.3729585772071111,1.0,0.0
2024-12-30,0.43431677905775107,0.0,0.0
2024-12-31,0.2643248213724241,1.0,0.0
2025-01-02,0.12148381279747983,1.0,1.0
2025-01-03,0.15810251701357864,1.0,1.0
2025-01-06,0.07505042380005163,1.0,1.0
2025-01-07,0.1303051158170696,1.0,1.0
2025-01-08,0.05376759552418517,1.0,1.0
2025-01-10,0.2275192205418459,1.0,1.0
2025-01-13,0.09604065995427588,1.0,1.0
2025-01-14,0.0401093656003636,1.0,1.0
2025-01-15,0.23361177369280278,1.0,1.0
2025-01-16,0.10740153237816284,1.0,1.0
2025-01-17,0.07789577373689625,1.0,1.0
2025-01-21,0.05840460052157258,1.0,1.0
2025-01-22,0.029614024220861873,1.0,1.0
2025-01-23,0.016911622641412494,1.0,1.0
2025-01-24,0.012390693809003251,1.0,1.0
2025-01-27,0.08505627412431548,1.0,1.0
2025-01-28,0.059852292834045494,1.0,1.0
2025-01-29,0.034142993629543074,1.0,1.0
2025-01-30,0.02002020396359,1.0,1.0
2025-01-31,0.017345296068825747,1.0,1.0
2025-02-03,0.023882967073262942,1.0,1.0
2025-02-04,0.018703540014067516,1.0,1.0
2025-02-05,0.012044298012831516,1.0,1.0
2025-02-06,0.00923405148054741,1.0,1.0
2025-02-07,0.023517295503978356,1.0,1.0
2025-02-10,0.016598716048002893,1.0,1.0
2025-02-11,0.01136256418853519,1.0,1.0
2025-02-12,0.010450969980180686,1.0,1.0
2025-02-13,0.018948449052767862,1.0,1.0
2025-02-14,0.011604546643339373,1.0,1.0
2025-02-18,0.008992299364833579,1.0,1.0
2025-02-19,0.007926993150010116,1.0,1.0
2025-02-20,0.012150264269390637,1.0,1.0
2025-02-21,0.24010654867588957,1.0,1.0
2025-02-24,0.14792893930029963,1.0,1.0
2025-02-25,0.09137219074365331,1.0,1.0
2025-02-26,0.03862973978609595,1.0,1.0
2025-02-27,0.22344225239025517,1.0,1.0
2025-02-28,0.3863597165455135,1.0,1.0
2025-03-03,0.8898627824481183,0.0,0.0
2025-03-04,0.9173641928074067,0.0,0.0
2025-03-05,0.8617910948370573,0.0,0.0
2025-03-06,0.9842626726926529,0.0,0.0
2025-03-07,0.8593602211183581,0.0,0.0
2025-03-10,0.9997714065770072,0.0,0.0
2025-03-11,0.9246092878924703,0.0,0.0
2025-03-12,0.7539068107120313,0.0,0.0
2025-03-13,0.8999445771747717,0.0,0.0
2025-03-14,0.9886092976424518,0.0,0.0
2025-03-17,0.8888869429169634,0.0,0.0
2025-03-18,0.8889622932801633,0.0,0.0
2025-03-19,0.8422682921204072,0.0,0.0
2025-03-20,0.6276763468457788,0.0,0.0
2025-03-21,0.35510613892448,1.0,0.0
2025-03-24,0.749253582350026,0.0,0.0
2025-03-25,0.4786951315772638,0.0,0.0
2025-03-26,0.6001440775064103,0.0,0.0
2025-03-27,0.3913323942347603,0.0,0.0
2025-03-28,0.9343438105626346,0.0,0.0
2025-03-31,0.7589949788747737,0.0,0.0
2025-04-01,0.5048290344045364,0.0,0.0
2025-04-02,0.3360766934684408,1.0,0.0
2025-04-03,0.9999999997094717,0.0,0.0
2025-04-04,0.9999999999999967,0.0,0.0
2025-04-07,0.8932382077942539,0.0,0.0
2025-04-08,0.9715314424292786,0.0,0.0
2025-04-09,1.0,0.0,0.0
2025-04-10,0.9999987026359451,0.0,0.0
2025-04-11,0.9860621172200488,0.0,0.0
2025-04-14,0.8918211114231374,0.0,0.0
2025-04-15,0.6892643877970839,0.0,0.0
2025-04-16,0.9878023144106269,0.0,0.0
2025-04-17,0.8558051378396901,0.0,0.0
2025-04-21,0.9974791729109068,0.0,0.0
2025-04-22,0.9990620710636376,0.0,0.0
2025-04-23,0.9853941688906641,0.0,0.0
2025-04-24,0.9942946287604172,0.0,0.0
2025-04-25,0.8918428749957662,0.0,0.0
2025-04-28,0.6757107675598379,0.0,0.0
2025-04-29,0.4406449337425276,0.0,0.0
2025-04-30,0.21391259928419687,1.0,0.0
2025-05-01,0.10499010525315211,1.0,1.0
2025-05-02,0.204120634959666,1.0,1.0
2025-05-05,0.13805970273097032,1.0,1.0
2025-05-06,0.11466910511872021,1.0,1.0
2025-05-07,0.05008051431711476,1.0,1.0
2025-05-08,0.030645345358749968,1.0,1.0
2025-05-09,0.01629325358319884,1.0,1.0
2025-05-12,0.9869624766758983,0.0,0.0
2025-05-13,0.8932887595359275,0.0,0.0
2025-05-14,0.6780807515825056,0.0,0.0
2025-05-15,0.40764673601643925,0.0,0.0
2025-05-16,0.2443865322665162,1.0,0.0
2025-05-19,0.10508654368811184,1.0,1.0
2025-05-20,0.05365978384566714,1.0,1.0
2025-05-21,0.3250974312971272,1.0,1.0
2025-05-22,0.14680861900046085,1.0,1.0
2025-05-23,0.10082848066864614,1.0,1.0
2025-05-27,0.515265357383533,0.0,1.0
2025-05-28,0.36837142364168396,1.0,1.0
2025-05-29,0.17296744187881244,1.0,1.0
2025-05-30,0.07289554864093971,1.0,1.0
2025-06-02,0.03269867665620465,1.0,1.0
2025-06-03,0.020552517340278503,1.0,1.0
2025-06-04,0.012263431227946856,1.0,1.0
2025-06-05,0.012950774724977892,1.0,1.0
2025-06-06,0.0194356859656782,1.0,1.0
2025-06-09,0.011623720849464824,1.0,1.0
2025-06-10,0.009917277664003462,1.0,1.0
2025-06-11,0.009873116900002164,1.0,1.0
2025-06-12,0.008446986670406323,1.0,1.0
2025-06-13,0.031175222152995678,1.0,1.0
2025-06-16,0.02820813417701715,1.0,1.0
2025-06-17,0.03489881646602249,1.0,1.0
2025-06-18,0.01729566703172751,1.0,1.0
2025-06-20,0.012094892797264528,1.0,1.0
2025-06-23,0.015362517790219393,1.0,1.0
2025-06-24,0.024953676784917646,1.0,1.0
2025-06-25,0.014070462410299297,1.0,1.0
2025-06-26,0.015498270329527015,1.0,1.0
2025-06-27,0.011172470747439718,1.0,1.0
2025-06-30,0.00968219476035485,1.0,1.0
2025-07-01,0.008590929295625273,1.0,1.0
2025-07-02,0.0090901838044808,1.0,1.0
2025-07-03,0.012735907527384125,1.0,1.0
2025-07-07,0.020679000162214807,1.0,1.0
2025-07-08,0.012544150719445032,1.0,1.0
2025-07-09,0.01129034822841252,1.0,1.0
2025-07-10,0.008849292828723286,1.0,1.0
2025-07-11,0.01047198411865617,1.0,1.0
2025-07-14,0.008506357448450193,1.0,1.0
2025-07-15,0.011210896647454891,1.0,1.0
2025-07-16,0.009173774795880094,1.0,1.0
2025-07-17,0.009536065461399087,1.0,1.0
2025-07-18,0.008312718771622157,1.0,1.0
2025-07-21,0.0077641465329562785,1.0,1.0
2025-07-22,0.0075442204734380534,1.0,1.0
2025-07-23,0.010454918994819795,1.0,1.0
2025-07-24,0.008663949283582249,1.0,1.0
2025-07-25,0.008310313065403523,1.0,1.0
2025-07-28,0.007775403750053374,1.0,1.0
2025-07-29,0.009357238686507926,1.0,1.0
2025-07-30,0.008506845297711202,1.0,1.0
2025-07-31,0.009434870457294058,1.0,1.0
2025-08-01,0.142027204301514,1.0,1.0
2025-08-04,0.24561507017391976,1.0,1.0
2025-08-05,0.1318654528589289,1.0,1.0
2025-08-06,0.07060247115589602,1.0,1.0
2025-08-07,0.03225758150192089,1.0,1.0
2025-08-08,0.020911347270183983,1.0,1.0
2025-08-11,0.013682499899335666,1.0,1.0
2025-08-12,0.027143325909528924,1.0,1.0
2025-08-13,0.015146715291243966,1.0,1.0
2025-08-14,0.010555178063489018,1.0,1.0
2025-08-15,0.009843288156231858,1.0,1.0
2025-08-18,0.008328629594550474,1.0,1.0
2025-08-19,0.013952892814028237,1.0,1.0
2025-08-20,0.012367132141080879,1.0,1.0
2025-08-21,0.012065432782253301,1.0,1.0
2025-08-22,0.07299460301226898,1.0,1.0
2025-08-25,0.04257819639939696,1.0,1.0
2025-08-26,0.02160048589765412,1.0,1.0
2025-08-27,0.012887357963676625,1.0,1.0
2025-08-28,0.010173719921771664,1.0,1.0
2025-08-29,0.01563915785051846,1.0,1.0
2025-09-02,0.017226261192127907,1.0,1.0
2025-09-03,0.012186179210513178,1.0,1.0
2025-09-04,0.01508564919315383,1.0,1.0
2025-09-05,0.011743644626312642,1.0,1.0
2025-09-08,0.009520107598250744,1.0,1.0
2025-09-09,0.008681901574426255,1.0,1.0
2025-09-10,0.008721269514302216,1.0,1.0
2025-09-11,0.013235470719842709,1.0,1.0
2025-09-12,0.010678101047480772,1.0,1.0
2025-09-15,0.01017517792204115,1.0,1.0
2025-09-16,0.00926247618829603,1.0,1.0
2025-09-17,0.008974437906538808,1.0,1.0
2025-09-18,0.0102376479637092,1.0,1.0
2025-09-19,0.0093458186175734,1.0,1.0
2025-09-22,0.009236646034796011,1.0,1.0
2025-09-23,0.013743691814183556,1.0,1.0
2025-09-24,0.012232202462817754,1.0,1.0
2025-09-25,0.014808840646241911,1.0,1.0
2025-09-26,0.012535107787159756,1.0,1.0
2025-09-29,0.009773229981007232,1.0,1.0
2025-09-30,0.008904787570872976,1.0,1.0
2025-10-01,0.008706720418747265,1.0,1.0
2025-10-02,0.008376170406649838,1.0,1.0
2025-10-03,0.008335306843052701,1.0,1.0
2025-10-06,0.008704343762853064,1.0,1.0
2025-10-07,0.011951324058718193,1.0,1.0
2025-10-08,0.011955496175764128,1.0,1.0
2025-10-09,0.011060593583960058,1.0,1.0
2025-10-10,0.9336681887290319,0.0,0.0
2025-10-13,0.9511363832342695,0.0,0.0
2025-10-14,0.7740107550402101,0.0,0.0
2025-10-15,0.5156227260742493,0.0,0.0
2025-10-16,0.3990713370038402,0.0,0.0
2025-10-17,0.19018189000763996,1.0,0.0
2025-10-20,0.15756986199237194,1.0,1.0
2025-10-21,0.06502124506315933,1.0,1.0
2025-10-22,0.048268683771952585,1.0,1.0
2025-10-23,0.027823094504865642,1.0,1.0
2025-10-24,0.02140701571903722,1.0,1.0
2025-10-27,0.031807650599999265,1.0,1.0
2025-10-28,0.01633419863119963,1.0,1.0
2025-10-29,0.011454675100739916,1.0,1.0
2025-10-30,0.03386341470419825,1.0,1.0
2025-10-31,0.01805406540662126,1.0,1.0
2025-11-03,0.011555468274061332,1.0,1.0
2025-11-04,0.04813876516609361,1.0,1.0
2025-11-05,0.023602967031885053,1.0,1.0
2025-11-06,0.061106170881763226,1.0,1.0
2025-11-07,0.026717461723449246,1.0,1.0
2025-11-10,0.06964098296357436,1.0,1.0
2025-11-11,0.029868143623156623,1.0,1.0
2025-11-12,0.015784750923806653,1.0,1.0
2025-11-13,0.21047872110271465,1.0,1.0
2025-11-14,0.08883964159902796,1.0,1.0
2025-11-17,0.11022317382595423,1.0,1.0
2025-11-18,0.0862031223380804,1.0,1.0
2025-11-19,0.037197816677942086,1.0,1.0
2025-11-20,0.19004650062200937,1.0,1.0
2025-11-21,0.1431764289576533,1.0,1.0
2025-11-24,0.2854752601951274,1.0,1.0
2025-11-25,0.2181319344956748,1.0,1.0
2025-11-26,0.11384257878193323,1.0,1.0
2025-11-28,0.053072937497638986,1.0,1.0
2025-12-01,0.034556885123498665,1.0,1.0
2025-12-02,0.017347310898253792,1.0,1.0
2025-12-03,0.012230972968109977,1.0,1.0
2025-12-04,0.009563557244256525,1.0,1.0
2025-12-05,0.008670823336629866,1.0,1.0
2025-12-08,0.01040136378458711,1.0,1.0
2025-12-09,0.009273817306973239,1.0,1.0
2025-12-10,0.01100780547178647,1.0,1.0
2025-12-11,0.00920162688066648,1.0,1.0
2025-12-12,0.03179274109528831,1.0,1.0
2025-12-15,0.01862699820757008,1.0,1.0
2025-12-16,0.013343577723219285,1.0,1.0
2025-12-17,0.04099191931369504,1.0,1.0
2025-12-18,0.02826990581300675,1.0,1.0
2025-12-19,0.024657415303045813,1.0,1.0
2025-12-22,0.017920531603542622,1.0,1.0
2025-12-23,0.011840356124176466,1.0,1.0
2025-12-24,0.009621241544921808,1.0,1.0
2025-12-26,0.008968297874392074,1.0,1.0
2025-12-29,0.010911512117277323,1.0,1.0
2025-12-30,0.010040830341712804,1.0,1.0
2025-12-31,0.017476098750022474,1.0,1.0
2026-01-02,0.011479151896947,1.0,1.0
2026-01-05,0.0128215756817101,1.0,1.0
2026-01-06,0.012012913555741868,1.0,1.0
2026-01-07,0.011249537145157161,1.0,1.0
2026-01-08,0.009319899418297289,1.0,1.0
2026-01-09,0.010927206181679002,1.0,1.0
2026-01-12,0.009134582011881855,1.0,1.0
2026-01-13,0.009431780892381593,1.0,1.0
2026-01-14,0.012302371400833881,1.0,1.0
2026-01-15,0.00971269264595911,1.0,1.0
2026-01-16,0.009211870441250101,1.0,1.0
2026-01-20,0.3461662129054622,1.0,1.0
2026-01-21,0.3190054995347898,1.0,1.0
2026-01-22,0.1618623657430339,1.0,1.0
2026-01-23,0.06953331605049924,1.0,1.0
2026-01-26,0.03155534188484592,1.0,1.0
2026-01-27,0.016797720288382684,1.0,1.0
2026-01-28,0.011666267147823333,1.0,1.0
2026-01-29,0.01071784146031221,1.0,1.0
2026-01-30,0.013522991097476884,1.0,1.0
2026-02-02,0.011489737543642457,1.0,1.0
2026-02-03,0.01872597559390707,1.0,1.0
2026-02-04,0.01779218477955501,1.0,1.0
2026-02-05,0.06887878185657918,1.0,1.0
2026-02-06,0.44863444144835474,0.0,1.0
2026-02-09,0.2347136686197815,1.0,1.0
2026-02-10,0.11766821147998005,1.0,1.0
2026-02-11,0.05060729476184613,1.0,1.0
2026-02-12,0.27470241728772826,1.0,1.0
2026-02-13,0.11616168226507884,1.0,1.0
2026-02-17,0.04798962122618056,1.0,1.0
2026-02-18,0.02635858839159309,1.0,1.0
2026-02-19,0.016259065433651854,1.0,1.0
2026-02-20,0.011215754234059457,1.0,1.0
2026-02-23,0.035352179495653134,1.0,1.0
2026-02-24,0.025167577825400578,1.0,1.0
2026-02-25,0.019252032538783024,1.0,1.0
2026-02-26,0.015332146569962006,1.0,1.0
2026-02-27,0.014227361742164817,1.0,1.0
2026-03-02,0.009639544405117079,1.0,1.0
2026-03-03,0.022353474366139332,1.0,1.0
2026-03-04,0.018458515599361874,1.0,1.0
2026-03-05,0.01836817705546383,1.0,1.0
2026-03-06,0.06731980044895536,1.0,1.0
2026-03-09,0.04248127451068177,1.0,1.0
2026-03-10,0.022023322617441554,1.0,1.0
2026-03-11,0.012757811212725852,1.0,1.0
2026-03-12,0.10477841430338543,1.0,1.0
2026-03-13,0.06525660973833028,1.0,1.0
2026-03-16,0.049834964712826,1.0,1.0
2026-03-17,0.022609079425326275,1.0,1.0
2026-03-18,0.08311683270135284,1.0,1.0
2026-03-19,0.03896798979427881,1.0,1.0
2026-03-20,0.17419515902850458,1.0,1.0
2026-03-23,0.17932752875451774,1.0,1.0
2026-03-24,0.09000473418363182,1.0,1.0
2026-03-25,0.045312895908134025,1.0,1.0
2026-03-26,0.2770629466303517,1.0,1.0
2026-03-27,0.7156094795178242,0.0,1.0
2026-03-30,0.5048750182109031,0.0,1.0
2026-03-31,0.9967686752062862,0.0,0.0
2026-04-01,0.9002427925650084,0.0,0.0
2026-04-02,0.6863280060215134,0.0,0.0
2026-04-06,0.424785315188993,0.0,0.0
2026-04-07,0.2007985535773404,1.0,0.0
2026-04-08,0.8988511550877413,0.0,0.0
2026-04-09,0.7119680426862844,0.0,0.0
2026-04-10,0.4530192827592862,0.0,0.0
2026-04-13,0.37570266367430233,1.0,0.0
2026-04-14,0.34494808288265866,1.0,0.0
2026-04-15,0.21223170602245134,1.0,0.0
2026-04-16,0.08859689211575368,1.0,1.0
2026-04-17,0.1013678841038703,1.0,1.0
2026-04-20,0.04409975536461799,1.0,1.0
2026-04-21,0.03270069836838586,1.0,1.0
2026-04-22,0.027933921770785915,1.0,1.0
2026-04-23,0.021097601666071008,1.0,1.0
2026-04-24,0.015725268469111615,1.0,1.0
2026-04-27,0.010164286778033379,1.0,1.0
2026-04-28,0.01238465636118954,1.0,1.0
2026-04-29,0.009526042301639077,1.0,1.0
2026-04-30,0.01837209885079565,1.0,1.0
2026-05-01,0.011373870289754442,1.0,1.0
2026-05-04,0.010935093146720637,1.0,1.0
2026-05-05,0.012776084080172145,1.0,1.0
2026-05-06,0.0337692090719147,1.0,1.0
2026-05-07,0.020749949703106285,1.0,1.0
2026-05-08,0.01652113827726224,1.0,1.0
2026-05-11,0.010453546878535386,1.0,1.0
2026-05-12,0.009236752931737282,1.0,1.0
2026-05-13,0.00952123625061199,1.0,1.0
2026-05-14,0.011154882380820921,1.0,1.0
2026-05-15,0.048129873868428964,1.0,1.0
2026-05-18,0.022541181349704842,1.0,1.0
2026-05-19,0.022416389271685908,1.0,1.0
2026-05-20,0.030362186968878706,1.0,1.0
2026-05-21,0.01526144567345171,1.0,1.0
2026-05-22,0.010826126590828935,1.0,1.0
2026-05-26,0.010602268207984817,1.0,1.0
2026-05-27,0.008477309068877588,1.0,1.0
2026-05-28,0.009766392355323839,1.0,1.0
2026-05-29,0.008129509555879976,1.0,1.0
2026-06-01,0.007651152632582361,1.0,1.0
2026-06-02,0.0073905402714221245,1.0,1.0
2026-06-03,0.016183978307455438,1.0,1.0
2026-06-04,0.011555509883937082,1.0,1.0
2026-06-05,0.9027901070480779,0.0,0.0
2026-06-08,0.699753703254931,0.0,0.0
2026-06-09,0.45495835794435363,0.0,0.0
2026-06-10,0.7803629255470261,0.0,0.0
2026-06-11,0.918073889433283,0.0,0.0
2026-06-12,0.732986628221274,0.0,0.0
2026-06-15,0.8371351146941908,0.0,0.0
2026-06-16,0.6958213393791393,0.0,0.0
2026-06-17,0.7629216754741589,0.0,0.0
2026-06-18,0.6832297625654655,0.0,0.0
2026-06-22,0.47275415145025224,0.0,0.0
2026-06-23,0.6305815994227709,0.0,0.0
2026-06-24,0.36097345052213364,1.0,0.0
2026-06-25,0.16974578415344804,1.0,1.0
2026-06-26,0.0690059630190729,1.0,1.0
2026-06-29,0.07286142897426098,1.0,1.0
2026-06-30,0.04097552116812227,1.0,1.0
2026-07-01,0.020585828805407224,1.0,1.0
2026-07-02,0.01212878958768546,1.0,1.0
2026-07-06,0.012395860333312662,1.0,1.0
2026-07-07,0.012659682628933553,1.0,1.0
2026-07-08,0.011295648221582452,1.0,1.0
2026-07-09,0.01326974861245954,1.0,1.0
2026-07-10,0.00948490969518887,1.0,1.0
2026-07-13,0.01592302601894597,1.0,1.0
2026-07-14,0.01072530989355148,1.0,1.0
2026-07-15,0.009044986088211766,1.0,1.0
2026-07-16,0.011166862182686945,1.0,1.0
2026-07-17,0.026100205664840465,1.0,1.0
2026-07-20,0.015927574814627494,1.0,1.0
2026-07-21,0.016093876510267238,1.0,1.0
2026-07-22,0.01113906981632494,1.0,1.0
2026-07-23,0.054097167436353524,1.0,1.0
2026-07-24,0.02412246717401023,1.0,1.0
2026-07-27,0.013077401590220793,1.0,1.0
2026-07-28,0.009394769605101298,1.0,1.0
2026-07-29,0.07325590246957095,1.0,1.0
2026-07-30,0.15957792688161324,1.0,1.0
2026-07-31,0.08188449819909009,1.0,1.0
2026-08-03,0.16042347190489495,1.0,1.0
2026-08-04,0.4195275325918173,0.0,1.0
2026-08-05,0.21497678441734352,1.0,1.0
2026-08-06,0.09543856132369842,1.0,1.0
2026-08-07,0.05270831851599914,1.0,1.0
2026-08-10,0.023727920403197357,1.0,1.0
2026-08-11,0.015184636971774447,1.0,1.0
2026-08-12,0.010089574142551318,1.0,1.0
2026-08-13,0.009722314877246615,1.0,1.0
2026-08-14,0.008907864461544608,1.0,1.0
2026-08-17,0.011474077159704563,1.0,1.0
2026-08-18,0.014590719261787772,1.0,1.0
2026-08-19,0.009974440842095313,1.0,1.0
2026-08-20,0.023085728188396305,1.0,1.0
2026-08-21,0.016451340863044648,1.0,1.0
2026-08-24,0.013240332997139748,1.0,1.0
2026-08-25,0.010365593029488729,1.0,1.0
2026-08-26,0.009414196448999488,1.0,1.0
2026-08-27,0.011559152036774519,1.0,1.0
2026-08-28,0.011425635299234396,1.0,1.0
2026-08-31,0.011285950635881272,1.0,1.0
